   1,  9600,23062020,08032021 235300,   5,  6960.6, 69.927,222.235,0.002715,  0.1, 71.484,2.63e-02, 13.3, 0.1, 10
   2,  9601,11112020,08032021 235841,   4,  6976.1, 97.586,248.142,0.002215,  0.0, 99.016,1.51e-02, 16.0, 0.1,  7
   3, 10600,14022016,09032021 000404,  19,  7472.3,122.682,297.467,0.010616,359.9,234.671,3.90e+00, 15.4,16.2, - 
   4, 10601,23102020,08032021 225432,  18,  7460.9, 89.798,136.471,0.002811,  0.1,148.262,3.00e-01, 15.6, 0.3, 13
   5, 11000,08112019,08032021 224440, 166,  7621.2, 99.820,  9.552,0.008371,359.9, 13.000,3.87e+00, 15.1, -  , - 
   6, 11200,23072018,08032021 234126,   2,  7735.4, 56.568, 79.988,0.012353,360.0,315.765,1.09e-02, 17.5, 0.1,  8
   7, 11401,03082020,08032021 230909, 112,  7635.2, 51.147,202.294,0.114568,  0.1,  5.658,1.00e-02, 16.5,72.7, - 
   8, 11800,18052020,08032021 232956,   1,  7301.3, 51.641,183.885,0.075018,  0.1,  6.394,1.83e+00, 16.1, 1.1,159
   9, 11801,10052020,09032021 002055,   2,  7795.9, 51.392,247.850,0.107849,  0.1,332.193,3.53e-02, 14.4, 0.1,  9
  10, 11900,11052020,08032021 234252,   1,  8042.5, 51.427,292.095,0.158066,359.9,300.828,6.43e-02, 14.2, 0.1,  3
  11, 11901,13052020,08032021 232913,   1,  7993.9, 51.424,275.655,0.158369,360.0,314.841,4.67e-02, 13.3, 0.1,  4
  12, 11902,10052020,08032021 235911,   1,  8005.3, 51.361,276.788,0.152960,360.0,316.578,3.29e-02, 15.5, 0.1,  1
  13, 11904,10082020,08032021 233123, 178,  8051.2, 51.150,303.161,0.140864,359.9,297.457,1.00e-02, 18.6, 6.4,356
  14, 12001,22072020,09032021 005557, 188,  8110.1, 51.175,334.727,0.089637,359.9,279.685,1.77e+01, 15.5, -  , - 
  15, 12002,03082020,09032021 000439,   1,  7674.2, 51.172,251.560,0.134481,  0.0,341.995,8.34e-02, 17.0, 0.9,  7
  16, 12003,10082020,08032021 230908, 210,  8103.2, 51.106,326.235,0.133060,359.9,322.089,1.01e+00, 18.9, -  , - 
  17, 12101,30012020,08032021 234617, 403,  8036.4, 28.412,179.231,0.178086,  0.2,326.842,5.68e-03, 16.0, -  , 21
  18, 12102,17052020,09032021 003419,   1,  7534.7, 51.420,215.962,0.098290,  0.1,  5.161,1.33e+00, 18.1, 0.8,130
  19, 12103,15052020,08032021 234258,   1,  8108.7, 51.521,313.626,0.160633,359.9,280.244,4.76e-02, 15.5, 0.1,  3
  20, 12200,29062020,09032021 001842,   1,  8159.6, 51.448,333.608,0.162381,359.9,267.085,2.47e-01, 20.7, 0.1, 10
  21, 12201,22072020,09032021 002102,   2,  7760.7, 51.375,293.754,0.119099,359.9,299.093,1.41e+00, 17.0, 0.9,152
  22, 12301,18052020,08032021 224323,   1,  8064.2, 51.472,332.471,0.143637,359.9,271.642,8.77e-01, 14.8, 0.3,137
  23, 12302,20052020,08032021 234257,   7,  6934.9, 51.163,285.147,0.021890,360.0, 45.201,7.72e+00, 14.3, -  , - 
  24, 12306,27072020,09032021 000004,  13,  7731.7, 51.215,310.283,0.088712,359.9,285.302,9.43e-01, 17.6,49.2, - 
  25, 12307,03082020,08032021 232014, 193,  8159.6, 50.851,337.772,0.155595,359.9,261.192,1.01e-02, 17.5, 5.4,  5
  26, 12308,03082020,08032021 222549,   1,  8076.4, 51.338,332.058,0.164414,359.9,272.568,2.71e-01, 18.8, 0.4, 19
  27, 12309,10082020,09032021 001959,  48,  8179.3, 51.072,355.382,0.132405,359.9,269.384,1.02e-02, 15.8, 0.1,  1
  28, 12400,09072019,08032021 233120,   1,  8178.2, 50.372,342.406,0.092246,359.9,337.378,2.02e+01, 14.6, 4.3, - 
  29, 12402,11052020,08032021 225700,   1,  8269.3, 51.501, 13.133,0.158257,359.9,231.222,7.71e-01, 19.1, 0.3,113
  30, 12403,27072020,08032021 234840,   1,  8226.1, 51.477,348.344,0.181828,359.9,256.212,4.45e-02, 17.1, 0.1,  1
  31, 12404,03082020,08032021 234442,   1,  8177.5, 51.600,357.119,0.152693,359.9,239.240,2.87e+00, 16.5, 0.5,194
  32, 12500,26122008,08032021 235258, 680,  8298.0, 63.448, 10.657,0.092193,359.9,304.947,1.07e-02, 16.2,10.0, - 
  33, 12501,25092018,09032021 001521,   2,  7915.8,  6.472, 75.563,0.152005,359.7,195.106,9.27e-02, 17.0, 0.9, 11
  34, 12502,11052020,09032021 003056,   1,  8308.9, 51.469,  9.753,0.187665,359.9,240.585,3.86e-02, 17.9, 0.1,  2
  35, 12508,10052020,08032021 231200,   1,  8125.1, 51.479,337.101,0.154545,359.9,262.009,1.11e+00, 17.0, 0.2, 88
  36, 12512,10082020,08032021 232308,   1,  8307.0, 51.235, 19.862,0.159414,359.9,257.343,1.00e-02, 16.8, 0.1,  1
  37, 12514,11052020,09032021 000152, 153,  8286.2, 50.887, 22.185,0.113824,359.9,238.694,1.00e-02, 16.6, 0.7,  3
  38, 12600,04032018,08032021 235816, 897,  8005.9, 28.416,167.978,0.175309,  0.2,346.204,5.83e-03, 15.8, 1.0, 52
  39, 12601,10052020,08032021 232952,   1,  7557.9, 51.020,156.548,0.081553,  0.1, 73.510,3.50e+00, 18.1, 1.6,665
  40, 12603,12052020,08032021 231625,   1,  7898.5, 50.931,247.800,0.113512,  0.1, 33.328,1.00e-02, 18.2, 0.1,  8
  41, 12607,10052020,08032021 233406,   1,  7386.7, 51.217,178.013,0.078883,  0.1, 41.722,2.46e+00, 18.3, 1.0,173
  42, 12610,17052020,08032021 234933,   1,  8161.1, 51.388,343.621,0.161065,359.9,266.185,7.80e-01, 18.1, 0.2, 29
  43, 12613,20052020,09032021 002106,   1,  7733.1, 51.128,321.140,0.104171,359.9,283.937,3.81e+00, 14.2, 0.3,140
  44, 12614,10052020,09032021 001019,   1,  7775.0, 51.075,293.266,0.122366,359.9,301.726,1.24e+00, 15.0, 0.9,126
  45, 12615,20052020,08032021 230446,   1,  8343.2, 51.481, 19.572,0.189723,359.9,232.573,3.60e-02, 16.9, 0.1,  1
  46, 12616,24052020,09032021 002209,   1,  8333.4, 51.501, 25.834,0.168810,359.9,223.068,4.87e-02, 19.6, 0.1,  2
  47, 12617,29062020,08032021 233956,   1,  8149.7, 51.613,  1.558,0.175048,359.9,240.544,2.64e-01, 19.1, 0.2, 12
  48, 12618,29062020,08032021 225801,   1,  8327.7, 51.483, 14.453,0.188861,359.9,236.304,2.96e-02, 18.1, 0.1,  1
  49, 12619,16072020,08032021 222603,   1,  8248.2, 51.193, 21.355,0.160088,359.9,236.405,1.82e+00, 15.5, 0.2, 49
  50, 12620,16072020,08032021 231950,   3,  8373.7, 51.504, 29.863,0.186775,359.9,222.753,4.36e-02, 15.5, 0.1,  3
  51, 12621,27072020,08032021 231206,   1,  8160.5, 51.442,  5.595,0.165963,359.9,240.307,8.69e-01, 16.6, 0.3, 23
  52, 12622,03082020,08032021 233713, 205,  8355.7, 51.633, 42.426,0.156325,359.9,232.714,3.74e-02, 17.5, 3.7, 14
  53, 12625,03082020,08032021 225450,   1,  8356.6, 51.490, 19.534,0.195154,359.9,233.240,1.16e-02, 18.3, 0.1,  1
  54, 12700,18022009,08032021 231016, 190,  8406.4, 63.297,356.536,0.067676,359.9,145.082,3.07e-02, 16.9,50.5, - 
  55, 12701,10052020,09032021 004722,   1,  8343.7, 51.645, 45.093,0.162945,359.9,206.604,8.60e-01, 17.7, 0.3,128
  56, 12702,10052020,08032021 230404,   1,  8254.5, 51.477, 19.115,0.173438,359.9,230.851,8.22e-01, 17.6, 0.1, 25
  57, 12703,10052020,08032021 223240,   1,  8153.3, 51.259,343.522,0.137973,359.9,263.456,1.00e-02, 18.1, 0.1,  1
  58, 12704,10052020,09032021 010157, 103,  7969.7, 51.784,324.554,0.157248,359.9,264.628,1.18e-03, 18.4, 6.2,  1
  59, 12705,11052020,08032021 230722,   1,  8323.6, 51.573, 26.359,0.173534,359.9,228.200,1.21e+00, 15.0, 0.4,138
  60, 12707,11052020,08032021 230203,   1,  8319.0, 51.323, 26.949,0.159231,359.9,224.799,1.12e+00, 15.3, 0.9,224
  61, 12708,11052020,09032021 002318,   1,  8053.0, 51.323,  6.570,0.152768,359.9,236.602,7.91e-01, 18.0, 0.4, 45
  62, 12709,11052020,09032021 001929,   1,  8278.7, 51.566, 23.081,0.176405,359.9,224.570,6.68e-01, 18.9, 0.3, 55
  63, 12710,11052020,09032021 011857,   1,  8367.5, 51.632, 38.904,0.168255,359.9,207.044,2.21e-01, 17.6, 0.1, 12
  64, 12711,11052020,08032021 223458,   1,  8113.4, 51.278,  3.421,0.157468,359.9,247.975,2.76e+00, 15.4, 0.5,159
  65, 12712,11052020,09032021 004256,   1,  8349.7, 51.532, 33.397,0.183513,359.9,217.578,5.10e-01, 16.0, 0.1, 22
  66, 12713,08052020,08032021 234130,   1,  8384.5, 51.524, 33.891,0.187072,359.9,218.898,7.54e-02, 19.6, 0.1,  2
  67, 12714,10052020,09032021 002540,   1,  8353.8, 51.540, 36.418,0.181171,359.9,222.556,1.17e+00, 17.5, 0.3,107
  68, 12715,08052020,08032021 234002,   1,  8319.4, 51.583, 35.803,0.176056,359.9,216.953,1.19e+00, 15.7, 0.3, 90
  69, 12716,10052020,08032021 224823,   2,  8426.4, 51.556, 43.885,0.191222,359.9,209.975,1.64e-02, 17.9, 0.1,  1
  70, 12719,11052020,09032021 002414,   1,  8337.0, 51.512, 19.704,0.182486,359.9,229.985,2.23e-02, 19.0, 0.1,  1
  71, 12720,11052020,08032021 232806,   1,  8135.2, 51.248,  8.815,0.158274,359.9,236.866,3.24e+00, 18.4, 0.9,319
  72, 12721,08052020,08032021 231421,   1,  8333.9, 51.603, 28.141,0.170111,359.9,218.687,3.04e-02, 17.4, 0.1, 45
  73, 12724,10052020,09032021 003621,   1,  7245.6, 51.373,302.187,0.071334,359.9,288.817,9.60e-01, 15.1, 2.3, 89
  74, 12725,23052020,09032021 003012,   1,  8321.5, 51.520, 29.364,0.179883,359.9,223.813,5.96e-01, 18.9, 0.1, 22
  75, 12726,10052020,09032021 001520, 224,  8349.8, 51.407, 42.878,0.143712,359.9,216.630,5.22e+00, 14.8,43.8, - 
  76, 12729,29062020,08032021 234743,   1,  8403.6, 51.522, 38.023,0.189170,359.9,216.048,4.21e-02, 20.3, 0.1,  2
  77, 12730,29062020,09032021 004047,   1,  8362.2, 51.653, 46.907,0.160492,359.9,204.636,3.27e+00, 15.5, 0.4,159
  78, 12731,16072020,09032021 003225, 234,  8405.8, 51.702, 49.344,0.176219,359.9,201.508,1.00e-02, 17.0, 5.6, 11
  79, 12732,16072020,08032021 233204,   1,  8369.1, 51.514, 33.275,0.185537,359.9,219.582,2.03e-01, 17.5, 0.1,  7
  80, 12733,16072020,09032021 000914,  14,  7145.3, 51.885,310.296,0.057758,359.9,261.675,1.14e+00, 16.0, -  , - 
  81, 12734,16072020,08032021 233202,   1,  8356.3, 51.531, 32.173,0.187163,359.9,219.790,2.62e-01, 18.1, 0.1, 16
  82, 12735,27072020,09032021 010109,   1,  8347.1, 51.487, 34.006,0.183700,359.9,220.144,4.62e-01, 18.0, 0.1, 17
  83, 12736,27072020,09032021 004136,   2,  8274.2, 51.493, 27.675,0.168757,359.9,233.675,2.68e+00, 16.1, 0.3,118
  84, 12737,27072020,08032021 235417,   2,  8389.2, 51.510, 37.755,0.186376,359.9,216.735,2.19e-01, 16.3, 0.1, 10
  85, 12739,03082020,09032021 003525,   2,  8377.8, 51.504, 38.644,0.182813,359.9,216.618,4.50e-01, 18.2, 0.1, 22
  86, 12801,23122016,08032021 235937, 883,  7469.8, 63.153, 24.839,0.111890,359.9, 38.970,8.24e-02, 16.1, 3.8, - 
  87, 12802,24092018,09032021 002924,   1,  8177.0, 51.573,334.745,0.170724,359.9,162.282,3.45e-01, 21.6, 0.4, 38
  88, 12803,18082018,08032021 235212, 757,  7946.7, 25.400, 12.565,0.168214,359.7,  1.241,1.14e-02, 16.1, 1.1,130
  89, 12804,11052020,09032021 002022,   1,  8295.0, 51.446, 34.201,0.174210,359.9,221.423,1.12e+00, 13.5, 0.1, 49
  90, 12805,11052020,09032021 004100,   1,  7705.9, 51.416,352.627,0.106245,359.9,252.579,3.79e+00, 14.5, 0.6,231
  91, 12806,11052020,08032021 232220,   1,  7997.0, 51.225, 18.799,0.144257,359.9,238.544,4.42e+00, 14.9, 1.2,421
  92, 12807,10052020,08032021 233754, 202,  8098.1, 51.132,310.626,0.145569,359.9,298.190,8.53e+00, 18.4, -  , - 
  93, 12809,12052020,08032021 225017,   1,  8380.0, 51.632, 43.929,0.178346,359.9,210.974,1.21e+00, 16.6, 0.3,106
  94, 12810,12052020,09032021 002408,   5,  8426.4, 51.237, 58.509,0.133706,359.9,201.158,4.53e+00, 17.7, 4.0, - 
  95, 12812,11052020,08032021 234837,   1,  8253.1, 51.441, 20.974,0.178839,359.9,233.861,7.16e-01, 19.7, 0.3, 51
  96, 12813,11052020,08032021 235613,   1,  7719.9, 51.275,328.103,0.095907,359.9,265.056,3.23e-03, 17.8, 0.1,  1
  97, 12814,10052020,08032021 223207, 191,  8262.3, 51.013, 11.193,0.130525,359.9,262.844,9.13e-03, 17.9, 0.9,168
  98, 12815,08052020,09032021 012148,   1,  8378.9, 50.886, 42.881,0.123114,359.9,211.243,1.00e-02, 19.1, 0.1,  1
  99, 12816,12052020,08032021 234917, 207,  8405.0, 51.635, 54.175,0.156544,359.9,200.658,1.00e-02, 18.2, 0.3, 21
 100, 12817,12052020,08032021 233807,   1,  8227.5, 51.594, 23.993,0.174232,359.9,223.490,1.26e+00, 19.3, 0.5, 81
 101, 12819,16052020,09032021 012331,   1,  8463.6, 51.553, 61.834,0.190216,359.9,195.158,3.91e-01, 19.6, 0.2, 52
 102, 12820,20052020,08032021 230043,   1,  8370.1, 51.663, 42.895,0.183751,359.9,206.541,7.59e-01, 18.6, 0.2, 50
 103, 12821,29062020,09032021 004303,   1,  8414.1, 51.528, 39.681,0.190454,359.9,214.557,5.37e-03, 17.5, 0.1,  1
 104, 12822,29062020,09032021 012315,   2,  8425.3, 51.573, 55.256,0.169810,359.9,196.248,2.36e-01, 16.0, 0.1, 39
 105, 12823,16072020,09032021 000038,   1,  8418.1, 51.522, 42.911,0.191312,359.9,212.063,9.55e-02, 17.0, 0.1,  3
 106, 12824,16072020,09032021 012144,   1,  8420.7, 51.533, 45.645,0.188887,359.9,209.081,1.72e-01, 20.7, 0.1,  6
 107, 12825,27072020,08032021 224039, 208,  8474.7, 51.814, 74.650,0.150252,360.0,177.586,1.68e-02, 15.2, -  ,175
 108, 12826,22072020,08032021 223836,   1,  8318.2, 51.519, 36.842,0.186668,359.9,222.570,5.66e-01, 15.6, 0.1, 37
 109, 12827,03082020,09032021 012415, 217,  8320.4, 51.374, 40.959,0.166476,359.9,224.461,3.01e+00, 16.5, -  , - 
 110, 12828,03082020,08032021 231500,   1,  8215.3, 51.631, 34.261,0.178267,359.9,221.045,1.92e-01, 16.3, 0.4, 44
 111, 12829,03082020,09032021 000952,   1,  8426.7, 51.498, 45.913,0.188501,359.9,210.397,9.76e-02, 18.6, 0.1,  5
 112, 12900,06032016,09032021 000207,1381,  8477.0, 63.335,248.057,0.104398,  0.0,294.102,1.80e-01, 14.7, -  , - 
 113, 12901,10052020,09032021 001757,   1,  8466.4, 51.512, 60.684,0.185619,359.9,197.093,3.03e-01, 14.6, 0.1, 41
 114, 12902,10052020,08032021 232524, 196,  7767.9, 51.374,275.065,0.092119,360.0,327.511,7.37e+00, 17.4, -  , - 
 115, 12903,11052020,09032021 003730, 119,  8157.6, 51.469,346.720,0.169975,359.9,272.314,1.92e+00, 16.1, -  , - 
 116, 12904,10052020,09032021 002801,   4,  8083.4, 51.019,358.457,0.122861,359.9,271.774,1.36e-02, 17.7, 0.4,  2
 117, 12905,11052020,08032021 224027,   1,  8381.8, 51.508, 37.052,0.186087,359.9,216.796,2.58e-01, 19.5, 0.1,  9
 118, 12907,16072020,08032021 233835,   1,  8373.4, 51.439, 53.039,0.175671,359.9,197.553,6.82e-01, 15.9, 0.3, 99
 119, 12910,03082020,08032021 224604,   1,  8267.9, 51.616, 49.611,0.164001,359.9,199.759,3.55e+00, 17.0, 1.1,424
 120, 13000,20032017,09032021 002534,   1,  8041.3, 61.797,167.970,0.168165,  0.1, 10.952,6.82e-02, 17.1, 0.4,  4
 121, 13001,11052020,08032021 233222,   1,  8440.0, 51.582, 49.303,0.191173,359.9,204.242,6.55e-02, 18.2, 0.1,  3
 122, 13003,29062020,09032021 001408,   1,  8509.1, 51.538, 64.250,0.204009,359.9,195.994,6.90e-02, 17.0, 0.1,  2
 123, 13004,29062020,08032021 233021,  35,  8513.6, 51.623, 87.835,0.113505,360.0,221.858,8.37e+00, 12.4,54.1, - 
 124, 13005,22072020,09032021 011524,   1,  8479.3, 51.475, 69.186,0.167590,359.9,200.921,3.85e+00, 17.0, 1.4,579
 125, 13100,03082020,08032021 234140,   3,  8575.5, 51.645,101.298,0.170478,  0.0,151.794,4.99e-02, 14.7, 0.1,  7
 126, 13200,29092018,09032021 001021,   1,  7424.7, 51.301,330.213,0.096263,359.9,322.834,3.92e-01, 17.0, 3.1, 51
 127, 13201,19052020,08032021 234229,   1,  8549.8, 51.622, 80.597,0.198130,360.0,177.435,2.26e-01, 17.0, 0.1, 17
 128, 13202,18052020,08032021 230013, 200,  8571.0, 51.524, 90.342,0.161785,  0.0,181.795,1.72e+00, 15.0, -  , - 
 129, 13203,07092020,08032021 233733,   1,  7894.2, 51.398, 64.450,0.129476,359.9,203.099,6.36e+00, 14.6, 1.3,420
 130, 13204,20052020,08032021 234210,   1,  8506.8, 51.613, 84.369,0.197225,360.0,177.423,1.04e+00, 17.1, 0.3, 54
 131, 13300,01102018,08032021 224542,   1,  8394.5, 61.986,200.246,0.198584,  0.1,229.737,7.12e-02, 18.6, 0.1,  3
 132, 13400,06122016,08032021 230801, 820,  7690.4, 64.498,330.077,0.128201,359.9,233.756,2.58e-01, 16.4,11.2, - 
 133, 13501,24092018,09032021 004212,   2,  8514.3, 34.090,193.702,0.222333,  0.2,186.358,5.01e-03, 18.6, 0.5,  3
 134, 13503,27072020,09032021 002227,   1,  8721.9, 51.650,137.301,0.181076,  0.1,120.253,8.02e-02, 15.6, 0.1,  2
 135, 13504,29062020,09032021 011846,   1,  8724.0, 51.819,138.929,0.191461,  0.1,117.570,4.78e-01, 14.5, 0.4,138
 136, 13600,11102008,09032021 003005, 412,  8795.2, 63.199,173.689,0.101273,  0.1,190.120,8.56e-02, 16.4,23.0, - 
 137, 13603,29062020,08032021 223836,   1,  8771.7, 51.257,158.077,0.167524,  0.1,125.258,4.04e+00, 15.3, 1.2,482
 138, 13700,14022015,08032021 232505, 613,  8337.9, 56.956,200.227,0.188500,  0.1, 37.937,2.00e-01, 17.0, -  , - 
 139, 13702,29062020,09032021 004157,   1,  8776.2, 51.592,148.772,0.215187,  0.1,123.361,1.53e+00, 17.7, 0.5,177
 140, 13703,06072020,08032021 232743, 245,  8817.3, 51.942,169.047,0.177526,  0.1, 86.203,9.91e-03, 16.0, 1.2,293
 141, 13801,01102018,09032021 002438,   3,  8814.1, 63.301,308.462,0.231420,359.9,315.479,1.26e-01, 18.0, 0.2, 19
 142, 13802,09072020,08032021 235019,   1,  8861.8, 51.516,177.500,0.168424,  0.1,103.738,1.31e+00, 17.4, 0.6,256
 143, 13803,16072020,09032021 004116,  43,  9068.6, 51.497,167.100,0.262108,  0.1,117.283,8.92e-01, 16.5, -  , - 
 144, 13900,29062020,09032021 000333,   1,  8887.2, 51.735,176.338,0.200452,  0.1, 89.287,2.47e-01, 17.6, 0.5,205
 145, 13901,27072020,08032021 233242, 181,  8896.8, 51.425,170.140,0.201518,  0.1,111.720,6.65e-02, 16.5, 3.1,121
 146, 14000,19022020,09032021 004609, 361,  7849.3, 54.256, 74.395,0.162407,360.0,244.025,1.63e-02, 22.0, 0.4, 53
 147, 14001,27072020,08032021 224131,   2,  8965.6, 51.498,179.055,0.219712,  0.1, 94.561,7.75e-02, 17.5, 0.1,  3
 148, 14002,03082020,09032021 005457,  42,  8868.6, 51.653,180.314,0.209179,  0.1, 80.700,9.23e-03, 17.0, 0.3,  3
 149, 14003,31082020,09032021 012107, 189,  8932.3, 51.175,202.561,0.151982,  0.1, 47.060,1.39e+01, 13.7, -  , - 
 150, 14100,20092016,09032021 002035, 356,  8880.5, 56.890,355.800,0.238179,359.9, 38.609,3.29e-01, 17.0, -  , - 
 151, 14102,18022018,08032021 235333, 932,  8876.2, 49.830,211.841,0.158268,  0.1,295.937,4.56e+00, 16.8, -  , - 
 152, 14202,16072020,08032021 234734,   1,  9016.1, 51.123,211.660,0.188979,  0.1, 74.091,4.40e+00, 15.4, 1.4,568
 153, 14203,27072020,08032021 234545,   2,  9033.8, 51.266,204.629,0.207447,  0.1, 75.531,2.15e+00, 17.7, 0.3,106
 154, 14204,03082020,09032021 010618, 118,  9041.8, 51.142,208.608,0.195851,  0.1, 73.138,1.00e-02, 18.9, 2.2,  3
 155, 14300,29062020,09032021 003135, 108,  9102.2, 51.002,227.630,0.172959,  0.1, 62.794,1.00e-02, 17.6, 0.9,190
 156, 14301,09072020,08032021 233334,   9,  8493.1, 50.976,182.991,0.153779,  0.1, 22.340,2.17e-02, 16.6, 0.1,  1
 157, 14302,16072020,09032021 004835,   1,  9011.1, 51.242,213.896,0.188605,  0.1, 71.853,9.88e-03, 17.0, 0.1,  1
 158, 14303,27072020,09032021 002303, 203,  9061.4, 51.591,215.639,0.194944,  0.1, 55.869,9.85e-03, 16.5, 0.8, 10
 159, 14304,03082020,08032021 235858,   1,  9077.4, 51.416,207.693,0.215765,  0.1, 67.443,1.02e-02, 16.0, 0.1,  2
 160, 14305,31082020,09032021 002347, 159,  9048.3, 52.430,224.787,0.178812,  0.1, 48.180,2.56e+01, 14.2, -  , - 
 161, 14306,04092020,08032021 235049, 185,  9101.3, 52.470,249.619,0.083002,  0.1,267.711,1.55e+01, 13.9, -  , - 
 162, 14402,27072020,08032021 232231,   2,  9128.1, 51.373,232.398,0.180948,  0.1, 46.908,1.00e-02, 16.0, 3.3, - 
 163, 14403,27072020,08032021 223549,   1,  8970.3, 51.038,242.687,0.223878,  0.1, 87.005,1.06e-02, 15.6, 0.1,  1
 164, 14404,03082020,08032021 234501,   1,  9056.4, 50.896,221.418,0.212850,  0.1, 80.710,1.71e-01, 13.4, 0.1, 33
 165, 14405,03082020,09032021 010512, 157,  9107.6, 51.212,221.988,0.197298,  0.1, 56.480,9.40e-03, 16.0, 0.6, 13
 166, 14500,16032015,09032021 010001,2056,  8662.0, 57.108,111.311,0.204333,  0.0,134.183,2.33e-01, 16.8,58.1, - 
 167, 14501,19092018,09032021 001011, 901,  9159.9, 64.937,337.716,0.232906,359.9,211.535,1.00e-02, 17.0,81.8, - 
 168, 14502,22062009,08032021 235437,   1,  8255.0, 39.063, 78.516,0.205938,360.0,152.090,3.84e-03, 18.1, 1.9,  3
 169, 14504,13012007,08032021 231944,   2,  8920.2, 38.724,235.392,0.262216,  0.1,195.451,4.31e-03, 18.6, 0.7,  1
 170, 14506,09072020,09032021 004103, 201,  9183.2, 51.148,217.158,0.241167,  0.1, 75.909,3.10e+00, 16.0, -  , - 
 171, 14507,16072020,09032021 010154,  36,  8876.4, 51.258,208.839,0.220165,  0.1, 97.608,2.11e+00, 17.0, 9.4, - 
 172, 14508,16072020,09032021 000303,  34,  9091.7, 51.243,240.095,0.245857,  0.1, 85.644,1.99e-02, 16.0, 0.4, 19
 173, 14509,27082020,08032021 232227, 179,  9008.0, 50.890,240.125,0.227236,  0.1, 87.681,2.56e+01, 14.2, -  , - 
 174, 14510,16092020,08032021 233530, 169,  8144.7, 51.009,226.481,0.162144,  0.1, 98.713,2.61e+01, 13.6,41.1, - 
 175, 14600,03112015,08032021 234305, 252,  9201.3, 65.007, 67.895,0.176253,360.0,227.780,1.28e+00, 15.6, -  , - 
 176, 14601,20052020,09032021 004303,   1,  9172.3, 51.323,242.906,0.223874,  0.1, 54.315,1.07e-02, 13.5, 0.1,  2
 177, 14602,29062020,09032021 013931, 113,  9236.6, 51.248,235.512,0.223453,  0.1, 51.720,2.77e+00, 17.0,56.2, - 
 178, 14603,29062020,09032021 001412,   1,  8713.1, 50.978,186.912,0.225523,  0.1, 88.057,1.09e+00, 16.0, 1.8,114
 179, 14604,29062020,09032021 005732, 237,  9113.2, 51.279,242.221,0.229746,  0.1, 51.994,9.00e+00, 15.5, -  , - 
 180, 14605,27072020,09032021 004259,   1,  9054.7, 51.271,230.150,0.195716,  0.1, 55.246,3.85e-01, 19.2, 0.2, 57
 181, 14607,23082020,09032021 001211, 186,  9025.4, 50.984,251.032,0.234850,  0.0, 82.332,2.65e+01, 14.1, -  , - 
 182, 14608,08072020,09032021 012939,  40,  9182.2, 50.982,243.509,0.226274,  0.1, 64.803,2.27e+01, 14.0,45.1, - 
 183, 14609,25082020,08032021 232614, 185,  8339.9, 51.070,232.514,0.188926,  0.1,102.133,1.73e+01, 14.1,42.2, - 
 184, 14610,01092020,09032021 001337, 161,  7701.1, 52.589,193.022,0.075281,  0.1, 99.031,3.70e+01, 14.3, -  , - 
 185, 14611,17092020,09032021 012540, 116,  9233.1, 51.447,246.714,0.204585,  0.1, 38.979,1.00e-02, 13.4, 0.1,  6
 186, 14700,24092018,09032021 005246,  78,  9203.9, 62.601,256.267,0.093941,  0.0,119.915,1.34e+01, 17.0,83.5, - 
 187, 14701,29062020,09032021 001621, 109,  9237.6, 51.547,249.696,0.202650,  0.1, 36.631,5.56e+00, 14.0,28.3, - 
 188, 14702,29062020,08032021 224626,   2,  9244.5, 51.953,260.839,0.208235,  0.0, 30.274,3.07e+00, 15.5, 3.0, - 
 189, 14703,16072020,08032021 224959, 189,  9218.9, 51.634,252.102,0.191372,  0.0, 13.531,3.55e-02, 12.9, 2.1,250
 190, 14705,27072020,09032021 001558,   1,  9242.3, 51.063,236.740,0.236970,  0.1, 51.637,1.69e+00, 18.0, 0.7,279
 191, 14706,03082020,09032021 005013,  42,  9032.6, 51.350,218.507,0.227450,  0.1, 58.334,9.51e-03, 17.0, 0.2,  8
 192, 14707,28082020,09032021 003829, 175,  9201.8, 50.130,257.825,0.222654,  0.0,119.949,3.98e+01, 13.4, -  , - 
 193, 14708,28082020,08032021 223619,   1,  9195.8, 50.830,257.168,0.214334,  0.0, 72.166,1.00e-02, 13.9, 0.1,  3
 194, 14709,17092020,09032021 001533, 135,  9295.2, 51.935,262.615,0.205101,  0.0, 21.494,1.38e-02, 14.2, 9.8, 30
 195, 14800,21122012,09032021 000908,   0,  9309.7, 28.384,145.232,0.238905,  0.2,102.144,7.36e-03, 10.1, 0.1,  1
 196, 14801,01072015,08032021 235834,   2,  9180.1, 56.907,354.766,0.250306,359.9,261.996,1.61e-01, 15.3, 0.1, 16
 197, 14802,03112013,09032021 003407,   4,  9292.1, 63.343,288.535,0.026608,360.0,303.724,6.49e-02, 11.6, 0.1, 15
 198, 14803,16072020,08032021 233535,   1,  9228.2, 51.688,250.201,0.221081,  0.1, 35.797,2.70e+00, 16.0, 1.4,544
 199, 14804,23082020,08032021 233133, 196,  9211.2, 51.239,266.989,0.204330,  0.0, 52.161,3.81e+01, 14.2, -  , - 
 200, 14805,01092020,09032021 005346, 140,  9251.0, 51.311,264.438,0.204112,  0.0, 39.939,8.81e+00, 14.4, -  , - 
 201, 14900,06082015,09032021 002016,   1,  9265.6, 57.003,181.506,0.258302,  0.1,141.142,1.83e-01, 19.4, 0.1, 10
 202, 14901,30122006,08032021 233427,   1,  9208.7, 56.884,255.178,0.258927,  0.0,126.017,2.04e-01, 19.1, 0.1, 17
 203, 14902,21012016,08032021 232217,  72,  9307.6, 19.695,316.672,0.219919,359.8, 54.753,2.70e+00, 15.3,28.2, - 
 204, 14905,15022014,08032021 230710,  18,  9312.5, 57.070, 73.371,0.279751,360.0, 48.167,1.24e-01, 17.0,67.1,182
 205, 15000,17092020,09032021 010141, 169,  9381.7, 51.519,277.825,0.198040,360.0,  4.233,6.00e+00, 14.5, -  , - 
 206, 15101,19062016,09032021 000040,   2,  8378.8, 62.854,225.992,0.205148,  0.1, 82.585,1.20e-01, 20.6, 3.1,  6
 207, 15102,25072016,08032021 230301,   1,  8905.4, 63.194, 85.022,0.257355,360.0, 65.636,2.10e-02, 20.0, 0.5,  1
 208, 15103,20112018,09032021 002404,   1,  9418.0, 56.987,203.941,0.273859,  0.1,335.068,1.94e-01, 20.2, 0.1, 23
 209, 15104,27032008,09032021 002437,   1,  9395.5, 57.001,124.396,0.270925,  0.1, 37.707,3.08e-01, 19.9, 0.1, 22
 210, 15105,24092019,08032021 230846,  11,  9477.9, 45.965, 60.485,0.007823,359.9, 43.587,2.11e+01, 14.0, 4.3, - 
 211, 15106,16072020,09032021 004837, 205,  9367.9, 52.367,275.255,0.225038,360.0,345.804,1.33e-02, 17.0, 0.7,  5
 212, 15200,27072020,08032021 231817,   1,  9458.8, 51.126,275.197,0.238861,360.0, 20.619,3.02e-01, 18.6, 0.1, 49
 213, 15201,27072020,09032021 014721,  97,  9460.6, 51.585,278.616,0.236279,360.0,  2.943,2.06e+00, 16.2,23.8, - 
 214, 15300,31052013,09032021 013538,   4,  9504.8, 28.123,270.483,0.212422,360.0,245.685,1.12e-02, 10.9, 0.1,  1
 215, 15301,12122015,09032021 000422,   1,  9438.9, 56.909,193.043,0.275023,  0.1, 10.895,1.90e-01, 16.8, 0.1,  6
 216, 15303,06032020,09032021 002127, 356,  8347.2, 51.516, 93.643,0.200550,  0.0,330.598,4.41e-01, 17.5,37.6, - 
 217, 15400,16092018,08032021 224959,   3,  9082.7, 51.390,126.507,0.262919,  0.1,135.630,1.13e-01, 17.0, 2.1, 10
 218, 15500,12122009,08032021 231904,   3,  8059.1,102.477,118.376,0.021829,  0.1,206.074,1.00e-02, 14.0, 0.1, 13
 219, 15501,01102018,08032021 235458,   2,  9448.1, 63.407,166.405,0.294370,  0.1,252.055,2.22e-02, 18.1, 0.3,  1
 220, 15502,12032020,09032021 001549,  53,  9503.9, 65.067, 63.869,0.267133,359.9, 99.989,3.47e+00, 17.0,23.4, - 
 221, 15503,16072020,09032021 002742, 195,  9583.6, 51.374,281.599,0.271694,360.0, 15.663,1.12e+00, 16.5,25.1, - 
 222, 15504,16072020,09032021 002916, 188,  9593.5, 51.258,276.652,0.285115,360.0, 22.054,6.26e-01, 16.6,89.4, - 
 223, 15505,27072020,08032021 230352, 200,  9568.2, 51.549,284.957,0.272616,360.0, 14.330,3.99e+00, 16.0, -  , - 
 224, 15600,30092018,09032021 000615,   1,  9381.9, 51.424,337.585,0.281797,359.9,213.521,1.19e-01, 17.0, 0.3,  6
 225, 15601,16072020,08032021 234332, 193,  9621.2, 52.405,303.894,0.260619,359.9,337.350,3.42e-03, 17.0, 7.1,  5
 226, 15602,16072020,09032021 012319, 193,  9603.1, 51.312,282.005,0.275801,360.0, 17.958,3.78e-01, 17.0,21.7, - 
 227, 15603,16072020,08032021 233001, 231,  9637.7, 52.294,298.477,0.272706,359.9,342.936,1.00e-02, 17.0,47.1, - 
 228, 15604,27072020,09032021 011049, 188,  9600.6, 51.119,277.719,0.281990,360.0, 25.238,4.51e-01, 16.5, 7.8, - 
 229, 15605,27072020,08032021 230934, 193,  9631.9, 51.137,281.536,0.282925,360.0, 25.590,1.86e-02, 17.0, 2.8,430
 230, 15606,03082020,09032021 003910, 190,  9614.8, 51.519,282.122,0.286049,360.0, 13.340,6.76e-03, 16.5, 4.0,  8
 231, 15700,24062008,08032021 230843, 243,  9672.7, 65.903,217.156,0.270566,  0.1,227.595,5.12e-01, 18.7,52.0, - 
 232, 15701,30092018,08032021 234417,  68,  9622.9, 54.404,270.654,0.190295,360.0,312.958,2.60e+00, 17.0,32.8, - 
 233, 15702,16072020,09032021 002317, 232,  9676.5, 51.864,295.400,0.285517,359.9,353.674,1.80e-01, 17.0,54.7,728
 234, 15703,03082020,09032021 004354, 190,  9651.2, 50.994,282.349,0.284658,360.0, 30.610,5.05e-03, 15.4, 1.6,  6
 235, 15800,04032018,09032021 005455, 482,  9335.4, 57.074, 74.632,0.280691,360.0, 45.234,2.24e-01, 16.5, 6.4, - 
 236, 15801,12022019,08032021 231503,   2,  9687.7, 56.828,217.617,0.283326,  0.1,217.103,2.30e-01, 20.9, 0.1, 10
 237, 15802,20122019,08032021 232200, 321,  9729.9, 57.012,175.465,0.297732,  0.1,  1.147,3.91e-01, 17.0, -  , - 
 238, 15803,03082020,08032021 233537, 200,  9690.3, 51.004,290.228,0.287297,359.9, 22.476,4.42e-01, 17.0,36.8, - 
 239, 15804,03082020,08032021 233756,  20,  9132.5, 49.807,256.790,0.259805,  0.0,110.155,7.93e-03, 17.5, 1.9,  3
 240, 16000,25082015,08032021 231553,   1,  9722.8, 57.035,175.556,0.297352,  0.1,  1.883,1.04e-01, 17.8, 0.1,  7
 241, 16002,28052020,08032021 231739,  52,  9797.7, 84.055,245.024,0.284229,  0.0, 51.638,1.27e+00, 17.0, 8.8, - 
 242, 16100,25102013,09032021 000828,   4,  9768.8, 56.947,169.515,0.313438,  0.1,  6.765,6.61e-03, 12.2, 0.1,  2
 243, 16101,07032004,09032021 003345, 394,  9760.1, 57.043,149.653,0.294827,  0.1, 34.235,2.18e-01, 19.5, -  , - 
 244, 16102,18062017,08032021 232347, 276,  8714.3, 83.632,342.520,0.235357,359.9, 95.539,1.15e+00, 17.0, 5.7, - 
 245, 16103,28092018,08032021 223647, 673,  9801.8, 65.073, 18.575,0.264251,359.9,241.370,4.96e+00, 18.8, -  , - 
 246, 16201,01102018,08032021 225804,   1,  9885.6, 85.104,151.030,0.252208,  0.1,328.622,1.24e+00, 17.6, 0.1, 26
 247, 16202,09022019,08032021 223300,   2,  9854.2, 56.898,266.698,0.302129,  0.0,339.142,1.93e-01, 20.3, 0.1, 18
 248, 16300,25112008,08032021 230818,  38,  9896.9, 57.145, 63.668,0.308270,359.9,263.598,1.18e-01, 17.0, 3.1,303
 249, 16301,27092018,09032021 004927,   1,  9897.8, 85.200,203.945,0.235674,  0.1, 14.177,1.59e+00, 18.2, 0.1, 38
 250, 16400,24112008,09032021 000409,   1,  9913.4, 57.034, 13.975,0.304219,359.9,314.688,2.02e-01, 19.6, 0.1,  5
 251, 16401,13072017,08032021 223146, 742,  9922.8, 56.946,208.516,0.309781,  0.1,238.322,7.27e-01, 17.3, -  , - 
 252, 16402,30092018,08032021 230349,  83,  9942.5, 86.224,344.758,0.190430,359.9,199.285,1.17e+00, 19.0, 6.5, - 
 253, 16403,22092018,08032021 235054, 758,  9973.4, 89.431, 11.069,0.184566,359.9,172.617,2.34e-01, 17.0, -  , - 
 254, 16404,23092018,08032021 231312,   1,  9924.3, 85.830,189.737,0.200654,  0.1,342.045,1.56e+00, 18.6, 0.1, 27
 255, 16405,30092018,08032021 225204, 725,  9934.9, 62.477,334.313,0.308688,359.9,307.218,5.58e-02, 17.0, -  ,757
 256, 16407,03082019,09032021 001921, 536,  9948.6, 65.344,257.274,0.310554,  0.0,292.117,5.74e-01, 17.0, -  , - 
 257, 16500,22092018,09032021 010120,   2,  9979.6, 63.277,247.264,0.307065,  0.1,319.293,1.22e-01, 18.7, 0.1, 20
 258, 16501,15032014,08032021 231203,   2, 10047.2, 56.804,290.774,0.310398,360.0,235.322,1.55e-01, 18.3, 0.1, 12
 259, 16600,15122017,09032021 005342, 580, 10016.3, 57.014,143.836,0.317121,  0.1, 79.288,2.55e-01, 16.3, -  , - 
 260, 16601,04012007,09032021 003030,   1,  9723.2, 38.973,101.469,0.324480,  0.0,108.232,3.63e-03, 19.0, 0.3,  1
 261, 16800,12122008,09032021 003249,   2, 10096.4, 57.114, 75.449,0.315264,360.0,136.276,1.49e-01, 19.9, 0.1, 12
 262, 16901,21102017,09032021 004503,   1, 10176.8, 56.987,192.698,0.322713,  0.1, 60.817,1.04e-01, 17.0, 0.1, 12
 263, 16902,12012009,09032021 015226,   2, 10135.9, 57.115,125.868,0.317209,  0.1, 77.249,1.95e-01, 20.2, 0.1, 18
 264, 16904,22092019,09032021 015347,  15, 10172.0, 64.681, 36.503,0.287825,359.9, 76.831,7.74e-03, 17.0, 0.1, 11
 265, 17001,07062020,09032021 003320,  17, 10179.4, 59.837,241.156,0.295972,  0.1,130.472,4.55e-01, 17.5, 2.5,879
 266, 17100,01022009,08032021 234245,   2, 10171.4, 57.026,170.351,0.321103,  0.1, 76.959,1.09e-01, 16.8, 0.1, 10
 267, 17102,26022019,08032021 224546, 677,  9799.8, 48.051, 67.159,0.270764,359.9,190.647,3.11e+00, 16.3, -  , - 
 268, 17200,30092018,08032021 220626,   2, 10242.6, 63.802,  9.351,0.324058,359.9,302.069,3.20e-02, 17.4, 0.1, 10
 269, 17300,01101995,08032021 220847,   4, 10262.6, 62.777,252.919,0.326096,  0.0,235.116,7.26e-02, 13.6, 0.1, 28
 270, 17700,23012017,08032021 233030,1032, 10124.3, 59.745,206.738,0.315572,  0.1,156.926,6.15e-01, 18.5, -  , - 
 271, 17701,30092018,08032021 233812,   3, 10417.0, 63.047,276.835,0.255064,360.0, 91.183,1.00e-02, 18.2, 0.2, 54
 272, 17800,29042019,09032021 003403, 631,  9290.0, 51.409,263.019,0.282378,  0.0,200.753,2.81e-01, 17.0,48.8, - 
 273, 17801,22112008,09032021 004011,   5, 10320.9, 34.775,104.034,0.361359,  0.0,257.149,3.65e-03, 19.1, 2.0,  1
 274, 17900,11012018,09032021 014815, 110, 10267.5, 64.998,156.384,0.329661,  0.1,291.185,1.89e+00, 17.5, -  , - 
 275, 17901,11032020,08032021 232339, 117,  9642.3, 65.009, 46.888,0.303829,359.9, 55.358,1.27e+00, 17.0,12.5, - 
 276, 18201,09122019,09032021 012839,  30, 10674.0, 61.833, 11.935,0.377030,359.9, 79.006,2.60e-02, 17.0,44.9,  5
 277, 18300,17072013,08032021 233410,   1, 10688.8, 56.982,331.347,0.353790,359.9, 36.259,5.53e-03, 12.1, 0.1,  1
 278, 18301,11102020,09032021 015035, 110, 10712.9, 62.250,352.373,0.325734,359.9, 40.541,1.75e+01, 15.0, -  , - 
 279, 18400,25092018,09032021 011510,  97, 10667.1, 47.254, 34.142,0.334152,359.9,315.329,1.87e+00, 18.6,94.7, - 
 280, 18600,04112017,09032021 010628,   2, 10794.8, 62.663,298.759,0.364142,359.9,143.522,1.40e-01, 16.8, 0.1, 10
 281, 18900,17052018,08032021 234011, 963,  8713.4, 51.666,141.648,0.234368,  0.1,281.858,3.33e-01, 15.6,66.4, - 
 282, 19100,24012018,08032021 220056, 218, 11074.1, 61.377,183.237,0.325150,  0.1,267.290,2.87e+00, 16.4, -  , - 
 283, 19101,15052020,09032021 002918, 249, 10666.5, 64.769, 68.471,0.369107,360.0,354.706,1.63e+00, 17.0,28.5, - 
 284, 19201,13022018,08032021 224554, 989, 10715.5, 64.595,153.294,0.362311,  0.1,334.009,3.40e+00, 17.0, -  , - 
 285, 19700,01102018,08032021 220402, 153, 10956.1, 51.776,208.176,0.383464,  0.1,297.728,1.43e-01, 17.0, -  ,337
 286, 19800,17082017,09032021 005834,   1, 10929.5, 61.797,259.059,0.382526,  0.0,190.034,8.70e-02, 18.2, 0.2,  4
 287, 19900,11052013,08032021 215720,   1,  9440.5, 57.374, 36.683,0.300668,359.9,279.671,1.09e-02, 10.6, 0.3,  1
 288, 20100,03112011,08032021 220212,   1, 11392.2, 63.676,345.439,0.386606,359.9,267.452,9.13e-03, 13.5, 0.1,  1
 289, 20101,19092007,09032021 000130,   2, 11161.4, 34.739,268.992,0.407185,  0.0,158.570,3.06e-03, 18.8, 0.4,  1
 290, 20201,13102007,08032021 231810,   2, 11363.6, 34.967,358.812,0.418502,359.8,206.046,2.97e-03, 19.1, 0.1,  2
 291, 20500,02072012,08032021 233906,   1,  8498.2, 51.468, 51.470,0.209191,359.9,267.903,1.41e-01, 17.0, 0.7,  7
 292, 20501,29092018,09032021 014539,   6, 11479.1, 62.830,140.164,0.400864,  0.1,158.138,1.05e-01, 17.0, 0.1, 27
 293, 20700,01102018,08032021 220808,  79, 11189.6, 62.633, 88.339,0.396033,360.0,169.850,1.17e-01, 18.0, -  ,206
 294, 20800,29092018,09032021 001706, 676, 11585.5, 61.361,355.127,0.407996,359.9,261.194,1.25e+00, 19.7, -  , - 
 295, 20801,10092020,09032021 002708, 139, 11404.5, 63.953,338.235,0.411185,359.9, 19.108,1.03e+00, 17.0, 1.5,500
 296, 21000,24092018,08032021 231322,   2, 11722.5, 63.603,293.886,0.384994,359.9,312.814,8.84e-02, 18.1, 0.1,  8
 297, 21300,22092018,09032021 003635,   2, 11841.1, 26.244,126.361,0.368656,  0.2,183.868,4.78e-02, 17.7, 0.1, 13
 298, 21400,08092017,08032021 214048,   0, 11865.0, 48.063,145.995,0.397458,  0.1,279.028,9.03e-01, 15.1, 0.1, 11
 299, 21401,30092018,09032021 021546,   2, 11848.3, 64.432,102.914,0.386670,  0.0, 47.609,1.00e-02, 19.7, 0.1,  8
 300, 21402,25062020,08032021 231745,  12, 11855.8, 62.286,298.642,0.430620,359.9,353.881,4.58e-02, 17.4, 1.0,  4
 301, 21500,19012020,08032021 230703, 351, 11830.2,  6.245,182.802,0.428064,  1.1, 91.130,8.31e-02, 16.8, -  , - 
 302, 21700,14012018,09032021 012825,  33, 11527.9, 65.216,165.103,0.425432,  0.1,342.371,2.19e-02, 20.5, -  ,  9
 303, 21900,24122016,08032021 235852,1435, 11515.0,  6.404, 97.535,0.410203,  0.1,261.649,1.44e-01, 16.7,26.5, - 
 304, 21901,08022021,08032021 233924,  22, 12082.5, 51.719,339.972,0.141715,359.9,351.347,3.36e+01, 16.4,19.6, - 
 305, 22000,25112018,08032021 224225, 834,  8381.6, 24.247,103.125,0.218901,  0.1,282.717,8.75e-03, 16.8, 1.2, 10
 306, 22100,15072012,08032021 225941,   1, 11855.4, 39.905,187.901,0.441229,  0.2,224.391,4.18e-03, 18.4, 0.1,  1
 307, 22600,30062012,08032021 231510,2817, 10096.2, 61.777,192.948,0.337251,  0.1,111.134,1.52e-01, 17.0,25.1, - 
 308, 22601,13082018,09032021 020020,  21, 11307.7, 62.669,104.161,0.412755,  0.0, 80.187,1.25e-01, 16.8,20.8,135
 309, 22700,31102009,09032021 000403,   2, 12283.8, 52.029,203.938,0.447464,  0.1, 66.929,3.36e-01, 17.0, 0.3, 35
 310, 22801,04082007,09032021 004312,  41, 12285.5, 34.344,293.225,0.459551,359.9,158.968,2.76e-03, 18.8, 9.3,  7
 311, 23200,10062016,08032021 234558,   2, 12448.8, 45.800,232.795,0.455870,  0.1,128.418,4.05e-02, 19.1, 0.1,  2
 312, 23400,04052015,09032021 000638,   1, 12464.9, 52.861,103.080,0.430724,  0.0,195.514,1.68e+00, 17.4, 0.5,156
 313, 23500,24102017,08032021 215056,   8, 11756.8, 24.760,276.708,0.425501,360.0, 34.303,7.27e-02, 15.6, 4.2, 21
 314, 23800,11122012,08032021 232434,   0, 12761.7, 63.517, 92.201,0.405261,  0.0,264.968,1.00e-02, 12.7, 0.1,  4
 315, 23801,16122017,08032021 233627,1145, 12743.4, 63.154, 79.292,0.409263,360.0,305.996,1.53e+00, 19.3, -  , - 
 316, 23900,02092006,09032021 023645,  49, 12445.7, 38.919,243.635,0.471122,  0.1,108.256,2.89e-03, 19.2, -  , 12
 317, 23901,19072009,09032021 022027,   2, 12206.2, 40.011,109.395,0.460325,  0.1, 34.123,3.29e-03, 17.1, 1.6,  2
 318, 24100,08092019,08032021 215626, 412, 12875.5, 64.770, 59.226,0.468796,359.9,111.079,5.81e-02, 16.5, -  ,169
 319, 24200,23092018,09032021 020333,   1, 12644.4, 20.255,310.442,0.472540,359.8,  7.494,1.52e-02, 18.3, 0.1,  1
 320, 24400,04042018,08032021 224622, 288, 11890.7, 66.062,  9.349,0.436783,359.9,358.263,1.97e+00, 16.8,34.2, - 
 321, 24600,21122014,09032021 022739,  48, 12876.5, 62.764,130.958,0.478946,  0.1, 66.930,1.81e-01, 17.2, -  ,144
 322, 24602,20022009,09032021 012908, 165, 13043.0, 51.667,104.529,0.478883,  0.0,347.986,1.55e-01, 17.0,53.5,726
 323, 25000,05012017,08032021 222016,1516, 13047.8, 65.232,216.915,0.458079,  0.1,204.566,2.48e+00, 15.6, -  , - 
 324, 25001,22022009,09032021 005809,   1, 13196.5, 51.785, 79.742,0.486725,360.0,356.433,4.07e-02, 17.0, 0.1,  2
 325, 25200,02012017,08032021 224401,   2, 13036.3, 61.711,195.919,0.469959,  0.1,190.045,5.17e-01, 19.5, 0.1, 22
 326, 25500,03012018,08032021 224018, 579, 10221.1, 24.423,260.194,0.356493,  0.0,250.141,2.56e-02, 16.7, 3.0,151
 327, 25601,28062017,09032021 014108, 932, 13419.9, 49.251,205.814,0.200060,  0.1,290.957,8.95e+00, 16.2, -  , - 
 328, 25700,10072017,09032021 002120,   1, 12792.1, 20.635,324.727,0.470661,359.7,316.281,9.63e-02, 16.2, 0.1,  4
 329, 25701,23122019,09032021 005759, 279, 13408.7, 62.901,255.633,0.479955,  0.0, 33.892,4.49e-01, 17.0, -  , - 
 330, 25800,07072016,09032021 003602,   1, 13426.4, 20.513, 63.284,0.489868,359.8,153.628,4.47e-02, 14.8, 0.1, 10
 331, 25900,06012007,08032021 212319,   6, 13494.0, 63.271,262.880,0.331341,  0.0,272.828,1.30e+00, 13.9, 0.2, 54
 332, 25901,02012013,08032021 224627,   1, 13456.8, 55.407,173.783,0.483548,  0.1,184.660,4.64e-03, 12.8, 0.1,  1
 333, 25902,29112010,09032021 020039,   1, 13481.7, 63.714,120.927,0.481427,  0.1,252.005,1.11e-01, 13.9, 0.1,  2
 334, 25903,05122016,09032021 000023,  21, 12629.6, 40.093, 28.827,0.478702,359.8, 87.603,3.95e-03, 19.0,47.0, 13
 335, 25904,28062017,09032021 005210, 929, 11958.3, 64.132,194.785,0.428283,  0.1,330.316,3.26e+00, 16.3, -  , - 
 336, 25905,10022010,08032021 224925,   4, 13468.7, 51.748,319.264,0.491565,359.9,156.537,1.36e-01, 17.0, 0.2, 25
 337, 26000,30092012,08032021 214730,   0, 13514.6, 63.430, 49.983,0.341959,359.9,266.058,5.53e-03, 13.1, 0.1,  1
 338, 26001,30092012,09032021 002029,   1, 13506.2, 63.236,283.135,0.335933,360.0,270.882,4.33e-03, 13.0, 0.1,  1
 339, 26002,17022008,09032021 013708,  18, 13501.0, 51.619,306.446,0.494688,359.9,190.767,6.66e-02, 17.0, 1.2, 95
 340, 26200,23122016,08032021 235639,  65, 13589.8, 64.742,231.987,0.499168,  0.1, 45.681,8.10e-02, 16.8, 7.7, 95
 341, 26601,01102018,08032021 232659,   1,  9973.6, 20.567,225.535,0.335480,  0.2,138.210,1.07e-01, 16.8, 3.4,  2
 342, 26700,29102014,08032021 233034,   1, 12292.7, 62.865, 45.942,0.460934,359.9,290.683,3.45e-02, 16.3, 1.0,  1
 343, 26800,31121993,08032021 234259,3911, 10808.7, 62.705,256.945,0.385737,  0.0,298.287,1.00e-02, 18.0, 3.2, 46
 344, 26900,15062015,09032021 000914,2067, 13799.8, 64.879,217.763,0.493390,  0.1,328.055,2.40e+00, 17.0, -  , - 
 345, 26901,28092018,08032021 213431,   1, 13810.5, 62.916,338.768,0.467667,359.9,280.516,1.10e-02, 18.1, 0.1,  1
 346, 26902,01082019,08032021 222727, 454, 13993.2, 63.948, 43.956,0.530242,359.9, 16.193,3.13e-01, 17.0,20.1, - 
 347, 27002,03012021,09032021 040425,  61, 13869.5, 26.842,234.543,0.505749,  0.1, 84.918,4.99e-01, 18.3,10.9, 44
 348, 27100,27042016,08032021 234443, 380, 13687.7,  6.744,119.451,0.502071,  0.5,232.349,7.60e-02, 17.4, -  ,352
 349, 27300,05012018,09032021 002019, 687, 13585.2, 66.328,148.034,0.486343,  0.1,279.476,2.26e+00, 14.6, -  , - 
 350, 27400,26052018,09032021 002637,  75, 13922.0, 62.174,116.151,0.525411,  0.1, 47.523,8.01e-03, 17.6, -  , 17
 351, 27500,17072013,09032021 003040,   2, 13617.3, 60.813, 25.843,0.513745,359.9,113.175,9.88e-03, 10.6, 0.3,  1
 352, 27600,24022008,08032021 204246, 372, 14061.6, 51.738,247.467,0.504641,  0.1,295.750,1.07e-01, 15.3,31.4, - 
 353, 27601,27022020,08032021 221215, 360, 13710.1, 24.418,  8.020,0.512453,359.7,280.466,3.78e-02, 17.3, 0.1, 22
 354, 27700,30092018,08032021 235024,   1, 13685.1, 64.829,229.003,0.499334,  0.1,148.360,1.33e+00, 18.2, 0.4, 44
 355, 28001,01102018,09032021 001407,   1, 14073.4, 20.845,315.906,0.522522,359.8,100.039,7.71e-02, 17.3, 0.5,  2
 356, 28100,08112012,08032021 222333,2498, 14220.6,100.586, 89.824,0.273759,360.0,272.489,2.05e+01, 15.5, -  , - 
 357, 28200,05042018,08032021 215952, 284, 14309.7, 64.707,226.740,0.497276,  0.1,350.256,4.85e+00, 17.6, -  , - 
 358, 28201,29092018,09032021 013949,   2, 14226.4, 18.358,356.327,0.526459,359.6,168.793,3.91e-02, 16.9, 0.5,  5
 359, 28300,22102011,09032021 002636,   1, 12866.7, 20.090,322.882,0.485136,359.7,131.870,7.83e-03, 10.5, 0.8,  1
 360, 28400,13122016,09032021 005628,   2, 12736.2, 23.575,  1.850,0.480533,359.7,351.588,8.37e-02, 17.1,11.4,  5
 361, 28402,22072019,08032021 225923, 595, 14295.1, 64.661,220.441,0.526138,  0.1,317.338,1.56e-02, 15.8, -  , 14
 362, 28700,14112018,08032021 234644,  50,  9509.3, 64.389,114.823,0.308920,  0.1,  0.958,1.76e-01, 16.0, 0.4,140
 363, 28800,13032018,09032021 020539, 532, 14397.9, 64.850,317.078,0.520906,359.9, 93.306,3.03e+00, 15.9, -  , - 
 364, 28900,23122017,09032021 020225,1009, 10003.9, 64.769,118.222,0.323673,  0.1,137.870,6.63e-01, 17.0,24.5, - 
 365, 29000,22022018,09032021 003031,   2, 14155.2, 65.150,312.252,0.515186,359.9,125.216,3.17e-01, 15.6, 0.1, 21
 366, 29301,11112020,09032021 004830,   2, 14360.7, 62.472,326.192,0.526637,359.9,263.043,4.18e-01, 13.8, 0.1, 12
 367, 29501,07102020,08032021 233101,   0, 14757.5, 47.540,246.087,0.318944,  0.1, 29.621,3.67e+01, 15.1, 0.2, 50
 368, 29600,15032018,08032021 231349,1034, 14714.2, 50.966,270.117,0.345980,  0.0,  3.881,3.48e+01, 14.3, -  , - 
 369, 29800,22072015,09032021 011710,2030, 14547.9, 25.785,199.657,0.525297,  0.3,103.408,3.68e-01, 16.8, -  , - 
 370, 29801,02042018,09032021 012844, 145, 14545.8, 26.068,273.527,0.541213,360.0, 37.474,2.80e-02, 19.1, -  , 62
 371, 30000,15082007,08032021 231658, 665, 14864.8, 50.618,121.903,0.489701,  0.1,316.260,1.17e-01, 17.7,41.7, - 
 372, 30101,03052017,09032021 023536, 100, 14225.1, 39.903,219.163,0.536618,  0.1,203.497,3.45e-03, 18.8, -  , 16
 373, 30102,13062017,08032021 225545,1359, 14885.6, 62.997,252.736,0.439464,  0.0,334.743,1.25e+01, 16.7, -  , - 
 374, 30200,27072017,09032021 000251,   7, 14931.2, 62.187,272.359,0.537948,360.0, 42.253,1.27e-01, 15.3, 0.1, 10
 375, 30300,21042019,09032021 021818, 631, 14991.3, 64.983,260.856,0.444332,  0.0,199.072,8.86e+00, 16.2, -  , - 
 376, 30402,22032020,09032021 013333, 290, 14104.2, 65.028, 49.719,0.525126,359.9,  9.041,1.46e+00, 17.0,34.8, - 
 377, 30600,14032018,08032021 230518,  61, 13081.3, 64.235,320.030,0.491484,359.9,  1.399,1.49e-01, 17.6, 0.5,158
 378, 30700,20062009,09032021 011218,  27, 15112.5, 64.017,259.341,0.523374,  0.0, 46.049,1.41e-01, 16.9, 0.4,111
 379, 30701,30092018,09032021 015033,   2, 14933.1, 65.184, 27.034,0.542720,359.9,328.843,1.41e-01, 17.0, 0.2, 22
 380, 31001,23062016,08032021 204736,  96, 13444.1, 24.357,279.668,0.496034,360.0,201.100,6.65e-02, 15.0,48.5,262
 381, 31002,09042018,09032021 015229, 731, 15132.8, 47.225,292.509,0.521736,359.9, 79.927,7.06e+00, 16.1, -  , - 
 382, 31103,26112019,09032021 012739, 108, 11232.9, 64.107,243.016,0.414838,  0.1,  1.337,7.90e-02, 16.0, 2.0,249
 383, 31201,25022021,08032021 233438,   3, 15256.0, 64.810,187.980,0.522155,  0.1,242.337,2.08e+00, 14.5, 0.4,128
 384, 31300,12122018,09032021 000121, 816, 14830.1, 65.579,324.344,0.537934,359.9,253.729,2.34e+00, 18.8, -  , - 
 385, 31400,12022016,08032021 225147,1748, 15250.6, 65.134,189.531,0.532108,  0.1,231.025,2.66e+00, 14.0, -  , - 
 386, 31401,02012017,08032021 203301, 767, 15325.9, 64.165,326.900,0.482787,359.9,319.241,9.17e-02, 15.7,11.0, - 
 387, 31402,19072017,09032021 011358,1120, 15384.0, 66.482,127.786,0.494136,  0.1,198.326,4.05e+00, 14.8, -  , - 
 388, 31501,16102019,09032021 000445, 351, 15412.7,  6.812,229.746,0.507182,  0.6, 27.341,3.17e-01, 17.8,12.7, - 
 389, 31600,11052017,08032021 214552,  73, 14685.1, 24.195, 10.022,0.539330,359.7,160.777,1.02e-01, 17.0, -  ,194
 390, 31601,26052018,08032021 223331, 134, 14612.2, 48.900,266.424,0.526715,  0.0,319.179,1.87e-01, 18.2, 3.3,894
 391, 31603,02042020,09032021 003717, 284, 15343.2, 65.888, 92.620,0.525644,  0.0,199.748,5.55e+00, 16.1, -  , - 
 392, 31800,26122015,08032021 223452,1419, 15442.5, 64.214, 90.302,0.548695,  0.0, 34.728,2.86e+00, 17.3, -  , - 
 393, 31802,21012019,09032021 015802, 756, 15438.8, 64.764, 88.610,0.552285,360.0,358.712,4.41e-01, 17.0, -  , - 
 394, 31900,02042015,08032021 234128,2157, 14973.8,  8.775, 40.795,0.538525,359.4,282.539,3.81e-02, 15.5, 3.2,501
 395, 31901,02062015,09032021 010125,1778, 13113.1, 60.696,343.883,0.488502,359.9,  3.802,1.30e-01, 15.3,24.6, - 
 396, 31902,24072018,09032021 020018,   1, 13251.8, 65.305, 72.770,0.498913,360.0,333.660,6.47e-02, 18.8, 1.9,  2
 397, 31904,04122019,08032021 230104, 305, 13411.1, 24.788, 84.891,0.504569,360.0,165.721,5.02e-02, 17.0, 0.8,240
 398, 32000,15042011,08032021 233544,   0, 14553.7, 25.611,263.598,0.544279,  0.0,232.947,7.29e-03, 10.8, 0.1,  1
 399, 32100,07032015,09032021 000719,   2, 15446.9, 27.300, 84.156,0.558534,360.0,254.175,1.64e-02, 16.6, 0.1,  1
 400, 32101,03042016,09032021 022323,   2, 13119.8, 23.851,321.095,0.491933,359.8,165.296,3.23e-02, 15.1, 0.7,  1
 401, 32104,17112020,08032021 232255,  47, 15432.2, 65.145,231.284,0.567535,  0.1,356.556,2.47e-01, 16.0, -  ,403
 402, 32200,01122015,08032021 212758,   4, 15018.8, 64.964,113.671,0.550864,  0.1,154.152,7.17e-02, 15.5, 0.6,  6
 403, 32201,16022016,08032021 223424, 365, 14120.9, 62.486,323.469,0.524215,359.9,263.046,4.57e-01, 14.2,18.4, - 
 404, 32204,20082018,08032021 231330, 841, 13025.5,  5.646,281.832,0.493386,359.8,129.404,7.61e-02, 17.5, 5.8, - 
 405, 32205,12102018,08032021 212551, 845, 11366.3, 65.958,192.504,0.397196,  0.1,223.436,2.25e+00, 16.6,57.6, - 
 406, 32400,14022014,09032021 024438, 440, 15500.8, 28.295,159.145,0.570670,  0.2,341.909,6.97e-02, 19.1, -  ,303
 407, 32401,07032018,09032021 001300, 396, 15633.5,  5.792,263.663,0.545349,  0.1, 24.439,6.10e-01, 18.3,23.2, - 
 408, 32501,24012018,09032021 003604, 935, 15616.8, 63.899,124.634,0.542791,  0.1, 54.939,4.74e+00, 16.6, -  , - 
 409, 32502,05062018,09032021 011741, 998, 12654.5,  7.593, 81.822,0.481565,359.9,351.694,5.23e-02, 18.5, 6.3,119
 410, 32700,06112014,09032021 002751,2205, 15679.2, 66.099,322.316,0.553013,359.9,268.712,1.82e-01, 15.3, -  , - 
 411, 32702,25032017,09032021 023126,   2, 15370.3, 64.858, 59.984,0.566050,359.9, 12.489,6.75e-02, 18.8, 1.6,  3
 412, 32706,19102018,08032021 232702, 396, 14918.2, 65.831,352.648,0.542473,359.9,256.451,9.90e-01, 15.4,35.9, - 
 413, 32708,23052019,08032021 213228, 583, 15787.0, 65.006,168.617,0.556929,  0.1,359.873,1.12e-01, 16.8,40.9,585
 414, 32800,06092013,09032021 012216, 117, 15222.3,  7.035,208.031,0.560775,  0.8,179.474,2.16e-01, 14.9, 3.1,858
 415, 32805,30112018,08032021 233820, 783, 15191.2, 65.530,  1.129,0.537124,359.9,269.627,1.47e+00, 17.6, -  , - 
 416, 32806,19102020,09032021 010108,  51, 15463.2, 64.880,229.718,0.571990,  0.1,357.563,6.32e-02, 16.0, -  ,181
 417, 32900,16092014,09032021 010230,   2, 15793.9, 65.235,182.893,0.561778,  0.1,307.100,9.25e-03, 18.8, 0.1,  1
 418, 32901,31102016,09032021 025437,1110, 15710.1, 63.931,151.723,0.559590,  0.1, 34.119,8.27e-01, 16.8, -  , - 
 419, 32903,29092018,08032021 204357,  80, 15253.9,  8.201, 49.839,0.567531,359.5,312.869,1.72e-02, 17.7, 0.2, 17
 420, 32905,09102018,08032021 202648, 723, 15656.4, 65.761,356.653,0.561290,359.9,259.721,6.46e-01, 16.0, -  , - 
 421, 32909,19022020,08032021 231259, 377, 15773.1, 65.950, 25.881,0.544649,359.9,267.110,2.81e+00, 17.3, -  , - 
 422, 33000,15012018,08032021 214524, 155, 15930.0, 22.336,257.402,0.527622,  0.1,328.996,1.19e+00, 16.6,32.7, - 
 423, 33001,23032018,08032021 235233,   2, 15404.3, 65.224, 45.181,0.552428,359.9, 29.498,3.02e+00, 17.2, 1.2,230
 424, 33003,14102018,09032021 000635, 704, 15836.1, 65.634, 11.231,0.557869,359.9,264.488,8.14e-02, 17.9,31.7, - 
 425, 33005,04112018,09032021 003008, 762, 15850.3, 65.621, 11.105,0.559106,359.9,263.643,1.36e-01, 18.5,30.3, - 
 426, 33006,05112018,08032021 195902, 840, 15786.1, 65.489, 10.201,0.555965,359.9,267.467,1.25e+00, 18.7, -  , - 
 427, 33007,28062019,09032021 023540,   3, 15843.9, 65.628, 43.861,0.542710,359.9,120.262,1.21e+00, 15.7, 0.2, 51
 428, 33008,10012021,08032021 192615,   7, 15861.6, 48.572, 25.280,0.525388,359.9,233.403,3.01e+00, 16.8, 1.7,405
 429, 33009,14122020,09032021 003512,  48, 15827.7, 65.581,234.743,0.575598,  0.1,354.201,1.76e-01, 15.5, -  , 32
 430, 33100,10042016,08032021 202624,   2, 15009.4, 64.109, 52.279,0.561566,359.9, 16.656,1.15e-02, 18.6, 2.8,  1
 431, 33101,27012017,08032021 195144,   1, 15717.5, 64.541, 83.329,0.573401,360.0,  7.131,6.48e-02, 19.4, 0.3,  3
 432, 33106,30102018,08032021 223210,   4, 15868.6, 65.573, 13.020,0.557503,359.9,265.396,6.06e-02, 18.4, 0.1,  3
 433, 33110,27072016,09032021 021258,  57, 15883.7, 64.829,172.355,0.557216,  0.1,  2.246,4.75e-01, 16.5, 5.1, - 
 434, 33111,12032020,08032021 234915, 154, 15970.7, 64.279, 75.426,0.571846,360.0, 25.295,1.31e-01, 16.2,21.0, - 
 435, 33112,25032020,09032021 000311, 274, 14311.3, 64.476, 64.142,0.533322,359.9, 21.381,7.57e-01, 16.5,21.8, - 
 436, 33113,19022020,09032021 022404, 122, 15829.7, 63.757, 72.916,0.566478,360.0, 29.183,3.86e-01, 17.0, -  , - 
 437, 33114,23042020,09032021 024908, 139, 15956.6, 64.500, 75.460,0.571101,360.0, 24.629,4.52e-01, 16.7, -  , - 
 438, 33115,21022020,09032021 001055,  83, 15867.4, 65.175, 76.029,0.571582,360.0, 20.248,3.21e-01, 17.0, -  ,689
 439, 33116,23032020,08032021 222356, 217, 16020.4, 64.257, 75.861,0.572585,360.0, 25.928,4.44e-02, 17.0,10.5, 66
 440, 33117,02062020,08032021 230555,  54, 15807.6, 64.082, 73.401,0.569308,360.0, 26.212,5.41e-01, 16.5, -  , 67
 441, 33200,22122015,08032021 214356,  26, 11996.1, 63.444,148.059,0.448863,  0.1, 25.813,2.88e-01, 15.3, 0.7,215
 442, 33202,08072016,08032021 203230,   1, 16038.9, 62.465,117.118,0.540847,  0.1, 70.134,3.53e+00, 16.9, 0.6,136
 443, 33205,14102018,08032021 195408,   3, 15899.5, 65.501, 13.390,0.557819,359.9,268.090,8.79e-03, 17.2, 0.1,  1
 444, 33208,29082019,08032021 222719, 520, 15915.3, 66.743, 50.569,0.460486,359.9,274.097,1.30e+01, 16.2, -  , - 
 445, 33210,28032020,09032021 002247, 339, 14593.5, 65.735,  6.515,0.535595,359.9,257.013,1.84e+00, 17.7, 3.0,768
 446, 33300,10082014,09032021 010500,   1, 15972.0, 64.688,148.392,0.571534,  0.1, 19.076,3.63e-02, 15.3, 0.1,  3
 447, 33303,30092018,09032021 030939,   3, 15981.9, 64.122,241.914,0.552583,  0.1, 40.894,7.90e-02, 19.3, 0.1,  1
 448, 33304,09102018,08032021 194537,   0, 15779.4, 65.594,  6.179,0.570326,359.9,263.053,5.26e-01, 14.7, 0.1, 17
 449, 33308,14072019,09032021 015353, 547, 12625.7, 63.965,276.705,0.478735,360.0,  6.745,5.72e-02, 16.3,30.4, 72
 450, 33310,02122019,09032021 021610, 221, 15719.9, 63.239, 54.100,0.579767,359.9, 41.215,1.63e-01, 17.0, -  ,638
 451, 33400,23072016,08032021 230053,   1,  9250.0, 63.411, 86.730,0.288473,360.0, 28.419,2.58e-01, 16.1,22.9, 10
 452, 33401,09012017,08032021 210138,  48, 14576.5, 64.285,166.056,0.548760,  0.1, 14.328,2.98e-01, 15.8, -  ,355
 453, 33402,10092017,09032021 024912,   1, 16042.0, 64.937, 74.551,0.574051,360.0, 25.070,8.47e-03, 15.6, 0.1,  1
 454, 33501,09062016,09032021 012838,   1,  8199.7, 63.568, 72.226,0.198694,360.0, 15.114,1.90e-01, 17.4,47.5, 19
 455, 33503,13082017,08032021 205743,1257, 16011.5, 64.409, 55.946,0.498191,359.9,276.939,2.35e-01, 14.4,36.5, - 
 456, 33505,17062018,08032021 215736, 768, 14495.9, 63.456,157.228,0.517285,  0.1, 23.072,3.96e+00, 18.1,49.1, - 
 457, 33510,18102018,08032021 230657, 869, 11893.1, 65.842,264.255,0.418795,  0.0,230.851,3.77e+00, 17.7, 9.6, - 
 458, 33511,18102018,09032021 012540, 859, 16000.1, 62.189, 17.950,0.530896,359.9,341.340,1.09e+01, 15.9, -  , - 
 459, 33602,26062018,09032021 023307, 983, 16044.2, 63.620,190.421,0.366342,  0.1,185.639,5.93e+00, 15.2, -  , - 
 460, 33612,03122019,09032021 005906,  50, 14885.2, 63.448, 49.288,0.554857,359.9, 36.400,1.87e-01, 16.0, -  ,163
 461, 33614,21092020,08032021 221255, 166, 16026.4, 11.736, 18.369,0.578631,359.5,257.537,3.70e-02, 17.8,59.5,122
 462, 33701,29102014,09032021 025607,  21, 14116.9, 63.401,183.285,0.532196,  0.1, 27.966,2.71e-01, 17.0,79.1,122
 463, 33703,02062016,08032021 221159,   2, 16114.7, 64.899,110.746,0.580273,  0.0,352.754,6.08e-03, 15.3, 0.1,  1
 464, 33704,01082016,09032021 011134,   1, 15723.5, 64.839,317.196,0.565761,359.9,323.836,4.36e-02, 14.7, 0.1,  2
 465, 33705,02052017,09032021 020713,   3, 15952.1, 64.992,105.999,0.575309,  0.0,347.884,1.18e-01, 17.0, 0.3,  9
 466, 33706,21082017,09032021 041933,  49, 15192.2, 64.001,201.072,0.561202,  0.1,  0.317,2.95e-01, 16.3, -  ,194
 467, 33713,09102018,09032021 013819, 849, 10425.6, 66.106,125.387,0.346097,  0.1,204.454,3.12e+00, 16.5,49.2, - 
 468, 33715,15102018,08032021 202544, 784, 16063.2, 65.437, 17.566,0.564025,359.9,270.053,6.24e-02, 18.3,26.0,307
 469, 33718,02112018,09032021 002750, 854, 12704.6, 65.679,297.582,0.451408,359.9,242.380,2.28e+00, 18.7,31.6, - 
 470, 33720,09042020,08032021 211635, 252, 14787.4, 63.808, 58.359,0.550098,359.9, 31.601,1.79e-01, 16.5, 0.6,162
 471, 33800,21062014,09032021 021938,   1, 16033.3, 64.843,296.494,0.549774,359.9,237.949,4.10e-01, 15.4, 0.1, 22
 472, 33801,24072017,08032021 204001,  18, 16019.3, 64.245,214.135,0.581387,  0.1,351.317,4.50e-02, 18.2, 9.5, 15
 473, 33803,20122017,08032021 215917,1172, 16105.5, 61.837,166.657,0.536923,  0.1, 50.971,3.59e+00, 17.6, -  , - 
 474, 33804,18012018,09032021 033708,  12, 15511.9, 26.366,248.122,0.563213,  0.1,348.065,1.35e-01, 15.2, 0.6, 44
 475, 33805,29012018,09032021 004741,  50, 15922.8, 64.055, 69.433,0.579062,360.0, 27.492,1.37e-01, 17.9, -  , 85
 476, 33814,26032020,09032021 001426, 176, 11479.9, 64.172,112.437,0.421913,  0.0, 14.470,1.38e+00, 16.6, 3.6, - 
 477, 33900,31012015,09032021 022735,   2, 16190.1, 64.524,193.355,0.569036,  0.1, 26.010,1.15e-02, 16.0, 0.1,  2
 478, 33901,27082017,08032021 205126,  57, 15984.0, 64.307,227.799,0.575064,  0.1,347.155,3.13e-01, 16.1,89.8,176
 479, 33902,27112017,08032021 191413, 598, 16039.4,  7.247,214.487,0.569188,  0.8,329.898,4.59e-02, 17.9, -  ,373
 480, 33903,08072016,08032021 232545,1149, 15805.9, 61.905,188.080,0.536702,  0.1, 16.018,1.45e-02, 16.8, 6.6,360
 481, 33907,11072018,09032021 001734,   2, 16112.3, 65.060,234.246,0.567690,  0.1,310.998,4.25e-02, 15.1, 0.1,  4
 482, 33910,15102018,08032021 205558, 787, 16047.6, 65.462, 16.979,0.566426,359.9,270.055,1.30e+00, 18.1, -  , - 
 483, 33915,24092011,08032021 185529,   2, 16286.6, 65.629, 29.263,0.569023,359.9,267.989,6.70e-03, 15.7, 0.1,  1
 484, 33918,05112020,09032021 005219,  71, 16034.5, 65.020,233.405,0.585931,  0.1,355.593,5.37e-02, 14.2, -  , 26
 485, 33919,05012021,08032021 214956,  60, 15407.2, 24.872,349.646,0.572620,359.7,355.090,7.68e-02, 16.9, 0.1,  6
 486, 34000,01102014,08032021 233754,   1, 16204.1, 65.057,256.775,0.567151,  0.0,320.405,6.45e-03, 15.9, 0.1,  1
 487, 34010,19102018,09032021 000112, 787, 13179.4, 65.461,352.946,0.469284,359.9,263.272,2.32e+00, 17.0, -  , - 
 488, 34011,15102018,08032021 194015, 719, 16145.2, 65.822, 33.436,0.559977,359.9,261.848,6.23e-01, 17.2, -  , - 
 489, 34012,08012020,08032021 214113,   1, 16107.9, 64.578,344.255,0.578240,359.9,343.632,4.45e-02, 14.5, 0.1,  1
 490, 34100,28032016,08032021 222607,   2, 16196.8, 65.034,128.547,0.576681,  0.1,339.945,3.57e-02, 14.8, 0.1,  2
 491, 34101,21042016,08032021 231314, 568, 16152.4, 65.316,133.382,0.576947,  0.1,339.088,1.08e-01, 19.8, -  ,675
 492, 34102,15082016,08032021 213656, 778, 15819.5, 65.673,345.173,0.563891,359.9,286.269,9.07e-02, 19.3, -  ,719
 493, 34103,19012018,09032021 015427,1128, 16265.7, 66.980,255.676,0.490399,  0.0,310.694,5.39e+00, 16.7, -  , - 
 494, 34113,10102018,08032021 215514, 879, 16167.1, 65.588, 25.363,0.566050,359.9,268.187,5.75e-01, 14.5, -  , - 
 495, 34114,10102018,09032021 015053, 721, 16111.2, 65.648, 27.067,0.565625,359.9,266.097,1.45e+00, 16.5, -  , - 
 496, 34115,11102018,08032021 204506, 710, 15872.9, 65.778, 21.235,0.566129,359.9,260.238,1.18e+00, 16.1,76.4, - 
 497, 34116,15102018,08032021 231441, 858, 11861.6, 65.776,223.744,0.424006,  0.1,228.399,4.43e+00, 17.4,78.0, - 
 498, 34200,08072016,09032021 010253,1131, 11820.4, 64.131, 14.535,0.434046,359.9, 25.019,2.95e+00, 17.2, -  , - 
 499, 34208,06112018,08032021 225314, 770, 12179.3, 65.098,349.284,0.421275,359.9,273.884,3.88e+00, 17.6, -  , - 
 500, 34209,03112019,09032021 004004, 453, 16227.5, 61.321,118.540,0.317593,  0.1, 32.765,1.72e+01, 16.0,62.4, - 
 501, 34300,28032016,09032021 034340,   1, 16248.7, 64.632,125.510,0.586302,  0.1,  2.607,4.25e-02, 14.0, 0.1,  1
 502, 34308,12062018,09032021 024657,  49, 16264.6, 64.323,175.235,0.578610,  0.1, 13.890,1.84e-01, 17.2, 3.7,108
 503, 34319,12112018,09032021 034839,   1, 16138.3, 64.447, 70.962,0.581932,360.0, 40.131,3.65e-01, 17.4, 0.7, 16
 504, 34320,27112018,09032021 010022, 832, 16291.6, 64.370, 86.590,0.574457,360.0, 41.564,1.32e+00, 16.6, -  , - 
 505, 34321,16122019,09032021 021226,   4, 16265.4, 65.464, 96.307,0.571492,  0.0,  9.522,1.15e-01, 16.5, 0.1,  6
 506, 34323,21012020,08032021 220228,  11, 15546.1, 64.189,230.557,0.569328,  0.1, 13.133,6.26e-01, 16.5,85.1,154
 507, 34401,29012018,09032021 003153,  38, 16394.2, 62.859,186.624,0.569388,  0.1, 11.689,3.30e+00, 16.9, 8.5, - 
 508, 34402,16022018,08032021 224841,   1, 16342.2, 64.878, 87.450,0.586374,360.0, 26.297,6.96e-02, 19.9, 0.1,  4
 509, 34403,29052018,09032021 004608,   2, 16305.3, 64.560,169.962,0.586143,  0.1,  8.470,5.76e-02, 14.8, 0.1,  5
 510, 34411,15062018,09032021 025906, 935, 16281.3, 67.350,266.371,0.504431,  0.0,317.808,1.17e+01, 16.6, -  , - 
 511, 34414,25062018,08032021 215458,   4, 16284.9, 64.490,168.852,0.586576,  0.1, 10.876,8.21e-02, 17.5, 0.6,  5
 512, 34417,13102018,08032021 224722, 733, 16285.8, 65.941, 34.219,0.569868,359.9,261.247,5.72e-01, 17.2, -  , - 
 513, 34418,16102018,08032021 221101,   1, 15813.7, 65.462,  6.788,0.564215,359.9,269.197,4.86e-01, 14.7, 0.1, 14
 514, 34420,14102019,08032021 211905,  38, 16218.1, 25.271,322.343,0.582120,359.8, 89.569,2.97e-02, 17.0, 1.9, 48
 515, 34423,28032020,09032021 020059,   0, 16263.1,  4.600,352.260,0.591268,358.6, 29.436,9.07e-03, 17.5, 0.1,  1
 516, 34500,09012018,08032021 233434, 550,  9900.4, 65.824, 36.562,0.325176,359.9,329.337,3.32e+00, 17.0,78.7, - 
 517, 34501,20122017,08032021 224121, 423, 16051.8, 63.544,152.213,0.572255,  0.1, 15.651,3.04e+00, 17.2,57.8, - 
 518, 34509,08072018,09032021 003922, 375, 16345.4, 64.107,183.341,0.575471,  0.1, 21.768,1.14e-01, 18.6,33.2, - 
 519, 34516,29102018,08032021 230215, 856, 12142.7, 65.845,268.642,0.435175,  0.0,230.927,2.19e+00, 18.3,53.4, - 
 520, 34518,20012020,09032021 001032,   1, 15427.7, 64.134,224.547,0.565363,  0.1, 10.094,6.54e-01, 15.1, 0.8, 29
 521, 34600,24032004,08032021 222715,   1, 16331.7, 63.560,106.862,0.577117,  0.0,249.430,2.95e-02, 15.8, 0.1,  1
 522, 34601,28042008,09032021 010440,1134, 16302.5, 62.580,181.552,0.556021,  0.1, 31.030,4.93e+00, 16.1, -  , - 
 523, 34602,08072016,09032021 002011,  22, 16248.1, 62.223,164.143,0.551386,  0.1, 34.141,2.52e+00, 17.2, 4.6, - 
 524, 34603,19012018,09032021 043257,1141, 16335.2, 62.677,189.025,0.523691,  0.1,106.184,9.72e+00, 17.4, -  , - 
 525, 34604,22012018,09032021 044427,1133, 16297.8, 63.054,180.303,0.565477,  0.1,  8.788,5.98e+00, 16.7, -  , - 
 526, 34605,27012018,08032021 210308,1129, 16142.2, 63.703,172.691,0.567618,  0.1,358.010,5.03e+00, 15.6, -  , - 
 527, 34607,25062018,08032021 235441, 820, 16141.5, 64.560,183.198,0.577825,  0.1,  0.611,1.91e+00, 16.9,24.0, - 
 528, 34610,01102018,09032021 020635, 264, 16351.7, 66.504,315.798,0.532884,359.9,347.230,4.93e+00, 15.0, -  , - 
 529, 34612,17012020,09032021 033516, 383, 16370.0, 64.817,236.275,0.595882,  0.1,  6.815,6.71e+00, 17.8, -  , - 
 530, 34614,13022020,09032021 011306, 389, 16376.4, 64.794, 22.372,0.563353,359.9,  5.992,3.36e-02, 16.5, 5.9, - 
 531, 34700,26042016,08032021 232325,   1, 16413.3, 64.698,252.757,0.568716,  0.0,  7.293,9.40e-01, 17.3, 0.2, 54
 532, 34701,24122017,08032021 222617,1158, 16416.0, 67.983,341.172,0.454842,359.9,337.324,1.01e+01, 16.3, -  , - 
 533, 34702,08012018,09032021 014753, 599, 16324.6, 62.791,167.579,0.568763,  0.1, 32.411,3.45e+00, 17.1, -  , - 
 534, 34800,12062017,09032021 015346,  92, 14695.7, 64.695, 98.689,0.548772,  0.0,351.491,4.04e-02, 18.6, 2.9, 49
 535, 34802,27012018,09032021 010452,1108, 16197.6, 63.813,153.107,0.577667,  0.1, 16.215,2.13e+00, 18.7, -  , - 
 536, 34809,01112018,08032021 234832, 848, 15109.3, 65.807,  4.205,0.542742,359.9,254.498,2.48e+00, 17.9,36.1, - 
 537, 34901,24112019,09032021 011445,   2, 16408.0, 64.886, 90.405,0.588915,  0.0, 26.989,6.95e-02, 17.8, 0.3,  4
 538, 35100,06072012,08032021 231502,   1, 16478.4, 49.913,246.940,0.566852,  0.1,244.765,1.07e+00, 15.1, 0.3, 91
 539, 35101,10102018,08032021 220432, 809, 16437.2, 65.362, 32.288,0.574699,359.9,277.086,1.09e+00, 17.0, -  , - 
 540, 35104,29102018,09032021 000712, 851,  8690.4, 65.846,348.919,0.222363,359.9,167.328,2.06e+00, 17.5,78.7, - 
 541, 35200,24022012,09032021 001511,   1, 16401.9, 63.242,303.682,0.595052,359.9,264.336,8.40e-03, 11.9, 0.1,  1
 542, 35201,23062004,08032021 215015,3913, 16182.3,  6.957,194.744,0.576981,  0.9,234.217,1.00e-02, 15.8, -  , 59
 543, 35202,11102018,08032021 233111, 871, 10177.2, 66.111,157.257,0.331847,  0.1,209.543,3.74e+00, 16.2,51.1, - 
 544, 35206,12092020,09032021 005935, 174, 16639.6, 65.052,102.724,0.270387,  0.0,121.605,1.59e+01, 15.9, -  , - 
 545, 35400,02032015,09032021 011430,   5, 16502.6, 64.445,234.119,0.575335,  0.1, 22.933,9.67e-02, 19.2, 0.1, 10
 546, 35401,19072016,08032021 235151,  40, 16564.1, 64.796,152.366,0.594356,  0.1,350.611,3.72e-02, 18.7,32.9, 24
 547, 35404,13102018,08032021 194717, 814, 16307.3, 65.685, 28.379,0.578994,359.9,265.357,1.21e+00, 17.1, -  , - 
 548, 35500,08032013,09032021 005710,  16, 16199.6,  7.984,235.118,0.575580,  0.5, 42.280,2.81e-02, 16.8, 0.1, 13
 549, 35501,29012018,08032021 230203, 314, 16549.3, 62.751,200.367,0.563193,  0.1, 21.757,2.19e+00, 16.0, -  , - 
 550, 35600,13102018,09032021 005041, 837, 15217.9, 65.780,  6.772,0.547960,359.9,255.514,2.26e+00, 16.7, -  , - 
 551, 35601,15102018,08032021 210650, 829, 15766.3, 66.075, 19.090,0.568311,359.9,250.752,2.77e+00, 16.8, -  , - 
 552, 35602,02012019,08032021 231638, 115, 16672.9, 64.272,247.490,0.578475,  0.0, 32.451,1.32e-01, 15.8, 3.6,334
 553, 35603,24102020,08032021 232709, 133, 16681.7, 65.262, 98.481,0.589756,  0.0, 12.741,9.28e-02, 17.0,21.8, - 
 554, 35701,08052018,08032021 224340,1027, 16742.8, 64.120,201.333,0.483125,  0.1,286.440,2.26e+00, 18.8,63.8, - 
 555, 35703,11102018,08032021 232511, 862, 16106.9, 65.715, 27.555,0.573324,359.9,263.887,1.99e+00, 17.1,65.0, - 
 556, 35704,07022007,09032021 002357, 115, 16655.2, 27.821,157.666,0.599332,  0.2,333.856,5.94e-03, 19.3, -  , 22
 557, 35800,19112019,09032021 002318,  84, 16738.7, 65.013, 97.831,0.591997,  0.0, 15.424,7.90e-02, 17.4,10.8,190
 558, 35901,07052018,08032021 200740,1028, 14643.9, 21.858,135.897,0.550640,  0.2,241.871,2.32e-02, 15.8, 1.2,299
 559, 36000,29082018,08032021 233043, 328, 12450.1, 64.683,158.234,0.473072,  0.1,  7.397,1.16e-01, 17.0, 1.2,377
 560, 36100,05012020,08032021 230835, 411, 16943.7,  2.947, 84.574,0.435257,359.8,174.291,4.96e+00, 18.0,16.0, - 
 561, 36200,13032015,09032021 014000, 316, 16802.3, 64.787, 60.384,0.596252,359.9,354.598,5.78e-02, 18.4, -  ,422
 562, 36201,07072018,08032021 214726, 296, 15770.1, 64.319,175.936,0.581746,  0.1, 14.272,1.92e-01, 18.0, 4.8, - 
 563, 36401,31052018,09032021 014814, 284, 15154.9, 64.445,175.221,0.565073,  0.1, 11.222,1.18e-01, 17.0, 1.3,369
 564, 36700,05062016,09032021 042025,   2, 14806.9, 23.619,258.002,0.552929,  0.1,107.438,5.09e-02, 17.0, 3.2,  4
 565, 36701,01012021,08032021 231822,  25, 16996.9,  7.177,239.620,0.603905,  0.5, 66.184,2.28e-02, 16.4, 1.0, 10
 566, 36702,07012021,09032021 005323,  19, 17000.3, 30.288,276.752,0.604695,360.0, 62.076,4.67e-02, 17.9,12.4,  3
 567, 36801,29032016,08032021 230611,1601, 11602.1, 48.937, 12.853,0.435403,359.8,236.842,3.54e-03, 16.1, 0.8, 19
 568, 36802,30092018,08032021 224050,   2, 17046.8, 64.159, 23.616,0.557566,359.9,254.138,9.99e-03, 17.6, 0.1,  3
 569, 36803,14102018,08032021 223852, 718, 17042.6, 65.554, 57.578,0.584795,359.9,273.668,1.30e-01, 16.9,39.8, - 
 570, 37000,03022016,08032021 234124,1853, 15275.6, 26.401,236.441,0.555348,  0.1,  8.628,1.51e-01, 17.0, 3.7,556
 571, 37201,22112019,08032021 232437, 403, 17173.8,  9.691,303.278,0.581794,359.6,254.864,1.54e-01, 18.5,13.5, - 
 572, 37202,15112020,09032021 001349,   0, 17157.4, 58.653,274.475,0.014592,360.0,120.066,1.04e-02, 10.1, 0.1,  1
 573, 37300,27022018,08032021 201910, 189, 17009.2, 25.900, 79.216,0.607459,359.9,298.663,2.60e-02, 18.6, -  , 41
 574, 37301,28092018,08032021 202302, 276, 17103.8, 54.723,259.737,0.593312,  0.0,222.028,1.37e+00, 18.0,89.0, - 
 575, 37400,12012010,09032021 024617, 240, 16918.4,  2.706, 29.113,0.595548,357.8,132.235,1.21e-01, 12.8, -  , - 
 576, 37401,09042016,09032021 024403, 734, 17367.2,  8.087,342.555,0.601404,359.2,132.773,2.33e-01, 18.2,27.0, - 
 577, 37500,10022015,08032021 215558,2099, 12995.1, 20.525,344.481,0.493494,359.7, 72.675,2.69e-02, 16.7, 5.6,722
 578, 37501,12062018,09032021 011929, 904, 11675.0, 64.535,174.525,0.434692,  0.1,  8.200,2.55e+00, 17.7, -  , - 
 579, 37600,10052011,09032021 033024,   3, 16573.5,  5.035,279.793,0.586903,359.8, 69.844,6.10e-01, 13.3, 0.8, 62
 580, 37601,22122009,08032021 211218, 310, 17250.3, 65.743,271.240,0.561306,360.0,282.193,1.61e+00, 16.8,46.8, - 
 581, 37700,14012021,08032021 224421,  48, 17294.0,  6.755, 88.978,0.609678,360.0,284.350,1.55e-01, 18.3, -  , 22
 582, 37800,02072018,08032021 214634,  80, 16676.0, 64.177,204.271,0.602829,  0.1, 17.679,1.75e-01, 16.3, 1.2,310
 583, 37900,03122019,08032021 204653, 420, 17057.9, 49.203,302.661,0.599059,359.9,315.610,4.44e-01, 17.5,31.1, - 
 584, 38100,23122016,09032021 023628,  83, 17371.0, 26.900,344.920,0.615741,359.8,  5.053,6.61e-03, 18.7, -  ,  8
 585, 38101,24122006,08032021 222425, 519, 16817.8, 16.817,227.139,0.606129,  0.3,  0.068,6.69e-03, 18.2,25.1, 47
 586, 38102,15112020,08032021 210832,   1, 17467.3, 58.374,276.352,0.000435,360.0,305.146,1.00e-02, 12.2, 0.1,  2
 587, 38501,21022020,08032021 205850,  89, 16456.1, 25.838,166.009,0.600623,  0.3,147.958,2.45e-02, 15.0, 0.4, 56
 588, 38600,15032011,08032021 213216,3593, 16042.1,  8.806, 54.386,0.581490,359.6,264.340,3.94e-02, 15.8,16.8, - 
 589, 38601,23122009,08032021 233630, 393, 17377.3,  7.662, 95.577,0.609362,  0.1, 44.038,1.98e-02, 17.5, -  ,164
 590, 38700,21122019,09032021 050202, 440, 17929.9, 31.405,283.938,0.511559,359.9, 92.498,2.66e+01, 17.4, -  , - 
 591, 38800,25102019,09032021 023236, 450, 17647.8, 15.438,245.723,0.579313,  0.2,192.486,5.63e-01, 17.5,24.9, - 
 592, 38900,19012017,08032021 233811,1488, 17765.5, 28.849,264.734,0.584460,  0.0,126.611,1.71e+00, 16.0, -  , - 
 593, 39000,12122009,08032021 210233, 817, 16455.6,  7.392,198.889,0.585589,  0.9,  4.334,6.60e-02, 17.1, -  ,590
 594, 39100,26112014,09032021 001126, 612, 17621.2,  7.052,192.205,0.614463,  0.9,264.055,5.71e-02, 18.3, -  ,176
 595, 39300,25082018,09032021 023708, 741, 12485.1,  2.506,110.924,0.475437,  1.0,318.238,2.48e-02, 17.9, 2.1,199
 596, 39401,23122016,09032021 020607, 231, 17610.3, 29.918, 22.528,0.620442,359.8,293.947,6.78e-03, 15.3, -  , 77
 597, 39402,15052020,08032021 193748, 230, 17839.7, 29.954, 30.337,0.597778,359.8,315.249,1.74e+00, 16.5,54.2, - 
 598, 39700,01072009,09032021 033135, 138, 17582.1,  4.555,358.572,0.608100,358.5,200.827,8.12e-02, 16.3, 8.9,553
 599, 39701,02082019,08032021 223830, 583, 17767.6,  7.011, 63.537,0.623185,359.6,118.874,3.51e-02, 18.2, -  ,120
 600, 39800,14012013,08032021 234655,   3, 17236.6,  6.315,265.293,0.606246,  0.1, 19.183,6.73e-02, 17.1, 0.1,  7
 601, 39900,16062015,08032021 234021,2045, 17843.6, 62.800,230.200,0.622457,  0.1,260.906,4.41e-02, 14.6, -  , - 
 602, 39902,24092019,09032021 015818, 527, 18025.1,  2.328, 51.749,0.628934,358.1,125.601,1.00e-02, 18.7, -  ,480
 603, 40100,08082018,08032021 214958, 154, 18066.8, 14.449,351.022,0.555359,359.5,243.532,4.73e-01, 17.3, 4.9, - 
 604, 40101,26092018,08032021 214430,   1, 17242.6, 20.439, 85.472,0.608165,360.0,193.249,4.11e-02, 16.3, 0.1,  5
 605, 40200,16092017,08032021 232506, 115, 18016.5,  9.764,300.960,0.618553,359.7,348.637,1.13e-01, 16.7, 7.2,499
 606, 40300,07082009,08032021 200103, 277, 17556.8, 57.735, 18.617,0.616927,359.9,289.452,3.07e-01, 16.4,15.2, - 
 607, 40301,12082017,09032021 041831, 429, 17536.4, 24.482,349.542,0.615117,359.7, 86.399,7.80e-02, 17.2, -  ,676
 608, 40400,12042015,09032021 032449,   3, 18040.4,  6.716,283.484,0.623905,359.8,109.197,1.10e-02, 18.2, 0.1,  1
 609, 40401,29092018,09032021 023510,   2, 17671.5, 21.887,347.116,0.618819,359.7,227.687,1.03e-01, 17.3, 0.2,  7
 610, 40500,27112012,08032021 223803,   1, 16058.0, 29.055,308.454,0.580483,359.9,278.955,5.27e-02, 16.0, 0.1,  1
 611, 40601,30052012,08032021 230659, 141, 16640.3,  5.280,198.061,0.598837,  1.2,147.433,2.79e-02, 18.4, 0.4, 95
 612, 40602,21042015,08032021 212754,   1, 18118.6,  4.075,126.000,0.621409,  1.0,266.888,8.93e-02, 16.8, 0.1,  3
 613, 40603,11042016,09032021 025402, 407, 18048.0,  6.883,  3.862,0.623407,359.0,149.828,4.91e-02, 17.6, -  ,800
 614, 40700,24122016,09032021 024006, 278, 18157.7, 25.514, 75.021,0.588166,359.9, 37.298,9.02e-01, 16.6,27.2, - 
 615, 40800,28122017,09032021 044506,  23, 18022.2, 61.151,273.033,0.626336,360.0,111.444,3.82e-02, 18.1,10.5, 35
 616, 40801,27022018,08032021 231633,  19, 18246.1, 45.772, 82.292,0.459476,360.0,144.493,3.77e+00, 13.5,11.7, - 
 617, 40802,26032020,08032021 215525, 346, 18288.1,  7.460,276.849,0.606470,359.9,287.452,4.42e-01, 18.8,61.2, - 
 618, 40900,27112008,08032021 200117,   1, 16243.3,  7.506,337.565,0.572675,359.2,270.291,9.09e-02, 13.6, 0.1, 14
 619, 41000,27032007,08032021 221413,   4, 17959.7,  7.305, 55.711,0.619536,359.5,332.654,6.55e-02, 17.0, 0.1,  8
 620, 41002,25042007,09032021 000713, 160, 18252.6, 12.923,339.515,0.616198,359.5,138.931,8.46e-02, 16.5, 1.6,356
 621, 41005,22072017,08032021 205107, 300, 18057.2, 48.862,  0.095,0.622287,359.8,296.717,1.06e-01, 18.9, -  ,288
 622, 41007,13102011,08032021 213341, 269, 18401.6, 49.077, 40.920,0.618609,359.9,232.522,1.03e-02, 16.0,22.5,493
 623, 41008,15122020,09032021 060609,   1, 18291.2,  7.288,  2.915,0.621539,359.1, 81.826,2.64e-01, 14.5, 0.1,  7
 624, 41200,15072010,08032021 224755,  64, 18245.5,  7.964,117.076,0.624472,  0.4, 46.221,4.88e-02, 15.0, 4.6,170
 625, 41401,22122016,09032021 010426,  70, 18197.6, 26.632,251.869,0.627838,  0.1,185.440,7.24e-02, 15.3, -  , 54
 626, 41402,31122019,09032021 014649, 430, 18418.9,  8.202,  2.845,0.626341,359.2,222.336,8.90e-02, 18.4,52.6, - 
 627, 41500,26052017,09032021 013957,   1, 18155.2, 49.164,156.847,0.611627,  0.1,160.900,1.61e+00, 15.2, 0.1, 24
 628, 41501,29062017,08032021 233625,   3, 15938.7, 21.793,335.559,0.578685,359.7,137.573,1.25e-01, 17.0, 1.4, 11
 629, 41601,27042017,08032021 221949, 281, 18161.7,  5.862,351.581,0.620737,358.9,264.571,2.39e-01, 17.7,40.1, - 
 630, 41700,19112011,08032021 200149,   1, 16736.3, 24.773,296.483,0.606746,359.9,202.418,6.45e-03, 12.3, 0.4,  1
 631, 41702,25022020,09032021 014325, 358, 18534.0, 12.133,333.827,0.541911,359.5, 86.111,8.96e+00, 15.2,88.7, - 
 632, 42000,08092012,08032021 213130,   1, 17010.2, 25.758,237.916,0.610404,  0.1, 30.979,1.20e-02, 11.3, 0.2,  1
 633, 42001,21112018,08032021 203918, 706, 18567.8, 63.283,120.953,0.630729,  0.1,267.684,1.19e-01, 17.3, -  , - 
 634, 42100,22012020,08032021 192526,   3, 18382.1,  1.683, 11.925,0.631672,356.1,246.221,3.16e-02, 17.5, 0.1,  3
 635, 42200,10042013,08032021 204711,   1, 18528.2, 48.428,263.983,0.631294,  0.0, 72.528,4.08e+00, 13.6, 0.5, 34
 636, 42201,15082018,08032021 212328, 470, 18453.2,  7.414, 52.443,0.627706,359.4,338.177,1.61e-01, 17.8, -  , - 
 637, 42300,25082017,08032021 223039,1284, 11608.9, 22.707, 90.853,0.423835,  0.0,264.890,8.66e-01, 17.3,19.0, - 
 638, 42301,22112018,08032021 212815,   5, 18686.8, 63.997,340.225,0.583028,359.9,237.181,3.85e-02, 16.5, 0.1,  2
 639, 42302,03072019,09032021 000519, 575, 92876.5,  4.117, 90.828,0.918273,  0.0, 15.074,1.00e-02, 17.9, -  , - 
 640, 42400,06112015,08032021 185404, 755, 18627.0,  7.151,101.361,0.633145,  0.2,246.293,2.24e-01, 17.6, -  , - 
 641, 42401,13022016,08032021 213001, 215, 18361.7,  4.180,318.111,0.630990,358.8,198.875,5.62e-02, 17.5, -  ,208
 642, 42500,27082015,09032021 002350,1812, 18731.2, 63.196,174.849,0.615317,  0.1,243.229,2.06e-01, 15.7, -  , - 
 643, 42502,16082018,08032021 214300, 546, 18725.5,  7.056, 56.653,0.639479,359.5,324.296,4.49e-02, 18.4, -  ,620
 644, 42503,27092019,08032021 205117,   1, 18752.5, 26.957, 66.406,0.638008,359.9,310.016,2.20e-02, 16.4, 0.1,  3
 645, 42600,15022018,09032021 034125,1040, 18253.0,  2.609, 10.623,0.636496,357.5, 10.285,2.05e-02, 18.7, -  , 83
 646, 42901,20042011,08032021 235904,  89, 15718.0, 26.009,236.829,0.574127,  0.1,213.191,6.61e-03, 14.1,23.9,  5
 647, 42902,05032018,08032021 193912, 194, 18294.9, 24.376,136.409,0.636042,  0.2,347.735,2.23e-02, 16.2, -  , 54
 648, 42904,11022019,08032021 235119, 182, 15580.4, 59.478,175.032,0.565188,  0.1,189.203,1.96e+00, 16.8,22.0, - 
 649, 43000,22042020,08032021 215307, 212, 18860.1, 48.835, 88.168,0.637471,360.0,219.493,2.62e-02, 17.0,12.0, 38
 650, 43100,30072017,09032021 021837,1255, 18601.8,  5.816,193.752,0.636641,  1.1, 88.255,6.36e-02, 18.9,15.0, - 
 651, 43200,31072014,09032021 015848,2263, 13212.5, 20.980, 73.064,0.486800,359.9, 69.324,9.69e-02, 15.3, 9.8, - 
 652, 43201,05042016,09032021 001322, 415, 18469.9,  7.560,342.440,0.635941,359.2,124.592,2.51e-02, 18.3, -  ,223
 653, 43202,26082016,09032021 025538, 498, 18725.3,  9.029,319.981,0.621747,359.4,119.873,5.89e-01, 18.4,69.4, - 
 654, 43203,25032017,08032021 223939,   9, 18691.2,  6.579, 34.345,0.631663,359.2,199.030,9.25e-02, 17.4, 0.2, 24
 655, 43301,08022021,09032021 035922,  25, 18976.3,  6.217,182.081,0.643602,  1.1,194.482,2.91e-02, 18.6, 1.0,  1
 656, 43400,18092017,09032021 023314,1261, 18908.2, 58.495, 81.341,0.638543,360.0,274.221,2.51e+01, 16.7, -  , - 
 657, 43401,01112020,08032021 231651,  33, 19013.4, 49.012,149.189,0.633658,  0.1,140.529,2.88e-01, 17.0, 0.7, 86
 658, 43700,13072017,09032021 002049, 175, 18861.3, 48.985, 98.336,0.628503,  0.0,215.156,5.16e-02, 19.6,11.8,170
 659, 43701,11082018,08032021 221404, 848, 19068.9,  7.574, 75.964,0.645480,359.8,329.412,2.93e-02, 18.6, -  ,177
 660, 43900,18022015,09032021 010103, 364, 18193.3,  3.088, 51.236,0.627300,358.6, 46.178,6.08e-02, 17.3, -  ,331
 661, 43901,07062015,08032021 212932, 832, 18748.1,  3.646, 87.860,0.640423,359.9,347.796,3.04e-02, 17.8, -  ,455
 662, 43903,07032017,08032021 223927, 426, 19113.9,  6.617,249.334,0.642889,  0.4,208.635,4.70e-02, 18.5, -  ,449
 663, 44001,16032017,08032021 231708,   1, 19155.2, 63.235, 69.495,0.650609,360.0,260.596,5.66e-02, 15.3, 0.2,  1
 664, 44002,22122017,09032021 015312, 260, 19164.6,  5.317,162.306,0.644984,  1.2, 35.686,2.10e-02, 18.5,55.7,350
 665, 44003,23012021,08032021 215940,   1, 18797.5, 63.020,354.212,0.652006,359.9,266.698,1.73e-02, 15.9, 1.9,  1
 666, 44100,27052017,08032021 235955, 824, 15308.5, 24.823,344.452,0.570211,359.7,  4.052,5.61e-02, 17.0, 1.3,286
 667, 44102,21012018,09032021 025846,   3, 19165.6,  3.626,202.477,0.646111,  1.7,125.693,3.26e-02, 18.2, 0.1,  2
 668, 44200,12072019,08032021 222410, 253, 19258.5, 65.127,  2.688,0.640697,359.9,335.123,1.70e-02, 16.4, 2.0, 99
 669, 44300,16092017,09032021 053226,   6, 19282.5,  3.817,274.047,0.642306,359.9,348.411,5.54e-02, 17.9, 0.1,  7
 670, 44400,15022018,09032021 003331,1115, 19288.5, 46.911,236.253,0.525435,  0.1, 93.841,4.81e+00, 18.0, -  , - 
 671, 44401,24112011,08032021 215313,   0, 19226.5, 48.606,178.315,0.638203,  0.2,128.587,6.94e-01, 14.1, 0.1, 28
 672, 44500,12032011,09032021 023146, 417, 18667.8,  6.368,339.952,0.631499,359.0,122.345,3.16e-02, 15.1, -  ,471
 673, 44502,17112020,08032021 192829,  28, 19515.8,  4.054,336.224,0.454792,358.5,284.896,1.32e+01, 17.3, 2.6,591
 674, 44600,24012018,09032021 004336,  20, 18941.8,  8.389,201.391,0.643973,  0.7,188.227,5.89e-02, 17.5,17.3, 36
 675, 44700,08062016,09032021 004750, 945, 19434.9, 21.626,272.435,0.616699,360.0,131.540,1.21e+00, 18.1, -  , - 
 676, 44701,29122017,08032021 225052,   3, 19265.2, 63.408,339.372,0.652331,359.9,271.970,4.52e-02, 15.9, 0.3,  5
 677, 44702,29112018,09032021 012601, 762, 19442.9, 49.594,196.369,0.648228,  0.1, 41.321,1.02e-01, 17.1, -  , - 
 678, 44800,05112018,09032021 024757, 840, 19381.6,  5.289,192.500,0.647695,  1.2,187.033,1.34e-01, 17.3, -  , - 
 679, 44801,02122019,08032021 220357, 459, 19362.9,  6.662, 13.311,0.652083,359.0,171.144,3.33e-02, 19.4, -  ,131
 680, 44900,15042012,09032021 032640, 291, 19220.9,  7.066,322.403,0.641263,359.3,157.854,3.68e-02, 14.1,28.9,942
 681, 44901,15022012,08032021 191030,   7, 19105.5,  3.292,280.697,0.639973,359.6,345.138,7.05e-02, 15.9, 0.2, 23
 682, 44902,01072013,09032021 032749,   0, 19447.7, 63.098,162.470,0.646426,  0.1,260.180,7.55e-02, 14.7, 0.1,  1
 683, 44903,15092017,09032021 014324,  31, 19143.8,  6.965,242.315,0.641525,  0.4,324.683,5.38e-02, 17.7, 0.5, 57
 684, 44904,16032007,08032021 235602,   1, 19305.4,  7.610, 67.488,0.657326,359.7,258.054,4.35e-03, 15.8, 0.1,  1
 685, 44905,16122011,09032021 030743,   2, 19436.3, 49.379,237.739,0.641961,  0.1, 39.367,1.01e+00, 12.1, 0.5,116
 686, 45000,22112009,09032021 011741,   2, 19030.2,  6.443,186.271,0.642557,  1.0,203.741,4.17e-02, 16.5, 0.1,  2
 687, 45003,26122019,08032021 232333, 432, 19442.2,  7.839,333.334,0.656241,359.2,170.490,1.44e-02, 18.4, -  , 18
 688, 45004,13022021,09032021 005132,   8, 19501.2, 51.222,292.094,0.596995,359.9,340.209,1.53e+01, 15.8, 1.1,278
 689, 45101,06102013,09032021 031759,  84, 19372.9, 48.799,160.625,0.645031,  0.1,149.929,1.21e-01, 15.3, 6.2,134
 690, 45102,11022021,09032021 004909,  15, 19504.1, 10.699,195.153,0.649026,  0.6,179.985,1.07e-01, 18.5, 0.3,  8
 691, 45200,23122009,09032021 030610,  11, 19281.5,  2.931,303.907,0.640135,358.8,300.873,7.99e-02, 17.0, 0.1, 20
 692, 45300,05012008,08032021 182622, 126, 19342.1,  3.366,320.360,0.641384,358.5,259.755,7.05e-02, 16.4, 4.6,303
 693, 45301,31052017,08032021 214046,1263, 19593.0, 15.597, 98.390,0.632768,  0.1,304.517,1.19e+00, 17.0, -  , - 
 694, 45400,12052017,09032021 032652, 390, 19610.8,  4.842, 66.367,0.647495,359.4, 28.511,5.73e-02, 18.1,27.4,484
 695, 45401,15022018,08032021 174932,1105, 19581.2,  7.359,283.869,0.650687,359.8,339.736,5.40e-02, 17.9, -  ,135
 696, 45402,06072012,09032021 054732, 610, 19580.4, 48.831,212.147,0.653696,  0.1, 77.532,6.11e-02, 18.6, -  , - 
 697, 45403,05072012,09032021 035554,   1, 19591.2, 48.851,238.869,0.649295,  0.1, 51.304,8.14e-02, 15.3, 0.1, 10
 698, 45501,07072012,09032021 010336,  67, 19546.6, 48.710,176.299,0.649384,  0.2,136.794,1.24e-01, 16.6, 4.2,220
 699, 45600,08032010,09032021 024716,  17, 19292.6,  3.306,350.104,0.641885,358.0,200.261,8.04e-02, 17.1, 0.2, 36
 700, 45601,07072012,08032021 234206,  75, 19655.7, 49.400,217.998,0.648340,  0.1, 35.927,7.98e-02, 19.3, 2.5,238
 701, 45602,03072012,09032021 001404,  86, 19656.6, 48.870,181.627,0.653611,  0.2,111.715,5.72e-02, 19.7, 5.6, 81
 702, 45700,14042020,09032021 051145, 316, 19684.1,  3.493,249.660,0.655675,  0.7,323.497,4.02e-02, 18.0, -  , 38
 703, 45800,25092001,09032021 062331, 120, 19053.6,  6.703, 49.465,0.639014,359.3,115.614,7.24e-02, 15.2,26.6,283
 704, 45801,08082015,09032021 005313,   4, 19275.9,  6.906,285.086,0.647609,359.8,323.831,4.99e-02, 17.6, 0.1,  4
 705, 45802,12092018,08032021 220903,   3, 19690.7, 48.823,193.814,0.654505,  0.2, 98.888,5.23e-02, 18.6, 0.1,  5
 706, 45900,29072009,08032021 203301,   0, 19684.1,  4.285,110.816,0.649903,  0.6,302.068,5.75e-02, 17.2, 0.1,  1
 707, 45901,23042018,08032021 200900, 757, 19836.2, 49.084,330.768,0.639099,359.9,352.555,3.41e-01, 16.8, -  , - 
 708, 46100,14022020,09032021 002448, 385, 19801.4, 31.054,102.204,0.608710,  0.0,255.428,2.69e+00, 16.2,32.2, - 
 709, 46200,25042018,09032021 030545, 954, 19851.3, 48.542,264.970,0.651810,  0.0, 52.791,8.53e-02, 15.5, -  , - 
 710, 46500,24082009,08032021 193326,   0, 19204.6,  9.545,116.724,0.646838,  0.3,292.671,8.43e-02, 13.1, 0.1,  5
 711, 46501,08112013,08032021 204428,1233, 16453.5, 62.785,209.800,0.586773,  0.1,304.235,7.18e-03, 13.1, 5.2, 70
 712, 46600,19072007,08032021 230322, 339, 19715.3,  3.085, 38.666,0.654317,358.3,107.595,2.93e-02, 17.9,55.9,135
 713, 46601,14062012,08032021 210646,   4, 17659.7,  7.630,294.493,0.619410,359.6, 15.437,2.18e-02, 12.6, 1.5,  4
 714, 46602,27082017,09032021 034717,1056, 23866.9,  7.522, 61.885,0.719307,359.6, 58.982,7.64e-02, 18.2, 9.1, - 
 715, 46603,14112020,08032021 203630,   1, 19953.3,  6.515,350.546,0.658905,359.0,306.577,5.32e-02, 16.3, 0.1,  2
 716, 46700,27072006,08032021 201029, 167, 19847.5,  7.329,167.368,0.649354,  0.9,331.582,1.29e-01, 16.4, 9.5,678
 717, 46703,01072012,09032021 023858,  18, 19963.9, 48.691,280.116,0.648471,360.0, 33.993,1.31e-02, 18.7, 0.3, 32
 718, 46704,04032020,08032021 222311, 369, 19963.5,  4.765,310.591,0.649083,359.1,239.748,1.74e-01, 18.5,38.3, - 
 719, 46801,18032013,09032021 024652, 726, 20043.3, 49.212,313.869,0.642443,359.9,356.058,5.71e-02, 16.6,22.6,576
 720, 46802,03032018,08032021 223113, 796, 20040.9, 49.070,308.144,0.643887,359.9,  2.325,1.00e-02, 16.3,11.8,160
 721, 46803,12062012,09032021 032910, 162, 20052.2, 49.219,316.192,0.643674,359.9,356.744,6.12e-02, 18.1, 1.2,236
 722, 46804,02072012,09032021 003753, 133, 20067.6, 49.221,328.741,0.641648,359.9,349.866,1.20e-01, 19.6, 0.7, 37
 723, 46805,08102018,09032021 042133, 109, 19819.4,  7.721,188.813,0.655882,  0.9,104.577,2.32e-01, 17.1, -  , - 
 724, 46807,07112011,09032021 025621,  64, 19805.2, 48.752,203.862,0.655938,  0.1, 91.110,2.02e-02, 19.1, 1.0, 16
 725, 46900,14102011,09032021 011454,   0, 17807.4, 25.374,105.649,0.627849,  0.1,  7.156,7.67e-03, 10.8, 0.1,  1
 726, 46901,25112014,09032021 045055,  40, 19936.5, 48.260,219.291,0.656409,  0.1,127.985,1.29e-01, 17.9, 2.4,121
 727, 46902,22092019,08032021 233634, 223, 20028.7, 61.476,349.640,0.646082,359.9, 50.303,6.53e-01, 16.0,53.8, - 
 728, 47000,04082013,08032021 185919,   1, 19624.3,  7.831, 10.425,0.653865,359.2,298.612,9.49e-02, 16.7, 0.1,  2
 729, 47001,09032017,09032021 005341,   1, 20028.7, 64.015,219.648,0.584979,  0.1,243.961,9.01e-02, 15.8, 0.1,  4
 730, 47002,10042013,08032021 223200, 820, 17909.2, 49.144,326.867,0.625189,359.9,353.512,1.91e-01, 17.0,27.7, - 
 731, 47100,24072014,08032021 224525,  81, 18389.6,  7.606, 30.622,0.635320,359.2,177.508,4.67e-02, 17.2, -  , 50
 732, 47101,23122009,08032021 203818, 820, 20051.7,  2.699,322.996,0.599200,358.1,236.049,5.63e-02, 17.4, 7.9,839
 733, 47102,01112016,08032021 234442,1095, 20067.9,  8.082,209.730,0.652169,  0.7, 66.372,6.25e-01, 17.6, -  , - 
 734, 47103,10052018,09032021 015349, 729, 19909.3, 49.608, 26.131,0.646076,359.9,278.813,2.28e+00, 16.1, -  , - 
 735, 47104,09122018,08032021 215329,   1, 20092.1,  2.790,251.525,0.657194,  0.7, 42.525,5.59e-02, 17.3, 0.1,  1
 736, 47105,22102013,08032021 201713,  73, 19837.6, 47.873,288.444,0.662303,360.0, 95.125,3.71e-01, 15.5, 7.7, - 
 737, 47200,16032015,09032021 041104,   3, 16152.4,  2.020,252.905,0.580888,  0.9, 30.616,2.14e-02, 16.1, 0.1,  2
 738, 47201,13092018,09032021 054544,  20, 20051.5,  5.374,205.641,0.661727,  1.1,166.666,5.80e-02, 18.0, 0.5, 35
 739, 47202,05072012,08032021 185110,   8, 20104.8, 49.267,358.347,0.637184,359.8,325.771,5.19e-02, 18.0, 0.1, 19
 740, 47203,11022019,08032021 200049, 756, 20134.1, 49.205, 14.039,0.636900,359.9,314.881,7.45e-02, 16.8,17.6, - 
 741, 47300,27072012,09032021 012612,   1, 18267.8,  2.973, 51.513,0.635915,358.6, 34.811,4.69e-03, 14.0, 0.1,  1
 742, 47304,05102015,09032021 031508,   3, 20131.1,  3.144,316.934,0.652715,358.5,272.607,8.55e-02, 17.3, 0.1,  3
 743, 47305,08052016,09032021 023231,1763, 16182.2,  2.247,300.142,0.572997,358.6,142.989,2.36e-01, 17.8,22.5,962
 744, 47306,08112018,08032021 200746,   1, 20113.2, 63.190,233.860,0.612752,  0.1,233.151,5.00e-02, 17.0, 0.1,  1
 745, 47400,31052008,09032021 043952,   2, 19825.5,  7.986, 44.825,0.655706,359.4, 32.363,1.08e-01, 14.0, 0.1, 20
 746, 47401,18072015,08032021 222550,   3, 17930.8, 25.020,339.586,0.627492,359.7, 19.445,1.21e-01, 15.8, 2.8,  9
 747, 47402,21072015,08032021 195824,   7, 20136.6,  4.166,  9.588,0.653848,358.4,154.025,8.66e-02, 17.2, 0.1,  8
 748, 47403,12102013,09032021 025130,   2, 20138.2, 49.850, 31.149,0.642429,359.9,257.583,1.31e+00, 14.4, 0.1, 19
 749, 47404,15102018,09032021 052754, 872, 20222.0, 44.082,243.392,0.079176,  0.1,347.869,2.96e+01, 17.9, -  , - 
 750, 47405,22102018,09032021 045137, 725, 18884.2, 27.128,287.647,0.645575,359.9,107.947,5.15e-01, 15.8,51.1, - 
 751, 47500,08012008,09032021 001741,3795, 17032.8,  3.073,253.890,0.599853,  0.6,354.074,8.83e-02, 18.2, -  , - 
 752, 47600,05052008,08032021 214450, 404, 19940.8,  6.389,203.897,0.652007,  0.9,270.014,5.87e-02, 15.4,47.7, - 
 753, 47601,22122012,08032021 225945,   1, 13251.3, 26.047,103.641,0.501339,  0.1,159.454,7.22e-03, 10.5, 0.5,  1
 754, 47602,14122014,09032021 005614, 346, 14712.4, 18.807,351.042,0.549658,359.6,  4.541,1.73e+00, 15.8, 7.6, - 
 755, 47603,25012015,08032021 190900,   1, 20275.2, 48.210,280.517,0.661654,360.0, 68.372,1.56e-02, 18.0, 0.1,  2
 756, 47604,26102011,09032021 032922, 856, 20137.3, 48.706,241.972,0.664484,  0.1, 51.444,2.04e-02, 16.8, -  ,461
 757, 47605,05022016,09032021 005846,   6, 20194.4, 46.704,264.809,0.529644,  0.0,173.307,6.40e+00, 12.9, 0.6,159
 758, 47606,28012017,09032021 020921, 552, 20218.2,  6.333,309.216,0.659004,359.3, 76.300,8.97e-02, 18.1, -  , - 
 759, 47607,02042017,09032021 004107,   1, 20254.4,  6.943, 48.596,0.655580,359.4, 15.837,8.46e-02, 17.4, 0.1,  2
 760, 47608,05072012,08032021 235822, 535, 20251.3, 49.114,330.304,0.646689,359.9,351.391,1.01e-02, 19.3, 6.6, 95
 761, 47701,16032018,08032021 235426,1052, 20171.8,  8.627,328.918,0.654576,359.3,290.078,2.86e-01, 18.3, -  , - 
 762, 47703,26062012,08032021 203919,   1, 20234.6, 49.001, 83.511,0.626592,360.0,259.724,6.76e-03, 18.3, 0.1,  1
 763, 47800,20032012,09032021 023309,   2, 19460.1, 27.763,  0.136,0.657269,359.8, 83.907,6.87e-03, 11.3, 0.1,  1
 764, 47801,12062012,08032021 194033, 263, 20322.0, 48.789, 44.036,0.645812,359.9,293.553,8.60e-01, 15.2,46.5, - 
 765, 47802,12052012,09032021 015340,   3, 20211.4, 50.579, 24.953,0.644028,359.9,233.733,1.60e+00, 13.1, 0.3, 80
 766, 47803,21062012,09032021 014727,  22, 20356.0, 48.915,315.864,0.659372,359.9, 21.936,1.61e-02, 17.0, 7.7,125
 767, 47804,24012020,08032021 222355,   0, 20295.6, 48.535, 18.536,0.626207,359.9,328.314,1.06e+00, 16.4, 0.1, 13
 768, 47805,06082010,08032021 235704,   2, 20256.5,  8.221,128.134,0.656029,  0.5,146.682,4.74e-02, 15.4, 0.1,  5
 769, 48000,08092008,08032021 215604, 443, 19294.8, 11.015,191.038,0.649352,  0.6,186.113,5.40e-01, 16.1,26.3, - 
 770, 48100,28102014,09032021 022521,2271, 20317.8,  9.787,250.215,0.645881,  0.2,343.900,6.01e-01, 16.8, -  , - 
 771, 48200,19012012,08032021 233019,   1, 19766.4,  6.531, 52.418,0.657436,359.4,239.056,6.22e-02, 14.2, 0.1,  2
 772, 48201,21122009,09032021 022245,   1, 20410.5,  2.542, 84.103,0.656029,359.7, 10.946,7.58e-02, 16.1, 0.1,  2
 773, 48202,29072008,08032021 203743,   5, 20354.2,  4.387,211.950,0.655838,  1.3,105.030,1.14e-01, 17.1, 0.1, 11
 774, 48203,29072018,08032021 212646,   2, 20383.8, 62.779,276.815,0.635373,360.0,241.276,1.43e-01, 17.8, 0.1,  9
 775, 48205,14032019,08032021 184438, 537, 20380.6,  5.655,113.929,0.658399,  0.5,271.236,3.77e-02, 18.2,16.7, 25
 776, 48300,03022014,08032021 200822,   3, 20434.2, 11.643,316.020,0.645919,359.6,101.135,3.05e-01, 16.9, 0.1,  4
 777, 48301,02092015,08032021 220859, 114, 20189.4,  6.132, 21.186,0.658408,359.0,189.877,8.60e-02, 17.1, 6.8,405
 778, 48400,21012007,08032021 230126, 311, 20212.1,  7.787, 66.032,0.660902,359.6,141.645,4.98e-02, 18.7,24.9,389
 779, 48401,17032016,08032021 222922,  63, 20429.6,  8.019,265.103,0.656217,  0.1,255.755,1.59e-01, 16.9, 0.8, 98
 780, 48500,05122012,09032021 010901,   1, 18359.9, 26.092,265.522,0.637908,  0.0,169.121,8.91e-03, 11.3, 0.3,  1
 781, 48501,24032010,09032021 003934, 230, 20211.7,  8.227,144.530,0.663606,  0.7,297.552,2.29e-02, 17.2,33.4,155
 782, 48502,18052018,08032021 202425, 321, 20418.4,  6.937,349.618,0.667689,359.1,237.246,1.48e-02, 18.8,43.3, 46
 783, 48600,16022018,08032021 230209,1114, 20432.4,  6.972,357.139,0.668048,359.0,220.475,2.15e-02, 18.7, -  , 89
 784, 48602,05072012,09032021 030430,  30, 20502.8, 47.957,358.341,0.652245,359.8, 47.657,3.91e-03, 16.0, 0.2, 48
 785, 48700,29072006,09032021 005538,   1, 20499.7,  1.497,214.411,0.658823,  3.5,126.157,4.37e-02, 15.8, 0.1,  4
 786, 48702,12122018,08032021 175222, 295, 20539.8, 26.286,253.480,0.663961,  0.1,342.816,8.98e-02, 16.1,18.1, 35
 787, 48703,27012020,09032021 001828,   0, 20496.5, 51.036,329.225,0.663216,359.9, 20.904,1.02e+01, 15.1, 0.4, 57
 788, 48800,18012021,08032021 213327,  36, 20580.6,  2.388,261.065,0.656979,  0.4, 29.012,1.46e-02, 17.5, 0.1,  2
 789, 48900,20092015,08032021 225541, 439, 20637.4,  6.342, 63.154,0.649057,359.5, 28.485,1.81e-01, 17.6,18.4, - 
 790, 48901,19122009,08032021 223120,  20, 20584.3,  2.279,355.411,0.651807,357.1,199.461,7.66e-02, 17.9, 0.1, 25
 791, 48902,04122018,08032021 234901, 805, 20116.3,  1.885, 36.717,0.671008,357.1,307.214,2.69e-02, 18.7, 1.0, 25
 792, 48903,13032019,09032021 021754, 682, 20693.9, 52.045,255.041,0.269991,  0.0, 54.686,4.40e+01, 17.0, -  , - 
 793, 49000,30072011,09032021 031755,   3, 19762.1, 62.927,214.113,0.658446,  0.1,269.246,7.78e-03, 14.1, 0.1,  1
 794, 49001,21092015,09032021 012857, 302, 20609.4,  4.121, 43.057,0.653096,358.8, 96.304,9.10e-02, 17.5, 3.0, 97
 795, 49002,09032016,08032021 200219, 261, 20638.6,  8.439,231.259,0.646020,  0.5,300.356,3.47e-01, 17.5, 8.9, - 
 796, 49003,05052018,09032021 020228, 575, 20652.1, 49.294,352.813,0.659844,359.8,330.077,1.82e-01, 19.4,39.3, - 
 797, 49004,25102019,08032021 223745, 498, 20667.3,  8.209, 46.019,0.669350,359.4, 12.629,1.49e-02, 17.6,32.2, 23
 798, 49100,07032016,09032021 062302, 274, 20627.1, 48.868,306.742,0.614955,359.9, 85.439,4.04e+00, 15.3,94.9, - 
 799, 49102,10052018,09032021 012421, 265, 20644.6, 48.727, 68.281,0.652162,359.9,268.883,1.28e+00, 15.6,67.7, - 
 800, 49103,09042020,08032021 223958, 309, 20629.9, 48.777,298.272,0.627946,359.9, 84.591,6.29e+00, 17.4,44.8, - 
 801, 49104,13042020,09032021 011604, 313, 20648.5,  7.980,296.523,0.661670,359.6,203.397,1.33e+00, 18.1, -  , - 
 802, 49200,18062011,09032021 031307,   3, 19409.8, 63.211,215.605,0.649600,  0.1,273.279,9.11e-03, 11.9, 0.1,  1
 803, 49201,22032010,09032021 005305,   8, 20488.5,  5.517,129.220,0.667813,  0.8,191.149,7.26e-02, 15.7, 0.2, 33
 804, 49202,17082014,08032021 225918,  97, 20630.1,  2.767, 66.286,0.665602,359.0,261.292,1.06e-01, 17.5, 4.7,159
 805, 49204,25082017,08032021 212410,1283, 20612.1, 67.724,  3.272,0.557933,359.9,341.694,6.48e+01, 17.5, -  , - 
 806, 49206,24042019,09032021 033939, 674, 20665.9, 10.383,168.029,0.662492,  0.6,202.190,2.45e-01, 18.8, -  , - 
 807, 49300,05032009,09032021 040436, 114, 20748.6,  7.008,191.870,0.649380,  0.9, 64.358,6.06e-01, 15.7, 5.7, - 
 808, 49301,27022016,09032021 011342, 316, 20735.3,  7.387,137.849,0.665652,  0.7, 37.617,9.30e-02, 18.1, 8.6,325
 809, 49302,01032016,08032021 180639, 318, 20707.9,  7.080,265.417,0.645493,  0.1,284.112,3.45e-01, 16.8,12.4, - 
 810, 49303,05122016,08032021 205105,   1, 20689.8, 48.583,354.384,0.592033,359.8, 48.795,3.37e+00, 17.8, 0.1, 25
 811, 49304,25072017,08032021 191422, 468, 20791.7,  8.251,204.379,0.641773,  0.7,251.221,1.00e+00, 17.9, -  , - 
 812, 49305,17012018,08032021 223300,   7, 20559.2,  6.483,327.034,0.666982,359.1,256.972,7.57e-02, 17.3, 0.1,  7
 813, 49306,05032019,08032021 230749, 695, 20546.8, 50.020,345.450,0.636008,359.9, 33.715,9.32e+00, 18.3, -  , - 
 814, 49307,19042020,09032021 005907, 198, 20766.0, 20.114, 93.931,0.353849,  0.0, 89.364,2.83e+01, 16.7,67.3, - 
 815, 49500,24032010,08032021 194027,  15, 20734.8,  5.069,152.938,0.661346,  1.2, 62.894,1.05e-01, 17.4, 0.1,  7
 816, 49501,15012013,08032021 223915, 169, 20330.5,  6.447,212.789,0.667159,  0.9,290.350,2.86e-02, 17.6,98.1,143
 817, 49502,04052016,09032021 030509,1059, 19162.6,  6.923,280.492,0.635381,359.8,341.800,1.19e-01, 18.2, -  , - 
 818, 49504,13042006,08032021 214259,   0, 20823.3, 10.181, 84.799,0.645145,359.9,204.855,3.01e-01, 15.7, 0.1, 10
 819, 49505,16072017,08032021 185539, 247, 20138.1, 57.499, 37.103,0.583322,359.9,331.208,3.41e+01, 17.1, -  , - 
 820, 49600,07042016,08032021 233811, 342, 20838.1,  4.668, 55.324,0.640423,359.2, 60.041,2.50e-01, 16.5, 8.1, - 
 821, 49601,21032017,09032021 004024,1038, 20031.6, 50.525, 12.517,0.663694,359.9,346.639,1.09e+01, 16.3, -  , - 
 822, 49602,10052017,08032021 210906,   3, 20781.8,  8.008,131.354,0.641842,  0.6,185.955,5.47e-02, 18.6, 0.1,  1
 823, 49603,15092017,09032021 051942, 396, 20789.3,  7.291, 32.215,0.645391,359.2, 34.781,3.90e-01, 18.3, 7.5,978
 824, 49701,26072009,08032021 230642, 644, 20787.2,  8.778,115.191,0.642432,  0.3,196.883,9.58e-02, 17.1,10.4, - 
 825, 49702,02042017,09032021 030631, 696, 20793.1,  8.642,126.758,0.642087,  0.5,175.577,1.62e-01, 17.9,11.2,311
 826, 49703,15052017,08032021 175357,1389, 18630.1, 49.723, 39.397,0.637629,359.9,314.371,3.55e+01, 14.8, -  , - 
 827, 49704,01072019,08032021 205826, 600, 20936.7, 30.126, 25.363,0.381001,359.8,336.678,3.06e+01, 17.0, -  , - 
 828, 49705,20072019,09032021 012138, 353, 20814.2, 50.561, 61.424,0.656659,359.9,207.781,4.51e-01, 17.0,18.9,399
 829, 49800,05072016,09032021 040733,  12, 20811.5, 48.937,312.779,0.612672,359.9, 63.430,1.22e+00, 16.2, 1.5,384
 830, 49801,21032018,09032021 053317,1037, 20818.6, 49.299,218.786,0.495936,  0.1, 58.042,2.24e+01, 16.2, -  , - 
 831, 49900,23122009,08032021 214540, 209, 20837.3,  5.736,195.795,0.660869,  1.1,330.075,2.22e-01, 15.1, 7.3, - 
 832, 49901,02022014,08032021 181119,   9, 20883.1,  5.369,210.217,0.663644,  1.1,302.824,1.11e-01, 17.0, 0.1,  5
 833, 49902,19012018,09032021 050404,  80, 20865.2,  7.463,317.387,0.677458,359.4,296.268,1.16e-01, 17.4, -  ,769
 834, 49903,23012018,08032021 181338,1139, 20855.9, 49.076,140.340,0.497422,  0.1,238.773,1.48e-02, 16.4, 0.7, 20
 835, 49905,25092019,08032021 202235, 504, 20922.7, 15.717,118.679,0.656905,  0.2,248.685,4.30e+00, 17.8, -  , - 
 836, 49906,19072020,08032021 230549, 197, 20850.9,  6.529,338.243,0.672517,359.1,254.331,2.09e-02, 17.8, 9.2, 10
 837, 50000,10052016,09032021 031528,  89, 20656.4, 49.240,322.389,0.594689,359.9, 56.697,1.69e+00, 16.5,14.5, - 
 838, 50001,06042017,08032021 221539,1286, 20920.8, 49.368, 73.347,0.589578,360.0,294.779,4.08e+00, 15.6, -  , - 
 839, 50002,07102018,08032021 225538, 871, 20882.3, 68.818, 54.813,0.565249,359.9,301.151,6.83e+01, 18.3, -  , - 
 840, 50003,19012007,09032021 025916,   1, 20878.8,  6.721,318.112,0.665222,359.3,150.424,6.64e-02, 15.2, 0.1,  3
 841, 50100,16072009,08032021 233423,   9, 20888.7,  6.702,323.894,0.664882,359.2,140.832,2.00e-02, 18.3, 0.1,  3
 842, 50102,13042018,09032021 014703, 808, 20851.2, 40.203,195.522,0.280972,  0.2,171.069,3.74e+01, 17.3, -  , - 
 843, 50200,06082007,09032021 012916,   3, 20908.0,  6.051,348.779,0.662150,358.9, 96.755,9.12e-02, 16.3, 0.1,  8
 844, 50201,08112008,08032021 215145,   0, 20939.9, 49.207, 76.998,0.582017,360.0,299.425,5.37e-01, 14.9, 0.1,  7
 845, 50204,30052017,09032021 012037, 967, 20851.7, 48.686,148.027,0.575443,  0.1,261.626,1.32e+01, 16.0, -  , - 
 846, 50205,07122017,09032021 011613, 325, 19924.6, 26.441,128.792,0.660749,  0.2,357.846,1.79e-01, 16.1, -  ,832
 847, 50301,16022018,08032021 222103, 163, 20887.4,  2.814,339.710,0.674965,357.8,246.632,2.22e-02, 17.2, 2.7,129
 848, 50400,26072009,08032021 200831,  10, 20909.9,  4.497,245.907,0.665012,  0.6,227.309,1.22e-01, 17.1, 0.1,  6
 849, 50401,24032010,08032021 161148,   2, 21044.5,  5.414, 53.198,0.664165,359.2,288.290,1.38e-01, 17.0, 0.1,  9
 850, 50402,08052015,09032021 035500, 459, 21120.9, 56.971,233.296,0.330901,  0.1,175.555,2.86e+01, 14.6,72.5, - 
 851, 50403,20062018,09032021 042904, 567, 21012.3, 49.260, 36.031,0.663530,359.9,284.926,1.50e-01, 15.6,10.3, - 
 852, 50404,01022019,09032021 031003, 746, 20985.0,  5.889,221.688,0.674512,  0.8,147.658,4.23e-02, 17.6, -  , 37
 853, 50500,25092010,08032021 183257,   3, 20578.5,  7.403,291.346,0.668707,359.7,356.699,5.92e-02, 14.5, 0.1, 13
 854, 50501,15122010,09032021 042913,   3, 21031.6,  7.216,164.663,0.634977,  0.9,150.331,2.87e-01, 16.0, 0.1, 15
 855, 50600,07102012,08032021 194612, 218, 19463.0, 63.022,355.604,0.663901,359.9,266.628,1.59e-02, 15.7, 1.4, 59
 856, 50602,01072017,08032021 202854,1010, 20899.5, 46.967,134.563,0.575479,  0.1,267.061,9.16e+00, 16.1, -  , - 
 857, 50603,22062018,09032021 012923, 855, 21020.2, 49.695, 47.076,0.661338,359.9,252.992,1.94e-01, 15.5,62.8, - 
 858, 50604,13102020,09032021 024019, 135, 20482.6,  4.942,203.698,0.672505,  1.2,130.615,3.41e-01, 17.8, 0.3, 71
 859, 50700,09091996,08032021 201726,   0, 20608.4,  7.693, 82.407,0.671098,359.9,319.848,3.21e-02, 15.9, 0.1,  1
 860, 50701,05072012,08032021 175416,   3, 21119.9, 49.279, 49.015,0.665349,359.9,274.596,4.08e-02, 17.8, 0.1,  8
 861, 50702,12072016,08032021 194231,1101, 21085.8, 48.838, 46.267,0.632453,359.9,353.170,1.01e+01, 16.4, -  , - 
 862, 50703,22112016,09032021 064407,  92, 21107.6,  7.645,293.158,0.674699,359.7,349.710,9.74e-02, 17.4, 3.5,293
 863, 50704,31012017,09032021 011841, 170, 21116.9,  5.864,104.271,0.660007,  0.3,150.265,8.93e-02, 18.1, 1.3, 82
 864, 50705,26042017,08032021 203432,  24, 21108.5,  7.086, 72.290,0.667428,359.7,292.616,6.66e-02, 18.1, 0.2, 33
 865, 50706,10032018,08032021 184914, 333, 21072.4, 50.619,175.556,0.546426,  0.1,209.311,1.60e+01, 16.6,37.4, - 
 866, 50800,18072009,09032021 021748,   1, 21115.8,  4.097,348.428,0.666657,358.4, 57.881,4.94e-02, 16.1, 0.1,  2
 867, 50801,22122009,09032021 050234,   7, 21118.7,  6.050,123.233,0.660490,  0.6,105.662,1.20e-01, 17.0, 0.1,  8
 868, 50802,07082014,08032021 230948,   1, 18552.3, 62.991,351.245,0.647692,359.9,267.263,1.29e-02, 14.6, 2.0,  1
 869, 50900,23042009,08032021 202948, 214, 21116.4,  7.219,294.109,0.652111,359.6,198.029,1.13e-01, 16.3, 1.0,110
 870, 50901,23022014,08032021 231918, 119, 20981.8,  3.384,353.053,0.667999,358.1,204.414,5.25e-02, 15.9, 4.4,196
 871, 50902,26102019,08032021 230331, 453, 21145.2, 12.188,112.692,0.544047,  0.2,228.597,6.90e+00, 17.0,44.0, - 
 872, 51000,30102015,08032021 221558,   4, 21121.8, 47.768,160.773,0.532592,  0.1,264.665,4.02e+00, 14.9, 2.1,542
 873, 51002,15082018,09032021 010530, 935, 21231.7,  4.172,188.665,0.656230,  1.6, 10.773,3.50e-01, 18.9,65.1, - 
 874, 51003,30012019,08032021 231652, 608, 21188.4, 49.019, 54.160,0.669514,359.9,280.411,8.14e-02, 17.0,22.8,445
 875, 51004,22092019,08032021 200203, 447, 21219.1, 15.660, 36.915,0.670712,359.7,343.852,2.44e+00, 14.7, -  , - 
 876, 51005,13112020,08032021 204031, 105, 21049.2, 11.033, 18.111,0.614707,359.4,  6.336,4.71e+00, 13.1,13.7, - 
 877, 51006,13022021,08032021 230527,   4, 21167.5,  9.162,160.265,0.673579,  0.7,219.289,3.01e-01, 17.9, 0.2, 40
 878, 51100,03042011,09032021 021743,  10, 21268.6,  3.688,190.613,0.659685,  1.8, 17.408,9.83e-02, 13.6, 0.1, 23
 879, 51101,09062008,08032021 223743,3912, 21244.6,  8.211,327.955,0.659818,359.3,  1.075,1.33e-01, 19.7, -  , - 
 880, 51102,21012012,09032021 034341,   1, 19914.2,  8.655,343.256,0.657508,359.3,275.826,7.10e-02, 15.9, 0.1,  4
 881, 51103,24032018,09032021 014925, 713, 21183.6,  9.015,352.728,0.668605,359.3,229.520,1.32e-01, 18.0,50.6,766
 882, 51104,21012007,08032021 221007,  43, 21184.6, 27.332,103.667,0.668246,  0.1,315.084,1.86e-02, 17.7, 0.4, 55
 883, 51200,03082017,08032021 234827,1246, 21230.0,  7.222, 87.209,0.669575,360.0,338.284,4.88e-01, 16.5, -  , - 
 884, 51201,09012007,09032021 004836, 279, 21243.4, 26.441,112.642,0.675861,  0.1,337.556,5.53e-03, 17.0, 2.7, 94
 885, 51300,24032004,09032021 000526,  15, 21131.1, 10.281,216.200,0.672322,  0.5,293.838,1.06e-01, 14.1, 0.2, 21
 886, 51302,01082014,08032021 202524, 204, 16645.6,  1.687,343.626,0.600776,356.3,325.524,4.32e-02, 17.6, 1.2,160
 887, 51303,22122016,08032021 195120,1498, 21276.7,  6.569,246.942,0.659648,  0.4,306.702,4.97e-02, 17.9,24.4, - 
 888, 51304,02042017,08032021 222158,  16, 21313.1, 60.634,298.429,0.526412,359.9,212.790,8.49e+00, 15.5, 1.8,478
 889, 51305,03072017,09032021 004352, 130, 21226.5, 47.997,148.191,0.571866,  0.1,270.864,2.21e+00, 15.1,27.1, - 
 890, 51307,06082019,08032021 215554, 371, 21251.7,  5.155,306.450,0.654679,359.2,133.485,1.06e-01, 17.7, 9.2, - 
 891, 51400,30052008,08032021 181309,  42, 21292.5,  7.870,  1.579,0.658546,359.2,311.396,9.50e-02, 17.2, 0.4,110
 892, 51402,06082017,09032021 031142,1271, 21276.2, 47.501,309.681,0.421879,359.9,121.205,8.49e+00, 16.7, -  , - 
 893, 51403,22042018,09032021 033009,1048, 21150.8,  7.165, 44.888,0.677445,359.3,171.381,8.54e-02, 18.6, 5.4,104
 894, 51501,23082014,08032021 221804, 135, 20758.0,  6.534,132.151,0.669561,  0.7,171.652,3.24e-01, 18.2, -  ,815
 895, 51502,07122016,09032021 001537, 146, 21306.5,  7.598, 73.970,0.651820,359.7,177.618,5.66e-02, 16.6, 0.7,148
 896, 51503,09042018,09032021 000525,   3, 21316.1, 49.488,209.939,0.518043,  0.1,168.240,3.22e+00, 15.5, 1.0,255
 897, 51600,13112014,08032021 235410,   2, 20398.4, 21.623,254.035,0.666661,  0.1,119.753,1.24e-01, 15.3, 0.5, 18
 898, 51601,17032010,08032021 174243,   8, 21212.7,  3.886,320.492,0.678179,358.7,284.294,2.66e-02, 17.3, 0.1,  9
 899, 51602,28052017,08032021 211627,1379, 21378.2, 51.569,167.046,0.553589,  0.1,196.497,1.19e+01, 17.2, -  , - 
 900, 51603,01072017,08032021 225432, 501, 21050.8,  6.582, 75.018,0.674911,359.7, 46.681,1.40e-01, 17.3, -  ,652
 901, 51604,29042020,08032021 213945,   2, 21332.6,  7.563,111.461,0.652082,  0.3, 97.754,2.55e-02, 18.3, 0.1,  2
 902, 51605,14112020,09032021 001543,  93, 21159.6, 10.577, 39.817,0.615029,359.5,338.423,6.57e+00, 15.9,30.4, - 
 903, 51700,20122009,08032021 192534,   5, 21361.7,  7.362,240.186,0.646187,  0.4,207.512,1.56e-01, 17.0, 0.1, 10
 904, 51800,24122009,08032021 211743, 248, 21360.2,  5.547,255.451,0.534876,  0.3,231.828,8.79e-02, 18.2, 1.0, 93
 905, 51801,25112016,09032021 005701,  25, 21423.9,  5.640,224.603,0.664831,  0.8,  7.255,1.76e-01, 16.5, 0.3, 50
 906, 51802,30122017,09032021 012638, 303, 21386.6,  7.383,249.057,0.646643,  0.3,189.115,2.72e-02, 17.4, 0.9,163
 907, 51900,19042009,09032021 000406,   2, 21216.1,  8.030,220.425,0.678253,  0.6,153.560,3.02e-02, 16.7, 0.1,  2
 908, 51901,26112017,08032021 234723, 944, 21398.7,  6.553,221.292,0.680824,  0.8,292.022,4.63e-02, 18.8, -  ,315
 909, 51902,29112017,08032021 164354,1177, 21053.0,  7.793,132.707,0.663508,  0.6,349.636,3.42e-01, 18.2,32.2, - 
 910, 52000,21042009,09032021 014927,3966, 21275.7,  7.160,163.516,0.676506,  0.9,109.928,3.95e-02, 17.5,28.8, - 
 911, 52001,15052017,09032021 064326, 401, 21427.5,  7.762,295.297,0.682588,359.6, 70.356,5.13e-02, 18.0, -  ,387
 912, 52002,22042018,09032021 012026, 992, 21428.9, 49.302,227.023,0.520101,  0.1,173.892,2.93e+00, 17.7, -  , - 
 913, 52003,11122018,08032021 224135, 435, 21418.8, 49.505, 90.816,0.665412,  0.0,230.611,2.33e-01, 15.6,21.3, - 
 914, 52100,22072014,09032021 001731, 725, 18823.1,  1.535,134.034,0.643960,  3.2,351.379,8.03e-02, 17.9,26.4,747
 915, 52102,09082019,08032021 223504, 470, 21447.1, 10.232,325.157,0.673397,359.5,140.173,3.73e-01, 17.4,38.3, - 
 916, 52103,26072012,09032021 000704,   1, 21479.6,  4.311, 59.900,0.641914,359.2,284.034,1.35e-01, 14.9, 0.1,  7
 917, 52200,16032015,09032021 000423,   0, 21368.0,  7.831,  5.393,0.682629,359.1,339.691,1.13e-01, 17.2, 0.1,  1
 918, 52202,04022019,08032021 162906,  17, 21485.7,  4.612, 72.693,0.641014,359.6,255.084,8.64e-02, 18.5, 0.1,  9
 919, 52203,29072019,09032021 030926, 454, 21502.3, 12.335,134.449,0.474735,  0.4,181.271,1.75e+00, 16.9,52.1, - 
 920, 52204,29082019,08032021 233350,  21, 21619.5, 12.426,139.236,0.476521,  0.4,181.725,3.52e+00, 16.3, 9.8, - 
 921, 52300,25012010,09032021 012228, 126, 21538.2,  6.259,211.391,0.633095,  0.9,295.002,1.32e-01, 17.4, 1.2,288
 922, 52301,02102019,09032021 005529, 499, 21441.4, 20.409, 90.998,0.684397,  0.0,252.757,1.25e-01, 17.9, -  ,750
 923, 52302,08012007,08032021 165700, 177, 21520.1, 26.679, 47.689,0.676306,359.8,212.026,3.96e-03, 19.2, 1.6,107
 924, 52400,22082012,08032021 200941,   4, 19917.5, 63.159,165.469,0.655864,  0.1,272.796,5.05e-02, 14.7, 0.1,  3
 925, 52401,04082010,08032021 221612,   6, 21224.0,  8.080,260.089,0.678390,  0.1,337.624,2.38e-02, 14.3, 0.1,  6
 926, 52402,07032016,09032021 001839,  36, 21595.4, 11.336,173.255,0.476530,  0.6, 11.869,6.06e+00, 18.1, 2.2,573
 927, 52403,24052017,09032021 070522, 573, 21417.5,  7.672,296.849,0.683392,359.6, 90.757,2.57e-02, 16.7, -  ,520
 928, 52404,26072017,08032021 205009,  86, 16777.4, 17.766,253.740,0.567896,  0.1,203.003,1.26e+00, 16.2, 9.0, - 
 929, 52406,10012019,08032021 191451, 291, 21470.9, 27.982,106.629,0.686000,  0.1,251.188,5.91e-03, 17.0, -  , 72
 930, 52407,31052019,08032021 180812,  33, 21615.6, 16.226,215.788,0.620420,  0.3, 27.460,1.54e+00, 17.3, 3.7,948
 931, 52408,12012020,08032021 202522, 390, 21562.1, 13.196, 82.108,0.604614,359.9,298.524,4.15e+00, 17.1, -  , - 
 932, 52600,07072011,08032021 200938, 553, 21265.3,  5.620,252.554,0.675474,  0.4,165.411,7.87e-02, 17.6,16.2,942
 933, 52603,09112019,09032021 060645, 467, 19807.8, 11.692,119.806,0.660752,  0.3, 59.045,2.19e-01, 16.6, 2.7,470
 934, 52604,07022021,08032021 235928,   1, 21594.6,  6.376,174.058,0.675054,  1.0,255.849,1.89e-01, 17.1, 0.1,  2
 935, 52700,12062015,08032021 230227, 473, 21394.5,  6.685, 89.308,0.680390,360.0,  9.991,9.34e-02, 18.2, -  ,605
 936, 52800,15012018,08032021 233430,   2, 21708.0,  6.242,110.673,0.680373,  0.4, 16.474,8.26e-02, 18.0, 0.1,  5
 937, 52801,01042020,08032021 205603, 193, 21665.9,  7.255, 99.537,0.666360,  0.2,104.875,8.24e-01, 17.9, 9.7, - 
 938, 52802,08122020,08032021 231947,  12, 21695.5, 22.827,232.389,0.590705,  0.2, 19.025,1.09e+01, 16.4, 1.6,346
 939, 52900,30082009,09032021 040023,   6, 21700.2,  6.087,132.769,0.621127,  0.8,107.734,3.30e-01, 16.8, 0.1, 10
 940, 52901,13032017,09032021 040254,   2, 21648.3, 63.033, 87.957,0.694631,360.0,267.473,1.15e-02, 15.6, 0.4,  1
 941, 52902,28052017,08032021 203326, 429, 21763.8,  6.717,129.627,0.688341,  0.6,289.016,6.59e-02, 17.7, 0.9,196
 942, 53001,19092018,08032021 165852,   3, 21708.9, 62.700,209.949,0.658643,  0.1,244.638,1.48e-01, 16.6, 0.1,  3
 943, 53002,30092018,08032021 184120, 428, 21264.5, 21.636, 12.556,0.683409,359.7,272.327,4.39e-02, 17.8, 2.4,258
 944, 53003,27022009,08032021 204424, 860, 21701.2, 28.455,345.832,0.693114,359.8,  8.620,6.29e-03, 17.0, -  ,114
 945, 53004,24022020,09032021 004519, 333, 21978.2, 21.115,276.739,0.585927,360.0,201.777,5.46e+00, 16.0,55.3, - 
 946, 53100,05092012,08032021 194621,   1, 21250.2,  7.369,109.687,0.682674,  0.3,228.961,2.35e-02, 14.3, 0.2,  1
 947, 53101,01122017,09032021 041712,   4, 21714.3, 64.344,140.172,0.625336,  0.1,247.249,8.59e-02, 15.8, 0.1,  3
 948, 53102,13022018,08032021 192143,1055, 21683.1,  5.843, 93.279,0.672929,  0.1, 90.375,5.58e-01, 18.8, -  ,679
 949, 53103,16102020,09032021 051200, 141, 21785.4,  8.575,198.448,0.684395,  0.7, 39.473,5.39e-02, 19.0, 6.6,586
 950, 53200,19022018,08032021 215713, 284, 21759.8,  9.245,358.785,0.671967,359.3,117.184,4.75e-01, 18.0,16.8, - 
 951, 53201,25072019,08032021 213512, 548, 21694.2, 12.939, 63.341,0.619576,359.8,287.238,4.55e+00, 17.3, -  , - 
 952, 53301,26032016,08032021 204726,   4, 21803.8, 65.319,163.156,0.559094,  0.1,253.299,1.46e-01, 17.1, 0.1,  2
 953, 53400,15112017,08032021 165700, 371, 21819.1,  6.220,175.163,0.680419,  1.1,249.402,5.60e-02, 17.1,11.3,180
 954, 53401,16122017,08032021 173108,  17, 21813.0,  7.027,186.426,0.681007,  0.9,207.352,8.19e-02, 17.4, 0.2, 29
 955, 53600,08112009,09032021 005907,  30, 22133.3,  6.828, 10.379,0.678962,359.0,220.274,3.34e-02, 18.7, 0.1,  4
 956, 53601,22022018,08032021 184156, 627, 21782.7, 64.880, 23.059,0.535211,359.9,206.884,1.31e+01, 16.1,50.0, - 
 957, 53602,02082014,09032021 031812,   4, 21199.8,  4.587, 80.855,0.677936,359.8,206.914,1.70e-01, 16.6, 0.1, 13
 958, 53603,22112014,08032021 215221, 161, 20271.0, 18.677,212.378,0.669965,  0.3,284.944,2.70e-02, 15.7, -  ,159
 959, 53604,06102015,08032021 194611,1046, 21470.3, 17.504,127.769,0.120687,  0.2,300.070,2.99e+01, 16.7, -  , - 
 960, 53605,01112015,09032021 031206, 563, 21812.0,  7.967,103.497,0.689526,  0.2,282.440,2.54e-02, 17.5, -  ,125
 961, 53606,19122006,09032021 064913, 786, 21910.4, 27.272, 17.538,0.670887,359.8, 33.600,1.43e-03, 16.6, 2.5,  9
 962, 53607,14102020,09032021 053140, 141, 21934.2,  8.446,185.475,0.657456,  0.8, 61.944,1.74e+00, 18.7, 5.5,586
 963, 53700,19102006,08032021 211458, 207, 21810.7, 26.898, 76.031,0.688083,359.9,259.358,1.47e-01, 16.1, -  ,635
 964, 53701,27112006,09032021 004358,   2, 21886.0, 27.286,172.688,0.660870,  0.3,138.654,2.20e-02, 14.8, 0.1,  5
 965, 53800,24062012,08032021 184826,  27, 21203.1,  6.916,178.616,0.675880,  1.0, 11.609,2.40e-02, 12.6, 0.5, 29
 966, 53900,19062012,08032021 215354, 312, 21133.8,  1.622, 69.096,0.679098,358.4,170.122,8.23e-02, 17.6, 3.7,473
 967, 53901,15082016,08032021 175834,   8, 21969.5, 62.922,261.429,0.658802,  0.0,251.878,1.22e-01, 16.8, 0.1,  5
 968, 54000,05082008,09032021 023333,3910, 21755.3, 10.047,349.201,0.678767,359.3, 82.829,2.39e-01, 17.3, -  , - 
 969, 54002,23082019,09032021 004213, 391, 21805.1, 20.276, 53.309,0.696524,359.8,321.462,8.63e-03, 17.4, 0.1, 25
 970, 54100,07112011,08032021 163643,   2, 21686.0, 27.452,208.004,0.693004,  0.2,291.592,6.27e-03, 11.5, 0.1,  1
 971, 54101,22092006,09032021 021054,4044, 12022.9, 25.688,253.659,0.451255,  0.1, 81.517,6.80e-03, 13.3, 2.0,126
 972, 54102,26102012,09032021 022206,   1, 20704.6,  9.229,250.091,0.676387,  0.2, 57.579,1.92e-02, 11.2, 0.1,  1
 973, 54103,11012019,08032021 194543, 754, 22026.5, 55.723, 73.190,0.571682,360.0,300.329,7.01e+01, 17.6, -  , - 
 974, 54104,01022020,08032021 221912, 325, 22007.0,  5.696, 67.416,0.671907,359.5,119.993,5.41e-01, 17.8,34.6, - 
 975, 54300,12032008,09032021 012114,   1, 21745.7,  6.096,242.398,0.688556,  0.5,135.823,2.92e-02, 15.2, 0.3,  1
 976, 54301,14062012,09032021 025501, 310, 22055.4, 63.736,329.333,0.672707,359.9,262.442,1.38e-01, 15.1, 6.0, - 
 977, 54302,13102018,08032021 232837, 818, 22090.7, 11.318,312.987,0.675271,359.6,241.528,6.55e-01, 18.4, -  , - 
 978, 54303,08112018,09032021 034152, 695, 22126.5,  3.367,244.402,0.689411,  0.8,343.886,1.00e-02, 18.3, 5.0,  4
 979, 54304,07012019,09032021 005100,   4, 22079.8,  6.919,340.426,0.678842,359.1,277.497,8.32e-02, 18.3, 0.1,  5
 980, 54305,16022020,08032021 180434,   2, 22069.0, 62.829,181.992,0.677145,  0.1,283.620,2.46e-02, 15.9, 0.1,  1
 981, 54400,21032015,09032021 011411, 613, 21630.1, 29.904,267.017,0.657585,  0.0,209.709,2.04e+00, 17.2,80.5, - 
 982, 54401,06032017,09032021 012837, 252, 21287.3, 23.645, 86.934,0.685516,360.0, 47.810,6.30e-02, 17.3, -  ,189
 983, 54402,21072018,08032021 195047, 819, 22127.9, 45.532, 89.649,0.589505,360.0, 35.836,3.39e+00, 17.4,75.3, - 
 984, 54403,21102019,08032021 231326, 498, 22100.8, 14.278,138.198,0.571063,  0.4,187.224,6.99e+00, 17.5, -  , - 
 985, 54404,25112019,09032021 001239, 465, 22086.0, 11.949,154.395,0.450561,  0.5,137.718,1.96e+00, 18.3, 8.6, - 
 986, 54405,18122020,08032021 232745,  25, 22154.6,  6.401,308.885,0.683851,359.4,346.982,1.40e-02, 18.2, 0.1,  3
 987, 54406,08012021,08032021 233818,  55, 14663.3, 21.298,347.373,0.553041,359.7, 15.459,4.24e-01, 16.7, 5.6, 18
 988, 54500,30112008,09032021 031402,   0, 21875.2,  3.476, 69.923,0.688874,359.3, 35.234,3.31e-02, 16.3, 0.1,  4
 989, 54600,27022006,08032021 213427,   6, 21560.9,  8.499,183.669,0.682629,  0.8,299.248,6.38e-02, 14.5, 0.2, 10
 990, 54601,02022009,09032021 023023,   2, 22161.3,  7.401, 77.905,0.675415,359.8, 66.209,1.17e-01, 16.9, 0.1, 11
 991, 54603,08092018,08032021 201703, 100, 22092.1,  9.069, 96.943,0.686540,  0.1,161.983,2.45e-01, 18.1, 9.1, - 
 992, 54700,29091999,09032021 062653, 125, 22227.6,  5.833,126.976,0.675621,  0.7,  0.466,1.32e-01, 16.2, 2.1,488
 993, 54701,30052018,09032021 001215, 273, 22160.1, 27.760,295.578,0.661473,359.9,285.545,1.03e-02, 15.8, 1.3, 15
 994, 54702,16122019,08032021 193700, 445, 22176.7, 12.961,134.441,0.508709,  0.4,171.617,6.19e+00, 18.0, -  , - 
 995, 54703,31032020,09032021 041719, 306, 22209.6,  8.073,101.774,0.676958,  0.2, 55.213,4.03e-01, 17.3, 9.3,142
 996, 54800,14122009,09032021 040833, 300, 22231.4,  7.130, 96.845,0.676673,  0.1, 30.425,1.78e-01, 17.6, 3.6,136
 997, 54801,15052018,08032021 213801,   7, 22251.9,  6.478,118.991,0.677302,  0.5,  4.172,4.92e-02, 18.1, 0.1,  3
 998, 54802,12022021,09032021 033022,   3, 22229.5,  7.203, 96.318,0.677270,  0.1, 31.642,1.05e-01, 13.7, 0.1,  2
 999, 54803,12022021,09032021 043006,   3, 22198.4, 15.199, 68.625,0.639686,359.8,282.623,1.12e+01, 14.2, 0.5, 68
1000, 54900,07112009,08032021 173001,   7, 21824.7,  9.304, 14.844,0.681954,359.3,226.786,1.02e-01, 15.5, 0.2, 50
1001, 55001,08122020,09032021 070624,  58, 22292.7,  4.918,284.893,0.693898,359.7, 17.890,6.77e-02, 17.9, 2.5, 21
1002, 55002,19022021,09032021 034907,   4, 22254.0, 15.171,131.702,0.588986,  0.3,190.989,1.38e+00, 18.5, 0.4, 94
1003, 55100,13082019,08032021 232146,   1, 22338.2, 11.729,146.344,0.476788,  0.5,150.714,5.19e+00, 15.5, 0.5,128
1004, 55200,22082007,08032021 184231,4854, 20708.6,  6.904, 58.827,0.672303,359.5,342.124,3.79e-02, 13.3,71.1, - 
1005, 55201,24032017,09032021 050944, 854, 22243.8,  6.306,261.739,0.692889,  0.2, 27.529,9.39e-02, 18.5, -  , - 
1006, 55202,30082019,08032021 215746, 524, 22276.4, 14.588,135.151,0.590703,  0.3,196.816,4.48e+00, 14.6, -  , - 
1007, 55300,21102019,09032021 050905,  12, 22360.6, 59.936,130.134,0.675751,  0.1, 48.129,1.61e+00, 16.1, 0.2, 44
1008, 55500,16122017,08032021 235559,1164, 21382.0, 26.626,224.086,0.671540,  0.2,345.507,8.33e-01, 18.0,43.5, - 
1009, 55501,29042020,08032021 224856, 309, 22137.6,  1.876,333.025,0.671274,356.9,198.761,1.28e+00, 17.7,26.3, - 
1010, 55601,25062016,08032021 202114,  50, 20974.5, 26.993,127.076,0.673229,  0.2,171.285,8.09e-01, 16.1, -  ,475
1011, 55602,27122017,09032021 002135,1062, 22423.7, 27.063,356.255,0.648276,359.7,217.198,1.96e-01, 16.7,14.8, - 
1012, 55603,26092019,08032021 195259, 497, 22423.9, 12.429,126.800,0.466814,  0.3,171.495,9.15e+00, 17.8, -  , - 
1013, 55700,06042016,08032021 203954,   1, 21761.7, 20.628, 84.537,0.692032,360.0,256.048,5.06e-02, 16.5, 0.2,  2
1014, 55701,08012007,09032021 041156,   4, 22467.6,  7.060,142.527,0.665667,  0.8,294.826,3.64e-03, 15.7, 0.1,  1
1015, 55702,30092018,08032021 213019, 847, 22481.5,  4.995,163.755,0.662320,  1.3,317.338,2.76e-01, 17.2,20.3, - 
1016, 55703,02102018,08032021 202836, 821, 22446.5,  6.802,335.950,0.695080,359.1,249.425,1.28e-02, 18.5,66.6, 43
1017, 55704,27082019,08032021 192847, 527, 22301.0, 12.833, 74.582,0.661442,359.9,273.520,9.01e+00, 14.3, -  , - 
1018, 55800,10032010,08032021 233343,   2, 21791.8,  7.657,350.807,0.687857,359.1,282.970,3.44e-02, 15.0, 0.1,  2
1019, 55801,25102019,08032021 220051, 484, 22473.6, 13.208,105.950,0.533359,  0.1,203.089,6.40e+00, 17.6, -  , - 
1020, 56002,07092020,08032021 223504, 127, 22495.6, 28.314,302.022,0.688024,359.9,163.586,5.02e-01, 16.0, 8.6, - 
1021, 56100,20122009,08032021 212922, 413, 22512.0,  9.289, 51.089,0.694454,359.5,335.755,5.29e-02, 17.1, 6.0,523
1022, 56101,23122009,08032021 220537,   4, 22223.2,  7.674,344.011,0.694863,359.2,333.448,3.35e-02, 16.8, 0.1,  3
1023, 56102,21032015,09032021 000602,   2, 22231.8, 26.480,165.091,0.698282,  0.3, 84.332,2.20e-02, 16.1, 0.2,  1
1024, 56103,28062019,09032021 022021, 523, 20577.2, 11.005,352.898,0.632380,359.4, 63.291,6.16e+00, 17.5, -  , - 
1025, 56104,07082019,08032021 220825,  43, 22645.5, 13.573, 85.906,0.629946,360.0,276.016,3.50e+00, 17.3, 5.1, - 
1026, 56105,19022020,08032021 155954, 370, 22579.0, 16.587,120.578,0.660519,  0.2,228.111,8.44e+00, 13.8, -  , - 
1027, 56200,22112017,09032021 005119,   6, 22564.0,  6.903,283.280,0.693789,359.8,101.360,8.11e-02, 18.0, 0.1,  6
1028, 56201,19122006,09032021 020847,  64, 22556.8, 26.798,155.613,0.665998,  0.2, 28.039,7.18e-02, 18.1, 3.1,320
1029, 56202,20042020,09032021 043237, 294, 22517.2, 50.410,117.328,0.526476,  0.1,211.277,2.63e+01, 17.5,37.3, - 
1030, 56300,11092016,09032021 015218, 173, 22435.4,  7.141,325.478,0.695174,359.2,257.705,6.78e-02, 17.8,20.5,226
1031, 56301,29032020,08032021 225857, 304, 22644.7,  6.055,110.045,0.641453,  0.4, 45.279,1.13e+00, 15.9, 6.6, - 
1032, 56400,23102014,08032021 231551,   1, 22011.6, 21.497,100.223,0.691331,  0.1,200.118,8.20e-02, 16.3, 0.1,  5
1033, 56401,21122017,09032021 031534,1153, 22661.5,  8.218, 83.090,0.605086,359.9,145.002,9.90e-01, 18.9,20.4, - 
1034, 56500,05112016,08032021 231841,1107, 22702.9,  6.286,154.683,0.658847,  1.0,278.353,8.41e-01, 18.4, -  , - 
1035, 56501,23122016,08032021 235130,1402, 22711.5, 43.882, 91.266,0.185552,  0.0,263.263,2.86e+01, 16.3, -  , - 
1036, 56502,29012021,08032021 161443,   1, 22654.1, 63.148,139.454,0.685841,  0.1,273.710,5.23e-01, 14.2, 0.1,  4
1037, 56600,09012013,09032021 055645,   2, 22667.8,  8.083,255.289,0.681621,  0.2,135.656,4.49e-01, 16.8, 0.1,  5
1038, 56602,22112017,09032021 034402, 649, 22699.5, 18.834,234.938,0.699765,  0.2, 20.134,1.42e-01, 17.4, -  , - 
1039, 56604,05102019,09032021 052212, 503, 22704.9, 11.499,149.364,0.443550,  0.5,133.419,8.75e+00, 17.8, -  , - 
1040, 56605,15012021,09032021 042636,  44, 22606.9, 13.290,107.449,0.665862,  0.2,256.703,7.32e+00, 18.1,20.6, - 
1041, 56700,13062012,08032021 212343, 406, 22682.5,  6.146,187.177,0.645033,  1.1,246.498,2.89e-01, 17.7,10.7, - 
1042, 56701,17072012,08032021 204833, 359, 19963.5,  1.546,184.962,0.662096,  4.3,274.563,7.18e-02, 16.9, -  ,610
1043, 56702,03112015,09032021 000809, 399, 22541.5,  6.372, 49.588,0.698508,359.3,  9.619,5.16e-02, 17.7, -  ,428
1044, 56703,16042018,09032021 014323,  61, 21905.0, 25.476,236.660,0.695570,  0.1, 63.324,1.08e-01, 16.2, 0.3, 70
1045, 56800,29062017,08032021 164307,1238, 22628.4,  9.406,125.498,0.695040,  0.4,227.779,6.97e-01, 18.2, -  , - 
1046, 56801,17012018,08032021 181534,1057, 22706.7,  7.607, 50.491,0.688922,359.4, 62.568,4.86e-01, 17.1, -  , - 
1047, 56802,31102018,09032021 002708, 785, 22559.1, 23.427,287.110,0.493021,359.9, 39.942,4.90e+01, 18.1, -  , - 
1048, 56900,26082014,09032021 002142, 392, 21161.6, 19.469,293.540,0.684147,359.9,106.316,1.66e-02, 16.7, -  ,160
1049, 56901,02062017,08032021 150316,  17, 22818.9,  7.219, 19.094,0.697010,359.1,274.633,8.46e-02, 17.8, 0.1, 16
1050, 56902,14032019,09032021 045123,   1, 22753.7,  7.216,  5.906,0.699890,359.1, 13.173,4.29e-01, 17.0, 0.2,  9
1051, 57100,05022008,08032021 220734,   3, 22539.4,  7.458, 73.800,0.697366,359.7,214.077,4.98e-02, 15.1, 0.1,  4
1052, 57102,26042019,08032021 224024,  19, 22876.4,  7.009,338.018,0.700970,359.1,353.761,3.72e-02, 18.2, 0.2, 24
1053, 57200,10082019,09032021 012523,  29, 22841.0, 13.495,121.240,0.574286,  0.3,176.031,4.07e+00, 12.7, 4.2, - 
1054, 57300,01102014,09032021 041141,  40, 21086.3, 18.344,329.375,0.683017,359.7, 74.400,1.53e-02, 14.1,74.8, 19
1055, 57301,03082016,09032021 021708, 251, 22815.1,  7.119, 43.371,0.700439,359.3,105.447,7.09e-02, 17.2,26.2,291
1056, 57302,01022017,08032021 175344,1485, 22721.8, 62.917, 76.090,0.703497,360.0,274.952,1.16e-01, 15.1, 5.2,352
1057, 57400,25122016,09032021 043216,   3, 22677.0, 21.684, 77.205,0.703525,359.9,144.591,1.89e-02, 19.6, 0.7,  2
1058, 57401,12082019,08032021 180555, 523, 22889.9, 12.716,120.168,0.540885,  0.3,184.278,4.17e+00, 16.9, -  , - 
1059, 57500,21012020,08032021 224300, 406, 22976.5, 11.140,134.547,0.698904,  0.4,322.369,8.62e-02, 18.2,38.0, - 
1060, 57600,19122012,09032021 043302,   1, 20865.5, 20.635,350.045,0.674392,359.7, 66.699,1.20e-01, 14.7, 0.2,  7
1061, 57601,17022016,09032021 000604,   1, 22242.5, 21.272, 64.447,0.698642,359.9,185.686,1.88e-02, 16.5, 0.1,  1
1062, 57602,18062018,08032021 200439, 989, 22940.3,  7.598,233.902,0.691053,  0.5,260.961,4.03e-01, 18.7, -  ,446
1063, 57603,29072019,08032021 234608, 456, 22961.5, 12.860,128.535,0.495778,  0.3,159.013,4.81e+00, 14.9, -  , - 
1064, 57700,06082017,09032021 024544,1063, 22998.9, 37.852,223.344,0.371322,  0.1,147.299,3.15e+01, 16.0, -  , - 
1065, 57701,19032018,08032021 225923, 361, 22977.0, 26.236,315.903,0.673762,359.8,323.437,6.64e-01, 19.3,14.0, - 
1066, 57702,30032019,08032021 220646, 470, 22836.0,  7.050, 46.469,0.704338,359.3,273.507,4.07e-02, 18.2, 2.2,542
1067, 57703,24112019,09032021 012422, 411, 22966.2, 12.860,100.637,0.564854,  0.1,207.467,2.21e+00, 16.0,27.6, - 
1068, 57704,03022020,08032021 233907,  68, 22964.3, 20.090, 17.751,0.662274,359.7, 96.838,1.20e+00, 16.7, 3.1,189
1069, 57800,10032016,08032021 225936,   2, 22544.9,  1.956,233.778,0.704937,  1.9,273.406,9.95e-03, 17.0, 0.2,  1
1070, 57801,17012019,09032021 020807, 745, 22995.9,  7.877,117.280,0.591049,  0.4, 91.851,9.77e-01, 17.8, 6.8,816
1071, 57900,28072014,09032021 051012, 313, 22248.7,  1.677,208.472,0.698767,  3.4,332.654,2.75e-02, 17.4, -  , 99
1072, 57901,24102018,09032021 050512, 725, 22997.2, 30.224,323.133,0.675744,359.8,124.875,1.06e+00, 15.7, -  , - 
1073, 58000,03102016,08032021 171823,   3, 23069.7,  6.686,109.705,0.691248,  0.3,319.702,5.77e-01, 17.3, 0.1,  8
1074, 58001,03082017,08032021 233021, 459, 23020.4,  7.068,175.170,0.702892,  0.9,174.858,4.77e-02, 17.9, -  ,466
1075, 58002,26092019,08032021 205544, 486, 23119.3, 34.705,280.293,0.202035,360.0,290.286,1.76e+01, 16.2, -  , - 
1076, 58003,20082020,08032021 213121, 159, 23142.6,  7.034,201.356,0.701063,  0.9, 56.371,5.00e-02, 17.4,12.8, 41
1077, 58004,17102020,09032021 025809,   3, 23081.9,  7.097,197.540,0.703513,  0.9, 61.371,6.37e-02, 17.5, 0.1,  2
1078, 58005,22102020,09032021 033339,  98, 23034.4, 22.977,351.723,0.709831,359.7,140.226,3.85e-03, 16.9, -  ,  3
1079, 58101,11102012,08032021 230512,   2, 21616.1, 21.161,  5.805,0.693408,359.7,297.063,8.70e-03, 17.1, 0.4,  1
1080, 58102,28012007,08032021 225220,   2, 23012.5, 30.343,241.191,0.705934,  0.1, 86.219,8.33e-02, 16.5, 0.2, 10
1081, 58300,10052013,08032021 184718,   1, 21318.9, 20.506, 35.149,0.685500,359.7,347.083,8.46e-02, 15.2, 0.6,  3
1082, 58301,11112014,08032021 234617,   2, 23144.8, 21.643,144.382,0.701171,  0.3, 21.545,1.00e-02, 16.6, 0.1,  3
1083, 58302,22122009,08032021 200852,   3, 23111.3,  6.312,258.837,0.699611,  0.2,177.870,1.07e-01, 16.9, 0.1,  5
1084, 58303,20022017,09032021 001624,1049, 23108.7, 62.760,144.850,0.692229,  0.1,270.919,9.14e-02, 17.2,39.7, - 
1085, 58304,01042017,08032021 202155, 757, 15106.9,  6.409,126.987,0.552628,  0.6,198.791,9.52e-02, 17.5,49.1,570
1086, 58305,18052018,09032021 025634,1009, 23115.6, 22.947,240.717,0.128792,  0.1, 94.090,3.26e+01, 15.7, -  , - 
1087, 58306,30012020,09032021 003639, 168, 18947.8,  4.497,113.367,0.646175,  0.6,103.035,9.83e-02, 15.6, -  ,333
1088, 58307,28042020,09032021 034827, 248, 23178.9,  8.650,263.090,0.676952,  0.1,205.290,1.13e+00, 17.5,10.5,922
1089, 58401,23072018,09032021 022529, 946, 23183.3,  6.245,252.710,0.645267,  0.3,114.584,4.94e+00, 16.0, -  , - 
1090, 58402,22092020,09032021 050934,  64, 23199.5,  6.707,117.330,0.681350,  0.5,118.704,9.63e-01, 18.1, 1.8,304
1091, 58501,20012016,08032021 224148,   3, 23022.5, 26.671,254.635,0.706438,  0.1,284.146,1.79e-02, 15.5, 0.1,  2
1092, 58502,20052017,09032021 001335,1256, 23317.7,  9.656,114.121,0.564265,  0.3,227.586,4.98e+01, 16.2, -  , - 
1093, 58504,25052017,09032021 071326,1267, 23313.3,  6.843,281.892,0.392044,359.8, 37.309,4.77e+01, 17.7, -  , - 
1094, 58505,16052018,09032021 011242, 973, 23161.1,  7.716,234.187,0.699712,  0.5,259.194,2.58e-01, 17.2, -  , - 
1095, 58600,23062012,08032021 225531,   2, 23022.1,  6.091,156.927,0.703542,  1.0,155.245,7.43e-02, 13.4, 0.1,  2
1096, 58601,20052017,09032021 014227,1370, 23195.4,  5.137,281.408,0.627116,359.8, 65.428,1.20e+01, 17.4, -  , - 
1097, 58602,08032018,09032021 013842,  13, 22914.7, 25.440,248.113,0.707990,  0.1, 52.034,4.11e-02, 17.1, 4.9, 23
1098, 58604,29032020,08032021 155842, 336, 23214.0,  7.653,224.466,0.688729,  0.6,211.120,6.00e-01, 18.7,14.1,488
1099, 58700,17062015,09032021 033316, 105, 22846.4,  7.177,176.349,0.701418,  0.9,101.901,7.52e-02, 17.4, -  ,212
1100, 58701,20052017,09032021 021854,1385, 22884.6,  5.060,273.031,0.600910,359.9, 56.367,1.78e+01, 17.3, -  , - 
1101, 58702,29102019,08032021 222219, 492, 23272.9, 20.259,129.947,0.664610,  0.2,198.955,1.11e+01, 17.6, -  , - 
1102, 58800,08022016,08032021 203738,1393, 23147.9, 63.096,151.586,0.686668,  0.1,273.388,1.95e-01, 14.4,74.1, - 
1103, 58802,29072016,08032021 230704,1619, 23292.1,  5.828,172.943,0.693710,  1.1,307.037,4.83e-01, 18.2, -  , - 
1104, 58804,19042017,08032021 192918, 204, 23237.8,  9.202, 30.713,0.699218,359.4,185.667,4.12e-01, 18.3, 9.4, - 
1105, 58900,30082014,08032021 185250,   3, 23309.9,  8.615,336.095,0.699150,359.3,346.149,4.37e-01, 17.1, 0.1,  6
1106, 58902,02082019,08032021 220440, 557, 23274.1, 12.933,109.179,0.554133,  0.2,189.797,6.57e+00, 17.7,83.0, - 
1107, 59001,26092019,09032021 013343, 419, 23345.8, 12.001,137.441,0.480885,  0.4,141.840,5.18e+00, 18.1,24.1, - 
1108, 59100,18022018,09032021 003203,1112, 23352.8,  8.172, 29.392,0.701979,359.3, 39.444,1.62e-01, 18.7, -  ,200
1109, 59101,18022018,09032021 041355,  16, 23335.7,  6.762,265.149,0.698408,  0.1,147.358,6.47e-02, 17.9, 0.1, 18
1110, 59200,29072008,09032021 045704,  64, 22971.5,  5.981,342.073,0.688554,358.9,266.495,7.08e-02, 17.5, 1.5,234
1111, 59201,16022016,09032021 043827,   2, 23318.1, 21.062,141.426,0.707815,  0.3, 42.314,3.93e-03, 15.8, 0.1,  2
1112, 59202,30072017,08032021 194935,  17, 23441.2,  7.260,284.805,0.704571,359.8,318.874,7.52e-02, 16.7, 0.4, 85
1113, 59203,16102017,08032021 223230, 118, 23269.5, 27.100,  0.437,0.710471,359.7,121.741,1.89e-02, 17.7, -  , 19
1114, 59204,01072019,08032021 214925,   4, 23553.0, 13.550,121.066,0.491652,  0.3,160.084,7.49e+00, 16.7, 1.5,352
1115, 59205,03072019,08032021 224905, 493, 23412.2, 10.629,158.767,0.375285,  0.6,110.231,5.41e+00, 16.2, -  , - 
1116, 59207,22082019,09032021 012249, 455, 23369.3, 12.809,103.240,0.607548,  0.1,213.058,4.79e+00, 17.5,38.4, - 
1117, 59300,29012015,08032021 233120,   2, 23392.3, 68.383,348.819,0.637639,359.9,297.965,1.04e+00, 14.1, 0.3, 69
1118, 59301,14092017,09032021 065312,1269, 23265.7,  4.243,223.817,0.381577,  1.1, 90.270,3.44e+01, 18.5, -  , - 
1119, 59304,28042019,08032021 191918,   1, 23363.8, 28.428, 51.881,0.713935,359.8,101.997,5.46e-03, 11.8, 0.1,  1
1120, 59305,03102019,09032021 033650, 492, 23416.2, 13.732,121.995,0.481263,  0.3,154.227,6.05e+00, 15.5,65.8, - 
1121, 59400,20112012,08032021 202537,   1, 23155.2, 19.654,147.076,0.706886,  0.3, 65.948,4.60e-02, 16.7, 0.1,  6
1122, 59401,12042019,09032021 030654, 450, 23472.0, 27.012, 24.705,0.606824,359.8,126.854,1.78e+00, 17.5, 9.9, - 
1123, 59402,28102019,08032021 161750, 492, 23439.9, 12.471,106.990,0.627292,  0.2,213.667,5.07e+00, 18.3, -  , - 
1124, 59403,01022021,09032021 045518,   4, 23497.7, 12.620,131.209,0.523373,  0.4,159.658,6.69e+00, 14.1, 0.9,228
1125, 59500,14122009,09032021 062810,   1, 23113.1,  6.278,148.700,0.707150,  0.9,170.578,2.48e-02, 15.3, 0.1,  2
1126, 59502,13082015,08032021 194507,2010, 23402.4, 11.240,322.696,0.705732,359.5,271.186,4.41e-02, 17.3, -  , - 
1127, 59503,30102019,09032021 023736, 484, 23463.8, 12.572, 89.794,0.635998,360.0,242.875,3.07e+00, 18.4, -  , - 
1128, 59600,22082007,09032021 042403,  62, 23365.2, 10.590,109.413,0.703222,  0.2,174.705,2.11e-01, 12.8, 2.2,326
1129, 59601,28122016,08032021 234203,1484, 23385.5, 58.601,146.746,0.592244,  0.1,200.147,7.00e+01, 16.4, -  , - 
1130, 59602,25022009,09032021 010505,   1, 23496.1,  7.417,293.907,0.710373,359.6, 35.771,6.57e-02, 14.2, 0.1,  5
1131, 59604,30082019,09032021 014641, 484, 23469.4, 12.263,130.021,0.532448,  0.4,155.791,1.67e+00, 17.4,75.2, - 
1132, 59605,04082020,09032021 053738, 121, 23425.6, 20.842,271.924,0.699189,360.0,182.545,6.06e-01, 17.0, 6.7,489
1133, 59700,18042009,08032021 174950,   1, 23199.6,  1.526,158.939,0.711528,  4.2,310.032,5.87e-03, 13.9, 0.1,  1
1134, 59701,23042009,09032021 035452,   4, 23465.2,  7.648, 25.611,0.700338,359.2,262.099,9.61e-02, 16.5, 0.1,  7
1135, 59702,27042009,09032021 034957,   4, 23631.2,  7.512, 26.152,0.702396,359.2,262.109,4.61e-02, 16.4, 0.1,  4
1136, 59703,26082016,08032021 190926,1598, 23470.8,  5.790,227.135,0.708372,  0.8,290.450,6.59e-02, 18.7, -  , - 
1137, 59801,18092017,08032021 210731,  12, 23450.8, 19.856,203.958,0.712754,  0.3, 42.488,2.03e-02, 17.0, 1.2,  2
1138, 59802,23082019,09032021 043634, 495, 23572.6, 10.679,176.325,0.445882,  0.6, 98.316,5.51e+00, 16.3, -  , - 
1139, 59900,28072019,09032021 004117, 524, 23539.9,  5.646,279.154,0.701439,359.8,113.106,4.00e-01, 18.2,63.2, - 
1140, 59901,28022021,08032021 212037,   4, 23574.2, 73.348,312.321,0.645164,359.9, 20.433,1.24e+01, 16.7, 0.3, 68
1141, 60000,04042017,08032021 192959, 598, 23562.7,  7.904, 26.441,0.709165,359.2,208.194,1.07e-02, 17.6,88.7, 40
1142, 60001,29112018,08032021 233150, 554, 23616.7,  6.929, 13.213,0.703079,359.1,297.013,4.74e-02, 18.5,13.1,218
1143, 60003,24042020,08032021 210414, 316, 23657.3,  5.542, 97.050,0.683534,  0.1, 16.270,9.67e-01, 18.2,99.5, - 
1144, 60100,16082010,09032021 001902,   3, 23607.9,  7.293,238.169,0.694007,  0.5,193.572,1.73e-01, 12.8, 0.1,  8
1145, 60101,28032007,08032021 215013,   1, 23613.1, 63.339,148.135,0.677283,  0.1,251.912,8.87e-02, 15.1, 0.1,  1
1146, 60102,03012013,08032021 202539,1826, 17092.4, 18.057,260.408,0.591006,  0.1,199.242,1.01e+00, 13.8,51.9, - 
1147, 60104,19012017,08032021 214951, 899, 23634.5,  9.247, 93.805,0.706796,  0.0, 61.097,8.74e-01, 17.6, -  , - 
1148, 60105,16082018,08032021 235112, 117, 23604.7,  6.012, 16.265,0.705744,358.9,185.905,4.31e-02, 17.8, 1.9,146
1149, 60106,30082019,08032021 203057, 553, 23213.9, 22.255,117.251,0.705667,  0.1,259.203,1.21e+00, 18.1, 6.8, - 
1150, 60107,22102019,09032021 043547, 498, 23704.5, 23.667,178.260,0.655079,  0.3, 66.997,3.93e+00, 17.8,85.1, - 
1151, 60200,11062013,09032021 033135,   1, 23895.5, 28.206,123.041,0.720168,  0.1,102.782,5.61e-03, 12.0, 0.1,  1
1152, 60201,30112012,09032021 030729,   1, 22242.8, 20.384,132.755,0.697862,  0.2,170.670,5.70e-02, 14.3, 0.3,  1
1153, 60202,19032018,09032021 014813,1051, 23624.8, 11.762,185.466,0.689689,  0.6,167.845,5.50e-01, 18.0, -  , - 
1154, 60203,11022019,08032021 224038, 732, 23413.3, 24.870,118.121,0.707747,  0.1,105.594,1.13e+01, 18.9,38.9, - 
1155, 60204,16092019,08032021 214840, 522, 23632.2, 10.860,174.104,0.431832,  0.6, 91.033,6.48e+00, 18.5, -  , - 
1156, 60300,14032012,08032021 201226,   1, 22705.9, 63.120,130.181,0.694576,  0.1,272.870,3.50e-02, 12.8, 0.1,  1
1157, 60301,26042009,08032021 225036, 304, 23486.4,  6.766,117.491,0.709114,  0.5,309.165,3.20e-02, 16.5,38.5,190
1158, 60302,26102016,09032021 002501,  34, 23650.8,  6.240, 40.624,0.706871,359.2,129.550,4.66e-02, 17.1, 0.2, 16
1159, 60303,16122017,09032021 045033,1114, 23531.9, 19.887,247.739,0.708156,  0.1,327.137,1.39e-01, 18.3, 3.2,782
1160, 60304,20122017,08032021 182248,1130, 23638.5,  7.014,205.482,0.706701,  0.9,178.804,3.72e-01, 17.4, -  , - 
1161, 60305,04072019,08032021 225348, 505, 23666.9, 11.360,188.924,0.431469,  0.6, 70.361,7.88e-01, 17.5, -  , - 
1162, 60306,23082019,08032021 181532,   1, 23697.7, 11.651,185.653,0.427017,  0.6, 74.123,2.36e+00, 16.7, 0.5,114
1163, 60400,23102016,08032021 235541,  53, 23364.0,  2.167,287.087,0.708484,359.2,263.389,4.78e-02, 17.4, 0.3, 33
1164, 60401,08042018,09032021 062020, 304, 23749.8,  5.840, 93.195,0.705490,  0.1, 30.475,8.55e-02, 17.6, 8.7,398
1165, 60402,20022018,09032021 040215,   1, 23642.9, 27.328, 42.414,0.714552,359.8, 38.015,1.13e-02, 17.6, 0.1,  1
1166, 60403,28062019,08032021 225832, 552, 23691.8, 12.498,127.699,0.538610,  0.3,156.049,1.54e+00, 17.7,26.4, - 
1167, 60405,30122019,08032021 194657, 132, 23727.6, 18.906,283.970,0.691354,359.9,195.225,9.17e-01, 18.2,18.8, - 
1168, 60406,15122020,09032021 083703,  70, 23724.0,  8.399,273.815,0.708831,360.0, 46.184,3.55e-01, 17.5, 4.6,105
1169, 60500,13122017,09032021 003815,   3, 23697.0, 63.241,133.691,0.686050,  0.1,253.182,7.75e-02, 16.9, 0.1,  1
1170, 60501,05022019,08032021 214541,   0, 23353.0, 62.835,208.766,0.690759,  0.1,278.681,1.12e-01, 16.8, 0.1,  2
1171, 60503,29042020,09032021 004144,   1, 23762.2,  6.075, 92.394,0.706337,  0.0, 25.433,8.62e-02, 18.1, 0.1,  1
1172, 60600,19122012,09032021 005900,   1, 23534.9, 28.357,163.014,0.713336,  0.2,173.481,6.67e-03, 12.0, 0.1,  1
1173, 60601,02112010,09032021 050519,   6, 23714.1, 10.645,300.899,0.699419,359.7,159.511,2.82e-01, 12.4, 0.1, 30
1174, 60603,19122016,09032021 070730, 128, 23763.6,  6.115, 80.263,0.707242,359.8, 50.970,5.43e-02, 18.1, 1.6,122
1175, 60700,14082009,09032021 060450, 144, 23699.4,  8.452,152.004,0.705981,  0.7,179.462,8.09e-02, 16.7, 3.0,257
1176, 60702,11042011,09032021 012137,   1, 23175.0, 63.386,206.977,0.680559,  0.1,272.232,9.42e-02, 16.4, 0.1,  4
1177, 60703,12112012,08032021 152136,   1, 23837.4, 18.918,196.921,0.715054,  0.3,354.062,4.42e-02, 16.5, 0.1,  1
1178, 60704,30052014,08032021 171043,   1, 23757.5, 21.324,226.838,0.708448,  0.2,232.972,3.35e-02, 14.3, 0.1,  2
1179, 60705,30102018,08032021 214609,  55, 23764.6,  7.407,353.821,0.698383,359.1,203.295,2.34e-01, 17.5, 0.7,120
1180, 60706,08072019,09032021 051116,  17, 23966.7, 11.844,102.041,0.595539,  0.1,225.831,1.11e+01, 14.8, 9.1, - 
1181, 60707,11112020,09032021 000910,   1, 23822.8,  5.922,289.391,0.709195,359.6,358.227,9.61e-02, 17.8, 0.1,  5
1182, 60800,28032008,08032021 174550,   3, 23748.8,  9.191, 60.232,0.709702,359.6,336.022,4.80e-02, 16.6, 0.1,  4
1183, 60801,08062013,09032021 042129,   0, 22509.7, 20.249,142.025,0.701994,  0.3,152.429,3.26e-02, 15.5, 0.1,  1
1184, 60802,29102016,08032021 185425,1492, 23530.1, 63.044, 86.886,0.710910,360.0,273.893,7.68e-02, 16.9, 9.9,610
1185, 60803,24082019,09032021 045608, 137, 23802.5, 11.228,165.160,0.469405,  0.6,100.845,1.13e+00, 16.6,17.4, - 
1186, 60804,09102020,08032021 155147, 136, 23827.5, 20.454,260.598,0.709913,  0.1,288.599,3.07e-01, 17.2, 9.0,741
1187, 60900,20082007,08032021 180929,   1, 23822.8,  6.599,278.987,0.708106,359.8,357.350,1.46e-01, 14.7, 0.1,  2
1188, 60901,15122012,08032021 185130,   9, 23019.9, 18.529,151.637,0.705707,  0.3, 84.579,6.42e-02, 15.9, 2.1, 22
1189, 60902,02112019,08032021 193922, 441, 23814.2,  8.157,111.302,0.704279,  0.3,279.996,4.49e-01, 18.3,58.1, - 
1190, 60903,01022020,08032021 223147,  19, 23836.8, 10.584,186.936,0.657685,  0.6,231.870,5.79e-01, 17.9, 0.4,103
1191, 61000,01112012,08032021 233055,   0, 23785.2, 26.512,218.072,0.713373,  0.2,160.751,3.89e-03, 12.0, 0.1,  1
1192, 61001,06072016,09032021 085945,1521, 23791.8,  6.835,312.155,0.710308,359.4,108.286,3.90e-02, 18.2, -  ,577
1193, 61002,26082016,09032021 024401, 309, 23779.1,  7.477,307.947,0.713120,359.5,206.932,6.11e-02, 17.9,54.8,198
1194, 61003,05052017,08032021 223533,  41, 23834.7, 11.694, 19.990,0.711348,359.5,151.998,3.62e-02, 16.2, 1.5, 94
1195, 61004,11042018,08032021 231622, 848, 23842.2,  4.925,182.341,0.704905,  1.4,229.110,9.11e-02, 18.9,40.2,591
1196, 61005,26082019,09032021 015601, 493, 23846.1, 12.690,150.834,0.443237,  0.5,104.709,7.82e-01, 17.6,97.0, - 
1197, 61100,21102012,08032021 215908,   1, 23664.5, 29.288,  1.569,0.716033,359.8,196.285,5.92e-03, 11.6, 0.1,  1
1198, 61101,23042012,09032021 004725, 272, 23909.4,  8.855, 33.194,0.695361,359.4, 53.292,6.29e-01, 18.1, 9.8,438
1199, 61102,29102019,09032021 041135, 411, 23923.1,  6.503,116.023,0.709225,  0.5,  6.292,1.97e-01, 17.5,24.4, - 
1200, 61200,02112012,09032021 022026,   1, 23765.7, 27.813,283.243,0.717846,359.9,244.466,5.54e-03, 12.0, 0.1,  1
1201, 61201,25102017,08032021 220621, 655, 23902.0,  6.959, 11.548,0.705101,359.1,274.091,4.90e-01, 18.3,69.7, - 
1202, 61202,11112018,09032021 004558, 845, 23938.7, 10.395,346.866,0.690163,359.4,182.548,7.65e-01, 19.0,73.2, - 
1203, 61203,27062019,09032021 035153, 549, 23895.3, 11.928,192.446,0.487681,  0.5, 76.488,6.69e+00, 16.6, -  , - 
1204, 61204,09072019,09032021 012333, 421, 23902.0, 11.785,151.835,0.525441,  0.5,123.723,2.04e+00, 16.7,58.1, - 
1205, 61300,10082016,09032021 043457, 186, 23780.5,  6.073, 11.719,0.713318,358.9, 92.247,5.95e-02, 17.4,33.1,206
1206, 61301,17012018,08032021 190200,1068, 23918.2,  5.478,166.578,0.707260,  1.2,242.176,1.02e-02, 18.6,23.1, 17
1207, 61302,18022018,08032021 230601, 457, 23914.7,  8.008, 76.793,0.709911,359.8,302.272,3.73e-01, 18.1, -  , - 
1208, 61303,18062019,09032021 030018,  64, 23912.4, 12.057,149.666,0.461267,  0.5,117.925,1.23e+00, 16.3, 7.3, - 
1209, 61305,20022020,08032021 231319,  27, 23920.1, 62.626,245.427,0.703775,  0.1,280.737,7.00e-02, 16.8, 0.2, 21
1210, 61306,26032020,09032021 075731,   0, 23914.1, 25.925,182.693,0.724094,  0.3, 48.109,7.20e-03, 16.3, 0.1,  1
1211, 61400,08092007,09032021 064627,   1, 23681.7,  6.781,184.617,0.712205,  1.0,175.519,4.14e-02, 16.4, 0.1,  1
1212, 61401,12082019,08032021 210150, 549, 23957.0, 11.712,159.891,0.464714,  0.5, 98.024,2.50e+00, 17.8, -  , - 
1213, 61500,21122009,08032021 233617,  11, 23525.3,  7.531,280.591,0.708241,359.8,258.458,7.48e-02, 17.0, 0.1, 14
1214, 61501,24042009,09032021 052751,   1, 22317.5, 20.796,117.455,0.700106,  0.2,186.240,1.98e-02, 17.7, 0.1,  1
1215, 61502,02112018,08032021 232947, 821, 23960.9,  8.475, 48.645,0.710454,359.5,158.379,4.52e-02, 18.1,94.9, - 
1216, 61503,30072019,09032021 010749,   2, 23980.4, 11.511,161.236,0.508255,  0.6,103.483,1.16e-01, 16.5, 0.1, 11
1217, 61504,04022020,08032021 165628, 385, 23991.1,  8.305,180.248,0.701272,  0.8,255.385,3.24e-01, 17.3,36.9, - 
1218, 61505,15022005,08032021 232651, 532, 24056.2, 18.016,357.022,0.717911,359.6,356.127,8.68e-03, 17.1,11.5, 28
1219, 61600,07022013,09032021 070441,   3, 24040.9, 29.394,  9.032,0.710465,359.8,155.069,1.05e-02, 12.3, 0.1,  2
1220, 61601,19082009,08032021 232816, 114, 23909.7,  4.088, 18.390,0.715358,358.4,146.852,2.16e-02, 16.1, 6.6, 53
1221, 61602,01032014,09032021 022836,   2, 24039.5, 68.203,186.372,0.378069,  0.1,354.690,1.71e+00, 15.6, 0.2, 41
1222, 61603,12122017,09032021 011352,  16, 24003.8,  5.191,254.686,0.708496,  0.3, 76.836,5.77e-02, 17.2, 0.1,  3
1223, 61604,21012018,08032021 212645,1063, 23986.5,  5.493,166.103,0.694536,  1.2,250.912,3.08e-01, 18.8,76.7, - 
1224, 61605,06072019,08032021 235545, 489, 24010.1, 11.217,186.613,0.428174,  0.6, 60.960,9.09e-01, 17.2,13.9, - 
1225, 61606,28082019,09032021 073357, 526, 23992.5, 11.351,176.933,0.484180,  0.6, 90.238,3.10e+00, 17.6, -  , - 
1226, 61607,03012020,08032021 190756, 376, 24024.6,  6.336,207.128,0.685968,  0.9,280.793,8.13e-01, 18.2, 9.1,336
1227, 61700,20052009,09032021 042852,   7, 23984.2,  7.493, 92.811,0.705643,  0.0,157.851,1.12e-01, 15.2, 0.1, 24
1228, 61701,12072016,09032021 041123, 357, 23982.9,  7.774,347.452,0.714219,359.2,129.255,7.45e-02, 18.0,16.0,229
1229, 61702,24032017,08032021 225547,1436, 24033.3,  8.221,146.661,0.704951,  0.7,319.324,1.00e-02, 18.5, -  , 16
1230, 61703,30012018,09032021 021413,  11, 24032.2, 62.026,269.109,0.698910,  0.0,261.189,7.38e-02, 16.4, 0.1,  6
1231, 61704,06082019,08032021 223249, 188, 24091.4, 16.184,115.662,0.455564,  0.2,161.217,4.46e+00, 13.8, -  , - 
1232, 61705,26082019,08032021 182241, 449, 24022.4, 12.421,152.362,0.463485,  0.5,107.580,1.40e+00, 17.1, -  , - 
1233, 61707,02112019,09032021 014849,  36, 23979.8, 12.227,146.397,0.478259,  0.5,115.294,3.17e+00, 13.6, 4.1,994
1234, 61708,21122019,08032021 225927,   1, 23942.0, 11.531,154.000,0.513155,  0.5,117.656,9.24e-02, 16.2, 0.1,  6
1235, 61800,24122009,09032021 022854,   0, 24015.7,  4.621,352.054,0.713761,358.6, 40.889,8.84e-02, 16.3, 0.1,  1
1236, 61801,20042007,09032021 031512, 144, 24052.7,  8.679, 78.175,0.709624,359.8, 99.897,2.17e-01, 15.5, 4.6,775
1237, 61802,08012019,09032021 045403, 769, 24044.6,  4.267,  2.854,0.695709,358.4,145.127,7.21e-01, 18.5,61.4,609
1238, 61803,02072019,08032021 222503,  22, 23977.3, 11.966,183.494,0.502690,  0.6, 81.978,1.68e+00, 16.3, 2.1,500
1239, 61804,27102019,08032021 200834, 465, 24051.8,  9.691,187.737,0.373886,  0.7, 54.800,7.20e+00, 17.8, -  , - 
1240, 61805,13092020,09032021 004726, 160, 24234.9, 24.536,276.293,0.606733,360.0,247.072,4.73e+00, 17.2,15.5, - 
1241, 61900,24032010,09032021 055259,   0, 24134.1, 10.185,104.721,0.711144,  0.2, 14.361,1.18e-01, 13.3, 0.1,  5
1242, 61901,09072018,08032021 224855, 940, 24111.4,  7.789,327.251,0.697425,359.3, 22.032,5.15e-01, 16.9,91.5, - 
1243, 62000,10122015,08032021 190839,1900, 24127.0, 21.351, 95.712,0.697602,  0.0,218.860,3.57e+00, 16.2, -  , - 
1244, 62001,20022017,09032021 045104, 354, 24263.7,  6.823,268.343,0.332055,  0.0, 92.987,2.86e+01, 17.4, -  , - 
1245, 62003,03112018,08032021 230701,  88, 24103.8, 21.361,319.362,0.714408,359.8,190.583,9.90e-02, 17.4, 1.3,213
1246, 62004,17022021,09032021 000254,  15, 24092.4,  8.021,279.288,0.697847,359.9,112.999,4.30e-01, 18.5, 0.1,  8
1247, 62101,07092011,09032021 031057,   2, 23960.4,  8.104,354.337,0.713081,359.2,110.885,7.00e-02, 16.7, 0.1,  3
1248, 62102,29102012,09032021 010516,   2, 24128.8, 22.343,300.176,0.706192,359.8, 88.329,4.60e-02, 14.5, 0.1,  4
1249, 62103,03042017,09032021 025135, 734, 24097.0, 20.416,222.286,0.719525,  0.2,262.202,1.94e-02, 16.3, -  ,268
1250, 62104,23062019,08032021 182423, 133, 24152.1, 12.395,149.858,0.484496,  0.5,110.323,4.79e+00, 15.6,89.7, - 
1251, 62105,09082019,08032021 233711, 575, 15817.2, 26.364,  7.440,0.582122,359.7,312.713,2.40e-01, 17.2, 2.6,319
1252, 62106,06012014,09032021 014817, 385, 24164.9, 23.795,343.390,0.714638,359.7, 64.693,1.04e-02, 17.2, 4.9,199
1253, 62200,13092009,08032021 233305,   1, 24003.3,  6.244,353.680,0.719530,358.9,129.557,4.63e-03, 13.7, 0.1,  1
1254, 62201,21082009,08032021 213404,   0, 24118.9,  4.086, 44.075,0.713266,358.8,294.096,1.86e-01, 17.1, 0.1,  4
1255, 62204,19092015,08032021 231211,  76, 24299.6,  5.911,359.714,0.263838,358.9,121.537,3.27e+01, 17.1,67.2, - 
1256, 62205,01082016,09032021 020353,1352, 24158.9, 67.774,  0.423,0.604064,359.9,258.826,2.37e+00, 16.4, -  , - 
1257, 62206,16112017,08032021 212850,1166, 24128.9, 24.018,220.577,0.644254,  0.2,316.086,3.77e+00, 17.9, -  , - 
1258, 62207,01042019,09032021 000210,   2, 24116.1,  2.460, 77.978,0.702855,359.4,132.165,3.70e-01, 15.1, 0.2, 35
1259, 62208,26082019,08032021 203543, 519, 24168.3, 12.516,205.779,0.465950,  0.5, 55.655,4.99e+00, 17.7,95.4, - 
1260, 62300,14012013,08032021 173954,   3, 23992.7, 20.106,281.042,0.715555,359.9,262.293,5.34e-02, 16.9, 0.1,  4
1261, 62301,08102015,09032021 022100, 340, 24156.8, 22.561, 11.427,0.704437,359.7,331.683,1.40e+00, 16.7,94.5, - 
1262, 62302,03032017,09032021 033731, 114, 24011.3, 18.905,192.050,0.719581,  0.4,  3.455,1.74e-02, 17.8, -  , 24
1263, 62303,20012018,09032021 053432, 409, 24188.9,  9.009,256.224,0.714265,  0.2, 93.531,6.65e-01, 17.2, -  , - 
1264, 62304,18092018,09032021 030635,   4, 24109.4, 20.716,302.347,0.716320,359.8,210.825,4.91e-02, 16.3, 0.1,  6
1265, 62305,20102019,09032021 025038, 407, 24189.0, 10.082,170.403,0.476940,  0.7, 80.497,5.25e+00, 13.8,81.7, - 
1266, 62307,21022021,09032021 024107,   1, 24164.6,  6.780,227.866,0.706971,  0.7,169.121,2.93e-01, 18.4, 0.1,  6
1267, 62401,01072009,08032021 222630,   1, 24221.4,  7.529, 82.361,0.713293,359.9,221.806,4.20e-02, 13.2, 0.1,  2
1268, 62402,02082014,09032021 012234,   1, 24199.8,  6.702, 11.266,0.719254,359.0,352.074,2.98e-02, 16.3, 0.1,  2
1269, 62403,29102016,09032021 053226, 434, 24223.3,  2.533, 21.115,0.711060,357.5, 51.882,5.11e-01, 17.5,20.2, - 
1270, 62404,19092018,08032021 162149,   2, 24373.5,  8.270,133.571,0.713711,  0.6,345.635,8.46e-02, 17.5, 0.1,  5
1271, 62406,24032020,09032021 035128, 309, 24234.9,  6.645,139.445,0.716729,  0.8, 45.550,2.67e-02, 18.4,11.8, 69
1272, 62500,06102012,09032021 041854,   6, 24107.8, 29.631, 19.242,0.715345,359.8,120.373,4.83e-02, 16.5, 0.1,  4
1273, 62501,31012017,09032021 003140,   2, 24190.6, 21.143, 53.734,0.722527,359.8,143.628,5.47e-03, 10.9, 0.4,  1
1274, 62502,22052018,09032021 041649, 973, 24237.2,  8.925, 13.858,0.707475,359.3,107.516,7.52e-02, 17.9,46.9, - 
1275, 62503,16092018,08032021 223636,  31, 24221.4, 62.910,278.123,0.664492,360.0,246.768,6.17e-02, 18.2, 0.1,  9
1276, 62504,01022009,08032021 215100, 304, 24241.3, 25.298,155.304,0.718762,  0.2,212.480,2.10e-03, 17.7, 2.1, 10
1277, 62506,14062019,09032021 041132,  83, 24240.9, 11.421,168.340,0.506539,  0.6, 90.566,6.44e-02, 15.6, 0.9,207
1278, 62507,25082019,08032021 220711,  94, 24181.0, 12.170,205.928,0.428035,  0.5, 44.427,1.91e+00, 16.3,67.3, - 
1279, 62600,23122009,09032021 030320,   3, 24168.6,  2.380,  8.992,0.724638,357.2,  4.335,2.52e-03, 16.8, 0.2,  3
1280, 62601,23122009,08032021 205425,  16, 24205.8,  6.957,184.569,0.716628,  1.0,300.490,3.85e-02, 16.8, 0.1,  6
1281, 62602,29012016,08032021 195337,   1, 24186.8, 26.513, 28.325,0.706467,359.8,324.166,1.90e+00, 16.5, 0.1,  5
1282, 62603,22082017,09032021 083848,  38, 24237.8,  3.237,187.328,0.715056,  2.0,109.707,3.98e-02, 16.7, 0.2, 20
1283, 62605,26032020,08032021 230612, 346, 24280.1,  7.908,243.155,0.681709,  0.4,195.971,6.46e-01, 18.0,77.7, - 
1284, 62606,28042020,08032021 184650, 107, 24234.3, 26.922,322.562,0.719257,359.8,248.630,2.50e-03, 19.5, 0.4,  2
1285, 62607,18122020,09032021 013653,  75, 24057.1, 23.492,225.429,0.724668,  0.2, 71.456,3.21e-02, 17.8, 0.1,  3
1286, 62700,26112009,09032021 071059, 729, 24276.8, 10.026, 53.494,0.708323,359.6,105.322,1.64e-01, 15.0,16.0, - 
1287, 62701,30032009,09032021 072839,3914, 24354.0,  8.331,178.076,0.716830,  0.8,347.481,1.13e-02, 18.0, -  ,408
1288, 62702,25072015,08032021 204528,  48, 24259.7,  2.471, 40.586,0.709788,357.9,194.795,1.28e-01, 17.7, 1.7,336
1289, 62704,09042016,09032021 032259,1114, 24302.8,  9.186,155.784,0.706735,  0.7,145.898,4.79e-02, 16.8,54.3, - 
1290, 62705,26052017,08032021 174500, 758, 24333.4,  3.736,288.456,0.716972,359.5,352.806,2.93e-02, 17.3, -  , - 
1291, 62707,20052018,09032021 070540, 301, 24311.5, 64.842,272.349,0.680766,360.0, 10.268,1.16e+00, 17.0,38.4, - 
1292, 62708,02102019,09032021 025026,  41, 24270.8, 12.371,137.471,0.529968,  0.4,130.366,1.18e+00, 14.9, 3.1,726
1293, 62709,21102019,09032021 014616,   1, 24345.5,  6.549,110.650,0.707615,  0.4,332.698,2.45e-01, 17.4, 0.1,  5
1294, 62800,09052012,08032021 202750,  37, 24156.4,  6.936, 33.905,0.713214,359.2,191.545,1.24e-01, 13.0, 0.4, 70
1295, 62801,03112008,08032021 224934,  17, 24311.5,  7.461, 88.990,0.691017,360.0,143.080,2.12e-01, 14.3, 0.3, 73
1296, 62802,03032011,09032021 032420,   4, 24280.5,  2.355,328.333,0.720707,357.7, 61.629,6.54e-03, 17.1, 0.1,  1
1297, 62803,14092016,08032021 190207,  13, 24280.9,  6.596,168.783,0.704598,  1.0,219.491,1.48e-01, 17.8, 0.1, 19
1298, 62804,06052013,08032021 145421, 552, 23627.7,  3.435,204.728,0.709321,  1.7,234.326,1.45e-01, 17.9,28.5, - 
1299, 62805,26102016,09032021 020103,1015, 24355.9, 24.450, 70.935,0.684724,359.9,193.259,2.26e+00, 14.4, -  , - 
1300, 62806,08012007,08032021 181346, 155, 24359.1,  7.578,149.711,0.711547,  0.8,319.879,1.38e-01, 14.9, 5.1,921
1301, 62807,16082018,09032021 031813, 125, 24299.4,  2.417,346.750,0.719148,357.4,138.317,7.99e-03, 18.1, 0.3, 18
1302, 62808,31072019,09032021 072750,   4, 24302.1, 12.280,156.441,0.483464,  0.5, 93.328,9.23e-01, 16.2, 0.3, 67
1303, 62809,19022020,09032021 041218,   1, 23708.1,  5.665,140.995,0.719051,  0.9,146.583,3.74e-02, 12.4, 0.4,  1
1304, 62811,22092020,09032021 003704, 143, 24331.0, 19.850,279.139,0.722185,359.9,273.450,1.17e-02, 17.3, 9.8, 14
1305, 62900,09032008,08032021 194036,   0, 24307.9,  8.387,113.629,0.713926,  0.3,224.971,1.93e-01, 14.7, 0.1,  6
1306, 62901,22122009,08032021 200054,   1, 24334.2,  2.197,354.840,0.721162,357.0,300.160,6.57e-03, 16.5, 0.1,  1
1307, 62902,20122009,08032021 200135,  14, 24259.2,  2.489, 69.206,0.708816,359.0,139.700,2.18e-01, 15.9, 0.4, 80
1308, 62903,11122012,09032021 040612,   1, 24332.2, 20.718,337.794,0.716066,359.7,155.633,2.50e-02, 15.1, 0.1,  2
1309, 62906,06112016,09032021 005455,1537, 24331.4,  5.058,196.917,0.678633,  1.3,180.206,7.81e-01, 18.0, -  , - 
1310, 62907,23122016,08032021 221310, 385, 24371.4,  8.417, 95.483,0.710026,  0.1,302.719,2.24e-01, 15.1,15.1, - 
1311, 62908,17042017,08032021 225408,   5, 24337.5,  6.051, 24.476,0.703616,359.0,210.768,5.85e-02, 17.0, 0.1,  6
1312, 62909,18092008,09032021 011313, 340, 24397.6,  7.399,114.836,0.709160,  0.4, 31.019,1.20e-01, 17.9,61.2, - 
1313, 63000,23042012,08032021 191526,   1, 24349.5, 25.149,128.280,0.718613,  0.2, 93.753,6.81e-03, 12.2, 0.1,  1
1314, 63001,29082012,08032021 140954,   8, 24060.8, 19.934,215.467,0.717705,  0.3,289.142,6.26e-02, 14.2, 0.1, 12
1315, 63002,27042017,08032021 185823,  76, 24402.4,  3.111,218.947,0.716917,  1.6, 32.655,1.49e-01, 17.4, 1.2,289
1316, 63003,20012018,09032021 004318,   1, 42167.0,  4.346,317.926,0.000207,358.9, 30.646,1.00e-02, 12.2, 0.1,  1
1317, 63004,05122018,09032021 013514, 380, 24399.2, 20.600,353.982,0.719538,359.7,132.719,1.18e-01, 18.6,75.6,915
1318, 63005,26082019,09032021 020747, 555, 24417.8, 12.403,153.501,0.500824,  0.5, 97.033,1.02e-02, 17.5,74.5, - 
1319, 63006,29092019,09032021 021837, 492, 24359.2, 11.597,181.851,0.505206,  0.6, 76.610,7.57e-01, 17.9,71.3, - 
1320, 63007,23102019,09032021 075710, 491, 24357.4, 12.736,146.624,0.468691,  0.4,102.994,6.43e+00, 17.2, -  , - 
1321, 63008,22102019,09032021 015243, 499, 24349.9, 12.069,158.554,0.429802,  0.5, 86.425,1.04e+00, 17.9, -  , - 
1322, 63009,22112019,08032021 200847, 420, 24343.2, 10.574,179.959,0.442847,  0.6, 70.528,5.84e+00, 16.9, -  , - 
1323, 63010,24042020,08032021 221336, 301, 24374.0, 67.436,158.717,0.606556,  0.1,199.944,9.85e+00, 17.0,29.2, - 
1324, 63101,20112012,09032021 014455,   2, 24440.8, 21.124,344.270,0.705789,359.7, 46.738,1.68e-02, 16.9, 0.1,  2
1325, 63102,10012013,08032021 194340,   1, 24377.4, 21.478,122.980,0.681463,  0.2,141.432,3.50e-02, 17.2, 0.1,  3
1326, 63103,04112013,09032021 040654,2630, 24585.2, 49.095, 84.285,0.280912,360.0,251.315,5.79e+01, 14.8, -  , - 
1327, 63106,21012017,08032021 202102,   1, 42166.4,  3.155,313.993,0.000205,358.6, 38.222,1.00e-02, 13.0, 0.1,  5
1328, 63107,06102018,08032021 231333, 435, 24399.5,  6.419,248.569,0.699642,  0.4,193.944,5.88e-01, 17.3,16.0,947
1329, 63108,02072019,08032021 193801, 578, 24442.3, 12.642,115.740,0.553698,  0.2,170.217,9.30e+00, 16.8, -  , - 
1330, 63109,06072019,08032021 235532, 492, 24379.3, 13.468, 88.027,0.635771,360.0,221.238,1.75e+00, 17.9,19.5, - 
1331, 63110,26072019,09032021 063809, 403, 24420.0,  6.286,319.747,0.715127,359.2, 64.643,8.66e-02, 18.0,16.3,542
1332, 63111,12112020,08032021 225410,   3, 24259.1, 24.292, 15.423,0.717928,359.7,241.782,1.30e-01, 16.1, 0.1, 24
1333, 63200,07062011,09032021 002305,   1, 24386.5, 28.783,326.476,0.720645,359.8,252.743,2.85e-03, 12.8, 0.1,  1
1334, 63201,11062012,08032021 193200,   0, 24392.8, 62.633, 63.407,0.724454,359.9,264.759,6.97e-02, 14.8, 0.1,  1
1335, 63202,25112016,09032021 012831,  16, 24371.2,  6.641,  4.605,0.722438,359.0,200.058,7.07e-03, 16.9, 0.1,  1
1336, 63203,04092017,08032021 223528, 142, 23577.5, 24.261,  1.296,0.681496,359.7,212.328,1.55e+00, 17.3, 7.7, - 
1337, 63204,06032018,09032021 041257,   4, 24419.1, 62.385,258.549,0.700849,  0.0,265.248,1.17e-01, 16.9, 0.1,  5
1338, 63205,14062019,08032021 174817, 482, 24424.4, 10.438,176.717,0.504511,  0.6, 85.115,7.92e+00, 16.6, -  , - 
1339, 63207,10012020,08032021 230446, 419, 24401.5, 10.983,129.600,0.529732,  0.4,142.355,6.18e+00, 16.9,23.6, - 
1340, 63208,27082020,09032021 053702, 138, 24440.5,  7.098,200.125,0.709707,  0.9, 60.536,4.51e-01, 18.5, 6.6, - 
1341, 63301,10072019,08032021 195105,  21, 24412.1, 11.404,195.516,0.456268,  0.6, 53.203,3.61e+00, 15.3, 2.3,537
1342, 63302,16122020,09032021 042659,  58, 24514.5, 14.005, 97.917,0.632901,  0.1,211.944,8.50e+00, 15.6, 3.1,683
1343, 63400,23092008,08032021 205400,   2, 24392.0,  4.428, 81.770,0.721372,359.8,258.901,8.60e-03, 16.9, 0.1,  1
1344, 63403,21012018,08032021 183432, 405, 24545.5,  5.372, 20.154,0.714895,358.8,341.873,7.97e-01, 17.1,55.3, - 
1345, 63404,11022009,08032021 205308, 303, 24468.2,  7.771,189.829,0.712236,  0.8,241.148,9.93e-03, 17.9, 5.4,272
1346, 63405,03072019,09032021 003638,  12, 24487.9, 12.534,146.491,0.477676,  0.4,110.415,3.25e+00, 14.9, 3.1,743
1347, 63406,18072019,09032021 035724, 582, 24438.9, 21.532,  4.244,0.715009,359.7, 89.653,2.15e-01, 16.0,90.2, - 
1348, 63407,22102019,08032021 230631, 226, 24525.5,  5.948,116.759,0.714829,  0.5,338.528,2.48e-01, 17.4,16.0,993
1349, 63408,22012020,09032021 034528, 404, 24411.3, 12.100,171.011,0.545614,  0.5,102.424,9.57e+00, 18.4, -  , - 
1350, 63409,27012020,09032021 012428, 118, 23557.8, 65.579,103.957,0.706460,  0.0,359.841,6.14e-01, 16.3,14.0, - 
1351, 63500,28082008,08032021 184929,  27, 24649.1,  7.297,325.987,0.710975,359.3,347.570,1.06e-02, 17.3, 0.3, 50
1352, 63501,16032013,09032021 005833,   1, 24568.3, 21.099, 51.903,0.709768,359.8, 14.922,4.50e-02, 15.9, 0.1,  2
1353, 63503,14102013,08032021 234945,   1, 24476.2, 22.007, 12.679,0.715360,359.7, 49.260,1.35e-01, 17.6, 0.1, 18
1354, 63504,10072018,09032021 072719, 923, 24472.9, 19.403,181.502,0.624203,  0.3, 46.803,4.82e+00, 16.0, -  , - 
1355, 63506,22102017,09032021 050125,  36, 24457.4, 20.599,340.233,0.719292,359.7,154.904,4.19e-02, 18.2, 0.7, 87
1356, 63507,02112019,09032021 050942, 236, 24568.6,  8.099, 71.550,0.716708,359.7, 16.012,9.85e-02, 18.3, 6.9,370
1357, 63508,05112019,09032021 011606, 170, 24607.0, 10.464,167.950,0.444176,  0.6,114.560,9.34e+00, 15.4,91.6, - 
1358, 63509,20012021,09032021 025520,   7, 24531.5, 12.226,144.959,0.421652,  0.5,107.990,5.05e+00, 15.9, 4.7, - 
1359, 63600,11092010,08032021 191733, 314, 24352.1,  5.349,281.972,0.716315,359.8,207.754,1.30e-01, 16.1,14.8, - 
1360, 63601,22122009,09032021 001336,   1, 24516.0,  9.295,338.970,0.718491,359.3, 11.531,1.78e-01, 14.7, 0.1,  8
1361, 63602,10032015,09032021 042802, 274, 24513.8, 62.577,171.867,0.691684,  0.1,257.917,1.70e-01, 15.5, 4.1,789
1362, 63603,05042016,08032021 204439,  64, 24522.0,  6.970, 81.402,0.703285,359.9,165.814,1.41e-01, 16.7, 0.3, 23
1363, 63604,25032010,09032021 001645, 154, 24427.1,  2.738,  1.368,0.721807,357.6,104.149,3.06e-02, 17.2,16.0,123
1364, 63605,25082017,09032021 004243,1039, 24511.4, 66.848,250.775,0.555783,  0.0,209.463,7.33e+00, 16.2,96.3, - 
1365, 63606,22102017,09032021 041624, 311, 24520.8,  8.559,255.432,0.714172,  0.2,101.858,1.28e-01, 17.1,21.4,328
1366, 63700,13032013,08032021 204039,   2, 24513.9,  5.748,112.823,0.709078,  0.5,205.784,1.82e-01, 13.6, 0.1,  7
1367, 63701,08082015,09032021 025339,   2, 24585.9,  7.777,238.137,0.711697,  0.5,149.079,1.52e-02, 17.6, 0.1,  1
1368, 63702,30082011,08032021 212825,   1, 24464.6, 19.772,332.854,0.719899,359.7,187.576,6.14e-02, 15.7, 0.1,  2
1369, 63703,01042012,09032021 030841,   1, 24381.7,  6.105,131.238,0.718512,  0.7,107.948,2.89e-02, 16.4, 0.1,  3
1370, 63704,09082015,09032021 021647,   1, 24568.8,  4.908,216.541,0.721721,  1.1, 48.070,7.40e-03, 16.7, 0.1,  1
1371, 63705,09122015,09032021 021937,   2, 24551.5, 63.379,313.148,0.718008,359.9,270.211,3.92e-02, 16.1, 0.1,  1
1372, 63706,25022016,08032021 173143, 377, 24578.3,  6.442,140.692,0.683942,  0.8,  0.638,8.45e-01, 17.4,21.4, - 
1373, 63708,17122018,09032021 010449,   1, 24465.8,  3.509,230.643,0.726471,  1.2,124.228,8.53e-03, 16.5, 0.2,  1
1374, 63709,30092019,09032021 000715, 143, 24674.0, 12.590,220.931,0.392675,  0.4, 24.628,2.65e+00, 17.4,31.5, - 
1375, 63800,02082011,09032021 023259,   2, 24582.0, 20.479,322.834,0.724598,359.7,185.059,4.37e-03, 13.3, 0.1,  1
1376, 63801,18022013,09032021 024621,   2, 24388.7, 20.380,305.377,0.722791,359.8,214.547,1.48e-02, 17.2, 0.5,  1
1377, 63802,07052016,08032021 192513,   2, 24544.5, 28.859,147.123,0.716785,  0.2,274.817,4.85e-02, 17.2, 0.1,  4
1378, 63803,22012017,08032021 195544,   4, 24577.0, 62.846,305.962,0.684051,359.9,249.663,1.00e-01, 15.9, 0.1,  4
1379, 63804,22022018,08032021 183519, 498, 24681.6, 15.644,226.716,0.655425,  0.3, 32.844,3.81e+00, 15.0,83.6, - 
1380, 63805,05082015,09032021 085826, 579, 24566.5, 21.081, 32.354,0.711857,359.7, 53.535,1.03e-02, 16.3, 2.7,  9
1381, 63806,18052020,09032021 015510, 290, 24640.8,  5.334,102.510,0.687309,  0.3, 23.706,7.90e-01, 18.3,71.7, - 
1382, 63807,22122006,09032021 020933,   3, 24550.8,  8.406,213.052,0.712665,  0.7,188.191,1.14e-02, 18.4, 0.1,  3
1383, 63900,23042007,09032021 003255,   0, 24589.6,  4.289,  1.822,0.709479,358.4, 25.194,3.99e-01, 14.9, 0.1,  6
1384, 63901,10122006,09032021 033642,   2, 24683.5, 11.538,259.294,0.711075,  0.1,334.872,1.66e-01, 13.1, 0.1,  8
1385, 63902,07052013,08032021 152554,   1, 24679.1,  7.230,341.193,0.710281,359.1,317.340,2.90e-01, 15.7, 0.1, 16
1386, 63903,17042016,08032021 204639, 587, 24595.4, 10.219,345.720,0.705925,359.4,272.905,1.92e-01, 16.2,19.0, - 
1387, 63904,21112016,08032021 181738,  58, 24631.2,  4.847, 18.187,0.710865,358.7,353.436,2.06e-01, 14.3, 1.0,210
1388, 63905,15052017,09032021 014146, 123, 24459.5, 20.725,344.379,0.708725,359.7, 66.510,1.29e-02, 19.3, 0.9, 27
1389, 63906,23122017,08032021 215830,  76, 24511.7, 20.569, 12.956,0.715264,359.7,102.543,4.41e-02, 20.0, 1.4,177
1390, 63907,19122019,09032021 022808, 415, 24599.8, 11.982,129.149,0.508696,  0.4,132.950,4.07e+00, 14.0,72.9, - 
1391, 63908,22072015,08032021 193551, 408, 24614.8, 20.804, 81.245,0.708492,359.9,320.740,9.56e-02, 16.0, 5.2, 48
1392, 63909,23112020,08032021 174425,  74, 24388.9, 62.809, 29.879,0.727057,359.9,270.426,9.11e-02, 17.3, 1.1,  9
1393, 64000,14092006,08032021 191605,   1, 24547.5,  8.077, 31.226,0.716136,359.3,252.123,9.56e-02, 16.3, 0.1,  2
1394, 64001,13012007,08032021 223740,   1, 24637.0, 11.533, 37.741,0.704295,359.5,144.390,1.99e-01, 12.0, 0.1, 10
1395, 64002,15102009,08032021 164839,  61, 24593.5, 10.395,  6.144,0.704229,359.4,225.962,7.87e-02, 15.4, 0.5,106
1396, 64003,15102012,09032021 053219,   1, 24635.3, 20.696, 66.581,0.697579,359.9,269.820,4.40e-02, 15.6, 0.1,  3
1397, 64004,24032017,08032021 170110,   1, 24643.7,  3.945,283.442,0.700696,359.6,284.573,7.64e-02, 17.1, 0.1,  3
1398, 64005,13022018,08032021 222028,   6, 24622.6, 26.875,281.760,0.725270,359.9,353.198,1.61e-02, 17.2, 0.1,  1
1399, 64006,05112018,09032021 003554,  64, 24612.3,  9.449, 32.992,0.700146,359.4,190.195,3.30e-01, 16.3, 1.9,404
1400, 64007,30072019,09032021 043936, 193, 24657.4, 12.977,209.337,0.480703,  0.5, 46.791,2.86e+00, 17.2,50.3, - 
1401, 64008,02112019,09032021 063043,   1, 24611.3, 11.708,174.302,0.458418,  0.6, 63.915,1.71e-01, 17.5, 0.1,  2
1402, 64009,15072020,08032021 233919,  31, 24618.6,  2.247, 51.736,0.719717,358.1,163.158,7.62e-03, 17.8, 0.1,  2
1403, 64010,10032019,08032021 233253,  72, 24576.7, 25.792,287.299,0.707071,359.9,152.210,3.19e-03, 18.7, 0.1,  3
1404, 64100,05012012,09032021 015104,   0, 24696.1,  5.828,349.416,0.710791,358.9, 44.113,5.05e-01, 13.5, 0.1,  4
1405, 64101,20112012,09032021 043827,   2, 24698.7, 21.647,  4.541,0.711207,359.7,  2.099,8.92e-02, 16.3, 0.1,  3
1406, 64102,13082015,09032021 050200,   1, 24692.4, 18.836,107.854,0.700220,  0.1,230.118,1.69e+00, 17.0, 0.1,  6
1407, 64103,27042017,08032021 211127,  36, 24667.3,  3.828,297.093,0.700808,359.2,263.757,7.93e-02, 18.1, 0.1,  8
1408, 64104,13092019,09032021 010137, 444, 24653.3, 11.727,203.760,0.432843,  0.5, 27.565,2.24e-01, 15.3, 7.1, - 
1409, 64105,22092019,09032021 051728,  64, 24616.8, 12.016,154.619,0.503428,  0.5, 98.459,6.57e-01, 17.0, 7.9, - 
1410, 64106,18102019,09032021 002252, 455, 24673.2, 10.674,161.724,0.433622,  0.6, 82.711,7.76e+00, 17.0, -  , - 
1411, 64107,11122006,08032021 211216,  63, 24644.3,  8.937,  0.217,0.703862,359.3,265.367,1.00e-02, 16.5, 0.2, 34
1412, 64108,25092017,08032021 235515,  21, 24645.7, 20.456,343.340,0.722507,359.7,153.716,6.95e-03, 16.0, 0.1, 15
1413, 64200,02022009,08032021 211339,   1, 24719.0,  6.351,251.021,0.711544,  0.3, 57.622,3.90e-02, 15.9, 0.1,  1
1414, 64201,05062012,09032021 043309,   1, 24686.3, 62.830, 82.149,0.728504,360.0,267.927,8.08e-03, 14.2, 0.1,  1
1415, 64202,01092011,09032021 035348,   2, 24712.3, 20.593, 34.799,0.715033,359.7, 62.503,3.23e-02, 16.4, 0.1,  2
1416, 64203,18022018,09032021 030224,1058, 24657.6,  6.445,230.625,0.712459,  0.7,172.807,7.94e-02, 18.9,30.0,847
1417, 64204,28102018,08032021 155329, 151, 24466.3, 26.653, 15.247,0.721801,359.7,232.772,5.77e-02, 18.8, 1.7,137
1418, 64205,25012019,08032021 161511, 477, 24644.3, 69.571,205.887,0.526975,  0.1,250.784,2.69e+00, 16.7,82.3, - 
1419, 64206,30072019,09032021 071209, 476, 24674.5, 10.679,205.345,0.403911,  0.6, 37.033,2.24e+00, 17.1, -  , - 
1420, 64207,25092019,09032021 050522, 134, 24760.7,  9.688,174.981,0.428238,  0.7, 79.475,5.17e+00, 17.6,74.5, - 
1421, 64208,03042017,09032021 002933, 127, 24633.7, 22.611,102.285,0.692446,  0.1,158.436,1.08e-02, 17.9, 0.1,  7
1422, 64209,14022021,09032021 080529,  16, 24688.7, 11.392,141.292,0.463883,  0.5,115.753,2.51e+00, 16.0, 8.1, - 
1423, 64300,26092006,09032021 010959,   3, 24687.6, 62.793,  2.416,0.720882,359.9,258.741,2.39e-02, 15.7, 0.1,  1
1424, 64301,28082008,08032021 195805,   1, 24728.4,  6.508,217.353,0.713592,  0.8,116.902,1.96e-02, 16.6, 0.1,  1
1425, 64302,20032010,08032021 213108, 214, 24783.9,  9.260,129.907,0.701397,  0.5,357.805,3.27e-01, 14.9, 2.9,666
1426, 64305,18032015,09032021 013426,   1, 24676.2, 21.537,106.370,0.689250,  0.1,183.475,1.15e+00, 15.5, 0.1, 15
1427, 64306,10052017,08032021 233727,  66, 24640.6, 21.119,134.630,0.686657,  0.2,124.003,6.58e-02, 17.3, 1.4,169
1428, 64307,28112007,08032021 211409, 442, 24742.2,  8.449,332.771,0.710355,359.3,323.745,2.27e-03, 18.9, 0.9, 38
1429, 64308,29092018,09032021 101220,   1, 24727.4, 20.742, 25.074,0.717117,359.7, 75.892,9.08e-03, 18.3, 0.1,  1
1430, 64309,22092019,08032021 231651, 406, 24702.2, 10.068,154.953,0.466263,  0.6, 96.519,7.53e+00, 15.7, -  , - 
1431, 64400,01092011,09032021 004523,   1, 24768.9, 20.771, 48.750,0.713969,359.8, 26.300,4.87e-02, 16.5, 0.1,  6
1432, 64401,11072017,09032021 002615,   8, 24730.5, 62.726,314.409,0.707423,359.9,256.704,3.39e-02, 16.3, 0.1,  8
1433, 64402,19102017,09032021 031400,1230, 24725.8, 18.544,294.250,0.695191,359.9,175.406,2.11e-01, 18.6,29.5,649
1434, 64403,28082019,09032021 024558, 493, 24748.6, 12.374,135.843,0.555614,  0.4,140.633,5.19e+00, 17.4, -  , - 
1435, 64404,23092019,08032021 234252, 125, 24742.2, 10.022,163.176,0.314404,  0.6, 87.594,2.71e+00, 17.4,82.3, - 
1436, 64405,18082020,09032021 021813, 195, 24755.8,  6.573,133.261,0.713012,  0.7, 66.152,6.27e-02, 17.9, 1.5, 13
1437, 64406,14092020,09032021 010341,  54, 24702.8,  5.641,240.773,0.716108,  0.6,107.556,3.96e-01, 17.8, 0.8, 53
1438, 64407,11102020,08032021 191722, 116, 24724.2,  8.218, 60.473,0.698235,359.6,147.252,4.21e-01, 16.6, 1.0, 66
1439, 64501,21102013,09032021 071953,  13, 24741.0, 11.498,229.854,0.697602,  0.4,110.211,8.97e-02, 14.4, 0.1, 29
1440, 64502,24052014,08032021 110005,   1, 42166.2,  3.261,139.734,0.000371,  1.6,301.788,1.67e-02, 11.0, 0.1,  1
1441, 64503,18012015,08032021 182633,   2, 24721.6, 21.654, 62.722,0.700833,359.9,258.791,1.94e-02, 17.6, 0.1,  2
1442, 64504,05082015,08032021 191047,1608, 21941.0, 62.909,346.907,0.697156,359.9,273.324,1.64e-01, 13.9,11.6, - 
1443, 64505,02122016,09032021 060019, 424, 24721.6, 27.617,240.821,0.290105,  0.1, 12.749,1.57e+01, 16.5,44.6, - 
1444, 64506,16102017,09032021 034029,1148, 24758.4, 18.841,297.322,0.691925,359.8,168.543,4.39e-01, 18.3,72.6, - 
1445, 64507,07102018,08032021 184409, 845, 24768.4,  9.835,168.143,0.710074,  0.7,328.426,2.64e-01, 17.5, -  , - 
1446, 64508,22092019,08032021 205057, 467, 24819.9, 11.074,224.166,0.305583,  0.4,  7.975,8.91e+00, 15.0, -  , - 
1447, 64509,04082015,09032021 004658,  19, 24733.9, 20.664, 28.225,0.716859,359.7, 72.250,1.32e-02, 15.5, 0.1,  7
1448, 64600,03082016,09032021 000529, 106, 24924.4, 19.758,311.122,0.567602,359.8,208.245,2.82e+00, 16.6,20.8, - 
1449, 64602,16102017,09032021 071635,1230, 24791.7, 18.839,301.268,0.691634,359.8,161.429,5.34e-01, 19.2,98.8, - 
1450, 64603,31072019,09032021 011815, 119, 24782.1, 11.372,203.888,0.434603,  0.5, 29.484,1.05e+00, 17.2, 9.0, - 
1451, 64604,05082019,08032021 225454, 537, 24771.1, 13.288,153.300,0.471523,  0.5, 88.421,2.25e+00, 17.9,60.0, - 
1452, 64605,02102019,09032021 021808, 375, 24786.8, 11.330,180.152,0.500334,  0.6, 67.118,3.03e-01, 17.2, 3.1,714
1453, 64700,22062007,08032021 222856,   1, 24789.2,  4.420,147.289,0.693534,  1.3,166.512,3.88e-02, 16.6, 0.1,  2
1454, 64702,28082014,09032021 021253,   7, 24858.9,  4.456,317.353,0.672506,358.9,210.536,1.07e+00, 17.3, 0.1, 11
1455, 64703,16102017,09032021 020122,1236, 24832.3, 19.042,306.564,0.689253,359.8,150.799,7.06e-01, 18.7, -  , - 
1456, 64800,20062012,08032021 165841,   1, 24838.8, 62.196,227.840,0.692714,  0.1,261.463,3.54e-02, 13.3, 0.1,  1
1457, 64801,03092011,09032021 050524,   1, 24885.6, 20.991, 42.935,0.717948,359.8, 39.634,5.86e-02, 15.0, 0.1,  3
1458, 64802,17092012,09032021 011919,  70, 24557.0, 20.291,129.261,0.692150,  0.2,136.169,1.41e+00, 17.5, 8.3, - 
1459, 64803,24122009,08032021 163521, 262, 24836.2,  6.386,191.215,0.694651,  1.0,258.891,1.48e-01, 15.5, 1.6,238
1460, 64804,13032016,09032021 092134, 994, 24844.8,  7.317,268.631,0.718693,  0.0, 61.798,3.06e-01, 17.7, -  , - 
1461, 64805,10082016,09032021 040458, 495, 24859.8,  2.832,228.940,0.692158,  1.5, 60.687,1.45e-01, 17.2, 5.5,910
1462, 64806,23092017,08032021 223419, 509, 24840.1,  7.010,332.234,0.706635,359.2,265.701,1.20e-01, 18.0, 8.7,716
1463, 64807,15102017,09032021 044806,   1, 42167.8,  3.001,333.089,0.000398,358.1,  6.448,1.00e-02, 10.0, 0.1,  1
1464, 64808,07082015,08032021 222712, 743, 24845.9, 20.237, 33.688,0.717538,359.7, 72.994,1.19e-02, 17.3,26.5, 50
1465, 64809,17022009,09032021 061924,   1, 24798.2,  9.433,246.452,0.694134,  0.3,124.517,1.32e-01, 12.8, 0.1,  8
1466, 64810,13022021,09032021 000255,   3, 24810.6,  4.753,158.586,0.707659,  1.3,182.474,8.70e-01, 18.0, 0.5,101
1467, 64900,23122009,08032021 211938,  14, 24867.5,  7.751,309.136,0.713191,359.5, 58.931,1.96e-01, 15.0, 0.2, 51
1468, 64901,06082007,08032021 230229,   0, 24852.1,  6.724,189.801,0.723247,  1.0,328.418,2.99e-02, 14.7, 0.1,  1
1469, 64903,20122009,08032021 224848, 267, 24855.6,  8.206,189.776,0.715967,  0.8,263.405,1.17e-01, 17.0, 7.3,824
1470, 64905,04122016,08032021 200705, 325, 24834.0,  4.297,247.628,0.699690,  0.6,252.344,3.91e-01, 14.9,10.3, - 
1471, 64906,15102017,08032021 205025,1158, 24883.1, 18.763,311.592,0.689423,359.8,143.362,9.75e-01, 17.7, -  , - 
1472, 64907,07012019,08032021 231432, 787, 24816.0, 28.008, 81.088,0.721065,360.0,315.922,1.64e+00, 15.9, -  , - 
1473, 64908,25102019,09032021 025109, 495, 24847.4, 20.418, 83.677,0.708764,360.0,243.775,1.39e+00, 17.5,59.2,743
1474, 65000,30012014,09032021 043026,2588, 24909.9, 25.517,349.898,0.701448,359.7, 51.192,6.44e-01, 15.7, -  , - 
1475, 65001,10042018,09032021 045229, 466, 24846.5,  6.039,185.128,0.720087,  1.1,197.592,8.68e-02, 18.0,15.6, - 
1476, 65002,30072019,09032021 015853, 449, 24938.1, 10.823,189.544,0.467922,  0.6, 58.313,4.57e+00, 16.7, -  , - 
1477, 65003,12012021,08032021 215948,  49, 24922.3, 10.731,312.008,0.691815,359.6,341.079,4.43e-01, 17.5, 0.2, 45
1478, 65100,23012015,08032021 194337,1668, 24947.9, 33.913,125.442,0.654632,  0.1, 61.340,1.77e+00, 17.3, -  , - 
1479, 65101,19122009,09032021 014959,   1, 24912.3,  6.916,323.358,0.719197,359.2, 71.732,1.15e-01, 14.6, 0.1,  7
1480, 65102,15102016,09032021 033259,  13, 24910.0, 25.677,296.033,0.689008,359.9,186.254,1.71e+00, 17.3, 0.3, 56
1481, 65103,12082019,09032021 073705, 369, 24909.8, 11.352,193.994,0.448216,  0.6, 38.212,1.47e-01, 14.4, 4.0,937
1482, 65104,19092019,08032021 230224,  87, 24878.4, 11.413,206.057,0.413950,  0.5, 25.266,3.21e+00, 17.4,81.2, - 
1483, 65105,24092019,08032021 185353, 472, 24825.6, 29.471, 21.392,0.721458,359.8,292.589,1.88e+00, 16.2,50.0, - 
1484, 65106,24082020,09032021 044019,  38, 24946.3, 34.096,125.901,0.656580,  0.1, 61.485,1.67e+00, 16.5, 2.1,438
1485, 65200,23032010,09032021 000840, 747, 24884.5,  7.076,320.370,0.721323,359.3, 76.039,1.76e-01, 13.2, -  , - 
1486, 65201,27032015,09032021 023531,2013, 24936.9, 34.631, 60.026,0.681411,359.9,154.567,9.91e-01, 15.4, -  , - 
1487, 65202,16052016,08032021 233117, 784, 25851.4, 10.259, 97.893,0.352915,  0.1,255.667,3.13e+01, 16.2, -  , - 
1488, 65203,25092019,09032021 002751, 473, 24936.2, 11.225,192.987,0.479375,  0.6, 47.286,8.85e-01, 18.1,17.7, - 
1489, 65204,06072009,08032021 224746,  21, 24991.0, 35.438, 42.250,0.676131,359.9,168.075,1.00e-02, 15.9, 0.1, 19
1490, 65300,04122009,09032021 000652,   1, 24976.8,  9.811, 61.090,0.680959,359.7,144.254,1.08e-01, 14.7, 0.1,  5
1491, 65301,15102017,09032021 050419,1142, 24997.8, 18.950,319.006,0.688624,359.7,128.963,1.31e+00, 17.3, -  , - 
1492, 65302,16102017,09032021 004345,1181, 24948.3, 18.753,304.738,0.696369,359.8,155.511,1.64e-02, 19.0, 8.7,192
1493, 65303,16122017,08032021 230710,1128, 24884.6,102.553,351.779,0.144767,359.9,214.023,5.25e+01, 16.7, -  , - 
1494, 65304,20102019,09032021 072524, 133, 24852.0, 12.202,208.117,0.473513,  0.5, 31.701,5.61e+00, 14.7,81.8, - 
1495, 65305,16012020,08032021 152339, 385, 24969.6,  5.912,203.999,0.710939,  1.0,209.302,4.28e-01, 17.2,22.5, - 
1496, 65400,01072009,09032021 000014,   3, 24954.3,  7.502, 92.064,0.720927,  0.0,126.808,2.04e-02, 15.4, 0.1,  1
1497, 65401,21122009,08032021 185454,   9, 24872.9,  6.208,281.046,0.723203,359.8,177.823,3.08e-02, 15.7, 0.1,  6
1498, 65403,16102017,09032021 041024,1234, 24999.6, 18.933,307.783,0.693709,359.8,149.162,5.17e-01, 18.6,51.5,684
1499, 65404,04082015,08032021 173921, 213, 25053.0, 19.630, 86.339,0.716420,360.0,338.947,7.47e-02, 16.5, 5.3, - 
1500, 65405,09112020,08032021 180234,  50, 24993.5, 11.767,202.790,0.489027,  0.5, 39.688,1.44e+00, 16.0, 1.9,452
1501, 65500,25082015,08032021 224925,   4, 25040.9, 18.872, 18.208,0.712464,359.7, 37.596,5.78e-02, 17.3, 0.1, 13
1502, 65501,14042017,08032021 193849,   3, 25003.0, 63.674, 81.872,0.688440,360.0,249.727,9.83e-03, 16.0, 0.1,  1
1503, 65502,20102017,09032021 001614,1234, 25059.2, 19.240,317.628,0.689264,359.7,128.892,1.13e+00, 19.3, -  , - 
1504, 65503,01082018,09032021 065700, 532, 24836.5, 66.156,111.605,0.719800,  0.0,359.250,4.19e-01, 17.0,45.7, - 
1505, 65504,19062019,09032021 071153, 467, 24992.3, 11.817,160.560,0.514970,  0.5, 86.970,1.58e-01, 16.1, 3.3,734
1506, 65505,23092019,09032021 085852, 407, 24987.5, 11.718,189.690,0.482658,  0.6, 52.398,1.02e+00, 16.7,48.8, - 
1507, 65506,26092019,08032021 213426, 275, 25053.3, 19.999, 34.113,0.717967,359.7,338.701,4.00e-01, 17.4,12.5,365
1508, 65507,02112019,09032021 025149, 489, 24992.8, 12.345,149.785,0.368614,  0.5, 77.300,8.16e+00, 16.3,33.9, - 
1509, 65508,31012009,08032021 200933,   1, 25004.9,  7.729, 63.636,0.710210,359.6,196.319,6.85e-02, 15.3, 0.1,  8
1510, 65600,21012007,09032021 072525,   3, 24260.9,  6.261,107.906,0.714064,  0.3,141.433,7.42e-02, 17.2, 0.1,  4
1511, 65601,05112012,08032021 233219,   4, 25025.0, 62.904,356.147,0.710199,359.9,255.867,3.58e-02, 15.4, 0.1,  1
1512, 65602,16012013,08032021 191549,1536, 25160.9, 18.836,288.260,0.596233,359.9,255.633,3.21e+00, 16.3, -  , - 
1513, 65603,03062016,09032021 000540,1720, 25023.1, 27.901, 15.508,0.672722,359.8,320.988,2.05e+00, 17.5, -  , - 
1514, 65604,16102017,08032021 235634,1224, 25023.3, 18.637,302.733,0.698678,359.8,160.068,9.26e-02, 19.0,45.9, - 
1515, 65605,12012019,09032021 102157, 395, 25016.9, 27.186, 72.758,0.727909,359.9, 94.617,2.71e-02, 18.7,50.3, 75
1516, 65606,12082019,09032021 012619,   8, 25021.0, 11.617,180.128,0.458338,  0.6, 51.642,7.37e-02, 16.8, 0.1,  2
1517, 65700,28032012,08032021 194931,   1, 24995.7, 63.438,312.757,0.722830,359.9,271.806,8.91e-03, 12.4, 0.1,  1
1518, 65701,26022010,08032021 201515,   2, 25106.9,  6.854, 17.074,0.696882,359.1,324.932,1.00e-01, 16.5, 0.1,  8
1519, 65703,15062015,08032021 201150, 920, 19845.6, 62.358,298.683,0.661605,359.9,273.533,1.70e-01, 14.5,17.9, - 
1520, 65704,07122015,08032021 163955, 791, 24758.6, 17.900,297.471,0.724363,359.8,200.354,9.06e-02, 16.4, -  ,905
1521, 65705,09122015,09032021 000459,   1, 24985.7, 20.654,110.787,0.697749,  0.1,186.591,9.36e-02, 14.8, 0.1,  6
1522, 65706,22092017,09032021 074913,1256, 25068.7, 23.618, 40.979,0.595986,359.8, 77.714,1.27e+00, 18.9, -  , - 
1523, 65708,27082019,08032021 231341, 518, 25136.4,  6.653,  3.264,0.725802,359.0,  8.671,3.24e-02, 18.0,24.2,265
1524, 65709,22092019,09032021 032958, 531, 25035.6,  3.945, 78.269,0.672694,359.6,229.917,4.84e-01, 18.0,11.8, - 
1525, 65800,11032010,08032021 232113, 247, 25054.8, 11.957, 48.415,0.690880,359.6,131.809,4.27e-01, 15.3, 7.1, - 
1526, 65802,08082015,09032021 053835, 159, 25063.9, 16.838, 26.311,0.716323,359.6,139.644,5.45e-02, 17.1, 5.8,508
1527, 65803,29112018,09032021 063804, 745, 25114.1,  7.399, 85.046,0.701923,359.9, 65.843,4.23e-01, 17.1,29.1, - 
1528, 65804,19062019,09032021 045317, 498, 25114.9, 10.521,196.255,0.422236,  0.6, 42.742,3.91e+00, 16.9, -  , - 
1529, 65805,27062019,09032021 064904, 442, 25111.7, 10.449,155.007,0.453266,  0.6, 95.808,5.20e+00, 16.6, -  , - 
1530, 65806,26082019,09032021 010218, 559, 25106.2,  9.680,155.784,0.515564,  0.6,122.211,1.09e+01, 18.2, -  , - 
1531, 65900,19122009,09032021 000303, 226, 25133.1, 10.345,171.570,0.678880,  0.6,265.528,4.14e-01, 14.4, 7.3, - 
1532, 65901,12042015,08032021 201412, 459, 25108.0,  2.739, 18.458,0.697770,357.7,269.599,2.10e-01, 15.7, 8.5, - 
1533, 65902,15112015,09032021 030207,  62, 25089.2, 20.420,142.114,0.695452,  0.3,124.043,1.17e-01, 16.6, 0.4, 92
1534, 65903,13082016,08032021 194257,1564, 24437.9,  4.569,320.221,0.592576,358.9,  8.580,2.58e+01, 17.9, -  , - 
1535, 65904,27082017,08032021 205942,  39, 25095.4,  6.179, 78.278,0.708945,359.8,196.218,2.38e-02, 16.8, 0.1, 18
1536, 66000,08092007,09032021 010714, 385, 25152.7, 10.506,220.280,0.671404,  0.5,176.448,4.95e-01, 18.2,18.1, - 
1537, 66001,01082010,09032021 035752,   1, 25144.6,  8.037,218.499,0.671232,  0.6,211.513,2.24e-01, 13.2, 0.1,  8
1538, 66002,08042019,08032021 232636,   1, 25142.8, 71.296,349.610,0.554991,359.9,309.513,1.04e+00, 15.3, 0.1, 22
1539, 66003,25072009,09032021 004014,   2, 25179.2, 20.554, 92.379,0.720191,  0.0,304.992,2.76e-02, 14.0, 0.1,  2
1540, 66004,20092011,08032021 145656,   1, 25174.3, 20.868, 85.309,0.721233,360.0,311.832,5.07e-02, 13.8, 0.1,  2
1541, 66005,20082009,08032021 214403, 264, 25156.2,  4.215, 51.740,0.715240,359.0, 87.202,5.21e-02, 16.2, 1.6,183
1542, 66006,21032010,08032021 151331,  16, 25194.4,  9.233,271.653,0.717586,360.0,356.111,1.12e-01, 16.3, 0.2, 34
1543, 66007,27112015,09032021 000241,1862, 25124.3, 62.736,130.329,0.712931,  0.1,269.542,3.55e-01, 14.6, -  , - 
1544, 66008,11122016,08032021 235728,   2, 25095.3, 27.173,325.182,0.728622,359.8,288.885,1.07e-02, 16.7, 0.1,  1
1545, 66009,30052019,09032021 011802,  25, 25093.8, 11.256,169.049,0.406249,  0.6, 72.426,1.74e+00, 16.1, 7.8, - 
1546, 66010,02072019,09032021 031819,   6, 25142.4, 11.636,181.953,0.454901,  0.6, 46.803,9.57e-02, 16.9, 0.1, 28
1547, 66011,02102019,09032021 070213, 509, 25142.9, 12.469,188.195,0.562295,  0.5, 71.887,3.71e-01, 18.6,19.7, - 
1548, 66012,19102019,08032021 192458, 503, 25162.5, 23.446,254.634,0.349358,  0.1,254.713,1.02e+01, 17.9, -  , - 
1549, 66100,07072013,08032021 202253,   1, 25161.3, 64.370,137.534,0.613433,  0.1,265.122,1.12e-02, 11.3, 0.1,  1
1550, 66101,19062004,08032021 165535,  44, 25154.4, 63.024, 24.537,0.712358,359.9,257.278,2.79e-02, 17.9, 0.2, 35
1551, 66102,22112016,08032021 231110, 452, 25157.5, 10.547,110.680,0.720265,  0.2,281.145,6.75e-01, 17.4,66.5, - 
1552, 66103,25112016,08032021 205623,   3, 25207.2,  3.703, 68.648,0.723355,359.3,325.578,3.61e-02, 16.9, 0.1,  2
1553, 66104,02112017,09032021 003449,   8, 25147.4, 63.113,259.562,0.653741,  0.0,251.679,1.56e-01, 15.4, 0.1, 21
1554, 66105,19012018,09032021 020807,1111, 25202.6,  5.976,280.367,0.718661,359.8, 56.587,6.53e-01, 18.3, -  , - 
1555, 66106,13022018,09032021 034114, 532, 25138.6, 11.774,248.564,0.674758,  0.2, 96.706,4.86e-01, 17.3, 9.9, - 
1556, 66107,17072018,08032021 232645, 936, 25150.2,  3.464,218.658,0.707197,  1.5,231.611,1.09e-02, 17.3, 1.1,233
1557, 66200,20122009,09032021 011450,   1, 25176.5,  3.950,282.797,0.720071,359.6,104.314,2.10e-02, 15.9, 0.1,  1
1558, 66201,21032014,08032021 213732,   3, 23014.6, 25.365,278.402,0.708856,360.0,  5.838,8.62e-02, 15.0, 0.7,  6
1559, 66203,16102020,08032021 193211,  73, 25189.1,  9.885,190.570,0.384315,  0.7, 30.471,1.17e+00, 17.8, 3.2,733
1560, 66300,23042013,08032021 224725,1700, 25220.3, 64.117,220.998,0.620731,  0.1,305.619,3.26e-01, 15.1,47.8, - 
1561, 66301,01122015,09032021 064240,   6, 25148.3, 18.786,309.413,0.727387,359.8,159.313,6.53e-02, 14.7, 0.1, 12
1562, 66302,31072019,09032021 084722, 228, 25203.2, 11.632,178.847,0.452064,  0.6, 51.060,6.99e-02, 17.5, 2.4,390
1563, 66303,05082019,09032021 063556,  63, 25199.3, 12.657,155.816,0.445552,  0.5, 81.640,6.10e+00, 15.6,36.1, - 
1564, 66304,20102019,09032021 035234, 305, 25206.9, 11.902,162.395,0.519958,  0.5, 82.825,3.02e-01, 15.4, 5.1, - 
1565, 66305,27032020,09032021 022919, 305, 25250.6, 24.864, 49.699,0.707625,359.8, 52.123,3.90e+00, 17.0,80.0, - 
1566, 66400,02091998,09032021 012830,3364, 25238.3, 66.368,231.210,0.581930,  0.1, 54.164,1.00e-02, 17.0, 8.1, 53
1567, 66401,30112008,08032021 183833,3912, 25228.6, 64.035,318.510,0.652359,359.9,252.253,1.14e-01, 15.2,54.1, - 
1568, 66402,14092012,09032021 014501,1464, 25339.9, 20.179,351.984,0.633070,359.7,130.627,2.10e+00, 17.1,76.4, - 
1569, 66403,30112015,09032021 015151,   3, 25231.6, 63.992,318.786,0.651829,359.9,252.135,7.46e-02, 15.7, 0.1,  6
1570, 66404,22112016,09032021 004702,  22, 17797.6, 62.425,342.133,0.633353,359.9,280.557,8.19e-03, 14.9, 0.8,  7
1571, 66406,18082017,08032021 212328, 338, 25319.5, 58.857,153.463,0.663653,  0.1,136.341,1.10e+00, 17.6,19.1, - 
1572, 66407,21032018,09032021 024546,1025, 25232.4, 11.705,185.851,0.715988,  0.6,115.356,4.91e-01, 17.4,83.6, - 
1573, 66409,28062019,08032021 202854,   1, 25348.1,  8.928,172.266,0.443484,  0.7, 71.672,6.00e+00, 13.6, 0.5,113
1574, 66410,30072019,08032021 162916,   6, 25239.7, 11.514,183.776,0.453126,  0.6, 44.643,3.35e-01, 17.5, 0.3, 48
1575, 66411,02082019,09032021 065945, 497, 25270.1, 10.283,209.253,0.385039,  0.6, 22.272,2.46e+00, 17.9, -  , - 
1576, 66412,27092020,08032021 203922,  63, 25227.4,  3.889, 45.583,0.713980,358.8,233.936,6.98e-01, 16.6, 1.7,296
1577, 66500,14102012,08032021 232829, 440, 25318.7, 63.707,327.690,0.706795,359.9,266.608,1.47e-01, 17.9,10.6, - 
1578, 66501,17022007,08032021 182808,   1, 25241.0,  5.110, 85.485,0.717509,359.9,205.479,2.78e-01, 13.2, 0.1,  6
1579, 66503,16082018,09032021 003027,   1, 25262.0, 23.006,151.992,0.609086,  0.3,195.868,9.42e-03, 16.9, 0.1,  1
1580, 66504,31102018,08032021 204640, 784, 25205.7, 11.934,354.409,0.515232,359.4,328.609,2.87e+01, 17.5, -  , - 
1581, 66505,28062019,08032021 201137, 406, 25298.5, 11.219,149.763,0.469814,  0.5, 94.355,8.32e+00, 16.1, -  , - 
1582, 66507,16092020,09032021 080821, 169, 25247.2, 14.460,150.119,0.588561,  0.4,100.789,8.34e-01, 17.4, 0.8,152
1583, 66602,04112014,08032021 222846, 834, 25297.2, 63.137,103.972,0.716247,  0.0,265.106,1.61e-01, 14.7,23.4,250
1584, 66603,04042016,08032021 195307,1796, 25283.3, 62.733,241.460,0.705488,  0.1,268.551,9.00e-02, 13.7,51.0, - 
1585, 66604,19072017,09032021 071203, 438, 25255.7,  4.437,132.880,0.722748,  1.0,162.330,1.16e-01, 17.2,15.8,781
1586, 66605,11072018,09032021 004241, 655, 25219.0, 32.389, 24.117,0.692264,359.8,116.366,4.19e+00, 14.3, -  , - 
1587, 66606,22062019,09032021 065514, 423, 25293.4, 10.535,173.433,0.420297,  0.6, 57.908,6.00e+00, 16.4, -  , - 
1588, 66607,24042020,09032021 031544, 173, 25283.7,  4.093, 10.358,0.720325,358.4,176.555,4.94e-02, 18.4, 0.8, 12
1589, 66700,01022014,08032021 225835,   4, 25199.1, 15.972,149.598,0.708071,  0.4,200.869,3.14e+00, 16.0, 0.9,210
1590, 66704,02062019,08032021 234600, 636, 25355.9, 12.794,127.950,0.488370,  0.3,133.432,8.69e+00, 13.8,87.9, - 
1591, 66705,01072019,09032021 074029,   1, 25314.0, 11.486,186.671,0.448484,  0.6, 39.353,3.24e-01, 16.8, 0.1,  9
1592, 66706,09082019,08032021 193247, 555, 25325.4, 12.107,224.649,0.440870,  0.4,  9.144,2.41e+00, 17.4, -  , - 
1593, 66800,24122014,08032021 174600,   3, 25241.0, 27.191,327.389,0.730318,359.8,285.576,4.60e-03, 16.1, 0.1,  1
1594, 66802,26092018,08032021 183805,   3, 25350.9, 18.514,235.998,0.705006,  0.2, 80.277,3.64e-02, 17.7, 0.1,  5
1595, 66803,14062019,09032021 024926,  12, 25332.6, 11.368,197.073,0.480690,  0.6, 35.780,1.04e-01, 15.2, 0.1, 27
1596, 66804,26082019,08032021 174246, 524, 25332.8, 13.037,151.597,0.505888,  0.5, 89.095,1.81e+00, 17.5, 4.4, - 
1597, 66900,11122009,08032021 223506,  63, 25329.1,  6.241, 37.416,0.719637,359.1,206.430,7.70e-02, 15.6, 0.7,156
1598, 66901,22122016,08032021 201605,1126, 25182.1,  9.848,  4.108,0.524053,359.3,320.515,2.73e+01, 17.8, -  , - 
1599, 66903,13082018,08032021 212850, 924, 25460.4, 77.115,345.873,0.585957,359.9,347.469,4.65e+01, 17.8, -  , - 
1600, 66904,31052019,09032021 092357, 198, 25350.1, 12.134,144.175,0.510353,  0.4,108.641,2.21e+00, 17.0,41.9, - 
1601, 66905,23082019,08032021 204850, 475, 25372.8, 11.275,211.222,0.445529,  0.5, 17.312,1.30e+00, 17.7,62.8, - 
1602, 66906,30012020,08032021 211120, 383, 25362.1,  5.383,206.695,0.704291,  1.1,218.039,3.90e-01, 17.6, 7.1,604
1603, 66907,12072009,09032021 064032,   1, 25348.3, 24.703,136.751,0.724945,  0.2,149.785,9.43e-02, 14.3, 0.1,  4
1604, 67000,29082016,09032021 051302, 354, 25443.2, 18.887,323.425,0.646585,359.7,188.271,3.19e+00, 16.6,88.5, - 
1605, 67001,05022019,08032021 213152, 208, 25382.3,  5.196,219.914,0.692213,  1.0,290.983,4.56e-02, 18.0, 0.5, 90
1606, 67002,04082019,08032021 203253,   0, 25565.0, 21.461, 57.477,0.319668,359.8,232.989,3.15e+01, 16.2, 0.3, 61
1607, 67003,05102019,09032021 021631, 114, 25377.7, 11.689,207.429,0.479913,  0.5, 24.726,1.60e-01, 16.0, 2.0,477
1608, 67100,06082008,09032021 081756, 374, 25365.4,  3.373,187.656,0.728225,  1.9,156.541,6.29e-03, 16.8,31.7, 99
1609, 67101,24042009,08032021 150808,   1, 25399.0, 10.321,110.405,0.722612,  0.2,285.090,2.31e-01, 12.9, 0.1,  8
1610, 67102,30092012,09032021 023559,   1, 25217.0, 19.157,308.069,0.729638,359.8,153.077,4.27e-02, 17.8, 0.1,  2
1611, 67103,19012018,09032021 034757,1095, 25392.6,  5.185, 30.502,0.637503,358.9,224.592,1.01e+00, 18.2,17.9, - 
1612, 67104,29072019,09032021 005506, 522, 25417.3, 12.057,168.255,0.451453,  0.5, 65.020,7.52e+00, 17.2, -  , - 
1613, 67105,28092019,08032021 223949, 135, 25508.2, 10.856,159.409,0.386506,  0.6, 76.888,3.99e+00, 17.4,92.1, - 
1614, 67106,26012020,09032021 021220, 407, 25405.3,  9.854,193.718,0.467296,  0.7, 46.484,4.49e+00, 14.1, -  , - 
1615, 67200,28062009,09032021 060923, 312, 25422.4,  6.373,200.513,0.708388,  1.0,164.180,1.63e-01, 13.2, 6.4, - 
1616, 67201,23122009,08032021 132313, 493, 25431.3,  7.816, 44.548,0.685264,359.4,266.526,1.90e-01, 16.2,16.7, - 
1617, 67202,27012012,09032021 044755, 135, 25167.3, 10.931,190.308,0.477142,  0.6, 51.927,3.05e+01, 17.5,47.9, - 
1618, 67203,25022018,09032021 002640,1027, 25483.8,  6.150, 22.429,0.718064,359.0,333.473,9.82e-01, 17.9,68.3, - 
1619, 67204,05062019,09032021 022317, 469, 25453.0, 12.350,157.400,0.519830,  0.5, 86.935,2.65e+00, 16.2, -  , - 
1620, 67205,07062019,09032021 022510, 604, 25886.2, 27.525, 30.007,0.360282,359.8,276.402,2.90e+01, 16.4, -  , - 
1621, 67206,25062019,09032021 085123,   3, 25450.6, 12.423,164.201,0.484910,  0.5, 68.396,6.77e-01, 16.6, 0.5, 53
1622, 67207,23082019,09032021 064252, 170, 25464.1, 11.340,165.152,0.441113,  0.6, 77.056,3.83e+00, 16.6,73.1, - 
1623, 67300,12092012,08032021 201840, 192, 25610.5, 20.255,327.383,0.614623,359.7,176.212,3.02e+00, 15.1,71.5, - 
1624, 67301,17102017,08032021 153136,1118, 25552.5,  0.652,  7.153,0.643257,349.8,188.197,1.88e+00, 18.2,62.9, - 
1625, 67302,16122018,08032021 224303,   1, 25473.2, 62.434,221.057,0.704427,  0.1,276.180,7.12e-02, 16.7, 0.1,  3
1626, 67303,03022019,09032021 035231,   1, 25445.4, 62.840,120.372,0.702875,  0.1,255.049,2.36e-02, 17.6, 0.1,  1
1627, 67304,28072019,08032021 152638, 179, 25757.0, 11.158,224.227,0.421638,  0.4,  6.042,4.01e+00, 17.9, -  , - 
1628, 67305,30082019,09032021 074659, 437, 25354.2, 10.422,355.601,0.524743,359.4,329.820,2.74e+01, 17.6, -  , - 
1629, 67306,28062019,08032021 220356, 305, 25484.5, 26.620,156.982,0.732691,  0.2,326.373,4.30e-02, 17.9,50.4, 59
1630, 67308,22022021,09032021 005632,   0, 25451.1, 57.562,128.070,0.305734,  0.1,190.191,3.85e+01, 16.7, 0.2, 42
1631, 67400,20032010,08032021 181218, 167, 25536.4,  7.991,126.485,0.647021,  0.5, 44.538,2.02e-01, 15.3, 1.3,293
1632, 67401,20072013,08032021 231205,1418, 25385.0, 63.131,254.145,0.711638,  0.0,272.186,2.06e-01, 17.1,63.0, - 
1633, 67402,13072018,08032021 194627, 923, 25435.7, 71.477,343.823,0.062648,359.9, 50.317,3.68e+01, 16.9, -  , - 
1634, 67403,08112018,09032021 022921,   9, 25483.4, 64.325,137.273,0.004558,  0.1,205.862,3.90e-01, 17.6, 0.1,  6
1635, 67404,14122018,09032021 005558, 365, 25276.9, 62.867,218.240,0.705010,  0.1,278.289,4.76e-02, 17.3, 1.6,374
1636, 67405,14102019,09032021 040142, 492, 25559.1,  7.980,169.521,0.442048,  0.8, 98.998,1.45e+01, 17.1, -  , - 
1637, 67406,21022020,08032021 181718, 348, 25596.4, 17.717, 72.274,0.249615,359.9,214.366,3.30e+01, 16.2, -  , - 
1638, 67407,30072020,09032021 082351,   2, 25492.7, 11.787,166.307,0.521615,  0.6, 74.436,1.63e-01, 14.4, 0.1,  3
1639, 67408,31072020,09032021 030338,   1, 25489.5, 65.968, 19.228,0.002458,359.9,337.990,3.11e-01, 16.5, 0.1,  1
1640, 67409,01112020,09032021 081311,  67, 25501.7, 27.107,100.638,0.732907,  0.0, 54.240,5.66e-02, 15.5, 3.7, 69
1641, 67500,22122009,09032021 061642,   5, 25505.4,  9.441,203.390,0.721613,  0.6,124.425,7.94e-02, 14.9, 0.3, 14
1642, 67501,21122009,08032021 193335, 407, 25516.7,  6.273,186.611,0.710779,  1.1,195.128,1.34e-01, 16.0, 7.0,970
1643, 67503,14092012,09032021 042033,   1, 25543.9, 20.971, 38.229,0.642986,359.7, 34.959,5.91e-02, 16.1, 0.1,  4
1644, 67504,23012014,09032021 092254, 118, 25497.5,  4.500, 46.834,0.725156,359.0,106.892,1.42e-01, 15.9, 2.8,502
1645, 67505,27022018,08032021 170231,   2, 25509.0, 65.438, 13.458,0.010543,359.9,308.345,4.46e-01, 16.5, 0.1,  2
1646, 67506,22062018,09032021 051014, 247, 25510.9, 63.477,127.195,0.002957,  0.1,288.307,3.57e-01, 16.4,10.1, - 
1647, 67507,19072019,09032021 064821, 517, 25506.5, 11.896,218.711,0.473432,  0.4, 13.876,4.34e+00, 17.6, -  , - 
1648, 67508,13072019,08032021 184950,   4, 25497.8, 64.735,258.559,0.005572,  0.0,190.497,6.93e-02, 13.5, 0.1, 16
1649, 67509,26072019,09032021 025542,   3, 25501.5, 11.316,195.938,0.481237,  0.6, 34.495,8.43e-02, 17.0, 0.1,  8
1650, 67510,24082019,09032021 012431,  90, 25604.5, 11.209,223.509,0.428218,  0.4, 11.735,7.41e+00, 16.2,62.4, - 
1651, 67511,02112019,08032021 233117, 492, 25511.0, 15.938,138.963,0.469341,  0.3, 89.306,3.69e+00, 17.3,51.7, - 
1652, 67513,01082020,08032021 215631,   1, 25498.1, 64.295,136.594,0.002368,  0.1,225.764,4.67e-01, 16.8, 0.1,  3
1653, 67514,13122020,08032021 195952,  83, 25500.4, 19.216,310.541,0.692814,359.8,211.624,1.82e-02, 16.2, 0.6,107
1654, 67600,23122009,08032021 224436, 232, 25570.0,  5.776,176.026,0.640821,  1.2,311.607,1.97e-01, 16.5, 5.1, - 
1655, 67601,24122009,09032021 003752,  13, 25535.6,  6.731,190.789,0.686072,  1.0,193.162,6.14e-02, 16.9, 0.1, 33
1656, 67602,07102016,09032021 003635,1149, 25518.0,  6.377,135.419,0.678562,  0.8, 90.375,3.15e-01, 16.9,21.1, - 
1657, 67603,30012017,09032021 003613,   0, 25555.3, 63.788,106.331,0.689982,  0.0,349.027,2.13e+00, 16.8, 0.1, 10
1658, 67604,23052018,08032021 230149, 947, 25600.2,  6.223, 14.397,0.723184,359.0,337.640,8.80e-01, 18.3, -  , - 
1659, 67605,25062019,09032021 010432, 492, 25534.0, 12.140,162.443,0.565796,  0.5, 71.140,1.00e-02, 17.0,71.8, - 
1660, 67606,27072019,09032021 003753, 214, 25544.7, 11.408,198.457,0.477599,  0.6, 29.876,1.05e-01, 17.8, 0.8,173
1661, 67607,30072019,08032021 225136, 371, 25550.8, 11.076,220.104,0.317075,  0.5,352.384,1.99e+00, 15.5, -  , - 
1662, 67608,01012020,08032021 184804, 432, 25539.8, 11.681,207.072,0.487499,  0.5, 24.285,1.42e-01, 16.5, 0.4, 67
1663, 67609,06082020,08032021 191703, 214, 25534.4, 64.122,138.139,0.004853,  0.1,260.270,1.28e+00, 18.1,82.5, - 
1664, 67610,25102020,08032021 172340,  67, 25536.2, 11.654,206.961,0.487573,  0.5, 24.588,2.22e-01, 14.3, 0.5,103
1665, 67700,02072014,08032021 214000,   1, 25574.2, 62.502,216.946,0.697423,  0.1,274.626,1.27e-01, 15.8, 0.1,  4
1666, 67702,23042018,08032021 183215, 932, 25553.3,  3.711,155.538,0.723115,  1.7,220.506,3.34e-01, 17.4, -  , - 
1667, 67703,26102019,08032021 201635, 496, 25574.8, 11.324,204.945,0.464587,  0.5, 21.198,2.64e-01, 18.3,18.0, - 
1668, 67704,14092020,09032021 023622,   5, 25544.6, 11.457,216.043,0.233767,  0.5,  8.744,3.94e+00, 14.7, 2.2,510
1669, 67801,10042018,08032021 175240,   3, 25585.7, 71.903,135.137,0.534354,  0.1,104.343,1.68e+00, 16.3, 0.1,  8
1670, 67802,25072019,08032021 213705,   1, 25598.7, 11.717,176.005,0.496708,  0.6, 56.014,1.51e-01, 15.3, 0.1,  6
1671, 67804,27082019,09032021 051139, 512, 25604.6, 10.980,165.194,0.540502,  0.6, 89.294,1.32e+00, 17.9, -  , - 
1672, 67805,25082019,09032021 085201, 190, 25714.0, 11.913,238.291,0.344065,  0.3,359.122,9.07e+00, 17.8,80.7, - 
1673, 67900,21062013,08032021 155935,   0, 25633.0, 18.760, 18.086,0.624420,359.7,311.403,9.64e-03, 10.8, 0.1,  1
1674, 67901,12082013,08032021 225345,2757, 25465.9, 62.727,171.788,0.700132,  0.1,275.602,1.70e-01, 13.6,22.9, - 
1675, 67902,18082017,08032021 150808,   0, 25625.3, 63.355, 36.040,0.724277,359.9,264.532,2.88e-01, 16.0, 0.1,  1
1676, 67903,16122017,09032021 021957, 725, 21944.0, 62.650,215.986,0.679225,  0.1,282.459,7.03e-02, 17.0, 2.3,504
1677, 67904,01102018,09032021 025545,   3, 25643.1, 65.184,  2.546,0.692667,359.9, 19.299,1.15e+00, 15.8, 0.1,  7
1678, 67905,24112019,08032021 221801,  24, 25586.4,  9.198,208.333,0.413065,  0.6, 20.931,5.99e+00, 16.8,10.0, - 
1679, 67906,20092020,09032021 011850, 111, 25581.0, 63.985,254.691,0.365404,  0.0, 59.187,7.48e+00, 13.0,32.6, - 
1680, 68000,09112008,09032021 025834,   1, 25629.5,  3.808,207.406,0.724874,  1.5,149.588,1.27e-01, 13.9, 0.1,  5
1681, 68002,17102020,09032021 065457, 136, 25641.3, 10.760,221.090,0.425072,  0.5, 15.552,3.95e+00, 17.9, 7.5, - 
1682, 68102,09082016,09032021 062747, 396, 25653.4,  3.993,181.784,0.730106,  1.7,169.063,6.52e-01, 16.5, -  , - 
1683, 68103,11102016,09032021 012039,1590, 25684.2, 14.277,284.584,0.662390,359.9,325.596,2.42e+00, 18.3, -  , - 
1684, 68104,25112019,08032021 213731, 449, 25634.5,  9.824,179.080,0.419905,  0.7, 45.850,5.83e+00, 18.4,62.5, - 
1685, 68105,19052020,08032021 232628, 284, 25581.4, 24.763,322.159,0.732985,359.8,248.472,8.50e-02, 15.0,51.8,237
1686, 68200,21082011,09032021 025006,   1, 25579.5, 27.114,100.687,0.734349,  0.0, 54.182,8.09e-03, 12.7, 0.1,  1
1687, 68201,11102012,08032021 211922,   2, 25660.8, 62.366,256.290,0.719905,  0.0,278.513,7.88e-03, 14.4, 0.1,  1
1688, 68202,17012013,08032021 213800,1500, 26011.8, 19.993,332.102,0.612961,359.7,171.579,4.53e+00, 16.0,34.0, - 
1689, 68203,03082017,09032021 034301,1235, 25715.5,  6.993,145.900,0.709625,  0.8, 69.426,4.92e-01, 17.6,92.6, - 
1690, 68204,06082017,09032021 060702,1298, 25752.7,  1.389,150.578,0.671720,  4.3,346.683,8.41e-01, 18.1,80.5, - 
1691, 68205,12122017,08032021 213318,1166, 24370.9, 62.742,186.840,0.694917,  0.1,280.665,5.24e-02, 17.8, 1.8,354
1692, 68206,14062018,08032021 182303, 812, 24974.9, 72.497, 33.765,0.179249,359.9,350.624,1.38e+01, 12.4, -  , - 
1693, 68207,21122018,08032021 232954,   8, 25681.1, 64.686,259.032,0.007466,  0.0, 62.139,1.54e-01, 14.8, 0.1, 32
1694, 68208,17112019,09032021 004724,  62, 25699.7, 71.307,346.191,0.546172,359.9,295.820,2.94e-01, 15.2, 1.0,221
1695, 68300,03112011,08032021 203624,   1, 25078.7, 63.261,355.201,0.737282,359.9,273.443,8.19e-03, 13.7, 0.4,  1
1696, 68301,27082016,08032021 191004,1485, 25661.5, 75.001, 98.835,0.126253,  0.0,242.165,3.85e+01, 16.9, -  , - 
1697, 68302,22022018,09032021 000104,1026, 24975.7, 62.844,226.757,0.706229,  0.1,277.862,4.90e-02, 17.5, 3.8,893
1698, 68303,03062019,08032021 212135, 167, 25728.8, 12.835,160.438,0.564408,  0.5, 79.239,4.04e+00, 16.4,97.8, - 
1699, 68304,01122019,09032021 041948, 364, 25719.5, 11.293,201.796,0.429417,  0.5, 14.022,2.75e-01, 17.8, 0.7,112
1700, 68305,08102020,08032021 175221,  97, 25704.4, 11.493,215.444,0.400374,  0.5,357.449,4.18e+00, 15.9,10.6, - 
1701, 68500,21081996,08032021 141033,  73, 25738.4, 63.189,278.466,0.720202,360.0,271.649,1.31e-01, 12.6, 1.0,226
1702, 68501,06082013,08032021 205436,   1, 25778.2, 17.678,158.110,0.612997,  0.4, 62.944,1.48e-02,  9.7, 0.1,  1
1703, 68502,27042017,09032021 023444, 310, 25799.9,  5.441, 17.279,0.695588,358.8,135.291,6.38e-01, 17.6, 8.3, - 
1704, 68503,18062019,09032021 003806, 100, 25764.6, 11.305,211.682,0.435894,  0.5,  7.205,1.23e+00, 16.3,10.7, - 
1705, 68504,28082019,08032021 225916,  14, 25716.3, 12.616,161.612,0.518026,  0.5, 81.127,4.39e-01, 16.0, 2.1,490
1706, 68506,10112020,08032021 231535,  52, 25800.4, 32.321,170.770,0.188920,  0.2,128.189,6.22e+01, 17.0,14.9, - 
1707, 68600,11062012,08032021 215059,   1, 25806.1,  6.325,338.516,0.629325,359.0,354.712,2.07e-01, 12.6, 0.1,  8
1708, 68601,24012015,09032021 043332,1819, 25755.9, 62.917, 93.591,0.728446,  0.0,272.901,1.80e-01, 13.8, -  , - 
1709, 68602,08122018,08032021 233155, 231, 25736.3, 26.790,224.135,0.713991,  0.2,167.768,9.75e-01, 15.9,14.6, - 
1710, 68700,09022007,09032021 004710,   0, 25814.4, 26.996,115.874,0.735242,  0.1, 36.814,4.92e-03, 14.2, 0.1,  1
1711, 68701,16012013,08032021 211241, 210, 25834.8, 20.094,321.476,0.677118,359.7,190.214,4.02e-02, 18.1, 2.0,113
1712, 68702,24062016,08032021 161349,   1, 25818.4, 19.307,  5.105,0.609163,359.6, 37.789,1.10e-02, 10.3, 0.1,  1
1713, 68704,29082019,09032021 095229, 467, 25881.8, 11.296,170.714,0.434529,  0.6, 54.788,5.49e+00, 17.5, -  , - 
1714, 68705,10092019,09032021 022500, 522, 25847.7, 10.075,173.900,0.503446,  0.7, 72.482,5.35e+00, 17.9, -  , - 
1715, 68706,24092019,09032021 000139,  82, 25825.4, 11.058,200.661,0.507314,  0.6, 35.281,1.75e+00, 17.1, 9.9, - 
1716, 68707,25092019,08032021 162206, 114, 25824.0, 11.256,209.666,0.437915,  0.5,  7.098,1.68e-01, 18.9, 0.4, 92
1717, 68708,18102020,08032021 233408, 120, 25817.5, 11.631,211.823,0.446484,  0.5, 11.701,1.27e+00, 17.9,25.0, - 
1718, 68709,10122020,09032021 062314,  16, 25805.5, 11.377,199.686,0.503718,  0.6, 32.362,1.50e-01, 15.1, 0.2, 38
1719, 68710,18122020,08032021 213744,   1, 25806.4, 26.244,101.348,0.639111,  0.1,201.282,8.55e-01, 17.1, 0.1,  9
1720, 68800,25042009,08032021 214313,   0, 25825.1,  7.258, 99.693,0.714701,  0.2,152.228,6.47e-02, 14.5, 0.1,  2
1721, 68801,11052008,08032021 204421,  12, 25865.6,  6.870,347.949,0.628546,359.1,340.013,1.23e-01, 17.8, 0.3, 71
1722, 68802,26082016,08032021 151502,  95, 25833.8,  9.210, 28.108,0.720689,359.4,271.984,6.35e-02, 16.7, 0.7,156
1723, 68803,02102019,08032021 154507, 172, 25836.8, 10.932,212.830,0.424480,  0.5, 10.477,2.82e+00, 17.9,98.1, - 
1724, 68804,03112018,09032021 031903, 116, 25859.0, 26.645,155.128,0.737633,  0.2,317.986,1.12e-02, 18.5, 3.9, 16
1725, 68900,08082012,08032021 204003, 247, 25545.0, 27.102,327.963,0.675497,359.8,196.672,2.22e+00, 18.1,67.8, - 
1726, 68902,20012015,09032021 054408,   1, 25847.0, 18.306,281.462,0.610702,359.9,203.015,1.31e-02, 10.4, 0.1,  1
1727, 68903,02092015,09032021 091124,   2, 25860.7, 19.151,322.468,0.607165,359.7,125.584,1.41e-02, 10.0, 0.1,  1
1728, 68904,03092015,09032021 101104,1165, 25886.6, 19.562,323.703,0.608318,359.7,120.888,1.10e-01, 17.8,39.9, - 
1729, 68906,17062018,08032021 191325, 890, 25889.2, 27.493,242.246,0.713185,  0.1,130.349,1.39e+00, 15.3, -  , - 
1730, 68907,29092018,08032021 184818, 230, 25941.0, 19.075, 39.058,0.730281,359.7,352.301,1.61e-01, 17.7, 4.9,437
1731, 68908,05112018,08032021 223031, 708, 25852.5, 64.226,258.600,0.047649,  0.0, 79.579,1.95e+00, 18.3,27.3, - 
1732, 68909,25072019,08032021 184938,  60, 26281.4, 63.285, 90.077,0.728455,  0.0, 45.089,1.42e-01, 19.0, 0.6, 84
1733, 68910,24022021,08032021 181704,   4, 25841.1, 52.952,182.942,0.309419,  0.1,211.400,5.82e+01, 16.2,11.4, - 
1734, 69000,12032000,08032021 193618,   1, 25948.3,  5.137,224.409,0.710365,  0.9,293.027,2.22e-02, 16.5, 0.1,  1
1735, 69001,24032010,08032021 184202,   7, 25895.9,  7.314,116.644,0.714545,  0.4,114.848,1.75e-01, 14.4, 0.2, 32
1736, 69002,17102012,08032021 190724, 388, 25575.4, 62.419,301.537,0.729165,359.9,273.674,2.01e-01, 16.9, 2.4,484
1737, 69004,30102018,08032021 201703,   2, 25882.1, 68.763,356.251,0.522890,359.9,122.902,1.32e+00, 16.9, 0.1,  8
1738, 69005,01072019,09032021 062405, 534, 25921.2,  9.352,170.730,0.413340,  0.7, 60.406,9.38e+00, 17.4, -  , - 
1739, 69006,08092019,08032021 230028, 466, 25944.5, 12.984,157.257,0.324158,  0.5, 55.921,8.46e+00, 17.3, -  , - 
1740, 69007,23092019,09032021 050132,  61, 25848.9, 11.555,216.859,0.402369,  0.5,  0.574,2.85e-01, 16.9, 5.4, - 
1741, 69008,20102019,08032021 172004,  84, 25845.8, 10.078,228.008,0.253536,  0.4,357.600,2.54e+00, 17.5,21.6, - 
1742, 69009,16052020,08032021 230251, 200, 25881.8,  7.308,133.113,0.714210,  0.6, 74.851,1.04e+00, 18.2,37.9, - 
1743, 69100,19122009,08032021 232851,   1, 25938.1,  8.036, 23.466,0.722745,359.2,303.886,4.90e-02, 17.6, 0.1,  1
1744, 69101,16052017,08032021 205925, 423, 25959.3,  9.155,281.663,0.712913,359.9,150.476,7.11e-01, 16.5,25.3, - 
1745, 69102,01102018,09032021 000457, 114, 25218.7, 22.971,324.283,0.728562,359.8,289.952,1.77e-01, 16.3, -  ,384
1746, 69103,06062019,09032021 080150,  88, 25996.3, 11.159,209.440,0.442832,  0.5, 13.003,5.95e+00, 14.6,50.9, - 
1747, 69104,26062019,09032021 043739, 136, 25921.9, 11.622,182.643,0.522355,  0.6, 52.460,5.29e-01, 17.1,22.9, - 
1748, 69105,25092019,08032021 181249, 175, 25942.8, 11.285,206.233,0.469374,  0.5, 14.872,3.01e-01, 17.9, 2.4,528
1749, 69106,23092019,09032021 073157,  46, 25889.3, 11.486,217.492,0.436086,  0.5,  3.382,6.52e+00, 16.1,66.2, - 
1750, 69107,07022021,08032021 200049,  20, 25896.7, 65.538,136.075,0.205673,  0.1,273.877,7.96e+00, 17.2, 0.7,174
1751, 69200,04052012,08032021 164644,   1, 25967.8,  2.972,266.949,0.724773,  0.1,  8.771,1.79e-01, 12.8, 0.1, 10
1752, 69202,16122009,09032021 045006,1897, 25947.9, 71.450,227.455,0.534710,  0.1, 84.715,1.97e+00, 14.5, -  , - 
1753, 69203,18082011,09032021 014720,1588, 25361.7, 24.466, 67.074,0.691043,359.9, 30.006,3.72e+00, 14.8, -  , - 
1754, 69205,23082019,09032021 015607,  84, 25843.6, 10.906,217.653,0.423541,  0.5,  7.088,1.74e+00, 16.1,24.3, - 
1755, 69206,29082019,09032021 021915, 115, 26060.4, 11.418,172.683,0.431093,  0.6, 55.907,6.57e+00, 17.4,49.4, - 
1756, 69207,10122018,09032021 000111,  61, 26048.5, 65.625, 41.797,0.714739,359.9, 24.608,1.27e+00, 17.0,14.7, - 
1757, 69300,25102012,09032021 002544,   2, 25987.6, 17.950, 76.916,0.728360,359.9,297.875,2.13e-01, 15.7, 0.1, 17
1758, 69302,27072019,08032021 224714, 462, 25973.0, 11.356,192.493,0.441504,  0.6, 25.558,8.90e-01, 17.1,33.3, - 
1759, 69303,24082019,09032021 074006, 135, 25992.4, 10.832,142.199,0.561892,  0.5,120.087,5.27e+00, 18.0,10.9, - 
1760, 69304,27082019,09032021 054659, 353, 25969.7, 11.293,196.782,0.493181,  0.6, 29.717,6.39e-02, 16.8, 1.1,236
1761, 69401,20112012,08032021 233329,  71, 25985.2, 19.627, 59.939,0.727723,359.8,242.656,1.01e-01, 17.0, 1.6,308
1762, 69402,17102015,08032021 160845, 233, 25983.3, 63.221,185.718,0.687276,  0.1,258.693,1.60e-01, 16.8, 4.7,976
1763, 69403,31052019,09032021 091847, 131, 25995.4, 11.897,179.051,0.486605,  0.6, 44.609,1.17e-01, 13.3, 2.5,588
1764, 69404,01062019,09032021 030458,   3, 25978.8, 11.317,191.612,0.494038,  0.6, 34.703,5.01e-02, 16.2, 0.1,  5
1765, 69405,05072019,09032021 050638,  23, 26049.1, 11.202,188.188,0.472869,  0.6, 37.407,2.62e+00, 14.4, 8.0, - 
1766, 69406,03072019,09032021 022354, 548, 26015.5,  7.884,208.799,0.277823,  0.7, 24.458,7.49e+00, 17.5, -  , - 
1767, 69407,30072019,08032021 233758,   6, 26001.0,  9.909,187.193,0.436624,  0.7, 37.692,3.21e+00, 15.5, 3.9,878
1768, 69408,30072019,09032021 010815, 580, 25990.1, 26.587, 49.677,0.327290,359.8,301.290,3.15e+01, 17.9, -  , - 
1769, 69410,17112019,09032021 040325, 442, 25954.5,  8.075,212.978,0.285672,  0.7,351.988,1.06e+01, 17.8,22.3, - 
1770, 69411,19112019,08032021 231238, 118, 25985.4, 11.379,190.978,0.504482,  0.6, 37.762,2.44e-02, 16.2, 1.1,191
1771, 69412,27112019,09032021 014428,  95, 25949.4, 11.523,192.929,0.439065,  0.6, 27.245,6.54e-01, 17.0,18.2, - 
1772, 69413,17022020,08032021 162630, 140, 26013.7, 62.934, 92.767,0.739948,  0.0, 39.417,4.87e-01, 17.0, -  , - 
1773, 69414,19112020,09032021 020945,  58, 25988.8,  9.765,230.284,0.189464,  0.4,335.960,8.16e+00, 16.4,18.9, - 
1774, 69500,16032007,08032021 203124,   2, 26030.6,  6.869, 77.587,0.615527,359.8,155.632,1.15e-01, 15.1, 0.1, 11
1775, 69501,05072011,09032021 001203,   1, 25994.7,  5.322,269.250,0.709506,  0.0,209.196,4.00e-02, 14.0, 0.1,  4
1776, 69502,14012020,09032021 025138, 143, 25991.5, 11.070,225.420,0.327489,  0.4,335.285,6.44e+00, 16.8,57.8, - 
1777, 69503,18082020,08032021 205018, 195, 26012.3, 11.181,162.372,0.566503,  0.6, 80.804,4.87e+00, 15.8,13.2, - 
1778, 69600,27082013,08032021 195050,   1, 26026.2, 62.701, 94.747,0.709734,  0.0,256.979,1.22e-02, 11.9, 0.1,  1
1779, 69601,24072016,08032021 211419, 998, 25443.0, 62.645,244.450,0.714595,  0.1,280.220,3.52e-02, 17.7, 1.2,272
1780, 69602,27082016,08032021 132952, 123, 26037.6,  2.271, 12.347,0.693476,357.1,237.106,6.92e-01, 16.9, 3.0,601
1781, 69603,22082017,08032021 230929,1284, 26021.9, 25.840,124.928,0.587946,  0.2,164.198,1.13e-01, 17.7, 8.0,505
1782, 69604,12082019,09032021 031540, 174, 26085.5, 12.389,166.204,0.473663,  0.5, 61.312,2.12e+00, 17.1,84.9, - 
1783, 69605,26082019,09032021 020634, 557, 26077.1, 10.011,223.281,0.353389,  0.5,357.833,5.77e+00, 18.1,14.8, - 
1784, 69606,16112019,08032021 175608, 142, 26027.0, 11.742,179.595,0.501800,  0.6, 48.266,1.91e-01, 16.5, 2.9,612
1785, 69700,19122009,09032021 042157,3110, 25850.1, 66.941, 62.922,0.683265,359.9,321.432,1.37e-01, 17.0,48.5, - 
1786, 69701,22042013,08032021 133346,   4, 26047.7,  4.171,340.522,0.722051,358.5,244.925,1.38e-01, 15.1, 0.1, 15
1787, 69703,30032017,08032021 175812, 413, 26057.2, 64.404,219.783,0.631412,  0.1,315.426,5.61e+00, 15.5,20.2, - 
1788, 69704,22082017,08032021 221545,1268, 26122.0, 25.680,143.335,0.564621,  0.2,133.562,2.75e+00, 18.3, -  , - 
1789, 69705,05102018,08032021 233158, 695, 26054.9, 69.263,249.350,0.432107,  0.0,103.411,4.35e+01, 16.8, -  , - 
1790, 69706,05112018,08032021 210239, 134, 26055.5, 64.107,260.642,0.020182,  0.0, 82.253,1.21e+00, 15.6,19.5, - 
1791, 69707,18012019,08032021 140905,   2, 26059.8, 63.468, 86.287,0.723829,360.0,269.301,9.10e-02, 17.2, 0.1,  5
1792, 69708,19062019,08032021 203029,  61, 26164.2, 11.643,181.387,0.476795,  0.6, 41.599,3.64e+00, 13.3,38.0, - 
1793, 69709,27062019,08032021 215221,   6, 26072.7, 11.106,211.853,0.432188,  0.5,  3.120,9.72e-01, 16.6, 0.5, 93
1794, 69710,25072019,08032021 222059, 563, 26118.7,  8.752,222.779,0.322149,  0.6,  7.750,5.73e+00, 14.9,50.7, - 
1795, 69711,31072019,09032021 033733, 142, 26055.8, 13.085,169.305,0.467008,  0.5, 49.742,6.25e+00, 17.6,70.4, - 
1796, 69712,05122020,08032021 175118,  63, 26130.0, 63.983,260.149,0.720635,  0.0,  9.023,2.40e-01, 17.7, 0.4, 65
1797, 69800,22082012,08032021 233646,   2, 26082.0, 63.268,184.437,0.701553,  0.1,268.642,9.75e-03, 13.5, 0.1,  1
1798, 69801,21112012,08032021 230001,   1, 25876.3, 18.409, 77.658,0.724781,359.9,290.981,1.33e-01, 16.4, 0.1,  6
1799, 69802,23022017,09032021 002454, 762, 26057.4,  6.991,283.800,0.705007,359.8,163.100,6.29e-01, 17.8, 4.9,972
1800, 69803,11092017,09032021 011737,  84, 26063.4,  4.730, 13.127,0.692587,358.6,238.932,7.18e-01, 16.8, 4.4,976
1801, 69804,24032010,09032021 014326,   7, 26146.7, 65.114, 86.161,0.697613,360.0, 28.428,6.29e-01, 15.0, 0.1, 17
1802, 69805,21082018,08032021 185135, 196, 26113.4, 68.840, 78.794,0.636422,360.0,353.553,5.25e-01, 15.5, 9.2, - 
1803, 69806,03072019,08032021 223203, 144, 26145.2,  8.252,197.743,0.255675,  0.8, 65.367,2.49e+00, 17.6,29.8, - 
1804, 69807,06042019,09032021 030617, 169, 26105.7,  7.388,164.728,0.354400,  0.9,119.592,6.97e+00, 16.8, -  , - 
1805, 69808,28082019,09032021 042203,   2, 26098.0, 11.258,211.003,0.432838,  0.5,  0.658,1.89e-01, 17.8, 0.1,  8
1806, 69900,23072009,08032021 180841, 373, 26164.3, 68.298,246.414,0.707091,  0.1,313.411,1.44e+00, 14.7,60.8, - 
1807, 69901,14022013,08032021 183759, 259, 26145.2,  1.373,237.427,0.689075,  2.5,218.784,7.74e-01, 16.7, 8.3, - 
1808, 69902,16122017,08032021 175744, 770, 23938.4, 62.679,245.112,0.703637,  0.1,280.583,6.89e-02, 16.5,16.8,637
1809, 69903,14082018,08032021 235956, 848, 26132.8,  8.029,314.340,0.717540,359.4,109.078,1.04e+00, 18.6, -  , - 
1810, 69904,06092018,08032021 175336,   4, 26113.5, 21.507,283.332,0.551074,359.9,288.072,6.44e-02, 16.9, 0.1,  6
1811, 69905,05092018,09032021 010111, 842, 25900.0, 43.723,206.641,0.529321,  0.2, 99.079,7.43e+01, 16.9, -  , - 
1812, 69906,29102019,08032021 224206, 449, 26175.0, 15.101,180.767,0.622202,  0.4, 92.832,1.05e+01, 14.0,85.1, - 
1813, 70000,13102012,09032021 010249,   3, 26118.7, 19.274,122.306,0.722282,  0.2,192.722,1.42e-01, 16.5, 0.1, 14
1814, 70001,19072013,09032021 044059,   2, 26208.5,  5.259,302.957,0.652572,359.3, 37.956,3.21e+00, 16.2, 0.3, 76
1815, 70002,25012016,08032021 223029, 672, 26120.3, 61.533,257.715,0.719010,  0.0,243.433,1.90e+00, 15.9, -  , - 
1816, 70004,14062019,08032021 211933,   3, 26208.1, 10.297,216.593,0.414839,  0.5,  8.805,4.52e+00, 14.8, 0.9,202
1817, 70005,20012020,08032021 171812,   3, 26121.4, 60.146,173.083,0.701475,  0.1,263.500,4.96e-01, 15.9, 0.1,  9
1818, 70100,24092009,08032021 193032,   1, 26190.0,  3.637,147.011,0.718990,  1.6,231.240,2.64e-01, 15.7, 0.1,  4
1819, 70101,01082016,08032021 213342, 954, 23970.1, 62.682,245.433,0.703855,  0.1,280.539,7.92e-02, 16.3, 4.0,978
1820, 70102,07092016,09032021 045055, 965, 26122.5, 62.842,159.999,0.675187,  0.1,255.724,5.08e-03, 18.1, -  , - 
1821, 70103,17102017,08032021 192235, 265, 26174.2,  3.975, 64.885,0.693103,359.3,144.535,6.45e-01, 17.7, 9.9, - 
1822, 70104,15052018,09032021 032045, 272, 26180.7, 69.999, 46.040,0.559785,359.9,334.231,1.98e-01, 17.1, 1.1,216
1823, 70105,20102018,08032021 232720,   0, 26168.0, 70.309,196.846,0.538165,  0.1,257.169,3.41e-01, 16.6, 0.1,  5
1824, 70106,10032019,08032021 160834, 629, 26161.1, 18.507,281.806,0.620179,359.9,201.989,6.78e-01, 17.9,43.2, - 
1825, 70107,27062019,08032021 181824,  86, 26173.1, 11.319,209.998,0.454672,  0.5,  4.619,6.30e-02, 16.1, 1.4,301
1826, 70108,03072019,08032021 151053,  84, 26218.8, 15.425,214.940,0.582348,  0.4,  9.466,4.05e+00, 16.1,49.4, - 
1827, 70109,28082019,08032021 210357, 176, 26200.9, 63.696,102.882,0.715553,  0.0, 15.862,1.40e-01, 16.8,41.5, - 
1828, 70111,12022021,08032021 173032,   0, 26185.8,  9.549,209.974,0.361190,  0.6,  4.868,9.30e+00, 15.7, 0.1, 14
1829, 70200,20012012,08032021 141801,   1, 26191.8, 63.668, 16.699,0.732489,359.9,265.569,1.11e-02, 13.6, 0.1,  1
1830, 70201,10082013,08032021 210801,   7, 26187.7, 62.461,260.603,0.720059,  0.0,275.406,3.49e-02, 13.2, 0.1,  4
1831, 70203,15082012,08032021 154508,   5, 26182.2, 62.516,253.662,0.716431,  0.0,275.231,2.93e-02, 13.5, 0.1,  2
1832, 70204,29082014,09032021 000432,1013, 17222.8, 62.924, 60.963,0.612075,359.9,291.214,2.35e-02, 15.8, 0.4, 56
1833, 70205,06072016,09032021 030304,  74, 26041.6, 28.544,209.072,0.733663,  0.2,135.957,2.49e-01, 16.3, 6.8,796
1834, 70206,08062019,09032021 044507, 166, 26243.8,  9.137,220.099,0.347510,  0.6, 18.028,4.18e+00, 15.7,57.1, - 
1835, 70207,25072019,09032021 004922, 126, 26226.9, 10.563,178.144,0.505622,  0.6, 58.161,2.70e+00, 16.9,31.8, - 
1836, 70208,24082019,09032021 081600,  11, 26193.8, 11.727,174.740,0.497345,  0.6, 52.149,8.51e-01, 16.5, 1.3,298
1837, 70209,21112019,09032021 024823, 381, 26172.2,  9.206,204.226,0.473799,  0.7, 27.732,4.80e+00, 14.9, -  , - 
1838, 70210,16092020,09032021 003703, 167, 26207.5, 10.479,112.530,0.600190,  0.2,178.039,1.77e+01, 17.9, -  , - 
1839, 70300,22052019,08032021 231208, 541, 26189.9, 11.701,136.671,0.606884,  0.4,118.481,5.12e+00, 14.8, -  , - 
1840, 70301,28052019,09032021 055351,  91, 26211.2,  9.984,169.395,0.529679,  0.7, 63.966,6.06e+00, 16.6,25.6, - 
1841, 70302,20062019,09032021 053129,  35, 26241.7,  9.963,188.639,0.502991,  0.7, 37.264,2.50e+00, 15.6, 9.7, - 
1842, 70303,27102019,08032021 220842, 138, 26241.5, 66.553,131.413,0.656364,  0.1, 17.774,8.82e-01, 16.1,10.6, - 
1843, 70304,02112019,08032021 151550, 489, 26220.1, 12.793,105.105,0.689955,  0.1,203.348,5.33e+00, 16.3,81.9, - 
1844, 70305,06122020,08032021 210050,  39, 26214.1, 59.327,183.394,0.708995,  0.1,284.943,1.14e+00, 14.3, 2.2,469
1845, 70400,19122012,08032021 200903,   4, 26240.5, 62.512,272.831,0.722572,360.0,273.967,6.91e-03, 14.3, 0.1,  1
1846, 70401,23122009,08032021 180416, 874, 26264.9, 10.764,107.208,0.723802,  0.2,299.237,1.32e-01, 15.2,24.3, - 
1847, 70404,05022017,08032021 192216, 782, 26256.5, 62.499,286.474,0.693152,360.0,275.191,7.63e-02, 17.0,11.7,255
1848, 70405,19022018,09032021 031739,1066, 26232.8,  3.896,289.507,0.687357,359.5, 39.708,6.34e-01, 18.8,39.8, - 
1849, 70406,10072018,08032021 200234, 907, 26235.8, 70.954,119.843,0.636204,  0.1, 69.216,1.78e-01, 16.2, 9.3, - 
1850, 70407,01112018,09032021 052106, 827, 26067.2, 71.191,317.268,0.655292,359.9, 97.564,1.25e+01, 17.5,86.9, - 
1851, 70408,14072015,09032021 012142, 452, 26266.9, 17.565, 74.458,0.732323,359.9,308.989,1.62e-01, 17.9,16.9,141
1852, 70409,26102019,08032021 181418,   8, 26244.9, 11.404,195.791,0.466177,  0.6, 20.183,2.20e-01, 14.3, 0.1, 30
1853, 70500,24032009,09032021 023456,   1, 26293.5,  1.500,159.056,0.697214,  4.2,328.919,1.91e-01, 12.9, 0.1, 14
1854, 70501,23072012,09032021 001402, 824, 26321.4,  3.292,133.145,0.721675,  1.4,280.358,1.19e-01, 16.9, 8.7,624
1855, 70502,04112013,08032021 234906,  29, 26250.2, 62.541,251.386,0.716537,  0.0,275.375,1.49e-02, 18.7, 0.1,  3
1856, 70503,21012017,08032021 220857, 223, 26226.5,  7.371,260.637,0.721911,  0.1,211.966,4.40e-01, 17.6,15.7, - 
1857, 70505,05122018,08032021 200517, 767, 26049.8, 26.328, 21.553,0.739422,359.8,119.519,2.89e-01, 16.8,27.3, - 
1858, 70600,12092012,09032021 010849,   1, 26294.7, 19.764, 19.028,0.669705,359.7, 89.448,2.12e-02, 17.0, 0.1,  1
1859, 70601,19052013,08032021 204037,2062, 26298.0, 64.402,277.224,0.628986,360.0,299.466,3.36e-01, 13.8,54.3, - 
1860, 70602,10082013,08032021 195155, 359, 26452.2, 64.269,332.186,0.659149,359.9,300.286,1.24e+00, 16.4,37.0, - 
1861, 70603,09022017,08032021 150917,1485, 26327.3, 60.593,263.453,0.583068,  0.0,286.135,4.15e+00, 13.4,34.7, - 
1862, 70604,29012018,09032021 052717,   4, 26329.8, 65.352, 79.695,0.697462,360.0, 25.027,1.80e-01, 16.5, 0.1, 18
1863, 70605,22082018,08032021 231105, 871, 26318.9, 68.775, 93.574,0.621014,  0.0,353.359,1.12e+00, 17.2,63.1, - 
1864, 70606,30092018,09032021 025224, 154, 26267.8, 71.228,191.252,0.619952,  0.1,139.009,1.30e-02, 16.4, 0.4, 86
1865, 70607,13022019,09032021 074307,   8, 26208.8, 24.373,120.549,0.738914,  0.1, 47.928,7.04e-02, 14.9, 0.2, 39
1866, 70609,27032019,08032021 235938, 709, 26276.1, 23.204,334.067,0.719314,359.7,189.796,1.07e-02, 18.6, 1.3, 34
1867, 70610,28072019,09032021 093734,  98, 26377.7, 10.925,182.529,0.504266,  0.6, 45.134,4.10e+00, 15.6,60.2, - 
1868, 70611,25082019,09032021 025017, 497, 26275.5, 12.529,184.969,0.425764,  0.5, 21.878,4.94e-01, 17.3,22.8, - 
1869, 70612,28092019,08032021 234444, 178, 26353.7,  9.126,174.355,0.403972,  0.7, 67.518,4.61e+00, 15.4,52.0, - 
1870, 70700,03032012,08032021 220940, 630, 23646.3, 62.635,273.741,0.708819,360.0,281.047,7.64e-02, 15.3, 2.1,494
1871, 70701,23062009,08032021 175149,   3, 26335.3,  3.686,145.345,0.698190,  1.5, 92.438,9.62e-02, 16.3, 0.1, 10
1872, 70702,25012013,09032021 033239,   1, 26411.0, 27.309,344.890,0.738796,359.8, 15.371,2.75e-02, 14.8, 0.1,  2
1873, 70703,19032014,09032021 014911,1417, 26307.1, 63.285,201.391,0.690226,  0.1,264.960,1.60e-01, 15.8,34.4, - 
1874, 70705,13122014,08032021 211549,   0, 26569.7, 63.231,289.209,0.706989,360.0,271.404,7.02e-03, 10.5, 0.1,  1
1875, 70707,30102015,09032021 065558, 969, 26346.0, 66.591,131.572,0.550997,  0.1,124.911,2.27e-01, 15.4,60.1, - 
1876, 70708,08102016,08032021 225220,  37, 26315.5, 71.585,220.078,0.545694,  0.1,232.117,1.30e-01, 15.1, 0.2, 47
1877, 70709,21062017,08032021 222126, 970, 26297.2, 65.744, 10.277,0.406549,359.9,347.692,1.34e+00, 16.4, -  , - 
1878, 70710,24092017,09032021 033512,   1, 26568.5, 63.654, 14.760,0.720375,359.9,266.779,1.00e-02, 10.4, 0.1,  1
1879, 70711,09072018,08032021 222722, 905, 26288.0,  1.403,280.959,0.689295,359.2,163.647,9.59e-01, 18.2,39.3, - 
1880, 70712,24112018,09032021 031035,  63, 26318.9, 21.580,292.791,0.542460,359.9,272.532,2.60e-01, 16.2, 1.8,400
1881, 70713,23082019,08032021 212139, 477, 26421.7, 11.727,228.631,0.460621,  0.4,  7.253,6.78e+00, 16.1, -  , - 
1882, 70715,13102020,08032021 184346, 100, 26283.8, 23.359,353.942,0.743196,359.7,238.749,1.18e-02, 17.2, 5.4, 13
1883, 70800,11092012,09032021 041050,  33, 26324.1, 63.883,  6.462,0.681702,359.9,246.541,1.29e-01, 14.6, 0.6,122
1884, 70801,02042016,08032021 234133,1373, 26358.6, 64.058,305.251,0.652317,359.9,301.593,4.27e-01, 14.8,17.2, - 
1885, 70802,09082016,08032021 211451,1281, 26345.2, 63.091,334.695,0.726217,359.9,269.392,1.03e-02, 17.0,67.6,127
1886, 70803,03042017,09032021 025656, 991, 26383.9, 62.816,218.447,0.675744,  0.1, 42.521,8.65e-01, 16.6,26.4, - 
1887, 70804,10022018,08032021 181129,  11, 21485.2, 62.590,257.361,0.681492,  0.0,281.974,1.01e-02, 15.7, 0.1,  2
1888, 70805,15062019,09032021 095055, 152, 26316.4, 11.734,195.204,0.555860,  0.6, 32.724,5.79e+00, 14.9, -  , - 
1889, 70806,05062019,08032021 233512, 560, 26367.8,  8.905,166.202,0.532515,  0.7, 82.559,6.37e+00, 16.6, -  , - 
1890, 70807,21072019,09032021 020903,   6, 26341.3,  9.876,198.787,0.476000,  0.6, 25.021,2.92e+00, 16.0, 0.7,117
1891, 70808,10082019,08032021 165727,  80, 26439.1, 10.747,228.918,0.422704,  0.4,355.268,4.64e+00, 15.5,63.3, - 
1892, 70809,26082019,09032021 023104,   1, 26348.9, 71.449,186.475,0.512505,  0.1, 25.122,1.02e-02, 15.8, 0.1,  5
1893, 70810,16012020,09032021 021453, 383, 26323.1,  9.667,214.591,0.412594,  0.6,  5.368,7.67e+00, 14.9,67.8, - 
1894, 70811,13092020,09032021 020434,   1, 26352.7, 69.019,186.651,0.574802,  0.1, 33.496,3.49e-01, 16.1, 0.1, 18
1895, 70812,09092017,09032021 084906,   6, 26343.2, 70.990,148.080,0.554654,  0.1, 16.437,1.69e-01, 15.5, 0.4, 84
1896, 70900,07062008,08032021 213519,2138, 26391.6, 64.784,149.210,0.691940,  0.1, 37.652,1.02e-02, 16.2,28.4, 25
1897, 70901,10022019,09032021 010657,  24, 26283.6, 62.780, 38.019,0.747864,359.9, 49.231,9.55e-02, 17.5, -  , 86
1898, 70902,16052019,09032021 082953, 483, 26317.6, 10.057,190.275,0.530360,  0.7, 45.923,7.03e+00, 14.8, -  , - 
1899, 70903,29072019,08032021 161116, 179, 26383.2, 11.047,191.079,0.400175,  0.6, 28.602,2.81e+00, 17.3,64.4, - 
1900, 70904,02082019,09032021 004929, 496, 26347.3, 11.755,169.620,0.527859,  0.6, 64.667,3.21e+00, 17.5,81.5, - 
1901, 70905,02112019,09032021 013744, 490, 26351.9, 60.710,315.278,0.684388,359.9,247.007,2.65e-01, 18.1,41.0, - 
1902, 70906,09122019,08032021 230258, 247, 26350.6, 11.090,198.218,0.492394,  0.6, 18.893,5.32e-02, 16.9, 0.3, 29
1903, 71000,28032011,09032021 080934,   1, 26411.1, 26.845,316.451,0.739085,359.8, 63.862,1.98e-02, 12.8, 0.1,  1
1904, 71001,18112012,08032021 230129,  27, 26379.7, 63.412, 10.588,0.731309,359.9,265.691,1.71e-01, 15.8, 0.2, 40
1905, 71002,14092012,09032021 094628, 387, 26385.0, 19.289, 29.205,0.669140,359.7, 77.530,7.06e-02, 17.9, 3.0,664
1906, 71003,26062013,08032021 222216,   6, 26386.3, 63.242,215.118,0.688543,  0.1,265.646,9.87e-02, 16.4, 0.1,  6
1907, 71004,01122014,09032021 020921,   3, 26385.5, 70.605,185.188,0.482060,  0.1, 55.731,1.46e-01, 16.7, 0.1,  8
1908, 71100,07052012,09032021 013339,   1, 26403.8, 63.646,104.667,0.718798,  0.0,264.467,1.55e-01, 14.2, 0.1,  3
1909, 71101,15082013,09032021 005418,2755, 26431.6, 62.811,203.928,0.646284,  0.1,309.294,2.22e-01, 14.9,38.2, - 
1910, 71102,05042015,08032021 160722, 307, 26432.7, 65.404,314.558,0.678245,359.9, 17.753,1.60e-01, 16.2, 8.6, - 
1911, 71103,19032010,08032021 160424,   2, 26466.7,  3.379,274.250,0.718884,359.9, 15.309,3.88e-02, 17.6, 0.1,  4
1912, 71104,19012017,09032021 022722, 751, 43782.1, 32.004,358.842,0.211940,359.8,301.153,2.08e-01, 16.3,30.1, - 
1913, 71106,16032019,09032021 010953, 663, 26545.5, 73.221,  9.563,0.411125,359.9,353.729,6.32e+01, 17.2, -  , - 
1914, 71108,23072019,09032021 024656, 165, 26478.3, 11.994,165.789,0.550942,  0.5, 69.529,3.48e+00, 15.7, -  , - 
1915, 71110,22082019,09032021 031643, 467, 26612.6, 12.686, 84.561,0.402574,359.9,189.552,1.35e+01, 15.6,76.4, - 
1916, 71111,26082019,08032021 155423, 552, 26432.9, 10.432,198.528,0.484654,  0.6, 30.656,2.81e+00, 17.9, 9.6, - 
1917, 71112,29082019,09032021 092237,  92, 26353.1, 10.598,214.789,0.357364,  0.5,  2.210,4.39e+00, 16.9,12.7, - 
1918, 71113,28102019,08032021 165643, 138, 26439.6,  9.611,225.755,0.348723,  0.5,354.576,6.55e+00, 16.8,35.5, - 
1919, 71114,28112019,08032021 200422, 384, 26397.1, 11.256,190.121,0.491085,  0.6, 32.686,1.01e+00, 18.5,11.6, - 
1920, 71115,16012020,08032021 205554,  27, 26461.0,  9.429,275.828,0.701981,359.9, 27.860,2.15e-01, 16.9, 0.2, 43
1921, 71116,10072020,09032021 102648, 138, 26405.2, 11.588,199.516,0.542929,  0.5, 28.962,6.16e+00, 15.0,69.7, - 
1922, 71117,15122020,09032021 095134,  16, 26421.8, 67.145,218.194,0.582927,  0.1, 40.643,5.08e-01, 16.7, 0.2, 45
1923, 71200,19102015,08032021 132148, 301, 26423.5, 63.565, 98.486,0.707593,  0.0,264.682,2.49e-01, 15.8, 1.8,149
1924, 71201,20092015,08032021 214922,1917, 26422.9,  1.505, 19.252,0.691875,355.7,282.690,6.02e-01, 16.6,64.7, - 
1925, 71203,19102017,09032021 065208, 715, 26459.2,  7.061,327.909,0.733552,359.2,291.529,5.12e-02, 18.6,12.8,117
1926, 71205,20022019,09032021 025700, 310, 26425.1, 73.721, 46.937,0.592079,359.9,112.907,1.93e-01, 16.5, 4.8, - 
1927, 71206,02082019,09032021 001414, 523, 26465.4,  8.901,207.012,0.401535,  0.7, 21.090,8.78e+00, 17.4,37.4, - 
1928, 71208,16102019,08032021 175404, 107, 26515.5, 11.688,221.075,0.535327,  0.4,  8.595,6.73e+00, 15.9,44.6, - 
1929, 71213,22092020,09032021 073911,  51, 26538.9, 63.388, 83.691,0.739889,360.0, 46.246,8.09e-03, 16.0, 0.6, 74
1930, 71300,20032015,09032021 014649, 213, 26548.5, 64.384,122.898,0.680598,  0.1, 42.006,1.41e+00, 13.7,25.6, - 
1931, 71302,15012018,09032021 010133,   1, 26462.3, 66.931, 48.696,0.559593,359.9,163.960,1.60e+00, 15.1, 0.1,  3
1932, 71304,14052019,09032021 002116,  12, 26459.6, 11.288,207.452,0.433918,  0.5,358.896,5.60e-02, 17.5, 0.1, 20
1933, 71305,03072019,09032021 020529,   0, 26449.5, 11.289,206.935,0.436508,  0.5,  0.230,1.15e-01, 17.6, 0.1,  1
1934, 71306,20102019,08032021 204907,   6, 26447.1, 58.234,345.906,0.709951,359.9,239.396,2.52e+00, 14.9, 1.5,333
1935, 71307,04032020,09032021 021020, 354, 26506.2, 13.028, 54.158,0.718233,359.7,  2.945,4.40e-01, 19.1,51.8, - 
1936, 71308,19072020,08032021 141238, 144, 26447.5, 11.255,211.921,0.422813,  0.5,353.026,7.66e-02, 15.7, 0.4, 75
1937, 71309,17112020,09032021 004204,  65, 26472.9, 66.625,211.433,0.617002,  0.1, 38.569,3.42e-01, 16.2, 1.6,377
1938, 71401,29062006,08032021 144002,4093, 26492.0, 64.400, 62.022,0.643898,359.9,214.840,1.65e+00, 14.4, -  , - 
1939, 71402,06012013,08032021 205328,  12, 26453.2, 26.624,274.615,0.741298,360.0,119.819,4.68e-03, 16.5, 0.1,  3
1940, 71403,22122016,08032021 205517,1083, 26477.8, 63.041,192.391,0.690485,  0.1,269.971,1.40e-01, 17.3,13.1, - 
1941, 71404,08072017,08032021 182304,  64, 26490.6, 64.368, 33.169,0.709137,359.9,270.778,5.62e-03, 18.1, 0.1, 11
1942, 71405,08122017,09032021 070614,1184, 26493.4, 57.167,265.001,0.425805,  0.0,158.297,1.45e+01, 17.6, -  , - 
1943, 71406,21122017,09032021 073618,   1, 26473.6, 71.502,207.213,0.492653,  0.1, 31.902,1.96e-01, 16.8, 0.1,  4
1944, 71407,26032018,09032021 040452, 998, 26477.6, 68.657,125.558,0.633653,  0.1,122.166,6.46e-01, 17.3,25.0, - 
1945, 71408,31032018,08032021 205148, 783, 26445.9, 62.224,358.173,0.707402,359.9,223.517,6.01e-01, 16.1, -  , - 
1946, 71409,03092018,08032021 185554,  76, 26471.4, 21.552,299.761,0.515271,359.8,257.337,1.88e-01, 16.3, 1.4,280
1947, 71410,09112018,09032021 095340, 406, 26469.1,  9.611,227.943,0.607696,  0.5,109.368,5.21e-01, 18.0, 3.4,670
1948, 71411,20062019,08032021 163914, 228, 26524.1, 11.608,195.104,0.432173,  0.6, 16.857,3.63e+00, 14.3,35.9, - 
1949, 71412,03072019,08032021 175859, 466, 26509.6, 10.378,208.935,0.427047,  0.6,  6.926,3.20e+00, 16.2, -  , - 
1950, 71413,20072019,09032021 001202, 195, 26579.2, 11.153,206.049,0.522077,  0.5, 12.304,6.22e+00, 17.1, -  , - 
1951, 71414,30072019,09032021 045952, 548, 26553.5,  6.155,238.142,0.129648,  0.6, 18.569,5.08e+00, 17.8, -  , - 
1952, 71415,12082019,09032021 034925, 275, 26529.4, 68.614,355.925,0.729038,359.9, 12.444,5.87e-01, 16.2,16.7, - 
1953, 71416,09112019,08032021 171545,  44, 26468.8, 24.051,203.331,0.729519,  0.3,250.991,2.02e-01, 17.5, 1.0,240
1954, 71500,28102010,08032021 141521,   0, 26571.7, 26.522,252.231,0.731445,  0.1,261.834,2.98e-02, 13.1, 0.1,  1
1955, 71502,06062010,08032021 213919, 233, 26497.5, 68.735, 28.971,0.617287,359.9, 19.783,9.02e-01, 13.6,28.8, - 
1956, 71503,02072013,08032021 223303,1896, 26504.6, 71.149,216.178,0.449386,  0.1, 52.745,1.33e+00, 14.7, -  , - 
1957, 71504,27072016,09032021 053923, 387, 26532.9, 23.790,150.511,0.731394,  0.3,  7.815,3.01e-01, 15.7,28.1, - 
1958, 71506,30072019,09032021 020420, 374, 26499.8, 11.373,216.405,0.460722,  0.5,355.061,6.20e-02, 16.3, 0.2, 25
1959, 71507,04082019,09032021 063422,  97, 26503.4, 11.293,208.807,0.439634,  0.5,358.256,4.07e-02, 18.5, 0.3, 39
1960, 71508,06082019,09032021 082816, 554, 26488.7, 30.002,293.508,0.729371,359.9,335.030,1.52e+00, 15.8,87.8,897
1961, 71601,06122012,08032021 161107,   8, 26623.2, 26.847,198.172,0.728180,  0.2,355.173,1.45e-02, 10.1, 0.1,  1
1962, 71602,05112015,08032021 174834, 441, 26499.1,  3.336,186.973,0.724667,  2.0,170.633,1.93e-01, 15.4, 7.5,798
1963, 71603,09022017,08032021 211652,   1, 26556.5, 61.284,115.051,0.665875,  0.1,302.051,2.88e-01, 14.7, 0.1,  3
1964, 71604,20042017,08032021 182109, 634, 26591.4, 63.540,285.987,0.651600,360.0, 37.318,5.91e-02, 16.6, 5.8, - 
1965, 71605,17122017,08032021 141458,1149, 26422.1,101.037, 21.558,0.352792,359.9,270.310,5.21e+01, 16.7, -  , - 
1966, 71606,24082019,08032021 190219, 517, 26565.2, 15.210,102.553,0.244413,  0.1,300.783,1.59e+00, 16.8, -  , - 
1967, 71607,26082019,08032021 225907, 211, 26577.4,  8.916,202.200,0.276646,  0.7,  5.095,5.80e+00, 17.8, -  , - 
1968, 71700,28082013,08032021 222325,   0, 26568.9, 63.108,126.427,0.691604,  0.1,270.945,1.35e-02, 10.5, 0.1,  1
1969, 71701,02112013,08032021 212045,   1, 26567.0, 63.862,133.906,0.716376,  0.1,268.127,4.68e-03, 11.0, 0.1,  1
1970, 71702,15052013,09032021 002629,   2, 26570.5, 63.078,330.314,0.720430,359.9,271.063,2.24e-02, 10.0, 0.1,  3
1971, 71703,19062013,09032021 014444,   3, 26564.2, 63.618,351.691,0.696776,359.9,260.158,1.97e-02, 10.1, 0.1,  2
1972, 71704,30122013,09032021 021420,   1, 26571.4, 63.377, 22.532,0.742954,359.9,270.640,1.82e-03, 10.7, 0.1,  1
1973, 71705,20082013,08032021 154828,   2, 26568.6, 63.186,187.402,0.669307,  0.1,271.063,1.34e-02, 10.5, 0.1,  1
1974, 71706,11082013,08032021 223835,   0, 26566.9, 63.641,114.966,0.613459,  0.1,278.662,1.33e-02, 10.0, 0.1,  1
1975, 71707,14082013,08032021 200946,   3, 26576.4, 62.402,274.187,0.694556,360.0,281.384,1.24e-02, 12.6, 0.1,  1
1976, 71708,18082012,08032021 132734,   0, 26561.6, 62.604,180.370,0.698051,  0.1,263.370,1.03e-02, 11.8, 0.1,  1
1977, 71709,06102012,08032021 174128,   2, 25754.7, 25.829,340.988,0.736489,359.7,194.088,9.29e-02, 17.5, 0.2,  8
1978, 71710,30082014,09032021 022238, 388, 20046.5, 62.484,348.987,0.674292,359.9,280.595,1.77e-02, 17.2, 2.1,113
1979, 71711,26042016,09032021 050817,1769, 25713.9, 31.190,156.974,0.728724,  0.2,104.933,8.19e-01, 16.3,60.1, - 
1980, 71712,09022017,09032021 022522,  12, 26592.0, 70.672,315.092,0.604753,359.9,295.245,3.50e-01, 17.2, 0.1, 15
1981, 71713,20082017,08032021 231612,1154, 26532.4, 25.175,140.312,0.586293,  0.2,140.602,2.05e-01, 17.6,71.8, - 
1982, 71714,20082017,09032021 000241,   4, 26569.9, 70.891,139.621,0.570984,  0.1, 16.691,8.75e-02, 16.8, 0.1,  8
1983, 71715,24022018,09032021 084602, 897, 26538.7, 67.260,261.510,0.527366,  0.0, 56.318,1.70e-01, 16.3, 8.5, - 
1984, 71716,03102018,08032021 235901, 685, 26541.7, 71.860,319.692,0.496336,359.9,224.471,8.28e-01, 16.8,35.9, - 
1985, 71717,07042019,09032021 082556,   1, 26507.7, 11.077,190.966,0.439059,  0.6, 27.081,2.57e+00, 14.4, 0.2, 50
1986, 71718,18062019,08032021 171335, 392, 26571.6,  9.940,208.616,0.433883,  0.6,  3.232,1.07e+00, 15.8, -  , - 
1987, 71719,06072019,08032021 205837,   2, 26558.5, 11.535,196.906,0.459366,  0.6, 12.968,8.68e-02, 13.3, 0.1,  5
1988, 71720,19072019,08032021 153550, 266, 26593.9, 11.416,195.821,0.464690,  0.6, 16.294,9.24e-01, 16.5,50.3, - 
1989, 71721,07082019,08032021 233252, 505, 26598.4, 21.410,279.639,0.524579,359.9,277.411,1.26e+00, 17.8,58.5, - 
1990, 71722,25082019,09032021 073103, 521, 26558.0, 11.319,211.159,0.482739,  0.5,  5.030,1.59e-01, 17.6, 6.9, - 
1991, 71723,26082019,09032021 010814,  61, 26632.0, 10.838,222.877,0.398754,  0.5,339.062,1.19e+00, 15.9,13.5, - 
1992, 71724,10072009,09032021 035401, 274, 26443.0, 26.054,260.455,0.740707,  0.0,241.347,6.38e-02, 16.0,41.4,301
1993, 71725,10032007,08032021 133844, 192, 26634.2, 24.030,262.894,0.734405,  0.0,314.116,1.16e-01, 18.1, 2.5,168
1994, 71726,03112020,08032021 223418,  33, 26568.6, 11.514,217.546,0.441425,  0.5,358.800,1.57e+00, 15.4, 7.3, - 
1995, 71727,12112020,09032021 030540,   6, 26580.7, 62.695,244.147,0.676834,  0.1, 39.524,1.23e-02, 16.0, 0.1,  2
1996, 71728,12122020,08032021 161159,  14, 26570.0, 66.113,232.020,0.597665,  0.1, 48.566,6.39e-01, 16.4, 2.9,265
1997, 71729,19022021,09032021 025703,   4, 26551.9, 67.124,350.203,0.580750,359.9, 65.386,7.49e-02, 16.1, 0.1,  9
1998, 71800,10082013,08032021 145550,   1, 26567.8, 62.049,285.310,0.724337,360.0,264.054,1.48e-02, 12.3, 0.1,  1
1999, 71801,22102016,09032021 023227,  14, 26600.0,  1.561,293.892,0.700392,358.4, 77.327,7.94e-01, 18.1, 0.4, 92
2000, 71802,19032017,08032021 215705,  62, 26596.9, 26.759,311.025,0.741488,359.8, 79.972,3.00e-03, 17.1, 0.4,  3
2001, 71803,20082017,08032021 225810,1281, 26556.3, 25.450,136.169,0.593591,  0.2,147.374,4.38e-01, 18.2, -  , - 
2002, 71804,16092017,09032021 030125,1184, 26632.6, 65.584, 21.255,0.719760,359.9,  0.207,1.50e-01, 16.5,20.9,823
2003, 71805,24102017,08032021 182603, 147, 26612.6, 68.803,149.053,0.620359,  0.1, 11.674,6.89e-02, 16.7, 0.3, 67
2004, 71806,26112017,09032021 003617,   0, 26596.3, 71.594,195.271,0.510061,  0.1, 22.603,2.35e-01, 15.3, 0.1,  1
2005, 71807,23122017,09032021 004204,1048, 26760.2, 33.572,101.996,0.189035,  0.0,265.169,4.71e+01, 17.3, -  , - 
2006, 71808,19022018,08032021 200317, 146, 26164.0, 23.316,353.521,0.740762,359.7,239.536,5.63e-02, 14.4, -  ,135
2007, 71809,01102018,09032021 052821,   6, 26563.5, 71.866,163.897,0.613402,  0.1,200.067,1.68e-01, 16.6, 0.1, 20
2008, 71810,05062019,09032021 015137, 496, 26567.8,  9.456,202.171,0.443857,  0.7, 14.089,4.31e+00, 16.1, -  , - 
2009, 71811,21072019,09032021 021527,   0, 26566.6, 11.541,197.498,0.458210,  0.6, 11.688,5.35e-02, 15.0, 0.1,  3
2010, 71812,27082019,08032021 230741, 466, 26624.0,  7.706,182.743,0.300780,  0.9, 30.739,7.72e+00, 17.6, -  , - 
2011, 71813,16102019,08032021 235904, 115, 26614.0, 13.486,177.628,0.374438,  0.5, 28.494,5.38e+00, 16.6, -  , - 
2012, 71814,14012020,09032021 024208,  17, 26515.7, 11.763,195.944,0.412099,  0.5, 28.432,3.72e+00, 16.3,13.4, - 
2013, 71815,10122019,09032021 074530, 115, 26629.6, 62.508,140.341,0.738517,  0.1, 43.762,2.05e-02, 18.0, 2.7,240
2014, 71816,01072019,09032021 004855, 110, 26609.8, 62.477,113.616,0.746915,  0.1, 47.118,8.55e-02, 16.5,30.8,154
2015, 71817,09102020,09032021 054130,  94, 26577.9, 11.120,225.848,0.416152,  0.4,340.631,1.61e+00, 17.0, 3.0,675
2016, 71901,26082013,08032021 194637,   1, 26583.3, 63.707, 51.845,0.700996,359.9,277.512,9.80e-03, 12.1, 0.1,  1
2017, 71903,20082009,09032021 025740,   4, 26600.7, 71.657,190.569,0.522088,  0.1, 17.840,1.18e-02, 15.2, 0.1,  2
2018, 71904,03032014,08032021 160057,1043, 26613.4, 63.185,212.338,0.664474,  0.1,267.379,1.57e-01, 16.7,12.4, - 
2019, 71905,04032018,08032021 200547,   1, 26623.2, 71.439,166.365,0.545971,  0.1,  0.551,2.15e-01, 15.9, 0.1, 10
2020, 71906,28012019,09032021 060015, 646, 26601.5, 71.991, 34.382,0.575321,359.9,301.446,5.30e-01, 15.1, 7.0, - 
2021, 71907,10082019,08032021 152743, 428, 26604.7, 10.429,214.103,0.440786,  0.5,357.386,2.62e+00, 15.5, -  , - 
2022, 71908,25092019,09032021 074709,   1, 26604.1, 11.267,215.064,0.439317,  0.5,350.629,1.11e-01, 17.4, 0.1,  5
2023, 71909,29092019,09032021 001225, 525, 26644.4, 10.080,202.683,0.513899,  0.6, 22.735,3.18e+00, 18.0,85.5, - 
2024, 71910,18102019,09032021 011058, 135, 26616.7, 11.666,215.499,0.508818,  0.5,  6.259,1.84e-01, 16.8,11.7, - 
2025, 71911,23102019,09032021 015624,  28, 26585.3, 11.408,216.304,0.431891,  0.5,358.631,1.36e+00, 17.0, 4.7, - 
2026, 71912,02032020,09032021 035103,   3, 26615.8, 11.368,218.364,0.451625,  0.5,349.742,8.81e-02, 16.7, 0.1,  2
2027, 71913,28042020,09032021 024234,  64, 26610.1, 70.401,210.648,0.411727,  0.1, 82.394,2.88e-01, 13.7, 2.0,470
2028, 71915,21082020,09032021 013140, 139, 26608.2, 71.554,186.352,0.532091,  0.1, 13.869,2.13e-01, 15.9, 0.3, 68
2029, 71916,20022021,08032021 213906,   4, 26619.5,  6.063,349.796,0.578148,358.9,330.432,9.29e-01, 19.1, 1.2,270
2030, 72000,13102007,08032021 213709,4004, 26624.4, 70.249,209.434,0.411540,  0.1, 84.576,1.00e-02, 15.3,20.1, 81
2031, 72001,27042019,09032021 072813, 136, 26574.3, 11.082,208.829,0.471477,  0.5,  4.172,3.54e+00, 16.3, -  , - 
2032, 72002,28072019,08032021 235824,  97, 26663.4, 13.269,172.741,0.454791,  0.5, 38.115,2.91e+00, 14.3,12.5, - 
2033, 72003,30092019,08032021 163416, 430, 26644.5, 10.133,195.288,0.454675,  0.6, 20.523,1.06e+00, 17.9,24.3, - 
2034, 72004,21102019,09032021 073923,   6, 26596.0, 11.592,194.971,0.459782,  0.6, 13.892,2.63e-01, 16.8, 0.3, 38
2035, 72006,19122019,08032021 225529, 407, 26601.3,  8.973,201.865,0.441533,  0.7, 15.106,7.79e+00, 16.2,45.5, - 
2036, 72007,29042020,09032021 060122, 184, 26648.2, 67.558, 25.303,0.632374,359.9, 34.524,5.31e-01, 15.6,27.1, - 
2037, 72008,30062020,09032021 032059,  12, 26617.2,  9.804,227.288,0.345439,  0.5,330.662,1.56e+00, 16.4, 6.1, - 
2038, 72100,29012010,09032021 041148, 230, 26698.7, 70.687, 61.557,0.590987,359.9,344.358,6.36e-01, 16.2, 7.8, - 
2039, 72101,19122009,09032021 010758, 700, 26682.4, 72.348, 67.804,0.541817,360.0, 92.917,4.19e+00, 15.9,13.5, - 
2040, 72102,18022017,08032021 215749,  24, 26663.3, 63.949, 71.594,0.695891,360.0,261.738,1.31e-01, 16.4, 0.2, 50
2041, 72103,20082017,09032021 052905,1048, 26666.3, 25.063,145.891,0.583768,  0.2,132.208,6.18e-01, 18.6, 7.6, - 
2042, 72104,20082019,08032021 171810, 151, 26796.6,  9.456,221.434,0.372877,  0.5,353.724,6.18e+00, 14.8,52.3, - 
2043, 72105,29082019,09032021 060448,  90, 26653.0, 12.094,190.389,0.435216,  0.5, 13.512,3.80e-01, 17.5, 3.0,677
2044, 72106,06102019,09032021 013637,   1, 26639.0, 70.659,202.939,0.436741,  0.1, 67.171,2.82e-01, 15.1, 0.1, 12
2045, 72107,21102019,08032021 225149, 145, 26643.7, 10.982,214.616,0.414093,  0.5,354.449,2.28e+00, 18.1,62.3, - 
2046, 72108,27102019,08032021 220208, 497, 26883.6, 17.496, 66.765,0.567410,359.8,235.990,2.80e+01, 18.2, -  , - 
2047, 72109,26102019,08032021 221612, 495, 26629.3,  8.603,173.764,0.384436,  0.8, 42.089,1.02e+01, 18.1, -  , - 
2048, 72110,12092020,09032021 031909, 174, 26662.3, 14.274,158.080,0.416175,  0.4, 58.463,4.63e+00, 17.1, -  , - 
2049, 72200,08092007,09032021 011758,   3, 26746.5,  4.043,310.589,0.720597,359.0,302.877,2.04e-01, 15.2, 0.1, 12
2050, 72201,06102012,09032021 030702, 309, 26674.5, 63.716, 45.669,0.715114,359.9,257.563,2.47e-01, 15.5,12.2, - 
2051, 72202,14012015,08032021 145659,   0, 26640.9,  8.624,133.829,0.517177,  0.5,237.242,2.75e+01, 15.7, 0.1, 26
2052, 72203,20052015,09032021 004230,  49, 26669.0, 63.951, 16.626,0.697615,359.9,239.081,1.05e-01, 16.1, 0.8,161
2053, 72204,13092015,09032021 042747,1553, 26677.3, 69.855,267.511,0.433604,  0.0,123.871,2.16e+00, 15.9,83.4, - 
2054, 72205,10062016,08032021 204331,1699, 26682.7, 63.935, 28.357,0.706980,359.9,260.645,2.02e-01, 15.2,26.1,363
2055, 72206,26042017,08032021 190642, 486, 26689.2, 63.067,244.332,0.671679,  0.1,271.404,1.27e-01, 17.7, 5.2, - 
2056, 72207,05042018,08032021 173112, 447, 24785.9, 62.886,330.782,0.730576,359.9,279.304,2.45e-02, 17.7, 1.7,137
2057, 72209,14062019,09032021 070800, 167, 26750.5,  8.945,212.048,0.397474,  0.6, 17.245,4.14e+00, 16.4, -  , - 
2058, 72210,26082019,09032021 042612,  64, 26691.4, 11.593,198.382,0.449368,  0.5,  7.684,6.10e-02, 17.9, 0.4, 67
2059, 72211,28082019,08032021 143258, 187, 26682.8, 11.457,212.451,0.507684,  0.5,  8.379,1.72e-01, 16.1, 3.0,646
2060, 72212,02102019,08032021 233441, 498, 26686.9, 13.412,138.195,0.716383,  0.4,125.333,9.28e-01, 18.0,27.5, - 
2061, 72213,29092019,08032021 204728, 514, 26670.5, 11.369,201.067,0.461818,  0.5,  8.174,5.25e-02, 18.1, 3.3,726
2062, 72216,10092020,08032021 161718, 173, 26678.5, 11.280,219.030,0.441555,  0.5,346.608,1.38e-01, 17.3, 0.3, 48
2063, 72300,26072011,08032021 164410, 151, 26521.2, 23.967,157.698,0.732850,  0.3,352.410,2.81e-01, 17.7, 6.5, - 
2064, 72301,10122015,08032021 205400,  71, 26705.7, 63.004,189.870,0.673710,  0.1,271.498,1.55e-01, 15.9, 1.0,222
2065, 72302,19022016,08032021 185534, 228, 26681.4, 65.157,298.494,0.726370,359.9,351.695,1.54e-01, 17.1, 2.6,317
2066, 72303,24022016,09032021 010137,   1, 26706.7, 66.001,289.271,0.592049,360.0, 58.431,1.00e-02, 13.4, 0.1,  1
2067, 72304,22082017,08032021 212117,   6, 26708.3, 62.981,316.946,0.291491,359.9,313.996,3.70e+00, 16.0, 0.1, 29
2068, 72305,13062018,09032021 052359, 291, 26694.5, 76.043, 15.333,0.452702,359.9, 86.399,8.44e-01, 16.4,35.1, - 
2069, 72307,02102018,08032021 200524, 800, 26747.5, 21.111,308.827,0.437820,359.8,233.403,3.81e+00, 18.5, -  , - 
2070, 72308,13102018,08032021 224833,  49, 26701.4, 21.468,302.414,0.510164,359.8,249.099,2.94e-01, 17.2, 1.4,288
2071, 72310,14082019,08032021 211543, 169, 26797.0,  8.415,209.725,0.447491,  0.7, 32.231,5.48e+00, 16.8,35.1, - 
2072, 72311,15082019,09032021 041533,  65, 26808.6,  9.938,237.284,0.389874,  0.4,340.297,6.78e+00, 16.5,31.1, - 
2073, 72312,04102019,09032021 014825, 240, 26719.5, 10.515,199.061,0.468843,  0.6, 17.066,2.06e+00, 18.0,14.6, - 
2074, 72313,12112020,09032021 060037,   1, 25970.6, 62.572, 34.063,0.748169,359.9,277.974,1.34e-02, 17.0, 1.6,  1
2075, 72401,05062012,08032021 141956,3189, 26737.4, 74.212, 26.318,0.533321,359.9,226.668,2.05e+01, 13.0, -  , - 
2076, 72402,18042014,09032021 053748, 721, 26711.8, 72.060,270.787,0.514901,360.0,215.878,8.76e-01, 16.8, -  , - 
2077, 72403,07012018,08032021 230936, 174, 26737.3, 63.525,  8.793,0.738128,359.9,267.013,3.46e-02, 18.0, 0.6, 16
2078, 72404,14092018,08032021 175705, 824, 26716.0, 21.405,297.649,0.521008,359.9,255.628,1.84e-01, 18.7, 4.4,927
2079, 72405,07122018,08032021 232650, 757, 26723.2, 21.456,300.745,0.523212,359.8,252.452,1.47e-01, 17.1, 9.4, - 
2080, 72406,21082019,08032021 225824, 148, 26756.4, 21.528,303.175,0.522905,359.8,250.007,2.52e-01, 17.4, 0.6,138
2081, 72407,27082019,08032021 173222, 519, 26730.9, 11.495,199.455,0.454871,  0.5,  7.358,2.13e-01, 18.5,22.1, - 
2082, 72500,13092012,08032021 190619,  69, 26760.4, 63.995,147.061,0.627422,  0.1,259.657,7.39e-02, 11.8, 0.5,112
2083, 72501,01072016,08032021 233925, 164, 26741.5, 62.845,218.675,0.712137,  0.1,273.215,1.08e-01, 13.9, 2.1,480
2084, 72502,07122016,08032021 225139,  16, 26751.7, 62.827,250.487,0.684959,  0.0,276.618,2.48e-01, 14.7, 0.2, 55
2085, 72503,12092018,09032021 004329, 496, 26728.6, 21.475,297.015,0.549476,359.9,260.664,4.84e-02, 17.8, 5.6, - 
2086, 72504,09122018,09032021 023604, 533, 26742.3, 21.468,303.889,0.496457,359.8,244.351,2.63e-01, 17.2,30.4, - 
2087, 72505,09122018,08032021 165055, 817, 26749.1, 21.436,301.720,0.503275,359.8,247.286,5.60e-01, 17.9, 2.2,474
2088, 72506,24072019,08032021 173632, 148, 26746.8, 11.227,206.461,0.482924,  0.5,  7.521,1.35e-01, 16.5, 0.5, 76
2089, 72507,25072019,09032021 004658, 245, 26789.0, 10.890,194.704,0.507466,  0.6, 28.470,1.89e+00, 14.9,51.0, - 
2090, 72508,29072019,08032021 161450,  79, 26820.8, 10.841,218.727,0.439131,  0.5,  4.441,7.52e+00, 15.7,47.9, - 
2091, 72509,29082019,08032021 180824,  64, 26843.2, 11.409,222.396,0.430778,  0.4,353.012,4.04e+00, 15.6,25.7, - 
2092, 72510,01092019,09032021 074920, 151, 26748.5, 11.449,192.725,0.493121,  0.6, 23.063,1.57e-01, 15.8, 1.2,268
2093, 72512,22102019,09032021 083722,  88, 26801.7, 10.584,232.801,0.489099,  0.4,336.627,6.14e+00, 17.0,35.6, - 
2094, 72600,19062013,08032021 170457,1390, 26808.5, 60.580,257.039,0.494582,  0.0,352.362,7.86e-01, 15.5, -  , - 
2095, 72601,19062019,09032021 033333, 164, 26780.5, 11.489,199.379,0.455191,  0.5,  7.201,1.45e-01, 16.9, 1.5,334
2096, 72602,11072019,08032021 202816,  72, 26779.4, 10.582,193.192,0.503530,  0.6, 29.456,1.76e+00, 15.7,13.8, - 
2097, 72603,16082019,08032021 153237, 415, 26831.9, 24.496,145.485,0.740292,  0.2,  0.997,6.67e-02, 17.0,11.8, 49
2098, 72604,24092020,09032021 042444, 121, 26783.9, 72.381,134.810,0.603072,  0.1,146.601,1.30e-01, 12.2, 0.3, 73
2099, 72605,10122020,08032021 164442,  49, 26769.3, 10.775,206.449,0.457858,  0.6,  8.706,1.79e+00, 15.9, 0.8,140
2100, 72700,24012013,08032021 164140,   1, 26799.1, 62.862,137.916,0.700739,  0.1,272.911,1.75e-01, 13.8, 0.1,  4
2101, 72701,15112013,09032021 031256,1088, 26811.6, 61.338,142.844,0.729775,  0.1,269.391,9.58e-02, 15.0,26.0, - 
2102, 72702,24032010,08032021 220209, 178, 26839.5, 62.279,258.565,0.679971,  0.0, 47.681,5.17e-01, 14.2, 2.9,472
2103, 72703,28012007,08032021 232331, 898, 26809.3, 69.038, 40.806,0.613142,359.9, 19.174,4.12e-01, 17.1,69.3, - 
2104, 72704,14092017,08032021 183102, 537, 26805.5, 70.923,102.705,0.515751,  0.0,322.315,1.12e+00, 17.0,20.1, - 
2105, 72705,20062018,08032021 224556, 853, 26812.0, 63.167, 93.800,0.572957,  0.0, 10.068,1.90e-01, 17.4, 1.9,214
2106, 72706,10092018,08032021 143452, 621, 26796.7, 21.971,300.413,0.503427,359.8,238.460,2.25e+00, 18.0,15.4, - 
2107, 72707,17012019,09032021 040048, 395, 26825.5, 70.946,150.727,0.533353,  0.1,353.275,2.80e-01, 17.5,12.7, - 
2108, 72708,19072019,08032021 225127, 113, 26884.3, 10.868,208.494,0.546426,  0.5, 29.624,5.39e+00, 17.0,22.2, - 
2109, 72709,27112020,08032021 160500,   3, 26825.2, 63.328,271.340,0.673892,360.0, 39.518,2.57e-01, 14.5, 0.1, 17
2110, 72800,30112008,08032021 233022, 188, 26821.8, 62.899,185.610,0.686311,  0.1,271.555,6.26e-02, 12.6, 2.5,519
2111, 72801,10062017,08032021 205608,1247, 26705.0, 62.264,168.076,0.747257,  0.1,201.733,2.13e+00, 16.3, -  , - 
2112, 72802,08092018,08032021 234811, 908, 26848.9, 21.408,302.065,0.483683,359.8,243.543,1.81e+00, 18.8,24.7, - 
2113, 72803,12092020,09032021 033941,   5, 26798.3, 63.348, 21.388,0.598192,359.9,226.429,1.89e+00, 14.5, 0.1, 13
2114, 72900,01092003,08032021 173513,3090, 26863.4, 63.226,243.519,0.651533,  0.1,265.567,1.00e-02, 14.8,17.8, 74
2115, 72901,07032013,08032021 165913,1841, 26851.7, 62.830,250.634,0.683581,  0.0,273.382,1.62e-02, 14.5, 6.0,171
2116, 72902,28062014,08032021 170216, 469, 26855.8, 63.567,  5.046,0.699964,359.9,269.578,1.94e-01, 16.8, 9.9, - 
2117, 72904,09092018,08032021 140101, 566, 26837.1, 21.420,305.269,0.514292,359.8,246.180,7.08e-02, 17.7, 1.8,387
2118, 72905,21102013,08032021 233458,   1, 26904.7, 23.878,141.249,0.743342,  0.2, 25.824,6.04e-02, 17.3, 0.1,  2
2119, 72906,25042019,08032021 200951,   3, 26848.7, 11.447,201.731,0.451907,  0.5,  2.991,9.08e-02, 16.2, 0.1,  7
2120, 72907,03072019,08032021 155444,   2, 26874.0, 11.268,224.067,0.462866,  0.4,346.492,1.02e+00, 16.4, 0.1, 19
2121, 72908,20112006,08032021 211123, 246, 26814.7, 18.694,232.112,0.740966,  0.2,241.228,1.63e-02, 17.0, 2.2,211
2122, 72909,10122020,09032021 011947,  88, 26834.7, 26.144,284.516,0.723842,359.9, 82.510,2.86e-02, 15.0, 0.9,178
2123, 73000,28032000,09032021 073107, 845, 26933.6, 68.432, 37.983,0.595904,359.9, 23.919,1.20e-01, 15.5,30.0, - 
2124, 73001,10092012,08032021 204420,  59, 26859.8, 18.661,319.095,0.700292,359.7,206.729,1.27e-01, 14.9, 0.3, 76
2125, 73002,24102013,09032021 061518,   7, 26891.3, 63.072,124.306,0.712809,  0.1,269.527,1.07e-01, 14.6, 0.1, 22
2126, 73003,04062008,09032021 003607, 229, 26883.8, 69.019, 59.782,0.573285,359.9, 23.686,5.28e-02, 17.0, 1.0,229
2127, 73004,25112016,09032021 073607,   1, 26886.7, 66.604,218.998,0.592742,  0.1, 42.997,9.51e-01, 14.7, 0.1,  6
2128, 73005,08092018,08032021 175356, 753, 26889.0, 21.169,298.669,0.525761,359.8,254.989,6.86e-01, 17.7,49.2, - 
2129, 73006,06042019,08032021 230034,   2, 26891.3, 11.507,201.111,0.450999,  0.5,  2.786,6.45e-02, 14.4, 0.1,  3
2130, 73007,30062019,08032021 232734, 118, 26879.1, 11.298,212.792,0.473161,  0.5,356.129,4.91e-02, 17.4, 1.3,288
2131, 73008,28082019,09032021 071809, 531, 26886.8, 11.399,225.560,0.465471,  0.4,342.994,1.57e+00, 18.3,11.0, - 
2132, 73009,28082019,08032021 212421, 519, 26888.1, 11.390,235.011,0.405058,  0.3,325.000,1.39e+00, 18.0,14.2, - 
2133, 73010,26012020,09032021 075942,  78, 27009.9, 65.632,266.569,0.727927,  0.0, 39.878,5.47e-01, 17.0, 5.8, - 
2134, 73100,10052016,08032021 205111,1759, 26372.4, 14.212, 48.408,0.733204,359.7,314.895,1.62e+01, 18.3, -  , - 
2135, 73101,05012018,08032021 123905,   1, 26904.8, 63.454, 41.316,0.700233,359.9,269.068,1.08e-01, 16.1, 0.1,  3
2136, 73102,19022018,08032021 145602, 988, 26950.3,  3.575,257.535,0.710062,  0.4, 15.197,4.27e-01, 18.4,19.3,438
2137, 73103,09092018,08032021 222039,   0, 26902.8, 21.454,304.161,0.517483,359.8,245.443,1.02e-01, 17.9, 0.1,  1
2138, 73104,09092018,09032021 012420, 709, 26895.1, 21.490,305.420,0.513685,359.8,243.474,1.49e-01, 18.7, 2.2,444
2139, 73105,09092018,08032021 231109, 903, 26874.0, 22.063,330.383,0.375960,359.7,199.594,6.04e-01, 19.0,12.6,988
2140, 73106,10092018,08032021 220522, 417, 26890.7, 21.592,306.609,0.522313,359.8,244.231,1.00e-02, 16.5, 2.4,491
2141, 73107,03072019,09032021 055349, 521, 26899.1, 11.176,212.448,0.464735,  0.5,355.038,5.06e-02, 16.7, 5.1, - 
2142, 73108,06062019,08032021 153556,  17, 26919.0, 10.650,238.230,0.328538,  0.3,331.393,6.30e+00, 15.5, 5.0, - 
2143, 73109,29112019,08032021 225359, 425, 26880.3, 11.339,238.803,0.402131,  0.3,333.749,4.86e+00, 15.2, -  , - 
2144, 73200,21032010,08032021 182942,2996, 26921.6, 65.276,123.171,0.638496,  0.1,175.121,1.57e+00, 15.9, -  , - 
2145, 73201,11072016,09032021 042400,   3, 26805.8, 25.128,208.880,0.707757,  0.2,163.934,1.30e+00, 15.5, 0.3, 75
2146, 73202,07012017,09032021 052620,  12, 26933.2, 62.959,255.078,0.687244,  0.0,270.515,1.81e-01, 15.0, 0.3, 44
2147, 73203,09092018,09032021 012137, 885, 26933.8, 21.510,305.612,0.486367,359.8,237.809,1.89e+00, 19.0,99.5, - 
2148, 73204,10092018,08032021 215144, 883, 26955.6, 21.331,304.603,0.499695,359.8,244.260,2.14e+00, 19.1, -  , - 
2149, 73205,23022019,09032021 000931,   3, 26932.5, 62.901,336.056,0.716632,359.9,275.413,2.07e-01, 15.4, 0.1, 11
2150, 73206,14102019,09032021 011510,   3, 26963.6, 66.329,134.136,0.654973,  0.1, 16.159,5.68e-01, 16.2, 0.1,  4
2151, 73300,07082013,09032021 020941, 539, 26928.4, 57.783,156.406,0.629082,  0.1,162.161,1.46e+00, 15.7,13.1, - 
2152, 73301,01092013,08032021 185512, 797, 26945.3, 63.687, 70.266,0.730810,360.0,266.681,1.16e-01, 16.1,28.9, - 
2153, 73302,23102012,08032021 171325, 113, 26902.9, 23.624,255.487,0.728171,  0.1,187.120,1.30e-01, 18.0, 1.1,204
2154, 73303,25092016,08032021 193903, 484, 26962.5, 63.375,269.691,0.704695,  0.0,278.246,1.97e-02, 18.3, 0.8,110
2155, 73304,27092017,09032021 040227,  58, 26966.3, 17.131,215.953,0.633096,  0.3, 99.686,1.17e+00, 17.3, 4.9, - 
2156, 73305,07092018,08032021 151420,   4, 26957.4, 21.422,302.954,0.510668,359.8,243.997,2.08e-01, 14.4, 0.1, 28
2157, 73306,05092018,08032021 205710, 593, 26956.4, 21.466,310.110,0.508155,359.8,222.625,2.63e-01, 18.7,12.0, - 
2158, 73307,09092018,08032021 152948, 174, 27071.4, 20.881,307.263,0.422385,359.8,251.413,5.54e+00, 15.5,29.0, - 
2159, 73308,09092018,08032021 183124, 859, 27003.6, 21.002,301.809,0.472289,359.8,245.944,4.44e+00, 18.1,98.6, - 
2160, 73309,04092018,09032021 042442, 888, 27013.1, 21.295,304.417,0.471854,359.8,240.271,2.92e+00, 18.2, -  , - 
2161, 73310,10092018,08032021 222748, 588, 26944.7, 21.338,304.908,0.512367,359.8,244.021,1.06e+00, 18.8,47.2, - 
2162, 73312,13122020,09032021 054027,  40, 27020.8, 61.514,177.279,0.750751,  0.1, 43.434,1.74e-01, 17.0,46.1, 83
2163, 73400,21012018,08032021 231300,1119, 27012.8,  4.827,139.814,0.387862,  1.1,192.891,2.40e+01, 18.5, -  , - 
2164, 73401,07092018,08032021 213916,   2, 26971.0, 21.490,305.637,0.517990,359.8,242.960,1.22e-01, 16.5, 0.1,  6
2165, 73402,07092018,08032021 224311,   1, 27013.6, 21.481,312.951,0.458346,359.8,229.498,2.66e+00, 17.3, 0.1, 18
2166, 73403,05092018,08032021 162710,  84, 26972.1, 21.604,311.920,0.498014,359.8,233.048,2.62e-01, 17.2, 1.4,322
2167, 73405,07092018,09032021 045010, 333, 26988.4, 21.542,308.307,0.498250,359.8,235.848,2.60e-01, 15.5,10.3, - 
2168, 73406,30082018,09032021 032524,  23, 26946.2, 21.545,307.339,0.511203,359.8,240.478,3.96e-01, 16.5, 0.5, 82
2169, 73408,20072019,09032021 054127,  73, 27094.7, 10.741,215.944,0.451963,  0.5,  1.890,6.17e+00, 14.5,37.5, - 
2170, 73409,25072019,09032021 084637,  97, 26963.7, 11.389,202.507,0.446217,  0.5,  2.354,5.02e-01, 16.8, 4.5, - 
2171, 73410,31082019,08032021 213243, 437, 26942.4, 14.485,128.647,0.607111,  0.3,169.651,6.49e+00, 17.7,48.4, - 
2172, 73412,28112019,09032021 012239,  80, 26751.5, 11.487,223.477,0.455022,  0.4,343.406,6.57e-02, 15.3, 0.2, 39
2173, 73500,15092015,08032021 221050,1612, 26999.0, 19.870, 28.227,0.684510,359.7, 71.806,1.03e-01, 17.0, 7.5,903
2174, 73502,10062017,08032021 150357, 562, 27010.3, 62.865,108.835,0.682478,  0.0,268.047,2.08e-01, 14.5, 8.9, - 
2175, 73503,05092018,09032021 003439,   7, 26994.3, 21.434,304.201,0.507589,359.8,241.990,1.11e-01, 14.4, 0.1, 14
2176, 73504,05092018,08032021 234344, 552, 27048.6, 21.266,309.986,0.449675,359.8,232.467,4.96e+00, 17.8,59.5, - 
2177, 73505,08092018,09032021 005323, 431, 26974.5, 21.537,309.655,0.503330,359.8,235.926,1.63e-01, 17.9, 7.8, - 
2178, 73506,11092018,08032021 232702,   4, 26990.5, 22.836,322.873,0.519939,359.8,224.070,7.74e-02, 16.0, 0.1,  5
2179, 73507,08092018,08032021 210508, 552, 26984.3, 21.596,309.661,0.492143,359.8,236.830,4.36e-01, 16.2,72.1, - 
2180, 73508,08092018,08032021 161518,  35, 26999.0, 21.620,309.895,0.512701,359.8,237.670,1.53e-01, 16.9, 0.9,191
2181, 73509,30082018,08032021 230111, 474, 27006.6, 21.145,307.798,0.472251,359.8,236.297,4.04e+00, 18.0,57.8, - 
2182, 73511,09042019,09032021 041420,   2, 26966.2, 11.317,201.366,0.457315,  0.6,  5.554,1.23e+00, 14.2, 0.3, 57
2183, 73600,11092012,08032021 162326,   1, 26968.9, 18.577, 91.886,0.665552,  0.0,321.097,5.83e-02, 17.2, 0.1,  3
2184, 73601,19122014,08032021 210659,  16, 27005.9, 27.275, 11.735,0.715652,359.8,281.531,2.38e+00, 16.6, 2.2,479
2185, 73602,18092015,08032021 200651,1981, 27035.9, 63.220,354.250,0.744836,359.9,272.978,8.52e-02, 14.7, -  ,175
2186, 73603,18032016,09032021 044943,1720, 27014.6, 62.599,306.157,0.577487,359.9,  7.376,7.51e+00, 17.1,80.8, - 
2187, 73604,14092017,08032021 211540, 660, 27012.8, 18.295,135.681,0.651864,  0.3,242.089,6.41e-02, 16.6, 3.4,617
2188, 73605,07092018,08032021 173621,   4, 27016.8, 21.491,304.798,0.506368,359.8,240.213,1.01e-02, 17.1, 0.1,  1
2189, 73606,11092018,09032021 021558, 883, 27010.7, 21.411,299.800,0.537834,359.8,253.593,3.44e-01, 17.2, 6.0, - 
2190, 73607,11092018,08032021 205858, 552, 27018.3, 21.381,299.723,0.529853,359.8,251.939,3.23e-01, 16.9, 5.2, - 
2191, 73608,09122018,08032021 210306, 389, 27012.2, 21.652,313.051,0.490967,359.8,230.043,2.14e-01, 16.9, 9.2, - 
2192, 73609,01042019,08032021 163644, 684, 27055.1, 21.271,310.084,0.448300,359.8,232.357,4.30e+00, 18.6, -  , - 
2193, 73610,03042019,08032021 210558, 376, 27063.9, 24.703, 44.611,0.513045,359.8,259.663,3.36e-01, 18.8, 2.7,537
2194, 73701,28062017,08032021 195645, 517, 27048.5, 62.351,163.960,0.547652,  0.1,199.948,2.50e+00, 16.2,15.4, - 
2195, 73702,06092018,08032021 175250, 548, 27082.3, 22.220,301.825,0.545070,359.8,250.023,4.17e-02, 17.7,11.1,277
2196, 73703,06092018,08032021 191613, 818, 27088.5, 21.380,312.854,0.446401,359.8,225.872,4.13e+00, 16.9,59.5, - 
2197, 73704,06092018,09032021 064637,   2, 27046.8, 21.539,309.636,0.498205,359.8,233.605,4.35e-02, 17.6, 0.1,  5
2198, 73705,06092018,09032021 010512,  25, 27093.3, 21.410,310.940,0.431578,359.8,226.855,5.11e+00, 17.3, 1.3,278
2199, 73706,10092018,08032021 213443,  49, 27066.2, 21.456,305.069,0.509258,359.8,241.120,2.88e-01, 16.8, 0.6,125
2200, 73707,10092018,08032021 225317, 850, 27035.0, 21.579,309.603,0.511160,359.8,236.508,3.19e-01, 19.3,44.1, - 
2201, 73708,27032019,09032021 020942, 445, 27043.8, 24.693, 43.924,0.518160,359.8,261.414,5.84e-01, 19.0,17.4, - 
2202, 73709,31032019,08032021 225544, 352, 27043.3, 24.755, 43.890,0.511438,359.8,260.360,3.93e-01, 19.7,36.7, - 
2203, 73710,24032019,09032021 045538, 320, 27060.4, 24.416, 48.040,0.489700,359.8,251.515,4.25e-01, 18.0, 2.9,553
2204, 73711,24032019,08032021 234655,   1, 27067.7, 24.741, 43.887,0.521790,359.8,261.137,5.89e-01, 18.2, 0.1,  3
2205, 73712,31032019,08032021 204138, 170, 27040.2, 24.719, 45.011,0.500616,359.8,258.456,2.75e-01, 18.4,10.1, - 
2206, 73713,30032019,08032021 175124, 704, 27019.0, 24.730, 42.853,0.527329,359.8,263.442,9.20e-01, 19.5, -  , - 
2207, 73714,24032019,08032021 211147,  34, 27041.8, 24.717, 44.036,0.526608,359.8,260.723,6.18e-01, 17.8, 1.0,212
2208, 73715,08042019,09032021 010435, 220, 27029.9, 24.603, 44.795,0.512189,359.8,259.633,5.06e-01, 17.8, 3.6,818
2209, 73716,10042019,08032021 191621,   3, 27043.4, 11.485,202.795,0.448956,  0.5,358.917,1.09e-01, 16.3, 0.1, 10
2210, 73717,24032019,08032021 140739, 328, 27031.2, 24.650, 43.370,0.528059,359.8,263.709,4.58e-01, 18.4, 1.0,203
2211, 73718,08042019,08032021 213615, 333, 27022.7, 24.537, 43.692,0.524225,359.8,262.565,8.04e-01, 18.3, 7.0, - 
2212, 73719,31032019,08032021 213248, 372, 27037.2, 24.611, 44.557,0.522063,359.8,261.246,5.44e-01, 18.7,10.4, - 
2213, 73720,02052019,08032021 132520,   1, 27068.2, 24.659, 44.150,0.520600,359.8,261.397,4.70e-01, 18.0, 0.1,  6
2214, 73721,09042019,09032021 064428,   3, 27034.6, 10.864,210.808,0.454719,  0.5,356.301,1.25e+00, 16.3, 0.2, 29
2215, 73722,30052019,09032021 024845, 197, 27103.7,  8.084,201.992,0.479527,  0.8, 37.270,7.32e+00, 17.6, -  , - 
2216, 73723,24032019,09032021 003055, 697, 27041.9, 24.759, 43.638,0.519647,359.8,261.801,4.53e-01, 19.8,94.3, - 
2217, 73724,24032019,08032021 223313, 574, 27040.2, 24.739, 43.904,0.517043,359.8,261.227,3.26e-01, 19.1, 6.3,995
2218, 73725,24032019,09032021 064250, 656, 27034.3, 24.515, 44.089,0.520462,359.8,261.725,7.06e-01, 18.7,16.8, - 
2219, 73726,26032019,09032021 061454, 376, 27034.7, 24.702, 44.668,0.511362,359.8,259.604,5.65e-01, 19.1,24.5, - 
2220, 73727,07042019,09032021 011726, 368, 27047.3, 24.627, 46.486,0.498058,359.8,255.195,4.90e-01, 18.0,17.5, - 
2221, 73728,24032019,09032021 035115, 326, 27070.0, 24.587, 44.872,0.518584,359.8,260.399,6.96e-01, 16.8, 9.1, - 
2222, 73729,24032019,09032021 033022,   3, 27063.4, 24.586, 44.162,0.518704,359.8,261.442,5.20e-01, 16.2, 0.2, 33
2223, 73730,26032019,08032021 191208, 523, 27041.9, 24.600, 37.849,0.546465,359.8,267.658,2.92e-01, 19.6, 8.7, - 
2224, 73734,25072019,09032021 015117, 548, 27116.2,  9.833,132.347,0.537011,  0.5,132.570,1.05e+01, 17.8,49.4, - 
2225, 73735,31072019,09032021 035140,   1, 27055.4, 11.578,221.637,0.494000,  0.4,350.539,9.07e-02, 17.5, 0.1,  4
2226, 73736,09072009,08032021 223946,   2, 27066.7, 23.911,269.784,0.745910,  0.0,310.559,4.88e-02, 16.8, 0.1,  2
2227, 73737,24032019,09032021 030519,   1, 27045.3, 24.685, 43.315,0.514643,359.8,263.099,3.10e-01, 16.7, 0.6, 80
2228, 73738,17102019,09032021 103139, 332, 27048.8, 11.481,196.561,0.490223,  0.6, 15.158,1.00e-01, 17.3, 1.1, 75
2229, 73800,12062012,08032021 230957,   1, 27068.4, 24.736, 44.612,0.512127,359.8,260.016,8.73e-03, 12.1, 0.1,  1
2230, 73801,19032014,08032021 125010, 632, 27074.5, 63.896,309.185,0.658611,359.9,279.640,2.61e-01, 16.5,19.6, - 
2231, 73802,21012015,08032021 133749,   1, 42165.0,  2.605,357.696,0.005127,357.5,175.408,1.00e-02,  9.0, 0.1,  1
2232, 73803,25072015,09032021 002514,   1, 27078.2, 62.776,125.162,0.674448,  0.1,267.153,9.32e-02, 17.2, 0.1,  5
2233, 73804,15122017,08032021 212147, 579, 27068.2, 25.876, 88.388,0.741802,360.0,  8.444,1.96e-01, 17.1,68.0, - 
2234, 73805,06092018,08032021 235910, 542, 27062.1, 21.244,299.971,0.543280,359.8,247.271,2.45e-01, 17.1,20.3, - 
2235, 73806,07092018,09032021 001933,   3, 27052.1, 21.472,305.817,0.509795,359.8,239.471,4.63e-02, 15.5, 0.1,  2
2236, 73807,07092018,09032021 014150, 615, 27055.2, 21.513,307.812,0.515102,359.8,238.857,1.57e+00, 18.6, -  , - 
2237, 73808,06092018,09032021 044012, 245, 27066.2, 21.510,303.846,0.503882,359.8,239.623,7.07e-02, 18.7, 1.5,335
2238, 73809,29122018,08032021 162008,  63, 27070.1, 21.483,305.875,0.507580,359.8,239.203,2.06e-01, 16.7, 1.3,282
2239, 73810,26032019,08032021 230134, 351, 27082.9, 24.509, 45.519,0.524700,359.8,258.774,2.73e-01, 18.1,11.2, - 
2240, 73811,26032019,08032021 203155, 465, 27062.9, 24.988, 43.436,0.520108,359.8,259.064,2.26e-01, 17.7,15.3, - 
2241, 73812,27032019,09032021 020735,  24, 27065.1, 24.715, 43.108,0.519420,359.8,263.248,2.55e-01, 17.1, 0.8, 61
2242, 73813,26032019,08032021 180252,  44, 27060.3, 24.758, 44.010,0.517792,359.8,261.345,3.26e-01, 17.5, 0.3, 69
2243, 73814,27032019,08032021 225104, 315, 27065.9, 24.621, 44.990,0.512057,359.8,259.666,4.24e-01, 18.0, 3.1,648
2244, 73815,24032019,08032021 212542, 581, 27066.3, 24.917, 44.771,0.507335,359.8,254.928,1.58e-01, 17.9, 9.6, - 
2245, 73816,26032019,08032021 214652,  19, 27061.4, 24.590, 44.821,0.510187,359.8,260.586,3.68e-01, 17.2, 0.3, 54
2246, 73817,26032019,08032021 192723,  84, 27062.2, 24.711, 44.166,0.525839,359.8,260.230,2.14e-01, 18.1, 3.0,566
2247, 73818,26032019,09032021 002533,  89, 27066.7, 24.759, 44.391,0.505177,359.8,261.400,4.05e-01, 18.5, 3.1,655
2248, 73819,26032019,08032021 162405, 530, 27057.2, 24.840, 51.267,0.477968,359.8,255.175,5.26e-01, 18.2,10.1, - 
2249, 73820,25032019,09032021 050848, 639, 27056.4, 24.754, 43.220,0.527458,359.8,262.765,6.44e-01, 16.5,22.8, - 
2250, 73821,26032019,08032021 150552,  87, 27024.0, 24.761, 42.838,0.517620,359.8,275.216,4.63e-01, 18.0, 6.7,244
2251, 73822,26032019,08032021 141713, 354, 27057.8, 25.036, 46.711,0.514147,359.8,257.457,6.61e-01, 17.8,16.3, - 
2252, 73823,26032019,08032021 135333, 616, 27058.1, 24.963, 44.620,0.502015,359.8,252.314,3.17e-01, 18.3, 6.5, - 
2253, 73824,26032019,09032021 064754, 454, 27055.4, 24.944, 45.147,0.519049,359.8,261.391,3.39e-01, 18.7, 7.4,894
2254, 73825,26032019,08032021 150530, 312, 27056.8, 24.835, 44.589,0.520285,359.8,261.429,3.10e-01, 17.7, 2.9,634
2255, 73826,25032019,08032021 185047, 441, 27073.4, 24.742, 45.366,0.516467,359.8,259.938,3.59e-01, 18.2, 6.9, - 
2256, 73827,25032019,09032021 025710, 282, 27071.7, 24.684, 45.280,0.513936,359.8,259.694,4.00e-01, 18.1, 7.9, - 
2257, 73828,24032019,08032021 213750, 431, 27061.9, 24.869, 46.106,0.513910,359.8,259.094,3.56e-01, 17.8,15.3, - 
2258, 73829,26032019,09032021 011901, 107, 27068.9, 24.576, 44.539,0.514417,359.8,260.678,2.98e-01, 17.9, 2.3,506
2259, 73830,25032019,09032021 042012,   0, 27056.4, 24.821, 44.492,0.514707,359.8,260.271,3.10e-01, 18.2, 0.1,  1
2260, 73831,26032019,08032021 191725, 294, 27059.0, 24.834, 45.256,0.507293,359.8,256.013,2.82e-01, 17.3, 4.0,876
2261, 73832,26032019,08032021 185138,  90, 27046.6, 24.921, 44.215,0.531984,359.8,260.001,6.68e-01, 17.8, 4.2,770
2262, 73833,26032019,08032021 162229, 562, 27059.2, 24.631, 44.295,0.518928,359.8,261.402,2.98e-01, 17.7, 4.3,512
2263, 73834,27032019,08032021 211900, 583, 27057.7, 24.916, 40.787,0.544518,359.8,268.969,4.50e-01, 18.6,37.8, - 
2264, 73835,26032019,09032021 044000, 655, 27059.2, 24.675, 44.884,0.513842,359.8,259.525,6.45e-01, 17.3,20.7, - 
2265, 73836,26032019,08032021 141501, 330, 27067.0, 24.410, 45.781,0.520035,359.8,259.512,2.70e-01, 19.3,35.7, - 
2266, 73837,26032019,09032021 001329, 622, 27065.9, 24.996, 42.870,0.525478,359.8,261.812,2.57e-01, 17.5,14.9, - 
2267, 73838,27032019,08032021 230321, 651, 27067.8, 24.772, 45.091,0.505130,359.8,255.354,1.99e-01, 19.0, 4.6, - 
2268, 73839,25032019,08032021 184520, 351, 27063.8, 24.799, 43.076,0.534825,359.8,264.765,3.56e-01, 18.3, 3.2,579
2269, 73840,26032019,08032021 171016, 383, 27055.5, 24.663, 43.426,0.529493,359.8,262.977,1.23e+00, 18.9, 3.5,489
2270, 73841,27032019,08032021 215127, 327, 27064.7, 24.651, 44.287,0.517037,359.8,260.686,4.25e-01, 18.4,11.9, - 
2271, 73842,26032019,08032021 164006, 655, 27024.9, 24.796, 39.429,0.564937,359.8,270.928,6.71e-01, 18.5,11.6, - 
2272, 73843,26032019,08032021 201756, 636, 27034.1, 24.839, 39.520,0.556467,359.8,270.053,4.15e-01, 18.8,11.3, - 
2273, 73844,26032019,08032021 132953, 342, 27056.4, 24.622, 45.369,0.508393,359.8,258.747,2.71e-01, 18.4, 3.2,720
2274, 73845,24032019,08032021 220231, 303, 27065.6, 24.584, 44.239,0.520695,359.8,260.876,6.92e-01, 17.6, 8.4, - 
2275, 73846,26032019,08032021 223717, 339, 27066.7, 24.711, 44.534,0.515621,359.8,260.458,3.34e-01, 17.9,18.6, - 
2276, 73847,26032019,09032021 025754, 579, 27057.3, 24.593, 44.369,0.517967,359.8,261.065,5.91e-01, 18.1,16.9, - 
2277, 73848,26032019,09032021 044824, 234, 27062.8, 24.661, 44.192,0.510249,359.8,260.468,3.54e-01, 18.4, 3.4,739
2278, 73849,27032019,08032021 202540,  62, 27036.9, 24.813, 42.946,0.519684,359.8,262.870,6.86e-01, 16.6, 2.2,310
2279, 73850,26032019,09032021 000231, 603, 27063.5, 24.810, 42.783,0.530491,359.8,264.281,4.22e-01, 18.8,38.4, - 
2280, 73851,26032019,08032021 162045, 332, 27054.9, 24.559, 44.475,0.522250,359.8,259.637,3.85e-01, 16.3,11.4, - 
2281, 73852,26032019,08032021 220006, 105, 27068.5, 24.502, 44.262,0.514686,359.8,260.080,2.26e-01, 17.4, 6.5, - 
2282, 73853,26032019,09032021 010850, 614, 27054.8, 24.628, 43.945,0.521132,359.8,262.662,6.65e-01, 18.8,19.8, - 
2283, 73854,26032019,09032021 065159, 339, 27085.9, 24.356, 46.051,0.506609,359.8,258.581,2.80e-01, 18.0, 1.8,331
2284, 73855,26032019,08032021 210830,  23, 27076.1, 24.505, 43.821,0.523621,359.8,262.397,4.12e-01, 16.9, 1.2,258
2285, 73856,24032019,08032021 145020, 535, 27071.6, 24.553, 41.351,0.529976,359.8,263.631,3.56e-01, 18.4,22.6, - 
2286, 73857,25032019,09032021 010833, 190, 27068.0, 24.713, 44.534,0.518449,359.8,260.427,3.76e-01, 18.5, 5.0, - 
2287, 73858,26032019,08032021 192405, 511, 27060.5, 24.802, 43.041,0.528834,359.8,265.429,3.46e-01, 19.3, 2.8,636
2288, 73859,24032019,08032021 224448, 240, 27067.2, 24.694, 44.623,0.514577,359.8,260.009,4.78e-01, 16.2, 5.9, - 
2289, 73860,26032019,09032021 062044, 314, 27077.7, 24.569, 44.947,0.511650,359.8,260.445,4.17e-01, 17.7,11.5, - 
2290, 73861,26032019,08032021 162255, 304, 27055.1, 24.656, 44.722,0.525414,359.8,260.400,2.56e-01, 17.3, 4.6,909
2291, 73862,24032019,08032021 153654, 169, 27072.2, 24.784, 44.085,0.518324,359.8,260.882,3.39e-01, 19.0, 1.5,186
2292, 73863,24032019,08032021 155909, 442, 27072.5, 24.631, 43.060,0.522670,359.8,262.163,2.89e-01, 18.8, 1.8,363
2293, 73864,26032019,08032021 194417,  13, 27078.7, 24.537, 45.063,0.507892,359.8,258.341,3.02e-01, 17.6, 0.1, 23
2294, 73865,24032019,08032021 214104, 370, 27053.4, 24.821, 42.395,0.528309,359.8,265.230,2.88e-01, 18.8, 4.7,892
2295, 73866,26032019,09032021 010525, 358, 27067.4, 24.590, 45.052,0.502526,359.8,257.929,3.10e-01, 18.4, 3.9,837
2296, 73867,24032019,09032021 010631, 528, 27055.5, 24.727, 38.856,0.536653,359.8,267.369,2.99e-01, 19.0,17.1, - 
2297, 73868,24032019,08032021 201300,   1, 27062.0, 24.542, 43.801,0.520443,359.8,262.124,2.80e-01, 17.7, 0.1, 15
2298, 73869,24032019,08032021 234442, 382, 27064.7, 24.571, 44.508,0.518529,359.8,260.811,3.10e-01, 17.7,10.4, - 
2299, 73870,24032019,08032021 224324, 579, 26954.4, 27.196, 31.817,0.606692,359.8,284.781,3.73e-01, 18.9,14.3, - 
2300, 73871,24032019,08032021 215436, 435, 27044.5, 24.728, 44.218,0.516267,359.8,260.986,3.24e-01, 17.6, 6.2, - 
2301, 73872,30032019,08032021 190238, 351, 27062.1, 24.600, 43.444,0.521135,359.8,262.496,3.50e-01, 18.3,10.6, - 
2302, 73873,31032019,09032021 003544, 677, 27040.4, 24.675, 43.404,0.524746,359.8,262.867,7.47e-01, 19.4,20.3, - 
2303, 73874,30032019,09032021 010812,   1, 27067.6, 24.716, 44.279,0.518334,359.8,260.869,3.74e-01, 18.0, 0.1, 11
2304, 73875,30032019,09032021 065904, 579, 27063.3, 24.620, 46.061,0.502263,359.8,257.529,4.15e-01, 19.1,42.7, - 
2305, 73876,30032019,08032021 201312, 530, 27060.2, 24.843, 44.388,0.520913,359.8,262.021,4.78e-01, 18.7,35.2, - 
2306, 73877,31032019,09032021 025032, 291, 27042.5, 24.535, 44.322,0.519594,359.8,260.843,4.16e-01, 18.2,16.0, - 
2307, 73878,24032019,09032021 054909, 397, 27059.7, 24.607, 44.643,0.515824,359.8,260.785,6.60e-01, 18.4,18.5, - 
2308, 73879,30032019,08032021 204848, 351, 27063.7, 24.676, 44.954,0.514981,359.8,259.812,3.38e-01, 18.6,19.2, - 
2309, 73880,24032019,09032021 004932, 371, 27055.5, 24.782, 46.180,0.515875,359.8,258.863,8.50e-01, 18.1,10.0, - 
2310, 73881,24032019,09032021 013847, 341, 27057.7, 24.694, 46.298,0.500377,359.8,256.980,4.80e-01, 17.8,19.4, - 
2311, 73882,24032019,08032021 223432, 107, 27052.7, 24.500, 44.196,0.517099,359.8,259.752,1.50e-01, 18.2,12.3, - 
2312, 73883,24032019,08032021 153827, 671, 27054.9, 24.775, 42.726,0.531661,359.8,264.543,6.27e-01, 19.2,20.0, - 
2313, 73884,24032019,08032021 144806, 528, 27058.8, 24.707, 42.485,0.525327,359.8,262.478,2.88e-01, 18.5, 2.9,665
2314, 73885,24032019,08032021 154151, 402, 27062.3, 24.760, 44.075,0.509604,359.8,260.356,2.97e-01, 17.7, 2.8,615
2315, 73886,24032019,09032021 050243,   1, 27068.8, 24.620, 43.725,0.523226,359.8,261.733,3.15e-01, 17.2, 0.1,  4
2316, 73887,24032019,08032021 193748,  53, 27059.9, 24.757, 43.944,0.521941,359.8,260.473,3.45e-01, 18.3, 1.9,367
2317, 73888,24032019,08032021 190337, 467, 27061.9, 24.736, 43.592,0.521059,359.8,261.923,4.17e-01, 18.0,11.0, - 
2318, 73889,24032019,08032021 210829, 651, 27043.8, 24.735, 42.046,0.540407,359.8,266.098,4.71e-01, 19.0,12.3, - 
2319, 73890,24032019,08032021 194956, 530, 27062.9, 24.625, 42.690,0.525672,359.8,262.903,4.02e-01, 18.2,14.4, - 
2320, 73891,24032019,09032021 064835, 326, 27059.3, 24.752, 43.946,0.524261,359.8,261.352,4.93e-01, 18.0,13.0, - 
2321, 73892,24032019,08032021 212519, 621, 27059.9, 24.786, 43.100,0.531149,359.8,263.505,7.67e-01, 18.5,37.6, - 
2322, 73893,24032019,08032021 164039, 208, 27073.5, 24.680, 45.028,0.514218,359.8,260.004,3.49e-01, 18.2, 3.7,834
2323, 73894,24032019,09032021 003415, 319, 27069.7, 24.533, 47.836,0.486624,359.8,252.233,3.52e-01, 18.2, 7.0, - 
2324, 73895,24032019,09032021 055026, 638, 27026.9, 24.737, 39.643,0.563525,359.8,273.095,3.46e-01, 19.3, 1.7,237
2325, 73896,24032019,08032021 230517, 107, 27069.0, 25.251, 46.251,0.472537,359.8,257.261,1.04e-01, 17.1, 3.6,818
2326, 73897,24032019,08032021 220445, 211, 27066.9, 24.195, 44.519,0.507498,359.8,255.582,4.32e-01, 17.8, 1.0,208
2327, 73898,24032019,09032021 000040, 112, 27080.9, 24.718, 45.853,0.514578,359.8,259.461,1.90e-01, 18.4, 0.8,158
2328, 73899,24032019,08032021 202355, 276, 27069.5, 24.694, 44.960,0.499020,359.8,259.117,3.80e-01, 17.5, 2.5,502
2329, 73900,06092018,09032021 002522,   2, 27014.1, 21.594,314.023,0.489325,359.8,228.264,1.52e+00, 15.7, 0.5,115
2330, 73901,10092018,08032021 232417,  21, 27102.0, 21.621,314.235,0.485410,359.8,226.167,6.13e-02, 17.1, 0.4, 85
2331, 73902,11092018,08032021 171018,   7, 27095.8, 21.499,305.568,0.511906,359.8,239.320,8.39e-02, 16.5, 0.1, 15
2332, 73903,06092018,08032021 162125, 610, 27110.3, 21.360,306.401,0.500214,359.8,234.084,3.24e+00, 17.4, -  , - 
2333, 73904,26032019,08032021 205033, 294, 27060.7, 24.567, 43.226,0.535907,359.8,264.972,6.93e-01, 17.7, 2.3,438
2334, 73905,27032019,08032021 204324, 350, 27060.2, 24.653, 43.932,0.523789,359.8,261.183,5.39e-01, 18.4,18.3, - 
2335, 73906,24032019,09032021 002623, 303, 27056.4, 24.767, 42.153,0.550381,359.8,260.796,6.09e-01, 17.4,17.9, - 
2336, 73907,26032019,09032021 025621, 324, 27073.4, 24.796, 42.657,0.526158,359.8,264.957,2.96e-01, 17.6, 1.9,211
2337, 73908,25032019,09032021 061734, 304, 27081.5, 24.546, 45.538,0.490870,359.8,257.669,3.14e-01, 17.6, 3.0,662
2338, 73909,26032019,08032021 200813, 206, 27050.6, 24.823, 44.417,0.515662,359.8,260.475,7.30e-01, 18.5, 4.4, - 
2339, 73910,25032019,08032021 130510, 440, 27069.1, 24.596, 46.674,0.498818,359.8,255.692,5.74e-01, 17.9, 9.6, - 
2340, 73911,26032019,08032021 161443, 621, 27072.5, 24.412, 33.882,0.560707,359.8,271.844,6.69e-01, 17.5,50.0, - 
2341, 73912,26032019,08032021 234001, 535, 27065.0, 24.719, 46.031,0.514233,359.8,259.616,6.13e-01, 18.4,16.9, - 
2342, 73913,28032019,09032021 035145, 551, 27085.4, 24.596, 45.938,0.508445,359.8,257.622,6.19e-01, 17.3,17.6, - 
2343, 73914,24032019,08032021 132534, 434, 27081.1, 24.413, 48.491,0.502061,359.8,256.551,2.74e-01, 17.0,10.6, - 
2344, 73915,26032019,08032021 154356, 405, 27073.3, 24.818, 42.579,0.528810,359.8,263.506,2.83e-01, 17.5, 4.8, - 
2345, 73916,26032019,09032021 060411, 293, 27072.8, 24.684, 44.847,0.517213,359.8,260.759,3.50e-01, 18.0, 4.2,873
2346, 73917,24032019,08032021 205407, 587, 27079.3, 24.501, 45.612,0.507226,359.8,257.529,3.22e-01, 18.2, 9.1, - 
2347, 73918,24032019,08032021 184209, 331, 27046.3, 24.584, 44.299,0.517777,359.8,261.123,5.11e-01, 17.4, 9.4, - 
2348, 73919,24032019,08032021 193049, 231, 27074.8, 24.687, 44.805,0.516562,359.8,260.052,4.57e-01, 16.6, 9.5, - 
2349, 73920,24032019,08032021 180346, 334, 27073.8, 24.715, 45.746,0.509510,359.8,258.795,3.48e-01, 19.3, 6.3, - 
2350, 73921,27032019,09032021 024816,  90, 27068.5, 23.868, 43.342,0.542356,359.8,260.745,6.31e-01, 17.5, 6.3, - 
2351, 73922,24032019,08032021 224010,   7, 27064.0, 24.573, 43.229,0.521172,359.8,262.893,5.58e-01, 16.0, 0.3, 62
2352, 73923,24032019,09032021 022308, 330, 27069.4, 24.651, 45.832,0.510712,359.8,259.064,3.53e-01, 18.4, 4.1,798
2353, 73924,29032019,09032021 022006, 311, 27044.6, 24.661, 45.288,0.509873,359.8,258.795,3.31e-01, 16.6, 1.4,327
2354, 73925,30032019,08032021 205316,  93, 27054.9, 24.582, 44.681,0.501728,359.8,260.452,6.13e-01, 17.2, 5.6, - 
2355, 73926,24032019,08032021 161838, 171, 27008.9, 25.216, 43.283,0.556924,359.8,268.494,2.93e-01, 18.4, 3.9,846
2356, 73927,30032019,08032021 203122, 289, 27075.5, 24.857, 43.678,0.520762,359.8,261.468,6.12e-01, 18.1, 3.9,847
2357, 73928,30032019,09032021 023036, 641, 27063.8, 24.690, 41.892,0.538200,359.8,269.254,4.69e-01, 18.6, 5.1, - 
2358, 73929,24032019,08032021 163619, 351, 27070.3, 24.617, 44.691,0.518232,359.8,260.249,3.65e-01, 18.7,13.5, - 
2359, 73930,30032019,08032021 211729,  82, 27092.2, 24.652, 44.886,0.516317,359.8,260.198,3.01e-01, 18.3, 0.4, 80
2360, 73931,30032019,08032021 185915, 377, 27088.0, 24.689, 45.126,0.514216,359.8,259.750,3.06e-01, 19.5, 1.2,147
2361, 73932,30032019,08032021 163044, 355, 27057.9, 24.638, 43.389,0.528465,359.8,263.004,2.60e-01, 19.3, 8.1, - 
2362, 73933,30032019,08032021 193334, 285, 27046.9, 24.678, 44.529,0.518446,359.8,260.417,5.78e-01, 17.8, 2.8,556
2363, 73934,30032019,08032021 232934, 405, 27067.3, 24.686, 44.988,0.512835,359.8,259.873,3.05e-01, 18.9, 2.1,484
2364, 73935,24032019,09032021 063040, 616, 27059.5, 24.571, 44.143,0.524095,359.8,264.580,5.94e-01, 19.6,34.7, - 
2365, 73936,03042019,08032021 210851, 326, 27078.6, 24.776, 44.443,0.517759,359.8,260.452,5.49e-01, 17.8,13.6, - 
2366, 73937,01042019,08032021 211520, 351, 27074.5, 24.650, 44.653,0.520405,359.8,260.082,3.83e-01, 17.9, 2.8,479
2367, 73938,01042019,08032021 192007,   5, 27061.6, 24.714, 44.357,0.516189,359.8,260.446,3.11e-01, 18.5, 0.3, 23
2368, 73939,24032019,08032021 154306, 501, 27069.4, 24.747, 44.842,0.518589,359.8,261.119,4.98e-01, 18.6, 4.8, - 
2369, 73940,24032019,09032021 060428, 351, 27076.5, 24.807, 42.078,0.534780,359.8,266.723,2.80e-01, 18.5, 2.9,624
2370, 73941,24032019,08032021 233006, 106, 27067.4, 24.678, 44.519,0.515202,359.8,260.406,2.98e-01, 18.8, 1.0,232
2371, 73942,24032019,08032021 185837,   2, 27060.4, 24.687, 44.263,0.519890,359.8,260.948,6.04e-01, 17.2, 0.1,  3
2372, 73943,24032019,08032021 215629, 330, 27066.9, 24.680, 43.300,0.526168,359.8,263.872,5.38e-01, 18.6,15.5, - 
2373, 73944,24032019,08032021 204819,  44, 27077.3, 24.709, 44.816,0.514585,359.8,259.717,3.43e-01, 18.5, 0.4, 92
2374, 73945,24032019,08032021 152221, 581, 27072.1, 24.677, 47.346,0.499401,359.8,256.755,3.14e-01, 18.5,24.7, - 
2375, 73946,24032019,08032021 190931, 430, 27075.1, 24.667, 45.195,0.514632,359.8,259.567,3.87e-01, 18.9,10.1, - 
2376, 73947,24032019,09032021 001944, 122, 27085.3, 24.675, 44.927,0.511900,359.8,260.257,2.89e-01, 16.7,11.5, - 
2377, 73948,24032019,08032021 172931, 515, 27058.9, 24.612, 47.420,0.499332,359.8,255.908,4.24e-01, 18.5,17.0, - 
2378, 73949,24032019,08032021 153810, 600, 27072.6, 24.910, 44.286,0.514066,359.8,255.170,1.25e-01, 18.2,17.0, - 
2379, 73950,24032019,09032021 051010, 383, 27056.6, 24.795, 43.334,0.525540,359.8,262.861,4.02e-01, 18.7,12.0, - 
2380, 73951,24032019,09032021 051455, 190, 27078.1, 24.520, 45.470,0.489821,359.8,257.610,4.28e-01, 18.5, 3.7,854
2381, 73952,24032019,09032021 065906, 582, 27077.2, 24.544, 45.666,0.506964,359.8,258.703,2.92e-01, 19.3, 3.7,810
2382, 73953,24032019,08032021 224052, 311, 27062.8, 24.595, 44.443,0.517506,359.8,260.747,3.20e-01, 18.7, 5.8, - 
2383, 73954,26032019,09032021 025039, 351, 27061.7, 24.863, 41.640,0.540731,359.8,266.922,7.31e-01, 19.0,16.8, - 
2384, 73955,24032019,08032021 214842, 226, 27064.6, 24.879, 43.726,0.526893,359.8,262.174,7.24e-01, 17.7, 7.3, - 
2385, 73956,24032019,09032021 005911, 434, 27070.1, 24.603, 45.780,0.506462,359.8,258.791,2.88e-01, 18.9,11.5, - 
2386, 73957,24032019,09032021 041322, 656, 27049.5, 24.878, 41.049,0.543195,359.8,266.484,3.96e-01, 19.3, 5.9, - 
2387, 73958,24032019,08032021 234911, 107, 27050.1, 25.048, 43.430,0.550053,359.8,269.300,4.55e-01, 17.9, 0.6,124
2388, 73959,24032019,08032021 145831, 345, 27070.8, 24.721, 44.121,0.521183,359.8,261.569,4.95e-01, 18.7,14.2, - 
2389, 73960,26032019,09032021 024156, 330, 27054.5, 24.568, 44.918,0.519058,359.8,259.708,5.97e-01, 18.6, 5.0,862
2390, 73961,24032019,08032021 192017,   0, 27062.1, 24.737, 43.449,0.521653,359.8,261.290,3.38e-01, 18.2, 0.1,  6
2391, 73962,24032019,08032021 164046, 274, 27061.0, 24.628, 44.873,0.511947,359.8,259.723,4.52e-01, 17.9, 6.4, - 
2392, 73963,24032019,09032021 002914, 152, 27054.6, 24.663, 45.113,0.511534,359.8,259.590,3.32e-01, 18.7, 2.3,521
2393, 73964,24032019,08032021 232536, 605, 27050.0, 24.745, 42.615,0.529767,359.8,264.350,3.74e-01, 19.4,13.8, - 
2394, 73965,24032019,08032021 191800,  43, 27066.1, 24.505, 44.314,0.513742,359.8,260.884,3.25e-01, 18.5, 4.5,242
2395, 73966,24032019,08032021 185539, 317, 27064.4, 24.563, 43.067,0.521448,359.8,263.347,3.25e-01, 18.2, 4.6, - 
2396, 73967,24032019,09032021 033205, 519, 27063.9, 25.278, 44.640,0.527521,359.8,263.328,3.92e-01, 18.9,20.9, - 
2397, 73968,24032019,09032021 050942, 327, 27055.0, 24.691, 44.315,0.520031,359.8,260.338,4.30e-01, 18.5, 8.7, - 
2398, 73969,24032019,08032021 172632, 579, 26987.0, 26.020, 30.530,0.599738,359.8,284.080,5.38e-01, 19.0,14.1, - 
2399, 73970,24032019,08032021 190057, 579, 27066.1, 24.595, 39.883,0.535418,359.8,264.104,3.33e-01, 19.2,12.0, - 
2400, 73971,24032019,08032021 191035, 386, 27062.1, 24.493, 44.935,0.507924,359.8,260.387,6.32e-01, 18.2, 9.7, - 
2401, 73972,24032019,09032021 021638, 209, 27071.6, 24.617, 44.722,0.508499,359.8,259.530,4.63e-01, 18.1, 3.7,810
2402, 73973,03042019,08032021 165635, 525, 27060.0, 24.606, 53.036,0.455450,359.8,245.313,2.57e-01, 18.1, 2.2,387
2403, 73974,24032019,09032021 034640,   4, 27071.9, 24.749, 44.532,0.515637,359.8,260.505,3.65e-01, 18.6, 0.1,  9
2404, 73975,03042019,08032021 234444, 583, 27079.4, 24.530, 44.557,0.520531,359.8,261.394,7.05e-01, 18.9,18.7, - 
2405, 73976,24032019,08032021 181305, 239, 27074.1, 24.813, 45.231,0.513320,359.8,259.010,3.91e-01, 18.2, 7.3, - 
2406, 73977,03042019,09032021 040756, 302, 27071.0, 24.699, 43.589,0.531338,359.8,263.640,5.67e-01, 18.2,24.1, - 
2407, 73978,24032019,09032021 003709, 337, 27068.1, 24.683, 44.664,0.513544,359.8,259.905,1.89e-01, 17.8, 5.6, - 
2408, 73979,03042019,09032021 064936, 564, 27073.4, 24.817, 44.950,0.515882,359.8,260.730,2.98e-01, 18.3,17.0, - 
2409, 73980,03042019,09032021 003140, 499, 27082.5, 24.686, 45.330,0.509346,359.8,258.465,1.74e-01, 19.0,16.9, - 
2410, 73981,03042019,08032021 193112, 636, 27056.3, 24.777, 42.368,0.535588,359.8,265.069,6.61e-01, 18.6,14.7, - 
2411, 73982,24032019,09032021 070154, 620, 27075.2, 24.617, 45.468,0.500758,359.8,253.419,9.33e-01, 19.1,42.3, - 
2412, 73983,24032019,08032021 175507,  90, 26942.8, 24.932, 40.731,0.572400,359.8,288.132,5.81e-01, 17.3, 4.8, - 
2413, 73984,04042019,09032021 003702, 171, 27056.3, 24.656, 44.472,0.513078,359.8,259.697,4.70e-01, 18.3, 1.6,368
2414, 73985,24032019,08032021 215022, 616, 27062.6, 24.705, 43.436,0.525661,359.8,263.211,3.45e-01, 18.8, 2.3,405
2415, 73986,24032019,08032021 234354, 319, 27086.8, 24.699, 43.695,0.520684,359.8,263.189,5.55e-01, 18.5,25.1, - 
2416, 73987,24032019,08032021 194917, 636, 26696.9, 27.167, 10.628,0.683843,359.7,314.012,6.57e-01, 19.0, -  , - 
2417, 73988,30032019,08032021 193238,  33, 27077.5, 24.611, 43.545,0.511132,359.8,261.095,6.87e-01, 17.7, 4.8,881
2418, 73989,24032019,08032021 132317, 215, 27087.3, 24.671, 44.865,0.520361,359.8,260.261,5.54e-01, 20.0, 0.7,125
2419, 73991,24032019,08032021 222444, 346, 27065.8, 24.665, 44.439,0.520583,359.8,261.515,5.07e-01, 18.7, 7.2, - 
2420, 73992,24032019,08032021 194032, 107, 27061.6, 24.752, 43.619,0.555855,359.8,260.902,4.57e-01, 17.3, 2.1,470
2421, 73993,24032019,09032021 004418, 581, 27065.6, 24.670, 46.484,0.514012,359.8,260.207,8.80e-01, 18.6,38.8, - 
2422, 73994,24032019,08032021 194554, 404, 27077.5, 24.604, 44.947,0.510533,359.8,259.233,3.64e-01, 19.1, 7.6, - 
2423, 73995,24032019,08032021 184955, 342, 27074.8, 24.825, 44.865,0.515222,359.8,259.851,2.53e-01, 19.1, 1.5,269
2424, 73996,24032019,08032021 202709, 289, 27075.6, 24.706, 42.970,0.535596,359.8,263.589,3.50e-01, 18.5,10.1,887
2425, 73997,24032019,08032021 164138, 352, 27072.6, 24.780, 45.376,0.509007,359.8,258.586,3.21e-01, 18.8, 7.0, - 
2426, 73998,24032019,09032021 003115, 473, 27063.0, 25.006, 45.862,0.516281,359.8,259.321,3.71e-01, 19.3,21.9, - 
2427, 73999,24032019,08032021 190350,  72, 27075.4, 24.634, 44.726,0.517053,359.8,260.669,5.44e-01, 16.4, 2.2,484
2428, 74000,28082012,09032021 004002,   1, 27074.1, 27.671,219.840,0.739574,  0.2,141.036,1.54e-01, 15.8, 0.1,  5
2429, 74001,06032013,09032021 062347, 670, 27116.9, 62.474,298.971,0.703040,359.9,265.032,3.48e-02, 15.9, 2.5,458
2430, 74002,10032015,08032021 231245, 195, 26971.5, 24.183,146.823,0.745016,  0.2,  7.050,4.67e-02, 16.9, 7.6,114
2431, 74003,10092018,08032021 230533, 854, 27166.6, 21.690,327.441,0.441536,359.7,203.850,4.08e+00, 18.6,55.1, - 
2432, 74004,09092018,09032021 053137, 819, 27160.6, 21.303,311.394,0.465276,359.8,228.160,2.78e+00, 18.2, -  , - 
2433, 74005,11092018,09032021 022646,  27, 27106.9, 21.453,305.306,0.511820,359.8,240.557,2.06e-01, 16.1, 0.4, 91
2434, 74006,02042019,08032021 231535, 349, 27066.8, 24.679, 44.717,0.515376,359.8,260.168,3.82e-01, 18.7,12.2, - 
2435, 74007,24032019,08032021 180352, 310, 27073.8, 24.793, 44.528,0.515981,359.8,260.106,4.17e-01, 17.7,14.2, - 
2436, 74008,24032019,09032021 042707, 169, 27074.5, 24.774, 44.526,0.509809,359.8,259.778,4.99e-01, 18.0,13.2, - 
2437, 74009,24032019,08032021 185701, 641, 27088.9, 24.950, 46.058,0.489887,359.8,248.172,3.03e-01, 19.2, 8.8, - 
2438, 74010,24032019,09032021 045843, 276, 27070.0, 24.702, 44.618,0.522558,359.8,260.746,5.93e-01, 18.0,14.6, - 
2439, 74011,24032019,08032021 213052, 357, 27077.6, 24.729, 44.349,0.518490,359.8,260.565,3.51e-01, 18.2, 3.9,891
2440, 74012,24032019,08032021 214614, 315, 27079.0, 24.624, 44.311,0.518292,359.8,261.649,3.27e-01, 18.9, 6.6, - 
2441, 74013,24032019,08032021 163536, 527, 27071.0, 24.631, 48.980,0.487246,359.8,254.947,4.95e-01, 18.6,69.7, - 
2442, 74014,24032019,08032021 135414, 621, 27060.2, 25.001, 41.093,0.543702,359.8,267.226,2.50e-01, 17.4,15.1, - 
2443, 74015,24032019,09032021 021036, 332, 27083.7, 24.609, 44.300,0.517435,359.8,261.449,3.48e-01, 19.1, 7.1, - 
2444, 74016,24032019,09032021 062445, 518, 27084.8, 24.670, 28.878,0.582737,359.8,279.251,2.95e-01, 18.9, 6.2, - 
2445, 74017,24032019,08032021 180411, 410, 27073.9, 24.659, 42.778,0.526217,359.8,263.163,3.27e-01, 19.0,15.7, - 
2446, 74018,24032019,08032021 174336, 564, 27069.2, 24.958, 41.206,0.539765,359.8,265.090,7.16e-01, 17.8,12.4, - 
2447, 74019,24032019,08032021 193838, 643, 27074.5, 24.969, 43.452,0.515979,359.8,254.528,2.99e-01, 19.4, 2.1,410
2448, 74020,24032019,08032021 144812, 534, 27104.2, 24.612, 44.552,0.516511,359.8,259.718,3.56e-01, 19.0,25.6, - 
2449, 74021,24032019,08032021 203418, 583, 27074.2, 24.826, 44.004,0.522626,359.8,260.861,5.96e-01, 18.3, 7.6, - 
2450, 74022,24032019,09032021 005005, 565, 27081.6, 24.735, 44.541,0.512850,359.8,260.021,1.78e-01, 19.5, 7.0, - 
2451, 74023,24032019,08032021 200009, 386, 27077.5, 24.615, 43.414,0.509785,359.8,261.523,4.03e-01, 18.8,33.7, - 
2452, 74024,24032019,09032021 034001, 587, 27069.3, 24.533, 40.304,0.537467,359.8,266.188,6.22e-01, 18.8,19.6, - 
2453, 74025,24032019,08032021 234350, 350, 27086.0, 24.714, 44.272,0.513731,359.8,261.108,3.39e-01, 19.4, 3.7,632
2454, 74026,03042019,09032021 045226, 352, 27072.6, 24.659, 48.476,0.484644,359.8,251.924,3.35e-01, 18.3,12.3, - 
2455, 74027,24032019,09032021 060530, 347, 27086.4, 24.721, 44.634,0.514073,359.8,260.415,3.78e-01, 18.0, 6.2, - 
2456, 74028,24032019,08032021 171654,   2, 27074.2, 24.646, 44.874,0.513269,359.8,260.479,5.28e-01, 16.1, 0.2, 45
2457, 74029,24032019,09032021 010800, 496, 27080.1, 24.860, 37.579,0.556668,359.8,271.008,6.59e-01, 19.5,11.8, - 
2458, 74030,24032019,09032021 060310, 330, 27071.5, 24.832, 43.398,0.532714,359.8,263.813,3.31e-01, 18.6, 2.1,399
2459, 74031,24032019,09032021 063859, 100, 27073.3, 24.723, 44.352,0.518683,359.8,260.727,4.36e-01, 19.0, 2.5,542
2460, 74032,24032019,08032021 230305, 587, 27077.3, 24.938, 47.687,0.506730,359.8,259.245,4.15e-01, 19.3,22.7, - 
2461, 74033,24032019,09032021 032950,   1, 27069.6, 24.594, 44.533,0.520919,359.8,261.222,5.63e-01, 17.2, 0.1, 16
2462, 74034,24032019,08032021 233222, 318, 27081.0, 24.687, 44.263,0.517002,359.8,260.541,4.61e-01, 18.9, 3.0,362
2463, 74035,24032019,08032021 163017, 302, 27054.5, 24.815, 44.348,0.502879,359.8,260.059,4.41e-01, 18.2, 2.3,286
2464, 74036,24032019,09032021 043528, 508, 27071.5, 24.570, 45.068,0.513702,359.8,259.918,6.36e-01, 18.6,25.2, - 
2465, 74037,24032019,08032021 221248, 619, 27066.0, 24.694, 44.403,0.516337,359.8,260.751,4.33e-01, 19.4,15.3, - 
2466, 74038,24032019,08032021 233723, 453, 27067.6, 24.570, 50.955,0.471579,359.8,253.460,4.03e-01, 19.4, 7.5, - 
2467, 74039,24032019,08032021 193146, 586, 27061.4, 24.676, 41.257,0.530783,359.8,265.113,3.44e-01, 19.7,30.8, - 
2468, 74040,24032019,08032021 170636, 635, 27055.8, 24.737, 42.901,0.530469,359.8,265.165,4.60e-01, 19.4,10.7, - 
2469, 74041,26032019,08032021 194959, 530, 27058.1, 25.013, 42.897,0.527649,359.8,265.048,4.01e-01, 18.7,35.7, - 
2470, 74042,24032019,08032021 194647,  18, 27057.5, 24.535, 44.006,0.515179,359.8,260.238,3.71e-01, 17.6, 0.6, 90
2471, 74043,24032019,08032021 174901,  88, 27056.6, 24.391, 43.279,0.532493,359.8,265.448,2.15e-01, 18.0, 2.3,511
2472, 74044,24032019,08032021 144719, 417, 27069.9, 24.510, 46.056,0.518725,359.8,258.747,3.43e-01, 19.1,15.3, - 
2473, 74045,24032019,08032021 154359, 385, 27071.1, 24.387, 46.573,0.513664,359.8,256.554,3.55e-01, 19.2,16.5, - 
2474, 74046,24032019,08032021 230459,  56, 27051.0, 24.672, 43.840,0.516394,359.8,261.992,6.61e-01, 17.0, 1.5,327
2475, 74047,24032019,08032021 235029, 641, 27061.8, 24.743, 43.117,0.532533,359.8,263.364,7.91e-01, 19.5,33.8, - 
2476, 74048,07042019,08032021 152057, 352, 27056.8, 24.696, 44.724,0.515884,359.8,260.562,6.04e-01, 19.1, 9.8, - 
2477, 74049,08042019,08032021 162420, 376, 27084.1, 24.901, 42.822,0.544923,359.8,266.426,3.82e-01, 19.2, 5.2,840
2478, 74050,08042019,09032021 065246, 372, 27050.8, 24.648, 43.957,0.504638,359.8,259.521,2.66e-01, 18.9,10.9, - 
2479, 74051,10042019,09032021 065405,  60, 27077.1, 24.665, 45.005,0.513255,359.8,259.714,1.74e-01, 17.3, 2.2,487
2480, 74052,06042019,09032021 043510, 304, 27070.9, 24.754, 43.799,0.522400,359.8,261.228,5.55e-01, 18.5,14.1, - 
2481, 74053,07042019,09032021 060227,   0, 27073.4, 24.704, 44.604,0.515992,359.8,260.500,4.19e-01, 17.8, 0.1,  2
2482, 74054,09042019,09032021 022119, 675, 27232.6, 15.866,349.331,0.662314,359.6,194.475,2.98e+00, 17.5, -  , - 
2483, 74055,10042019,08032021 155419,  37, 27035.5, 11.410,190.242,0.477326,  0.6, 21.132,1.26e+00, 16.4, 4.0,921
2484, 74056,06042019,08032021 174512, 640, 27038.4, 24.715, 42.177,0.541912,359.8,265.423,1.94e+00, 19.5, -  , - 
2485, 74057,26032019,09032021 005638, 580, 27051.2, 24.867, 42.562,0.530295,359.8,264.509,3.82e-01, 17.7, 4.9,790
2486, 74058,24032019,09032021 051209, 330, 27094.9, 24.811, 43.943,0.513456,359.8,262.277,5.91e-01, 17.9, 1.2,279
2487, 74059,06042019,09032021 012852,  51, 27111.3, 10.250,215.536,0.404555,  0.5,347.217,2.73e+00, 17.6, 1.8,365
2488, 74060,26032019,08032021 162054,  87, 27053.8, 24.822, 44.156,0.522079,359.8,260.777,3.70e-01, 17.3, 1.3,113
2489, 74061,24032019,08032021 224032, 620, 27046.7, 24.690, 42.398,0.536520,359.8,265.383,7.96e-01, 18.8,28.7, - 
2490, 74062,24032019,08032021 200035, 377, 27062.7, 24.697, 44.946,0.512910,359.8,259.433,2.88e-01, 19.1,10.0, - 
2491, 74063,24032019,08032021 190317, 413, 27063.0, 24.825, 44.556,0.515472,359.8,260.044,2.27e-01, 19.4,13.9, - 
2492, 74064,24032019,09032021 053029,   0, 27060.5, 24.729, 44.199,0.516307,359.8,261.001,3.88e-01, 17.1, 0.1,  2
2493, 74065,24032019,09032021 024619, 320, 27050.8, 24.646, 44.656,0.530514,359.8,261.467,7.69e-01, 18.6,40.8, - 
2494, 74066,24032019,09032021 032817, 655, 27058.6, 24.684, 44.641,0.514277,359.8,260.025,4.65e-01, 18.5,41.6, - 
2495, 74067,24032019,09032021 004005, 655, 27053.8, 24.750, 43.678,0.522524,359.8,261.957,2.88e-01, 19.5,30.0, - 
2496, 74068,24032019,08032021 205350, 370, 27046.2, 24.806, 41.856,0.539276,359.8,265.908,7.32e-01, 18.7,21.4, - 
2497, 74069,26032019,08032021 140406, 369, 27057.3, 24.687, 44.771,0.514671,359.8,260.265,3.64e-01, 19.4, 4.2,533
2498, 74070,24032019,08032021 131726,   1, 27068.4, 24.674, 44.748,0.515897,359.8,259.956,5.64e-01, 18.4, 0.1, 10
2499, 74071,24032019,08032021 164659, 358, 27060.9, 24.512, 45.624,0.505374,359.8,258.180,6.60e-01, 18.7,14.1, - 
2500, 74072,24032019,08032021 222212, 491, 27049.8, 24.840, 43.431,0.527697,359.8,263.019,1.05e+00, 19.3,17.2, - 
2501, 74073,24032019,09032021 011636, 370, 27056.3, 24.721, 44.097,0.519108,359.8,261.190,4.01e-01, 18.8,11.6, - 
2502, 74074,24032019,09032021 003929, 395, 27055.9, 24.659, 44.249,0.516633,359.8,260.796,4.36e-01, 19.1,12.5, - 
2503, 74075,24032019,09032021 051631, 332, 27091.3, 25.385, 41.871,0.508791,359.8,264.329,5.09e-01, 19.3, 5.5, - 
2504, 74076,24032019,09032021 003604, 355, 27055.4, 24.635, 44.510,0.517058,359.8,260.706,4.01e-01, 18.8, 3.0,310
2505, 74077,24032019,08032021 144911,   1, 27056.0, 24.785, 44.147,0.520491,359.8,261.463,4.11e-01, 19.5, 0.2, 33
2506, 74078,24032019,09032021 002601, 351, 27055.4, 24.551, 46.238,0.493866,359.8,255.622,3.30e-01, 18.8, 3.4,774
2507, 74079,01042019,09032021 025126, 320, 27040.6, 24.770, 44.488,0.516556,359.8,260.374,5.79e-01, 17.2,15.5, - 
2508, 74080,24032019,08032021 141229, 371, 27060.8, 24.762, 44.349,0.514043,359.8,260.822,1.40e-01, 18.6,32.3, - 
2509, 74081,24032019,08032021 204449, 350, 27074.6, 24.786, 44.571,0.520062,359.8,259.826,5.82e-01, 18.0,20.0, - 
2510, 74082,24032019,08032021 232440, 671, 27053.3, 24.731, 44.138,0.518784,359.8,261.067,7.06e-01, 18.9,37.9, - 
2511, 74083,24032019,08032021 132745, 334, 27042.1, 24.522, 43.975,0.540530,359.8,260.880,2.50e-01, 18.7, 4.8,932
2512, 74084,24032019,09032021 005109, 638, 27049.6, 24.689, 42.414,0.537988,359.8,268.066,1.03e+00, 19.5, -  , - 
2513, 74085,24032019,08032021 184654,   2, 27074.4, 24.788, 44.652,0.519770,359.8,260.214,3.39e-01, 17.7, 0.2, 24
2514, 74086,24032019,08032021 233232, 375, 27027.9, 24.974, 39.991,0.600249,359.8,276.116,3.47e-01, 19.5, 7.6, - 
2515, 74087,24032019,08032021 163225, 530, 27059.8, 24.656, 43.301,0.521714,359.8,261.846,6.88e-01, 17.7,35.6, - 
2516, 74088,01052019,09032021 064333, 354, 27048.9, 24.850, 38.970,0.557503,359.8,271.708,6.57e-01, 18.7, 1.1,243
2517, 74089,24032019,09032021 025417, 601, 27057.7, 24.652, 42.716,0.523107,359.8,262.529,3.98e-01, 19.2,38.3, - 
2518, 74090,24032019,08032021 140807, 438, 27056.8, 24.598, 44.148,0.514593,359.8,260.000,5.54e-01, 19.1,12.3, - 
2519, 74091,24032019,08032021 203227, 211, 27072.7, 24.589, 43.775,0.529532,359.8,263.089,1.02e+00, 17.2,27.0, - 
2520, 74092,24032019,08032021 181122, 525, 27061.7, 24.662, 48.041,0.494482,359.8,256.271,2.81e-01, 19.2,14.7, - 
2521, 74093,24032019,09032021 051525, 348, 27059.7, 24.603, 43.785,0.518406,359.8,261.461,4.58e-01, 19.5, 1.5,266
2522, 74094,30032019,09032021 032931, 465, 27057.1, 24.696, 42.994,0.525228,359.8,262.935,2.60e-01, 18.3, 2.8,431
2523, 74095,24032019,08032021 172404, 370, 27062.5, 24.651, 44.617,0.502262,359.8,258.594,3.15e-01, 19.4,28.2, - 
2524, 74096,24032019,08032021 163745, 376, 27059.3, 24.729, 44.059,0.518276,359.8,261.243,3.99e-01, 19.0,13.9,616
2525, 74097,24032019,09032021 015559, 579, 27051.8, 24.777, 42.162,0.534069,359.8,264.953,7.15e-01, 19.5, 2.1,428
2526, 74098,26032019,08032021 154433, 383, 27057.8, 24.731, 44.765,0.514629,359.8,260.198,6.67e-01, 17.9, 3.3,266
2527, 74099,24032019,08032021 164524, 581, 27060.0, 24.665, 51.502,0.473377,359.8,254.816,4.65e-01, 19.2,25.6, - 
2528, 74100,24012015,09032021 054948,   4, 27139.0, 62.065,170.049,0.700995,  0.1,270.722,1.93e-01, 16.1, 0.1, 22
2529, 74101,24062016,09032021 160250,   0, 42166.6,  6.557,305.172,0.019630,359.4,223.840,1.00e-02,  9.9, 0.1,  1
2530, 74102,17102017,09032021 062618, 626, 27169.7, 19.129, 54.951,0.680704,359.8, 30.529,8.72e-02, 17.9, 3.9,749
2531, 74103,16022018,08032021 185516,1005, 27142.8, 62.933,329.589,0.719919,359.9,271.094,2.18e-01, 17.1,18.0, - 
2532, 74104,06092018,09032021 070107, 848, 27167.5, 21.426,312.398,0.468732,359.8,228.003,2.81e+00, 18.3,60.4, - 
2533, 74105,06092018,09032021 005753,   3, 27143.3, 21.444,302.820,0.516626,359.8,242.348,1.94e-02, 17.0, 0.1,  1
2534, 74106,06092018,08032021 220516, 116, 27140.6, 21.595,313.635,0.497556,359.8,228.528,2.15e-01, 17.2, 0.4, 42
2535, 74107,09092018,09032021 055733, 909, 27164.9, 21.443,314.443,0.445025,359.8,222.425,3.90e+00, 18.7,59.0, - 
2536, 74108,24032019,08032021 225725, 402, 27067.1, 24.843, 43.533,0.520689,359.8,261.805,2.98e-01, 18.6,17.3, - 
2537, 74109,25042019,09032021 014807,  61, 27135.7,  9.069,220.377,0.358480,  0.6,340.514,2.07e+00, 15.0,15.4, - 
2538, 74110,30032019,09032021 064541, 237, 27061.4, 24.607, 44.461,0.507935,359.8,257.060,4.01e-01, 17.5, 4.9, - 
2539, 74111,24032019,09032021 001248, 293, 26930.3, 26.042, 34.576,0.647622,359.8,275.523,7.49e-01, 17.1, 5.8,909
2540, 74112,24032019,08032021 154128, 348, 27059.1, 24.563, 43.890,0.516558,359.8,261.913,3.96e-01, 19.5,25.4, - 
2541, 74113,24032019,08032021 171356,   4, 27059.3, 24.588, 44.233,0.520862,359.8,261.271,5.89e-01, 17.6, 0.2, 44
2542, 74114,24032019,09032021 054900, 378, 27061.4, 24.732, 43.871,0.518563,359.8,261.399,1.81e-01, 19.4, 4.3,917
2543, 74115,03042019,08032021 145023, 318, 27056.4, 24.754, 43.531,0.523787,359.8,262.232,6.47e-01, 19.1, 1.0,216
2544, 74116,26032019,09032021 042629,  25, 27073.6, 24.617, 43.835,0.519198,359.8,261.556,5.01e-01, 17.1, 0.7,139
2545, 74117,01042019,09032021 024818, 351, 27054.8, 24.584, 44.403,0.519763,359.8,261.277,6.80e-01, 19.0,17.8, - 
2546, 74118,24032019,09032021 065438, 293, 27050.1, 24.690, 44.559,0.514350,359.8,260.769,1.05e-01, 19.7, 2.4,413
2547, 74119,24032019,09032021 033211, 320, 27059.2, 24.797, 43.437,0.538970,359.8,264.941,5.48e-01, 18.3, 6.0, - 
2548, 74120,01052019,08032021 211047,  91, 27063.6, 24.796, 44.561,0.518154,359.8,260.995,5.60e-01, 18.2, 2.7,599
2549, 74121,26032019,08032021 184347, 210, 27062.3, 24.792, 44.098,0.518071,359.8,261.761,5.77e-01, 18.7,13.2, - 
2550, 74122,24032019,08032021 211623, 581, 27064.3, 24.747, 44.159,0.518284,359.8,261.123,4.71e-01, 19.6,32.1, - 
2551, 74123,24032019,08032021 163322, 239, 27056.7, 24.834, 44.009,0.526567,359.8,262.058,7.79e-01, 18.1, 5.8, - 
2552, 74124,30032019,08032021 181837,   2, 27053.0, 24.757, 43.851,0.510747,359.8,261.562,6.08e-01, 17.2, 0.2, 40
2553, 74125,24032019,08032021 204242, 579, 27020.2, 25.558, 33.430,0.582054,359.8,277.866,3.99e-01, 19.5,18.0, - 
2554, 74126,05042019,08032021 153237,   0, 27053.0, 24.893, 44.158,0.523551,359.8,261.396,9.05e-01, 17.3, 0.1,  9
2555, 74127,24032019,08032021 184501,  43, 27063.4, 24.584, 44.450,0.515594,359.8,260.532,5.22e-01, 18.1, 1.2,261
2556, 74128,21042019,08032021 145940,  34, 27062.1, 24.902, 44.353,0.512860,359.8,260.887,6.16e-01, 17.5, 1.0,233
2557, 74129,24032019,08032021 194731, 351, 27062.2, 24.624, 44.464,0.517175,359.8,260.539,6.58e-01, 19.4,19.5, - 
2558, 74130,26032019,08032021 195533, 472, 27063.6, 24.822, 44.765,0.512983,359.8,258.952,4.98e-01, 17.4, 8.8, - 
2559, 74131,24032019,08032021 173916,  90, 27049.0, 25.257, 42.505,0.554462,359.8,266.797,4.08e-01, 17.9, 1.2,236
2560, 74132,26032019,08032021 191913, 140, 27061.9, 24.781, 43.884,0.520408,359.8,261.197,2.43e-01, 17.7, 3.0,683
2561, 74133,26032019,08032021 201529, 551, 27058.0, 25.054, 42.447,0.533541,359.8,264.829,3.74e-01, 19.3, 7.6, - 
2562, 74134,24032019,09032021 033204, 508, 27055.6, 24.764, 42.470,0.528595,359.8,263.772,8.04e-01, 19.4,42.1, - 
2563, 74135,30032019,08032021 194633, 547, 27063.2, 24.664, 47.487,0.497007,359.8,256.588,3.79e-01, 19.0,18.7, - 
2564, 74136,24032019,09032021 050931, 678, 27056.8, 24.751, 43.374,0.526356,359.8,262.705,6.07e-01, 19.8,64.1, - 
2565, 74137,24032019,08032021 190658, 547, 27061.2, 24.705, 45.383,0.513748,359.8,259.948,5.25e-01, 19.0, 9.9,655
2566, 74138,03042019,08032021 154029,  89, 27058.9, 24.712, 43.770,0.520003,359.8,262.546,2.67e-01, 17.1, 0.7,146
2567, 74139,24032019,08032021 184722, 459, 27062.0, 24.704, 44.438,0.516632,359.8,260.540,3.26e-01, 19.6, 1.1,217
2568, 74140,30032019,08032021 172711, 520, 27060.8, 24.683, 45.772,0.507972,359.8,258.783,2.21e-01, 19.6, 9.9, - 
2569, 74141,01042019,09032021 020253,  63, 27052.8, 24.599, 43.473,0.522820,359.8,262.365,3.93e-01, 17.2, 1.0,215
2570, 74142,24032019,08032021 162529, 333, 27065.4, 24.779, 44.518,0.508310,359.8,260.569,5.30e-01, 17.8,22.2, - 
2571, 74143,03042019,08032021 172115,   0, 27058.5, 24.954, 44.514,0.515903,359.8,260.176,4.43e-01, 17.1, 0.2, 17
2572, 74144,24032019,09032021 033348, 275, 27056.1, 24.728, 44.510,0.526616,359.8,261.541,5.85e-01, 17.1, 4.6, - 
2573, 74145,25032019,08032021 202751,   4, 27062.3, 24.689, 44.698,0.518440,359.8,259.997,5.41e-01, 17.4, 0.2, 34
2574, 74146,26032019,08032021 175626, 551, 27057.9, 24.852, 43.198,0.526136,359.8,263.477,7.78e-01, 18.0,24.4, - 
2575, 74147,01042019,09032021 005212, 100, 27052.1, 24.692, 43.662,0.535347,359.8,260.598,5.87e-01, 18.5, 5.0, - 
2576, 74148,30032019,08032021 134930, 619, 27047.8, 25.146, 39.667,0.549320,359.8,267.648,6.42e-01, 19.1,34.0, - 
2577, 74149,25032019,09032021 051835,   4, 27084.9, 24.594, 45.385,0.514427,359.8,259.893,4.38e-01, 17.3, 0.3, 57
2578, 74150,30032019,09032021 010149, 620, 27042.0, 25.254, 39.984,0.552436,359.8,268.766,4.84e-01, 18.9,43.8, - 
2579, 74151,26032019,09032021 000401, 405, 27066.5, 24.648, 44.194,0.520142,359.8,261.372,6.40e-01, 19.3, 4.3,981
2580, 74152,26032019,08032021 214911, 586, 27062.9, 24.597, 41.230,0.531879,359.8,265.617,4.93e-01, 19.0,27.2, - 
2581, 74153,03042019,08032021 214736, 399, 27065.7, 24.812, 43.891,0.517458,359.8,261.043,3.75e-01, 19.0,22.6, - 
2582, 74154,24032019,08032021 190752,  16, 27074.3, 24.762, 44.655,0.518927,359.8,260.673,8.31e-01, 18.4, 0.6,117
2583, 74155,26032019,09032021 021358, 505, 27054.8, 24.832, 43.486,0.523714,359.8,262.425,5.64e-01, 19.1,23.9, - 
2584, 74156,05042019,08032021 231114, 434, 27039.2, 24.554, 45.956,0.515746,359.8,259.229,2.03e+00, 18.1,66.3, - 
2585, 74157,24032019,08032021 195445, 589, 27079.9, 24.556, 41.675,0.525346,359.8,262.350,5.41e-01, 18.8,18.5, - 
2586, 74158,24032019,08032021 175512, 496, 27070.9, 24.919, 43.891,0.524727,359.8,262.282,9.61e-01, 18.3,42.9, - 
2587, 74159,26032019,08032021 232017,   2, 27065.2, 24.713, 43.755,0.521857,359.8,261.522,5.45e-01, 16.3, 0.1,  3
2588, 74160,26032019,08032021 133324, 303, 27071.2, 24.829, 44.904,0.511210,359.8,259.942,6.51e-01, 17.8, 8.3, - 
2589, 74161,24032019,08032021 211124, 636, 27061.8, 24.615, 43.550,0.525739,359.8,263.741,6.51e-01, 18.6,25.3, - 
2590, 74162,24032019,08032021 210236, 376, 27063.8, 24.489, 44.974,0.508962,359.8,259.540,6.99e-01, 19.4,18.8, - 
2591, 74163,28032019,08032021 203409, 659, 27046.4, 24.663, 43.221,0.530131,359.8,263.330,1.18e+00, 19.0, -  , - 
2592, 74164,09042019,08032021 212942, 240, 27061.4, 24.804, 44.005,0.522923,359.8,261.357,6.66e-01, 18.9,16.1, - 
2593, 74165,03042019,09032021 051629, 530, 27058.9, 25.299, 41.648,0.545467,359.8,268.589,5.95e-01, 19.0,27.1, - 
2594, 74166,24032019,08032021 205338, 315, 27064.5, 24.699, 43.812,0.523115,359.8,262.752,5.04e-01, 18.0,15.4, - 
2595, 74167,24032019,08032021 170845, 561, 27056.3, 24.770, 41.382,0.536768,359.8,265.441,6.72e-01, 19.3,51.0, - 
2596, 74168,24032019,08032021 195342, 579, 27061.9, 24.780, 43.741,0.521097,359.8,261.932,5.24e-01, 19.3, 5.5, - 
2597, 74169,24032019,09032021 064644, 696, 27060.0, 24.658, 44.076,0.521200,359.8,261.506,6.55e-01, 19.7, -  , - 
2598, 74170,24032019,09032021 055227,   0, 27058.4, 24.940, 43.955,0.519240,359.8,261.414,8.09e-01, 17.4, 0.1,  6
2599, 74171,24032019,09032021 033914, 448, 27055.4, 24.663, 43.874,0.523878,359.8,262.342,9.14e-01, 19.1,41.1, - 
2600, 74172,10042019,08032021 141312, 619, 27072.2, 24.983, 45.038,0.505837,359.8,254.523,1.94e-01, 19.1,90.7, - 
2601, 74173,24032019,09032021 060042, 312, 27061.7, 24.722, 43.691,0.518065,359.8,262.067,6.61e-01, 17.1, 9.6, - 
2602, 74175,24032019,08032021 202432,  45, 27039.9, 24.794, 43.718,0.515412,359.8,262.046,4.31e-01, 17.5, 0.5,112
2603, 74177,24032019,09032021 060243, 580, 27063.0, 24.914, 44.036,0.513206,359.8,260.899,4.18e-01, 17.8,46.1, - 
2604, 74179,24032019,08032021 224241, 298, 27066.8, 24.785, 45.524,0.509629,359.8,258.965,5.49e-01, 18.0,17.8, - 
2605, 74180,24032019,08032021 210008, 332, 27062.3, 24.723, 44.554,0.519429,359.8,260.812,7.34e-01, 19.1,13.9, - 
2606, 74181,26032019,08032021 190450, 330, 27062.5, 24.615, 44.577,0.515649,359.8,260.545,8.64e-01, 17.8,19.2, - 
2607, 74182,24032019,08032021 155431, 638, 27074.9, 24.485, 46.272,0.500326,359.8,258.146,4.62e-01, 19.6,17.3, - 
2608, 74183,24032019,09032021 063221, 530, 27062.1, 24.617, 41.890,0.528038,359.8,261.907,3.73e-01, 19.4, 4.4,993
2609, 74184,24032019,09032021 051835,  82, 27054.1, 24.698, 44.359,0.524811,359.8,259.598,1.55e-01, 18.3, 5.4, - 
2610, 74185,26032019,08032021 191651,  46, 27070.2, 24.695, 44.675,0.507095,359.8,261.700,7.98e-01, 18.1, 2.1,469
2611, 74187,31052019,09032021 083358, 390, 27073.7, 11.020,206.431,0.480136,  0.5,  5.387,1.59e+00, 17.8,44.3, - 
2612, 74188,07042019,08032021 232124, 223, 27068.9, 24.267, 46.418,0.493597,359.8,259.874,2.78e-02, 17.0, 4.2,899
2613, 74189,24032019,09032021 065254,  21, 27065.3, 24.747, 44.213,0.514930,359.8,261.286,2.80e-01, 17.9, 0.3, 70
2614, 74190,24032019,08032021 212446, 355, 27046.4, 24.888, 43.280,0.532239,359.8,264.363,3.97e-01, 18.9, 1.4,242
2615, 74191,07042019,08032021 150744,  13, 27010.6, 24.730, 44.970,0.555519,359.8,257.200,5.69e-01, 16.6, 2.8, 97
2616, 74193,29032019,08032021 230608, 315, 27053.5, 24.675, 43.987,0.521649,359.8,262.363,4.97e-01, 18.3,22.0, - 
2617, 74194,30032019,09032021 051128, 428, 27060.8, 24.731, 45.018,0.512073,359.8,259.125,4.35e-01, 19.4,38.4, - 
2618, 74195,03042019,08032021 150715, 360, 27057.1, 24.678, 44.940,0.513895,359.8,259.296,6.43e-01, 19.3,17.5,260
2619, 74196,26032019,08032021 163155,   0, 27057.0, 24.573, 44.570,0.519142,359.8,260.453,5.96e-01, 17.2, 0.1,  9
2620, 74197,30032019,08032021 230451, 461, 27063.4, 24.954, 51.129,0.479731,359.8,255.951,9.78e-01, 19.3,88.5, - 
2621, 74198,02042019,08032021 125453,  22, 27040.3, 24.715, 43.116,0.518787,359.8,263.455,4.78e+00, 18.0,21.8, - 
2622, 74199,27052019,08032021 153529,   1, 27066.1, 24.820, 43.631,0.525325,359.8,261.340,6.11e-01, 16.9, 0.1,  3
2623, 74200,27122013,09032021 062927,   1, 27167.3, 63.284,126.360,0.707292,  0.1,271.001,1.82e-01, 13.5, 0.1, 14
2624, 74201,12092014,08032021 195629,   3, 27218.1, 27.223,350.843,0.722375,359.7,326.705,1.01e-01, 13.3, 0.1, 10
2625, 74202,03102014,09032021 021531,   1, 27167.0, 56.186, 52.388,0.001527,359.9, 91.628,4.99e-03, 10.9, 0.1,  1
2626, 74203,06092018,09032021 031805, 753, 27153.8, 21.563,311.511,0.512154,359.8,233.123,1.00e-02, 19.2, 5.0, - 
2627, 74204,08092018,09032021 064513,  62, 27163.8, 21.504,321.012,0.385727,359.8,214.534,4.21e+00, 17.2, 5.0, - 
2628, 74205,12102018,09032021 061331, 333, 27170.6, 67.150,308.851,0.500120,359.9,166.899,1.96e+00, 17.1, 7.8, - 
2629, 74206,07042019,08032021 211019, 368, 27181.8, 11.190,219.248,0.458652,  0.5,345.388,8.80e-02, 13.5, 8.3,872
2630, 74207,06042019,08032021 213944, 350, 27202.6, 10.405,187.271,0.454116,  0.6, 23.165,2.01e+00, 14.3,95.0, - 
2631, 74208,06042019,09032021 011057,   0, 27181.3, 11.244,211.358,0.444765,  0.5,348.064,7.67e-02, 16.7, 0.1,  1
2632, 74209,06042019,09032021 054119,  49, 27175.7, 11.026,217.938,0.463510,  0.5,348.223,1.11e+00, 16.7, 3.2,694
2633, 74210,06042019,09032021 014456, 114, 27262.0,  9.524,210.868,0.474622,  0.6,359.693,5.16e+00, 17.2,92.6, - 
2634, 74211,30032019,08032021 153337,   1, 27069.0, 24.568, 43.335,0.525718,359.8,263.272,6.80e-01, 17.2, 0.1,  6
2635, 74212,26032019,09032021 020142,  20, 27069.6, 24.580, 43.903,0.526177,359.8,261.953,4.34e-01, 17.7, 0.7,122
2636, 74213,26032019,08032021 141854, 288, 27062.9, 25.073, 45.762,0.450624,359.8,246.885,3.13e-01, 17.3,63.1, - 
2637, 74214,24032019,08032021 204136, 652, 27046.2, 24.772, 42.514,0.533656,359.8,265.226,1.14e+00, 19.4, -  , - 
2638, 74215,30032019,08032021 232101, 678, 27052.1, 24.718, 43.659,0.523800,359.8,262.405,7.27e-01, 19.7, -  , - 
2639, 74216,26032019,08032021 211648, 659, 27047.3, 24.720, 42.840,0.532664,359.8,265.084,1.11e+00, 19.4, 6.4, - 
2640, 74217,30032019,08032021 231138, 677, 27051.4, 24.725, 43.041,0.528877,359.8,264.699,7.70e-01, 19.6,69.0, - 
2641, 74218,24032019,08032021 184718, 249, 27063.7, 24.666, 44.182,0.516643,359.8,260.853,2.99e-01, 17.4,11.7, - 
2642, 74219,31032019,08032021 221432, 580, 27049.9, 24.531, 38.367,0.543309,359.8,268.072,1.35e-01, 18.3,38.5, - 
2643, 74220,30032019,08032021 145126, 355, 27057.0, 24.598, 45.169,0.513686,359.8,259.333,3.61e-01, 19.0, 6.8, - 
2644, 74221,30032019,09032021 003934, 164, 27054.9, 24.847, 43.798,0.521826,359.8,262.194,3.32e-01, 18.3, 5.0,717
2645, 74222,26032019,09032021 001956, 579, 27054.4, 24.694, 44.124,0.518918,359.8,261.216,4.47e-01, 19.6, 1.9,276
2646, 74223,24032019,08032021 214430, 580, 27005.9, 25.732, 35.691,0.575036,359.8,276.393,6.31e-01, 19.5,50.7, - 
2647, 74224,24032019,08032021 201108, 488, 27060.7, 24.785, 43.838,0.522617,359.8,262.229,8.27e-01, 19.5, 4.7,946
2648, 74225,24032019,09032021 021851, 564, 27071.3, 24.739, 45.212,0.512339,359.8,259.463,4.49e-01, 19.6,65.3, - 
2649, 74226,24032019,08032021 162238, 388, 27058.5, 24.679, 44.352,0.515935,359.8,260.188,2.17e-01, 19.3, 5.0,873
2650, 74227,24032019,08032021 222019, 602, 27047.3, 24.824, 42.389,0.533707,359.8,265.124,9.29e-01, 19.1,10.9, - 
2651, 74228,26032019,09032021 021348, 320, 27052.2, 24.668, 44.969,0.513108,359.8,258.974,5.47e-01, 19.4, 5.9, - 
2652, 74229,26032019,08032021 133442,  24, 27069.0, 24.779, 44.108,0.519555,359.8,260.355,3.12e-01, 18.5, 0.8,143
2653, 74230,24032019,08032021 183824, 566, 27045.1, 24.840, 43.632,0.524114,359.8,263.424,9.48e-01, 18.7,86.3, - 
2654, 74231,30032019,08032021 235801, 371, 27066.8, 24.690, 44.613,0.514228,359.8,260.311,4.93e-01, 18.7,15.8, - 
2655, 74232,24032019,09032021 010859, 587, 27065.4, 24.729, 41.213,0.534547,359.8,266.370,3.27e-01, 18.8,25.3, - 
2656, 74233,24032019,08032021 132338, 365, 27072.0, 24.780, 44.759,0.512088,359.8,259.133,1.50e-01, 19.3, 7.5, - 
2657, 74234,24032019,08032021 180311, 310, 27075.5, 24.577, 45.428,0.507298,359.8,258.183,2.63e-01, 17.9, 9.6, - 
2658, 74235,24032019,09032021 002207, 562, 27067.2, 24.704, 43.866,0.520751,359.8,261.176,4.67e-01, 18.5, 4.4,406
2659, 74236,24032019,09032021 024801, 325, 27073.1, 24.686, 43.696,0.521740,359.8,263.374,1.00e-02, 18.2, 9.0, - 
2660, 74237,24032019,08032021 233058, 403, 27066.3, 24.797, 44.145,0.518330,359.8,261.250,4.53e-01, 19.0,10.8, - 
2661, 74238,26032019,08032021 223031, 530, 27064.5, 24.815, 44.434,0.518360,359.8,261.349,6.72e-01, 19.0,18.5, - 
2662, 74239,26032019,08032021 215244,  58, 27052.5, 24.864, 43.772,0.520382,359.8,262.224,5.46e-01, 17.0, 2.7,626
2663, 74240,30032019,08032021 203007, 342, 27061.5, 24.719, 42.747,0.533108,359.8,264.776,7.82e-01, 19.1,11.9, - 
2664, 74241,26032019,08032021 233544, 530, 27065.0, 24.773, 46.259,0.509612,359.8,259.083,5.25e-01, 19.6,25.3, - 
2665, 74242,24032019,09032021 021032, 351, 27076.6, 24.739, 43.653,0.512985,359.8,262.631,5.03e-01, 18.5,11.6, - 
2666, 74243,05042019,09032021 064556, 404, 27074.4, 24.876, 44.568,0.525692,359.8,260.962,2.96e-01, 19.3,20.5, - 
2667, 74244,09042019,08032021 193339, 306, 27015.0, 24.715, 43.293,0.526336,359.8,262.925,8.64e-01, 18.1, 7.2, - 
2668, 74245,09042019,09032021 000343, 298, 27068.8, 24.663, 43.542,0.521014,359.8,262.315,5.08e-01, 17.0,17.9, - 
2669, 74246,24032019,08032021 202038, 385, 27048.8, 24.522, 45.109,0.533032,359.8,260.531,6.74e-01, 18.4,31.6, - 
2670, 74247,10042019,08032021 155153,   1, 27070.4, 24.628, 44.735,0.515926,359.8,259.832,2.74e-01, 17.7, 0.1, 12
2671, 74248,24032019,08032021 210954,  55, 27080.7, 24.832, 44.978,0.518028,359.8,258.099,2.76e-01, 18.2, 0.3, 60
2672, 74249,24032019,08032021 180159, 357, 27072.0, 24.812, 44.685,0.516423,359.8,259.582,7.24e-01, 19.0, 9.9, - 
2673, 74250,24032019,08032021 184948, 556, 27077.3, 24.286, 39.019,0.535496,359.8,265.664,1.50e-01, 18.7, 9.0, - 
2674, 74251,24032019,08032021 194707, 361, 27077.8, 24.665, 45.972,0.504197,359.8,258.061,4.63e-01, 18.6,12.0, - 
2675, 74252,24032019,08032021 195120, 332, 27091.2, 24.826, 41.505,0.541835,359.8,269.947,3.90e-01, 18.6, 4.4,784
2676, 74253,24032019,08032021 201933, 114, 27078.6, 24.687, 45.026,0.510904,359.8,258.994,4.52e-01, 17.4, 1.1,221
2677, 74254,24032019,08032021 185031, 417, 27071.9, 24.760, 45.891,0.518649,359.8,260.525,6.20e-01, 18.8,12.9, - 
2678, 74255,26032019,08032021 211440, 317, 27062.1, 24.824, 44.624,0.516705,359.8,259.766,1.12e+00, 18.4, 4.0,459
2679, 74256,24032019,08032021 191714, 354, 27074.9, 24.674, 45.195,0.513737,359.8,259.105,3.37e-01, 19.8, 4.4,997
2680, 74257,24032019,08032021 230151, 330, 27065.9, 24.602, 46.191,0.484370,359.8,254.718,5.98e-01, 18.3, 6.7, - 
2681, 74258,30032019,09032021 004244,   1, 27067.2, 24.728, 44.350,0.528019,359.8,259.142,1.89e-01, 17.9, 0.1, 27
2682, 74259,24032019,08032021 141244, 620, 27068.3, 24.658, 43.970,0.528416,359.8,265.622,5.00e-01, 19.5, 7.2, - 
2683, 74260,24032019,08032021 171307, 495, 27071.5, 24.829, 45.988,0.506417,359.8,259.239,3.36e-01, 19.6,10.2, - 
2684, 74261,06042019,09032021 033927, 554, 27084.7, 24.687, 45.000,0.513167,359.8,259.584,2.78e-01, 19.5, 4.6, - 
2685, 74262,24032019,08032021 155145,   1, 27084.5, 24.616, 44.989,0.520841,359.8,260.352,6.50e-01, 18.7, 0.1,  7
2686, 74263,24032019,08032021 205540,   6, 27048.8, 24.619, 43.870,0.520953,359.8,261.699,3.89e-01, 17.0, 0.6,128
2687, 74264,24032019,08032021 234353, 421, 27065.9, 24.695, 44.091,0.519182,359.8,262.087,6.70e-01, 18.3,12.1, - 
2688, 74265,26032019,09032021 005008, 456, 27065.7, 24.690, 46.007,0.510723,359.8,258.980,6.43e-01, 19.2,13.8, - 
2689, 74266,06042019,09032021 030453, 507, 27067.9, 24.865, 45.678,0.515636,359.8,260.200,8.30e-01, 19.0,15.7, - 
2690, 74267,09042019,08032021 130937, 346, 27069.4, 24.901, 41.228,0.554724,359.8,268.645,5.53e-01, 18.0,17.2, - 
2691, 74268,24032019,08032021 150351, 507, 27070.4, 24.809, 44.237,0.519423,359.8,261.110,3.79e-01, 19.6, 2.8,595
2692, 74269,24032019,08032021 141109,   1, 27069.8, 24.791, 44.570,0.516597,359.8,260.767,5.33e-01, 17.8, 0.1,  3
2693, 74270,25032019,08032021 145137,   1, 27084.3, 24.822, 44.971,0.514333,359.8,259.954,5.61e-01, 18.0, 0.1,  5
2694, 74271,06042019,08032021 221013,  53, 27067.2, 24.718, 43.347,0.521386,359.8,262.446,4.67e-01, 17.2, 1.1,204
2695, 74272,26032019,08032021 212603, 555, 27062.8, 24.604, 43.952,0.522819,359.8,261.993,7.64e-01, 19.7,52.3, - 
2696, 74273,24032019,08032021 201524, 319, 27074.1, 24.683, 44.085,0.528834,359.8,262.732,6.74e-01, 18.4, 1.0,224
2697, 74274,26032019,08032021 145828, 602, 27068.1, 24.473, 43.020,0.526156,359.8,263.017,6.28e-01, 19.0, 9.1, - 
2698, 74275,24032019,08032021 171010, 533, 27073.5, 24.453, 44.866,0.516657,359.8,263.783,3.38e-01, 19.4,12.3, - 
2699, 74276,30032019,08032021 195530, 297, 27077.8, 24.731, 44.006,0.518255,359.8,261.758,6.00e-01, 18.2,10.8, - 
2700, 74277,26032019,09032021 032750, 339, 27084.6, 24.606, 43.903,0.522053,359.8,262.090,1.83e-01, 18.8, 2.6,558
2701, 74278,24032019,08032021 164043, 520, 27084.9, 24.755, 46.517,0.508646,359.8,257.830,4.05e-01, 19.1,16.6, - 
2702, 74279,24032019,08032021 172240,  46, 27076.0, 24.917, 45.418,0.504268,359.8,258.096,4.19e-01, 17.9, 1.4,310
2703, 74280,09042019,09032021 003058, 583, 27066.5, 24.725, 43.566,0.523128,359.8,262.670,6.44e-01, 19.0,39.5, - 
2704, 74281,30032019,08032021 185822, 579, 27057.9, 24.860, 42.955,0.528987,359.8,263.725,8.89e-01, 19.0,23.7, - 
2705, 74282,30032019,08032021 210807, 434, 27063.0, 24.933, 43.829,0.523172,359.8,260.512,8.24e-01, 19.2,18.7, - 
2706, 74283,24032019,09032021 022032, 405, 27069.4, 24.796, 46.644,0.506222,359.8,258.155,4.64e-01, 19.5,27.9, - 
2707, 74284,30032019,08032021 205849,  14, 27064.8, 24.782, 44.641,0.518657,359.8,261.289,1.00e-02, 15.7, 0.1,  2
2708, 74285,30032019,08032021 170948,   2, 27059.7, 24.646, 44.391,0.516602,359.8,260.908,4.13e-01, 17.8, 0.1, 28
2709, 74286,24032019,08032021 210941,  48, 27053.6, 24.790, 44.212,0.514240,359.8,261.757,6.55e-01, 16.8, 2.5,553
2710, 74287,24032019,08032021 224344, 534, 27080.9, 24.611, 45.454,0.511997,359.8,258.162,1.19e-01, 19.5,27.3, - 
2711, 74288,24032019,08032021 221923, 382, 27063.3, 24.760, 46.716,0.505167,359.8,258.340,3.84e-01, 19.7,13.9, - 
2712, 74289,26032019,08032021 185557, 330, 27074.8, 24.775, 44.481,0.517414,359.8,260.645,3.93e-01, 19.4, 1.1,199
2713, 74290,24032019,08032021 235510, 581, 27050.6, 25.362, 39.814,0.553014,359.8,270.580,4.50e-01, 17.8,23.6, - 
2714, 74291,30032019,08032021 131737, 289, 27089.8, 24.836, 43.224,0.521411,359.8,263.995,4.60e-01, 18.2,35.0, - 
2715, 74292,24032019,08032021 150554, 698, 27083.5, 24.785, 44.620,0.516955,359.8,260.007,4.55e-01, 19.9,96.1, - 
2716, 74293,24032019,08032021 164540, 371, 27085.1, 24.550, 46.140,0.501677,359.8,256.780,6.97e-01, 18.9,19.6, - 
2717, 74294,24032019,08032021 230954, 100, 27091.9, 24.712, 44.731,0.518254,359.8,260.246,3.96e-01, 17.8, 1.9,390
2718, 74295,24032019,09032021 012654, 325, 27071.8, 24.690, 44.951,0.515459,359.8,259.993,6.03e-01, 17.8,15.6, - 
2719, 74296,24032019,08032021 192549, 326, 27092.8, 24.632, 45.070,0.517697,359.8,260.427,5.52e-01, 19.1, 2.6,572
2720, 74297,24032019,09032021 005801, 320, 27082.9, 24.799, 45.051,0.512249,359.8,259.358,6.43e-01, 18.2,55.5, - 
2721, 74298,01042019,09032021 003032, 699, 27078.6, 24.562, 43.936,0.524548,359.8,262.283,8.52e-01, 18.9, -  , - 
2722, 74299,09042019,08032021 232600, 678, 27077.3, 24.756, 43.820,0.524456,359.8,260.393,9.73e-01, 19.8, -  , - 
2723, 74300,31012018,09032021 063428, 369, 27150.8, 26.806,229.962,0.738013,  0.2,150.053,2.43e-01, 16.9, 9.0, - 
2724, 74301,08012013,08032021 122959,  17, 27209.8, 27.514, 16.194,0.716735,359.8,279.673,6.01e-02, 16.1, 0.2, 35
2725, 74302,05092018,08032021 212158, 820, 27213.4, 21.575,315.124,0.479729,359.8,224.839,2.59e+00, 18.5, -  , - 
2726, 74303,04092018,08032021 143715,   4, 27309.2, 21.533,312.101,0.512361,359.8,230.296,1.76e-01, 15.4, 0.1, 17
2727, 74304,04092018,08032021 153303, 883, 27200.4, 21.617,318.431,0.454478,359.8,217.211,3.62e+00, 19.1, -  , - 
2728, 74305,04092018,09032021 004309, 303, 27200.1, 21.553,313.853,0.470441,359.8,231.640,1.84e+00, 15.4,28.9, - 
2729, 74306,04092018,09032021 010500, 549, 27215.7, 21.522,313.957,0.483811,359.8,229.235,7.72e-01, 18.6,16.7, - 
2730, 74307,08082014,08032021 203423,   1, 27273.8, 26.656, 81.829,0.744805,360.0,  3.384,3.04e-02, 16.9, 0.1,  2
2731, 74308,30012019,09032021 061142, 713, 27215.6, 56.173,255.083,0.608533,  0.0, 24.229,6.48e+00, 17.3, -  , - 
2732, 74309,09042019,09032021 000542,   2, 27177.8, 11.286,229.846,0.434118,  0.4,328.944,5.12e-01, 16.4, 0.3, 34
2733, 74310,06042019,08032021 232653,  97, 27195.4, 11.307,203.514,0.481899,  0.5,  3.698,5.88e-02, 18.3, 0.3, 57
2734, 74311,30032019,08032021 211813, 366, 27070.6, 24.493, 44.579,0.529513,359.8,261.295,1.11e+00, 18.9,33.0, - 
2735, 74312,09042019,08032021 225632, 519, 27077.9, 24.732, 42.715,0.526795,359.8,262.840,6.49e-01, 19.3,18.3, - 
2736, 74313,30032019,08032021 215536, 534, 27077.9, 24.700, 40.886,0.533964,359.8,264.803,4.61e-01, 19.6, 1.4,261
2737, 74314,24032019,08032021 191910, 586, 27071.7, 24.728, 43.713,0.527060,359.8,262.012,1.07e+00, 19.8, -  , - 
2738, 74315,24032019,08032021 184514, 354, 27074.2, 24.657, 43.896,0.521002,359.8,261.234,3.68e-01, 19.6, 4.3,680
2739, 74316,24032019,08032021 133414, 340, 27090.6, 24.632, 45.763,0.502013,359.8,258.344,6.85e-01, 17.8,14.4, - 
2740, 74317,26032019,08032021 140043,   1, 27069.5, 24.007, 44.780,0.543884,359.8,263.159,7.80e-01, 18.4, 0.3, 28
2741, 74318,24032019,09032021 042959, 346, 27070.6, 24.711, 43.903,0.525714,359.8,262.097,6.55e-01, 18.7, 7.0,340
2742, 74319,26032019,09032021 021009, 371, 27067.0, 24.773, 43.637,0.526556,359.8,262.552,9.32e-01, 19.1,17.7, - 
2743, 74320,24032019,09032021 043120, 456, 27070.8, 24.741, 44.039,0.520822,359.8,261.401,5.53e-01, 19.6, 7.5, - 
2744, 74321,24032019,08032021 201658, 319, 27040.6, 24.794, 43.299,0.556884,359.8,261.905,3.26e-01, 18.6,22.2, - 
2745, 74322,24032019,09032021 021606, 306, 27069.0, 24.846, 45.178,0.513178,359.8,262.526,4.38e-01, 18.5, 8.0,865
2746, 74323,24032019,08032021 133136, 535, 27066.8, 24.814, 43.748,0.523969,359.8,262.190,5.20e-01, 18.6,55.9, - 
2747, 74324,24032019,08032021 134331,  80, 27067.1, 24.761, 44.578,0.518146,359.8,259.054,6.23e-01, 18.0, 2.1,487
2748, 74325,24032019,09032021 023717, 601, 27068.6, 24.725, 43.501,0.524229,359.8,263.002,4.75e-01, 19.4,37.8, - 
2749, 74326,24032019,09032021 043511, 383, 27071.8, 24.815, 45.128,0.512470,359.8,259.762,3.26e-01, 19.1,15.9, - 
2750, 74327,24032019,08032021 205835, 528, 27063.8, 24.653, 44.395,0.518067,359.8,260.911,4.43e-01, 20.0, 8.9,254
2751, 74328,26032019,08032021 233704, 581, 27064.7, 24.673, 43.738,0.525077,359.8,262.117,8.65e-01, 19.7,52.3, - 
2752, 74329,30032019,09032021 021409, 562, 26996.0, 27.663, 35.079,0.596307,359.8,281.146,3.95e-01, 18.7,36.8, - 
2753, 74330,24032019,08032021 141456, 173, 27071.6, 24.755, 44.218,0.513252,359.8,260.650,3.47e-01, 18.2, 1.4,219
2754, 74331,30032019,08032021 235334, 355, 27064.9, 24.773, 45.629,0.520000,359.8,259.525,6.96e-01, 17.0,14.7, - 
2755, 74332,24032019,08032021 155142,   3, 27072.5, 24.688, 45.121,0.512332,359.8,259.448,2.90e-01, 18.4, 0.2, 35
2756, 74333,24032019,08032021 235216,  24, 27068.0, 25.000, 43.860,0.521656,359.8,261.590,3.91e-01, 17.3, 1.7,364
2757, 74334,24032019,08032021 230840, 383, 27064.6, 24.862, 44.125,0.519552,359.8,261.158,5.86e-01, 17.7,28.2, - 
2758, 74335,24032019,08032021 134837, 530, 27070.0, 24.864, 53.426,0.463216,359.8,251.680,3.63e-01, 19.5,19.8, - 
2759, 74336,26032019,08032021 163405, 294, 27074.3, 24.706, 44.686,0.517717,359.8,260.378,5.05e-01, 18.2, 8.4, - 
2760, 74337,24032019,08032021 214628,  44, 27065.5, 24.735, 44.250,0.517035,359.8,260.766,2.04e-01, 18.1, 1.1, 94
2761, 74339,26032019,08032021 205051, 434, 27061.8, 24.724, 44.223,0.519620,359.8,261.477,7.24e-01, 19.5,10.4, - 
2762, 74340,26042019,08032021 175120, 340, 27021.6, 24.616, 43.637,0.532785,359.8,261.301,8.05e-01, 18.8,14.2, - 
2763, 74341,03042019,09032021 003216, 325, 27070.5, 24.787, 44.355,0.515999,359.8,260.704,3.24e-01, 19.7, 1.8,299
2764, 74342,26032019,08032021 184740, 564, 27054.4, 25.042, 42.844,0.532665,359.8,264.929,5.28e-01, 19.6,20.9, - 
2765, 74343,26032019,08032021 231827, 107, 27063.9, 24.690, 44.209,0.530307,359.8,262.912,8.20e-01, 17.3, 5.7,761
2766, 74344,24032019,08032021 204449, 354, 27065.9, 24.757, 44.075,0.517243,359.8,261.879,4.20e-01, 19.5, 7.1, - 
2767, 74345,24032019,08032021 172225, 530, 27057.3, 24.846, 43.163,0.525930,359.8,263.377,9.67e-01, 16.0,35.5, - 
2768, 74346,11042019,08032021 154057, 677, 27033.5, 24.800, 40.773,0.549247,359.8,268.334,2.08e+00, 18.8, -  , - 
2769, 74347,24032019,09032021 024705,   1, 27068.7, 24.738, 44.116,0.515784,359.8,260.534,6.95e-01, 16.7, 0.1, 26
2770, 74348,26032019,09032021 002219, 463, 27053.8, 24.769, 44.474,0.518423,359.8,261.321,6.11e-01, 19.6,20.9, - 
2771, 74349,24032019,08032021 191635, 579, 27043.3, 24.766, 42.533,0.533939,359.8,265.315,1.15e+00, 19.7,40.2, - 
2772, 74350,26032019,08032021 235225, 438, 27067.0, 24.835, 44.795,0.514102,359.8,260.077,5.33e-01, 17.7,21.5, - 
2773, 74351,24032019,09032021 003335, 355, 27055.8, 24.761, 43.689,0.520371,359.8,261.964,5.73e-01, 17.8,10.2, - 
2774, 74352,26032019,08032021 204108, 143, 27052.7, 24.688, 44.111,0.513069,359.8,259.970,2.59e-01, 18.2, 2.7,255
2775, 74353,24032019,08032021 213056, 346, 27074.8, 24.750, 44.279,0.518704,359.8,260.486,7.03e-01, 18.3, 5.7, - 
2776, 74354,24032019,08032021 195418, 141, 27050.4, 24.757, 44.722,0.516670,359.8,260.882,4.96e-01, 18.0, 6.3, - 
2777, 74355,24032019,08032021 223313, 543, 27052.4, 24.809, 42.622,0.527092,359.8,264.274,6.13e-01, 18.2,19.4, - 
2778, 74356,26032019,08032021 231852,   7, 27052.5, 24.505, 44.288,0.509374,359.8,261.003,7.12e-01, 15.8, 0.2, 30
2779, 74357,24032019,08032021 230335,  45, 27048.2, 24.686, 45.831,0.506770,359.8,263.697,6.60e-01, 17.7, 4.2,940
2780, 74358,24032019,08032021 213049, 352, 27050.4, 24.519, 44.625,0.517792,359.8,260.815,6.68e-01, 18.7, 3.5,730
2781, 74359,26032019,08032021 222755, 699, 27052.1, 24.628, 44.174,0.519933,359.8,261.431,8.15e-01, 18.1,54.3, - 
2782, 74360,26032019,08032021 213704, 463, 27052.1, 24.713, 44.034,0.517611,359.8,261.199,3.37e-01, 18.9, 1.0,219
2783, 74361,24032019,08032021 195525, 306, 27084.8, 24.658, 44.367,0.497784,359.8,259.711,5.41e-01, 17.8,15.0, - 
2784, 74362,28032019,08032021 222703, 373, 27052.0, 24.559, 45.353,0.502147,359.8,257.739,4.93e-01, 18.7, 1.3,285
2785, 74363,24032019,08032021 201458, 579, 27048.5, 24.765, 43.098,0.525203,359.8,263.286,5.35e-01, 19.1,34.8, - 
2786, 74364,02042019,08032021 222157, 296, 27053.6, 24.640, 42.916,0.522645,359.8,263.227,3.23e-01, 19.0, 0.5,103
2787, 74365,24032019,08032021 230143, 338, 27055.6, 24.758, 45.041,0.509740,359.8,260.247,1.48e-01, 17.9,14.2, - 
2788, 74366,01042019,09032021 000413, 373, 27051.2, 24.476, 44.605,0.519983,359.8,260.819,6.52e-01, 18.4,30.2, - 
2789, 74367,26032019,08032021 202633,  86, 27047.1, 24.655, 44.657,0.512086,359.8,260.367,1.58e-01, 17.5, 5.4,804
2790, 74368,24032019,09032021 002715, 580, 27056.1, 24.695, 45.023,0.509848,359.8,259.514,2.53e-02, 19.5, 0.6, 69
2791, 74369,26032019,09032021 030625,  89, 27081.4, 24.815, 45.348,0.513134,359.8,260.489,3.86e-01, 17.8, 0.7,154
2792, 74370,10042019,08032021 224624, 677, 27077.6, 24.789, 44.144,0.520890,359.8,260.810,6.89e-01, 18.5,12.2, - 
2793, 74371,26032019,08032021 131536, 532, 27067.8, 24.851, 44.194,0.519383,359.8,261.239,4.50e-01, 19.1, 8.1, - 
2794, 74372,12042019,08032021 135759, 535, 27069.9, 24.729, 43.289,0.522815,359.8,261.356,4.03e-01, 19.3,13.2, - 
2795, 74373,26042019,08032021 233451, 354, 27065.9, 24.833, 45.191,0.521284,359.8,259.716,8.96e-01, 18.4,18.8, - 
2796, 74374,24032019,08032021 203344, 528, 27062.9, 24.655, 45.866,0.503893,359.8,258.275,3.25e-01, 19.6,13.3, - 
2797, 74375,01042019,09032021 005714, 190, 27069.7, 24.557, 43.906,0.519012,359.8,261.902,2.03e-01, 18.5, 7.6, - 
2798, 74376,30042019,09032021 015201, 489, 27069.5, 24.790, 40.123,0.541836,359.8,265.620,3.82e-01, 19.0,11.2, - 
2799, 74377,24032019,09032021 005241, 188, 27063.2, 24.761, 44.183,0.523084,359.8,261.473,6.63e-01, 18.3, 1.4,315
2800, 74379,06042019,08032021 202327, 601, 27059.3, 24.744, 42.518,0.530658,359.8,265.423,1.07e+00, 18.4,22.4, - 
2801, 74380,30032019,09032021 005123,  22, 27073.0, 24.772, 45.206,0.513532,359.8,260.424,4.65e-01, 15.7, 0.8,165
2802, 74381,27032019,08032021 235731, 118, 27066.9, 24.971, 45.143,0.517461,359.8,259.756,3.67e-01, 17.9, 4.4,957
2803, 74382,26032019,08032021 200419, 438, 27061.6, 24.682, 45.035,0.515968,359.8,260.414,6.65e-01, 19.3, 1.4,304
2804, 74383,11042019,08032021 145526, 441, 27070.4, 24.767, 45.360,0.510792,359.8,259.371,2.91e-01, 19.0, 5.2, - 
2805, 74384,24032019,08032021 141734, 551, 27069.3, 24.687, 43.921,0.521370,359.8,261.410,5.23e-01, 18.9, 7.8, - 
2806, 74385,24032019,08032021 231133, 530, 27066.8, 24.662, 43.787,0.519360,359.8,261.218,3.73e-01, 19.8, 1.9,406
2807, 74386,26042019,09032021 061226, 525, 27073.6, 24.749, 46.653,0.502335,359.8,257.664,3.77e-01, 18.1, 8.4, - 
2808, 74387,24032019,09032021 065154,  20, 27048.4, 24.767, 43.485,0.517361,359.8,262.462,7.18e-01, 18.0, 3.4,350
2809, 74388,25032019,08032021 193620, 579, 27061.3, 24.777, 43.641,0.522094,359.8,262.266,4.85e-01, 19.3,15.6, - 
2810, 74389,24032019,08032021 191439,  93, 27060.9, 24.557, 43.590,0.526278,359.8,263.217,6.29e-01, 19.2, 2.2,460
2811, 74390,30032019,08032021 180425, 294, 27072.3, 24.787, 43.735,0.524001,359.8,261.173,6.00e-01, 18.1, 2.3,496
2812, 74391,25032019,08032021 170245, 677, 27056.6, 24.736, 43.338,0.527235,359.8,262.603,9.94e-01, 19.2, 7.6, - 
2813, 74392,24032019,08032021 194131,   0, 27067.0, 24.672, 44.171,0.516958,359.8,260.766,1.79e-01, 17.6, 0.1,  4
2814, 74393,26032019,09032021 003121,  54, 27070.6, 24.494, 45.094,0.513987,359.8,260.329,3.58e-01, 17.7, 0.8,159
2815, 74394,24032019,08032021 231649, 116, 27062.7, 24.905, 43.685,0.550819,359.8,259.974,6.33e-01, 17.8, 6.2, - 
2816, 74395,25032019,09032021 010857, 339, 27067.1, 24.764, 44.654,0.522395,359.8,260.901,6.00e-01, 18.0,19.8, - 
2817, 74396,24032019,08032021 214654,  54, 27065.0, 24.835, 44.585,0.517876,359.8,260.891,7.13e-01, 18.6, 2.5,555
2818, 74397,30032019,08032021 210941, 351, 27046.3, 24.891, 45.918,0.512959,359.8,258.622,4.32e-01, 19.0, 5.1,848
2819, 74398,26032019,09032021 033758, 414, 27057.4, 24.632, 43.863,0.519925,359.8,261.618,5.45e-01, 17.9,16.2, - 
2820, 74399,21042019,08032021 191930, 577, 27045.1, 24.775, 42.872,0.529943,359.8,264.587,6.92e-01, 18.5,34.8, - 
2821, 74400,01062012,08032021 193516,  18, 27226.0, 63.009,231.559,0.649272,  0.1,273.256,3.62e-02, 16.3, 0.1,  7
2822, 74401,05092018,09032021 053348, 901, 27210.6, 21.500,307.947,0.503532,359.8,234.085,2.37e-01, 18.8, 3.1,348
2823, 74402,04092018,08032021 200400, 172, 27200.7, 21.580,308.135,0.495175,359.8,231.794,1.26e-01, 14.8, 2.5,570
2824, 74403,04092018,08032021 175945,  69, 27211.7, 21.625,316.909,0.483746,359.8,222.129,2.83e-01, 14.3, 1.5,313
2825, 74404,04092018,08032021 225315, 845, 27259.2, 21.334,310.339,0.480280,359.8,231.734,3.19e+00, 19.1,41.7, - 
2826, 74405,04092018,08032021 172152, 859, 27251.1, 21.391,310.009,0.493043,359.8,233.048,2.29e+00, 19.1,30.4, - 
2827, 74406,04092018,08032021 211634,   5, 27221.6, 21.537,308.468,0.497660,359.8,231.767,7.44e-02, 15.2, 0.1, 16
2828, 74407,04092018,09032021 041832, 121, 27238.0, 22.399,307.051,0.442601,359.8,223.339,1.15e+00, 17.5, 8.1, - 
2829, 74408,07092018,08032021 212857, 420, 27258.6, 21.785,317.643,0.478044,359.8,221.472,2.26e+00, 16.8,55.2, - 
2830, 74409,07092018,09032021 045505, 913, 27229.8, 21.498,314.476,0.474367,359.8,225.417,2.38e+00, 19.1, -  , - 
2831, 74410,06042019,09032021 080848,  17, 27123.2, 11.109,197.505,0.442726,  0.6, 15.214,3.63e+00, 15.3, 7.4, - 
2832, 74411,14052019,09032021 013332,   0, 27211.1, 11.409,201.139,0.482055,  0.5,  5.551,7.83e-02, 17.9, 0.1,  3
2833, 74412,05062019,09032021 090917,  89, 27256.0, 10.824,211.780,0.474194,  0.5,356.380,1.19e+00, 16.9,14.2, - 
2834, 74413,26032019,08032021 234157, 310, 27053.6, 24.472, 44.028,0.522234,359.8,262.421,7.59e-01, 17.2, 6.6, - 
2835, 74414,24032019,08032021 213156, 360, 27045.2, 24.530, 45.684,0.513737,359.8,257.566,4.04e-01, 18.5,15.0, - 
2836, 74415,26032019,08032021 235224, 198, 27055.6, 24.700, 44.338,0.515851,359.8,260.865,3.82e-01, 17.9,11.3, - 
2837, 74416,28032019,08032021 225706, 543, 27052.5, 24.770, 43.375,0.522311,359.8,262.472,3.78e-01, 19.6,12.9, - 
2838, 74417,30042019,08032021 222355, 567, 27076.0, 24.904, 43.158,0.526241,359.8,262.226,8.39e-01, 18.3, 9.5, - 
2839, 74418,24042019,09032021 025334, 299, 27068.4, 24.753, 44.225,0.519561,359.8,260.568,6.42e-01, 18.3, 8.2, - 
2840, 74419,25032019,09032021 061846, 527, 27072.4, 24.812, 49.530,0.489373,359.8,255.359,4.07e-01, 18.8,10.9, - 
2841, 74420,24032019,09032021 035106, 467, 27069.5, 24.729, 48.285,0.492977,359.8,257.509,6.27e-01, 18.3,10.4, - 
2842, 74421,26032019,09032021 042300, 330, 27076.8, 24.843, 44.623,0.508578,359.8,259.632,6.22e-01, 18.8, 7.2,762
2843, 74422,24032019,09032021 003419, 349, 27066.1, 24.596, 45.042,0.514837,359.8,259.515,6.44e-01, 18.2, 9.5, - 
2844, 74424,26032019,08032021 195732,  14, 27076.2, 24.765, 44.975,0.513894,359.8,259.853,4.29e-01, 17.5, 0.3, 72
2845, 74425,25032019,09032021 003740, 402, 27066.0, 24.706, 41.453,0.539675,359.8,266.827,4.46e-01, 18.0, 8.1, - 
2846, 74426,26032019,08032021 231623, 533, 27067.6, 24.651, 39.246,0.541738,359.8,266.892,3.99e-01, 18.8, 5.1, - 
2847, 74427,26032019,09032021 020707, 534, 27069.6, 25.296, 56.915,0.452327,359.8,248.723,3.34e-02, 19.3, 3.9,748
2848, 74428,24032019,08032021 221319, 605, 27064.0, 24.733, 43.828,0.520980,359.8,260.732,7.31e-01, 19.2,71.2, - 
2849, 74429,24032019,08032021 230823, 530, 27067.3, 24.703, 46.419,0.504973,359.8,257.971,1.97e-01, 18.9, 5.9, - 
2850, 74432,24032019,09032021 024305,   1, 27057.9, 24.506, 43.871,0.513037,359.8,260.757,1.87e+00, 18.7, 0.4, 94
2851, 74433,24032019,08032021 130603, 519, 27046.8, 25.079, 35.112,0.566301,359.8,274.720,4.03e-01, 19.0,71.7, - 
2852, 74435,26032019,09032021 010400,  74, 27185.7, 24.837, 44.640,0.507091,359.8,261.984,6.00e-01, 17.5, 2.5,577
2853, 74436,24032019,08032021 214423, 526, 27049.4, 24.949, 43.986,0.520553,359.8,262.296,8.32e-01, 18.6,12.7, - 
2854, 74437,24032019,08032021 235740, 678, 27054.0, 24.715, 44.048,0.519056,359.8,261.327,4.86e-01, 19.8,98.4, - 
2855, 74439,24032019,09032021 033306, 134, 27086.6, 24.549, 45.720,0.504531,359.8,259.172,1.16e-01, 18.7, 2.9,577
2856, 74440,26032019,09032021 013041, 324, 27071.3, 24.699, 43.788,0.517396,359.8,262.875,4.63e-01, 17.1, 8.4, - 
2857, 74441,26032019,09032021 004053, 533, 27069.9, 25.067, 40.724,0.542034,359.8,264.379,3.14e-01, 19.4,24.8, - 
2858, 74442,30032019,08032021 222417, 313, 27064.8, 24.720, 44.253,0.521230,359.8,261.316,6.35e-01, 18.1,12.7, - 
2859, 74443,24032019,08032021 213932, 426, 27073.3, 24.861, 36.338,0.574205,359.8,281.861,3.40e-01, 17.0,23.0, - 
2860, 74444,26032019,09032021 042505,   1, 27069.3, 24.797, 44.770,0.511417,359.8,259.843,7.66e-01, 18.0, 0.1,  7
2861, 74445,24032019,08032021 195356,   1, 27074.0, 24.639, 45.773,0.511788,359.8,258.253,3.72e-01, 17.5, 0.2, 15
2862, 74447,26032019,08032021 193035, 318, 27076.2, 24.728, 44.830,0.519330,359.8,260.873,3.04e-01, 19.0,17.4, - 
2863, 74448,24032019,08032021 145129, 581, 27042.2, 24.609, 41.650,0.532607,359.8,265.434,8.14e-01, 18.3,33.9, - 
2864, 74449,24032019,09032021 042948, 389, 27049.0, 24.715, 43.408,0.518892,359.8,262.036,7.29e-01, 18.3,27.4, - 
2865, 74450,26032019,08032021 231829, 373, 27063.8, 24.695, 43.777,0.527750,359.8,261.722,6.16e-01, 18.0, 7.2, - 
2866, 74451,24032019,08032021 212117, 352, 27077.7, 24.728, 46.249,0.484420,359.8,253.554,2.63e-01, 19.3, 3.3,715
2867, 74452,01042019,09032021 030718, 349, 27071.4, 24.632, 44.932,0.509450,359.8,259.945,3.68e-01, 18.9,10.6, - 
2868, 74453,30032019,09032021 065306,  26, 27081.7, 24.508, 45.007,0.495673,359.8,259.730,1.00e-02, 17.3, 0.4, 83
2869, 74454,24032019,08032021 191549, 467, 27072.7, 24.722, 45.062,0.521685,359.8,261.975,1.62e+00, 18.6,42.2, - 
2870, 74455,26032019,08032021 222009, 621, 27061.6, 24.716, 43.244,0.529752,359.8,262.762,1.18e+00, 19.1, 4.5,785
2871, 74458,26032019,09032021 003723, 144, 27070.5, 24.298, 43.541,0.513487,359.8,261.013,3.24e-01, 15.5, 4.9, - 
2872, 74459,24032019,09032021 055000,   0, 27059.1, 24.723, 44.180,0.518357,359.8,260.979,3.53e-01, 17.8, 0.1,  2
2873, 74461,07042019,08032021 194026,   0, 27065.2, 24.751, 44.185,0.517277,359.8,260.894,6.65e-01, 18.1, 0.1,  7
2874, 74462,29032019,09032021 034456, 524, 27055.6, 24.816, 47.507,0.501525,359.8,258.191,8.87e-01, 18.2, -  , - 
2875, 74465,29032019,09032021 041919, 313, 27057.2, 24.769, 44.302,0.518140,359.8,260.490,5.14e-01, 17.3, 6.4, - 
2876, 74467,24032019,09032021 055724, 520, 27061.2, 24.647, 46.198,0.506348,359.8,257.911,2.21e-01, 19.1, 6.4, - 
2877, 74469,24032019,09032021 034417, 381, 27059.3, 24.658, 44.821,0.509338,359.8,259.965,2.64e-01, 19.5, 1.5,154
2878, 74471,09042019,08032021 132435, 351, 27056.5, 24.615, 44.807,0.514437,359.8,260.037,4.18e-01, 19.2, 4.7, - 
2879, 74472,09042019,08032021 203123,  89, 27071.9, 24.676, 41.478,0.387770,359.8,285.771,5.85e-01, 17.9, 6.0, - 
2880, 74473,24032019,09032021 034353, 316, 27070.4, 24.498, 44.656,0.516030,359.8,260.501,5.06e-01, 18.9, 2.8,628
2881, 74474,26032019,08032021 222115, 621, 27078.2, 24.468, 45.139,0.517179,359.8,260.801,7.03e-01, 19.7,23.2, - 
2882, 74475,26032019,09032021 001605,   4, 27084.2, 24.741, 45.504,0.497140,359.8,258.637,3.54e-01, 17.9, 0.8,110
2883, 74476,24032019,09032021 051140,  46, 27030.0, 24.546, 43.332,0.525861,359.8,262.427,6.55e-01, 15.6, 1.6,322
2884, 74477,26032019,09032021 003959, 401, 27070.2, 24.677, 42.190,0.525286,359.8,264.926,8.33e-01, 18.7,39.3, - 
2885, 74478,30032019,08032021 172504,   2, 27072.4, 24.771, 45.107,0.516587,359.8,259.803,5.53e-01, 18.4, 0.1, 14
2886, 74479,28032019,09032021 050401,   2, 27057.2, 24.669, 44.500,0.517725,359.8,259.924,3.14e-01, 16.5, 0.1,  6
2887, 74481,26032019,08032021 234633, 603, 27061.3, 24.849, 42.430,0.535281,359.8,266.229,1.04e+00, 18.4, -  , - 
2888, 74482,24032019,08032021 173433, 496, 27074.0, 24.629, 47.744,0.494475,359.8,256.742,5.20e-02, 18.8,12.1, - 
2889, 74483,24032019,09032021 025326, 387, 27068.9, 24.734, 44.401,0.524061,359.8,261.703,4.72e-01, 18.3,24.1, - 
2890, 74485,24032019,09032021 024152,  16, 27067.7, 24.527, 44.190,0.522775,359.8,261.571,2.72e-01, 18.7, 1.5, 69
2891, 74486,26062019,08032021 142218, 114, 27109.9, 11.022,213.036,0.483033,  0.5,356.483,4.81e-01, 18.5, 3.4,788
2892, 74489,24032019,09032021 033617,  90, 27076.3, 24.634, 44.639,0.512729,359.8,261.076,4.31e-01, 18.6, 2.9,505
2893, 74490,03042019,09032021 032517,  83, 27067.7, 25.154, 44.366,0.526336,359.8,262.249,3.15e-01, 18.6, 3.6,786
2894, 74493,30032019,08032021 195111, 434, 27070.4, 24.959, 43.101,0.535523,359.8,264.136,8.48e-01, 19.4,42.3, - 
2895, 74494,25032019,08032021 215729, 349, 27060.2, 24.580, 44.383,0.524087,359.8,259.816,6.38e-01, 19.2,10.1, - 
2896, 74495,26032019,09032021 010639,  76, 27071.6, 24.728, 44.287,0.515495,359.8,260.922,5.32e-01, 18.5, 2.1,480
2897, 74497,01042019,08032021 214124, 489, 27063.2, 24.817, 43.031,0.525076,359.8,262.979,6.90e-01, 18.4,26.4, - 
2898, 74498,30032019,09032021 022414, 619, 27071.0, 24.802, 48.575,0.492568,359.8,255.269,1.00e-02, 19.0, 0.9,143
2899, 74500,04092011,08032021 164917,   1, 27247.4, 14.185,144.086,0.486471,  0.4, 20.278,1.42e-02, 16.9, 0.1,  1
2900, 74501,22072011,09032021 014001,   1, 27306.4, 27.381,270.435,0.741336,360.0, 61.892,4.97e-02, 16.2, 0.1,  3
2901, 74502,28012014,08032021 235436,   0, 27254.8, 26.859, 67.741,0.746420,359.9, 27.219,3.25e-02, 14.7, 0.1,  1
2902, 74503,22072017,08032021 231943,  65, 27254.2, 67.149,313.705,0.533268,359.9,162.008,2.53e+00, 15.7, 9.1, - 
2903, 74504,03092018,09032021 061856, 183, 27312.0, 21.665,314.487,0.506347,359.8,227.488,2.16e-01, 16.1, 5.6, - 
2904, 74505,03092018,08032021 220942, 565, 27229.6, 21.641,315.605,0.487803,359.8,225.642,1.25e+00, 17.2,52.5, - 
2905, 74506,03092018,08032021 192918,   3, 27229.4, 21.523,309.858,0.508564,359.8,232.575,2.84e-02, 15.7, 0.1,  8
2906, 74507,04092018,08032021 143214, 828, 27247.0, 21.747,320.588,0.481617,359.8,217.689,2.06e-01, 18.5, 5.4,984
2907, 74508,03092018,08032021 163446, 859, 27253.1, 21.795,322.674,0.458525,359.8,213.508,1.96e+00, 18.7,50.6, - 
2908, 74509,05092018,08032021 141755, 543, 27247.4, 21.498,306.936,0.489273,359.8,231.969,2.64e-01, 17.5,14.1, - 
2909, 74510,24032019,08032021 231756, 581, 27070.9, 24.497, 40.955,0.529928,359.8,262.748,5.45e-01, 19.9,45.8, - 
2910, 74512,24032019,09032021 012519, 107, 27068.6, 24.624, 44.036,0.531777,359.8,261.412,2.78e-01, 17.9, 2.5,552
2911, 74514,24032019,09032021 060050, 525, 27053.3, 25.144, 46.392,0.507046,359.8,260.478,5.80e-01, 18.8,13.2, - 
2912, 74517,09062019,08032021 161432, 313, 27032.9, 24.671, 43.520,0.542906,359.8,261.802,4.68e-01, 18.0,15.3, - 
2913, 74519,24032019,08032021 134402, 533, 27064.7, 24.768, 36.364,0.562259,359.8,272.551,9.20e-01, 15.9,20.5, - 
2914, 74520,30062019,09032021 015909, 523, 27272.2, 11.186,199.575,0.499716,  0.6,  4.431,3.94e-01, 17.0,32.4, - 
2915, 74522,30062019,08032021 233425, 127, 27108.6, 13.107,177.722,0.514775,  0.5, 32.145,1.23e+00, 15.9,12.6, - 
2916, 74523,01072019,08032021 152123,   2, 27094.4, 11.324,216.909,0.481809,  0.5,351.724,1.12e-01, 16.6, 0.1,  7
2917, 74525,24032019,08032021 204557, 556, 27047.1, 24.983, 50.856,0.482996,359.8,255.282,4.63e-01, 19.4,26.5, - 
2918, 74528,30032019,09032021 042820, 386, 27070.3, 24.693, 44.318,0.520875,359.8,261.407,6.02e-01, 18.5, 8.8, - 
2919, 74530,24032019,08032021 150656, 524, 27070.0, 24.768, 47.263,0.506784,359.8,257.827,6.11e-01, 18.6,27.0, - 
2920, 74531,26032019,08032021 215258, 376, 27058.0, 24.798, 46.446,0.512519,359.8,257.907,1.02e+00, 19.7,11.9, - 
2921, 74532,08072019,09032021 041937,  13, 27151.2, 10.293,207.411,0.475236,  0.6,  5.213,2.26e+00, 16.7, 0.9,132
2922, 74535,24032019,08032021 191058,  13, 27052.5, 24.671, 44.411,0.514933,359.8,260.179,3.68e-01, 17.6, 0.5,115
2923, 74536,30032019,08032021 215938, 438, 27063.0, 24.109, 49.321,0.470209,359.8,252.534,1.08e+00, 18.7, 7.7, - 
2924, 74537,24032019,08032021 232927, 341, 27080.9, 25.078, 44.257,0.498836,359.8,259.413,8.32e-01, 19.3,25.6, - 
2925, 74538,24032019,09032021 062722, 587, 27074.1, 25.088, 56.297,0.452435,359.8,247.724,4.34e-01, 19.6,63.7, - 
2926, 74540,28032019,09032021 063347, 404, 27044.9, 24.671, 43.048,0.528466,359.8,263.707,9.72e-01, 19.4,61.6, - 
2927, 74542,23032019,08032021 145414, 438, 27069.2, 24.819, 43.674,0.521995,359.8,261.745,5.24e-01, 19.1,30.6, - 
2928, 74543,24032019,08032021 131042, 587, 27066.4, 24.768, 42.215,0.530360,359.8,264.118,6.41e-01, 19.4,41.7, - 
2929, 74546,23032019,08032021 170357, 603, 27074.3, 24.493, 41.677,0.527328,359.8,263.333,2.77e-01, 18.4,24.0, - 
2930, 74556,26032019,08032021 194130, 577, 27047.3, 24.814, 43.563,0.523307,359.8,262.901,6.32e-01, 19.1,60.1, - 
2931, 74557,22072019,08032021 161434,   1, 27158.4, 11.221,217.972,0.447696,  0.5,342.154,6.42e-03, 14.3, 0.1,  1
2932, 74558,23032019,09032021 000957, 564, 27083.2, 24.513, 46.682,0.499902,359.8,256.408,1.38e-02, 19.0, 4.1,929
2933, 74559,26032019,09032021 040321, 190, 27073.0, 24.884, 42.098,0.551833,359.8,257.670,4.33e-01, 18.4, 6.3, - 
2934, 74560,25072019,08032021 224247,   4, 27221.9, 11.433,199.951,0.484670,  0.6,  7.281,7.72e-02, 14.7, 0.1,  4
2935, 74561,02042019,09032021 000859,  84, 27093.6, 24.792, 45.156,0.512867,359.8,260.460,4.48e-01, 17.4, 3.9,884
2936, 74562,26072019,09032021 001236, 560, 27233.4, 12.012,198.164,0.431102,  0.5,359.104,1.08e-01, 17.7, 1.7, 78
2937, 74565,08062019,08032021 193727,   0, 27058.1, 24.652, 43.775,0.518137,359.8,260.868,5.60e-01, 17.8, 0.1,  3
2938, 74567,24032019,08032021 211145, 383, 27040.4, 24.642, 44.251,0.512686,359.8,260.682,3.97e-01, 18.9,15.8, - 
2939, 74568,24032019,08032021 205602, 332, 27079.3, 24.799, 41.864,0.547655,359.8,268.042,3.73e-01, 17.9, 8.8, - 
2940, 74569,24032019,08032021 220651, 441, 27066.8, 24.530, 43.334,0.519084,359.8,260.478,4.92e-01, 19.0, 6.4, - 
2941, 74570,24032019,08032021 185856, 502, 27060.0, 24.651, 44.465,0.519862,359.8,261.623,7.25e-01, 18.8,13.2, - 
2942, 74571,24032019,08032021 212846, 579, 27048.5, 24.945, 42.424,0.529446,359.8,264.070,5.86e-01, 18.9,64.9, - 
2943, 74572,24032019,08032021 233410, 398, 27067.7, 24.784, 43.322,0.525439,359.8,262.050,2.59e-01, 19.0,13.1, - 
2944, 74574,24032019,09032021 070948, 555, 27042.3, 24.624, 29.725,0.577483,359.8,280.659,7.31e-01, 19.3,42.0, - 
2945, 74575,31032019,08032021 212946, 579, 27061.5, 24.802, 42.933,0.528937,359.8,263.479,7.38e-01, 19.1,36.5, - 
2946, 74576,26032019,09032021 005917,   1, 27068.3, 24.766, 44.488,0.515646,359.8,260.333,2.11e-01, 17.6, 0.1,  6
2947, 74578,24032019,09032021 004013, 377, 27053.9, 24.541, 44.743,0.515915,359.8,260.918,7.33e-01, 19.8, 4.0,357
2948, 74579,30032019,08032021 193214, 143, 27060.7, 24.823, 43.067,0.525609,359.8,262.732,7.16e-01, 19.0,25.1, - 
2949, 74580,13082019,09032021 053650,   8, 27251.8, 11.158,219.517,0.439205,  0.5,338.853,1.77e-01, 17.3, 0.2, 30
2950, 74581,02072019,09032021 081248, 615, 27234.1, 26.866,312.267,0.741832,359.8, 17.744,6.98e-01, 17.0, -  ,511
2951, 74583,24032019,09032021 050801, 351, 27060.0, 24.656, 43.581,0.521184,359.8,262.484,6.00e-01, 19.0,27.4, - 
2952, 74584,24032019,09032021 025040, 563, 27057.5, 24.636, 44.316,0.517157,359.8,261.370,4.21e-01, 19.8,10.0, - 
2953, 74585,25082019,08032021 155756, 122, 27109.1, 11.177,204.555,0.448825,  0.5,358.686,8.55e-01, 17.4, 4.3,938
2954, 74586,12082019,09032021 001018,   4, 27179.4, 11.158,218.890,0.437947,  0.5,339.766,8.86e-02, 17.8, 0.1, 12
2955, 74587,27082019,08032021 154026, 141, 27331.2,  9.764,187.118,0.446213,  0.7, 35.443,5.80e+00, 16.2,19.0, - 
2956, 74588,26032019,08032021 233837, 556, 27056.1, 24.515, 46.065,0.503801,359.8,257.995,5.84e-01, 18.0,34.3, - 
2957, 74589,29082019,08032021 170253,  99, 27139.8, 70.052,167.243,0.541700,  0.1, 46.927,1.86e+00, 16.1,12.1, - 
2958, 74590,24082019,08032021 153607, 199, 27220.9, 21.956,320.899,0.408366,359.8,206.732,4.21e+00, 16.2, 8.5,872
2959, 74591,26032019,08032021 211930, 534, 27079.8, 24.673, 42.492,0.526418,359.8,263.275,4.34e-01, 19.0, 5.4,457
2960, 74593,24032019,08032021 190558, 508, 27102.1, 24.668, 46.681,0.504248,359.8,257.170,2.41e-02, 19.3, 0.7,116
2961, 74594,21092019,09032021 015324, 532, 27409.3, 12.332,307.091,0.458062,359.7,275.554,9.29e+00, 17.7,22.9, - 
2962, 74595,30092019,09032021 042918,   0, 27158.6, 11.183,215.000,0.446978,  0.5,345.190,1.40e-01, 17.5, 0.1,  5
2963, 74597,02102019,08032021 220813,  21, 27084.6, 58.260,320.551,0.665889,359.9,249.984,2.60e+00, 16.0, 1.4,310
2964, 74598,29092019,08032021 210514, 479, 27165.2, 21.809,296.496,0.504965,359.9,244.609,2.98e-01, 16.2, 3.5,676
2965, 74599,04102019,09032021 011836, 122, 27090.1, 10.938,204.486,0.358355,  0.6,355.597,2.84e+00, 17.8,82.6, - 
2966, 74600,09092012,09032021 030123, 269, 27276.0, 16.771,120.795,0.664487,  0.2,284.983,1.37e-01, 16.3, 2.7,590
2967, 74601,30082016,09032021 062127,1570, 27258.3,  7.549,105.775,0.735041,  0.2,154.802,5.54e-01, 17.6, -  , - 
2968, 74602,22012018,09032021 004247,1112, 27287.6, 10.537,133.483,0.485379,  0.4,307.373,5.94e+00, 18.2, -  , - 
2969, 74603,04042018,08032021 174700,1043, 27225.6, 29.332, 46.653,0.719046,359.8,177.923,2.20e+00, 17.6, -  , - 
2970, 74604,22022018,09032021 075336, 346, 27173.1, 28.509,171.766,0.735654,  0.2,165.583,7.80e-01, 17.0,53.0, - 
2971, 74605,03092018,09032021 005201, 847, 27306.3, 21.372,310.560,0.476674,359.8,230.381,3.48e+00, 18.5, -  , - 
2972, 74606,03092018,09032021 043709, 887, 27284.5, 21.395,310.841,0.488106,359.8,231.329,3.01e+00, 18.8, -  , - 
2973, 74607,03102018,08032021 211603, 847, 27294.4, 21.698,320.371,0.422621,359.8,211.466,5.10e+00, 18.1,70.3, - 
2974, 74608,06042019,09032021 000035,   1, 27261.7, 11.007,218.247,0.442235,  0.5,341.667,6.49e-01, 17.3, 0.1,  5
2975, 74609,06042019,09032021 083802, 696, 27222.0,  7.392,146.184,0.480746,  0.8, 98.379,1.09e+01, 16.2, -  , - 
2976, 74610,06042019,09032021 064755,  17, 27293.7, 10.682,217.583,0.424128,  0.5,340.712,1.34e+00, 17.0, 3.6,794
2977, 74611,12062019,08032021 205038, 517, 27275.5, 10.326,213.852,0.505572,  0.5,349.568,6.01e+00, 16.2, -  , - 
2978, 74612,26062019,08032021 223629, 168, 27292.1,  9.207,210.644,0.407068,  0.6, 12.878,1.97e+00, 16.8, 7.7, - 
2979, 74613,14082019,08032021 201005,  19, 27307.3, 11.147,217.817,0.433742,  0.5,338.111,1.29e-01, 17.8, 0.1, 20
2980, 74615,01112019,09032021 041250, 143, 27180.6, 21.486,309.201,0.507168,359.8,234.556,2.13e-01, 16.9, 1.5,322
2981, 74616,19112019,08032021 235727, 144, 27299.6,  9.588,210.445,0.456318,  0.6,355.446,4.96e+00, 13.9,29.2, - 
2982, 74617,21112019,08032021 173644, 352, 27134.8, 11.377,204.609,0.457603,  0.5,357.835,1.94e-01, 15.3, 2.7,593
2983, 74619,23112019,08032021 235617, 145, 27233.9, 11.170,215.014,0.453338,  0.5,347.021,5.82e-02, 16.8, 0.3, 53
2984, 74620,28112019,09032021 020406, 431, 27146.4, 11.369,208.359,0.496938,  0.5,  3.575,8.21e-01, 17.9, 7.4, - 
2985, 74621,04122019,09032021 013511, 393, 16127.7, 27.425,301.619,0.581296,359.9,358.099,2.15e+00, 16.3, 7.0, - 
2986, 74630,29042020,08032021 171602, 312, 27184.9,  9.949,147.001,0.564457,  0.6,296.265,5.84e-01, 18.3,55.7, - 
2987, 74631,10052020,09032021 014648, 274, 27145.9, 65.941,346.701,0.663663,359.9, 41.503,1.31e+00, 15.2, 7.4, - 
2988, 74632,18062020,08032021 185326,  61, 27240.5, 11.784,199.247,0.520724,  0.5, 25.103,1.72e+00, 13.4,14.9, - 
2989, 74633,20012019,08032021 155533,   3, 27224.8, 71.431,182.749,0.530580,  0.1,  7.717,2.02e-01, 14.5, 0.6, 82
2990, 74634,22092020,09032021 030753,  60, 27116.7, 11.373,226.257,0.447634,  0.4,334.510,5.46e-02, 16.5, 0.5, 99
2991, 74635,07102020,09032021 012517, 134, 27397.8, 21.756,314.426,0.403490,359.8,218.905,6.40e+00, 17.5, 3.9,889
2992, 74636,13102020,08032021 232731,  39, 27198.9, 65.195,163.445,0.679763,  0.1, 24.407,1.09e+00, 16.7, 0.4, 75
2993, 74637,20102020,08032021 224932,  62, 27121.7, 10.018,204.152,0.469594,  0.6, 11.032,4.75e+00, 13.2,19.1, - 
2994, 74638,11112020,09032021 023549,  81, 27091.0, 21.895,321.231,0.483462,359.8,219.563,3.67e-01, 17.1, 0.3, 33
2995, 74639,30122018,09032021 012443, 119, 27063.4, 26.059,284.467,0.728818,359.9, 82.644,1.12e-01, 16.8, 3.6,623
2996, 74700,09092013,09032021 055246,2733, 27269.4, 20.041,166.158,0.600786,  0.3, 20.118,2.83e+00, 17.0, -  , - 
2997, 74701,07032016,09032021 013041, 666, 27289.2, 56.729,267.553,0.500903,  0.0, 22.649,9.53e-01, 17.3,52.0, - 
2998, 74702,21042013,09032021 111349,   2, 27326.2, 27.132,267.020,0.741112,  0.0, 74.199,4.72e-02, 13.6, 0.1,  8
2999, 74703,03092018,08032021 150702, 851, 27281.8, 21.738,318.903,0.500328,359.8,220.345,1.78e-02, 18.8,67.6, - 
3000, 74704,07092018,08032021 153416, 303, 27310.0, 21.476,311.229,0.497786,359.8,230.708,1.31e+00, 14.4, -  ,734
3001, 74705,03092018,09032021 061925, 564, 27277.3, 21.028,305.830,0.583608,359.8,224.469,1.20e-01, 18.8,11.6, - 
3002, 74706,31032019,08032021 172152, 491, 27283.9, 11.499,130.553,0.540486,  0.4,315.245,1.70e+00, 17.7,52.7, - 
3003, 74707,09082019,09032021 053059, 152, 27293.6,  8.751,223.617,0.376354,  0.6,357.721,3.98e+00, 17.7,24.0, - 
3004, 74709,29082019,09032021 041717, 138, 27310.7,  9.487,224.929,0.418421,  0.5,325.277,3.97e+00, 19.2,89.7, - 
3005, 74710,30082019,09032021 050955, 167, 27344.1, 13.576,160.895,0.448754,  0.5, 50.955,5.94e+00, 15.4,49.8, - 
3006, 74711,02122019,08032021 184458,  14, 27243.9, 25.939,147.982,0.741130,  0.2,251.235,7.80e-01, 17.6, 0.3, 46
3007, 74712,14102020,08032021 213248, 144, 27283.4, 11.260,212.135,0.440704,  0.5,345.051,2.28e-02, 18.9, 0.1,  4
3008, 74801,03092018,08032021 230930,   2, 27304.7, 21.687,314.137,0.518799,359.8,229.922,2.42e-01, 15.1, 0.1, 13
3009, 74802,03092018,09032021 025558, 487, 27309.8, 22.000,322.461,0.487019,359.8,213.829,1.95e-01, 18.8,61.5, - 
3010, 74803,03092018,08032021 175249, 578, 27180.7, 21.429,311.515,0.493392,359.8,232.437,1.74e-01, 16.8,24.4, - 
3011, 74804,03092018,09032021 044408,   6, 27301.5, 21.825,318.977,0.504456,359.8,222.365,2.19e-01, 16.1, 0.1, 26
3012, 74805,03092018,09032021 001821, 603, 27293.9, 21.762,310.991,0.519041,359.8,231.881,9.29e-02, 18.9, 7.3,876
3013, 74806,03092018,08032021 210031, 543, 27317.7, 21.649,314.784,0.505789,359.8,226.950,2.88e-01, 16.7, 7.3, - 
3014, 74807,06112018,09032021 002345, 818, 27314.3, 12.300,214.569,0.546458,  0.4,124.488,1.09e+00, 17.7,30.7, - 
3015, 74808,06122018,09032021 042809, 818, 27300.3, 21.650,318.836,0.456199,359.8,217.162,3.22e+00, 19.2,31.0, - 
3016, 74809,09042019,09032021 093244,   1, 27312.3, 11.213,213.903,0.444678,  0.5,343.921,5.42e-02, 17.1, 0.1,  4
3017, 74810,01072019,09032021 010539,   8, 27366.4, 10.445,194.092,0.455704,  0.6, 20.079,1.59e+00, 16.6, 0.9,213
3018, 74811,01072019,08032021 150441, 169, 27321.2, 11.109,199.555,0.482348,  0.6,  9.014,7.18e-01, 17.8, 7.3, - 
3019, 74813,31102019,09032021 040733, 477, 27258.3, 25.633,139.790,0.743195,  0.2,264.026,1.08e+00, 14.1, -  ,529
3020, 74815,07052020,09032021 025457,  61, 27270.9, 25.799,205.051,0.724512,  0.2,158.115,2.27e-01, 17.0, 4.5,935
3021, 74900,06072011,08032021 213133,   3, 27378.2, 27.523,  3.335,0.722965,359.7,300.876,8.02e-02, 14.3, 0.1, 10
3022, 74901,02102008,08032021 200657, 107, 27353.9, 62.742,261.474,0.683166,  0.0,265.724,1.27e-01, 13.0, 1.3,261
3023, 74902,17102012,08032021 231521,   1, 27443.8, 25.507,111.075,0.744314,  0.1,328.773,3.85e-02, 15.2, 0.1,  2
3024, 74903,19102017,08032021 213000,   3, 27335.8, 17.284,122.226,0.678098,  0.2,274.720,1.64e+00, 17.1, 0.2, 22
3025, 74904,03092018,09032021 000254,   7, 27335.2, 21.556,312.572,0.510243,359.8,229.159,2.44e-01, 16.4, 0.2, 44
3026, 74905,03092018,09032021 013747, 385, 27331.9, 21.658,318.887,0.480648,359.8,216.231,1.92e-02, 17.8, 0.5, 50
3027, 74906,03092018,09032021 051020, 532, 27358.6, 21.520,310.349,0.508048,359.8,233.085,1.55e-01, 18.3, 2.3,171
3028, 74907,07092018,08032021 200937, 523, 27335.4, 21.298,308.825,0.510315,359.8,236.630,9.78e-01, 17.1,41.7, - 
3029, 74908,07092018,08032021 142304,  90, 27344.4, 21.466,307.507,0.523483,359.8,237.147,2.05e-01, 17.4, 1.6,292
3030, 74909,08042019,09032021 010241,   1, 27302.9, 11.132,215.672,0.447160,  0.5,346.229,6.37e-01, 16.5, 0.2, 36
3031, 74910,08042019,08032021 164240, 100, 27416.2, 11.221,211.456,0.473302,  0.5,351.043,3.90e-02, 17.9, 1.2,201
3032, 74911,09042019,09032021 004955, 142, 27294.2, 10.840,217.950,0.447431,  0.5,345.651,1.09e+00, 17.2,10.8, - 
3033, 74912,03062019,09032021 023354, 559, 27357.1, 10.779,209.076,0.344654,  0.5,346.477,3.53e+00, 17.7,81.3, - 
3034, 74913,23052019,08032021 191013,   1, 27353.2, 10.796,212.127,0.445945,  0.5,349.497,1.19e+00, 17.1, 0.1, 10
3035, 74914,24072019,08032021 134657,  65, 27427.1, 21.239,314.370,0.462668,359.8,223.791,2.81e+00, 17.7, 6.1, - 
3036, 74916,23102020,09032021 083654, 115, 27344.9,  9.852,203.522,0.435716,  0.6, 10.635,4.01e+00, 17.3, 7.8, - 
3037, 75000,07012014,08032021 175440, 114, 27385.7, 25.673,291.146,0.719023,359.9,  9.644,2.03e+00, 15.6, 5.3,611
3038, 75001,18082017,08032021 194517, 333, 27338.4, 25.456,139.869,0.740750,  0.2,271.126,3.14e-01, 16.1,18.1,989
3039, 75002,30032018,08032021 203719, 805, 27220.1, 26.414,223.379,0.726602,  0.2,121.359,2.24e+00, 16.1, -  , - 
3040, 75003,03092018,08032021 202041, 564, 27384.7, 20.753,297.772,0.567153,359.8,245.600,9.99e-01, 17.4,32.8, - 
3041, 75004,03092018,08032021 215527,  26, 27356.6, 21.554,313.475,0.501906,359.8,226.449,2.32e-01, 18.4, 0.2, 53
3042, 75005,04122018,09032021 034422, 462, 27471.7, 25.479,291.204,0.720986,359.9, 21.810,3.20e+00, 15.1, -  , - 
3043, 75006,23082019,08032021 225433, 491, 27394.0, 21.519,309.722,0.497037,359.8,230.192,9.91e-01, 17.6,23.4, - 
3044, 75007,29082019,09032021 011732, 526, 27356.9, 13.299,184.147,0.452811,  0.5, 13.053,1.88e-01, 18.1,34.8, - 
3045, 75008,22102019,08032021 153945, 501, 27379.5, 12.412,276.334,0.326186,359.9,334.562,9.03e+00, 17.5,89.9, - 
3046, 75100,17102012,09032021 054828,3027, 27393.1, 62.296,181.525,0.616277,  0.1,202.444,3.04e+00, 16.5,79.3, - 
3047, 75101,20112016,09032021 011624,   1, 27391.4, 13.288,194.960,0.481781,  0.5,210.530,8.63e-03, 17.1, 0.1,  1
3048, 75102,14022018,08032021 132625, 718, 27395.6, 62.625,217.311,0.628760,  0.1,266.867,1.61e-01, 16.3, 7.5, - 
3049, 75103,02092018,08032021 202130, 855, 27426.4, 21.845,324.493,0.434141,359.7,207.908,2.14e+00, 18.1, -  , - 
3050, 75104,03092018,08032021 221719,  15, 27375.2, 21.509,311.400,0.507831,359.8,228.923,3.07e-02, 18.4, 0.1,  9
3051, 75105,02092018,09032021 045124,   1, 27382.0, 21.635,315.648,0.503327,359.8,224.118,8.42e-02, 16.4, 0.1,  7
3052, 75106,02092018,08032021 195049,   1, 27383.7, 21.457,307.559,0.514011,359.8,233.977,1.63e-01, 13.6, 0.1, 12
3053, 75107,05092018,08032021 143623, 159, 27381.1, 21.734,303.501,0.498875,359.8,233.570,1.46e-01, 13.3, 1.4,310
3054, 75108,06092018,08032021 172748,   7, 27370.8, 22.494,325.560,0.515944,359.8,215.895,4.26e-02, 16.9, 0.1,  7
3055, 75109,09042019,09032021 043907, 192, 27480.6, 11.148,223.537,0.427112,  0.4,328.818,6.34e-01, 16.8,21.1, - 
3056, 75110,22062019,08032021 200902,   3, 27389.7, 11.164,219.995,0.443495,  0.5,337.034,1.05e-01, 16.7, 0.1, 16
3057, 75111,04072019,08032021 210736, 187, 27473.3, 21.581,316.789,0.441315,359.8,220.408,3.05e+00, 14.5,20.1, - 
3058, 75112,23072019,08032021 152114, 563, 27577.8, 22.215,334.270,0.356020,359.7,195.243,5.73e+00, 17.1,18.1, - 
3059, 75113,26082019,09032021 085336,  99, 27415.3, 10.915,203.792,0.500478,  0.6,  8.419,8.05e-01, 17.7, 8.4, - 
3060, 75115,10122020,09032021 033136,  83, 27539.9, 27.834,  2.340,0.681625,359.8,245.320,1.81e+00, 16.4,30.9, - 
3061, 75116,02042020,09032021 042355,   2, 27413.3, 26.685,311.653,0.733902,359.8, 29.470,3.72e-02, 16.7, 0.1,  5
3062, 75200,13092012,08032021 194240,   3, 27403.8, 70.046,272.111,0.443002,360.0,114.569,2.28e+00, 14.8, 0.1,  9
3063, 75201,15092014,08032021 133239,   0, 27456.1, 25.468,150.527,0.739189,  0.2,253.657,9.09e-02, 11.9, 0.1,  1
3064, 75202,03022014,08032021 200438, 854, 27590.4, 24.667,312.086,0.713778,359.8,  1.155,2.63e+00, 17.2, -  , - 
3065, 75203,28072016,08032021 122645,   1, 42166.0,  2.766,345.433,0.000415,357.7, 88.114,3.12e-02, 10.3, 0.1,  1
3066, 75204,16062014,08032021 222029, 379, 27447.0, 25.294,118.584,0.744547,  0.1,315.670,2.84e-01, 17.1,25.2,513
3067, 75205,22082017,08032021 141237,1167, 27731.7,  6.101, 86.093,0.551433,359.9,276.313,5.50e+01, 17.9, -  , - 
3068, 75206,08072018,09032021 023147, 349, 27407.8, 67.807,  0.304,0.593701,359.9, 70.259,1.32e+00, 14.9,92.2, - 
3069, 75207,06092018,09032021 003634,  15, 27397.4, 22.351,324.722,0.514103,359.8,216.250,6.76e-02, 17.8, 0.1, 17
3070, 75208,06092018,08032021 211539,  12, 27420.7, 21.543,317.067,0.479739,359.8,220.243,1.89e+00, 17.7, 0.2, 28
3071, 75209,06092018,09032021 003714, 905, 27401.3, 21.653,319.138,0.481724,359.8,217.747,1.09e+00, 18.5,34.0, - 
3072, 75210,07092018,08032021 135029, 847, 27399.4, 21.610,318.584,0.486470,359.8,218.992,1.46e+00, 18.8, -  , - 
3073, 75211,07092018,08032021 225028,  13, 27432.2, 21.576,316.352,0.493289,359.8,221.576,1.05e+00, 18.3, 0.2, 41
3074, 75212,04092018,08032021 203607, 821, 27454.7, 21.620,319.938,0.464521,359.8,213.836,9.94e-01, 18.8,51.9, - 
3075, 75213,14092018,08032021 163455, 459, 27399.7, 20.651,318.084,0.456832,359.8,217.612,1.36e-01, 17.2,15.2, - 
3076, 75214,14092018,08032021 145625, 834, 27441.2, 21.430,309.962,0.459788,359.8,228.193,3.71e+00, 18.7, -  , - 
3077, 75215,30082018,08032021 222108, 504, 27447.7, 21.626,320.137,0.404992,359.8,212.564,3.90e+00, 18.3, -  , - 
3078, 75216,11112018,08032021 201654, 492, 27405.9, 21.930,322.944,0.457682,359.8,207.875,2.07e+00, 17.7,96.6, - 
3079, 75217,09042019,08032021 164154,   3, 27416.1, 11.219,211.466,0.473433,  0.5,351.075,3.49e-02, 17.4, 0.1,  1
3080, 75218,09042019,09032021 031706,   0, 27434.9, 11.168,204.737,0.481261,  0.5,  0.597,6.31e-01, 17.0, 0.1, 16
3081, 75219,09042019,08032021 185001,  88, 27411.8, 10.610,208.797,0.458877,  0.6,355.577,1.52e+00, 19.0, 7.0, - 
3082, 75220,24082019,09032021 064451, 140, 27413.3, 21.537,312.128,0.505735,359.8,227.320,9.80e-02, 18.0, 1.6,356
3083, 75222,03102019,09032021 034322,   9, 27401.7, 21.745,314.994,0.465995,359.8,217.734,2.48e-01, 14.8, 0.2, 43
3084, 75300,12092012,08032021 214534, 728, 27472.5, 17.720,144.488,0.674447,  0.3,233.686,2.00e+00, 17.2,27.9, - 
3085, 75301,07122012,08032021 173522,   2, 27472.8, 26.352,177.559,0.730841,  0.3,195.773,2.80e-02, 14.8, 0.1,  2
3086, 75302,31012014,09032021 033846,   2, 27494.6, 25.155,143.465,0.740840,  0.2,271.940,2.25e-02, 16.5, 0.1,  2
3087, 75303,26122013,08032021 212508,   2, 27476.7, 25.834,155.858,0.738178,  0.2,238.980,1.10e-01, 15.9, 0.1,  8
3088, 75304,22082017,09032021 100612,  31, 27366.5, 26.940,328.161,0.747500,359.8,133.230,4.84e-02, 15.8, 0.5, 43
3089, 75305,05092018,08032021 230127, 823, 27455.8, 22.026,329.210,0.447845,359.7,202.736,2.94e+00, 18.3,46.2, - 
3090, 75306,03092018,08032021 222207, 143, 27604.7, 21.748,318.873,0.351411,359.8,212.559,6.99e-01, 16.5,27.6, - 
3091, 75307,17072017,09032021 033144, 586, 27401.8, 23.274,316.122,0.725233,359.8,109.036,9.21e-02, 18.3,16.1, - 
3092, 75308,09112018,08032021 212713, 820, 27449.3, 21.667,320.165,0.471311,359.8,214.619,1.58e+00, 18.7,41.7, - 
3093, 75309,08042019,08032021 135838, 516, 27426.2, 11.441,200.885,0.464646,  0.5,358.504,2.60e-01, 17.2, 9.6, - 
3094, 75310,15052019,09032021 074925, 143, 27483.6, 13.914,195.654,0.605895,  0.5, 30.647,2.98e-01, 18.4, 2.2,397
3095, 75400,15102012,09032021 052041,   2, 27504.7, 25.868,164.566,0.734865,  0.3,224.899,1.00e-02, 15.0, 0.1,  3
3096, 75401,04082016,09032021 084839,  39, 27445.9, 23.615, 75.967,0.747201,359.9, 78.956,1.35e-01, 16.3, 0.6, 45
3097, 75402,02092018,08032021 161220,   4, 27465.3, 21.606,315.448,0.497050,359.8,222.206,4.97e-02, 16.7, 0.1,  6
3098, 75403,02092018,09032021 012934, 574, 27463.1, 22.158,327.396,0.491301,359.7,209.024,2.64e-01, 18.5,10.8,732
3099, 75404,08042019,08032021 231412, 338, 27449.8, 11.631,201.037,0.457290,  0.5,357.251,2.82e-01, 17.5, 9.1, - 
3100, 75405,08042019,08032021 203945,  10, 27459.7, 11.280,210.091,0.459539,  0.5,348.756,1.90e-02, 17.0, 0.1, 10
3101, 75406,07042019,08032021 142931,  42, 27449.1, 11.252,214.908,0.412577,  0.5,335.419,1.48e-01, 18.0, 1.3,293
3102, 75407,06042019,08032021 193618,   1, 27458.1, 11.138,223.318,0.425397,  0.4,329.367,1.00e-01, 16.7, 0.1,  8
3103, 75408,24082019,09032021 012358, 500, 27491.5, 21.587,319.000,0.481656,359.8,219.531,1.65e+00, 17.6,32.1, - 
3104, 75500,19092012,09032021 070923,   1, 27164.3, 26.180, 46.657,0.749569,359.8, 79.083,4.02e-03, 15.4, 0.1,  2
3105, 75501,11102012,09032021 054822,   1, 27421.5, 25.745, 76.866,0.746692,359.9, 36.618,3.21e-02, 17.3, 0.1,  2
3106, 75502,24122016,08032021 201515, 759, 27501.9, 27.447,277.741,0.744053,360.0, 51.086,1.81e-02, 15.8, 5.9,207
3107, 75503,02092018,09032021 004201,   3, 27470.9, 21.683,317.912,0.502042,359.8,220.388,1.84e-01, 15.3, 0.1, 23
3108, 75504,03092018,08032021 223932, 137, 27469.3, 21.774,320.805,0.496748,359.8,216.683,1.10e-01, 17.7, 0.6,109
3109, 75505,03092018,08032021 190753, 134, 27415.6, 21.457,316.961,0.483890,359.8,221.924,1.91e+00, 18.3,14.9, - 
3110, 75506,02092018,08032021 172126, 540, 27475.3, 22.160,327.271,0.493680,359.7,209.588,8.66e-02, 17.3, 3.7,742
3111, 75507,02092018,08032021 235052, 885, 27520.4, 21.997,330.370,0.412494,359.7,196.022,5.26e+00, 18.0,53.9, - 
3112, 75508,07092018,08032021 134451, 813, 27503.0, 21.185,303.509,0.484949,359.8,239.969,2.52e+00, 17.8, -  , - 
3113, 75509,06122018,08032021 225233,   4, 27479.9, 21.641,317.013,0.500946,359.8,220.988,1.39e-01, 17.7, 0.2, 35
3114, 75510,06042019,08032021 193359,   3, 27471.7, 11.162,206.434,0.445079,  0.5,353.102,8.51e-01, 16.7, 0.3, 53
3115, 75511,07042019,08032021 231139,   1, 27489.2, 11.379,207.544,0.449366,  0.5,348.927,9.40e-02, 14.3, 0.1,  4
3116, 75512,06042019,09032021 010900,   2, 27477.5, 11.158,218.813,0.442320,  0.5,336.814,9.59e-02, 17.0, 0.1,  5
3117, 75513,27062019,08032021 194240, 144, 27484.5, 11.132,222.448,0.437200,  0.4,332.325,1.63e-02, 17.8, 0.3, 49
3118, 75514,18112019,08032021 235949, 431, 27509.4, 21.447,307.475,0.484923,359.8,231.525,4.00e+00, 18.4, 7.9, - 
3119, 75515,21102020,09032021 011750,  45, 27489.3, 10.592,222.635,0.391867,  0.5,348.710,5.56e+00, 16.2, 7.1, - 
3120, 75600,18102012,08032021 162410,   2, 27520.7, 25.302,168.393,0.734636,  0.3,228.911,1.09e-02, 16.1, 0.1,  1
3121, 75601,30012014,09032021 020321, 951, 27423.0, 26.918,290.171,0.720158,359.9,  5.711,4.16e+00, 14.0, -  , - 
3122, 75602,21032018,08032021 221616, 945, 27705.3,  3.528,290.770,0.403266,359.4, 76.991,5.52e+01, 17.9, -  , - 
3123, 75603,02092018,08032021 145424,   3, 27503.2, 21.725,321.326,0.481806,359.8,213.044,4.24e-02, 16.4, 0.1,  3
3124, 75604,02092018,08032021 211152, 558, 27524.1, 21.566,314.337,0.491622,359.8,212.677,1.26e-01, 17.9, 6.8,884
3125, 75605,02092018,09032021 043155,  90, 27540.2, 21.644,320.506,0.467603,359.8,213.560,3.05e+00, 18.5,29.9, - 
3126, 75606,03102018,08032021 213336, 847, 27546.3, 21.716,324.027,0.445081,359.7,206.543,2.70e+00, 17.4, -  , - 
3127, 75607,07042019,08032021 232235,   1, 27501.8, 11.157,218.599,0.442012,  0.5,336.491,6.32e-02, 14.0, 0.1,  3
3128, 75608,08042019,08032021 215401,   1, 27504.7, 11.859,199.189,0.450570,  0.5,356.954,2.01e-01, 14.6, 0.1,  7
3129, 75609,15052019,09032021 043107, 632, 27673.0, 10.600,101.598,0.433235,  0.1,158.862,6.66e+00, 17.0, -  , - 
3130, 75610,03072019,08032021 223334, 165, 27565.9, 10.089,185.304,0.424864,  0.7, 31.389,1.26e+00, 16.7,55.8, - 
3131, 75612,30062019,08032021 213748,  31, 27540.9, 11.037,213.613,0.454831,  0.5,345.610,7.18e-01, 16.9, 1.7,363
3132, 75613,10072019,08032021 202346, 504, 27532.4, 11.887,184.569,0.505289,  0.6, 29.202,4.12e+00, 16.8, -  , - 
3133, 75614,29082019,08032021 192021,  62, 27522.6, 13.109,175.594,0.431014,  0.5, 33.612,6.32e+00, 15.4,26.4, - 
3134, 75615,02092019,09032021 022258, 114, 27519.6, 11.162,218.783,0.443769,  0.5,336.361,3.57e-02, 18.0, 0.1,  5
3135, 75616,05102019,08032021 165141,  47, 27537.1, 10.735,214.336,0.457939,  0.5,354.264,3.27e+00, 16.3,22.6, - 
3136, 75617,24122019,09032021 014424, 333, 27523.1, 11.706,193.725,0.492091,  0.6, 11.785,1.67e-01, 16.5, 5.8, - 
3137, 75700,02092018,08032021 162034,  61, 27534.7, 21.989,330.196,0.459367,359.7,200.974,6.43e-02, 17.9, 0.4, 84
3138, 75701,02092018,08032021 210648,   2, 27529.5, 21.606,315.979,0.494793,359.8,219.874,1.00e-02, 16.4, 0.1,  1
3139, 75702,02092018,08032021 211535, 317, 27519.2, 21.511,319.694,0.489603,359.8,215.424,1.32e-01, 17.8, 4.0,811
3140, 75703,02092018,08032021 210541, 706, 27439.5, 22.095,325.188,0.497481,359.7,209.273,2.31e-01, 16.9,27.1, - 
3141, 75704,02092018,09032021 002101, 777, 27515.4, 21.719,324.064,0.443951,359.7,209.332,7.28e-01, 16.1,18.7, - 
3142, 75705,06092018,09032021 051322,   4, 27536.0, 22.321,331.020,0.487790,359.7,203.839,7.59e-02, 18.4, 0.1,  3
3143, 75706,05102018,09032021 045735, 885, 27518.8, 21.978,323.443,0.503553,359.8,214.678,2.78e-01, 19.0,73.5, - 
3144, 75707,03112018,08032021 202709, 181, 27552.3, 21.759,325.286,0.439705,359.7,205.576,2.92e+00, 18.3,11.3, - 
3145, 75708,03112018,08032021 200757, 566, 27549.1, 21.567,318.956,0.472879,359.8,216.133,2.54e+00, 18.7, 7.4, - 
3146, 75709,11112018,08032021 192402,  13, 27514.2, 21.744,322.298,0.477520,359.8,211.616,6.32e-01, 16.8, 0.5,110
3147, 75710,03072019,09032021 020909, 558, 27617.6,  4.699,184.118,0.151663,  1.4, 51.688,1.47e+00, 17.3,17.0, - 
3148, 75711,12072019,08032021 215509, 106, 27523.3, 22.137,327.251,0.493989,359.7,209.370,1.96e-01, 16.9, 3.6,789
3149, 75712,20072019,08032021 171041, 198, 27476.3, 10.386,219.564,0.361455,  0.5,336.968,5.28e+00, 14.9,82.1, - 
3150, 75713,21042019,09032021 040258, 138, 27490.4,  9.999,202.775,0.356390,  0.6,  1.773,5.60e+00, 16.1, -  , - 
3151, 75714,31072019,08032021 211903, 474, 27555.1, 11.724,244.498,0.364617,  0.2,321.300,1.56e+00, 17.6,64.2, - 
3152, 75716,29082019,09032021 080129, 518, 27580.4, 11.271,246.044,0.346447,  0.2,304.579,3.64e+00, 17.9, -  , - 
3153, 75717,31082019,09032021 011640, 142, 27547.1, 11.425,216.815,0.438338,  0.5,333.496,6.07e-01, 16.7, 7.9, - 
3154, 75718,19092019,08032021 191339, 167, 27651.6,  8.096,161.370,0.443170,  0.8, 73.177,1.28e+01, 16.7,35.4, - 
3155, 75719,27032020,09032021 054619,   1, 27523.9, 72.761,332.239,0.378204,359.9, 88.231,3.25e-01, 15.1, 0.1, 14
3156, 75720,29042020,08032021 173736, 310, 27554.6, 71.165,  8.443,0.579836,359.9,348.421,2.00e+00, 16.3, 2.9,633
3157, 75800,18092012,08032021 195454,   0, 27603.3, 27.715,350.434,0.730154,359.8,316.488,3.54e-02, 15.8, 0.1,  1
3158, 75801,05082013,08032021 191624,   2, 27579.1, 27.704,  3.417,0.727195,359.8,296.537,1.02e-01, 15.8, 0.1,  4
3159, 75802,18082014,09032021 082014, 660, 27537.5, 14.571, 18.340,0.575782,359.6,125.996,3.24e+00, 17.0, -  , - 
3160, 75803,03092018,09032021 021225,   4, 27544.2, 21.797,322.795,0.490773,359.8,212.613,1.17e-01, 15.8, 0.1, 18
3161, 75804,02092018,08032021 233947, 888, 27595.5, 21.497,314.491,0.478366,359.8,220.570,1.23e+00, 18.7, -  , - 
3162, 75805,06092018,08032021 204209, 906, 27541.9, 22.323,331.155,0.485689,359.7,203.348,1.88e-01, 18.0,11.0, - 
3163, 75806,08042019,08032021 154719,   1, 27564.9, 11.347,208.039,0.461215,  0.5,349.825,1.58e-02, 16.1, 0.1,  1
3164, 75807,09042019,08032021 170920, 114, 27552.6, 10.260,210.010,0.459620,  0.6,357.441,1.07e+00, 17.1,26.1, - 
3165, 75808,27062019,09032021 004639,  26, 27567.6, 10.619,232.835,0.437495,  0.4,323.688,2.61e+00, 16.6, 8.0, - 
3166, 75809,28072019,09032021 030441, 250, 27653.2, 12.569,136.029,0.514311,  0.4,100.618,4.56e+00, 17.2,80.6, - 
3167, 75810,04082019,08032021 233418, 101, 27562.9, 11.392,202.978,0.478357,  0.5,359.505,2.24e-01, 14.7, 2.0,459
3168, 75811,21082019,08032021 225225, 432, 27625.3, 21.232,327.240,0.461128,359.7,213.574,2.35e+00, 18.0,10.3, - 
3169, 75812,23092019,08032021 215041, 136, 27634.4,  9.351,222.155,0.352568,  0.5,341.120,4.22e+00, 16.5,47.3, - 
3170, 75813,26092019,09032021 052524,   3, 27557.9, 63.558,168.369,0.546314,  0.1,311.731,1.30e+00, 15.5, 0.1,  7
3171, 75814,02102019,08032021 171834, 139, 27553.8, 11.143,213.722,0.478618,  0.5,348.280,7.19e-02, 17.5, 0.2, 31
3172, 75815,29092019,09032021 011837, 503, 27693.3,  8.020,253.965,0.162562,  0.2,249.024,3.91e+00, 18.2, -  , - 
3173, 75901,24102017,08032021 235319, 614, 27569.1, 57.623,250.456,0.632197,  0.0,294.959,4.65e+00, 16.4,17.7, - 
3174, 75902,02092018,08032021 213504, 387, 27582.5, 21.627,322.148,0.485170,359.8,211.346,7.48e-02, 17.6, 8.6, - 
3175, 75903,02092018,08032021 181758, 128, 27586.9, 21.424,308.612,0.523858,359.8,233.004,2.95e-01, 16.3, 2.9,619
3176, 75904,05092018,08032021 153530, 492, 27564.8, 22.200,319.149,0.525058,359.8,223.357,4.98e-02, 18.3, 0.9,162
3177, 75905,05092018,08032021 174449, 526, 27588.1, 21.757,325.306,0.450972,359.7,204.329,1.52e+00, 18.8,27.9, - 
3178, 75906,05092018,08032021 221725, 853, 27579.6, 21.706,318.635,0.492949,359.8,217.590,1.32e-01, 18.8,22.3, - 
3179, 75907,14092018,09032021 042429, 488, 27567.7, 22.117,318.434,0.516123,359.8,223.662,9.75e-02, 15.7, 3.4,658
3180, 75908,08112018,08032021 214643, 725, 27568.0, 21.802,326.653,0.452060,359.7,205.203,2.16e+00, 17.1,82.9, - 
3181, 75909,10112018,09032021 052817,   2, 27705.0, 21.742,322.370,0.488139,359.8,210.263,2.18e-01, 14.0, 0.1, 15
3182, 75910,03042019,08032021 175150, 562, 27613.0, 22.088,330.920,0.450741,359.7,199.614,2.45e+00, 17.8,86.7, - 
3183, 75911,20062019,09032021 092053, 226, 27606.3, 11.467,220.154,0.476400,  0.4,331.167,4.23e-01, 17.8,25.6, - 
3184, 75912,26082019,08032021 221211, 169, 27588.8, 10.610,211.803,0.459547,  0.5,  0.418,1.72e+00, 17.6,42.5, - 
3185, 76000,28092012,09032021 062912,   3, 27608.5, 63.747, 50.307,0.701258,359.9,262.681,1.50e-01, 14.4, 0.1, 12
3186, 76001,31012014,09032021 031950,   0, 27638.4, 25.744,204.689,0.728570,  0.2,160.484,3.37e-02, 14.3, 0.1,  1
3187, 76002,15012015,08032021 152458,1461, 27594.0, 74.195,346.302,0.513653,359.9,254.889,2.81e-01, 14.9,22.6, - 
3188, 76003,10032016,09032021 060312,1064, 27702.8, 28.177, 16.184,0.690339,359.8,218.576,1.61e+00, 15.7,25.5, - 
3189, 76004,08112016,09032021 022058,   3, 27594.2, 12.570,220.782,0.469050,  0.4,124.748,7.80e-03, 17.0, 0.1,  1
3190, 76005,30042017,09032021 041425,  25, 27616.6, 11.368, 79.991,0.497947,359.9,155.294,3.67e-01, 15.2, 1.3,272
3191, 76006,09032018,09032021 015755, 284, 25205.3, 63.568, 26.430,0.735214,359.9, 38.949,2.43e+00, 15.5,53.3, - 
3192, 76007,31082018,08032021 210256,   6, 27602.4, 21.763,323.358,0.473123,359.8,208.376,7.22e-02, 14.9, 0.1, 15
3193, 76008,02092018,08032021 162036,   2, 27599.0, 21.739,322.175,0.489200,359.8,212.178,3.51e-02, 14.1, 0.1,  1
3194, 76009,02092018,08032021 170700,   1, 27589.5, 21.712,320.990,0.492013,359.8,213.903,8.93e-02, 15.9, 0.1,  6
3195, 76010,02092018,08032021 170020, 472, 27601.8, 21.588,326.448,0.471359,359.7,203.462,2.79e+00, 17.9,47.3, - 
3196, 76011,02092018,08032021 151015, 323, 27608.8, 21.489,314.812,0.503627,359.8,221.696,9.06e-02, 18.9, 6.1, - 
3197, 76012,02092018,08032021 141202, 582, 27600.4, 21.716,322.743,0.483157,359.8,210.363,1.66e+00, 18.6, -  , - 
3198, 76013,05092018,09032021 035738, 384, 27642.1, 21.621,314.584,0.496176,359.8,220.075,1.07e-01, 16.8, 2.7,608
3199, 76014,02102018,08032021 174557, 882, 27619.4, 22.110,325.038,0.368612,359.7,192.301,1.14e+00, 19.0,53.4, - 
3200, 76015,29102018,08032021 213419,   3, 27592.6, 21.721,321.582,0.487697,359.8,212.539,4.48e-02, 16.4, 0.1,  9
3201, 76016,09112018,08032021 235205,  65, 27608.3, 21.730,325.112,0.455110,359.7,206.177,4.99e+00, 18.2,44.4, - 
3202, 76017,25072019,09032021 094052,   9, 27598.2, 11.204,213.063,0.470120,  0.5,346.649,2.16e-02, 17.6, 0.1,  1
3203, 76018,03072019,08032021 164942, 130, 27589.0,  7.695,221.875,0.293414,  0.6,359.598,5.15e+00, 15.0,24.0, - 
3204, 76019,12072019,08032021 173858, 551, 27770.9, 21.944,329.222,0.398004,359.7,195.194,4.93e+00, 17.6,53.7, - 
3205, 76020,10092019,09032021 011115,  79, 27583.8, 21.657,320.478,0.484330,359.8,213.856,1.43e+00, 15.4,18.8, - 
3206, 76021,20102019,08032021 215434, 138, 27759.8,  9.264,225.976,0.293946,  0.5,317.507,4.87e+00, 17.6,31.6, - 
3207, 76022,19102019,08032021 191736,   4, 27618.5, 58.485,143.484,0.616678,  0.1,352.408,1.49e+00, 17.1, 0.1,  8
3208, 76100,20122009,08032021 184215, 160, 27746.5,  6.599,215.825,0.739235,  0.8,306.353,1.39e-01, 14.8, 2.7,432
3209, 76101,25122013,08032021 190336,   3, 27661.5, 25.484,207.993,0.728008,  0.2,161.011,5.42e-02, 13.1, 0.1,  5
3210, 76102,11052015,09032021 062452,   2, 27614.6, 25.924,207.037,0.728551,  0.2,151.752,7.03e-02, 17.0, 0.1,  5
3211, 76103,08102016,09032021 003442,1132, 27621.5, 15.683,166.339,0.527008,  0.4,243.683,5.93e-01, 16.1,41.7, - 
3212, 76104,05092018,08032021 154412, 234, 27630.7, 21.766,322.091,0.490846,359.8,211.941,6.49e-02, 17.2, 2.0,449
3213, 76105,14102018,08032021 182803, 417, 27569.4, 27.835,  4.466,0.693404,359.8,240.991,2.26e+00, 16.2,27.5, - 
3214, 76106,07042019,09032021 043316, 192, 27566.0, 21.650,320.251,0.490280,359.8,214.494,1.45e+00, 16.7,53.8, - 
3215, 76107,06042019,09032021 073534,   6, 27641.6, 11.172,203.957,0.450325,  0.5,354.256,1.47e+00, 16.2, 1.4,253
3216, 76108,06062019,08032021 224701, 521, 27611.3,  9.570,189.649,0.524346,  0.7, 39.396,1.83e+00, 17.8,75.7, - 
3217, 76109,02072019,08032021 223752, 136, 27654.5, 11.457,200.089,0.428435,  0.5,356.210,1.58e+00, 16.6,12.9, - 
3218, 76110,30082019,09032021 000440, 512, 27652.8, 69.956,171.985,0.601963,  0.1,343.882,4.70e-01, 15.9, 7.0, - 
3219, 76111,13102019,09032021 061317, 496, 27671.3, 21.808,327.701,0.452756,359.7,199.200,2.05e+00, 18.1,19.7, - 
3220, 76112,25042014,09032021 022204,   2, 27617.0, 22.437, 53.074,0.754788,359.8,146.483,4.54e-02, 15.0, 0.4,  4
3221, 76200,19072015,09032021 003754, 542, 27650.3, 62.620,125.737,0.690150,  0.1,268.670,9.22e-02, 15.2, 6.6,803
3222, 76201,20042016,09032021 095156,  12, 27656.2, 26.195,247.385,0.728338,  0.1, 72.081,5.83e-02, 16.9, 0.1, 17
3223, 76202,11032016,08032021 152853,1276, 27586.2, 55.841,291.802,0.617689,359.9, 41.007,7.94e+00, 16.2, -  , - 
3224, 76203,08072009,08032021 175848,   2, 27644.5, 23.232,354.079,0.745502,359.7,211.933,9.12e-02, 15.8, 0.1,  8
3225, 76204,02092018,09032021 062000,   7, 27644.1, 21.898,326.125,0.482704,359.7,206.344,2.31e-01, 16.9, 0.3, 65
3226, 76205,02092018,09032021 034336, 551, 27640.3, 21.722,304.707,0.544550,359.8,223.113,6.21e-02, 17.7, 4.7,453
3227, 76206,02092018,09032021 063412,   3, 27633.8, 21.852,325.880,0.483489,359.7,207.350,1.69e-01, 15.9, 0.1,  8
3228, 76207,02092018,09032021 015217,  12, 27659.3, 21.502,318.930,0.485651,359.8,214.781,7.95e-01, 16.3, 0.1, 19
3229, 76208,05092018,08032021 225727, 139, 27646.1, 21.773,323.568,0.486794,359.7,209.802,3.06e-02, 17.9, 0.2, 43
3230, 76209,07042019,08032021 164458,  60, 27662.8, 11.485,203.133,0.462401,  0.5,354.572,2.23e-01, 17.2, 0.9,200
3231, 76210,07042019,08032021 133005,   0, 27657.8, 11.166,217.418,0.449548,  0.5,337.149,1.71e-02, 15.6, 0.1,  1
3232, 76211,08042019,08032021 163553,   7, 27649.4, 11.263,209.236,0.469657,  0.5,349.852,1.96e-01, 15.0, 0.2, 40
3233, 76212,01072019,08032021 220344,  12, 27654.3, 11.291,224.279,0.476524,  0.4,336.338,4.99e-02, 16.8, 0.1,  5
3234, 76214,30082019,08032021 173124, 139, 27775.8, 11.554,204.392,0.444839,  0.5,348.257,1.28e+00, 15.9,23.3, - 
3235, 76215,26092019,09032021 062157,  97, 27554.8, 11.209,216.841,0.514527,  0.5,339.428,1.61e-01, 15.7,17.1,427
3236, 76216,22102019,09032021 072815,  83, 27643.7,  9.479,204.392,0.399892,  0.6,359.430,4.81e+00, 17.6,13.5, - 
3237, 76300,14092012,09032021 035049,   1, 27740.5, 26.839,338.329,0.735217,359.8,353.151,4.48e-02, 15.9, 0.1,  3
3238, 76301,02092018,09032021 062448,   9, 27674.4, 21.628,318.033,0.501812,359.8,217.329,1.68e-02, 16.3, 0.1,  1
3239, 76302,02092018,08032021 215757, 162, 27661.2, 21.727,327.387,0.468712,359.7,205.993,2.09e-01, 16.3, 5.0, - 
3240, 76303,02092018,09032021 003536,   0, 27670.9, 21.774,323.363,0.492510,359.8,210.803,2.01e-01, 15.0, 0.1,  4
3241, 76304,02092018,09032021 031512,  10, 27662.7, 21.737,323.372,0.482903,359.7,209.643,7.60e-02, 16.3, 0.1, 18
3242, 76305,02092018,08032021 214738,   2, 27668.0, 21.762,323.637,0.478443,359.7,208.122,1.06e-01, 14.8, 0.1, 10
3243, 76306,02092018,09032021 005827, 470, 27616.8, 21.758,324.551,0.429262,359.7,201.267,4.75e+00, 18.0,45.9, - 
3244, 76307,02092018,08032021 224209, 496, 27655.1, 21.934,322.148,0.500788,359.8,212.596,7.49e-03, 18.0, 1.1, 77
3245, 76308,05092018,08032021 204510, 544, 27666.7, 21.425,334.641,0.409073,359.7,196.758,2.40e+00, 17.9,62.9, - 
3246, 76309,11092018,09032021 030027,  65, 27764.8, 21.848,326.242,0.442335,359.7,201.181,2.29e+00, 17.2, 4.6,956
3247, 76310,11092018,08032021 202149, 559, 27675.6, 22.260,320.034,0.503763,359.8,217.658,7.74e-01, 18.3,35.8, - 
3248, 76311,12122018,08032021 210239,  15, 27662.8, 22.179,334.971,0.453599,359.7,193.576,1.34e-01, 15.5, 1.2,236
3249, 76312,08042019,09032021 071314,   2, 27679.9, 11.121,219.457,0.438860,  0.5,333.300,1.93e-01, 13.8, 0.1, 12
3250, 76314,31072019,09032021 043414, 492, 27787.1,  5.352,215.372,0.230981,  1.0,  9.095,1.11e+01, 14.2, -  , - 
3251, 76315,14102019,09032021 023319, 119, 27561.9, 10.562,206.168,0.449132,  0.6,  0.430,3.37e+00, 17.8, 5.5, - 
3252, 76316,21102019,08032021 224951,   5, 27671.2, 10.096,211.267,0.493143,  0.6,355.228,1.68e+00, 17.8, 0.3, 65
3253, 76317,20072020,08032021 181958, 144, 28203.8,  4.108,237.251,0.463339,  0.9,328.514,1.29e+01, 15.8, -  , - 
3254, 76318,12092020,08032021 201724, 146, 27667.5, 23.694,304.481,0.549294,359.8,224.374,8.29e+00, 15.5,97.4, - 
3255, 76319,13102020,09032021 075555, 142, 27680.9, 10.846,215.410,0.442031,  0.5,341.553,1.40e+00, 18.8, 0.9,203
3256, 76320,05122020,08032021 172757,  65, 27669.1, 21.823,324.630,0.480440,359.7,207.767,4.17e-01, 17.5, 0.3, 37
3257, 76400,09062015,09032021 010710, 999, 27492.1,  7.203,138.860,0.381180,  0.7, 74.180,5.90e+00, 15.6, -  , - 
3258, 76401,02092018,09032021 000842, 883, 27708.6, 21.882,329.658,0.445854,359.7,198.054,2.88e+00, 17.8, -  , - 
3259, 76402,02092018,09032021 050238,   3, 27705.0, 21.644,318.867,0.498341,359.8,215.460,8.10e-03, 17.5, 0.1,  1
3260, 76403,02092018,09032021 043800,  83, 27679.8, 22.073,326.191,0.414887,359.7,190.379,8.78e-02, 18.8, 0.8,104
3261, 76404,11092018,08032021 194956,   6, 27585.4, 21.862,324.585,0.493326,359.7,211.026,3.38e-01, 15.5, 0.1, 32
3262, 76405,30082018,09032021 061953,   6, 27685.1, 21.728,322.410,0.484844,359.8,210.091,6.30e-02, 16.0, 0.1,  2
3263, 76406,11092018,09032021 040114, 883, 27688.4, 21.701,322.057,0.482614,359.8,210.446,4.42e-01, 19.2,49.3, - 
3264, 76407,08042019,08032021 234639,   3, 27710.7, 11.238,208.496,0.458883,  0.5,349.597,2.55e-01, 17.1, 0.1, 23
3265, 76408,24082019,08032021 133628,  13, 27701.9, 11.320,207.973,0.473572,  0.5,351.001,1.34e-02, 18.1, 0.1,  1
3266, 76409,26082019,08032021 202919, 140, 27710.4,  8.848,217.856,0.348435,  0.6,359.926,1.14e+00, 17.7,46.1, - 
3267, 76410,26082019,08032021 230410, 144, 27900.7,  9.976,210.111,0.466907,  0.6,342.835,1.76e+00, 19.0,91.7, - 
3268, 76411,23102019,09032021 001922,  90, 27741.4, 11.392,202.497,0.484231,  0.5,359.076,2.17e-01, 15.9, 0.2, 23
3269, 76412,23102019,09032021 110146, 485, 27705.2, 23.353,117.377,0.540798,  0.1, 77.238,1.97e+00, 16.4,12.8, - 
3270, 76413,17112019,09032021 075024, 369, 27695.2, 11.280,206.552,0.484199,  0.5,355.468,2.63e-01, 16.4, 2.5,541
3271, 76414,20102020,09032021 045344,  65, 27709.4, 11.161,221.777,0.438744,  0.4,333.941,8.71e-01, 17.1, 5.0, - 
3272, 76415,14102020,08032021 231113, 116, 27689.8, 12.088,211.574,0.518871,  0.5,346.474,1.49e+00, 19.0, -  , - 
3273, 76500,06022016,08032021 151252,   5, 27801.5, 27.517,288.019,0.720406,359.9,357.550,5.35e-02, 16.8, 0.1,  8
3274, 76501,13122017,08032021 144626,  20, 27731.4, 62.893,230.708,0.635664,  0.1,267.913,1.57e-01, 14.6, 0.2, 36
3275, 76503,04092018,08032021 134622, 383, 27724.5, 21.647,318.879,0.492035,359.8,214.030,3.60e-02, 17.0, 3.4,764
3276, 76504,10092018,09032021 043028, 138, 27837.0, 21.875,327.287,0.470776,359.7,203.853,1.08e+00, 17.5, 8.9, - 
3277, 76505,10092018,09032021 031558,   2, 27726.0, 21.774,324.189,0.481233,359.7,207.331,1.15e-01, 15.7, 0.1,  9
3278, 76506,10092018,08032021 212850, 304, 27767.5, 21.499,325.689,0.440124,359.7,204.425,3.85e+00, 17.4, 9.1, - 
3279, 76507,10092018,09032021 042630,  10, 27760.2, 21.877,327.098,0.484620,359.7,204.806,1.79e-01, 16.8, 0.2, 37
3280, 76508,12092018,09032021 050144,  84, 27665.5, 21.615,322.601,0.457876,359.8,209.946,2.01e+00, 18.4, 7.2, - 
3281, 76509,12092018,08032021 195654, 908, 27824.1, 22.093,326.208,0.274828,359.7,144.051,1.57e+01, 17.9, -  , - 
3282, 76510,07102018,08032021 214034, 856, 27773.7, 21.681,322.830,0.396634,359.8,197.526,4.64e+00, 17.1,45.0, - 
3283, 76511,27112018,08032021 195254,   2, 27706.3, 21.793,325.248,0.476342,359.7,205.598,1.49e-01, 15.2, 0.1, 28
3284, 76513,08042019,08032021 194135,   2, 27735.3, 11.350,208.869,0.459702,  0.5,346.686,1.43e-02, 16.2, 0.1,  1
3285, 76514,05042019,09032021 005458, 138, 27700.2, 11.221,211.290,0.470841,  0.5,347.507,5.99e-01, 17.4, 5.9, - 
3286, 76516,01092019,08032021 221620,   1, 27725.4, 11.172,224.144,0.435137,  0.4,327.822,1.58e-01, 16.2, 0.1,  8
3287, 76517,26092019,08032021 200129, 177, 27750.6, 11.002,222.671,0.437153,  0.4,325.812,8.88e-01, 17.7,16.0, - 
3288, 76518,04102019,09032021 013013, 517, 27728.1,  9.586,171.841,0.609647,  0.7, 65.105,1.09e+00, 18.0, -  , - 
3289, 76601,31082018,08032021 190304,   2, 27739.5, 21.772,322.432,0.498801,359.8,211.720,1.44e-01, 13.6, 0.1, 13
3290, 76602,04092018,09032021 043907, 877, 27845.8, 21.798,328.406,0.298497,359.7,159.181,9.99e+00, 16.7,72.5, - 
3291, 76603,04092018,09032021 063827, 584, 27736.9, 21.787,331.242,0.448246,359.7,198.227,1.24e-01, 18.8, 1.4,263
3292, 76604,04092018,09032021 061607,   5, 27749.2, 21.719,322.463,0.489464,359.8,209.997,7.55e-02, 18.0, 0.1,  4
3293, 76605,04092018,08032021 193300, 374, 27741.1, 21.773,326.734,0.456957,359.7,202.439,2.01e+00, 16.9,43.5, - 
3294, 76606,06102018,09032021 072036, 705, 27753.9, 21.672,335.197,0.460026,359.7,193.354,4.07e-01, 18.1,26.3, - 
3295, 76607,07112018,08032021 210112, 846, 27760.0, 21.763,323.769,0.442259,359.7,203.183,3.34e+00, 18.3,73.5, - 
3296, 76608,08042019,08032021 190503,   3, 27764.1, 11.355,207.128,0.473950,  0.5,351.416,5.64e-02, 16.7, 0.1, 10
3297, 76609,09042019,09032021 080435,   2, 27763.4, 11.128,217.468,0.428571,  0.5,332.278,2.25e-01, 14.5, 0.1, 13
3298, 76610,06042019,09032021 034635,  16, 27744.7, 11.186,215.007,0.469005,  0.5,342.684,8.89e-03, 17.9, 0.1,  1
3299, 76611,06042019,09032021 044507, 141, 27746.0, 11.227,211.547,0.466810,  0.5,345.777,9.96e-02, 18.5, 0.7,140
3300, 76612,16052019,09032021 014247,  32, 27741.4, 11.105,220.060,0.462551,  0.5,336.814,1.58e-01, 16.5, 0.3, 68
3301, 76614,21082019,08032021 211020, 520, 27902.9, 22.004,328.589,0.393508,359.7,195.941,4.49e+00, 16.0,60.9, - 
3302, 76615,27112019,08032021 223124, 463, 27716.5, 10.197,242.894,0.344325,  0.3,303.455,6.45e+00, 18.4,13.6, - 
3303, 76616,21022019,08032021 140555,   2, 27756.9, 28.365,335.069,0.706470,359.8,275.285,1.61e-02, 17.0, 0.1,  1
3304, 76617,02042020,08032021 212723, 308, 27745.4,  7.706,304.429,0.736097,359.5,134.687,2.13e-01, 18.1, 4.2,459
3305, 76618,21092020,09032021 071846, 147, 27829.9,  5.536, 81.092,0.499881,359.8,282.656,5.62e+01, 17.7, -  , - 
3306, 76700,30092012,09032021 030522,  67, 27725.6, 20.824,244.067,0.741813,  0.1,262.758,4.08e-01, 13.9, 2.1,403
3307, 76702,03092018,09032021 050847,  62, 27794.8, 21.716,325.746,0.478141,359.7,205.539,1.04e+00, 17.1, 4.5, - 
3308, 76703,04092018,08032021 195932, 526, 27760.6, 21.757,323.520,0.478315,359.7,207.707,8.83e-01, 17.0,15.6, - 
3309, 76704,04092018,08032021 182501, 478, 27733.6, 22.092,323.682,0.499077,359.8,203.366,1.72e-01, 17.0,20.6, - 
3310, 76705,04092018,08032021 204850, 194, 27773.0, 21.792,328.323,0.471752,359.7,203.243,1.18e-01, 17.1, 4.6,327
3311, 76706,04092018,09032021 073353, 138, 27771.7, 21.776,324.818,0.480447,359.7,205.964,5.25e-02, 18.2, 1.7,206
3312, 76707,06042019,08032021 220500, 114, 27739.9, 10.010,215.949,0.449229,  0.5,341.054,2.35e+00, 17.1,31.3, - 
3313, 76708,06062019,09032021 102948, 555, 27818.0,  8.205,195.541,0.378663,  0.8, 24.472,5.57e+00, 17.0, -  , - 
3314, 76709,25072019,09032021 012104,  17, 27788.7, 10.671,212.514,0.478048,  0.5,352.750,1.23e+00, 17.2, 1.2,241
3315, 76710,30072019,09032021 022722, 553, 27873.0,  7.017,142.218,0.180509,  0.8, 89.314,1.13e+01, 16.2,96.5, - 
3316, 76711,30072019,09032021 015430, 194, 27770.0, 11.527,198.011,0.537743,  0.6,355.057,1.93e-01, 17.6, 1.5,331
3317, 76712,21082019,08032021 191913, 405, 27791.3, 21.741,325.913,0.475536,359.7,204.938,9.63e-01, 17.3,25.1, - 
3318, 76713,20112019,08032021 230209, 471, 27841.6, 28.413,345.982,0.694258,359.8,264.128,3.11e+00, 18.1,44.8, - 
3319, 76714,02012020,08032021 163837, 415, 27757.3,  7.795,190.942,0.513268,  0.8, 35.520,6.58e+00, 16.4,42.5, - 
3320, 76715,15022020,09032021 073238, 383, 27774.0, 67.235,195.519,0.474348,  0.1,126.633,8.78e+00, 17.4, -  , - 
3321, 76800,25082014,08032021 193559,  10, 27801.2, 62.939, 54.222,0.726984,359.9,275.002,7.61e-02, 14.9, 0.1, 24
3322, 76801,01072015,08032021 115034, 409, 27680.3, 25.257,139.820,0.751221,  0.2,267.443,1.62e-01, 14.6, -  , - 
3323, 76802,06032018,08032021 225744,1096, 28178.1, 21.024,352.497,0.393588,359.7, 57.196,2.97e+01, 17.9, -  , - 
3324, 76803,31082018,08032021 154823,   3, 27799.7, 21.827,325.180,0.480306,359.7,204.780,6.89e-02, 17.2, 0.1,  7
3325, 76804,03092018,08032021 233410, 374, 27792.3, 21.922,322.636,0.508054,359.8,216.879,8.31e-02, 17.6, 5.1, - 
3326, 76805,03092018,08032021 135941, 303, 27801.1, 21.878,323.693,0.510051,359.8,211.945,1.40e-01, 18.3, 2.3,495
3327, 76806,03092018,09032021 025138, 214, 27822.9, 21.793,325.943,0.474849,359.7,203.537,1.38e-01, 14.4, 7.6, - 
3328, 76807,03092018,09032021 011115, 107, 27798.1, 21.750,322.631,0.474785,359.8,206.572,6.14e-02, 17.9, 0.6,107
3329, 76808,03092018,08032021 230606, 474, 27904.1, 21.583,321.074,0.431226,359.8,206.318,4.40e+00, 18.8, -  , - 
3330, 76809,03092018,09032021 045438, 527, 27773.2, 21.198,321.249,0.498525,359.8,203.135,8.03e-02, 16.4, 9.9, - 
3331, 76810,13102018,09032021 031150, 916, 27788.3, 21.668,321.010,0.492570,359.8,212.154,7.34e-01, 19.2, -  , - 
3332, 76811,08042019,09032021 062736,  27, 27806.9, 22.267,330.039,0.500979,359.7,203.711,4.09e-01, 16.2, 0.3, 55
3333, 76812,08042019,08032021 235444, 101, 27811.1, 11.406,206.449,0.468327,  0.5,350.136,3.82e-02, 17.6, 0.8, 34
3334, 76813,06042019,08032021 204749,  57, 27789.2, 11.081,222.622,0.432645,  0.4,327.649,2.18e-01, 16.7, 1.0,222
3335, 76814,08052019,09032021 085032, 646, 27853.3,  8.491,185.766,0.475479,  0.8, 34.957,5.62e+00, 17.4,35.3, - 
3336, 76815,05082019,09032021 023149, 474, 27815.4, 11.464,206.233,0.475468,  0.5,349.371,4.53e-02, 17.3, 0.6, 67
3337, 76817,15082019,08032021 223849, 100, 27813.1, 11.410,225.102,0.499813,  0.4,340.100,2.49e-01, 15.4, 1.8,373
3338, 76820,29082019,09032021 000745,   1, 27811.9, 11.782,202.168,0.449721,  0.5,350.161,4.87e-02, 17.0, 0.1,  5
3339, 76900,30102016,08032021 171817,   1, 27824.8, 23.808,257.640,0.743704,  0.1,181.124,6.91e-02, 17.3, 0.1,  4
3340, 76901,03092018,09032021 062022, 508, 27832.2, 21.909,327.513,0.472463,359.7,202.929,1.27e+00, 17.6,42.1, - 
3341, 76902,03092018,08032021 204719, 826, 27832.1, 21.718,323.524,0.452244,359.7,203.658,3.18e+00, 17.3,83.1, - 
3342, 76903,03092018,09032021 003819, 577, 27821.1, 21.921,328.122,0.468253,359.7,201.091,1.20e+00, 17.5,23.5, - 
3343, 76904,03092018,08032021 230857, 580, 27804.5, 20.229,310.489,0.580142,359.8,228.390,2.43e-01, 17.7,22.7, - 
3344, 76905,03092018,09032021 055116,  66, 27760.4, 21.906,327.796,0.481895,359.7,203.501,5.23e-02, 17.3, 0.1,  9
3345, 76906,03092018,08032021 213008, 171, 27878.8, 22.269,326.237,0.426798,359.7,205.683,2.88e+00, 17.7,26.1, - 
3346, 76907,03092018,08032021 194311, 818, 27834.0, 21.380,321.449,0.492689,359.8,213.832,5.00e-01, 18.2,41.7, - 
3347, 76908,10042019,08032021 182834, 136, 27866.5,  8.268,222.020,0.389427,  0.6,  6.409,2.19e+00, 14.5,55.3, - 
3348, 76909,06042019,08032021 234639,   3, 27713.8, 11.470,207.355,0.446344,  0.5,346.091,1.62e-01, 15.9, 0.1, 16
3349, 76910,01052019,08032021 231116,   4, 27835.2, 10.679,218.986,0.496526,  0.5,350.658,1.71e+00, 16.0, 0.6,120
3350, 76911,06042019,09032021 030234, 489, 27925.7, 10.031,214.196,0.353470,  0.6,337.278,1.10e+00, 18.0, -  , - 
3351, 76912,02062019,09032021 021234, 578, 27828.4, 22.196,333.960,0.380339,359.7,186.192,1.03e+00, 17.6,88.6, - 
3352, 76913,05072019,09032021 071809,   2, 27819.6, 11.293,223.671,0.489473,  0.4,338.227,9.80e-02, 14.8, 0.1,  7
3353, 76914,05082019,08032021 214012, 445, 28169.9, 21.524,314.555,0.400455,359.8,207.389,9.77e+00, 17.5,29.7, - 
3354, 76915,24082019,08032021 230524, 462, 27902.5, 21.841,320.318,0.445756,359.8,205.242,2.46e+00, 17.9,40.0, - 
3355, 76916,20102019,08032021 222203,  47, 27932.5, 10.873,229.806,0.438499,  0.4,327.394,1.94e-01, 16.6, 1.3,208
3356, 76917,21122019,08032021 152758, 434, 27840.2, 26.967,310.763,0.714415,359.8,330.362,1.49e+00, 19.1, -  , - 
3357, 76918,26042020,09032021 005202,   1, 27562.9,  6.562,182.391,0.424503,  1.0,159.852,3.08e+01, 16.4, 0.3, 68
3358, 77000,25032014,09032021 053146,1484, 27852.0, 16.075,219.620,0.491108,  0.3,324.664,5.76e-01, 16.8,67.8, - 
3359, 77001,25022017,09032021 022819,   1, 27835.0, 27.873, 29.806,0.726328,359.8,250.619,4.67e-02, 17.1, 0.1,  1
3360, 77002,24092017,09032021 012324,1006, 27844.8, 22.792,257.050,0.746453,  0.1,203.550,1.24e-01, 17.4,90.9, - 
3361, 77003,31082018,08032021 171046, 175, 27838.8, 21.551,326.839,0.453973,359.7,198.329,8.64e-02, 17.5, 5.5, - 
3362, 77004,03092018,09032021 040742, 821, 27869.8, 21.857,328.850,0.436487,359.7,195.600,2.27e+00, 18.7, -  , - 
3363, 77005,03092018,08032021 174227,   6, 27791.2, 21.776,324.833,0.480703,359.7,205.650,5.45e-02, 18.4, 0.1, 11
3364, 77006,10092018,08032021 144526, 910, 27875.5, 21.806,329.855,0.411476,359.7,190.993,4.59e+00, 18.9, -  , - 
3365, 77007,28102018,09032021 093435,  23, 27861.3, 26.906,278.119,0.728133,360.0, 23.424,3.80e-02, 17.4, 0.4, 83
3366, 77008,06112018,09032021 013039,   4, 27831.7,  9.674, 38.094,0.517973,359.4,204.058,3.71e-01, 17.5, 0.1,  8
3367, 77009,11112018,08032021 195445, 498, 27848.7, 22.208,335.761,0.462300,359.7,191.737,3.32e-01, 17.7, 9.2, - 
3368, 77010,07042019,09032021 092131,   1, 27829.4, 11.260,213.204,0.443481,  0.5,340.565,1.70e-01, 16.4, 0.1, 22
3369, 77011,08042019,09032021 000701,  10, 27838.9, 11.247,212.288,0.467945,  0.5,344.092,5.31e-03, 17.0, 0.1,  2
3370, 77012,06042019,09032021 105443, 115, 27996.8, 10.658,206.417,0.516860,  0.6, 10.021,5.66e+00, 15.6,78.5, - 
3371, 77013,19032020,09032021 033205,   0, 27834.4, 68.086,185.094,0.708201,  0.1,148.010,1.45e+00, 16.7, 0.1,  2
3372, 77100,16032015,09032021 043338, 320, 27909.5, 23.975,325.127,0.734378,359.8, 77.027,6.60e-01, 16.3, 8.9,611
3373, 77101,04092018,09032021 020817, 554, 27943.4, 21.868,325.734,0.361651,359.7,182.821,9.71e+00, 18.2, -  , - 
3374, 77102,04092018,09032021 073354,  64, 27870.6, 21.795,326.678,0.475823,359.7,202.439,1.85e-01, 18.3, 0.7,149
3375, 77103,04092018,08032021 205846, 474, 27865.4, 21.671,317.338,0.503607,359.8,216.767,2.76e-01, 17.4, 4.1,890
3376, 77104,04092018,08032021 233157, 485, 27886.2, 21.634,326.805,0.465227,359.7,200.607,5.57e-01, 17.9,33.3, - 
3377, 77105,11092018,09032021 020144, 565, 27895.5, 21.828,330.221,0.428493,359.7,191.259,2.36e+00, 19.0, -  , - 
3378, 77106,02102018,09032021 012322,  84, 27843.1, 21.745,324.351,0.482055,359.7,205.770,6.01e-01, 18.7, 8.6, - 
3379, 77107,02102018,08032021 202729,  64, 27874.0, 21.761,322.996,0.469804,359.8,205.172,9.25e-01, 17.5, 5.2, - 
3380, 77108,30102018,09032021 010441, 360, 27776.3, 26.520,  2.013,0.753611,359.7, 91.140,4.27e-02, 17.9,35.0,650
3381, 77109,09112018,09032021 023334, 564, 27895.4, 22.014,330.716,0.416878,359.7,194.355,2.91e+00, 18.3,51.1, - 
3382, 77110,06042019,09032021 091905, 436, 27882.5, 11.172,205.717,0.433237,  0.5,349.004,1.75e+00, 17.7,55.1, - 
3383, 77111,30062019,09032021 033128,  87, 27894.6, 12.273,207.352,0.524033,  0.5,343.224,1.86e-01, 16.8, 1.9,307
3384, 77112,15052019,09032021 110046, 515, 27919.8,  9.355,194.632,0.499227,  0.7, 22.557,5.10e+00, 14.8, -  , - 
3385, 77113,29072019,09032021 053548,   4, 27887.1, 10.833,211.709,0.465880,  0.5,346.248,7.36e-01, 16.6, 0.5, 94
3386, 77114,31072019,09032021 085619, 401, 27915.4,  9.921,217.109,0.380303,  0.5,327.533,3.68e+00, 17.0,17.1, - 
3387, 77115,28082019,09032021 081844, 475, 27959.4,  7.781,169.429,0.466380,  0.8, 54.934,7.02e+00, 17.3, -  , - 
3388, 77116,31082019,08032021 175114, 492, 27916.6,  9.867,207.726,0.409948,  0.6,353.067,4.90e+00, 16.9,68.8, - 
3389, 77118,02112019,08032021 173519, 489, 27874.5, 10.817,169.614,0.487279,  0.6, 57.285,5.75e+00, 17.3,47.2, - 
3390, 77121,13102020,09032021 075833, 145, 27865.2, 11.122,211.277,0.479995,  0.5,348.923,2.96e-01, 18.9,12.9, - 
3391, 77200,04092018,08032021 173345, 135, 27878.4, 21.915,328.521,0.485551,359.7,201.850,1.53e-01, 17.5, 1.5,311
3392, 77201,04092018,09032021 004116,  65, 27883.5, 21.771,324.873,0.484943,359.7,205.112,4.56e-02, 17.9, 0.2, 34
3393, 77202,04092018,08032021 203449, 429, 27892.2, 21.947,322.929,0.500900,359.8,208.910,4.95e-02, 18.7, 2.9,139
3394, 77203,04092018,08032021 170648, 579, 27909.0, 22.119,327.281,0.474552,359.7,201.827,1.73e+00, 18.0,13.5, - 
3395, 77205,13112018,09032021 071205, 624, 27896.4, 21.704,320.280,0.460967,359.8,215.460,2.63e+00, 17.5, -  , - 
3396, 77206,05122018,08032021 230245, 523, 27894.1, 21.147,320.821,0.448781,359.8,200.773,7.06e-02, 15.7,11.7, - 
3397, 77207,06122018,08032021 141740,  63, 27824.8, 21.811,325.998,0.474428,359.7,203.205,2.91e-01, 17.9, 1.0,204
3398, 77208,07042019,08032021 132618, 144, 27912.1, 12.153,205.854,0.537392,  0.5,353.098,5.92e-01, 18.8,15.8, - 
3399, 77209,08042019,09032021 071756,   1, 27891.8, 10.868,218.514,0.441058,  0.5,335.146,9.65e-01, 16.7, 0.1,  4
3400, 77210,06042019,09032021 002921, 512, 27888.2, 10.444,193.904,0.498189,  0.6, 18.572,2.69e+00, 17.9,77.5, - 
3401, 77211,22092019,08032021 195527,  37, 27894.0, 21.687,316.891,0.489287,359.8,213.059,1.38e-01, 16.3, 0.9,196
3402, 77212,05102019,08032021 211232, 137, 28150.4, 22.237,309.142,0.211631,359.8,142.651,1.36e+01, 14.5, -  , - 
3403, 77300,02012012,08032021 133858,   3, 27876.9, 30.240,266.994,0.752130,  0.0,358.711,4.74e-02, 15.6, 0.1,  4
3404, 77301,08052016,09032021 075211,  50, 27901.3, 24.654,259.763,0.728625,  0.1, 79.191,3.05e-02, 16.3, 1.1,109
3405, 77302,04092018,08032021 184941,  27, 27891.4, 21.738,324.214,0.489480,359.7,205.989,6.80e-01, 16.5, 3.0,659
3406, 77303,04092018,08032021 201955, 602, 27959.9, 21.855,329.534,0.423283,359.7,192.313,3.98e+00, 18.0,39.9, - 
3407, 77304,04092018,08032021 224738, 114, 27903.9, 21.648,319.150,0.496955,359.8,212.166,3.31e-02, 19.2, 0.1, 10
3408, 77306,16102018,08032021 183445, 201, 27922.7, 22.135,319.955,0.443440,359.8,202.746,1.58e-01, 17.7, 2.6,397
3409, 77307,07112018,08032021 152939, 850, 27902.5, 21.588,319.477,0.355789,359.8,189.389,8.89e+00, 18.5, -  , - 
3410, 77308,11122018,08032021 223448, 471, 27911.6, 21.771,327.282,0.457041,359.7,196.588,1.18e+00, 17.2,39.2, - 
3411, 77309,06042019,08032021 205502, 138, 27892.0, 10.954,218.615,0.444837,  0.5,334.505,5.94e-01, 19.1, 3.8,832
3412, 77310,05082019,08032021 183147, 101, 27965.1, 11.851,199.641,0.442928,  0.5,352.855,1.53e+00, 16.5,13.1, - 
3413, 77400,18042014,09032021 031801,   1, 27934.3, 11.975, 58.175,0.486307,359.7,309.056,1.14e-02, 10.5, 0.1,  1
3414, 77401,09052016,09032021 033101,   9, 27889.6, 25.751,215.748,0.732726,  0.2,138.498,1.05e-02, 17.9, 0.1,  4
3415, 77402,19042017,09032021 074133, 272, 27936.4,  5.597,144.164,0.494863,  1.0,  9.516,5.64e-01, 16.0,11.7, - 
3416, 77403,04092018,08032021 135507, 178, 27726.1, 21.607,321.290,0.600717,359.8,207.747,1.50e-01, 18.4, 3.2,438
3417, 77404,09092018,08032021 224028,  90, 27941.2, 22.490,331.036,0.515912,359.7,203.544,2.76e-01, 17.6, 1.7,356
3418, 77405,09092018,09032021 003855, 592, 27953.7, 21.839,327.436,0.469420,359.7,203.143,4.07e-01, 18.6, 4.2,544
3419, 77406,09092018,08032021 195835,   6, 27933.4, 21.818,326.685,0.484487,359.7,202.639,3.70e-02, 17.8, 0.1,  2
3420, 77407,11092018,08032021 205453,   7, 27944.7, 21.798,324.442,0.470745,359.7,202.391,2.23e-02, 18.2, 0.1,  8
3421, 77408,10092018,09032021 045452, 894, 27951.2, 21.917,333.662,0.416371,359.7,186.798,2.45e+00, 19.0, -  , - 
3422, 77409,10092018,08032021 181909, 172, 28037.9, 22.337,331.139,0.349611,359.7,190.334,2.98e-02, 18.0, 1.4, 34
3423, 77410,08042019,09032021 010127,  27, 27940.5, 11.192,210.314,0.472271,  0.5,346.849,2.15e-01, 16.5, 0.3, 61
3424, 77411,08042019,09032021 014715,   2, 27940.6, 11.554,203.923,0.470658,  0.5,351.505,4.25e-02, 15.7, 0.1,  3
3425, 77412,10042019,09032021 074429,   2, 27946.6, 11.211,213.071,0.466515,  0.5,341.855,6.23e-02, 17.2, 0.1,  1
3426, 77413,06042019,08032021 155031, 141, 28047.8, 10.728,219.441,0.479505,  0.5,342.586,8.95e-01, 18.2,25.0,902
3427, 77414,04062019,09032021 012404, 143, 27955.8, 11.930,196.218,0.473200,  0.5,359.949,1.00e+00, 17.3,19.9, - 
3428, 77415,30072019,09032021 022051, 178, 27976.8, 13.312,238.342,0.556434,  0.3,325.884,2.38e+00, 17.6,80.2, - 
3429, 77416,26072019,08032021 183203, 563, 27891.4, 17.103,306.898,0.594147,359.8,313.734,3.27e+00, 16.6,26.4, - 
3430, 77417,14082019,08032021 225647, 148, 27936.1, 10.664,204.619,0.470530,  0.6,  6.413,1.98e-01, 17.6, 1.2,220
3431, 77418,03072019,09032021 061114, 550, 28080.3,  4.745,178.556,0.142270,  1.4, 17.720,4.26e+00, 17.1,58.8, - 
3432, 77420,02072020,08032021 154859, 143, 27948.3, 11.196,206.918,0.503269,  0.5,351.517,1.54e-01, 16.3, 0.6, 37
3433, 77500,27052009,09032021 052510,2246, 27948.5,  4.522,  7.312,0.729386,358.5,171.432,1.08e-01, 14.1, -  , - 
3434, 77501,27062013,08032021 160029,  43, 27957.2,  3.256,135.093,0.719990,  1.5,268.441,1.83e-01, 15.0, 0.5,103
3435, 77502,03042016,09032021 064220,   6, 27962.7, 24.251,288.190,0.741341,359.9,126.240,8.39e-02, 16.9, 0.1, 14
3436, 77503,04092018,08032021 151817,   3, 27972.0, 21.988,332.564,0.466293,359.7,193.860,1.00e-02, 16.5, 0.1,  1
3437, 77504,04092018,08032021 230418,   2, 27969.7, 21.800,326.154,0.480872,359.7,202.136,1.14e-01, 15.6, 0.1, 12
3438, 77505,04092018,08032021 230354, 817, 27973.6, 21.724,323.820,0.460260,359.7,202.822,2.33e+00, 18.5,72.4, - 
3439, 77506,09092018,08032021 231947, 488, 27955.3, 21.363,328.714,0.449535,359.7,190.181,1.03e-01, 17.8, 1.0,128
3440, 77507,09092018,09032021 025708, 386, 27963.8, 21.844,328.075,0.478776,359.7,200.172,1.93e-01, 17.2, 6.5, - 
3441, 77508,11092018,08032021 175523, 875, 27955.1, 21.754,324.548,0.484928,359.7,204.561,1.38e-01, 19.0, 4.3,899
3442, 77509,03062008,09032021 011258,   1, 27960.1,  8.539,246.344,0.474716,  0.3,157.373,1.00e-02, 17.7, 0.1,  2
3443, 77510,08042019,09032021 072052,   1, 27964.1, 10.848,218.534,0.441476,  0.5,334.631,8.92e-01, 16.5, 0.1,  5
3444, 77511,08042019,08032021 210304,  97, 27976.1, 11.203,214.039,0.448128,  0.5,336.982,1.61e-01, 18.0, 0.5,113
3445, 77512,06042019,09032021 003000,  41, 28102.4, 10.561,207.445,0.439026,  0.6,346.898,2.40e+00, 17.3, 2.7,504
3446, 77513,28072019,08032021 161616, 506, 27941.4,  9.847,206.841,0.452716,  0.6,359.166,5.06e+00, 17.8, -  , - 
3447, 77519,23112019,09032021 015102, 462, 27969.8, 21.610,331.972,0.386612,359.7,184.539,6.11e+00, 18.3,16.0, - 
3448, 77520,19042020,08032021 153937, 240, 28011.9, 20.158,173.630,0.738697,  0.3,314.483,2.78e-01, 14.7, 3.3,470
3449, 77522,15102020,08032021 235733, 138, 27970.4, 10.859,210.065,0.447940,  0.5,345.378,1.34e+00, 19.0, 3.0,611
3450, 77600,04092018,08032021 235853,   3, 27991.0, 21.794,326.285,0.479543,359.7,201.484,2.59e-02, 16.6, 0.1,  4
3451, 77601,04092018,09032021 073741,   5, 27997.0, 21.913,330.157,0.474165,359.7,196.936,1.15e-02, 16.9, 0.1,  3
3452, 77602,09092018,08032021 150642, 621, 27995.3, 21.789,325.935,0.483897,359.7,202.452,8.16e-02, 19.2, 1.1,240
3453, 77603,09092018,09032021 080633, 849, 28026.3, 22.050,337.182,0.345184,359.7,176.286,6.34e+00, 16.1, -  , - 
3454, 77604,08092018,08032021 223235,  28, 27957.9, 21.774,326.303,0.483646,359.7,202.611,6.69e-02, 18.5, 1.3,287
3455, 77605,03092018,08032021 152542, 565, 27982.0, 21.327,313.237,0.561362,359.8,216.349,1.11e+00, 18.0,84.2, - 
3456, 77607,08092018,09032021 050930,   2, 27984.6, 21.739,322.795,0.482732,359.8,205.267,9.08e-03, 18.7, 0.1,  1
3457, 77608,07102018,08032021 234653, 676, 27980.0, 21.327,314.125,0.533994,359.8,223.490,1.37e-01, 17.9,14.1, - 
3458, 77609,09112018,09032021 034240, 207, 27974.1, 21.766,325.243,0.484187,359.7,203.620,1.29e-01, 18.0, 2.3,422
3459, 77610,10012019,08032021 225815, 195, 27989.9, 22.025,330.662,0.394990,359.7,179.724,3.80e+00, 16.3, 9.0, - 
3460, 77611,06042019,09032021 055112,  75, 27985.5, 11.728,203.504,0.479854,  0.5,350.153,1.22e-01, 17.8, 0.9,194
3461, 77612,06042019,09032021 093147,   5, 27999.0, 10.952,216.652,0.479056,  0.5,343.300,7.23e-01, 13.9, 0.5,104
3462, 77613,02072019,09032021 065343, 313, 28004.5, 11.300,223.262,0.501954,  0.4,339.788,1.06e-01, 16.2, 2.4,486
3463, 77614,23072019,08032021 220103, 587, 28016.1, 21.809,326.848,0.458050,359.7,198.791,1.18e+00, 18.0,36.9, - 
3464, 77615,26072019,09032021 002244, 555, 28205.4, 21.908,327.519,0.378518,359.7,188.837,5.93e+00, 16.2,88.8, - 
3465, 77700,08042016,08032021 193240, 115, 28012.0, 17.934,325.907,0.558144,359.7,271.312,3.43e+00, 17.0,19.9, - 
3466, 77701,02072018,09032021 045448,   7, 27958.9, 25.742,267.650,0.745686,  0.0,117.832,1.03e-01, 17.3, 0.1, 24
3467, 77702,04092018,09032021 032400, 877, 28039.0, 21.769,327.872,0.445865,359.7,195.338,2.48e+00, 18.8,43.8, - 
3468, 77703,08092018,08032021 185704,   3, 27999.5, 21.788,326.286,0.481613,359.7,201.437,1.56e-01, 17.0, 0.1,  6
3469, 77705,09092018,09032021 072712,  85, 28017.3, 21.921,330.464,0.476904,359.7,196.732,5.72e-01, 18.6, 2.0,423
3470, 77706,09092018,08032021 204754, 139, 28012.3, 21.571,317.690,0.511442,359.8,215.248,2.55e-01, 16.3, 3.3,672
3471, 77707,09092018,08032021 150600,   3, 28005.8, 21.788,326.143,0.484613,359.7,202.260,1.14e-01, 17.2, 0.1, 10
3472, 77708,09092018,08032021 230451,  87, 28005.7, 21.852,326.365,0.478452,359.7,201.438,1.95e-01, 18.1, 1.3,131
3473, 77709,09092018,08032021 225820, 714, 27998.0, 22.588,320.025,0.511537,359.8,201.384,5.10e-01, 18.1, 8.0, - 
3474, 77710,09092018,09032021 010300,  26, 28237.4, 21.620,314.036,0.482817,359.8,215.911,5.19e+00, 18.3, 0.9,186
3475, 77711,09092018,09032021 072544, 404, 28020.4, 21.920,328.235,0.480420,359.7,203.394,6.83e-01, 17.5,63.4, - 
3476, 77712,09092018,08032021 173507, 911, 28011.9, 21.641,320.118,0.509080,359.8,212.586,2.53e-01, 19.2,70.2, - 
3477, 77713,08092018,08032021 183633,   4, 28025.1, 21.754,322.850,0.507512,359.8,209.821,2.48e-01, 16.9, 0.2, 25
3478, 77714,08092018,08032021 200835, 510, 28048.2, 21.860,335.302,0.286786,359.7,161.536,7.55e-01, 17.2,79.7, - 
3479, 77715,09092018,08032021 200527, 873, 28012.3, 21.943,323.475,0.451341,359.8,199.416,2.05e-01, 19.1,22.6, - 
3480, 77716,07042019,09032021 101649, 135, 28001.4, 11.634,203.941,0.495403,  0.5,356.067,6.36e-01, 17.7, 8.9, - 
3481, 77717,08042019,08032021 232731,   1, 28023.1, 11.232,212.746,0.466913,  0.5,341.228,2.77e-03, 17.9, 0.1,  1
3482, 77719,06042019,09032021 041327, 583, 28015.4,  5.550,184.173,0.317197,  1.2, 36.414,1.30e+01, 17.6, -  , - 
3483, 77720,05082019,08032021 200751, 581, 28163.1, 21.752,323.896,0.448265,359.7,201.278,4.08e+00, 18.4,19.3, - 
3484, 77721,22082019,08032021 195628, 475, 28193.7, 10.167,210.946,0.438024,  0.6,339.939,1.07e+01, 17.2, -  , - 
3485, 77722,29082019,08032021 185253, 556, 28039.4, 16.209,297.279,0.493865,359.8,270.647,1.15e+00, 17.4,80.1, - 
3486, 77723,29082019,08032021 220043, 433, 27868.6,  6.326,173.336,0.427697,  1.0,170.479,3.08e+01, 16.3, -  , - 
3487, 77724,30082019,08032021 212826, 529, 28176.7,  5.665,208.637,0.103034,  1.0,301.599,3.94e+00, 18.3,33.2, - 
3488, 77725,31082019,09032021 035428, 136, 28010.3, 11.088,221.571,0.417002,  0.5,323.347,7.50e-02, 18.3, 1.5,323
3489, 77726,03082019,09032021 083630,   9, 27973.1, 10.995,223.048,0.434416,  0.4,325.211,2.29e-01, 17.8, 0.1, 13
3490, 77727,19092019,09032021 054536, 109, 28053.4,  9.771,203.059,0.394886,  0.6,357.373,5.38e+00, 15.4,23.4, - 
3491, 77729,21102020,08032021 220159, 138, 28032.4, 10.490,210.843,0.455842,  0.5,348.231,1.62e+00, 18.7,66.6, - 
3492, 77730,14122020,09032021 000846,  63, 28020.5, 10.438,241.084,0.429588,  0.3,314.365,5.18e+00, 15.6,10.7, - 
3493, 77800,31082018,08032021 150044,   1, 28038.9, 21.678,321.728,0.505340,359.8,209.623,2.02e-02, 14.5, 0.1,  2
3494, 77801,08092018,08032021 230824, 587, 28023.2, 21.887,328.047,0.484482,359.7,200.713,1.37e-01, 18.8, 7.7, - 
3495, 77802,11092018,09032021 002823, 175, 28054.4, 21.858,328.260,0.382283,359.7,196.312,7.10e+00, 17.5, -  , - 
3496, 77803,08092018,08032021 165646, 196, 28114.3, 21.664,332.962,0.324419,359.7,183.669,4.55e+00, 15.7,88.7, - 
3497, 77804,09092018,09032021 060919, 181, 28032.4, 21.813,327.125,0.480917,359.7,199.726,1.04e-01, 17.7, 2.7,413
3498, 77805,08092018,09032021 024655,  81, 28109.7, 22.289,328.726,0.352588,359.7,178.939,5.93e+00, 17.0, 5.6, - 
3499, 77806,06102018,08032021 210250,   7, 28032.6, 21.803,326.644,0.483477,359.7,201.260,4.51e-02, 17.4, 0.1, 12
3500, 77807,07112018,08032021 202838, 427, 28024.2, 21.119,324.549,0.490336,359.7,205.089,2.15e-01, 18.3, 7.7, - 
3501, 77808,07112018,08032021 201057,  83, 28034.4, 21.787,326.740,0.480301,359.7,200.846,1.73e-01, 17.2, 1.5,313
3502, 77809,03122018,08032021 215157,   2, 28027.6, 22.046,332.319,0.483959,359.7,196.329,3.52e-01, 15.2, 0.1, 19
3503, 77810,17042019,09032021 074029,   7, 28047.8, 11.141,213.806,0.481130,  0.5,343.448,1.44e-01, 17.4, 0.1, 11
3504, 77811,06042019,09032021 041007, 180, 28031.3, 11.564,200.404,0.493981,  0.5,359.487,3.87e-01, 17.2,13.0, - 
3505, 77812,06042019,09032021 062635, 144, 28070.9, 10.176,208.292,0.462101,  0.6,354.177,2.73e+00, 18.5, 3.4,444
3506, 77813,26072019,08032021 221128, 142, 28126.6, 10.815,213.107,0.450375,  0.5,343.390,2.94e-01, 17.9, 1.8,139
3507, 77815,29072019,08032021 173238,  14, 28089.3,  9.543,199.561,0.460219,  0.7,  6.945,3.80e+00, 16.9, 2.3,411
3508, 77816,24072019,09032021 092806, 145, 28028.9, 11.175,209.075,0.488526,  0.5,345.558,2.49e-02, 18.0,15.3,184
3509, 77817,04082019,09032021 003815, 557, 28050.3, 11.107,220.064,0.419399,  0.5,324.715,1.47e-01, 17.9, 0.5, 83
3510, 77818,07082019,08032021 213031,  80, 28055.4,  9.845,218.805,0.405006,  0.5,337.898,3.37e+00, 18.5, 7.8, - 
3511, 77820,26092019,08032021 154817, 146, 28045.9, 11.307,207.634,0.486886,  0.5,350.673,5.66e-02, 16.9, 1.6,339
3512, 77821,01112019,08032021 185027,  60, 28044.2, 21.778,325.493,0.482371,359.7,202.116,1.95e-01, 18.2, 0.6,127
3513, 77900,03092018,08032021 220643,  45, 28071.6, 21.658,320.043,0.504666,359.8,211.100,4.55e-01, 18.7, 0.9,182
3514, 77901,03092018,08032021 225434,  90, 28065.9, 21.714,326.726,0.485680,359.7,201.505,1.35e+00, 18.5,14.7, - 
3515, 77902,10092018,08032021 194807, 514, 28056.7, 21.779,326.653,0.482487,359.7,201.226,1.55e-01, 18.4, 1.3,257
3516, 77903,10092018,09032021 052058, 551, 28055.0, 22.141,324.447,0.491007,359.8,205.087,5.91e-02, 18.7,12.7, - 
3517, 77904,14092018,08032021 172703, 728, 28099.9, 21.905,333.666,0.405559,359.7,184.062,7.12e+00, 17.5, -  , - 
3518, 77905,13102018,08032021 223841,   9, 28136.1, 64.267,301.135,0.346471,359.9,177.602,1.69e+01, 16.2, 0.7,156
3519, 77906,10122018,08032021 221443, 769, 28043.5, 21.742,325.847,0.482666,359.7,201.005,2.88e-01, 18.0,14.1, - 
3520, 77907,04042019,09032021 031726,  26, 28178.3, 22.082,315.104,0.402617,359.8,204.864,1.01e+01, 17.3, 1.3,278
3521, 77908,07042019,08032021 172514,   2, 28059.7, 11.206,213.645,0.467038,  0.5,340.015,3.18e-02, 15.1, 0.1,  2
3522, 77909,08042019,09032021 014338,   3, 28106.6, 10.200,210.583,0.454275,  0.6,350.347,2.62e+00, 16.5, 0.1,  9
3523, 77910,06042019,09032021 003825,   3, 28067.8, 11.224,212.860,0.470591,  0.5,341.410,1.17e-02, 16.7, 0.1,  1
3524, 77911,06042019,08032021 182612,   4, 28081.1, 11.096,213.380,0.467277,  0.5,340.800,3.28e-01, 16.0, 0.2, 41
3525, 77912,25042019,09032021 004536, 567, 28122.9,  7.337,187.575,0.431167,  0.9, 26.068,4.30e+00, 16.9, -  , - 
3526, 77914,06042019,09032021 053134, 120, 28071.4, 12.472,209.051,0.528856,  0.5,345.660,1.51e-01, 17.7, 1.9,141
3527, 77915,06062019,09032021 012337, 138, 28043.3, 11.090,213.361,0.452566,  0.5,339.810,2.67e+00, 18.9,42.1, - 
3528, 77916,10072019,09032021 033740,  92, 28059.8, 10.884,219.339,0.500390,  0.5,333.960,4.67e-02, 17.1, 2.2,152
3529, 77918,15022020,08032021 201707,   3, 36034.4, 25.335, 31.714,0.225134,359.8,278.857,1.82e+01, 17.2, 0.3, 55
3530, 77919,13082010,09032021 092400,   3, 28061.5, 26.346,167.504,0.741625,  0.3,135.560,1.28e-03, 16.1, 0.1,  2
3531, 77920,14102020,09032021 091332, 136, 28077.5, 11.192,212.936,0.465177,  0.5,340.590,1.58e-01, 19.0, 6.5, - 
3532, 78000,27122014,08032021 233507,   1, 27979.7, 21.798,326.401,0.483267,359.7,202.126,9.89e-03, 12.5, 0.1,  1
3533, 78002,31082018,09032021 003802,   1, 28079.8, 21.686,319.438,0.494666,359.8,209.062,1.17e-01, 15.6, 0.1,  5
3534, 78003,03092018,08032021 203738,  10, 28075.6, 21.904,330.181,0.479238,359.7,196.694,2.16e-02, 16.2, 0.1,  2
3535, 78004,03092018,08032021 233516,  78, 28111.9, 21.936,326.053,0.450449,359.7,195.865,2.89e+00, 18.6,25.0, - 
3536, 78005,03092018,09032021 052728,  93, 28086.5, 21.836,327.296,0.477996,359.7,199.209,3.73e+00, 18.3,62.9, - 
3537, 78006,03092018,09032021 052107, 874, 28081.8, 22.130,334.897,0.435692,359.7,181.977,7.49e-02, 18.8, 5.4,461
3538, 78007,03092018,09032021 065410, 886, 28085.1, 22.152,337.941,0.423957,359.7,178.332,6.09e-01, 19.1, -  , - 
3539, 78008,03092018,08032021 175312, 417, 28082.4, 20.778,328.692,0.398585,359.7,175.207,5.87e-03, 18.1, 1.4,254
3540, 78009,14092018,08032021 174814, 884, 28101.6, 21.866,323.331,0.450412,359.8,198.977,1.55e+00, 17.6,39.6, - 
3541, 78010,09042019,08032021 200801, 146, 28078.7, 10.531,223.843,0.451371,  0.5,311.324,6.66e-01, 18.9, 4.8,294
3542, 78011,07042019,09032021 050835,   3, 28087.1, 11.201,213.806,0.466950,  0.5,339.572,3.60e-02, 17.5, 0.1,  3
3543, 78012,07042019,09032021 082139, 129, 28276.6,  8.455,212.345,0.427271,  0.7,  6.804,7.11e+00, 15.6,60.9, - 
3544, 78013,08042019,09032021 052830,   1, 28092.0, 11.008,213.149,0.464380,  0.5,342.181,5.33e-01, 14.2, 0.1,  6
3545, 78014,06042019,08032021 135111, 146, 28114.6,  9.043,211.167,0.382428,  0.6,355.176,2.72e+00, 16.4, 2.0,403
3546, 78015,06042019,08032021 221224,   8, 28079.7, 11.205,212.942,0.472820,  0.5,341.712,4.00e-02, 17.1, 0.1,  9
3547, 78016,06042019,09032021 015820,  41, 28127.2,  9.841,202.451,0.467990,  0.6,  3.876,3.47e+00, 18.2, 2.4,504
3548, 78018,06042019,08032021 164945, 143, 28095.9, 10.642,206.949,0.482277,  0.6,355.382,1.85e+00, 19.1,15.1, - 
3549, 78019,14052019,09032021 035130, 195, 28081.0, 11.216,220.035,0.367198,  0.5,315.630,1.32e-01, 16.5, 2.6,557
3550, 78020,06042019,09032021 080259, 556, 28046.4,  9.532,194.445,0.447664,  0.7,  7.433,5.22e+00, 16.3,30.9, - 
3551, 78021,26062019,09032021 063754, 532, 28129.8,  8.798,182.528,0.530653,  0.8, 44.029,8.73e+00, 16.6, -  , - 
3552, 78023,25072019,08032021 193129, 566, 28219.1, 21.814,329.412,0.407065,359.7,186.613,3.33e+00, 18.4, -  , - 
3553, 78024,02082019,09032021 022848, 552, 28179.0,  9.570,133.509,0.337083,  0.5,101.561,1.02e+01, 16.4, -  , - 
3554, 78025,05082019,08032021 175716, 219, 28100.0, 21.813,326.524,0.479175,359.7,201.401,1.31e+00, 15.6,19.2, - 
3555, 78026,09082019,08032021 130225, 447, 28104.0, 10.843,210.848,0.457802,  0.5,346.835,1.67e+00, 17.6,59.6, - 
3556, 78028,02112019,09032021 091408,   2, 28090.4, 10.213,219.895,0.402157,  0.5,332.009,4.49e+00, 17.3, 0.2, 46
3557, 78029,02112019,09032021 005209, 446, 28107.7,  9.789,195.830,0.570146,  0.7, 18.671,5.07e+00, 17.4,84.4, - 
3558, 78100,24072009,08032021 231946, 142, 28224.5,  4.832, 59.017,0.726173,359.3, 51.724,2.38e-01, 15.7, 3.1,670
3559, 78101,14082018,09032021 042942, 899, 28342.4, 26.474, 21.927,0.273171,359.8,351.174,3.79e+01, 18.1, -  , - 
3560, 78102,03092018,09032021 023030, 144, 28110.4, 21.905,330.470,0.473458,359.7,195.472,3.60e-01, 17.2, 3.0,632
3561, 78103,03092018,08032021 223849, 669, 28100.8, 21.742,324.333,0.475229,359.7,202.669,1.58e+00, 15.4,54.0, - 
3562, 78104,03092018,08032021 152800, 887, 28115.0, 21.940,333.807,0.446836,359.7,188.686,1.57e+00, 19.0,25.7, - 
3563, 78105,03092018,08032021 221235,  63, 28204.0, 21.596,328.137,0.435003,359.7,198.180,2.55e+00, 17.3, 5.5, - 
3564, 78106,03092018,08032021 150327,  86, 28087.1, 21.282,331.992,0.395168,359.7,192.612,4.27e+00, 17.6,26.0, - 
3565, 78107,10092018,08032021 202227, 563, 28136.4, 21.989,326.630,0.457949,359.7,205.348,5.52e-01, 18.2,57.2, - 
3566, 78108,30082018,08032021 144436,   1, 28093.7, 21.825,327.788,0.478491,359.7,198.383,7.39e-02, 17.1, 0.1,  3
3567, 78109,30082018,09032021 013449, 885, 28152.8, 21.825,331.093,0.393354,359.7,182.257,5.26e+00, 19.1,74.0, - 
3568, 78110,30082018,08032021 210420, 166, 28127.2, 21.935,323.117,0.476148,359.8,201.809,1.19e+00, 16.8,33.5, - 
3569, 78111,03092018,08032021 221540,   6, 28132.6, 21.829,328.120,0.478825,359.7,197.874,4.95e-02, 17.5, 0.1,  3
3570, 78112,03092018,09032021 044535, 514, 28116.6, 21.862,328.245,0.478313,359.7,198.228,1.04e-01, 18.8, 1.6,349
3571, 78113,10092018,09032021 015319, 904, 28141.7, 21.829,331.476,0.423511,359.7,187.232,3.14e+00, 19.1, -  , - 
3572, 78115,30082018,08032021 154534, 603, 28089.5, 21.803,328.166,0.502685,359.7,193.601,6.11e-02, 16.9,10.1, - 
3573, 78116,07042019,09032021 082327,   2, 28105.2, 11.222,213.191,0.469552,  0.5,340.684,4.34e-02, 16.7, 0.1,  4
3574, 78117,06042019,08032021 210348, 169, 28098.9, 10.688,211.448,0.450549,  0.5,343.594,1.23e+00, 18.4,63.4, - 
3575, 78118,10042019,09032021 065305,   2, 28118.2, 11.221,212.679,0.472056,  0.5,341.361,2.33e-02, 17.2, 0.1,  1
3576, 78119,08042019,09032021 094144, 560, 28091.7,  7.517,154.747,0.676000,  0.8, 89.356,3.92e-02, 17.5, 0.9,147
3577, 78120,08042019,08032021 195729,   3, 28119.9, 11.289,211.677,0.458967,  0.5,339.517,5.93e-02, 17.8, 0.1,  5
3578, 78121,06042019,08032021 234021,   1, 28125.3, 11.122,218.972,0.482916,  0.5,337.814,5.28e-02, 18.0, 0.1,  2
3579, 78122,06042019,09032021 080646, 135, 28122.6, 10.227,219.456,0.451319,  0.5,331.414,1.19e+00, 17.7, 3.7,687
3580, 78123,30072019,09032021 055832,  88, 28117.0, 11.166,215.544,0.469434,  0.5,337.983,3.67e-02, 18.4, 0.4, 36
3581, 78124,31072019,08032021 224704, 141, 28184.8, 11.060,193.110,0.443376,  0.6,  4.605,1.21e+00, 17.2,28.7, - 
3582, 78125,28082019,09032021 042108,   0, 28112.2, 11.025,226.774,0.423115,  0.4,317.977,1.10e-01, 17.6, 0.1,  6
3583, 78200,03092018,09032021 013828,  61, 28122.3, 21.627,325.085,0.475177,359.7,202.165,9.78e-01, 15.6,11.9, - 
3584, 78201,03092018,08032021 232112, 330, 28121.4, 21.621,320.903,0.507591,359.8,211.377,6.12e-01, 18.2, 8.2, - 
3585, 78202,14092018,08032021 201121, 850, 28143.9, 21.766,329.004,0.453729,359.7,194.570,1.76e+00, 18.6,90.5, - 
3586, 78203,14092018,09032021 050422,   1, 28126.9, 21.820,327.667,0.480922,359.7,198.687,7.88e-03, 16.6, 0.1,  1
3587, 78204,10092018,09032021 055305, 580, 28120.3, 22.301,328.949,0.473463,359.7,195.977,2.02e-01, 18.8,24.6, - 
3588, 78206,14092018,08032021 213539, 563, 28116.9, 21.782,328.888,0.460308,359.7,194.450,1.02e+00, 18.7,87.1, - 
3589, 78207,07042019,08032021 181500,   1, 28132.8, 11.206,214.176,0.467160,  0.5,338.627,7.56e-03, 12.8, 0.1,  1
3590, 78208,07042019,08032021 144343,   2, 28144.9, 11.100,213.329,0.468588,  0.5,340.541,2.98e-01, 15.5, 0.1,  3
3591, 78209,07042019,08032021 213258, 129, 28137.1, 11.272,211.192,0.465778,  0.5,341.328,7.96e-02, 15.6, 0.3, 70
3592, 78210,05042019,09032021 084054,  58, 28137.4, 11.081,213.608,0.461800,  0.5,338.969,8.07e-01, 17.6, 1.7,375
3593, 78211,08042019,08032021 173558,   0, 28133.2, 11.074,212.945,0.469871,  0.5,342.177,1.86e-01, 17.2, 0.1,  1
3594, 78212,06042019,09032021 110218, 143, 28067.8, 10.041,200.822,0.519000,  0.6,  8.964,2.67e+00, 17.9,10.7, - 
3595, 78213,06042019,08032021 224005,   3, 28152.5, 11.171,214.305,0.466015,  0.5,338.303,1.07e-01, 17.0, 0.1,  8
3596, 78214,06042019,09032021 065754, 145, 28132.6, 11.415,206.803,0.479095,  0.5,353.460,3.40e+00, 18.2, -  , - 
3597, 78215,03072019,09032021 003332, 138, 28202.3,  8.723,214.556,0.353531,  0.6,345.765,2.63e+00, 18.9,43.2, - 
3598, 78218,25082019,09032021 044416, 144, 28152.2, 10.604,211.550,0.404171,  0.5,340.232,3.00e+00, 18.8, 8.8, - 
3599, 78219,28082019,09032021 020818, 191, 28156.4,  9.345,177.584,0.541473,  0.7, 52.773,1.76e+01, 16.6, -  , - 
3600, 78220,29092019,08032021 214039, 143, 28137.8, 11.281,208.530,0.473946,  0.5,343.511,8.41e-02, 16.0, 1.5,324
3601, 78300,11102012,09032021 034811,   3, 27866.4, 22.307, 59.141,0.757850,359.8,136.634,1.72e-02, 15.2, 0.5,  2
3602, 78301,31082018,09032021 022549,   1, 28145.1, 21.923,328.118,0.474784,359.7,197.885,5.32e-01, 14.3, 0.1,  4
3603, 78302,31082018,08032021 210802,   1, 28142.2, 21.830,328.129,0.479486,359.7,197.825,8.02e-03, 12.8, 0.1,  1
3604, 78303,31082018,08032021 220035,   7, 28154.6, 21.795,325.784,0.477861,359.7,199.562,4.96e-02, 14.9, 0.1,  9
3605, 78304,01092018,08032021 212526,   2, 28147.5, 21.830,329.176,0.469418,359.7,195.246,3.68e-01, 15.6, 0.1,  9
3606, 78305,03092018,09032021 024519, 730, 28200.3, 21.808,327.505,0.410317,359.7,187.849,4.97e+00, 17.5,51.0, - 
3607, 78306,01092018,08032021 205428,   5, 28142.4, 21.830,328.178,0.478855,359.7,197.712,4.09e-02, 16.6, 0.1,  3
3608, 78307,04092018,09032021 000023, 116, 28166.0, 21.699,325.910,0.471767,359.7,201.013,4.85e-01, 17.1, 4.6, - 
3609, 78308,31082018,08032021 222153, 887, 28180.1, 21.768,325.648,0.450618,359.7,196.027,1.94e+00, 18.9, 9.8, - 
3610, 78309,08092018,08032021 191409, 172, 28204.1, 21.853,332.213,0.382441,359.7,178.501,5.78e+00, 17.9, 6.1, - 
3611, 78310,08092018,09032021 070548,  22, 28162.0, 21.836,328.314,0.478660,359.7,197.327,3.05e-02, 18.5, 0.1, 13
3612, 78311,30082018,08032021 193534, 101, 28164.0, 21.835,328.545,0.477677,359.7,196.908,7.01e-02, 18.2, 0.3, 39
3613, 78312,08092018,09032021 041657, 673, 28159.9, 21.836,328.380,0.478432,359.7,197.251,5.92e-02, 19.2, 1.8,389
3614, 78313,30082018,09032021 045835, 456, 28132.6, 21.862,328.187,0.474691,359.7,197.661,1.43e+00, 18.5,23.2, - 
3615, 78314,30082018,08032021 232316,  63, 28183.0, 21.803,330.015,0.439824,359.7,193.833,2.93e+00, 18.5,12.7, - 
3616, 78315,03092018,09032021 005719, 392, 28155.5, 21.770,328.785,0.466305,359.7,194.978,8.90e-01, 17.2,18.1, - 
3617, 78316,16092018,08032021 174621, 887, 28243.5, 21.914,330.147,0.320881,359.7,160.936,1.16e+01, 17.8, -  , - 
3618, 78317,02102018,09032021 001540,   5, 28162.0, 21.790,329.639,0.455533,359.7,193.490,1.35e+00, 17.9, 0.1, 11
3619, 78318,28102018,09032021 010038,  13, 28146.2, 21.808,327.807,0.479434,359.7,198.270,8.62e-02, 16.7, 0.1, 22
3620, 78319,06042019,08032021 233839, 140, 28159.8, 10.713,214.668,0.468566,  0.5,331.336,8.24e-02, 16.9, 5.1,651
3621, 78320,08042019,09032021 101459,   2, 28151.4, 11.580,203.670,0.472155,  0.5,350.224,1.19e-01, 14.7, 0.1,  9
3622, 78321,06042019,09032021 092539, 138, 28161.4, 10.470,219.802,0.403743,  0.5,323.013,4.21e-01, 18.3,14.2, - 
3623, 78322,06042019,09032021 055321, 480, 28175.4, 10.843,208.837,0.304405,  0.5,343.966,2.77e+00, 18.4, -  , - 
3624, 78323,06042019,09032021 000053, 142, 28142.5, 11.115,214.980,0.446829,  0.5,335.512,2.95e-02, 18.4, 0.3, 26
3625, 78324,06042019,08032021 223306, 189, 28155.6,  9.637,202.600,0.482561,  0.6,359.466,3.15e+00, 17.1,40.3, - 
3626, 78326,06042019,09032021 011120, 464, 28174.4, 11.273,203.664,0.516459,  0.5,354.894,1.00e-02, 18.3, 1.3,275
3627, 78327,03072019,08032021 150622,   0, 28173.9, 11.218,226.605,0.484707,  0.4,329.797,6.03e-02, 14.5, 0.1,  4
3628, 78328,28072019,08032021 181020, 166, 28171.7, 21.718,322.712,0.492505,359.8,205.680,1.47e-01, 17.2, 6.6, - 
3629, 78329,30082019,08032021 210358, 486, 28261.1,  7.710,226.359,0.226042,  0.6,312.421,9.63e+00, 15.3, -  , - 
3630, 78334,02042020,08032021 182211, 339, 28142.8,  8.499,183.324,0.478854,  0.8, 27.835,8.31e+00, 17.1,53.8, - 
3631, 78401,31082018,08032021 174942,   2, 28183.9, 21.810,326.756,0.477078,359.7,198.152,1.98e-02, 16.8, 0.1,  2
3632, 78402,08092018,08032021 211517,   5, 28165.0, 21.769,328.361,0.477981,359.7,197.533,8.47e-02, 17.2, 0.1, 18
3633, 78403,08092018,09032021 042133, 522, 28182.5, 21.708,323.969,0.497082,359.7,205.461,6.40e-01, 18.7, 9.8, - 
3634, 78404,08092018,09032021 015100, 579, 28218.9, 21.760,328.602,0.408187,359.7,185.338,3.65e+00, 17.9,35.3, - 
3635, 78405,09092018,09032021 053935, 504, 28188.1, 22.178,328.118,0.482709,359.7,197.384,2.09e-01, 17.8, 8.4, - 
3636, 78406,09092018,08032021 234258, 552, 28195.2, 22.100,320.959,0.483275,359.8,200.153,9.07e-01, 18.9,54.4, - 
3637, 78407,09092018,09032021 014031, 122, 28180.7, 21.925,331.566,0.455115,359.7,190.837,1.50e-01, 18.1, 2.1,474
3638, 78408,09092018,09032021 025455, 851, 28224.5, 21.893,328.052,0.403830,359.7,186.001,3.65e+00, 19.0,70.4, - 
3639, 78409,09092018,09032021 064747,   4, 28174.7, 21.845,326.099,0.512763,359.7,205.226,1.06e-01, 15.7, 0.1, 15
3640, 78410,09092018,08032021 181508, 584, 28181.8, 21.917,328.665,0.453572,359.7,193.918,2.23e+00, 19.0, -  , - 
3641, 78411,19102018,09032021 010412, 323, 28212.0, 21.903,331.152,0.465172,359.7,191.959,3.29e-01, 16.6,14.1, - 
3642, 78413,09112018,09032021 000839,  85, 28271.9, 21.260,322.473,0.478235,359.7,200.760,8.20e+00, 17.9,30.3, - 
3643, 78414,27012019,09032021 030148,   1, 28171.4,  8.084,237.580,0.487860,  0.4,177.099,4.09e-02, 18.1, 0.1,  1
3644, 78415,07042019,08032021 212748,   3, 28178.7, 11.160,215.573,0.462135,  0.5,336.065,1.27e-01, 15.2, 0.1, 12
3645, 78416,06042019,09032021 021450, 144, 28208.8, 10.575,215.007,0.434396,  0.5,342.330,1.09e-01, 18.2, 0.4, 68
3646, 78417,06042019,09032021 090901,  97, 28163.6, 11.194,214.342,0.466759,  0.5,338.130,5.45e-02, 18.1, 1.2,256
3647, 78418,08042019,08032021 212722,   3, 28165.8, 11.218,212.693,0.474948,  0.5,341.477,1.64e-02, 16.7, 0.1,  1
3648, 78419,06042019,08032021 234330, 144, 28185.1, 10.951,213.058,0.467717,  0.5,341.254,3.87e-01, 19.0, 5.0,895
3649, 78420,06042019,09032021 063051, 146, 28209.7, 10.359,209.724,0.513269,  0.6,343.805,1.45e+00, 17.4, 8.1, - 
3650, 78421,06042019,08032021 190051, 140, 28179.3, 11.119,214.104,0.447516,  0.5,337.766,2.88e-01, 18.0, 2.1,408
3651, 78422,06042019,09032021 004055, 119, 28188.0, 10.862,217.187,0.470063,  0.5,328.464,6.21e-03, 18.4, 1.4, 53
3652, 78423,06042019,09032021 005728, 151, 28162.1,  9.699,205.644,0.460524,  0.6,354.800,3.77e+00, 17.9,39.4, - 
3653, 78424,04082019,08032021 212525, 564, 28179.1, 21.830,327.071,0.498206,359.7,201.806,2.33e-01, 18.2, 6.6,146
3654, 78425,12082019,09032021 001727,  61, 28206.2, 10.522,210.423,0.461918,  0.5,345.806,1.61e+00, 16.8, 6.1, - 
3655, 78426,12082019,09032021 064721, 479, 28208.2, 10.822,217.482,0.445464,  0.5,336.117,1.29e+00, 17.1,25.3, - 
3656, 78428,29092019,08032021 202757, 136, 28347.8,  9.807,238.479,0.341616,  0.4,314.926,9.70e+00, 15.9, -  , - 
3657, 78429,04102019,09032021 080820, 521, 28217.1, 10.373,227.484,0.440803,  0.4,329.556,2.82e+00, 18.0, -  , - 
3658, 78430,27112019,09032021 090722, 466, 28184.1,  9.049,194.183,0.487331,  0.7, 20.712,3.67e+00, 17.8,72.2, - 
3659, 78431,16102020,08032021 212431,  97, 28182.5, 10.463,216.930,0.430521,  0.5,334.644,3.04e-01, 18.6, 1.5,338
3660, 78500,10092012,08032021 162802,   1, 28206.8, 23.961,127.696,0.745635,  0.2,280.607,1.07e-01, 17.1, 0.1,  7
3661, 78501,01022014,08032021 211654,   3, 28243.9, 24.229,244.525,0.732770,  0.1,120.417,8.56e-02, 15.0, 0.1,  5
3662, 78502,30072014,09032021 063644,  25, 28214.9,  8.282,250.120,0.485973,  0.3,153.068,1.29e-01, 17.1, 0.1, 10
3663, 78503,31082018,09032021 072308,   2, 28227.8, 21.817,331.323,0.446066,359.7,190.399,7.98e-01, 13.9, 0.2, 48
3664, 78504,07092018,08032021 204151, 327, 28195.2, 21.761,330.035,0.457088,359.7,193.391,9.86e-01, 18.0, 6.7, - 
3665, 78505,09092018,08032021 193629, 146, 28196.2, 21.616,328.802,0.485477,359.7,195.190,1.71e-02, 18.8, 0.7,156
3666, 78506,09092018,08032021 220310,   0, 28225.5, 21.815,327.529,0.468763,359.7,194.940,6.70e-01, 17.1, 0.1,  5
3667, 78507,09092018,08032021 235306,   1, 28189.3, 21.837,328.494,0.478126,359.7,196.729,4.23e-02, 18.4, 0.1,  7
3668, 78508,09092018,09032021 023239, 109, 28213.9, 22.090,334.094,0.478314,359.7,192.075,3.74e-01, 16.5, 3.0,609
3669, 78509,09092018,09032021 003132, 904, 28035.1, 20.307,309.961,0.356917,359.8,111.938,2.41e+01, 17.6, -  , - 
3670, 78510,09092018,09032021 053336, 170, 28413.6, 21.786,329.027,0.422233,359.7,192.857,2.93e+00, 14.8,20.3, - 
3671, 78511,02102018,08032021 232909, 459, 28191.4, 22.074,332.692,0.432593,359.7,184.913,4.35e+00, 17.2,55.3, - 
3672, 78512,07102018,09032021 003051, 555, 28188.8, 22.077,327.610,0.434487,359.7,212.131,2.04e-02, 18.1, 1.5,102
3673, 78513,25092018,09032021 025737, 563, 28178.1, 22.041,332.727,0.500884,359.7,194.457,3.92e-01, 16.2,29.4, - 
3674, 78514,17102018,09032021 095119,   1, 28251.6, 11.192,215.126,0.462146,  0.5,335.352,7.90e-03, 12.4, 0.1,  1
3675, 78515,07042019,09032021 052137,   3, 28218.0, 11.201,213.845,0.467458,  0.5,338.193,4.24e-02, 16.0, 0.1,  3
3676, 78516,06042019,09032021 063835, 145, 28151.0, 10.140,216.543,0.472890,  0.5,332.565,1.40e-01, 19.0,10.5,595
3677, 78517,07042019,09032021 013339,   1, 28213.7, 11.194,214.803,0.462738,  0.5,336.295,3.03e-02, 16.4, 0.1,  2
3678, 78518,08042019,09032021 010414,   1, 28212.9, 11.186,214.717,0.464315,  0.5,336.691,3.51e-02, 15.9, 0.1,  2
3679, 78519,06042019,09032021 072202,  99, 28206.4, 11.108,211.668,0.492600,  0.5,344.654,3.26e-01, 19.1,12.0, - 
3680, 78520,08042019,08032021 223825, 496, 28204.0, 10.803,207.186,0.472850,  0.6,352.280,1.76e+00, 16.7,45.8, - 
3681, 78521,09042019,08032021 235650, 144, 28212.0, 11.141,214.034,0.464023,  0.5,338.240,1.99e-01, 18.7, 0.6, 32
3682, 78522,06042019,08032021 222834, 375, 28210.4, 11.074,215.539,0.446251,  0.5,335.045,5.20e-01, 18.5, 5.6, - 
3683, 78523,06042019,08032021 161921, 336, 28206.3, 11.007,214.312,0.466713,  0.5,336.517,2.81e-01, 16.1, 1.6,359
3684, 78524,06042019,09032021 090442, 697, 28192.8, 11.143,215.010,0.461053,  0.5,336.398,1.59e-01, 18.5,33.2, - 
3685, 78525,06042019,09032021 011245, 114, 28221.3, 10.134,215.223,0.441516,  0.5,342.047,1.00e-02, 19.1, 1.8,373
3686, 78526,06042019,09032021 071506, 231, 28105.4, 11.121,215.347,0.485244,  0.5,342.308,1.25e-01, 17.2, 1.5,276
3687, 78527,06042019,08032021 233523, 208, 28197.2, 11.281,208.976,0.481989,  0.5,341.717,6.02e-02, 16.9, 1.0,210
3688, 78528,06042019,09032021 061130, 530, 28292.6,  5.444,145.598,0.109655,  1.0,181.452,2.59e-01, 17.6, -  , - 
3689, 78529,12042019,08032021 155644, 152, 28219.3, 11.976,198.139,0.474872,  0.5,354.106,1.94e-01, 16.1, 2.0,395
3690, 78530,06042019,09032021 014939, 497, 28213.6, 11.163,215.156,0.459479,  0.5,336.827,2.35e-01, 18.3, 5.5,935
3691, 78531,06052019,08032021 224214,   3, 28211.1, 11.547,205.616,0.462877,  0.5,345.422,1.26e-01, 13.8, 0.1, 17
3692, 78533,06042019,08032021 142710, 138, 28228.3, 10.727,210.868,0.468259,  0.5,346.192,1.86e+00, 17.5,12.5, - 
3693, 78534,27062019,09032021 020023, 522, 28219.0, 21.645,314.553,0.507655,359.8,215.644,2.20e-01, 14.8, 1.6,117
3694, 78535,12082019,08032021 134211,  97, 28217.6, 11.094,214.875,0.459362,  0.5,336.915,3.74e-01, 17.8, 1.9,421
3695, 78536,06082019,08032021 214514, 205, 28225.6, 11.030,214.174,0.461150,  0.5,337.656,3.24e+00, 17.1,47.9, - 
3696, 78537,29082019,08032021 193040, 213, 28232.3, 10.476,222.550,0.420280,  0.5,331.741,3.90e+00, 16.8, 8.7, - 
3697, 78538,28082019,08032021 231707, 165, 28390.9,  9.236,203.393,0.401791,  0.7,  4.585,4.80e+00, 17.1,56.5, - 
3698, 78539,23092019,09032021 034140,   4, 28195.6, 10.820,213.117,0.452275,  0.5,340.309,1.55e+00, 17.6, 0.2, 32
3699, 78541,29112019,09032021 002620, 223, 28187.7, 20.835,323.687,0.522316,359.7,214.217,1.68e+00, 17.2,56.1, - 
3700, 78544,19012021,08032021 154357,  16, 28217.6, 12.007,199.116,0.468067,  0.5,352.279,1.17e-01, 12.7, 0.1,  2
3701, 78601,26032017,08032021 120309, 737, 28235.7, 25.662, 19.962,0.735120,359.7,314.005,2.76e-02, 18.3, 1.9, 58
3702, 78602,19112017,08032021 214509,1043, 28266.0, 58.360,219.817,0.634051,  0.1,352.263,1.87e+00, 16.5,92.5, - 
3703, 78603,31082018,08032021 211122,   4, 28222.0, 21.697,323.258,0.507901,359.7,206.398,8.11e-02, 13.7, 0.1,  9
3704, 78604,31082018,08032021 232651,   2, 28235.3, 21.687,323.225,0.505548,359.7,205.760,1.14e-01, 15.8, 0.1,  7
3705, 78605,09092018,08032021 220313, 408, 28266.2, 21.749,326.518,0.466866,359.7,199.922,2.66e+00, 17.1,27.4, - 
3706, 78606,09092018,08032021 160002, 447, 28276.4, 21.741,330.715,0.412881,359.7,182.867,4.22e+00, 18.0, -  , - 
3707, 78607,25092018,08032021 200849,  94, 28209.1, 21.702,327.331,0.474658,359.7,197.177,8.79e-01, 17.4, 9.0, - 
3708, 78608,18102018,09032021 055056, 249, 28216.6, 21.858,327.918,0.474032,359.7,195.564,6.03e-02, 18.3, 1.3,216
3709, 78609,18102018,09032021 074158, 138, 28226.4, 11.345,215.428,0.456510,  0.5,334.757,2.38e-01, 18.7, 0.8,154
3710, 78610,18102018,08032021 203301, 543, 28230.9, 11.295,216.089,0.451046,  0.5,334.299,4.76e-01, 18.0,12.8, - 
3711, 78611,06112018,09032021 001911, 834, 28334.7, 22.580,336.944,0.307686,359.7, 91.303,2.21e+01, 17.9, -  , - 
3712, 78612,10012019,09032021 060348, 134, 28207.5, 21.813,329.973,0.474767,359.7,193.357,2.87e-02, 18.0, 0.5, 95
3713, 78613,03022019,09032021 004906, 726, 28414.2, 31.106,354.526,0.419388,359.8, 19.722,3.76e+01, 17.8, -  , - 
3714, 78615,09042019,08032021 221852, 406, 28227.3, 10.564,211.745,0.506040,  0.5,348.668,4.68e-02, 17.8, 1.0, 60
3715, 78616,09042019,09032021 021904, 135, 28243.8, 11.148,215.947,0.464614,  0.5,335.432,5.77e-02, 17.5, 0.9,189
3716, 78617,08042019,09032021 063429, 169, 28233.7, 11.150,216.462,0.448446,  0.5,334.040,1.53e-02, 18.1, 0.2, 14
3717, 78618,06042019,08032021 142345, 189, 28281.7,  8.944,210.184,0.390918,  0.6,353.450,2.29e-01, 17.7, 0.7, 89
3718, 78619,09042019,09032021 040415, 181, 28246.4, 11.165,214.721,0.463202,  0.5,336.089,1.49e-01, 15.9, 0.8,149
3719, 78620,06042019,09032021 075315,  81, 28239.3,  9.132,224.994,0.281901,  0.5,325.896,1.25e+00, 17.7,23.3, - 
3720, 78621,06042019,09032021 003955, 145, 28237.5, 11.030,215.704,0.458799,  0.5,334.384,4.00e-01, 17.9,12.6, - 
3721, 78622,06042019,08032021 172348, 134, 28233.0,  9.760,206.128,0.361873,  0.6,  3.958,5.87e+00, 16.5,17.7, - 
3722, 78623,06042019,09032021 032248,   2, 28230.7, 11.159,215.161,0.460276,  0.5,335.695,1.47e-01, 16.8, 0.1,  5
3723, 78624,06042019,08032021 184556, 141, 28222.4, 11.113,215.273,0.457148,  0.5,335.724,2.77e-01, 18.6, 2.9,644
3724, 78627,06042019,08032021 162714, 138, 28240.0,  9.033,211.044,0.413111,  0.6,346.855,8.65e-01, 18.7,10.9, - 
3725, 78628,06042019,09032021 003510, 617, 28241.9, 11.222,215.439,0.458809,  0.5,335.315,2.20e-01, 18.7, 4.6,955
3726, 78629,06042019,08032021 232336,  16, 28225.6, 11.183,214.723,0.465662,  0.5,336.844,5.14e-02, 18.0, 0.1,  9
3727, 78630,06042019,09032021 054136, 592, 28311.6,  8.933,202.631,0.439825,  0.7,345.119,5.21e-01, 18.3, 2.1,360
3728, 78631,26062019,09032021 023138, 239, 28327.8, 21.268,328.767,0.445208,359.7,197.577,1.25e+00, 16.9,92.0, - 
3729, 78632,25082019,09032021 062757, 136, 28328.3, 11.415,252.951,0.392279,  0.2,304.626,3.63e+00, 16.8, -  , - 
3730, 78634,30092019,09032021 061438, 450, 28255.0, 10.984,213.861,0.441534,  0.5,338.356,2.19e+00, 16.5,31.1, - 
3731, 78635,02102019,08032021 225114, 143, 28266.3, 10.886,212.104,0.443294,  0.5,343.318,6.26e+00, 17.4, 8.3, - 
3732, 78700,12092012,08032021 233822,   2, 28215.2, 24.880,273.784,0.747830,360.0,131.729,8.73e-02, 15.6, 0.1,  6
3733, 78701,30062016,08032021 235839, 116, 28234.1, 24.470,301.373,0.744536,359.9, 99.336,5.60e-02, 16.8, 1.0,175
3734, 78702,12012018,09032021 041915,   6, 28255.7,  8.557,267.892,0.482276,  0.0,117.651,9.31e-02, 17.9, 0.1,  9
3735, 78703,31082018,09032021 033406,   3, 28249.5, 21.732,324.269,0.505952,359.7,204.759,9.38e-02, 12.3, 0.1,  8
3736, 78704,02092018,09032021 011902, 743, 28251.9, 21.839,328.701,0.457625,359.7,194.273,9.74e-01, 18.1,39.3, - 
3737, 78705,14092018,09032021 044410, 128, 28237.8, 21.815,322.656,0.477315,359.8,201.070,2.12e-01, 17.2, 2.5,518
3738, 78706,14092018,09032021 034524, 192, 28272.3, 21.904,327.836,0.427948,359.7,193.590,1.89e+00, 16.1,99.7, - 
3739, 78708,14092018,08032021 184135, 552, 28332.3, 22.005,330.449,0.395693,359.7,187.777,3.44e+00, 17.0, -  , - 
3740, 78709,17102018,08032021 134912, 551, 28245.7, 10.566,210.015,0.485893,  0.5,353.517,4.87e-01, 18.5,10.0,786
3741, 78710,18102018,08032021 144029, 143, 28299.5, 10.800,202.200,0.440420,  0.6, 16.405,7.93e-01, 18.8,17.8, - 
3742, 78711,07042019,09032021 082917, 574, 28251.0, 11.116,214.993,0.461154,  0.5,336.138,2.31e-01, 17.2,11.8, - 
3743, 78712,07042019,08032021 230351, 236, 28254.9, 11.335,217.213,0.446929,  0.5,328.734,2.00e-01, 17.7, 2.0,334
3744, 78713,08042019,08032021 132940,   4, 28259.3, 11.455,207.121,0.469015,  0.5,344.538,5.14e-02, 17.2, 0.1, 14
3745, 78714,08042019,09032021 085826,   2, 28253.6, 11.213,209.459,0.464122,  0.5,343.728,6.23e-01, 17.4, 0.1, 16
3746, 78715,06042019,09032021 064517, 501, 28248.4, 11.166,214.947,0.460810,  0.5,335.700,9.98e-02, 17.2, 1.1,157
3747, 78716,06042019,09032021 022401, 671, 28235.4,  8.512,189.254,0.444195,  0.8, 23.038,7.24e+00, 16.5,22.1, - 
3748, 78717,07042019,09032021 091452,   1, 28251.4, 11.290,211.944,0.449168,  0.5,336.110,2.01e-01, 15.1, 0.1,  9
3749, 78718,06042019,08032021 224009, 650, 28255.5, 11.025,214.997,0.458206,  0.5,336.594,4.61e-01, 17.3, 2.2,480
3750, 78719,06042019,09032021 001953, 138, 28256.4, 11.129,214.839,0.461322,  0.5,336.194,2.92e-01, 17.4, 0.3, 61
3751, 78720,06042019,09032021 081502,   4, 28249.7, 11.165,215.316,0.461878,  0.5,335.217,4.72e-02, 17.1, 0.1,  2
3752, 78721,09042019,08032021 202649, 144, 28249.8, 11.131,219.686,0.448367,  0.5,332.064,9.27e-02, 18.5, 2.8,606
3753, 78722,10042019,09032021 024306, 138, 28216.4, 11.052,214.337,0.460167,  0.5,337.769,1.83e-01, 19.2, 1.1,216
3754, 78723,06042019,08032021 211651,  61, 28198.2, 10.981,211.687,0.405866,  0.5,321.300,4.83e-01, 18.4, 1.3,163
3755, 78724,06042019,08032021 231048, 144, 28259.7, 10.721,213.856,0.528248,  0.5,342.814,2.45e-01, 17.9, 4.4,334
3756, 78725,06042019,09032021 063153,   1, 28248.2, 11.174,214.963,0.460130,  0.5,335.578,9.74e-02, 17.1, 0.1,  3
3757, 78726,06042019,08032021 135618, 114, 28332.9, 10.934,215.121,0.465926,  0.5,335.602,4.23e-01, 18.1, 1.4,280
3758, 78727,06042019,08032021 153417, 122, 28468.6, 11.314,210.612,0.463093,  0.5,348.411,3.53e-01, 17.0,13.0, - 
3759, 78728,06042019,09032021 074912, 138, 28248.4, 10.981,213.290,0.454341,  0.5,338.245,2.62e-02, 18.5, 5.0,893
3760, 78729,06042019,08032021 211421, 138, 28253.4, 11.097,214.853,0.461147,  0.5,336.471,2.85e-01, 18.9, 1.3,186
3761, 78730,06042019,08032021 164519, 141, 28357.9, 10.508,211.036,0.434093,  0.5,340.981,8.60e-01, 18.7,30.2, - 
3762, 78731,06042019,08032021 185054,  23, 28250.4, 11.132,214.997,0.462278,  0.5,335.931,1.70e-01, 18.7, 0.1, 17
3763, 78732,06042019,08032021 220052,  82, 28253.5, 11.142,214.737,0.462328,  0.5,336.287,2.12e-01, 18.6, 1.5,331
3764, 78733,06042019,09032021 054550, 145, 28272.9, 10.112,219.360,0.388190,  0.5,331.214,3.71e-01, 18.2, 3.3,539
3765, 78734,06042019,08032021 172906, 695, 28241.4,  8.243,185.946,0.456545,  0.8, 27.771,6.73e+00, 16.4, -  , - 
3766, 78736,06042019,09032021 071821, 172, 28249.2, 11.508,208.374,0.517205,  0.5,345.494,1.93e-01, 17.7, 8.3, - 
3767, 78737,06042019,08032021 144213,  79, 28259.7, 11.156,214.935,0.460222,  0.5,335.664,1.95e-01, 18.7, 0.6,123
3768, 78738,06042019,09032021 062258,   4, 28234.1, 11.213,213.083,0.474705,  0.5,340.263,1.41e-02, 18.2, 0.1,  3
3769, 78739,06042019,08032021 184317, 557, 28384.6, 10.766,100.275,0.323007,  0.1,155.332,2.03e+01, 16.3,81.1, - 
3770, 78740,06042019,09032021 082610, 144, 28251.2, 11.018,215.815,0.459417,  0.5,336.070,3.41e-01, 18.8, 8.9, - 
3771, 78742,06042019,08032021 174212, 198, 28288.5, 10.442,203.909,0.461625,  0.6,353.348,1.68e-01, 16.8,27.4, - 
3772, 78743,06042019,09032021 010757, 582, 28277.8, 11.186,214.060,0.466354,  0.5,345.055,9.01e-01, 17.4, 9.5, - 
3773, 78744,06042019,09032021 052257,  63, 28230.6,  9.783,209.069,0.448964,  0.6,355.332,3.31e+00, 17.7,14.8, - 
3774, 78745,06042019,08032021 171644, 511, 28225.7, 11.335,216.904,0.358651,  0.5,330.722,5.97e-01, 17.9,35.7, - 
3775, 78746,06042019,09032021 004346,   3, 28257.2, 11.120,214.648,0.461165,  0.5,336.508,2.85e-01, 17.3, 0.1,  2
3776, 78747,06042019,08032021 221726,   1, 28255.1, 11.162,215.069,0.460983,  0.5,335.214,1.71e-01, 17.6, 0.1,  5
3777, 78748,06042019,08032021 143243, 157, 28270.9,  9.676,218.280,0.345625,  0.5,338.771,1.66e+00, 16.2,34.1, - 
3778, 78749,31052019,08032021 221642,  94, 28252.5, 11.460,213.290,0.466358,  0.5,347.371,2.40e-01, 18.1, 2.2,330
3779, 78750,31052019,09032021 034557, 206, 28354.5,  6.697,145.617,0.302362,  0.8, 96.179,2.53e-01, 17.7, 3.3,200
3780, 78751,29072019,09032021 083557, 547, 28252.8, 11.852,249.137,0.427685,  0.2,299.796,2.83e+00, 16.8, -  , - 
3781, 78752,25082019,09032021 085403,  85, 28287.3, 10.720,211.102,0.468006,  0.5,345.578,1.48e+00, 18.3, 0.7,133
3782, 78754,23112020,08032021 214207,  17, 28255.6, 21.837,323.724,0.474216,359.7,199.471,2.55e-01, 17.6, 0.1, 13
3783, 78800,10122007,09032021 043602,   1, 28273.8,  9.189,273.232,0.483044,360.0,100.133,2.67e-03, 17.5, 0.1,  1
3784, 78801,28042017,08032021 153539,1004, 28352.6, 65.555,230.506,0.727803,  0.1,342.701,5.15e-01, 16.8,29.1, - 
3785, 78802,20112017,09032021 085301, 381, 28288.1,  8.900,279.899,0.483325,359.9, 91.281,1.00e-02, 18.1, 0.2,  6
3786, 78803,03122017,08032021 233800, 231, 28339.5, 24.621,349.747,0.744267,359.7, 23.751,3.02e-01, 14.2, 7.7, - 
3787, 78804,14092018,08032021 150919,   1, 28281.5, 21.879,330.379,0.475055,359.7,193.291,7.14e-03, 17.4, 0.1,  1
3788, 78805,14092018,08032021 194228,  31, 28281.2, 21.839,329.856,0.480029,359.7,195.131,3.40e-01, 14.4, 1.0,204
3789, 78806,17102018,09032021 003037,  63, 28271.5, 22.130,331.991,0.438586,359.7,185.397,1.86e+00, 17.7, 9.6, - 
3790, 78807,06042019,08032021 143742, 138, 28290.2, 11.045,213.314,0.457756,  0.5,337.544,5.49e-01, 19.1, 6.7, - 
3791, 78808,08042019,09032021 090953,  10, 28281.5, 11.528,204.544,0.476299,  0.5,348.869,1.41e-01, 16.0, 0.2, 35
3792, 78809,12042019,08032021 173326, 139, 28292.3, 10.579,212.955,0.443269,  0.5,342.837,1.55e+00, 18.2,15.4, - 
3793, 78810,06042019,08032021 152124, 134, 28218.8, 11.081,214.938,0.459788,  0.5,336.696,3.70e-01, 19.0, 0.4, 58
3794, 78811,06042019,08032021 221213, 142, 28269.2, 11.193,214.041,0.469656,  0.5,336.853,1.03e-01, 18.0, 1.6,235
3795, 78812,06042019,09032021 010147, 161, 28270.0, 11.270,214.965,0.412765,  0.5,331.982,1.00e-02, 16.0, 1.3,229
3796, 78813,06042019,09032021 050422, 146, 28274.1,  9.286,218.931,0.404769,  0.6,331.088,4.14e+00, 16.9,36.6, - 
3797, 78814,06042019,08032021 205626, 517, 28349.9,  9.697,224.830,0.309372,  0.5,315.140,2.18e-01, 18.3, 7.8,331
3798, 78815,06042019,08032021 213357, 696, 28268.9, 11.058,214.531,0.460513,  0.5,336.990,4.56e-01, 18.8, -  , - 
3799, 78816,06042019,08032021 200806, 477, 28272.1, 11.031,204.224,0.532101,  0.6,355.288,1.75e-01, 18.2, 5.1,190
3800, 78817,06042019,08032021 214752, 144, 28314.1, 10.999,215.872,0.452656,  0.5,334.569,5.94e-01, 19.1, 6.4, - 
3801, 78818,05052019,08032021 201849, 579, 28293.7, 21.265,329.042,0.464471,359.7,191.956,7.44e-01, 15.7, -  , - 
3802, 78819,06042019,09032021 090028, 532, 28288.4, 11.639,193.619,0.512511,  0.6,  6.027,9.26e-01, 18.1, 2.5,510
3803, 78820,06042019,08032021 160104, 213, 28277.6,  9.849,210.382,0.434825,  0.6,354.105,2.69e+00, 17.5,17.3, - 
3804, 78821,06042019,08032021 132905, 166, 28337.3,  9.892,218.721,0.462833,  0.5,347.689,1.13e-01, 17.7, 3.0,577
3805, 78822,06042019,09032021 055632, 144, 28277.9, 11.224,212.588,0.461375,  0.5,337.847,2.01e-01, 19.4, 0.6, 43
3806, 78823,06042019,08032021 211456, 532, 28287.8, 10.900,217.640,0.436124,  0.5,331.602,1.05e-01, 18.1,41.0, - 
3807, 78824,25082019,08032021 234544, 498, 28284.3, 11.538,205.767,0.320608,  0.5,354.147,1.78e+00, 17.6,22.1, - 
3808, 78826,13012020,08032021 231005, 401, 28262.4, 22.036,326.728,0.471500,359.7,198.852,1.75e+00, 15.5, -  , - 
3809, 78827,28062020,08032021 234352, 248, 28280.5, 10.212,170.777,0.592650,  0.6, 67.167,5.15e+00, 17.3, -  , - 
3810, 78828,16122020,09032021 020331,  45, 28279.4, 22.104,339.186,0.435370,359.7,180.221,1.22e-01, 16.8, 0.1,  6
3811, 78900,19022015,09032021 012308,   2, 28360.0, 25.226, 17.790,0.739679,359.7,326.374,1.32e-01, 15.0, 0.1,  3
3812, 78901,23122016,08032021 212846, 305, 28310.8,  8.756,283.409,0.481065,359.8, 87.920,5.77e-02, 16.9, 1.1,228
3813, 78902,31082018,09032021 022655,   3, 28290.7, 22.178,339.112,0.458676,359.7,182.593,8.09e-02, 14.5, 0.1, 12
3814, 78903,01092018,09032021 002737,   2, 28301.4, 21.876,330.411,0.470951,359.7,192.502,3.71e-02, 16.6, 0.1,  2
3815, 78904,02092018,09032021 024032, 348, 28291.5, 21.333,333.450,0.495335,359.7,195.849,1.00e-02, 17.6, 0.8, 69
3816, 78905,14092018,08032021 153108,   6, 28298.9, 22.694,332.281,0.390588,359.7,173.383,7.42e+00, 17.8, 0.3, 50
3817, 78906,13112018,09032021 043343, 471, 28288.8, 22.923,324.470,0.538368,359.8,211.518,5.11e-01, 17.9,45.0, - 
3818, 78907,06042019,09032021 010821, 141, 28299.1, 11.073,216.485,0.461056,  0.5,334.102,1.15e-01, 17.1, 6.6, - 
3819, 78908,06042019,09032021 013218, 141, 28317.4, 11.005,216.217,0.453966,  0.5,333.827,5.43e-01, 19.3, 1.0,194
3820, 78909,06042019,08032021 230508, 429, 28299.9, 11.170,214.894,0.463074,  0.5,336.531,3.89e-01, 18.8, 3.4,722
3821, 78910,06042019,09032021 081944, 145, 28295.7, 11.178,216.005,0.447332,  0.5,336.349,6.09e-01, 17.2, 8.7, - 
3822, 78912,06042019,09032021 065844, 642, 28308.5, 11.686,214.720,0.484507,  0.5,331.139,4.76e-01, 17.9,46.7, - 
3823, 78913,26062019,08032021 160254, 576, 28346.0, 10.095,193.328,0.576105,  0.6, 32.937,5.01e+00, 16.8, -  , - 
3824, 78914,26062019,08032021 214504, 203, 28438.1, 21.865,330.142,0.447858,359.7,190.263,2.89e+00, 15.1,36.0, - 
3825, 78915,25072019,08032021 205158, 101, 28296.8, 11.104,218.689,0.478110,  0.5,335.454,8.31e-02, 16.9, 0.4, 76
3826, 78916,31082019,09032021 090404, 142, 28336.3, 10.916,209.874,0.485848,  0.5,346.309,8.69e-01, 19.3, 2.8,393
3827, 78917,22102019,08032021 230818, 456, 28310.7, 22.419,311.264,0.403261,359.8,195.921,8.29e+00, 15.0, -  , - 
3828, 78918,31102019,08032021 213718, 382, 28308.3, 21.858,330.274,0.452079,359.7,188.989,2.72e-01, 17.0,12.5, - 
3829, 78920,01092020,09032021 062532,  13, 28264.7, 23.817,271.844,0.748903,360.0,161.032,2.81e-02, 17.6, 0.1,  6
3830, 79000,22062010,08032021 224802,   3, 28364.7,  8.761,298.301,0.482336,359.6, 62.021,2.09e-01, 16.6, 0.1,  7
3831, 79001,27062012,09032021 023918, 820, 28309.2,  8.757,289.786,0.481754,359.7, 77.250,5.85e-02, 18.2, 7.4, - 
3832, 79002,13122017,09032021 032247, 795, 28370.7, 24.551,345.398,0.743038,359.7, 30.372,1.84e-01, 16.7,25.0, - 
3833, 79003,07092018,08032021 160520,   4, 28327.7, 22.045,335.512,0.474263,359.7,187.519,8.77e-02, 16.6, 0.1, 25
3834, 79004,07092018,09032021 072109, 794, 28357.7, 21.601,323.218,0.479808,359.7,201.344,1.62e+00, 18.3,26.4, - 
3835, 79005,07092018,08032021 191019, 330, 28324.3, 22.039,330.174,0.467082,359.7,192.277,2.80e-01, 17.5, 6.8, - 
3836, 79006,08092018,09032021 064138, 194, 28335.3, 21.622,327.855,0.478819,359.7,197.411,4.73e-01, 18.3, 9.4, - 
3837, 79007,08112018,08032021 214315, 314, 28333.2, 26.370,113.707,0.749759,  0.1,245.656,3.34e-01, 17.0, 8.0, - 
3838, 79008,06122018,08032021 203202, 593, 28337.6, 20.702,198.937,0.744119,  0.3,255.523,6.10e-02, 17.5, 5.3,231
3839, 79009,07042019,08032021 220224,   2, 28326.1, 11.161,216.352,0.460422,  0.5,332.977,1.58e-02, 16.4, 0.1,  2
3840, 79010,08042019,09032021 073743,   2, 28337.6, 11.255,212.843,0.464098,  0.5,337.098,4.65e-02, 18.0, 0.1,  1
3841, 79011,08042019,09032021 001036, 145, 28310.6, 12.645,207.339,0.564133,  0.5,340.626,2.51e-01, 17.9, 8.7, - 
3842, 79012,06042019,09032021 041635, 205, 28298.7, 11.571,212.913,0.409945,  0.5,348.425,1.41e-01, 17.6,12.6, - 
3843, 79013,26042019,08032021 133020,  25, 28317.2, 11.090,222.265,0.474351,  0.4,330.273,5.02e-02, 16.9, 0.1, 16
3844, 79014,26042019,08032021 180220,   4, 28322.3, 11.202,212.975,0.460298,  0.5,336.315,5.46e-02, 17.0, 0.1,  2
3845, 79015,06042019,09032021 064548, 195, 28304.7, 10.857,203.421,0.503890,  0.6,349.869,1.02e-01, 17.2,14.1, - 
3846, 79016,06042019,08032021 222735, 144, 28346.2, 10.934,215.780,0.449556,  0.5,340.407,2.95e-01, 17.3, 0.9,180
3847, 79017,06042019,09032021 072219, 177, 28338.6, 11.045,216.204,0.458698,  0.5,334.219,4.11e-01, 18.0, 2.5,501
3848, 79018,06042019,09032021 014607, 561, 28312.6, 11.403,218.165,0.446151,  0.5,335.789,1.22e+00, 16.5, -  , - 
3849, 79020,06042019,09032021 065045, 195, 28325.9, 10.844,211.412,0.459193,  0.5,341.211,9.88e-01, 18.6, 1.1,244
3850, 79021,30072019,08032021 130640, 143, 28317.9, 11.190,222.412,0.515759,  0.4,332.595,4.22e-02, 17.0, 0.8,159
3851, 79022,30082019,09032021 000554, 117, 28344.8, 10.073,219.733,0.514653,  0.5,322.562,6.27e-01, 17.6, 7.3, - 
3852, 79024,23092019,08032021 210043,  13, 28325.7, 11.143,216.504,0.465604,  0.5,334.058,7.90e-02, 16.4, 0.1, 26
3853, 79025,30092019,08032021 124419, 107, 28331.6, 11.101,215.861,0.462478,  0.5,334.297,2.03e-01, 18.8, 0.4, 78
3854, 79027,12072020,08032021 152830, 186, 27475.0,  9.639,189.455,0.464453,  0.7, 28.403,4.39e+00, 17.2,22.8, - 
3855, 79028,15102020,09032021 033120, 101, 28333.0, 11.291,213.094,0.465827,  0.5,336.598,9.09e-02, 18.5, 0.3, 63
3856, 79101,01082017,09032021 004108,   1, 28356.4,  9.284,312.558,0.476221,359.5, 32.755,2.95e-01, 17.6, 0.1, 17
3857, 79102,26102017,09032021 094617, 768, 28350.3,  8.795,288.117,0.490506,359.8, 78.835,3.21e-01, 17.0, 8.9, - 
3858, 79103,05062008,09032021 014054, 256, 28390.3,  7.988,262.530,0.496104,  0.1,131.971,1.79e-02, 17.0, 1.4,286
3859, 79104,23022018,08032021 200353,1054, 28344.5, 71.669,283.877,0.436648,360.0,273.356,7.19e+00, 16.7, -  , - 
3860, 79105,31082018,08032021 151447, 579, 28360.5, 21.889,337.705,0.384435,359.7,174.726,1.45e+00, 17.3,96.8, - 
3861, 79106,02092018,09032021 010412, 146, 28344.6, 22.162,342.581,0.396851,359.7,173.169,6.65e-02, 17.3, 1.8,354
3862, 79107,07092018,08032021 204259,  64, 28359.3, 21.926,331.505,0.463029,359.7,189.862,9.97e-01, 17.1, 3.0,672
3863, 79108,07092018,09032021 014254, 912, 28339.9, 21.916,331.954,0.461032,359.7,189.244,3.46e-01, 18.7,13.0, - 
3864, 79109,07092018,08032021 182904, 201, 28331.7, 21.881,332.007,0.484848,359.7,191.165,7.33e-01, 17.7, 9.7, - 
3865, 79110,18032019,08032021 154435, 719, 28367.7, 21.422,327.790,0.428778,359.7,194.692,2.08e+00, 16.3, 8.0, - 
3866, 79111,08042019,08032021 132836,   0, 28349.2, 11.597,204.411,0.472496,  0.5,346.554,1.13e-01, 13.1, 0.1,  5
3867, 79112,08042019,09032021 083441,  29, 28361.1, 10.687,212.335,0.456444,  0.5,341.358,1.61e+00, 17.1, 1.0,121
3868, 79113,08042019,08032021 193523, 138, 28324.6, 11.107,215.884,0.460867,  0.5,334.033,6.41e-01, 18.0, 9.9, - 
3869, 79114,08042019,09032021 091308,   2, 28353.7, 11.245,213.680,0.460962,  0.5,335.358,1.56e-02, 17.0, 0.1,  1
3870, 79115,06042019,08032021 154412, 141, 28351.5, 11.244,211.708,0.469329,  0.5,339.566,2.25e-01, 18.2, 2.7,587
3871, 79116,06042019,08032021 212339, 138, 28335.9,  9.151,227.995,0.300424,  0.5,314.461,2.47e-01, 19.1, 5.3,272
3872, 79117,06042019,09032021 050159, 146, 28349.3, 11.600,210.777,0.467558,  0.5,332.033,1.00e-02, 17.5, 1.9,350
3873, 79119,30082019,09032021 030955, 101, 28349.1, 11.153,214.368,0.458491,  0.5,334.913,2.92e-01, 17.9, 1.4,302
3874, 79120,29082019,08032021 180448, 554, 28519.6, 22.037,282.314,0.332886,359.9,223.519,1.35e+01, 17.3, -  , - 
3875, 79122,31102019,08032021 190422, 300, 28361.4, 21.830,328.330,0.475377,359.7,191.626,1.34e+00, 17.0,64.3, - 
3876, 79123,12032014,08032021 155431, 305, 28293.1, 25.879,143.787,0.741893,  0.2,207.760,1.91e-02, 17.6, 1.1,104
3877, 79200,02092015,09032021 071526,   1, 42165.8,  2.688,353.279,0.005930,357.6,357.373,5.17e-02,  9.0, 0.1,  1
3878, 79201,31082018,08032021 153943,   3, 28373.3, 21.744,325.250,0.504439,359.7,202.155,1.02e-01, 13.8, 0.1,  8
3879, 79202,02092018,08032021 204339,   3, 28365.2, 21.968,332.953,0.482369,359.7,190.970,2.07e-02, 16.2, 0.1,  1
3880, 79203,18102018,09032021 071029, 590, 28391.8, 11.279,218.582,0.451381,  0.5,329.060,4.92e-01, 18.1,27.6, - 
3881, 79204,03042019,08032021 174931,  58, 28350.2, 22.063,323.638,0.449270,359.8,193.100,8.23e-01, 15.7,14.0, - 
3882, 79205,07042019,09032021 063539, 491, 28382.8, 11.653,204.517,0.484613,  0.5,345.996,6.28e-02, 15.1,19.8, - 
3883, 79206,06042019,09032021 025512, 120, 28380.1, 12.047,211.332,0.487791,  0.5,354.607,1.99e-01, 18.9, 0.6,105
3884, 79207,06042019,09032021 024635,   3, 28363.3, 11.236,212.465,0.474745,  0.5,339.552,5.73e-02, 13.9, 0.1,  6
3885, 79208,06042019,08032021 143822, 453, 28365.7, 10.977,213.474,0.478770,  0.5,341.549,3.83e-01, 18.4, 8.6, - 
3886, 79209,06042019,08032021 165242, 145, 28359.7, 10.513,211.074,0.435319,  0.5,341.057,5.67e+00, 19.3, -  , - 
3887, 79210,06042019,09032021 084044, 699, 28331.8,  7.382,152.761,0.468692,  0.8, 73.828,9.82e+00, 18.2, -  , - 
3888, 79211,06042019,09032021 000131, 443, 28365.6, 11.434,222.977,0.360179,  0.4,320.830,1.03e-01, 18.3, 3.2,397
3889, 79212,20062019,08032021 180253,   5, 28381.9, 11.244,212.839,0.464615,  0.5,336.727,5.40e-02, 18.8, 0.1,  4
3890, 79213,02072019,09032021 011548,   1, 28375.2, 11.448,207.881,0.467006,  0.5,342.262,8.99e-02, 15.1, 0.1,  5
3891, 79214,12082019,09032021 012749,  14, 28375.7, 11.096,220.245,0.480053,  0.5,333.018,1.85e-02, 17.3, 0.2, 37
3892, 79215,12082019,08032021 133455, 141, 28383.4, 10.773,213.565,0.402973,  0.5,340.218,3.62e+00, 17.9,32.6, - 
3893, 79217,28082019,09032021 055558,  25, 28418.7, 10.775,215.787,0.443557,  0.5,334.594,1.53e+00, 16.4, 1.3,287
3894, 79218,29092019,09032021 090348, 141, 28434.7, 10.686,211.225,0.447980,  0.5,340.860,4.70e+00, 17.0,30.0, - 
3895, 79219,18102019,08032021 181005,  61, 28415.0, 22.488,329.602,0.363802,359.7,176.305,2.76e+00, 15.8,33.3, - 
3896, 79220,19032020,08032021 205126, 216, 28414.8, 22.269,105.827,0.757692,  0.1, 52.798,4.73e-02, 14.7, 5.4,178
3897, 79222,14102020,08032021 220712,  61, 28385.1, 11.109,214.238,0.457532,  0.5,335.172,6.72e-02, 19.1, 0.5, 22
3898, 79300,14042018,08032021 212744, 116, 28473.5,  3.733,290.804,0.739648,359.4,341.685,2.74e-01, 17.0, 1.4,210
3899, 79301,07092018,08032021 154610,   4, 28396.5, 21.685,324.956,0.506339,359.7,202.158,6.42e-02, 14.3, 0.1, 13
3900, 79302,17102018,09032021 071625, 471, 28393.5, 11.154,218.394,0.450666,  0.5,329.928,6.80e-01, 18.8,46.5, - 
3901, 79303,12122018,08032021 222006,  62, 28317.1, 21.533,326.237,0.323477,359.7,178.375,4.44e-01, 17.7, 5.2, - 
3902, 79304,03022019,08032021 215328, 763, 28429.9, 24.849, 33.475,0.736589,359.8,305.808,1.38e-01, 16.7, 6.5,107
3903, 79305,09042019,09032021 075222, 138, 28313.3, 10.532,213.207,0.452638,  0.5,340.345,1.79e+00, 17.2, 1.9,409
3904, 79306,13042019,08032021 205101, 357, 28415.8, 11.367,218.620,0.443472,  0.5,329.842,1.01e+00, 17.3,28.9, - 
3905, 79307,06042019,08032021 140823, 129, 28408.9, 11.456,208.578,0.512723,  0.5,342.272,1.02e+00, 17.5, 1.2,215
3906, 79308,07062019,09032021 062044, 142, 28470.7, 11.073,214.860,0.476175,  0.5,333.490,9.94e-02, 17.4, 3.8,615
3907, 79309,03072019,09032021 093939, 144, 28460.6, 10.122,209.315,0.460300,  0.6,352.259,2.09e+00, 17.5,18.2, - 
3908, 79310,25072019,08032021 154158, 433, 28418.9, 21.950,326.167,0.459832,359.7,193.183,8.93e-01, 17.3,48.3, - 
3909, 79311,28072019,09032021 012652, 564, 28469.1, 21.982,331.912,0.425621,359.7,185.216,1.79e+00, 17.1,78.1, - 
3910, 79312,27082019,09032021 055002, 440, 28443.6,  9.588,196.330,0.370788,  0.7,  0.995,6.80e+00, 17.2,41.1, - 
3911, 79314,04102019,09032021 051734, 140, 28433.3, 10.624,216.079,0.480792,  0.5,342.545,2.05e+00, 18.3,11.5, - 
3912, 79315,16102020,08032021 205316, 138, 28400.7, 11.530,207.392,0.456092,  0.5,340.478,1.78e-01, 18.8, 7.3, - 
3913, 79400,22122009,08032021 175010,  81, 28521.1, 11.537, 44.202,0.531224,359.6,165.961,1.96e+00, 16.1,20.0, - 
3914, 79401,08102013,09032021 032425,   4, 28419.9, 31.007,  1.175,0.746350,359.8,215.687,7.36e-02, 15.5, 0.1,  9
3915, 79402,01092018,08032021 155048,   5, 28406.4, 22.201,340.236,0.455447,359.7,179.780,7.20e-02, 15.1, 0.1, 12
3916, 79403,02092018,09032021 000628, 531, 28504.4, 21.630,342.775,0.339576,359.7,167.115,4.03e-02, 15.6,16.1,466
3917, 79404,07092018,08032021 172221, 431, 28417.4, 21.957,331.137,0.446363,359.7,186.872,8.57e-01, 17.6,47.2, - 
3918, 79405,09092018,08032021 233715,  83, 28444.3, 21.924,336.204,0.429631,359.7,181.092,1.39e+00, 15.9, 6.3, - 
3919, 79406,07092018,08032021 215844, 581, 28491.2, 21.784,330.549,0.417898,359.7,196.856,7.59e-01, 17.5,52.9, - 
3920, 79407,12092018,08032021 205958, 819, 28315.7, 21.557,314.608,0.365591,359.8,183.204,2.15e+00, 17.2, -  , - 
3921, 79408,13102018,09032021 082748, 802, 28032.6, 25.306,200.391,0.758382,  0.3,109.882,1.04e+00, 16.0,84.9, - 
3922, 79409,06042019,08032021 144418,  61, 28424.0, 11.236,211.665,0.489255,  0.5,340.016,5.11e-01, 16.7, 1.8,383
3923, 79410,06042019,08032021 143434, 144, 28496.6, 11.393,210.638,0.455360,  0.5,335.709,1.08e-01, 18.0, 9.5, - 
3924, 79411,06042019,08032021 171205,   4, 28429.2, 11.053,213.228,0.456471,  0.5,336.940,9.42e-01, 17.3, 0.1,  7
3925, 79412,06042019,08032021 204249, 457, 28489.9, 10.504,228.126,0.427368,  0.4,308.703,1.71e+00, 18.3,93.3, - 
3926, 79413,28062019,08032021 143918, 250, 28461.9, 10.423,194.290,0.403351,  0.6, 13.139,3.88e+00, 16.8,93.0, - 
3927, 79414,24082019,09032021 080547, 549, 28468.4,  8.924,160.271,0.601610,  0.7, 95.576,8.62e+00, 17.5, -  , - 
3928, 79415,30092019,08032021 205430,  13, 28421.5, 22.033,336.350,0.462391,359.7,184.241,4.85e-02, 14.5, 0.1,  7
3929, 79417,17012020,09032021 063030, 377, 28409.0, 21.334, 43.028,0.219308,359.8,256.271,1.42e+01, 17.0,40.3, - 
3930, 79418,08062008,09032021 090744,   3, 28429.6,  9.350,308.435,0.485590,359.6, 37.072,1.00e-02, 17.6, 0.1,  2
3931, 79500,18122009,09032021 052105,   0, 28467.6,  8.508,315.490,0.478046,359.4, 35.831,4.63e-01, 15.7, 0.1,  5
3932, 79501,22052012,08032021 214132, 750, 28447.1,  9.460,332.587,0.477837,359.4,356.320,9.86e-02, 15.7, 4.5,989
3933, 79502,07092018,08032021 163758, 135, 28470.6, 22.153,342.121,0.367360,359.7,169.779,1.88e+00, 17.1,13.0, - 
3934, 79503,07092018,08032021 205221,  46, 28438.0, 21.956,330.728,0.465406,359.7,189.212,3.62e-01, 17.9, 1.8,359
3935, 79504,07092018,08032021 192940, 113, 28456.9, 21.679,330.947,0.490627,359.7,194.079,6.27e-02, 18.0, 7.2,213
3936, 79505,08092018,09032021 035900, 768, 28449.5, 21.996,332.796,0.452910,359.7,184.787,6.32e-01, 16.7,96.0, - 
3937, 79506,03102018,08032021 193735, 256, 28445.7, 22.330,335.928,0.503200,359.7,190.780,1.07e-01, 17.8, 2.3,485
3938, 79507,09122018,09032021 002754,   0, 27626.1,  6.969,276.362,0.283954,359.9, 30.697,2.99e+01, 16.6, 0.2, 50
3939, 79508,07042019,09032021 090631,   1, 28441.8, 11.147,216.413,0.456648,  0.5,331.305,1.44e-01, 14.1, 0.1,  5
3940, 79509,06042019,08032021 172322,   1, 28466.8, 11.384,206.940,0.457278,  0.5,339.789,7.32e-01, 17.2, 0.2, 51
3941, 79511,01072019,08032021 170826, 111, 28518.0, 10.019,207.075,0.428015,  0.6,  3.045,5.84e+00, 17.4,20.5, - 
3942, 79513,21082019,09032021 014227,  64, 28531.7,  8.195,212.401,0.533882,  0.7, 13.559,5.96e+00, 17.5, 5.9, - 
3943, 79514,23082019,09032021 060006, 556, 28586.3, 22.144,335.899,0.348505,359.7,162.625,5.91e+00, 18.0, -  , - 
3944, 79515,27092019,08032021 214913, 395, 28460.3, 21.983,333.498,0.442868,359.7,181.750,7.66e-01, 16.4,53.9, - 
3945, 79517,18102019,08032021 215223,  99, 28442.4, 11.059,222.426,0.388236,  0.4,312.625,4.31e-01, 17.1, 1.0,208
3946, 79518,10122020,09032021 074659,  61, 28454.3, 12.242,248.625,0.460891,  0.2,302.021,1.31e+00, 17.4, 0.8, 98
3947, 79519,20122020,09032021 072027,  44, 28430.2, 22.842,344.386,0.483506,359.7,178.667,1.94e-01, 12.8, 0.2, 36
3948, 79600,25082012,09032021 044726,   2, 28394.3, 21.514,107.557,0.756356,  0.1, 61.428,7.09e-02, 14.2, 0.1,  7
3949, 79601,02092018,09032021 041336,   3, 28450.0, 22.202,340.907,0.455025,359.7,178.665,6.16e-02, 15.3, 0.1, 13
3950, 79602,17092018,08032021 225622, 167, 28598.9, 21.811,328.803,0.424768,359.7,193.844,2.25e-02, 15.7, 1.3, 50
3951, 79603,02102018,09032021 060642, 432, 28462.6, 27.146,341.847,0.722029,359.8,287.732,2.07e+00, 17.6,20.8, - 
3952, 79604,08042019,09032021 010553,   3, 28479.3, 11.344,211.001,0.465071,  0.5,337.550,4.68e-02, 15.3, 0.1,  4
3953, 79605,06042019,09032021 043449,  16, 28476.5, 10.896,210.732,0.451834,  0.5,339.353,1.50e+00, 16.0, 2.0,456
3954, 79606,06042019,09032021 064126,   1, 28470.2, 11.385,210.202,0.463473,  0.5,337.998,7.95e-02, 17.3, 0.1,  6
3955, 79607,06042019,08032021 221230,  45, 28324.2,  9.007,200.056,0.395547,  0.7,  2.351,4.85e+00, 17.2, 6.7,782
3956, 79608,15052019,09032021 001945, 138, 28405.9, 11.024,222.928,0.484333,  0.4,332.222,2.94e-01, 17.1, 3.6,795
3957, 79609,19102019,08032021 231747, 505, 28498.2,  9.074,227.615,0.422907,  0.5,329.559,5.38e+00, 17.1, -  , - 
3958, 79610,15072020,08032021 232127, 174, 28488.3, 11.021,185.163,0.508607,  0.6, 24.592,3.98e+00, 17.3,17.7, - 
3959, 79612,01072012,08032021 203310, 124, 28372.7, 25.936,170.357,0.743812,  0.3,144.787,1.20e-02, 18.0, 0.2, 11
3960, 79700,15102012,09032021 035838,   0, 28351.8, 23.168,102.656,0.757077,  0.1, 42.221,4.15e-02, 15.6, 0.1,  1
3961, 79701,03022017,09032021 000740, 525, 28481.9,  7.031,194.312,0.514197,  0.9,262.148,2.55e-01, 16.9,30.1, - 
3962, 79702,19092017,09032021 081221, 362, 28600.6, 23.299, 28.154,0.739732,359.7,341.964,3.08e-01, 13.6, 8.9, - 
3963, 79703,03102018,09032021 032914, 887, 28507.9, 21.938,336.486,0.422849,359.7,177.514,3.19e+00, 19.0, -  , - 
3964, 79704,02102018,08032021 201501, 553, 28460.5, 21.320,328.842,0.482473,359.7,192.910,1.52e+00, 18.5, -  , - 
3965, 79705,02112018,08032021 214222, 566, 28489.3, 22.223,333.060,0.483720,359.7,187.939,7.63e-01, 18.0,21.8, - 
3966, 79706,09122018,09032021 024401,  94, 28471.7, 22.417,335.096,0.456159,359.7,183.605,2.52e-02, 17.5, 0.4, 69
3967, 79707,25022019,09032021 072023, 385, 28505.1,  6.584,308.229,0.488032,359.4, 58.570,3.81e-01, 17.7,14.4, - 
3968, 79708,11042019,08032021 231906, 139, 28530.0, 11.286,211.134,0.447683,  0.5,335.068,6.97e-02, 17.3, 1.0,172
3969, 79709,06042019,08032021 140204, 507, 28513.1, 10.872,229.574,0.390375,  0.4,316.881,5.59e-01, 17.9, 8.0, - 
3970, 79710,06042019,09032021 085637, 141, 28524.3,  8.984,213.997,0.484500,  0.6,  4.874,3.45e+00, 18.9,17.0, - 
3971, 79711,08052019,09032021 070320, 145, 28507.5, 10.968,217.495,0.460446,  0.5,329.518,8.64e-01, 16.3,35.1, - 
3972, 79712,25072019,09032021 022542, 146, 28503.8, 21.556,328.230,0.452719,359.7,195.420,5.87e+00, 17.7,51.7, - 
3973, 79713,30072019,08032021 235351,  53, 28518.8, 10.773,213.625,0.502781,  0.5,344.394,1.00e+00, 17.1, 5.3, - 
3974, 79714,31072019,09032021 000953, 138, 28494.0, 11.033,225.320,0.477631,  0.4,326.888,1.20e-01, 18.1, 0.7,121
3975, 79716,14102020,09032021 051815, 141, 28503.3, 10.831,212.306,0.455143,  0.5,338.493,1.41e+00, 19.0, 8.5, - 
3976, 79717,24102020,09032021 075550,  51, 28505.0, 11.460,209.611,0.469087,  0.5,337.155,1.44e-01, 16.4, 0.6, 29
3977, 79718,21112020,08032021 210154,  56, 28495.7, 10.609,210.811,0.451369,  0.5,342.978,2.41e+00, 18.3, 4.1,918
3978, 79800,12092018,08032021 235429, 222, 28542.9, 21.750,328.148,0.473631,359.7,192.507,2.27e+00, 16.7,30.0, - 
3979, 79801,11092018,08032021 163706,  24, 28513.2, 21.853,334.833,0.449178,359.7,184.171,1.03e+00, 16.4, 3.0,587
3980, 79802,02102018,08032021 202422, 539, 28501.9, 22.027,339.633,0.427559,359.7,176.885,1.73e-01, 18.4, 2.4,477
3981, 79803,08042019,09032021 002435,  43, 28521.5, 11.164,213.373,0.462059,  0.5,336.067,3.75e-02, 16.8, 0.4, 99
3982, 79804,08042019,08032021 225924,   2, 28505.9, 11.242,213.827,0.463961,  0.5,334.149,2.01e-02, 14.8, 0.1,  1
3983, 79805,09042019,09032021 012919, 195, 28509.0, 11.207,214.676,0.458947,  0.5,332.633,5.06e-02, 17.8, 1.4,311
3984, 79806,09042019,09032021 003323, 138, 28585.2, 11.256,211.214,0.487158,  0.5,341.846,5.34e-01, 18.0, 6.8, - 
3985, 79807,06042019,09032021 061954,  65, 28534.0, 11.116,208.108,0.482371,  0.5,345.357,1.28e+00, 18.1, 7.5, - 
3986, 79808,06042019,08032021 223042,   1, 28521.8, 11.054,219.971,0.481055,  0.5,332.220,1.06e-01, 18.0, 0.1,  1
3987, 79809,06042019,08032021 221654, 140, 28517.6, 11.111,221.986,0.457378,  0.4,327.386,1.48e-02, 18.3, 0.7, 67
3988, 79810,26052019,09032021 032448,  28, 28559.4,  7.970,191.724,0.486111,  0.8, 23.944,7.67e+00, 17.6, 6.1, - 
3989, 79811,06072019,08032021 155201, 151, 28517.3, 12.160,196.146,0.469001,  0.5,354.121,1.44e+00, 16.2,20.5, - 
3990, 79812,27062019,09032021 054613, 607, 28652.7, 21.777,331.219,0.376202,359.7,175.807,3.84e+00, 17.1, -  , - 
3991, 79813,06082019,08032021 183758, 123, 28550.7,  9.952,195.760,0.530016,  0.6, 17.668,5.09e+00, 16.0,56.2, - 
3992, 79814,23092019,09032021 002947, 144, 28504.7, 11.466,212.034,0.474323,  0.5,341.399,3.51e-02, 18.3, 1.3,250
3993, 79815,25092019,09032021 021657, 167, 28527.1, 11.019,205.891,0.489424,  0.5,347.462,3.22e-01, 18.1, 0.6,103
3994, 79816,02102019,09032021 040710, 498, 28521.7, 21.447,330.585,0.268612,359.7,105.131,1.94e+01, 14.7, -  , - 
3995, 79817,05102019,09032021 041628,  33, 28526.7, 11.455,210.784,0.470728,  0.5,339.776,6.72e-01, 18.2, 0.3, 62
3996, 79818,26102019,08032021 230311, 491, 28523.3, 10.418,219.856,0.439533,  0.5,327.652,1.94e+00, 17.7, -  , - 
3997, 79819,16102020,09032021 051751,  29, 28521.1, 11.796,196.736,0.458687,  0.5,352.041,2.01e+00, 16.9,12.1, - 
3998, 79820,13102020,08032021 194955, 136, 28519.4,  9.019,221.264,0.317862,  0.6,329.072,8.19e+00, 19.0, -  , - 
3999, 79900,23012010,09032021 004640,   0, 28607.8,  8.341,296.149,0.512351,359.7, 60.604,1.90e+00, 15.6, 0.1,  4
4000, 79901,10092016,09032021 051225, 635, 28629.1, 21.701,135.372,0.754891,  0.2,  6.666,4.46e-02, 16.6,10.6,351
4001, 79902,11092018,08032021 214446,   8, 28536.3, 21.963,334.214,0.470159,359.7,185.951,1.15e-02, 18.0, 0.1,  1
4002, 79903,08092018,08032021 203706, 573, 28511.7, 21.968,334.337,0.461613,359.7,185.827,2.64e-01, 16.9,19.6, - 
4003, 79904,11092018,09032021 021124, 640, 28559.3, 21.906,333.391,0.472001,359.7,180.181,1.98e-01, 16.7,11.9,269
4004, 79905,12092018,08032021 211858, 134, 28587.6, 21.470,312.133,0.508044,359.8,218.607,1.57e+00, 16.9, 9.2, - 
4005, 79906,08092018,08032021 185941, 142, 28525.4, 22.126,323.864,0.460132,359.8,193.663,1.06e-01, 17.8, 0.2, 19
4006, 79907,09042019,08032021 135800,   3, 28575.5, 10.995,210.952,0.460815,  0.5,338.512,3.23e-02, 17.8, 0.1, 10
4007, 79908,09042019,09032021 050056,   0, 28543.9, 11.336,211.298,0.465609,  0.5,336.680,3.77e-02, 16.5, 0.1,  1
4008, 79909,09042019,08032021 223221,   1, 28551.1, 11.486,209.488,0.466504,  0.5,339.146,5.17e-02, 17.8, 0.1,  6
4009, 79910,09042019,08032021 214322, 188, 28577.4,  6.382,216.202,0.210335,  0.8,359.648,1.96e+00, 14.9,36.3, - 
4010, 79911,06042019,09032021 062123,   1, 28528.9, 11.071,216.777,0.464998,  0.5,332.548,4.28e-01, 16.8, 0.4, 47
4011, 79912,06042019,08032021 212737, 143, 28548.3, 10.146,211.167,0.446337,  0.6,342.546,2.38e+00, 16.9,30.4, - 
4012, 79913,29052019,09032021 023054, 166, 28537.8, 10.933,231.569,0.424057,  0.4,309.451,1.12e-01, 17.1, 1.9,411
4013, 79914,23082019,09032021 053332, 143, 28598.6,  9.061,203.046,0.452889,  0.7,  5.920,4.36e+00, 18.3,20.6, - 
4014, 79915,25082019,09032021 031126, 553, 28608.3,  9.000,187.234,0.510700,  0.7, 36.339,6.24e+00, 17.4,66.1, - 
4015, 79916,27092019,09032021 014045,  81, 28557.7, 11.934,179.470,0.394308,  0.6, 14.492,8.17e+00, 16.8,21.3, - 
4016, 79917,27112019,08032021 134638, 432, 28530.3,  8.809,207.882,0.472991,  0.7,359.178,5.22e+00, 18.4,27.2, - 
4017, 80000,12092018,08032021 205720,  62, 28426.1, 21.917,326.837,0.455567,359.7,192.041,1.34e+00, 17.2,10.9, - 
4018, 80001,07102018,08032021 201449, 872, 28559.0, 22.325,340.494,0.478105,359.7,180.666,1.13e-01, 18.3, 8.7, - 
4019, 80002,11042019,08032021 183042,  28, 28582.0, 10.772,211.219,0.461610,  0.5,342.450,1.32e+00, 17.7, 1.2,254
4020, 80003,09042019,08032021 213627, 137, 28565.8, 11.138,215.214,0.457050,  0.5,332.066,1.57e-01, 17.9, 8.8, - 
4021, 80004,06042019,09032021 060759, 141, 28575.8, 11.233,210.603,0.467316,  0.5,338.498,8.74e-01, 17.9, 2.0,420
4022, 80005,06062019,09032021 054551, 145, 28563.4, 11.098,209.171,0.485538,  0.5,343.117,3.57e-01, 19.2, 2.4,371
4023, 80006,26082019,09032021 073816,  50, 28579.1, 10.651,213.633,0.505490,  0.5,346.330,1.31e+00, 17.1, 6.2, - 
4024, 80007,25092019,09032021 020208, 142, 28552.4,  9.056,217.706,0.350612,  0.6,338.601,1.56e+00, 17.9, 6.2, - 
4025, 80008,02102019,08032021 233718, 498, 28563.3, 11.423,220.241,0.335295,  0.4,321.343,3.71e+00, 18.1, -  , - 
4026, 80009,02102019,08032021 224228,  93, 28643.0, 12.755,200.272,0.606220,  0.5,349.697,8.51e+00, 18.3,94.5, - 
4027, 80010,28072020,09032021 051714, 192, 28567.0, 21.327,336.510,0.070528,359.7,293.479,1.50e+01, 14.3, -  , - 
4028, 80011,13102020,09032021 045121,  92, 28559.7, 11.171,211.772,0.450674,  0.5,334.271,6.06e-01, 19.1,12.3, - 
4029, 80012,21102020,09032021 001304,   1, 28567.9, 11.067,222.026,0.479651,  0.4,328.952,9.30e-03, 18.9, 0.1,  1
4030, 80100,16042016,09032021 081528, 138, 28585.9, 11.488,290.416,0.409780,359.8,120.466,1.40e-02, 18.9, 0.1, 12
4031, 80101,07092018,08032021 171737, 903, 28600.4, 22.039,335.868,0.410984,359.7,175.449,2.51e+00, 19.0, -  , - 
4032, 80102,09042019,09032021 060207, 145, 28548.9, 12.915,207.984,0.537173,  0.5,342.288,8.18e-02, 17.2, 1.3,143
4033, 80103,25042019,09032021 074611,  35, 28306.7, 11.013,177.355,0.581589,  0.6, 55.810,4.51e+00, 15.0,17.3, - 
4034, 80104,06042019,09032021 001738,  44, 28666.1, 11.007,207.009,0.456858,  0.5,342.354,1.93e+00, 15.6, 5.8, - 
4035, 80105,06042019,08032021 213355, 611, 28578.5, 11.988,225.109,0.356394,  0.4,322.723,1.35e+00, 18.1,53.1, - 
4036, 80106,03062019,08032021 220107,  70, 28589.8, 10.650,211.878,0.458464,  0.5,341.420,2.01e+00, 17.5, 2.8,628
4037, 80107,09082019,09032021 062014, 139, 28726.2,  9.809,212.718,0.320539,  0.6,344.354,1.57e+00, 17.3,16.4, - 
4038, 80108,28082019,08032021 211052, 500, 28626.3, 10.006,210.598,0.513970,  0.6,358.976,2.92e+00, 18.0,13.5, - 
4039, 80109,02112019,09032021 011343, 469, 28602.9,  9.133,216.227,0.494524,  0.6,353.370,5.47e+00, 17.5,41.5, - 
4040, 80111,13102020,09032021 003126,   5, 28597.8, 11.274,213.684,0.456231,  0.5,331.833,1.08e-01, 17.5, 0.1,  2
4041, 80112,13102020,08032021 215708, 107, 28601.7, 10.696,217.623,0.426419,  0.5,328.688,1.32e+00, 18.8, 4.7,716
4042, 80200,02012015,09032021 080545,   2, 28650.2, 26.111,350.287,0.719149,359.7,295.704,8.19e-02, 13.0, 0.1,  6
4043, 80201,07092018,09032021 084150, 305, 28617.0, 22.137,337.564,0.483910,359.7,184.391,1.28e-01, 16.4, 3.2,715
4044, 80202,07092018,09032021 001832, 826, 28642.2, 21.921,337.969,0.407439,359.7,172.171,3.84e+00, 17.9,81.4, - 
4045, 80203,03092018,08032021 183448, 909, 28632.0, 21.876,333.273,0.469820,359.7,186.639,1.45e+00, 19.0, -  , - 
4046, 80204,11092018,08032021 175809, 857, 28615.1, 21.951,332.636,0.441491,359.7,182.509,5.69e-01, 18.6,26.7, - 
4047, 80205,25092018,08032021 183857, 107, 28688.5, 22.147,326.433,0.384432,359.7,189.205,2.98e+00, 16.7, 8.1, - 
4048, 80206,07092018,09032021 061216, 386, 28545.3, 22.142,333.360,0.469068,359.7,182.900,1.97e-01, 16.5,13.4, - 
4049, 80207,07042019,09032021 053801,   2, 28619.1, 11.232,214.002,0.466403,  0.5,333.327,1.62e-02, 14.0, 0.1,  1
4050, 80208,11042019,08032021 210941, 194, 28635.7, 11.174,211.778,0.494610,  0.5,334.256,9.74e-03, 17.8, 1.8, 67
4051, 80209,03062019,08032021 212829, 301, 28627.2, 10.821,211.922,0.460847,  0.5,334.497,6.41e-01, 17.9,10.7, - 
4052, 80210,19072019,09032021 025333,  97, 28631.9, 12.482,196.442,0.456553,  0.5,  5.940,4.75e+00, 15.5,44.5, - 
4053, 80211,02082019,09032021 071847,   1, 28620.7, 11.301,212.917,0.462803,  0.5,333.592,1.37e-02, 16.2, 0.1,  7
4054, 80212,02082019,08032021 201600, 114, 28726.6, 11.754,191.386,0.381189,  0.6,359.095,6.68e+00, 16.5,44.9, - 
4055, 80213,26012020,09032021 025334, 369, 28589.6, 71.891,305.611,0.581300,359.9, 39.110,1.05e+01, 17.2,17.7, - 
4056, 80215,16122020,08032021 161934,  59, 28629.0,  2.453,109.848,0.440047,  1.0,195.058,3.64e+00, 17.7, 7.1, - 
4057, 80300,16012016,09032021 093427,   2, 28625.6, 11.498,290.609,0.412010,359.8,120.115,1.15e-02, 15.1, 0.1,  1
4058, 80301,27122016,08032021 133015,   4, 28660.5, 70.139,177.750,0.581605,  0.1,359.787,1.95e+00, 15.6, 0.1, 12
4059, 80302,03092018,09032021 083910,   5, 28638.0, 22.031,335.922,0.481011,359.7,184.785,2.81e-02, 16.9, 0.1,  2
4060, 80303,03092018,09032021 090616, 885, 28668.3, 21.945,341.092,0.379751,359.7,166.203,5.96e+00, 17.2, -  , - 
4061, 80304,17102018,09032021 012920, 175, 28662.2, 10.929,220.838,0.453705,  0.5,326.063,4.81e-01, 17.0,12.5, - 
4062, 80306,02082019,08032021 134519, 141, 28686.6,  9.863,217.024,0.418599,  0.5,336.719,3.74e+00, 18.9,24.4, - 
4063, 80307,19102019,08032021 220454,  30, 28673.8, 11.508,272.700,0.349164,360.0,260.453,9.48e+00, 16.4, 9.3, - 
4064, 80308,13102020,08032021 202239,  79, 28679.7, 22.970,331.641,0.339155,359.7,129.771,7.35e+00, 15.7,51.9, - 
4065, 80309,19102020,09032021 050227, 105, 28635.2, 11.141,215.314,0.477017,  0.5,334.813,1.29e-01, 18.0, 0.7,129
4066, 80400,16102012,09032021 065008, 222, 28422.7,  5.029,196.065,0.513425,  1.3,260.060,2.87e+00, 16.4,55.2, - 
4067, 80401,14082018,09032021 002309,   1, 28672.1,  5.350,252.411,0.723401,  0.4, 79.959,7.72e-02, 17.5, 0.1,  1
4068, 80402,02092018,09032021 042214, 912, 28732.0, 22.002,336.459,0.364088,359.7,161.289,7.03e+00, 17.3,65.5, - 
4069, 80403,06092018,08032021 155432, 914, 28651.7, 22.023,336.097,0.440399,359.7,179.015,4.49e-01, 19.0, -  , - 
4070, 80404,07042019,09032021 030037,   1, 28660.9, 11.174,217.688,0.442050,  0.5,325.014,2.10e-01, 13.4, 0.1, 15
4071, 80405,11042019,08032021 225221,   3, 28656.9, 11.285,212.952,0.464892,  0.5,333.826,7.27e-02, 15.3, 0.1,  8
4072, 80406,09042019,08032021 175156, 139, 28657.9, 10.606,215.538,0.444169,  0.5,333.656,8.25e-01, 18.6, 7.5, - 
4073, 80407,06042019,08032021 182419,   4, 28669.7, 11.101,214.627,0.466025,  0.5,333.459,3.87e-01, 17.6, 0.2, 26
4074, 80409,24082019,08032021 121608, 503, 28722.9, 11.749,230.390,0.540630,  0.4,319.857,2.06e+00, 17.6,32.2, - 
4075, 80410,21092019,09032021 024545,   3, 28664.0, 10.959,212.429,0.478942,  0.5,338.129,5.91e-01, 17.5, 0.4, 74
4076, 80411,21112019,09032021 083043,  84, 28652.6, 11.256,211.939,0.458862,  0.5,334.120,2.78e-01, 17.3, 1.3,276
4077, 80500,02092018,08032021 214504,   3, 28676.2, 21.701,323.731,0.512421,359.7,201.184,8.12e-02, 15.6, 0.1, 14
4078, 80501,03092018,08032021 155040, 825, 28728.3, 21.983,338.780,0.394779,359.7,167.519,4.22e+00, 18.1,28.6, - 
4079, 80502,03092018,09032021 021720,  58, 28707.1, 22.095,335.556,0.496257,359.7,186.682,3.89e-01, 17.5, 1.2,261
4080, 80503,11112018,08032021 213205,  31, 28663.2, 21.900,331.537,0.477885,359.7,188.068,1.23e-02, 18.4, 0.1, 10
4081, 80504,09042019,08032021 232152,   3, 28628.0, 11.272,212.807,0.463113,  0.5,334.101,1.22e-01, 13.2, 0.1, 14
4082, 80505,09042019,09032021 100156,   2, 28685.1, 11.260,213.260,0.463423,  0.5,332.975,7.38e-02, 16.8, 0.1,  4
4083, 80506,29042019,08032021 212558, 414, 28691.3, 11.205,208.599,0.454453,  0.5,338.894,1.66e+00, 16.1,76.9, - 
4084, 80507,01052019,08032021 230638,  61, 28688.2, 11.406,244.515,0.461542,  0.3,304.921,1.35e+00, 16.5, 6.3, - 
4085, 80508,06042019,08032021 142230, 615, 28680.4, 11.077,214.096,0.462025,  0.5,334.471,5.92e-01, 18.7, 2.2,487
4086, 80509,01122019,09032021 030734,   3, 28693.2, 11.256,213.217,0.463321,  0.5,333.001,2.30e-01, 16.2, 0.1, 26
4087, 80510,14122020,09032021 060703,  59, 28756.4,  9.185,178.905,0.647864,  0.7, 75.029,8.01e+00, 14.8,12.5, - 
4088, 80600,03092018,09032021 001947, 885, 28717.5, 21.921,335.108,0.439914,359.7,178.759,2.04e+00, 18.6,36.5, - 
4089, 80601,06092018,09032021 010957, 862, 28692.4, 21.939,332.301,0.465576,359.7,185.252,3.09e-01, 18.0, 6.8, - 
4090, 80602,03092018,09032021 060207, 797, 28706.7, 22.157,329.339,0.441565,359.7,184.540,1.33e+00, 16.2, -  , - 
4091, 80603,03092018,08032021 203952, 221, 28695.5, 22.131,338.584,0.477460,359.7,180.812,5.94e-02, 17.7,13.6,596
4092, 80604,07042019,09032021 000722,   1, 28719.3, 11.259,213.497,0.464948,  0.5,332.570,6.18e-02, 14.5, 0.1,  1
4093, 80605,09042019,09032021 005959,  34, 28685.3, 11.435,208.244,0.466125,  0.5,339.246,3.86e-01, 16.0, 2.6,571
4094, 80606,07042019,08032021 235216,   3, 28718.6, 11.144,216.698,0.461502,  0.5,328.772,6.99e-02, 17.2, 0.1,  1
4095, 80607,12042019,08032021 185433,   0, 28699.2, 11.313,208.592,0.472418,  0.5,340.630,5.13e-01, 17.0, 0.1, 10
4096, 80608,06042019,08032021 190629, 558, 28739.6, 10.567,216.784,0.328111,  0.5,310.964,2.52e+00, 16.5, -  , - 
4097, 80609,27062019,08032021 221907,   2, 28700.5, 11.036,222.048,0.438449,  0.4,319.244,1.13e-01, 16.4, 0.1, 10
4098, 80610,25072019,08032021 161754, 106, 28941.9, 21.980,331.482,0.372723,359.7,183.507,7.12e+00, 17.2,67.4, - 
4099, 80611,25072019,08032021 232717, 138, 28731.9, 11.815,190.054,0.572965,  0.6, 17.606,5.15e-02, 17.7, 2.2,492
4100, 80612,23092019,08032021 210632, 138, 28700.5, 11.260,213.421,0.463689,  0.5,332.624,5.69e+00, 18.1, 6.5, - 
4101, 80613,18112019,09032021 041006,  14, 28681.0, 11.063,213.222,0.467346,  0.5,336.643,9.44e-01, 17.9, 0.2, 25
4102, 80614,17122019,09032021 035015, 444, 28612.8,  8.899,258.345,0.354222,  0.2,278.750,9.01e+00, 16.2, -  , - 
4103, 80700,27102016,08032021 234837, 577, 27952.0,  6.894,209.986,0.384106,  0.8,132.393,3.09e+01, 16.5, -  , - 
4104, 80701,18102018,09032021 084842, 696, 28731.3, 11.097,222.721,0.448059,  0.4,324.691,2.05e-01, 17.7, -  , - 
4105, 80702,30082018,09032021 034124, 743, 28716.3, 22.014,341.413,0.417132,359.7,170.047,1.72e-01, 16.4,15.1, - 
4106, 80703,27062019,08032021 182705, 114, 28818.0,  9.707,203.497,0.560706,  0.6, 16.544,3.30e+00, 16.2,42.5, - 
4107, 80705,29092019,09032021 005706, 503, 28741.9, 10.392,214.445,0.475106,  0.5,338.085,1.38e+00, 18.3,20.5, - 
4108, 80706,16102020,09032021 031925, 138, 28743.7, 11.316,204.326,0.495982,  0.5,350.337,5.58e-01, 18.8,23.1, - 
4109, 80800,06092018,09032021 012127,   2, 28725.7, 22.023,326.608,0.446316,359.7,189.562,2.04e+00, 14.8, 0.8,116
4110, 80801,06092018,08032021 170941, 870, 28791.3, 21.878,334.785,0.428858,359.7,176.457,2.78e+00, 17.8,29.3, - 
4111, 80802,10092018,08032021 224033, 910, 28792.2, 21.948,337.669,0.431115,359.7,173.975,3.14e+00, 19.0, -  , - 
4112, 80803,06042019,08032021 211454,  79, 28732.1, 10.941,210.122,0.445947,  0.5,336.451,1.80e+00, 17.0, 5.4, - 
4113, 80804,12082019,08032021 215750, 122, 28785.8,  8.073,214.451,0.425239,  0.7,349.713,5.25e+00, 17.2,29.9, - 
4114, 80900,23062012,09032021 054034,   1, 28772.8, 25.841, 68.183,0.701820,359.9,158.414,2.36e-02, 15.9, 0.1,  2
4115, 80901,03092018,08032021 232348,  43, 28783.8, 21.751,327.235,0.502360,359.7,195.147,1.26e-01, 16.4, 0.5, 86
4116, 80902,06092018,09032021 071921, 909, 28826.8, 21.762,328.520,0.514713,359.7,198.751,1.14e-01, 19.2,69.0,122
4117, 80903,10092018,08032021 171450, 125, 28838.7, 21.857,330.355,0.461159,359.7,191.565,6.71e+00, 16.1,84.1, - 
4118, 80904,09112018,09032021 060043, 836, 28793.6, 22.085,332.412,0.415880,359.7,175.789,5.41e+00, 17.5,60.0, - 
4119, 80905,08042019,08032021 172605,   1, 28789.6, 11.158,216.127,0.462465,  0.5,328.950,8.50e-02, 15.2, 0.1,  8
4120, 80906,06042019,09032021 084959,  45, 28774.7, 10.647,222.417,0.471540,  0.5,328.848,1.63e+00, 16.6, 6.1, - 
4121, 80907,06042019,08032021 233413,  64, 28778.7, 11.064,218.502,0.453994,  0.5,326.010,2.89e-01, 17.7, 1.1,232
4122, 80909,24042019,09032021 002728, 560, 28801.9, 10.684,223.432,0.371039,  0.5,320.070,2.32e+00, 17.5,63.5, - 
4123, 80910,14052019,09032021 045129, 179, 28803.2,  9.966,214.381,0.394632,  0.6,338.449,4.39e+00, 17.3, -  , - 
4124, 80911,03072019,09032021 093248, 101, 28804.0, 10.996,218.162,0.485902,  0.5,335.319,1.56e+00, 15.7,10.2, - 
4125, 80912,29092019,09032021 100851,  40, 28792.4, 11.318,212.218,0.467219,  0.5,333.628,1.61e-01, 17.5, 0.3, 56
4126, 81000,16012016,09032021 034103,   5, 28786.6, 11.391,290.871,0.413624,359.8,117.278,5.40e-03, 16.8, 0.1,  1
4127, 81001,02092018,09032021 012244,   5, 28782.4, 22.003,336.209,0.468058,359.7,180.945,6.06e-03, 18.8, 0.1,  1
4128, 81002,07092018,09032021 032753,  98, 28860.3, 22.198,335.442,0.377740,359.7,167.164,4.44e+00, 16.3,53.7, - 
4129, 81003,11092018,08032021 232836, 873, 28860.3, 22.193,332.601,0.373426,359.7,167.019,4.90e+00, 18.0,19.4, - 
4130, 81004,28082019,08032021 224810, 443, 28882.1, 11.010,183.992,0.445665,  0.6,  7.181,7.03e+00, 17.2, -  , - 
4131, 81005,12072020,08032021 180811, 164, 26431.4, 14.831,180.400,0.562878,  0.5, 33.881,9.69e+00, 16.2, -  , - 
4132, 81100,09032018,08032021 140819,1094, 28824.6,  4.735,157.522,0.484409,  1.3,323.602,3.15e+00, 18.6,31.6, - 
4133, 81101,02092018,08032021 220711, 113, 28865.1, 22.111,338.075,0.486177,359.7,180.925,1.32e-01, 17.6, 0.7,138
4134, 81102,07042019,09032021 054835,   2, 28817.5, 11.169,216.066,0.468427,  0.5,329.666,1.28e-02, 15.5, 0.1,  1
4135, 81103,12042019,09032021 054524,   2, 28832.7, 11.326,211.881,0.471939,  0.5,333.833,3.87e-02, 15.9, 0.1,  5
4136, 81104,06042019,08032021 160648, 109, 28834.0, 11.515,208.293,0.471690,  0.5,337.774,5.95e-02, 17.3, 0.8,172
4137, 81200,22122009,08032021 195936,   1, 28842.5,  7.445,133.704,0.451110,  0.6,106.670,2.53e-01, 15.4, 0.1,  9
4138, 81201,02092018,08032021 232906,   3, 28851.6, 22.196,341.212,0.471490,359.7,175.857,1.84e-02, 16.6, 0.1,  3
4139, 81202,11092018,08032021 220231, 527, 28939.0, 22.305,343.082,0.359846,359.7,160.614,4.12e+00, 16.5,35.0, - 
4140, 81203,08102018,09032021 055210,   5, 28834.0, 21.914,332.024,0.478747,359.7,185.645,2.92e-02, 17.9, 0.1,  4
4141, 81204,09042019,09032021 040618,   0, 28847.4, 11.287,212.987,0.466844,  0.5,332.384,9.86e-02, 16.2, 0.1, 10
4142, 81205,12042019,08032021 211253,  22, 28856.1, 11.053,216.505,0.471230,  0.5,330.155,3.05e-01, 18.4, 0.4, 61
4143, 81206,06042019,09032021 002828, 121, 28843.6, 10.811,214.506,0.445958,  0.5,331.078,2.48e-01, 15.7, 3.8,664
4144, 81207,06042019,09032021 003937,   3, 28860.4, 10.815,225.048,0.441775,  0.4,318.095,9.11e-01, 16.3, 0.4, 85
4145, 81208,30062019,08032021 153201, 530, 28906.1,  9.270,247.500,0.187394,  0.3,304.015,4.02e+00, 15.2, -  , - 
4146, 81210,30082019,08032021 233210,  67, 28839.5, 11.285,212.835,0.463263,  0.5,332.416,2.74e-01, 14.6, 0.9,168
4147, 81211,21092019,08032021 225239,   3, 28854.9, 11.235,214.189,0.469528,  0.5,332.022,1.02e-01, 16.1, 0.1,  9
4148, 81212,28092019,09032021 082454, 117, 28851.8, 11.085,216.153,0.467535,  0.5,329.667,2.60e-02, 18.5, 0.3, 22
4149, 81214,06122019,08032021 190025, 436, 28857.1,  4.148, 88.681,0.164082,360.0,181.084,1.41e+01, 16.8,91.9, - 
4150, 81215,27012020,09032021 023142, 145, 28788.8,  4.752,348.462,0.103198,358.6, 20.503,1.62e+01, 18.1,10.9, - 
4151, 81300,31012016,09032021 030541,   1, 28866.1, 11.711,296.804,0.412700,359.7,109.048,2.03e-02, 17.0, 0.1,  1
4152, 81301,02092018,09032021 022524,  17, 28860.5, 21.714,336.321,0.493806,359.7,186.230,8.16e-01, 13.7, 1.5,312
4153, 81302,02092018,09032021 015106, 166, 28865.7, 21.984,335.594,0.475629,359.7,181.492,5.78e-02, 17.4, 1.0,206
4154, 81303,14092018,09032021 040936, 116, 28867.8, 22.154,342.455,0.427117,359.7,169.378,8.97e-02, 17.4, 2.0,424
4155, 81305,06122018,09032021 080557, 137, 28862.0, 22.155,342.358,0.414199,359.7,168.451,1.95e-01, 16.2, 1.1,218
4156, 81306,09042019,08032021 164209, 242, 28883.7, 10.888,209.523,0.495391,  0.5,335.605,9.53e-02, 16.2, 3.7,786
4157, 81307,06042019,08032021 194832, 561, 28885.4, 11.037,221.478,0.457708,  0.5,325.090,7.32e-01, 17.6, 3.6,770
4158, 81309,25072019,08032021 210743,   2, 28885.8, 10.971,223.868,0.445202,  0.4,316.882,2.44e-01, 15.9, 0.1, 20
4159, 81310,25092019,09032021 034328, 522, 28908.8,  9.617,212.092,0.389438,  0.6,337.509,4.93e+00, 17.7,38.8, - 
4160, 81311,14072020,08032021 140448, 144, 28886.0, 10.625,228.299,0.429917,  0.4,312.327,4.64e+00, 16.7, -  , - 
4161, 81312,13122020,09032021 054207,   3, 28878.5, 11.285,213.267,0.466984,  0.5,331.829,1.03e-01, 15.8, 0.1,  1
4162, 81400,09092018,08032021 152215,   1, 28891.4, 22.254,341.396,0.481262,359.7,176.543,4.34e-02, 18.0, 0.1,  4
4163, 81401,10092018,08032021 193810, 564, 28882.7, 21.108,335.723,0.474992,359.7,187.123,1.39e-01, 18.0, 6.7, - 
4164, 81402,24012019,09032021 055433, 112, 28885.6, 21.905,329.054,0.479612,359.7,188.142,1.93e-01, 16.6, 2.7,540
4165, 81403,27042019,08032021 203723,  85, 28935.6, 10.697,236.633,0.452138,  0.3,308.842,1.96e+00, 16.5,17.0, - 
4166, 81404,03072019,09032021 075239,   0, 28895.7, 11.058,219.345,0.444158,  0.5,320.867,1.37e-01, 15.4, 0.1,  2
4167, 81405,25072019,08032021 180044,   1, 28893.7, 11.009,218.753,0.439337,  0.5,319.269,3.09e-01, 16.9, 0.1, 14
4168, 81406,06042019,08032021 205821, 122, 29119.1,  9.412,223.534,0.331403,  0.5,317.439,7.27e+00, 19.1,15.2, - 
4169, 81407,03102019,09032021 020706, 503, 28990.7,  8.813,241.195,0.306235,  0.4,295.008,7.82e+00, 16.5, -  , - 
4170, 81408,18102019,09032021 030253, 365, 28884.0, 21.707,328.381,0.480402,359.7,190.869,2.94e-01, 16.3, 5.6, - 
4171, 81500,30012016,09032021 012406,   2, 28922.7, 11.714,297.748,0.411973,359.7,106.880,1.15e-02, 17.6, 0.1,  1
4172, 81501,16082010,09032021 013304, 340, 28899.5, 25.185,181.564,0.750930,  0.3,151.802,7.25e-02, 17.6, 9.3, - 
4173, 81502,02092018,08032021 224725,   1, 28909.6, 22.163,342.325,0.455768,359.7,172.399,4.57e-02, 16.9, 0.1,  2
4174, 81503,18022018,09032021 043355,   5, 28906.8, 11.845,300.157,0.407613,359.7,103.258,3.01e-02, 18.0, 0.1,  2
4175, 81504,03072019,09032021 003932, 199, 28937.1, 10.961,215.982,0.593212,  0.5,347.813,1.20e-01, 16.9, 1.0, 54
4176, 81600,18012012,08032021 201233,   0, 28944.8, 21.060,280.178,0.570343,359.9,224.454,9.30e-03, 11.9, 0.1,  1
4177, 81601,21112016,08032021 222345,1158, 29139.2, 11.945,306.962,0.525175,359.7, 44.178,4.76e+00, 14.1, -  , - 
4178, 81602,22102017,08032021 164227,1215, 28889.8,  4.874, 40.380,0.168871,358.9,212.413,1.53e+01, 19.3, -  , - 
4179, 81603,08102018,08032021 220856, 792, 28957.8, 22.070,340.103,0.445914,359.7,172.135,2.08e+00, 17.6,86.3, - 
4180, 81604,13052019,08032021 233631, 639, 28967.0,  9.390,186.820,0.595277,  0.7, 19.089,6.57e-01, 17.2,43.9, - 
4181, 81605,01072019,09032021 072403,  87, 28962.6, 11.513,203.513,0.511852,  0.5,350.850,1.38e+00, 16.2,31.9, - 
4182, 81606,26072019,09032021 031020, 193, 28958.0,  7.862,215.783,0.205851,  0.7,354.023,6.81e-02, 16.8, 3.5,288
4183, 81607,25082019,08032021 220012, 470, 28944.0, 22.082,341.272,0.433311,359.7,170.381,6.05e-02, 17.8, 0.9,191
4184, 81700,23122009,09032021 031759,   1, 28949.6,  7.337,174.909,0.438216,  0.9, 30.298,2.17e-01, 14.2, 0.1,  8
4185, 81701,23032018,09032021 043455,1076, 28968.7,  5.136,355.156,0.091614,358.7, 10.764,1.64e+01, 18.5, -  , - 
4186, 81702,02092018,09032021 044734,   5, 28951.0, 22.143,340.427,0.480711,359.7,176.780,1.21e-01, 16.3, 0.1, 29
4187, 81704,09042019,08032021 175138,  33, 28984.1, 12.031,210.374,0.473116,  0.5,338.730,7.49e-02, 17.0, 1.3, 50
4188, 81705,25042019,08032021 195216, 146, 28959.2, 10.705,218.659,0.502720,  0.5,314.002,1.67e-01, 17.2, 2.4,345
4189, 81706,29052019,08032021 150801,   3, 29048.7, 11.211,216.374,0.455226,  0.5,324.110,1.46e-01, 18.3, 0.2, 34
4190, 81707,30062019,08032021 115246, 144, 28954.6, 11.112,217.764,0.511059,  0.5,327.048,2.33e-01, 16.2, 4.8,213
4191, 81708,25072019,08032021 171103, 138, 29099.0, 21.520,332.523,0.404195,359.7,167.811,2.66e+00, 17.3, 1.8,368
4192, 81709,26082019,08032021 185415,   8, 28960.9, 11.313,213.549,0.463990,  0.5,330.002,1.49e-01, 16.7, 0.1,  6
4193, 81710,21102019,08032021 162450, 446, 28970.5, 10.875,233.096,0.427160,  0.4,302.346,4.25e-01, 17.8, 8.6, - 
4194, 81711,21102020,08032021 222023,   9, 28963.9, 11.221,214.317,0.468094,  0.5,329.989,9.24e-03, 18.2, 0.1,  1
4195, 81712,14122020,09032021 051308,  13, 28968.0, 10.991,222.762,0.431680,  0.4,314.499,2.62e-01, 15.2, 0.1, 15
4196, 81800,11082016,09032021 100944, 503, 29227.7, 11.980,203.168,0.341213,  0.5,351.400,7.69e+00, 17.2, -  , - 
4197, 81801,28042019,09032021 060931, 449, 29001.4, 11.729,190.992,0.486124,  0.6,  1.920,2.34e+00, 17.6,30.2, - 
4198, 81802,30062019,08032021 214431, 143, 29082.2, 11.186,213.363,0.477137,  0.5,333.437,2.82e-01, 16.6, 1.5,268
4199, 81803,20072019,08032021 215645,  16, 29028.6, 10.541,220.103,0.492820,  0.5,341.035,2.20e+00, 17.0, 2.5,537
4200, 81804,29072019,08032021 172120, 133, 29054.7,  9.510,225.784,0.391318,  0.5,324.031,2.30e+00, 17.8,24.1, - 
4201, 81805,30092019,09032021 011900, 461, 28999.6, 10.871,224.638,0.444707,  0.4,316.034,5.62e-01, 18.3,12.3, - 
4202, 81900,23012017,09032021 031144,   1, 29001.8, 11.310,297.616,0.411129,359.7,104.405,1.22e-02, 17.2, 0.1,  1
4203, 81901,02092018,08032021 152315,   2, 28996.8, 22.335,344.619,0.466760,359.7,170.353,6.41e-02, 15.9, 0.1,  4
4204, 81902,10092018,09032021 014851, 902, 29017.3, 22.161,341.471,0.468965,359.7,173.491,6.72e-01, 19.0,22.5, - 
4205, 81903,14092018,09032021 012135, 536, 29039.8, 21.854,339.978,0.373866,359.7, 73.046,8.57e+00, 17.5, -  , - 
4206, 81904,05102018,09032021 063532, 136, 28994.2, 22.350,344.875,0.460198,359.7,169.692,3.43e-01, 16.7, 0.4, 47
4207, 81905,06042019,08032021 214216,  90, 29031.8, 10.892,217.997,0.462154,  0.5,326.768,7.56e-01, 16.8, 6.3, - 
4208, 81906,13102019,09032021 024901, 492, 28951.6,  8.149,280.647,0.625667,359.9, 92.415,9.93e+00, 13.6, -  , - 
4209, 81907,16012020,08032021 231919, 388, 29006.9, 10.487,215.461,0.546038,  0.5,355.605,2.54e+00, 16.4,19.7, - 
4210, 81908,02032020,08032021 234326, 301, 29015.9, 59.579,115.224,0.519561,  0.1,236.445,4.23e+01, 16.4,57.3, - 
4211, 81909,15102020,08032021 224710,  94, 28954.3, 11.684,211.723,0.481204,  0.5,341.180,4.93e+00, 16.8,32.3, - 
4212, 82000,09092018,09032021 081457,   1, 29036.8, 22.326,344.902,0.465553,359.7,168.994,1.35e-01, 12.2, 0.1, 11
4213, 82001,09092018,08032021 223147, 906, 29120.7, 22.241,344.216,0.332964,359.7,141.698,7.11e+00, 17.0, -  , - 
4214, 82002,09092018,08032021 205204, 557, 29135.5, 22.101,334.380,0.405975,359.7,182.852,3.28e-01, 18.2,13.3, - 
4215, 82003,07042019,09032021 024010,   1, 29031.1, 11.121,217.742,0.467111,  0.5,325.530,1.83e-02, 16.3, 0.1,  1
4216, 82004,04042019,08032021 195715, 556, 29028.5, 21.839,322.458,0.533506,359.8,198.659,1.21e-01, 16.8, 4.6,321
4217, 82005,06042019,08032021 164018,   2, 28958.0, 11.399,210.364,0.477658,  0.5,335.491,1.46e+00, 15.1, 0.4, 93
4218, 82006,06042019,08032021 205508, 114, 29041.0, 11.167,215.152,0.476838,  0.5,330.388,1.01e-01, 18.6, 0.5,115
4219, 82007,10052019,09032021 092621, 196, 29040.1, 11.316,212.265,0.463192,  0.5,330.825,2.02e-01, 16.8, 3.9,850
4220, 82008,10052019,08032021 202839, 101, 29027.0,  9.086,219.221,0.328245,  0.6,320.590,2.10e+00, 17.9,20.8, - 
4221, 82009,07102020,08032021 205529,   1, 29080.7, 11.344,207.919,0.430095,  0.5,336.384,1.20e+00, 16.2, 0.1, 23
4222, 82010,20072019,09032021 075740, 497, 29086.5,  9.961,229.931,0.344564,  0.4,305.581,3.24e+00, 15.4, -  , - 
4223, 82011,24082019,08032021 182701, 138, 29088.8,  9.840,222.221,0.453773,  0.5,329.913,3.74e+00, 17.8,30.8, - 
4224, 82012,29092019,09032021 014118, 482, 29033.7, 22.096,332.098,0.456882,359.7,180.055,1.55e-01, 16.3, 6.2, - 
4225, 82013,29082019,08032021 152617,  59, 28940.2, 10.792,204.655,0.486671,  0.6,352.021,2.82e+00, 17.1, 8.6, - 
4226, 82014,21122019,09032021 083502, 441, 29015.1, 22.521,337.676,0.368387,359.7,163.507,2.36e+00, 17.1,68.9, - 
4227, 82100,02092018,08032021 212012,   2, 29069.3, 22.291,344.242,0.465412,359.7,169.730,1.84e-01, 15.6, 0.1, 13
4228, 82101,30082018,08032021 235910, 610, 29066.8, 22.159,341.329,0.439579,359.7,194.170,1.14e+00, 18.6,98.6, - 
4229, 82102,25072019,09032021 091826,  99, 29071.1, 11.175,214.996,0.467379,  0.5,328.579,1.29e-01, 16.8, 1.2,255
4230, 82103,22102019,09032021 070901, 141, 29118.5,  9.401,216.962,0.490604,  0.6,351.323,4.96e+00, 17.4,30.5, - 
4231, 82200,19032017,08032021 235852,   1, 42167.0,  0.141, 97.539,0.000056,218.9,233.338,1.00e-02, 11.8, 0.1,  1
4232, 82201,10092018,09032021 090039, 583, 29103.3, 21.878,340.708,0.422439,359.7,166.551,2.05e+00, 17.9,20.5, - 
4233, 82202,17042019,08032021 184949,   9, 29085.1, 11.356,212.836,0.463018,  0.5,328.692,4.18e-02, 16.7, 0.1,  5
4234, 82203,06042019,09032021 025215, 533, 29083.8, 11.118,223.238,0.517218,  0.4,328.000,3.25e-01, 17.3,29.2, - 
4235, 82204,23082019,08032021 220506,  90, 29117.9,  8.426,225.575,0.393476,  0.6,355.916,6.60e+00, 17.5, 5.2, - 
4236, 82206,29082019,08032021 210457, 549, 29133.3, 10.795,199.291,0.405968,  0.6,346.720,4.03e+00, 18.0, -  , - 
4237, 82207,19102019,09032021 010228,   3, 29107.3, 10.986,222.284,0.453693,  0.4,318.135,2.37e-01, 16.4, 0.2, 31
4238, 82208,18102020,08032021 125407, 140, 29094.4, 11.234,214.565,0.467105,  0.5,328.165,9.06e-02, 18.6, 4.5,841
4239, 82300,09092018,09032021 015445,  66, 29131.8, 22.061,342.085,0.438887,359.7,168.532,1.44e+00, 16.8, 7.9, - 
4240, 82301,09092018,08032021 210448, 851, 29118.9, 22.253,349.727,0.323567,359.7,148.647,3.06e+00, 18.4,56.7, - 
4241, 82302,11042019,08032021 173130,  52, 29117.2, 11.369,209.926,0.474756,  0.5,334.301,1.58e-01, 15.6, 0.8,170
4242, 82303,06062019,08032021 195231,   3, 29118.4, 10.922,225.379,0.453246,  0.4,314.892,1.72e-01, 15.3, 0.1, 13
4243, 82304,13082019,08032021 221920, 107, 29103.0, 10.513,224.164,0.426285,  0.5,319.549,3.68e-01, 15.8, 7.3, - 
4244, 82306,26102019,09032021 050429, 141, 29006.6, 11.280,212.607,0.486418,  0.5,336.216,1.49e-01, 17.5, 2.1,403
4245, 82308,19122020,09032021 043425,  62, 29121.2, 12.486,180.244,0.473888,  0.5, 13.779,3.15e+00, 17.1, 3.6,790
4246, 82400,19032018,09032021 085643,1000, 29221.1,  7.550,261.970,0.413471,  0.1,149.283,7.35e+00, 18.6,34.9, - 
4247, 82401,07102018,08032021 162502, 540, 29200.0, 22.151,339.533,0.347871,359.7,142.460,8.54e+00, 17.6,39.6, - 
4248, 82402,03042019,09032021 043332, 669, 29120.1, 22.292,345.475,0.456659,359.7,167.036,2.86e-01, 17.1, 7.1, - 
4249, 82403,20042019,09032021 002206, 141, 29224.2,  9.197,232.973,0.238006,  0.4,297.206,2.60e-01, 18.5, 6.7,339
4250, 82404,14052019,09032021 080552,   7, 29132.3, 11.226,214.430,0.470046,  0.5,328.645,9.27e-02, 17.1, 0.1,  5
4251, 82405,31072019,08032021 213126,  88, 29182.9, 10.889,239.829,0.441708,  0.3,300.760,1.40e+00, 14.8, 9.1, - 
4252, 82407,25122019,09032021 100353, 138, 29087.3, 11.425,217.047,0.319489,  0.5,334.048,2.31e-01, 15.7, 2.0,262
4253, 82408,15102020,08032021 120306,  45, 29122.6, 11.189,215.658,0.459266,  0.5,325.754,2.64e-01, 16.2, 0.5, 88
4254, 82500,30112018,09032021 035710, 198, 29267.9, 21.805,330.152,0.536583,359.7,184.293,1.40e-01, 17.7,42.7,491
4255, 82501,24062019,09032021 014319,   1, 29173.7, 10.974,222.783,0.443369,  0.4,314.760,2.43e-01, 13.8, 0.1,  8
4256, 82502,14082019,08032021 234607,   1, 29169.2, 11.178,217.199,0.455908,  0.5,322.618,2.05e-01, 13.6, 0.1,  7
4257, 82503,03102019,08032021 212334, 334, 29152.6, 10.813,228.753,0.469596,  0.4,315.710,5.29e-01, 17.4, 4.7, - 
4258, 82600,24032018,08032021 203035, 231, 29174.6,  7.333,250.942,0.430160,  0.3,250.242,7.02e-02, 18.4, 1.9,402
4259, 82601,08062018,09032021 014415, 969, 29169.4, 19.035,321.797,0.598743,359.7,268.827,3.90e+00, 17.4, -  , - 
4260, 82602,09092018,09032021 054011, 884, 29202.9, 22.682,338.576,0.408634,359.7,168.073,2.78e+00, 17.5, -  , - 
4261, 82603,06092018,08032021 233619, 886, 29182.4, 22.682,353.752,0.436749,359.7,156.048,1.43e-02, 18.8,34.3, - 
4262, 82604,06092018,08032021 204138, 334, 29167.3, 22.233,343.254,0.473865,359.7,170.968,5.80e-01, 18.1,11.9, - 
4263, 82605,07042019,09032021 010736, 207, 29194.7, 10.946,224.978,0.534896,  0.4,342.462,2.26e-01, 16.2, 6.7, - 
4264, 82606,09082019,09032021 082052,  29, 29339.4, 11.372,208.834,0.472108,  0.5,338.238,1.67e+00, 14.9, 7.0, - 
4265, 82607,30092019,08032021 224908, 136, 29232.0, 11.452,265.510,0.416795,  0.0,268.355,1.71e+00, 17.3,43.2, - 
4266, 82700,16012018,09032021 013429,   1, 29230.8, 55.391,142.294,0.046735,  0.1,234.700,5.67e+00, 15.2, 0.1, 18
4267, 82701,08092018,09032021 012839, 819, 29198.6, 22.626,357.331,0.376385,359.7,152.295,6.25e-01, 16.8,54.0, - 
4268, 82702,05092018,08032021 164734, 850, 29215.9, 21.958,336.453,0.460576,359.7,174.666,7.72e-01, 18.5, -  , - 
4269, 82703,29102018,09032021 005559, 142, 29195.6, 22.208,334.638,0.443413,359.7,174.028,1.64e-01, 16.3, 1.6,345
4270, 82704,22102019,08032021 171352, 441, 29252.6, 11.961,269.640,0.419996,  0.0,268.851,7.40e+00, 16.4, -  , - 
4271, 82705,18082020,08032021 182612, 144, 29194.8, 10.983,223.229,0.430645,  0.4,311.919,1.82e-01, 17.7, 3.1,379
4272, 82706,28092020,08032021 182007,  97, 29221.6, 11.210,208.907,0.452768,  0.5,334.242,2.38e+00, 15.9,14.7, - 
4273, 82707,21102020,08032021 142249, 137, 29199.0, 10.565,232.165,0.395202,  0.4,297.428,1.35e+00, 17.6,55.4, - 
4274, 82800,02102018,08032021 221217, 167, 29104.2, 20.598,333.476,0.419496,359.7,203.386,1.07e-01, 14.8,10.7,509
4275, 82801,02102018,09032021 032252, 726, 29242.9, 21.995,335.076,0.471921,359.7,179.726,2.54e-01, 17.4, 7.4, - 
4276, 82802,02112018,09032021 020114, 849, 29224.0, 22.332,342.253,0.375070,359.7,154.089,5.70e+00, 17.8,94.4, - 
4277, 82804,27112019,08032021 180811, 464, 29206.7,  7.266,210.400,0.457547,  0.8,352.239,6.20e+00, 18.3, -  , - 
4278, 82805,17072020,08032021 213011, 143, 29240.8, 11.509,204.333,0.456034,  0.5,339.572,1.48e+00, 17.3, 7.8, - 
4279, 82900,25032009,08032021 234314,   0, 29246.3, 12.164, 80.012,0.438283,359.9,248.294,6.05e-03, 12.0, 0.1,  1
4280, 82901,31012014,09032021 005132,1270, 29304.4, 16.727,241.948,0.690304,  0.2, 60.380,3.17e+00, 15.4, -  , - 
4281, 82902,05092018,09032021 082804, 113, 29221.2, 21.987,331.921,0.479146,359.7,181.489,1.17e-01, 16.4, 0.5, 95
4282, 82903,19102018,09032021 010857, 245, 29252.3, 22.297,347.399,0.398837,359.7,158.052,2.75e-01, 16.9, 5.2, - 
4283, 82904,06042019,09032021 021116,   1, 29252.5, 11.168,216.050,0.468540,  0.5,325.604,6.92e-02, 17.2, 0.1,  6
4284, 82905,26072019,08032021 224723,   2, 29327.0, 11.073,219.662,0.453142,  0.5,317.855,1.67e-01, 16.7, 0.1,  9
4285, 82906,30092019,08032021 181535, 107, 29185.9, 10.767,214.514,0.464638,  0.5,329.049,1.02e+00, 18.9,30.7, - 
4286, 82907,22062020,09032021 063825, 236, 29283.2,  9.947,213.562,0.393272,  0.6,341.520,2.53e+00, 15.7, -  , - 
4287, 83000,16032010,08032021 132749,3076, 29288.4, 12.703, 73.987,0.456491,359.9,258.933,4.69e-01, 16.3, -  , - 
4288, 83001,12092018,09032021 022846, 785, 29263.9, 22.248,344.366,0.467953,359.7,168.010,2.40e-01, 17.8, 3.2,619
4289, 83002,12092018,09032021 004220, 445, 29279.1, 22.038,336.318,0.441068,359.7,171.577,1.86e+00, 17.4,56.7, - 
4290, 83003,14062019,08032021 214300, 373, 29302.8, 12.198,213.919,0.437889,  0.5,321.944,1.86e+00, 15.0, -  , - 
4291, 83100,05052019,08032021 194200, 300, 29335.2,  6.353, 85.069,0.717200,359.9, 53.695,1.32e-02, 17.5, 0.4, 64
4292, 83101,15052019,09032021 001358, 498, 29321.3,  9.185,223.342,0.485007,  0.5,334.353,5.04e+00, 14.5, -  , - 
4293, 83102,04072019,08032021 194805, 146, 29310.2, 11.367,212.021,0.468778,  0.5,330.005,2.55e-01, 17.0, 3.8,778
4294, 83103,26082019,09032021 031824, 116, 29303.5, 10.935,222.946,0.452802,  0.4,315.684,3.58e-01, 16.0, 3.4,751
4295, 83104,18062020,08032021 190130, 141, 29312.8, 10.587,216.291,0.568421,  0.5,345.495,7.16e+00, 14.9, -  , - 
4296, 83105,10122020,09032021 083752,  34, 29293.9, 11.089,212.002,0.457100,  0.5,331.601,1.66e-01, 14.1, 1.1, 71
4297, 83200,02022016,08032021 223644, 821, 29500.9,  4.761,112.776,0.346779,  0.5,284.400,1.95e+01, 15.8, -  , - 
4298, 83201,12092018,09032021 005458, 771, 29333.8, 21.939,333.865,0.456515,359.7,179.168,1.43e+00, 18.4, -  , - 
4299, 83202,12092018,09032021 041704,   2, 29314.2, 22.024,334.185,0.475053,359.7,177.759,4.55e-02, 15.5, 0.1,  4
4300, 83203,17022019,09032021 014316, 197, 29315.8, 20.209,252.545,0.746085,  0.1,180.807,7.14e-02, 17.0, 1.2,196
4301, 83204,30072019,09032021 010504, 508, 29529.0,  4.404,226.723,0.185900,  1.0,202.390,2.42e+00, 17.0, -  , - 
4302, 83300,29012011,08032021 171750, 672, 29450.8,  6.369, 83.798,0.399844,359.9,318.868,1.85e+01, 17.6, -  , - 
4303, 83301,09092018,08032021 203243, 545, 29352.2, 22.284,336.865,0.466825,359.7,175.348,4.31e-02, 18.6, 2.2,124
4304, 83302,15052019,09032021 091457,  23, 29339.1, 10.935,230.839,0.485045,  0.4,314.056,1.89e-01, 12.7, 0.2, 39
4305, 83303,23082019,09032021 100639, 140, 29408.2, 12.565,227.350,0.597998,  0.4,328.798,1.93e+00, 16.8,35.4, - 
4306, 83304,25082019,09032021 042119,  90, 29461.4,  8.701,216.098,0.489498,  0.6,347.635,4.92e+00, 17.2,56.7, - 
4307, 83305,01122019,08032021 222824,   1, 29338.3, 10.818,229.053,0.394623,  0.4,297.411,1.13e-01, 16.4, 0.1,  4
4308, 83400,04032019,09032021 011927, 436, 29373.2, 22.024,344.666,0.435254,359.7,163.387,2.67e-01, 17.3, 3.8,653
4309, 83401,07042019,08032021 212846,   1, 29357.6, 10.930,224.626,0.461286,  0.4,314.238,1.58e-02, 15.1, 0.1,  1
4310, 83402,30072019,08032021 150943, 182, 29435.7,  8.628,232.213,0.338908,  0.5,323.703,2.58e-01, 16.1, 4.2,869
4311, 83403,03082019,08032021 220753,  62, 29400.3, 10.541,220.224,0.445132,  0.5,320.458,1.65e+00, 17.8, 1.6,141
4312, 83404,26082019,09032021 102850,  66, 29374.9, 11.817,197.209,0.516187,  0.5,355.570,6.20e-01, 16.9, 2.7,582
4313, 83405,21082019,08032021 213546, 560, 29416.4, 22.225,330.951,0.483925,359.7,176.409,3.35e+00, 18.2, -  , - 
4314, 83406,02102019,08032021 204246,   3, 29380.5, 10.784,220.871,0.434066,  0.5,317.807,1.21e+00, 18.0, 0.2, 31
4315, 83407,22102019,08032021 144031, 247, 29406.8, 10.987,250.707,0.372065,  0.2,290.027,5.54e+00, 17.6,14.8, - 
4316, 83408,12082020,09032021 072823,   6, 29369.9, 10.823,230.840,0.452903,  0.4,306.763,1.93e-01, 16.6, 0.1,  6
4317, 83409,19092020,08032021 212503,  27, 29381.0,  9.657,154.155,0.443328,  0.6,333.342,7.69e-01, 16.4, 1.6,355
4318, 83500,23062010,09032021 055452, 681, 29393.1, 12.595, 82.814,0.441689,359.9,241.176,1.15e-01, 17.0, 5.1, - 
4319, 83501,11042019,09032021 040037, 612, 29394.7, 11.662,191.578,0.544016,  0.6,  5.618,1.71e+00, 16.3,50.0, - 
4320, 83502,15052019,09032021 033006,  13, 29398.7, 10.926,224.938,0.479286,  0.4,317.763,1.74e-01, 17.1, 0.3, 69
4321, 83503,26052019,09032021 081750,  29, 29427.1, 10.549,218.743,0.443483,  0.5,322.122,1.72e+00, 18.5,12.6, - 
4322, 83504,29052019,08032021 213131,   3, 29410.8, 10.864,220.312,0.449026,  0.5,318.247,8.12e-01, 16.9, 0.1, 10
4323, 83506,11072019,08032021 162340, 194, 29421.1, 11.392,198.357,0.484216,  0.6,353.230,1.76e+00, 16.4,11.8, - 
4324, 83507,26082019,08032021 164740, 114, 29391.0, 10.673,218.198,0.443817,  0.5,321.906,2.04e+00, 18.8, 3.7,800
4325, 83508,30092019,08032021 173950,   3, 29407.5, 10.710,219.921,0.441735,  0.5,319.278,1.36e+00, 17.5, 0.1,  7
4326, 83600,19022012,08032021 153902,   2, 29430.4,  1.545,330.040,0.383213,356.4,268.829,9.49e-03, 17.2, 0.1,  1
4327, 83601,06032017,09032021 012029, 342, 29403.1,  8.963,149.383,0.416829,  0.6,336.695,9.63e-01, 16.7,41.4, - 
4328, 83602,06042019,09032021 014735,   1, 29412.1, 10.504,227.751,0.447522,  0.4,312.742,1.35e+00, 16.2, 0.2, 33
4329, 83603,24042019,08032021 230754,   2, 29416.7, 10.680,219.334,0.444491,  0.5,320.351,1.28e+00, 16.7, 0.4, 49
4330, 83605,04082019,08032021 201310, 532, 29400.4, 10.855,241.509,0.459964,  0.3,297.049,1.30e+00, 17.8,56.1, - 
4331, 83606,05082019,08032021 230137,  80, 29410.3, 12.984,189.654,0.443884,  0.5,  4.483,3.76e+00, 16.0,40.5, - 
4332, 83607,29082019,08032021 183503,   7, 29444.3, 10.638,219.352,0.443556,  0.5,320.453,1.59e+00, 18.2, 0.5, 72
4333, 83608,22102019,08032021 171629, 198, 29539.1,  9.823,229.194,0.312256,  0.4,314.160,7.42e+00, 17.0,48.1, - 
4334, 83700,06122015,09032021 080304,1914, 29436.9, 10.678,154.048,0.442749,  0.6,139.923,5.16e-01, 18.0, 7.3,976
4335, 83701,12092018,08032021 153952, 169, 29467.0, 22.754,350.377,0.377410,359.7,148.308,2.58e+00, 17.1,11.5, - 
4336, 83702,08092018,09032021 004532, 562, 29431.5, 22.261,343.753,0.460390,359.7,167.741,1.67e-01, 17.8,11.0, - 
4337, 83703,07042019,09032021 032140,  12, 29438.2, 10.706,226.655,0.448943,  0.4,313.827,9.61e-01, 15.7, 1.1,191
4338, 83704,12062019,09032021 041030,   2, 29466.6, 10.230,229.640,0.455304,  0.4,315.678,1.20e+00, 15.9, 0.1, 14
4339, 83705,21082019,09032021 050019, 418, 29425.4, 22.155,342.089,0.466337,359.7,167.785,1.52e-01, 16.9, 3.5,712
4340, 83706,24082019,08032021 225716, 138, 29531.5, 11.249,201.386,0.384713,  0.6,346.455,8.77e+00, 18.5,55.9, - 
4341, 83707,02102019,08032021 212902, 503, 29446.3, 10.574,217.460,0.455982,  0.5,323.921,1.57e+00, 18.3,14.1, - 
4342, 83800,30062017,08032021 203949,   4, 29465.1, 13.329, 21.563,0.521189,359.5,212.803,1.59e+00, 17.1, 0.1, 17
4343, 83801,06042019,08032021 230149, 104, 29433.4, 10.427,218.538,0.439813,  0.5,322.907,1.16e+00, 18.4,29.5, - 
4344, 83802,08062019,09032021 025702, 178, 29504.8, 10.734,228.180,0.455829,  0.4,309.495,9.73e-01, 16.5,20.5, - 
4345, 83803,14082019,08032021 214927, 500, 29469.0, 22.224,345.516,0.420680,359.7,159.040,2.25e-01, 17.2,10.7, - 
4346, 83804,17102020,08032021 142809, 142, 29458.6, 10.113,222.028,0.397098,  0.5,316.721,3.41e+00, 19.2, -  , - 
4347, 83900,31012017,09032021 085423,  21, 29481.2,  9.160,350.845,0.379327,359.3, 42.338,8.82e-02, 18.0, 0.1, 14
4348, 83901,07042019,09032021 004358,   1, 29474.4, 10.947,239.131,0.463232,  0.3,299.596,1.04e-01, 14.9, 0.1,  3
4349, 83902,07052019,08032021 224809,   2, 29490.2, 10.843,228.004,0.452514,  0.4,307.948,9.38e-02, 16.4, 0.1, 23
4350, 83903,25042019,09032021 002720,   2, 29498.8, 10.131,235.522,0.469138,  0.4,309.549,1.99e+00, 15.7, 0.2, 37
4351, 83904,30062019,08032021 202912, 404, 29590.3,  6.869,218.261,0.448266,  0.8,337.470,6.60e+00, 13.5, -  , - 
4352, 83905,01072019,08032021 204534,  20, 29586.7,  9.972,243.768,0.380432,  0.3,294.186,3.49e+00, 13.9, 3.9,846
4353, 83906,25072019,09032021 033804,   1, 29495.9, 11.136,217.784,0.456613,  0.5,318.920,1.49e-01, 15.0, 0.1,  9
4354, 83907,29072019,08032021 201602,  15, 29491.5, 10.539,224.917,0.452538,  0.4,315.484,1.28e+00, 17.2, 0.2, 23
4355, 83908,26082019,09032021 033135, 171, 29512.7, 10.110,230.043,0.393780,  0.4,307.307,1.97e+00, 18.0, 4.0,497
4356, 83909,25082019,08032021 153246, 138, 29454.0, 15.754,201.442,0.611357,  0.4,349.343,1.38e+00, 19.0, 1.3,194
4357, 83910,28082019,09032021 084821,   0, 29518.9, 11.322,192.961,0.542968,  0.6,  3.636,1.28e+00, 17.4, 0.1, 13
4358, 83911,29032020,09032021 020118, 340, 29467.6, 12.580,294.499,0.412295,359.8,227.050,5.30e-01, 18.5,53.8, - 
4359, 84000,30082019,09032021 085710,  48, 29533.0, 10.523,221.510,0.427067,  0.5,318.298,2.27e+00, 17.9, 3.5,724
4360, 84002,14102020,08032021 200124, 114, 29506.0, 10.731,220.436,0.443873,  0.5,317.819,8.76e-01, 18.8, 3.3,709
4361, 84100,09092018,09032021 032955, 681, 29533.8, 22.167,343.033,0.449459,359.7,164.184,7.05e-02, 17.9, 1.5,331
4362, 84101,14052019,09032021 002725, 452, 29526.4, 10.814,228.328,0.462796,  0.4,309.795,1.10e+00, 16.2,44.5, - 
4363, 84102,19062019,09032021 015022,   4, 29543.5, 11.260,214.070,0.467779,  0.5,324.091,8.26e-02, 16.9, 0.1,  7
4364, 84103,03072019,09032021 053208,  88, 29531.7, 11.403,212.094,0.469117,  0.5,326.931,1.95e-01, 17.4, 1.1,241
4365, 84105,13112020,09032021 022730,   2, 29470.4, 22.054,270.287,0.745286,  0.0,120.776,4.11e-02, 18.4, 0.1,  1
4366, 84106,17122020,09032021 104228,   4, 29547.5, 21.645,290.517,0.744884,359.9, 93.206,1.49e-01, 17.3, 0.1,  1
4367, 84200,04032016,08032021 220436,   1, 29554.6, 23.775, 20.302,0.727543,359.7,282.719,1.21e-01, 15.9, 0.1,  5
4368, 84201,02082019,09032021 033845, 181, 29522.9, 10.510,220.303,0.427309,  0.5,294.681,1.40e-01, 17.7, 3.1,134
4369, 84300,07042019,08032021 212727,   3, 29616.0, 10.751,234.043,0.419117,  0.4,306.863,5.37e-01, 14.0, 0.1, 21
4370, 84301,04082019,09032021 065943, 165, 29641.0, 11.815,199.115,0.474747,  0.5,346.375,7.02e+00, 15.6,90.3, - 
4371, 84302,24082019,09032021 032427, 527, 29586.6, 11.038,200.770,0.580195,  0.6,  6.615,1.00e-02, 17.9, -  , - 
4372, 84303,21092019,09032021 032113, 529, 29714.0, 11.223,266.916,0.351097,  0.0,266.519,1.02e+01, 17.5, -  , - 
4373, 84400,04022019,08032021 164122, 755, 29631.5, 12.842,359.503,0.348447,359.5, 49.499,2.51e+01, 18.0, -  , - 
4374, 84401,07042019,08032021 184224,   1, 29599.8, 10.856,225.981,0.450965,  0.4,309.280,1.88e-01, 14.3, 0.1, 14
4375, 84402,30052019,09032021 021847, 444, 29615.1, 10.643,239.026,0.443900,  0.3,297.601,1.44e+00, 17.5,32.0, - 
4376, 84403,20062019,09032021 013959, 414, 29612.6, 11.888,203.670,0.489548,  0.5,339.331,1.37e-01, 16.2, 2.6,219
4377, 84404,25092019,08032021 192422, 189, 29607.2, 10.764,233.288,0.503911,  0.4,299.174,1.12e-01, 18.1, 1.8, 47
4378, 84405,27112019,08032021 230224, 168, 29577.6, 10.075,224.646,0.443631,  0.5,317.872,2.65e+00, 18.7,20.3, - 
4379, 84406,18082020,08032021 235514,   2, 29599.1,  8.267,231.152,0.434424,  0.5,318.573,9.86e-01, 16.2, 0.2, 35
4380, 84500,28102018,09032021 050414, 789, 29613.7, 25.654,171.083,0.764440,  0.3,148.772,9.57e-02, 16.9,19.7,433
4381, 84501,14122018,09032021 032532,  69, 29609.8, 22.141,341.427,0.455115,359.7,165.493,1.30e-01, 16.2, 1.1,217
4382, 84502,03022019,08032021 230529, 385, 29617.6, 25.969,146.493,0.764932,  0.2,194.840,5.10e-02, 14.4, 7.7,859
4383, 84503,14062019,08032021 162354, 555, 29655.8, 10.833,210.156,0.462496,  0.5,332.543,1.98e+00, 17.3,52.0, - 
4384, 84504,15042019,08032021 211258,  88, 29812.6, 10.080,243.739,0.397647,  0.3,303.264,6.14e+00, 15.2,54.9, - 
4385, 84505,14072019,09032021 010407, 143, 29650.2, 11.623,206.559,0.467875,  0.5,334.586,1.65e+00, 17.9, 7.2, - 
4386, 84506,29092019,08032021 230144,  35, 29530.6, 10.854,220.846,0.440625,  0.5,318.396,1.31e+00, 18.5, 1.5,304
4387, 84507,25102019,09032021 001310,  63, 29703.6, 11.928,267.977,0.389337,  0.0,275.641,8.06e+00, 17.1,18.2, - 
4388, 84508,08112019,09032021 013715,   5, 29668.5, 22.019,316.536,0.746424,359.8, 45.414,3.85e-01, 15.1, 0.1, 30
4389, 84600,19092009,08032021 234658, 817, 29714.4, 25.512,183.192,0.768076,  0.3,119.569,2.36e-02, 18.3,35.5,172
4390, 84601,17102017,08032021 214643,1142, 30166.5, 30.415, 17.047,0.202865,359.8,212.020,3.03e+01, 17.1, -  , - 
4391, 84602,12092018,09032021 051024, 366, 29635.0, 22.176,344.141,0.430390,359.7,159.151,4.48e-02, 16.4, 7.2, - 
4392, 84603,04052019,08032021 153004,   0, 29670.8, 10.418,229.348,0.460692,  0.4,311.136,1.44e+00, 15.8, 0.5, 43
4393, 84604,04072019,09032021 014423, 135, 29622.5, 10.759,226.833,0.552280,  0.4,315.945,1.07e-01, 15.8, 2.9,469
4394, 84605,21092019,08032021 211911,  80, 29655.7, 11.004,213.503,0.521390,  0.5,338.661,7.13e-01, 17.4, 5.8, - 
4395, 84606,21102019,09032021 002222, 335, 29657.2, 10.743,231.174,0.462757,  0.4,306.801,4.87e-01, 18.2, 5.2, - 
4396, 84607,21102019,08032021 221419,  81, 29653.6, 11.107,218.412,0.466533,  0.5,318.531,4.48e-02, 17.3, 0.1, 22
4397, 84608,13012020,08032021 125548, 180, 29664.1, 10.178,212.925,0.409637,  0.6,332.769,2.01e+00, 17.2, 9.9, - 
4398, 84700,05082016,09032021 041238, 683, 29701.1, 20.869,312.505,0.744249,359.8, 70.639,2.95e-01, 16.1,23.8, - 
4399, 84701,27042019,09032021 090249,   1, 29673.7,  8.148,217.437,0.499308,  0.6,338.088,3.68e+00, 13.8, 0.3, 57
4400, 84703,01062019,08032021 222510, 607, 29757.3,  6.666,163.792,0.278667,  1.0, 37.540,8.03e+00, 16.5, -  , - 
4401, 84704,03072019,08032021 192101, 581, 29810.9, 22.774,356.070,0.157928,359.7, 98.164,6.54e+00, 16.8, -  , - 
4402, 84706,29092019,09032021 091533,  46, 29708.9,  9.976,183.252,0.468693,  0.7, 12.553,2.56e+00, 16.3, 7.8, - 
4403, 84707,16102019,08032021 222701, 482, 29670.3, 26.217, 80.675,0.749760,360.0,192.982,7.85e-01, 16.3,11.2,443
4404, 84708,07022020,09032021 022726, 382, 29654.5, 10.324,189.649,0.451378,  0.6,357.892,6.06e+00, 16.1,19.3, - 
4405, 84709,16062020,09032021 092524, 144, 29689.9, 11.514,212.360,0.442902,  0.5,327.175,1.40e-01, 16.1, 1.3,141
4406, 84710,26072020,08032021 144639, 196, 29683.8, 10.906,204.584,0.553628,  0.6,  0.722,1.49e+00, 17.6,29.5, - 
4407, 84800,17032015,08032021 233337,   1, 29714.0, 22.533, 22.258,0.728733,359.7,296.133,4.17e-02, 15.5, 0.1,  3
4408, 84801,27042017,08032021 225504,   3, 29755.7, 11.328,311.406,0.365377,359.6,210.735,2.24e+00, 17.6, 0.2, 25
4409, 84802,04082018,08032021 230629, 147, 29670.8, 25.761,164.900,0.765312,  0.3,162.200,8.87e-02, 17.0, 2.1,238
4410, 84803,06102018,09032021 002539,   3, 29774.5, 21.349,344.277,0.739413,359.7, 15.098,1.16e-01, 16.3, 0.1,  7
4411, 84804,10042019,08032021 141226, 647, 29686.7, 12.299,234.964,0.457919,  0.3,280.095,2.28e-01, 15.5, 6.2,503
4412, 84805,27072019,09032021 031042, 384, 29722.4, 10.500,230.819,0.463839,  0.4,309.885,1.15e+00, 15.6,83.7, - 
4413, 84900,02032019,08032021 233107, 373, 29718.1, 22.198,344.296,0.457421,359.7,161.315,1.76e-01, 17.6, 5.5, - 
4414, 84901,09062019,09032021 080806,   4, 29714.0, 10.705,232.284,0.457529,  0.4,303.340,1.83e-01, 16.8, 0.1, 18
4415, 84902,05072019,09032021 001927, 237, 29744.6, 10.484,230.473,0.407189,  0.4,307.550,6.25e-01, 17.5, 3.9,751
4416, 85000,12062012,09032021 003538,   1, 29749.3, 24.122, 61.662,0.719361,359.9,201.709,5.18e-02, 15.2, 0.1,  3
4417, 85002,04092018,09032021 022438, 846, 29731.2, 22.307,342.396,0.453566,359.7,164.928,7.24e-01, 18.7,43.7, - 
4418, 85004,22062019,08032021 181210, 107, 29730.0, 10.844,238.683,0.465946,  0.3,297.874,7.68e-02, 16.4, 0.6,132
4419, 85005,11072019,08032021 221757,   4, 29751.6, 10.774,232.421,0.462141,  0.4,303.021,9.89e-02, 16.4, 0.1,  8
4420, 85006,24102019,08032021 210401,  42, 29735.3, 10.991,235.156,0.474502,  0.3,303.704,7.16e-01, 15.6, 6.8, - 
4421, 85100,02092018,08032021 224952, 848, 29982.8, 23.328,340.892,0.352797,359.7,103.426,6.72e+00, 16.7, -  , - 
4422, 85101,02092018,09032021 062313, 224, 29749.5, 22.296,351.183,0.417081,359.7,149.814,8.77e-02, 16.5, 2.4,526
4423, 85102,08112018,09032021 050513, 312, 29748.7, 22.516,357.185,0.393816,359.7,143.638,1.79e-01, 17.1, 2.8,574
4424, 85103,10042019,08032021 204145,   1, 29766.9, 10.764,232.871,0.462350,  0.4,302.659,8.41e-02, 14.5, 0.1,  5
4425, 85104,10042019,08032021 210756,   1, 29766.6, 10.775,233.239,0.461200,  0.4,301.777,3.27e-02, 15.4, 0.1,  5
4426, 85105,30092019,08032021 213226, 120, 29766.1, 10.809,232.484,0.462020,  0.4,304.067,6.67e-02, 18.3, 1.4, 87
4427, 85106,16082020,09032021 012119, 201, 29773.6, 22.998,353.662,0.367926,359.7,136.613,9.34e+00, 13.9, -  , - 
4428, 85107,09122020,09032021 045050,  84, 29793.4,  8.800,217.951,0.588849,  0.6,356.700,4.74e+00, 12.6,23.8, - 
4429, 85200,30062019,08032021 202439, 537, 29797.1, 11.258,216.698,0.544444,  0.5,325.478,3.16e-01, 17.3,14.1,353
4430, 85201,23082019,08032021 170907, 501, 29783.6, 10.846,224.975,0.491859,  0.4,317.690,2.42e-01, 16.9, 3.2,581
4431, 85202,20102019,08032021 163000,  12, 29813.0, 10.728,231.318,0.466620,  0.4,303.807,1.48e-01, 17.0, 0.2, 18
4432, 85301,07042019,09032021 021923,   4, 29824.1, 10.775,231.431,0.460098,  0.4,303.186,9.06e-02, 13.0, 0.1, 11
4433, 85302,25042019,09032021 003635,   1, 29806.7, 10.745,232.888,0.466044,  0.4,303.415,8.73e-02, 13.3, 0.1,  3
4434, 85303,23082019,08032021 162926, 351, 29812.7, 10.780,230.285,0.470601,  0.4,305.731,8.61e-02, 17.4, 0.2, 30
4435, 85304,30082019,08032021 162646, 532, 29839.1, 10.910,228.741,0.511436,  0.4,312.733,3.03e-01, 18.1, 3.0,604
4436, 85305,25092019,08032021 235110, 511, 29814.1, 12.809,190.626,0.520966,  0.5,356.587,8.08e-01, 17.9,32.1, - 
4437, 85400,10092010,09032021 012659,   1, 29833.0, 10.481, 46.161,0.364583,359.6,283.743,2.22e-01, 13.8, 0.1,  8
4438, 85402,09042019,08032021 205349,   3, 29834.8, 10.785,233.426,0.459761,  0.4,301.230,1.41e-01, 15.9, 0.1, 16
4439, 85403,12082019,09032021 002128, 146, 29845.7, 11.486,206.991,0.532342,  0.5,340.772,1.00e-02, 18.2, 2.8,607
4440, 85500,02092018,09032021 004606, 788, 29864.3, 22.286,355.164,0.280715,359.7,136.904,5.19e+00, 17.5,68.1, - 
4441, 85502,01082019,08032021 185207, 531, 29894.5, 22.269,206.585,0.638328,  0.3,288.870,3.67e+00, 17.3,45.0, - 
4442, 85503,21102019,08032021 230136, 485, 29879.6, 25.089,210.587,0.769172,  0.2, 78.817,2.35e-01, 16.8,42.1,484
4443, 85504,13092020,09032021 012745,   2, 29855.5, 10.747,236.350,0.457154,  0.3,297.155,9.66e-02, 16.7, 0.1,  4
4444, 85700,26102019,08032021 173031,  19, 29896.4, 10.814,227.404,0.443354,  0.4,302.555,5.33e-02, 18.3, 0.3, 39
4445, 85800,10032010,08032021 182745,   1, 29915.1, 57.985, 78.161,0.072617,360.0,240.512,2.91e+00, 14.3, 0.1,  5
4446, 85801,14072017,08032021 233333,   4, 29931.4, 21.834, 61.266,0.720543,359.8,234.563,7.70e-02, 15.7, 0.1, 10
4447, 85802,04012018,08032021 183310,   4, 29931.7, 10.331, 61.259,0.359869,359.7,250.206,5.48e-02, 17.0, 0.1,  3
4448, 85803,25012019,09032021 061015, 135, 29931.5, 22.305,349.375,0.439120,359.7,153.015,1.26e-01, 14.2, 2.2,392
4449, 85805,29082019,08032021 183754, 193, 30181.3,  8.574,177.188,0.533369,  0.8, 36.818,5.69e+00, 17.2, 7.2, - 
4450, 85806,15062020,08032021 215642, 197, 29946.0, 22.160,115.951,0.706928,  0.1,107.666,2.38e+00, 14.9,11.6, - 
4451, 85807,14082020,09032021 024729, 189, 29926.0, 10.678,230.684,0.460484,  0.4,303.523,2.07e-01, 17.0, 0.3, 53
4452, 85900,10012019,08032021 165802, 573, 29944.6, 22.237,346.713,0.447767,359.7,156.189,3.76e-01, 17.5,24.3, - 
4453, 85901,16092020,08032021 215700, 141, 29955.0, 10.674,233.975,0.454252,  0.4,299.208,3.46e-01, 17.5, 0.6,115
4454, 86000,10042019,08032021 150737,   0, 29743.2, 10.782,232.496,0.460268,  0.4,302.744,4.14e-02, 13.6, 0.1,  2
4455, 86100,21122009,09032021 072233,   0, 29660.5, 25.573,169.963,0.766199,  0.3,155.755,9.03e-02, 14.8, 0.1,  2
4456, 86101,02092018,09032021 035248, 877, 30035.7, 24.033,356.013,0.291027,359.7, 49.438,5.96e+00, 17.9, -  , - 
4457, 86102,26062019,09032021 014042,  24, 30005.1, 10.036,205.346,0.431055,  0.6,339.986,3.87e+00, 15.9, 0.7,111
4458, 86103,04012020,09032021 000216, 396, 29982.6,  9.702,196.202,0.473292,  0.7,351.982,5.98e+00, 15.7,22.9, - 
4459, 86104,15102020,09032021 121056, 109, 29978.7, 17.845,182.612,0.726088,  0.4,100.432,4.13e+00, 16.1,11.5, - 
4460, 86200,15032016,09032021 060946,   1, 30013.4, 23.184, 76.627,0.720031,359.9,183.360,3.68e-02, 16.3, 0.1,  3
4461, 86201,02072019,09032021 101034, 150, 30091.7,  9.028,243.236,0.417891,  0.3,314.355,6.15e+00, 17.3,37.7, - 
4462, 86300,28042017,09032021 044820, 888, 30171.5, 22.133,  0.521,0.656212,359.7,150.110,2.74e+00, 16.7,43.2, - 
4463, 86301,17102018,08032021 193945,   1, 42166.0,  3.235,312.980,0.000236,358.6, 47.014,1.00e-02, 12.3, 0.1,  3
4464, 86302,25072019,08032021 155611, 107, 30057.4, 11.058,210.873,0.451430,  0.5,326.068,5.28e-01, 17.4, 7.6, - 
4465, 86303,17032020,08032021 225528, 344, 29954.7, 10.094,105.924,0.293000,  0.2,287.975,2.59e+01, 17.9, -  , - 
4466, 86304,02042020,08032021 140837, 321, 30032.1, 10.960,220.687,0.453479,  0.5,323.177,3.71e-01, 18.1,19.9, - 
4467, 86305,21102020,08032021 122201, 133, 30049.6,  9.910,237.248,0.335145,  0.4,302.415,6.27e+00, 16.7,11.0, - 
4468, 86400,05082015,08032021 194505,1386, 29980.4,  8.041,300.225,0.227159,359.6,  6.128,3.00e+01, 16.6, -  , - 
4469, 86401,17062015,09032021 084355,1151, 30016.3, 13.735,201.787,0.708616,  0.5,166.259,2.61e+00, 17.6, -  , - 
4470, 86402,14062019,09032021 004308, 552, 30095.0, 24.388,229.789,0.645948,  0.2,240.516,3.85e+00, 15.6, -  , - 
4471, 86403,12062019,08032021 233025, 144, 30083.5, 10.528,231.730,0.452027,  0.4,302.853,1.20e+00, 16.6,11.4, - 
4472, 86404,26062019,09032021 080341, 211, 30058.3, 22.261,347.613,0.450715,359.7,154.540,1.00e-02, 14.8, 0.2, 31
4473, 86500,05072019,08032021 174213, 166, 30129.6,  9.574,188.867,0.493418,  0.7, 18.204,6.73e+00, 16.1,44.0, - 
4474, 86501,26082019,08032021 222512, 116, 30092.9, 11.076,219.319,0.462538,  0.5,313.380,1.48e-01, 17.8, 1.4,295
4475, 86502,26082019,08032021 233745, 146, 30162.0,  9.277,202.776,0.560063,  0.7,  2.326,4.84e+00, 16.2,48.6, - 
4476, 86600,12042019,08032021 205815,   3, 30112.8, 11.770,204.396,0.516967,  0.5,339.814,1.44e-01, 16.1, 0.1,  9
4477, 86701,20062019,08032021 181638, 545, 30118.2, 13.240, 77.382,0.481849,359.9,301.845,1.87e+00, 15.3, -  , - 
4478, 86702,13092019,09032021 013306,   2, 30191.4, 10.529,230.617,0.445701,  0.4,306.201,1.46e+00, 15.3, 0.7,155
4479, 86800,28052019,08032021 161057, 169, 30107.3, 15.708,181.008,0.693064,  0.4, 22.373,5.27e+00, 17.0, -  , - 
4480, 86801,01072019,09032021 032248,  24, 30305.1, 10.563,248.393,0.408894,  0.2,287.290,4.52e+00, 15.0, 7.9, - 
4481, 86802,30072019,08032021 130253, 144, 30165.3, 10.662,215.282,0.553304,  0.5,317.144,2.74e+00, 17.2,49.5, - 
4482, 86803,24082019,09032021 084552, 385, 30285.2,  6.597,225.489,0.448524,  0.7,323.424,7.26e+00, 14.4, -  , - 
4483, 87000,24032015,09032021 023038,1146, 30230.5, 24.117,217.185,0.655788,  0.2,259.096,3.71e+00, 12.6, -  , - 
4484, 87001,10022015,08032021 183812,1392, 30182.2, 21.350,145.787,0.666414,  0.3, 46.812,3.33e+00, 16.0, -  , - 
4485, 87002,06042019,08032021 213659,   6, 30287.4, 10.719,245.312,0.426793,  0.3,290.925,1.20e+00, 15.7, 2.3,491
4486, 87003,15082019,08032021 152823, 499, 30208.3, 11.090,215.995,0.507110,  0.5,325.514,1.20e-01, 16.6, 1.1,164
4487, 87004,26082019,09032021 053246, 502, 30230.5, 10.766,218.007,0.426013,  0.5,314.218,1.92e+00, 17.4,16.9, - 
4488, 87005,25092019,08032021 214935,  66, 30232.0, 10.773,252.591,0.442837,  0.2,277.127,1.49e+00, 17.2, 7.0, - 
4489, 87006,02102019,09032021 004934,  81, 30218.1, 10.959,218.660,0.503809,  0.5,322.013,1.96e-01, 15.8, 1.6,325
4490, 87100,07042019,08032021 215012, 176, 30242.0, 11.226,218.018,0.438966,  0.5,328.318,2.88e-01, 17.1, 8.0, - 
4491, 87101,31072019,09032021 022117, 141, 30317.9,  9.987,245.045,0.403942,  0.3,294.371,3.51e+00, 15.4,52.4, - 
4492, 87102,28082019,08032021 140325, 387, 30265.4, 10.182,234.565,0.432285,  0.4,298.547,2.30e+00, 17.7, 5.0, - 
4493, 87200,01022019,08032021 224845,   2, 30291.5, 11.178, 46.425,0.390723,359.6,264.464,8.57e+00, 17.8, 0.1, 20
4494, 87201,14072019,09032021 022051, 114, 30259.0, 11.482,208.241,0.512891,  0.5,334.550,1.86e-01, 14.3, 1.2,254
4495, 87202,25082019,08032021 214749,  21, 30271.4, 11.153,213.542,0.465484,  0.5,319.941,9.35e-01, 18.1, 0.4, 76
4496, 87204,08092020,09032021 001641, 151, 30259.2, 21.162,163.114,0.734570,  0.3, 84.631,3.26e+00, 16.0,36.2, - 
4497, 87300,16092013,08032021 233305,  21, 30277.9, 23.777,107.881,0.690989,  0.1,108.495,2.60e+00, 15.0, 3.4,437
4498, 87301,30072019,09032021 045302, 142, 30294.7, 11.830,207.836,0.482520,  0.5,326.689,4.99e-01, 18.6, 4.5,943
4499, 87302,30072019,09032021 023901, 137, 30269.8, 11.758,216.096,0.385029,  0.5,300.226,3.80e-01, 17.6, 0.9,184
4500, 87303,25092019,08032021 170644, 193, 30319.7, 10.062,238.737,0.400040,  0.3,288.476,3.71e+00, 17.9, 4.3,709
4501, 87304,21112019,08032021 151342,   4, 30263.2, 10.943,214.031,0.456519,  0.5,319.627,1.44e+00, 17.7, 0.3, 40
4502, 87400,29012016,09032021 113824, 289, 30104.1,  5.549,  0.122,0.325295,358.8, 94.241,2.84e+00, 17.4,15.7, - 
4503, 87500,04082008,08032021 221127,3065, 30336.0,  8.726,359.961,0.375585,359.2, 11.450,9.56e-03, 16.8,11.0, - 
4504, 87501,04082018,09032021 014245, 943, 30595.8, 22.235, 23.677,0.272233,359.7,135.815,1.65e+01, 16.7, -  , - 
4505, 87502,27062019,09032021 043021,  16, 30327.9, 10.394,238.067,0.453730,  0.3,292.753,1.01e+00, 16.6, 1.5,312
4506, 87503,21102019,08032021 183956, 196, 30333.6, 10.261,240.201,0.526605,  0.3,317.163,3.30e+00, 17.2,59.1, - 
4507, 87504,13102020,09032021 022803, 143, 30422.6, 23.953,323.621,0.441676,359.8,179.525,4.66e+00, 16.4,39.8, - 
4508, 87505,12112020,09032021 012356,  65, 30318.0, 10.355,244.777,0.456573,  0.3,292.928,3.63e+00, 15.7, 9.0, - 
4509, 87600,07102018,09032021 032332, 636, 30330.1, 22.593,350.790,0.447861,359.7,139.335,2.67e-01, 17.1,13.0,772
4510, 87700,08082016,09032021 105905, 415, 30407.6, 25.803,242.407,0.769282,  0.1, 21.367,3.21e-02, 17.8, 4.5,233
4511, 87701,11122019,09032021 033903, 431, 30376.9, 22.084, 94.194,0.731236,  0.0,152.445,1.16e+00, 17.7,10.6,875
4512, 87800,30072019,09032021 101545, 143, 30380.9, 13.245,190.429,0.587552,  0.5,357.877,2.28e+00, 16.0,25.8, - 
4513, 87801,27112019,08032021 183919, 426, 30388.1, 20.092,112.310,0.718257,  0.1,150.200,1.77e+00, 16.7, 8.8,913
4514, 87900,30052019,09032021 050511,  59, 30449.3, 10.243,206.926,0.434119,  0.6,320.875,2.24e+00, 15.2,36.7, - 
4515, 87901,04062019,08032021 193011,   2, 30422.5, 11.367,210.908,0.513422,  0.5,329.810,1.78e-01, 16.9, 0.1,  7
4516, 87902,17072019,09032021 001706, 134, 30436.0,  9.563,225.886,0.355196,  0.5,304.141,2.39e+00, 15.7,81.6, - 
4517, 87903,28082019,08032021 202659, 553, 30474.9,  9.707,231.928,0.397675,  0.4,298.029,4.27e+00, 17.8,34.5, - 
4518, 87904,21092020,09032021 011145, 143, 30489.4, 12.903,282.042,0.239406,359.9,203.771,7.09e+00, 17.4,19.0, - 
4519, 88000,22082012,09032021 043416,2891, 30437.9,  8.704,  1.727,0.382946,359.2,  8.898,5.83e-01, 16.7,43.7, - 
4520, 88001,04122018,09032021 034205, 817, 30235.0,  9.809, 28.071,0.481677,359.4,  9.131,2.06e+01, 17.6, -  , - 
4521, 88002,10012019,09032021 101709, 449, 30422.1, 22.382,354.197,0.419648,359.7,140.985,3.63e-03, 17.7, 0.7,119
4522, 88100,09102012,09032021 085840, 134, 30269.0, 21.019,160.464,0.679749,  0.3, 36.287,1.95e+00, 15.8, 8.2, - 
4523, 88101,05112018,08032021 170945, 846, 30456.0, 22.785,332.692,0.419774,359.7,137.065,8.69e+00, 14.3, -  , - 
4524, 88102,11122020,09032021 004857,  33, 30484.2, 29.336,235.358,0.756649,  0.1, 60.495,3.12e+00, 14.2, 1.9,360
4525, 88300,22092019,08032021 234037,  90, 30585.5,  9.155,246.643,0.419530,  0.3,301.089,9.79e+00, 17.7,34.4, - 
4526, 88400,01042019,08032021 155011, 684, 30250.5, 14.028,351.112,0.317644,359.5,280.981,1.18e+01, 18.5,36.4, - 
4527, 88401,20062019,09032021 090953,  61, 30523.3, 10.696,231.261,0.498561,  0.4,305.282,1.12e-01, 13.9, 0.5, 77
4528, 88500,27062019,09032021 042250, 164, 30553.2, 10.521,245.827,0.441149,  0.3,280.618,8.32e-01, 16.3, 5.5, - 
4529, 88600,22112020,08032021 223845,  73, 27431.9, 11.117,215.924,0.415075,  0.5,335.327,3.33e-01, 18.2, 0.5, 84
4530, 88700,14072019,08032021 223220, 150, 30627.9, 10.426,242.548,0.445359,  0.3,289.283,1.00e+00, 16.1,16.7, - 
4531, 88701,27102019,09032021 000651, 494, 30607.3, 19.267,106.591,0.724075,  0.1,179.703,1.37e+01, 18.1, -  , - 
4532, 88702,27102019,08032021 155720, 491, 30627.8,  9.844,248.322,0.372619,  0.3,271.306,2.39e+01, 17.9, -  , - 
4533, 88800,21092017,09032021 025223,   1, 29756.6, 12.466,248.749,0.360868,  0.2, 65.581,2.63e+01, 16.9, 0.2, 45
4534, 88802,12022021,09032021 072631,   1, 30640.7,  2.404,114.297,0.591737,  1.2,212.801,1.30e+01, 17.4, 0.6, 88
4535, 89000,19062013,09032021 013027,1619, 30664.1, 16.666, 37.856,0.218148,359.7, 20.335,2.74e+01, 18.1, -  , - 
4536, 89001,06092018,09032021 000211, 509, 30671.1, 22.409,355.106,0.424945,359.7,138.944,1.91e-01, 16.8,11.1, - 
4537, 89002,14092018,09032021 030616, 901, 30733.5, 22.304,346.147,0.399512,359.7,134.166,6.03e+00, 18.4, -  , - 
4538, 89200,23062020,09032021 011422,  19, 30704.3,  9.777,233.489,0.463200,  0.4,297.948,2.85e+00, 15.3, 4.2,903
4539, 89300,04052019,08032021 141353, 392, 30704.8,  9.234,232.856,0.470736,  0.4,301.324,2.40e+00, 15.7,79.4, - 
4540, 89400,14082019,09032021 012137,  64, 30790.1, 10.445,244.116,0.455399,  0.3,288.040,8.84e-01, 16.3,16.1, - 
4541, 89500,22012021,08032021 225219,   6, 30827.1, 26.234, 73.002,0.715471,359.9,141.377,3.98e+00, 12.4, 2.6,401
4542, 89600,10042018,08032021 181121,1061, 30564.0, 13.516,328.652,0.167203,359.6,326.540,2.89e+01, 17.8, -  , - 
4543, 89601,03112018,08032021 223115, 130, 30810.9, 22.357,350.752,0.441249,359.7,143.510,2.46e-01, 15.0, 3.5,714
4544, 89700,03072019,08032021 153017, 516, 30839.2,  9.693,267.612,0.356645,  0.0,274.354,6.09e+00, 15.4, -  , - 
4545, 89701,26082019,08032021 141306, 178, 30772.0, 11.829,232.611,0.622974,  0.3,304.913,2.28e+00, 17.7,94.8, - 
4546, 89800,23082019,08032021 164624, 111, 31032.5,  9.961,245.944,0.380506,  0.3,287.482,8.85e+00, 16.4,83.9, - 
4547, 89801,25102020,08032021 134048,  19, 30866.5,  7.608,246.528,0.420045,  0.3,285.658,9.40e+00, 16.2, 5.6, - 
4548, 89900,10092018,09032021 030159, 231, 30862.2, 55.752,143.023,0.109752,  0.1, 70.175,6.42e+00, 16.0, -  , - 
4549, 89901,14052019,09032021 090910, 178, 30883.8, 10.640,237.399,0.434668,  0.3,305.239,2.98e-01, 15.0, 1.2, 93
4550, 89902,20102019,09032021 061629, 500, 30868.3, 10.171,266.759,0.443451,  0.0,272.235,1.11e+00, 17.1,54.1, - 
4551, 89903,15022020,08032021 204716, 385, 30848.5, 10.176,268.356,0.429933,  0.0,266.831,7.31e+00, 16.8, -  , - 
4552, 90100,22112019,08032021 231227, 416, 30872.3,  7.050,233.134,0.435802,  0.6,300.194,9.27e+00, 16.0, -  , - 
4553, 90200,15092017,08032021 142042, 525, 30948.1,  6.554,153.967,0.344652,  0.9, 64.605,2.07e+00, 17.8,26.9, - 
4554, 90201,20072019,08032021 133302, 112, 30936.4, 11.034,217.288,0.504807,  0.5,317.025,9.05e-02, 16.5, 0.7,132
4555, 90300,13082019,09032021 030740,   1, 30976.8, 10.268,233.295,0.429491,  0.4,290.565,1.60e+00, 17.8, 0.1, 12
4556, 90301,27082019,09032021 013041, 553, 31122.3, 13.082,270.258,0.460431,  0.0,259.621,5.74e+00, 16.4, -  , - 
4557, 90400,22092019,09032021 025659, 139, 30916.0, 10.408,267.095,0.416966,  0.0,271.480,4.71e+00, 15.8, -  , - 
4558, 90500,29082019,08032021 152741, 149, 31009.5, 11.039,221.623,0.452393,  0.5,300.190,1.36e-01, 14.6, 0.7, 73
4559, 90502,13112020,08032021 235315, 112, 31013.0, 12.031,276.375,0.299098,359.9,241.876,3.52e+00, 16.4,36.6, - 
4560, 90600,01072019,08032021 183842, 123, 31037.4, 10.107,232.140,0.489295,  0.4,301.736,1.33e+00, 16.6,18.2, - 
4561, 90601,27102019,08032021 200135, 293, 31034.4,  9.953,234.418,0.485951,  0.4,299.354,4.62e-01, 17.2,10.6, - 
4562, 90700,09082016,09032021 035227, 348, 30583.4,  0.505,133.815,0.537730, 10.8,211.302,1.38e+01, 17.3, -  , - 
4563, 90701,04032019,08032021 231414, 727, 31015.5,  9.466,128.005,0.404646,  0.4,308.343,9.32e+00, 17.1,30.7, - 
4564, 90800,26082019,09032021 020610, 138, 31153.0, 10.322,223.472,0.438400,  0.5,302.639,2.23e+00, 17.9,56.6, - 
4565, 90900,01072019,08032021 154306, 124, 31111.4, 10.496,246.355,0.440892,  0.3,275.307,2.25e-01, 17.0, 2.5,419
4566, 91000,15062019,08032021 151633, 147, 31119.5, 10.471,239.554,0.484190,  0.3,288.676,1.31e-01, 17.0, 1.0, 80
4567, 91002,19042020,08032021 194551, 322, 31117.4,  5.929,  2.712,0.377565,358.9, 62.850,2.25e+00, 17.9, -  , - 
4568, 91100,30072019,09032021 021727,  65, 31150.3, 10.148,252.418,0.443026,  0.2,277.311,2.30e+00, 16.8,15.1, - 
4569, 91200,23052006,09032021 102809,2191, 31183.2,  9.374,265.610,0.400416,  0.1, 72.505,3.07e+01, 16.5, -  , - 
4570, 91201,11052019,08032021 120112, 270, 31181.9,  8.813,259.214,0.346417,  0.1,277.177,8.10e+00, 16.1,60.2, - 
4571, 91300,01052019,08032021 202249,  16, 31318.1, 10.973,216.560,0.456389,  0.5,322.726,3.00e+00, 13.8,12.0, - 
4572, 91400,12082019,09032021 080323, 323, 31222.3,  8.753,269.500,0.322960,  0.0,237.192,4.41e-01, 18.0, 1.4,272
4573, 91500,28112019,08032021 202851,  36, 31147.1, 10.241,266.118,0.367602,  0.0,256.788,8.86e+00, 16.4, 5.3, - 
4574, 91600,15082019,09032021 063800, 497, 31271.5, 10.888,223.662,0.455748,  0.4,297.554,2.18e-01, 17.1, 8.0, - 
4575, 92100,16072019,08032021 122154,   5, 31380.4, 10.447,239.276,0.489143,  0.3,287.672,4.19e-02, 16.5, 0.1,  8
4576, 92200,01062008,09032021 075316,4654, 31411.2,  7.958, 76.109,0.353639,359.8,229.984,3.86e+00, 19.6, -  , - 
4577, 92301,15102019,08032021 192428,  80, 31504.8,  8.387,239.766,0.403895,  0.4,282.679,2.90e+00, 16.7,32.9, - 
4578, 92302,19012020,08032021 231124, 355, 31429.0,  7.661, 79.328,0.338739,359.8,228.201,3.93e+00, 17.7,14.2, - 
4579, 92400,08122016,08032021 235854,   0, 42166.3,  0.228, 97.412,0.000129, 57.4, 12.975,9.53e-03, 11.7, 0.1,  1
4580, 92401,15082018,09032021 082622, 815, 31431.3,  6.030,101.681,0.301656,  0.2,162.399,5.07e+00, 18.2,78.2, - 
4581, 92500,02102018,08032021 205234, 850, 31483.6, 22.850,  6.204,0.244659,359.7, 75.064,9.32e+00, 16.2, -  , - 
4582, 92501,29082020,09032021 064634, 191, 31568.6, 13.203,294.428,0.142519,359.8,212.361,1.18e+01, 17.3, -  , - 
4583, 92600,14092018,09032021 034854, 731, 31481.8, 22.538,  0.886,0.418334,359.7,125.310,1.15e+00, 17.4, -  , - 
4584, 92800,20102019,08032021 182230, 413, 31595.1,  9.229,241.208,0.439668,  0.3,286.384,8.56e+00, 15.8, -  , - 
4585, 92900,31072019,09032021 043202, 500, 31583.7, 11.784,207.289,0.484344,  0.5,319.920,1.53e+00, 17.5, 7.8, - 
4586, 93000,25032018,08032021 231508,1064, 31627.6,  1.377,259.438,0.293044,  0.8,224.139,7.67e+00, 18.1,36.9, - 
4587, 93001,26082019,08032021 215334, 114, 31629.8, 10.867,216.983,0.479026,  0.5,312.281,1.82e+00, 17.4,19.3, - 
4588, 93002,30082019,08032021 133210,  65, 31578.6, 10.517,232.878,0.521637,  0.4,300.895,2.07e-01, 14.9, 1.0,186
4589, 93100,10092018,09032021 123943, 313, 31664.1, 22.517,357.461,0.399149,359.7,127.921,1.71e+00, 16.0,74.4, - 
4590, 93101,12112018,08032021 235329, 114, 31643.6, 22.530,357.732,0.418732,359.7,120.159,1.29e+00, 16.2,41.0, - 
4591, 93200,26032017,08032021 221931,1356, 31619.9, 19.619,310.950,0.585674,359.8,162.775,2.58e+00, 17.1, -  , - 
4592, 93201,28042017,09032021 002805,1058, 31702.4, 12.326,351.791,0.069254,359.5,151.350,1.43e+01, 18.0, -  , - 
4593, 93202,22092019,08032021 214337, 172, 31652.5,  5.363,180.578,0.167790,  1.2,336.485,7.93e+00, 17.8, 8.7, - 
4594, 93300,15042018,09032021 011038, 679, 31647.9,  7.329,276.461,0.325688,359.9,165.476,1.07e+00, 18.2, 6.7, - 
4595, 93302,28082019,08032021 161922, 134, 31649.2, 10.618,228.611,0.483581,  0.4,296.221,1.49e+00, 17.2,20.6, - 
4596, 93400,29062020,08032021 110059, 166, 31399.2, 15.999,183.150,0.770033,  0.4,353.874,7.48e+00, 16.4, -  , - 
4597, 93500,14092018,08032021 205833, 707, 31681.2, 22.620,355.167,0.470280,359.7,131.618,3.24e-01, 15.7,24.1, - 
4598, 93501,07102020,09032021 071559,  83, 31731.4,  9.774,187.864,0.594214,  0.7, 54.904,7.96e+00, 17.5,11.8, - 
4599, 93502,09102020,09032021 090802,  84, 31709.5,  8.997,240.952,0.407902,  0.4,285.694,6.11e+00, 17.2,54.3, - 
4600, 93600,07092018,09032021 055446, 818, 31730.4, 22.972, 10.351,0.365990,359.7,103.776,1.76e+00, 17.6,17.4, - 
4601, 93700,03092018,08032021 195553, 389, 31725.3, 22.881,  8.000,0.404482,359.7,118.013,2.24e-01, 15.5, 9.4, - 
4602, 93800,23122009,09032021 004437,   6, 31754.1,  7.878,276.203,0.339535,359.9,163.287,1.49e+00, 17.0, 0.1, 14
4603, 93801,18092018,09032021 002146, 296, 31744.9, 22.711,  4.987,0.426024,359.7,121.095,2.48e-01, 16.8, 2.5,511
4604, 93802,21092019,08032021 233933, 504, 31760.1,  9.985,242.210,0.423599,  0.3,275.035,1.52e+00, 17.7, -  , - 
4605, 93900,07082019,09032021 092430, 532, 31912.2,  4.898,251.503,0.124797,  0.4,213.874,1.15e+01, 17.7, -  , - 
4606, 93901,26092019,08032021 163536, 146, 31801.1, 10.904,218.982,0.462882,  0.5,303.048,5.54e-01, 17.5, 5.5, - 
4607, 94000,02102018,09032021 034926, 885, 31848.6, 22.834,  5.300,0.302384,359.7, 80.893,5.61e+00, 18.1,23.7, - 
4608, 94100,26082019,08032021 214224, 498, 31842.1, 10.431,237.007,0.525641,  0.3,295.717,2.30e-01, 16.7, 1.6,297
4609, 94101,05112019,08032021 200558, 205, 31821.8, 10.454,236.373,0.525725,  0.4,296.732,1.71e-01, 17.4, 4.5,889
4610, 94500,29072019,09032021 060343, 561, 31965.3,  9.976,249.073,0.404929,  0.2,267.540,2.78e+00, 17.3,90.1, - 
4611, 94501,26082019,08032021 104520, 519, 31932.0, 11.262,235.584,0.597410,  0.3,299.846,3.75e+00, 17.3, -  , - 
4612, 94600,22092019,08032021 205646, 529, 31858.7, 10.679, 83.905,0.588177,359.9,304.784,3.71e+01, 17.4, -  , - 
4613, 94601,14102019,08032021 202650, 139, 31950.6,  9.958,244.963,0.479696,  0.3,275.866,2.42e+00, 16.7,53.1, - 
4614, 94800,23082019,08032021 182156,   0, 31995.3, 10.217,238.765,0.480027,  0.3,281.900,3.79e-01, 16.6, 0.1, 11
4615, 94801,27102019,09032021 024320, 491, 31987.6, 10.391,264.108,0.367054,  0.1,245.836,9.63e+00, 17.3, -  , - 
4616, 94900,20102019,08032021 194108, 489, 32012.6, 10.474,255.936,0.337964,  0.2,254.359,1.25e+01, 17.4, -  , - 
4617, 94901,10012020,08032021 230523, 419, 31977.6, 11.830,263.679,0.483482,  0.1,291.587,6.17e+00, 15.5,75.1, - 
4618, 95100,22022018,09032021 050125,1108, 32046.6,  8.677,272.467,0.250913,360.0,133.227,7.63e+00, 18.8,69.4, - 
4619, 95101,03112019,08032021 204951,  82, 32084.5, 10.223,252.280,0.433582,  0.2,264.341,4.23e+00, 17.0,44.9, - 
4620, 95200,21102019,08032021 180610, 410, 32070.9, 10.264,222.598,0.431003,  0.5,296.398,2.96e+00, 18.4,50.2, - 
4621, 95300,23032018,08032021 192904,1040, 32101.9,  2.522,284.867,0.316936,359.4,195.527,6.32e+00, 16.9,55.8, - 
4622, 95400,18082020,09032021 024127, 200, 32103.7,  5.110,111.202,0.212326,  0.5,117.400,6.97e+00, 18.4, -  , - 
4623, 95500,28042017,09032021 132044, 273, 32031.1,  5.590,358.754,0.364604,358.8, 38.258,2.20e+00, 15.5,23.7, - 
4624, 95501,26082019,08032021 132433, 498, 32295.1, 13.385,238.514,0.662632,  0.3,327.416,4.49e+00, 16.8, -  , - 
4625, 95600,16032012,08032021 233134,3085, 32085.1, 22.122,301.535,0.344431,359.8, 13.891,2.56e+01, 16.8, -  , - 
4626, 95601,02112018,09032021 133236, 845, 32214.0, 22.836,  0.380,0.413924,359.7,106.523,4.68e+00, 16.9, -  , - 
4627, 95700,07092018,08032021 155851, 829, 32177.0, 22.826, 12.714,0.367354,359.7,102.782,4.80e-01, 18.0,66.3, - 
4628, 95701,27072019,09032021 020716,   1, 32185.3, 10.936,219.641,0.502158,  0.5,303.304,1.37e-01, 16.2, 0.1,  6
4629, 95800,07092018,08032021 205840, 732, 32244.8, 22.564,  3.474,0.379589,359.7,103.020,4.27e+00, 18.2,26.3, - 
4630, 95801,14062019,08032021 162050, 141, 32363.1, 10.023,252.725,0.547273,  0.2,246.728,6.46e+00, 15.9,52.0, - 
4631, 95900,07092016,08032021 174540, 173, 32210.8,  6.443,152.146,0.351783,  0.9,130.857,9.44e-01, 17.0, 8.8, - 
4632, 96000,26082019,09032021 022944,   3, 32304.7,  9.613,238.337,0.498608,  0.4,290.773,2.15e+00, 16.6, 0.2, 23
4633, 96200,03062019,09032021 004308, 610, 32484.0,  3.745,293.616,0.274558,359.3,263.618,1.18e+01, 15.7, -  , - 
4634, 96300,12072010,08032021 153907,3870, 32048.5,  9.936,324.307,0.418800,359.5,349.001,1.72e+01, 15.2, -  , - 
4635, 96301,11042015,09032021 124229,1082, 32377.7, 11.374,201.267,0.706237,  0.5, 33.170,5.23e+00, 14.6, -  , - 
4636, 96400,26082012,09032021 082237, 476, 32372.3,  3.724,161.901,0.313636,  1.7,106.725,1.31e+01, 17.0, -  , - 
4637, 96402,28112016,09032021 030201,  22, 32321.3,  2.841,214.063,0.307177,  1.9,134.113,3.06e+00, 17.5, 3.5,720
4638, 96500,29082019,08032021 210412,  32, 32376.8,  9.103,244.852,0.422614,  0.3,280.579,7.35e+00, 14.2, 8.9, - 
4639, 96502,23102019,08032021 224005, 482, 32358.9,  2.045,226.277,0.343150,  2.2,261.973,1.39e+01, 16.5, -  , - 
4640, 96503,09102020,09032021 091658,  58, 32390.3,  8.844,251.900,0.406549,  0.2,267.160,8.68e+00, 16.6,26.7, - 
4641, 96600,11052019,08032021 170938, 133, 32355.5,  9.546,230.920,0.535657,  0.4,296.885,3.98e+00, 15.6, -  , - 
4642, 96702,16112019,08032021 194356, 434, 32364.9,  7.848,244.627,0.437016,  0.4,271.547,9.80e+00, 16.2,59.9, - 
4643, 96703,24032020,09032021 044548,  43, 32380.4,  3.002,130.995,0.320389,  1.5,132.432,1.21e+01, 17.0,21.0, - 
4644, 96704,24082020,08032021 205239, 165, 32406.8,  6.606,201.966,0.305014,  0.9, 42.439,9.16e-01, 17.6, 1.0,211
4645, 96800,18032018,08032021 234640,1084, 32442.5,  6.984,290.947,0.349268,359.7,127.730,2.63e+00, 17.3,14.6, - 
4646, 96801,03092018,09032021 071234, 902, 32454.5, 23.579,  3.297,0.347338,359.7, 53.075,3.94e+00, 17.0, -  , - 
4647, 96802,12062019,08032021 155901, 120, 32453.7, 10.117,244.695,0.488130,  0.3,278.190,1.20e+00, 15.9,12.3, - 
4648, 97000,05092016,09032021 025322,1627, 32737.2, 20.265, 25.778,0.116437,359.7,139.882,2.70e+01, 17.2, -  , - 
4649, 97100,02112015,08032021 175642,1929, 42193.2, 20.695, 26.058,0.394433,359.7,359.815,1.21e+01, 13.8, -  , - 
4650, 97101,09022016,09032021 002218,1468, 34498.8, 12.887, 24.252,0.635650,359.5,341.338,5.07e+01, 16.9, -  , - 
4651, 97201,03092018,08032021 153450, 877, 32526.6, 22.147,344.517,0.554765,359.7,151.950,1.04e+00, 17.5, -  , - 
4652, 97202,08092018,09032021 022927, 889, 32541.5, 23.090,  6.329,0.293813,359.7, 61.091,7.56e+00, 18.7, -  , - 
4653, 97203,28102018,09032021 042016, 824, 32623.1, 22.732,349.633,0.487201,359.7,132.019,2.20e+00, 16.9, -  , - 
4654, 97204,25082019,08032021 232037,  60, 32511.0, 10.879,222.110,0.480978,  0.5,293.614,8.28e-02, 17.3, 0.2, 45
4655, 97205,24082020,09032021 052018, 173, 32359.3, 31.734,139.837,0.705764,  0.2, 27.478,1.85e+01, 16.8,89.3, - 
4656, 97300,25122011,08032021 113006,   1, 32709.1,  6.437, 90.931,0.150591,  0.0,257.632,1.29e+01, 16.2, 0.2, 46
4657, 97501,08092018,08032021 155557, 813, 32569.0, 22.544,  6.698,0.407952,359.7,112.423,1.64e+00, 17.4, -  , - 
4658, 97502,26082019,08032021 193439, 553, 32670.6,  8.389,232.635,0.308810,  0.5,279.136,1.18e+01, 18.0, -  , - 
4659, 97503,14012021,09032021 055105,  50, 32576.5,  5.239, 36.482,0.167546,359.0,261.608,6.72e-01, 17.4, 0.2, 32
4660, 97600,22102008,08032021 173448, 194, 32584.2,  5.149, 11.077,0.306053,358.7,350.834,2.80e-01, 16.4, 4.6,920
4661, 97800,26082019,08032021 134402,  31, 32646.9, 10.279,232.121,0.534345,  0.4,298.642,5.67e-01, 16.3, 1.3,255
4662, 97900,05022011,09032021 043205,3680, 32052.8, 22.222,296.602,0.751536,359.9, 51.609,3.63e+01, 17.0, -  , - 
4663, 97901,22082019,09032021 064057, 397, 32688.3, 10.052,237.852,0.484637,  0.4,278.245,3.48e-01, 17.3, 7.7, - 
4664, 98000,11062019,09032021 015322,  35, 32673.6, 10.223,267.243,0.378331,  0.0,239.681,6.38e+00, 14.8,16.4, - 
4665, 98001,21092019,08032021 213144,  64, 32882.6, 10.437,257.934,0.395668,  0.1,262.013,5.92e+00, 15.8,23.8, - 
4666, 98100,26062019,09032021 013810, 610, 32952.8, 22.232,  9.352,0.364798,359.7, 57.680,1.27e+01, 14.7, -  , - 
4667, 98101,29082019,08032021 214516, 553, 32794.7, 10.936,198.309,0.314279,  0.6,305.714,8.39e+00, 17.7,26.9, - 
4668, 98102,23092019,08032021 213149, 474, 32749.7,  8.758,240.532,0.467579,  0.4,290.022,4.86e+00, 17.2,34.8, - 
4669, 98104,19112019,08032021 131000, 462, 32701.0,  9.440,261.763,0.415512,  0.1,249.560,5.59e+00, 17.0,78.2, - 
4670, 98200,19042020,08032021 210056, 320, 32724.5,  3.394, 93.165,0.282944,  0.1,251.736,1.50e+01, 18.2, -  , - 
4671, 98300,16122017,08032021 135507,1023, 32984.0, 25.978,  6.706,0.293012,359.7, 46.168,2.73e+01, 17.3, -  , - 
4672, 98400,23042019,09032021 050337, 683, 33647.3, 20.544,341.709,0.432544,359.7,120.616,1.65e+01, 15.8, -  , - 
4673, 98500,28082019,08032021 125342, 460, 32927.8,  8.397,253.610,0.390550,  0.2,243.162,5.78e+00, 16.0, -  , - 
4674, 98600,20012008,09032021 115410,   1, 32821.4,  7.005,234.666,0.302993,  0.5,332.072,6.35e-01, 15.9, 0.1,  5
4675, 98700,06102015,09032021 072814, 824, 33002.1,  3.276,151.230,0.439384,  1.8,184.530,1.10e+01, 18.1, -  , - 
4676, 98800,12082016,08032021 183839, 458, 32898.7,  6.935,254.806,0.259303,  0.3,269.339,2.74e+00, 17.9, 5.9, - 
4677, 98801,27092016,08032021 214206,   7, 32877.6,  7.185,227.349,0.323795,  0.6,345.708,6.54e-02, 17.8, 0.1,  3
4678, 98900,07092016,09032021 045850,   3, 33045.0,  6.940,236.217,0.242668,  0.5,323.992,2.66e+00, 17.5, 0.2, 23
4679, 98901,17122017,09032021 012449,1175, 32805.8,  2.494, 92.900,0.591699,  0.1,255.940,4.93e+01, 18.0, -  , - 
4680, 98902,09032018,09032021 054833, 678, 32902.0,  2.344,171.342,0.291474,  2.8,241.497,7.54e+00, 17.7, -  , - 
4681, 98905,21092020,08032021 145737,  12, 32904.2,  2.384,168.796,0.269847,  2.8,235.752,6.72e+00, 17.4, 4.5,925
4682, 99000,26062019,08032021 211852, 570, 33055.7, 23.036,  3.632,0.422370,359.7,101.494,8.39e+00, 15.9, -  , - 
4683, 99300,24122016,08032021 224725, 521, 32743.8, 14.545,149.595,0.008534,  0.4,142.665,1.82e+01, 16.6, -  , - 
4684, 99500,03082016,08032021 140601, 583, 33023.3,  6.841,248.353,0.303228,  0.4,305.047,1.72e-01, 18.1,11.5, - 
4685, 99700,19092015,09032021 050004, 137, 33075.4,  6.401,250.416,0.297426,  0.3,297.605,2.42e-01, 16.4, 0.9,168
4686, 99800,26082016,09032021 002551,  83, 33105.1,  7.171,261.020,0.296116,  0.1,276.552,6.06e-01, 16.8, 1.1,192
4687, 99801,09092018,08032021 154528, 219, 33055.5,  5.745, 45.032,0.374203,359.2,196.038,6.22e+00, 17.4,29.4, - 
4688, 99802,26082019,09032021 033905, 179, 33215.9,  8.144,242.957,0.481926,  0.4,279.385,1.08e+01, 14.8, -  , - 
4689,100000,07032010,09032021 103014,   1, 33138.7,  7.496,261.003,0.302229,  0.1,275.843,2.15e-01, 16.4, 0.1,  7
4690,100001,25102016,09032021 084504,1137, 33097.3,  4.937, 42.485,0.379448,359.0,200.441,6.43e+00, 17.3,97.9, - 
4691,100002,03112018,09032021 071631, 797, 33134.3,  8.853,270.436,0.283969,360.0,163.536,8.08e+00, 18.0,78.5, - 
4692,100003,20102019,08032021 151708,  48, 33146.7,  9.611,256.797,0.399168,  0.2,260.820,7.74e+00, 16.3, 6.2, - 
4693,100100,27042019,08032021 214354, 647, 33248.0,  5.893,250.822,0.397012,  0.4,278.841,9.39e+00, 13.3, -  , - 
4694,100101,20012020,09032021 110800, 384, 33571.9, 18.372, 15.075,0.353017,359.6,286.386,3.07e+01, 17.4,54.6, - 
4695,100200,24032006,08032021 184911,   0, 33124.8,  6.512,248.318,0.245293,  0.4,267.734,3.91e+00, 16.3, 0.1,  9
4696,100300,29032009,09032021 015952,   4, 33189.3,  6.936,263.915,0.254058,  0.1,241.431,3.61e+00, 15.5, 0.1, 15
4697,100301,22072015,09032021 072742, 114, 33165.4,  7.636,265.916,0.298343,  0.1,264.544,1.88e+00, 18.0,23.5, - 
4698,100302,06112016,09032021 021836,1568, 33474.4, 35.697,355.923,0.363205,359.8,239.671,1.90e+01, 14.6, -  , - 
4699,100401,16092017,09032021 084108,1113, 33271.2,  2.712,240.099,0.255026,  1.2,306.289,5.60e+00, 18.5,99.5, - 
4700,100600,01042016,09032021 134010, 562, 33444.5, 22.719,352.291,0.508699,359.7,114.890,4.26e+00, 18.1, -  , - 
4701,100700,02102018,08032021 214324, 841, 33278.8, 22.815, 11.501,0.268697,359.7, 61.743,5.94e+00, 17.0, -  , - 
4702,100800,23052018,08032021 202011,1015, 33341.0,  3.212,307.436,0.259297,358.8,153.132,4.35e+00, 18.3,22.2, - 
4703,100901,29102019,08032021 203056,  64, 33527.8, 37.859,335.326,0.285279,359.8,232.739,1.82e+01, 15.2,87.1, - 
4704,101000,21042009,09032021 041939,  13, 33336.4,  7.597,279.329,0.300861,359.9,237.975,1.08e-02, 16.0, 0.1,  5
4705,101001,12032018,08032021 224803, 726, 33358.0,  2.229,206.336,0.268314,  2.6,241.254,6.85e+00, 18.5,26.5, - 
4706,101100,18092019,08032021 180054, 139, 33524.7,  9.833,214.117,0.367343,  0.6,299.699,1.07e+01, 15.4,36.0, - 
4707,101300,11092018,09032021 082319, 839, 33419.2, 22.634, 12.197,0.257758,359.7, 63.988,5.90e+00, 16.0, -  , - 
4708,101400,18022018,09032021 043732,1110, 33405.2, 28.222, 51.387,0.679258,359.8,309.572,6.37e+01, 17.9, -  , - 
4709,101500,19072017,09032021 044638,1140, 33476.0, 32.651, 12.123,0.459757,359.8,244.764,2.54e+01, 15.8, -  , - 
4710,101800,04112012,09032021 010230,   1, 33545.9, 16.529,358.393,0.276103,359.6,259.683,1.00e-02, 13.5, 0.1,  1
4711,101801,02092018,08032021 235619, 909, 33661.8, 22.685,358.349,0.440425,359.7, 97.531,6.58e+00, 18.4,59.6, - 
4712,101802,08042019,08032021 165637, 302, 33501.6, 25.925,201.006,0.609431,  0.2,262.974,3.72e+00, 13.5,63.5, - 
4713,101900,07062015,08032021 195625, 299, 33551.3,  9.255,302.150,0.290431,359.6,187.223,1.20e-01, 15.8, 7.0, - 
4714,101901,04092018,09032021 021716, 820, 33600.9, 22.577,359.921,0.465013,359.7,114.086,2.13e+00, 17.9,37.8, - 
4715,101902,25102019,09032021 033049, 497, 33554.1,  8.383,299.833,0.295427,359.6,193.440,2.53e-01, 17.6, 2.1,256
4716,102200,07102019,09032021 065710, 261, 33599.9,  4.580,106.009,0.308010,  0.4,  7.918,6.61e+00, 17.4,19.0, - 
4717,102300,06092018,09032021 135026, 913, 33806.0, 22.827,358.633,0.450481,359.7, 90.263,1.54e+01, 16.5, -  , - 
4718,102301,28082019,09032021 020449, 143, 33674.7,  9.916,222.724,0.298244,  0.5,282.982,5.95e+00, 18.6,36.0, - 
4719,102400,12092018,08032021 180715, 576, 33694.5, 22.401,359.060,0.460638,359.7,104.499,4.18e+00, 17.9,85.6, - 
4720,102600,22112019,08032021 211616,  78, 33700.1,  0.962,195.329,0.262841,  6.5, 63.695,2.64e-01, 17.5, 0.2, 43
4721,102800,29052013,09032021 101550,1040, 33744.9,  9.702,315.746,0.287665,359.5,158.843,3.16e-01, 16.8,11.6, - 
4722,102801,16052018,09032021 005815, 956, 33776.5,  7.898, 15.247,0.194899,359.2, 56.441,3.86e+00, 16.6,17.4, - 
4723,102900,22102019,09032021 145305, 407, 33770.9, 22.976, 13.818,0.411263,359.7, 93.665,7.87e-01, 16.4,54.4, - 
4724,103000,21092019,09032021 062123, 531, 33812.8,  7.063,259.040,0.064006,  0.2,304.999,1.32e+01, 17.8, -  , - 
4725,103100,06102020,08032021 210530,   1, 31485.6, 26.953, 24.810,0.358643,359.8,  3.336,1.99e+01, 13.3, 0.1, 25
4726,103200,12082019,08032021 115653,   4, 33859.7, 10.628,223.499,0.495341,  0.5,286.534,5.71e-01, 17.4, 0.1, 26
4727,103300,20042017,08032021 232947, 302, 33952.6,  8.578,324.742,0.274124,359.4,130.805,2.58e-01, 16.2,22.6, - 
4728,103301,14082019,08032021 204405,   2, 33855.8,  3.075, 25.611,0.081589,358.0,288.204,2.11e+01, 16.1, 0.4, 87
4729,103400,01082019,08032021 084109,  38, 33891.9,  9.556,252.606,0.530253,  0.2,266.179,1.29e+00, 16.1, 5.0, - 
4730,103401,17012020,08032021 184532, 313, 33874.9, 21.188, 55.593,0.169476,359.8, 20.982,3.40e+01, 17.2,51.1, - 
4731,103500,01112019,09032021 001352, 492, 33890.2, 21.494, 55.072,0.171926,359.8, 20.630,1.96e+01, 17.4, -  , - 
4732,103900,10042018,09032021 023938, 200, 34140.4,  4.041,266.962,0.234522,  0.1,184.058,2.68e+00, 18.3,32.4, - 
4733,103901,10092018,09032021 102556, 819, 34015.9, 22.745, 10.875,0.374132,359.7, 86.236,2.72e+00, 17.0,86.8, - 
4734,104100,22122016,08032021 205501,1081, 34295.0, 15.978, 37.695,0.406389,359.7,280.953,2.57e+01, 17.7, -  , - 
4735,104101,29032017,09032021 082747, 108, 33913.4, 31.345,324.282,0.439086,359.8, 99.145,1.33e+01, 17.0,76.3, - 
4736,104200,21082019,08032021 232615, 523, 34177.4, 25.458,  9.659,0.490518,359.7, 47.346,5.19e+00, 14.4, -  , - 
4737,104300,22122017,09032021 062240,1169, 34523.0, 17.133,285.281,0.387803,359.9, 86.447,4.74e+01, 17.9, -  , - 
4738,104301,28112019,09032021 032816, 366, 34060.2, 11.608,227.601,0.434285,  0.4,261.699,2.24e+00, 15.3,94.8, - 
4739,104400,11072013,09032021 081122,   0, 34105.4, 17.192, 12.234,0.255517,359.6,229.779,9.39e-03, 11.3, 0.1,  1
4740,104401,30122016,09032021 102526, 638, 34162.7, 21.272,359.477,0.372755,359.7,100.570,7.83e+00, 15.1, -  , - 
4741,104600,07092018,09032021 051805, 849, 34183.6, 23.364, 11.950,0.366121,359.7, 81.840,3.09e+00, 16.2, -  , - 
4742,104601,02112018,08032021 195508, 835, 34201.0, 23.530, 13.081,0.364161,359.7, 57.843,5.25e+00, 15.6, -  , - 
4743,104700,30092019,08032021 144301, 137, 34739.8,  8.429,266.843,0.431251,  0.0,237.372,7.60e+00, 16.8, -  , - 
4744,105001,06122018,09032021 083756, 729, 34176.3, 32.382,323.705,0.543182,359.8, 17.686,6.25e+01, 16.8, -  , - 
4745,105002,23012020,08032021 234250,  33, 34249.3,  5.992,331.816,0.360371,359.0,351.774,5.07e+00, 16.7, 4.7,915
4746,105100,06022008,09032021 003238,   3, 34262.3,  3.351,276.737,0.233417,359.8,296.500,1.16e-02, 14.5, 0.1,  1
4747,105101,22072015,08032021 222218,1149, 34213.1,  6.990, 11.832,0.287967,359.1,267.206,5.75e+00, 17.9, -  , - 
4748,105102,31082016,08032021 224623, 623, 33782.2,  5.522,291.309,0.086070,359.6,230.312,1.94e+01, 16.3, -  , - 
4749,105103,01072019,09032021 031242, 254, 34183.8,  9.027,236.947,0.562049,  0.4,286.035,2.80e+00, 15.4, -  , - 
4750,105104,23092019,08032021 110854,  15, 34299.0,  9.418,234.221,0.564960,  0.4,294.632,1.89e+00, 17.5, 0.9, 65
4751,105200,29052019,08032021 204605, 589, 34447.3,  2.813,246.138,0.287397,  0.9,273.502,8.34e+00, 15.3, -  , - 
4752,105300,09112020,09032021 034128, 114, 34286.2,  9.991,265.481,0.394961,  0.1,235.662,7.33e+00, 16.1,34.5, - 
4753,105600,30072019,09032021 034142, 450, 34476.9,  8.791,236.379,0.537673,  0.4,294.233,5.03e+00, 17.1,57.6, - 
4754,105900,28082019,09032021 040808, 199, 34449.3,  3.717,262.830,0.244856,  0.2,206.430,3.01e+00, 17.7,26.5, - 
4755,106000,16112017,09032021 071051,1050, 34480.4, 18.246, 86.097,0.690480,360.0,257.997,6.26e+01, 16.3, -  , - 
4756,106100,03102018,09032021 003750, 887, 34467.1, 23.089, 14.902,0.247139,359.7, 45.136,4.53e+00, 18.5, -  , - 
4757,106200,08102015,09032021 074347,  17, 34562.0, 16.833,319.967,0.171641,359.7, 24.788,1.00e+01, 17.2, 1.2,207
4758,106201,08082019,09032021 034909, 558, 34515.9,  3.613,330.018,0.219342,358.4, 94.504,1.27e+01, 16.7, -  , - 
4759,106202,08082020,09032021 102315,  92, 34708.2,  1.060,325.937,0.560725,355.1, 61.914,2.61e+01, 17.0,10.7, - 
4760,106400,26082016,09032021 001432,   4, 34484.8, 20.540,331.106,0.307579,359.7,354.239,2.05e+01, 17.3, 3.4,675
4761,106402,29082019,08032021 141111, 530, 34525.1,  8.288,342.551,0.089466,359.2,292.226,8.11e+00, 17.7, -  , - 
4762,106500,03022020,08032021 203034,   1, 34559.3,  1.741,357.323,0.231858,356.2,340.861,9.50e+00, 17.9, 0.1, 10
4763,106501,14072020,09032021 043047, 234, 34591.0,  5.837,351.434,0.187782,358.9, 86.709,6.76e+00, 17.9, -  , - 
4764,106600,30062019,08032021 184636, 148, 34730.1,  8.669,258.303,0.364819,  0.2,258.102,5.12e+00, 16.0,92.9, - 
4765,107000,28062019,08032021 212001, 579, 34813.2, 22.847, 10.589,0.298766,359.7, 35.868,1.36e+01, 14.8, -  , - 
4766,107201,01112019,08032021 175128, 256, 34664.9, 10.056, 68.641,0.180946,359.8,276.001,3.01e+01, 17.2,41.7, - 
4767,107500,06122016,09032021 015407,1505, 34780.9, 17.853,  1.884,0.249701,359.6,319.204,8.37e+00, 18.0,58.9, - 
4768,107501,13062017,09032021 043055,1107, 34622.9,  2.756,296.553,0.230217,359.0, 42.342,7.71e+00, 18.0, -  , - 
4769,107700,24032017,09032021 012519, 383, 34785.2,  6.470,292.693,0.419624,359.6, 97.371,2.63e+01, 17.5,53.4, - 
4770,107800,19042018,09032021 044151, 177, 34854.2,  6.036,237.304,0.235560,  0.6,213.475,3.50e+00, 15.3,61.4, - 
4771,107900,09122015,08032021 211654,  46, 36011.4,  8.129,268.714,0.252940,  0.0,105.576,1.52e+01, 17.3, 4.7,756
4772,107901,11092017,09032021 013258,1050, 34915.4, 38.832, 24.963,0.423648,359.8,352.305,3.06e+01, 17.5, -  , - 
4773,108000,29062018,09032021 024615, 156, 34949.4,  3.543,257.564,0.235188,  0.4,223.166,4.93e+00, 14.6,33.1, - 
4774,108001,28082019,09032021 042903, 525, 34965.7, 10.030,220.134,0.454901,  0.5,290.855,4.07e+00, 17.5,23.2, - 
4775,108201,16042020,08032021 185255, 314, 34914.7, 22.459, 14.763,0.437983,359.7, 83.724,2.85e+00, 16.9, -  , - 
4776,108300,07012018,08032021 143241,1079, 34848.2, 13.555, 62.675,0.200013,359.8,291.875,3.04e+01, 17.3, -  , - 
4777,108301,23082020,09032021 103516,  24, 35058.3, 11.002,259.188,0.229260,  0.1,136.571,2.06e+01, 17.1, 2.4,476
4778,108600,25112016,09032021 135049, 107, 34865.4,  4.559,238.841,0.202077,  0.7, 79.355,1.27e+01, 17.9,22.5, - 
4779,108601,21042018,09032021 045644, 673, 35020.4,  5.778,233.771,0.233910,  0.7,214.226,5.61e+00, 16.1, -  , - 
4780,109000,11072016,09032021 010735,   0, 34953.3,  3.021,333.262,0.110743,358.1, 29.388,1.55e+01, 16.6, 0.3, 25
4781,109001,21022018,09032021 045239,1020, 35065.5,  8.973,256.324,0.236701,  0.2,124.686,2.05e+01, 17.4, -  , - 
4782,109002,16082018,09032021 015024, 141, 35146.8,  3.921,345.553,0.145275,358.4, 63.622,6.69e+00, 17.5,60.4, - 
4783,109100,12042018,09032021 110521, 515, 35114.1,  4.903,254.279,0.085840,  0.4,222.795,4.35e+00, 15.4, -  , - 
4784,109102,25092019,08032021 210705, 135, 35123.9,  7.617,244.905,0.513731,  0.4,269.801,2.88e+00, 16.8, -  , - 
4785,109200,25032014,09032021 060653,   3, 35277.6,  8.456,291.335,0.378025,359.7, 90.280,4.48e+00, 16.6, 0.1, 17
4786,109201,23092019,09032021 033446,  68, 35187.4,  8.837,245.268,0.511519,  0.3,273.346,4.77e+00, 14.9,31.6, - 
4787,109301,18082020,09032021 065431, 114, 35170.5,  3.605,271.681,0.247010,360.0,195.293,1.07e+00, 18.3, 1.6,312
4788,109400,10012011,09032021 042033,   3, 35381.3,  5.195,231.919,0.155099,  0.8,173.528,2.19e+01, 16.7, 0.3, 62
4789,109500,31012014,09032021 033313,   1, 35173.3,  6.835, 20.622,0.227521,359.1,315.694,2.97e+00, 17.1, 0.1, 12
4790,109600,10112013,08032021 183101,   3, 34994.7,  9.414, 81.375,0.166134,359.9,268.139,5.00e+00, 16.7, 0.3, 28
4791,109700,14052009,08032021 215354,  21, 35265.4,  8.849,359.732,0.127191,359.2,124.739,4.90e+00, 15.2, 5.9, - 
4792,109701,17092017,08032021 140206,1113, 35512.6, 21.686,326.193,0.476852,359.7, 48.044,3.26e+01, 17.3, -  , - 
4793,109801,17042018,09032021 083024, 995, 35290.4,  2.382,295.222,0.211313,358.9,181.345,6.92e+00, 18.1, -  , - 
4794,110000,26062008,09032021 003150,   2, 35203.5, 13.257, 35.354,0.267420,359.6,319.064,6.55e+00, 15.7, 0.2, 18
4795,110001,10022018,08032021 215721,   1, 30469.2, 25.290,358.188,0.782308,359.7,303.311,6.72e-03,  9.8, 0.1,  1
4796,110100,25022018,09032021 044101, 701, 35263.7, 19.682, 72.348,0.479839,359.9,283.748,3.60e+01, 17.1, -  , - 
4797,110101,14082018,09032021 003447, 907, 35351.4,  4.480,252.283,0.232508,  0.4,206.211,3.65e+00, 17.9,68.9, - 
4798,110300,11032018,09032021 084306,1089, 35370.2,  6.096, 41.948,0.153686,359.2,299.777,2.94e+00, 17.0,25.2, - 
4799,110400,02102018,08032021 195858, 888, 35405.4, 25.376,  6.929,0.536429,359.7, 27.526,1.52e+01, 18.1, -  , - 
4800,110401,04112019,08032021 134036, 475, 35170.6, 37.974, 28.836,0.589639,359.8,318.851,4.21e+01, 15.8, -  , - 
4801,110600,26062019,08032021 102112, 249, 35344.6,  9.402,249.016,0.601076,  0.3,261.808,9.61e-01, 15.9,33.3, - 
4802,110800,09022016,08032021 161333,   0, 35403.6,  7.733, 24.858,0.226501,359.2,325.977,2.56e+00, 15.1, 0.1,  8
4803,111000,13022016,09032021 065128, 310, 35519.6,  6.411, 33.976,0.219380,359.1,295.209,5.67e+00, 17.6,45.9, - 
4804,111001,26032018,09032021 072458, 666, 35529.2,  7.122,238.443,0.248998,  0.5,204.140,6.96e-01, 18.5,23.5, - 
4805,111300,19112016,09032021 044108, 496, 35800.6, 14.962, 71.480,0.520430,359.9,248.095,1.60e+01, 17.2,49.2, - 
4806,111301,28092019,09032021 084525,  65, 35373.5, 18.807,  6.671,0.030350,359.6,304.948,9.84e+00, 16.5, 4.7,850
4807,111501,27022016,08032021 145653,1136, 39110.7, 27.916,348.895,0.290715,359.8,317.661,3.21e+01, 17.0, -  , - 
4808,111502,18082020,08032021 211154,   0, 35679.8,  7.973,189.568,0.643884,  0.8,172.010,3.79e+01, 16.9, 0.4, 43
4809,111600,19112017,08032021 210219,1168, 35973.2, 18.845,284.945,0.382598,359.9,129.598,2.36e+01, 17.5, -  , - 
4810,111601,11012020,09032021 121319, 402, 35634.2, 21.572, 14.328,0.363223,359.7, 85.726,9.10e-01, 12.8,56.5, - 
4811,111700,08112018,09032021 004147, 851, 35678.9, 22.153, 18.236,0.363329,359.7, 75.343,8.12e-01, 18.1, -  , - 
4812,111701,20102019,08032021 201008, 430, 35645.5, 17.186,222.297,0.390095,  0.3,136.485,1.55e+01, 16.4,30.7, - 
4813,111800,09102007,09032021 025937,4750, 35686.6, 12.737, 26.297,0.267564,359.5,312.733,7.68e+00, 18.1, -  , - 
4814,111801,17082013,09032021 101641,2528, 35756.2, 14.155,283.692,0.331026,359.9, 10.254,3.91e+01, 16.1, -  , - 
4815,111802,25032018,09032021 072447, 669, 35727.7,  5.830,239.136,0.261832,  0.6,202.158,3.04e+00, 17.3,86.8, - 
4816,111900,12052017,09032021 015806,1382, 35703.0,  7.820, 74.791,0.207660,359.8,307.207,4.32e+00, 18.2,46.1, - 
4817,112000,24112016,09032021 001743, 671, 36054.4, 10.740, 46.515,0.356250,359.6, 62.073,2.29e+01, 16.6, -  , - 
4818,112300,17042020,08032021 203708, 107, 35788.9,  3.612, 53.429,0.174581,358.9,314.530,7.21e-02, 17.5, 0.1, 10
4819,112400,25042020,08032021 183328, 314, 35840.7, 22.036, 38.891,0.263838,359.8, 19.677,2.33e+01, 16.4,36.2, - 
4820,112500,21092019,08032021 211300, 523, 35851.9,  9.091,251.591,0.525985,  0.2,255.085,1.07e+00, 17.1, -  , - 
4821,112600,17032010,08032021 235620,3444, 35190.6, 41.653,353.272,0.344413,359.8,  8.167,5.12e+01, 15.6, -  , - 
4822,112601,19102019,08032021 161755, 138, 35855.3,  8.815,252.361,0.490406,  0.2,253.554,1.38e+00, 16.9,19.7, - 
4823,112800,07112016,08032021 205211,1493, 35855.6, 24.338, 36.932,0.369419,359.8,322.033,5.08e+01, 17.1, -  , - 
4824,112801,15012018,08032021 170909, 730, 35916.7, 29.393, 21.255,0.371191,359.8,352.259,3.22e+01, 18.0, -  , - 
4825,112802,05102020,08032021 233046,  46, 36025.1, 10.660,292.098,0.078888,359.8,295.939,2.31e+01, 17.8, 9.1, - 
4826,112900,09072012,08032021 133444, 639, 35930.5, 20.165, 34.403,0.552108,359.7,281.168,3.09e+01, 15.6,89.2, - 
4827,113001,25102016,08032021 234251, 714, 35847.0, 19.578,  7.381,0.089141,359.7,  5.755,9.89e+00, 16.6,33.5, - 
4828,113002,23032017,08032021 132412,1439, 35909.0, 13.175, 25.831,0.237922,359.5,287.633,1.03e+01, 18.1, -  , - 
4829,113100,15042009,08032021 171422, 116, 35718.0,  7.627, 32.073,0.179433,359.3, 26.873,5.64e+00, 16.0,26.1, - 
4830,113300,03052014,09032021 055936,  13, 35752.7, 13.859, 75.244,0.519245,359.9,241.745,2.17e+01, 17.0,22.2, - 
4831,113301,24032020,09032021 042028,  26, 35924.1, 10.685, 34.375,0.326443,359.5,267.196,1.46e+01, 16.8, 2.0,362
4832,113302,24032020,08032021 085143, 345, 36018.1, 11.197, 11.180,0.275466,359.4,316.416,9.41e-01, 17.9,98.1, - 
4833,113500,06082008,08032021 221122,  82, 35976.5, 27.187, 16.323,0.422366,359.8,  7.027,2.65e+01, 15.9, 9.8, - 
4834,113501,14112018,09032021 022030, 438, 36043.3, 11.549, 11.130,0.093846,359.4,279.795,6.30e+00, 17.5,12.6, - 
4835,113600,09042016,09032021 071359, 163, 36046.1,  7.935, 43.422,0.080794,359.4, 83.322,4.30e+00, 17.0,61.4, - 
4836,113601,29042020,08032021 135439, 310, 36136.1, 10.025,234.743,0.328731,  0.4,204.324,7.08e+00, 16.9, -  , - 
4837,113700,17082018,08032021 155644, 902, 36111.0,  3.804,264.479,0.190621,  0.2,161.081,5.31e+00, 17.8,33.3, - 
4838,113900,21032018,08032021 230358, 114, 36099.7,  3.584,316.562,0.215540,358.7,122.213,4.60e+00, 17.2,40.9, - 
4839,114000,07042016,09032021 054602,1023, 35844.3, 34.299,332.399,0.448531,359.8, 19.596,1.80e+01, 17.4,93.6, - 
4840,114100,05082007,08032021 093735,3161, 36211.5, 18.769, 38.296,0.557682,359.7,278.123,3.14e+01, 15.6, -  , - 
4841,114101,27012020,08032021 073519, 311, 36516.1, 25.939,359.450,0.442439,359.7,300.739,3.24e+01, 15.8, -  , - 
4842,114200,31082016,08032021 181228, 962, 36213.1, 34.454,  1.042,0.633728,359.8, 10.718,2.94e+01, 17.1, -  , - 
4843,114201,02112019,08032021 232843, 439, 36197.4,  5.960,232.930,0.318027,  0.7,182.695,9.05e+00, 18.1,52.3, - 
4844,114300,28012017,08032021 101231, 873, 36521.9, 11.965, 54.465,0.561360,359.7,232.351,2.92e+01, 17.7, -  , - 
4845,114400,20062020,09032021 013309, 225, 36340.0,  6.970,139.800,0.234368,  0.7,257.560,2.79e+01, 16.5, -  , - 
4846,114500,24082019,09032021 083428, 138, 36385.8, 10.959,230.103,0.337534,  0.4,243.723,6.96e+00, 16.8,64.3, - 
4847,114600,01092014,08032021 233504,   0, 36251.6,  4.820,177.530,0.608157,  1.4,150.813,3.14e+01, 16.0, 0.2, 39
4848,114601,23042020,08032021 200027, 168, 36462.3, 24.821,  7.619,0.412936,359.7,297.131,2.48e+01, 16.3, -  , - 
4849,114602,29042020,09032021 034254, 306, 36399.4,  6.939,256.479,0.406908,  0.2,256.950,2.00e+00, 10.6, -  , - 
4850,114603,20092020,09032021 012530,  94, 36347.5,  8.412,244.927,0.447508,  0.3,244.163,8.81e+00, 17.4, -  , - 
4851,114700,19102019,09032021 072355,  34, 36313.4,  9.719,262.535,0.447728,  0.1,239.552,6.42e+00, 15.0, 7.6, - 
4852,114800,04122018,09032021 002026, 821, 36344.6, 23.959,  1.302,0.375776,359.7, 40.492,1.84e+01, 17.4, -  , - 
4853,114902,13102020,08032021 135922, 120, 44377.7,  5.302,149.118,0.478281,  1.1,174.396,3.97e+00, 17.1,58.0, - 
4854,115000,26082016,09032021 030645, 492, 36153.8,  7.852,221.834,0.088415,  0.6,318.346,2.80e+01, 16.4, -  , - 
4855,115002,20092020,09032021 053631, 145, 36291.9,  9.636, 99.489,0.580410,  0.1,236.645,3.54e+01, 17.9,81.2, - 
4856,115100,15032015,08032021 233828, 289, 36384.2,  5.779,104.565,0.163025,  0.3,256.220,4.37e+00, 16.7,48.6, - 
4857,115101,19112019,08032021 091647, 448, 36354.4,  7.544,229.514,0.489128,  0.6,265.183,1.01e+01, 17.0,21.2, - 
4858,115201,27072014,09032021 031008, 202, 36454.6,  6.316, 46.944,0.105317,359.3, 64.921,3.16e+00, 17.0,49.0, - 
4859,115202,05082019,08032021 200504, 581, 36304.5, 13.178, 74.180,0.501744,359.9,259.236,2.60e+01, 17.1, -  , - 
4860,115203,27092019,09032021 030226, 404, 36356.6, 23.564, 32.482,0.232849,359.8,343.811,1.98e+01, 13.3,36.1, - 
4861,115300,21102019,08032021 203226, 500, 36439.9,  9.854,197.727,0.299192,  0.6,208.148,2.12e+01, 17.8, -  , - 
4862,115400,27032020,08032021 151414, 333, 36526.9, 22.137,328.395,0.479190,359.7, 46.614,3.24e+01, 17.1,58.9, - 
4863,115500,08052016,09032021 074802, 786, 36308.2, 17.375,  1.642,0.133743,359.6,358.874,9.51e+00, 17.3,74.7, - 
4864,115600,07052019,08032021 224518, 497, 36326.1, 17.279, 75.853,0.570485,359.9,257.640,2.91e+01, 17.0,65.2, - 
4865,115700,17082017,08032021 235821,1257, 36492.3,  8.723, 74.994,0.352610,359.8,223.147,1.01e+01, 16.7, -  , - 
4866,115701,18092018,09032021 021901, 523, 36570.9,  4.804,255.220,0.172313,  0.4,189.110,3.95e+00, 15.7, -  , - 
4867,115702,22092019,08032021 224357, 531, 36375.2,  6.425, 50.725,0.559596,359.3,223.106,1.75e+01, 17.5, -  , - 
4868,115703,23022021,09032021 024748,   4, 36519.8,  8.788,235.947,0.237956,  0.4,206.211,2.27e+00, 16.1, 0.1, 10
4869,115800,09032018,09032021 010518,1058, 36449.6, 13.015,271.232,0.091544,360.0,118.763,2.11e+01, 17.1, -  , - 
4870,115802,12092020,08032021 230005, 167, 36691.1,  7.536,270.908,0.444911,360.0,242.253,8.92e+00, 17.1,30.7, - 
4871,115900,02052019,09032021 045121, 546, 36563.9,  3.834,258.398,0.171590,  0.3,159.488,5.63e+00, 17.6,27.8, - 
4872,115901,16102020,08032021 210531, 140, 36615.3, 10.666,272.604,0.410249,360.0,200.024,8.20e+00, 17.5, -  , - 
4873,116000,14072016,08032021 134100,   2, 36388.6,  9.936,223.655,0.276853,  0.5,118.251,1.57e+01, 16.2, 0.4, 58
4874,116100,25082009,08032021 111759,  18, 36460.8,  8.043,131.418,0.244583,  0.6,250.750,3.02e+01, 16.1,10.0, - 
4875,116101,17092017,09032021 003302,1173, 36385.1, 32.686, 31.642,0.601674,359.8,323.536,2.43e+01, 18.0, -  , - 
4876,116200,14042007,08032021 182551, 138, 37444.5, 26.121,121.045,0.621598,  0.1,242.709,3.19e+01, 16.5, -  , - 
4877,116300,29102013,08032021 200057,   1, 36414.4, 25.057, 27.437,0.543572,359.8,289.791,2.71e+01, 15.5, 0.2, 31
4878,116301,26072019,09032021 052853, 148, 36644.6,  3.140,297.940,0.151404,359.0,165.014,4.06e+00, 17.6,30.3, - 
4879,116302,17022020,09032021 022539,  20, 36631.7,  4.601,126.941,0.309665,  0.9,283.106,3.99e+00, 17.5, 5.3, - 
4880,116401,18042020,08032021 165019, 318, 36543.7, 12.240, 49.929,0.505983,359.6,235.670,2.82e+01, 17.8, -  , - 
4881,116500,29092017,09032021 034248,1235, 36189.5, 30.145, 31.992,0.623896,359.8,291.792,3.33e+01, 17.3, -  , - 
4882,116700,03032017,09032021 002535,1026, 36760.8,  8.135, 30.529,0.223487,359.3,307.039,7.07e+00, 17.9,65.4, - 
4883,116900,18072009,09032021 013411, 178, 37161.0,  8.607, 27.645,0.047194,359.3,  2.936,3.49e+00, 14.2,39.6, - 
4884,116901,02092016,08032021 235336,   2, 36761.5,  5.110,115.154,0.178408,  0.6,230.450,4.07e+00, 16.4, 0.2, 31
4885,117300,20042018,09032021 044837, 469, 36842.9,  6.253,247.161,0.211397,  0.4,197.413,2.13e+00, 17.4,78.7, - 
4886,117601,26082019,08032021 132404, 531, 37016.7, 10.116,229.650,0.414282,  0.4,250.371,5.23e+00, 17.6, -  , - 
4887,117700,17012021,09032021 025014,  44, 36941.1, 10.207,221.409,0.504138,  0.5,274.874,2.11e+00, 17.2, 9.1, - 
4888,117800,27022017,09032021 141222,   3, 36998.3, 18.441,315.768,0.193599,359.7, 67.320,1.18e+01, 16.8, 0.4, 47
4889,118000,23022018,09032021 001913,1006, 37262.6, 35.197,344.874,0.602254,359.8,325.741,2.77e+01, 17.9, -  , - 
4890,118100,02032016,08032021 145103, 761, 37860.0,  9.032, 79.572,0.100203,359.9,231.852,6.03e+00, 18.2, -  , - 
4891,118200,25102013,09032021 013510,1378, 37347.3, 33.110,341.642,0.286830,359.8,316.266,2.12e+01, 16.9, -  , - 
4892,118201,04122015,08032021 230134,   2, 36938.3, 18.132,342.649,0.057360,359.6, 69.205,1.07e+01, 16.8, 0.3, 30
4893,118300,30112008,09032021 052552,  62, 37056.4,  2.317,136.925,0.160521,  2.2,204.798,1.18e-01, 16.7, 0.6,114
4894,118301,19042018,09032021 031906,1008, 37063.7,  5.933,247.621,0.158273,  0.4,196.352,1.33e+00, 17.8,43.8, - 
4895,118302,19042018,09032021 080958, 316, 37064.0,  6.259,247.744,0.178793,  0.4,200.154,8.55e-01, 17.6,16.7, - 
4896,118400,01022016,09032021 001317,   1, 37080.5,  1.383, 29.574,0.140052,355.6,296.581,1.06e-01, 16.6, 0.1,  4
4897,118401,09022019,08032021 222238, 490, 37136.6, 40.301,346.709,0.733106,359.8,  0.674,5.44e+01, 17.2, -  , - 
4898,118402,25112019,09032021 080628, 464, 37176.9, 37.596,353.383,0.334794,359.8, 29.573,4.03e+01, 17.3,85.2, - 
4899,118500,25112016,08032021 142420,1523, 37007.9, 30.599, 31.734,0.351935,359.8,354.299,2.48e+01, 17.3, -  , - 
4900,118501,16042018,08032021 190552,1056, 37088.2, 25.683, 54.973,0.255526,359.8,240.156,2.17e+01, 17.9, -  , - 
4901,118502,04112018,09032021 011423, 724, 37353.8, 23.436, 12.845,0.489973,359.7,295.664,2.49e+01, 16.1, -  , - 
4902,118503,28022019,09032021 022955, 409, 37097.4, 27.582, 27.826,0.362999,359.8,359.231,1.96e+01, 13.4,40.0, - 
4903,118600,28112016,09032021 043501,1495, 36981.7, 38.122,  9.679,0.472038,359.8,330.230,2.68e+01, 17.1, -  , - 
4904,118601,25112017,08032021 175525,1139, 37055.7, 29.379, 34.344,0.328809,359.8,352.544,2.45e+01, 17.2, -  , - 
4905,118602,04022019,09032021 060137, 753, 37054.9, 30.740, 31.675,0.355877,359.8,355.571,2.47e+01, 17.2, -  , - 
4906,118700,09032018,09032021 112440, 194, 37138.4,  7.954, 49.955,0.390230,359.5,291.874,3.67e+00, 17.3,27.0, - 
4907,119000,08092018,09032021 023011, 864, 37012.9, 36.167,335.808,0.474089,359.8, 35.049,3.87e+01, 17.3, -  , - 
4908,119100,13032018,09032021 023454, 903, 37224.6,  3.859,274.056,0.157147,359.9,169.707,2.31e+00, 18.0,42.7, - 
4909,119101,02092018,08032021 213849,   1, 37078.9,  7.223,220.359,0.289699,  0.7,110.940,1.42e+01, 16.6, 0.1, 16
4910,119201,09072018,09032021 092636, 862, 37227.6,  3.746, 23.434,0.156205,358.3,347.518,1.12e+01, 17.2, -  , - 
4911,119400,25112008,09032021 010847,   3, 37297.9, 11.894, 72.820,0.133479,359.8,195.655,8.66e-01, 16.6, 0.1, 11
4912,119401,04022019,08032021 165458, 753, 37231.9,  7.163, 43.264,0.179466,359.3, 31.445,1.49e+01, 17.2, -  , - 
4913,119500,21112016,08032021 195238, 681, 37354.8,  4.375,330.809,0.391281,358.7, 38.195,1.29e+01, 17.2, -  , - 
4914,119501,06052019,09032021 091729,  79, 37300.6,  3.313,291.576,0.202909,359.3,147.065,5.92e+00, 17.9,22.5, - 
4915,119502,02112019,09032021 010721, 327, 37166.3, 22.139, 32.785,0.257619,359.7,  6.581,2.01e+01, 16.6, -  , - 
4916,119503,27032020,09032021 081839, 339, 37324.4, 12.201,  9.408,0.451985,359.5, 27.693,1.22e+01, 17.9, -  , - 
4917,119700,09042018,09032021 025208, 981, 37327.9,  2.395,278.231,0.201168,359.6, 87.884,5.28e+00, 17.9, -  , - 
4918,119701,18052018,09032021 091259,1024, 37329.1, 17.615, 52.406,0.251727,359.8,260.340,1.69e+01, 18.2,91.4, - 
4919,119702,27072019,09032021 083420, 230, 37366.7,  6.430,246.178,0.035631,  0.4,224.736,4.26e+00, 14.7,58.8, - 
4920,119900,09092016,08032021 131159, 119, 37561.3,  6.629,274.562,0.328242,359.9, 55.185,1.50e+01, 17.9,21.4, - 
4921,120000,01112015,08032021 151523,1321, 37365.8, 17.782, 52.240,0.254262,359.8,259.346,2.66e+01, 18.0, -  , - 
4922,120001,27042017,09032021 064537,1052, 37342.4,  9.779, 36.080,0.202297,359.4, 95.744,4.90e+00, 17.0, -  , - 
4923,120100,05022019,08032021 220503,   1, 37390.0, 18.038,315.759,0.201365,359.7, 37.370,1.48e+01, 17.1, 0.3, 42
4924,120200,02082019,09032021 053006, 575, 37308.3, 12.017, 95.083,0.670030,  0.0,284.940,2.33e+01, 17.9,61.0, - 
4925,120201,26092019,08032021 214359, 464, 37476.7,  2.527,223.209,0.111778,  1.9,276.466,7.23e+00, 17.4, -  , - 
4926,120300,13032018,09032021 035415, 141, 37522.5,  5.294,258.766,0.097297,  0.2,159.010,2.26e+00, 17.8,29.2, - 
4927,120400,05022016,08032021 140424, 248, 37529.9,  1.860,134.951,0.107171,  2.6,235.943,1.31e+00, 17.7,18.8, - 
4928,120401,23122017,08032021 142627,1170, 37490.2,  7.347, 22.675,0.251582,359.2,325.558,9.14e+00, 18.2,52.6, - 
4929,120403,10092020,08032021 090540,   3, 37518.4,  2.301,156.699,0.183931,  2.7,236.369,9.94e+00, 16.9, 0.9,149
4930,120500,24012017,09032021 052733,   1, 37523.4,  4.356, 91.522,0.136894,  0.0,245.794,4.91e+00, 17.4, 0.1,  8
4931,120501,16052018,08032021 230922, 588, 37517.5,  4.576,189.431,0.127652,  1.4,157.915,1.76e+00, 16.9,20.0, - 
4932,120502,13042020,09032021 102928, 328, 37525.3,  5.015, 66.035,0.102619,359.4,326.214,4.57e+00, 18.8, -  , - 
4933,120601,20042020,08032021 142110, 309, 37495.5, 18.399, 41.344,0.578861,359.7,333.638,4.29e+01, 17.9, -  , - 
4934,120800,06112016,09032021 015450, 697, 37718.8, 13.670,151.942,0.646435,  0.4,209.649,3.96e+01, 16.5, -  , - 
4935,120801,16092020,08032021 083554, 137, 37632.6, 11.620,159.655,0.595900,  0.5,201.845,3.93e+01, 16.4,24.5, - 
4936,120900,08092016,08032021 131310,1583, 32330.0, 26.174, 56.114,0.755014,359.9,214.515,4.79e+00, 16.4, -  , - 
4937,121101,13032019,09032021 064109, 167, 37650.2,  2.229,209.919,0.124827,  2.5,109.452,2.45e+00, 17.7,23.8, - 
4938,121200,10092020,09032021 055716,   1, 37568.0,  5.646, 98.385,0.605716,  0.2,268.869,3.56e+01, 16.7, 0.2, 41
4939,121400,01052013,08032021 211912,   2, 37707.8,  4.814, 53.793,0.192364,359.2,296.361,1.82e+00, 16.7, 0.1, 14
4940,121401,09102020,08032021 130230, 145, 37730.8,  7.460,267.600,0.415214,  0.0,225.494,3.14e+00, 17.6,44.8, - 
4941,121500,21092012,08032021 134909,   1, 37857.0, 23.151,277.201,0.812475,360.0,334.943,9.16e-03, 11.2, 0.1,  1
4942,121501,11062017,09032021 042805,1357, 37739.9,  4.782, 98.995,0.155695,  0.2, 45.755,4.00e+00, 16.7, -  , - 
4943,121502,05012018,09032021 005351,1117, 37644.2, 32.762, 21.586,0.370984,359.8,316.701,2.27e+01, 17.6, -  , - 
4944,121503,28072019,09032021 020031, 176, 37732.1,  3.587,290.795,0.159701,359.4,154.625,4.77e-01, 18.0, 9.5, - 
4945,121504,15042020,08032021 133439, 317, 37696.3,  5.750, 57.370,0.220657,359.4,295.146,9.89e+00, 17.7,14.1, - 
4946,121600,13042020,08032021 224941, 318, 37702.0, 22.188,  0.384,0.143207,359.7,322.694,1.25e+01, 17.3,23.5, - 
4947,121601,10122020,08032021 212357,  61, 37748.6,  6.520,175.885,0.391060,  1.0,177.397,2.61e+01, 16.8,14.3, - 
4948,121700,14042020,09032021 012426, 323, 37746.5,  2.854,  5.062,0.171862,357.7,339.467,5.32e+00, 17.8, -  , - 
4949,121800,09022007,08032021 132856,3458, 37785.7,  5.445, 57.349,0.173754,359.3,305.509,5.38e+00, 17.5, -  , - 
4950,121900,09032016,09032021 012135, 339, 37787.2,  3.483, 68.434,0.114702,359.3,283.983,4.60e+00, 17.7,54.4, - 
4951,122000,17102009,09032021 054501,1110, 37936.3, 17.379, 19.454,0.114407,359.6, 57.374,7.78e+00, 17.5, -  , - 
4952,122001,14032018,08032021 151703,1039, 37767.0,  6.152,230.093,0.255450,  0.7,187.222,2.74e+01, 17.2, -  , - 
4953,122002,13102018,08032021 231148, 384, 37629.7,  5.847, 97.462,0.605271,  0.1,269.636,3.57e+01, 16.7,61.1, - 
4954,122300,12122015,08032021 182627,  24, 37085.7, 18.854, 33.903,0.199892,359.7, 10.075,2.01e+01, 16.7, 3.5,441
4955,122301,20022018,08032021 221200,1081, 37739.6, 14.303,327.557,0.288396,359.6, 28.712,2.41e+01, 17.8, -  , - 
4956,122302,21072018,08032021 203909, 197, 37901.8,  3.811,281.094,0.144753,359.7,165.382,1.10e+00, 17.5, 7.1, - 
4957,122303,14042020,08032021 170029, 322, 37865.4, 14.007, 53.202,0.213399,359.7,345.016,2.65e+01, 18.2, -  , - 
4958,122401,15062018,08032021 153523, 920, 37923.6,  4.952,239.355,0.106218,  0.7,152.101,3.66e+00, 15.9, -  , - 
4959,122402,05092018,09032021 103142, 909, 37913.0,  1.969,302.034,0.133529,358.3,120.110,6.80e+00, 18.7, -  , - 
4960,122404,27032020,09032021 041203,  67, 37879.0,  2.472,103.445,0.150339,  0.6,238.251,7.16e+00, 16.5,17.2, - 
4961,122500,10042018,09032021 173229,1053, 37738.2, 17.746,308.587,0.679709,359.8, 58.380,5.01e+01, 17.1, -  , - 
4962,122501,06062018,09032021 023335,  16, 37878.5,  5.721,223.322,0.281455,  0.8,189.957,9.86e+00, 16.9,31.8, - 
4963,122600,20092017,09032021 123317,1021, 38329.2, 21.594, 24.270,0.498116,359.7, 22.299,3.11e+01, 17.9, -  , - 
4964,122601,17022020,08032021 201333, 383, 37935.0, 21.707,314.548,0.394170,359.8, 66.446,1.71e+01, 17.1, -  , - 
4965,122800,02042017,09032021 072245,1055, 37985.8, 19.255, 42.296,0.179882,359.7,271.773,7.35e+00, 17.8, -  , - 
4966,122801,24092017,09032021 012438,1142, 37998.7,  4.243, 99.192,0.017325,  0.3, 65.646,3.22e+00, 18.1, -  , - 
4967,122802,02052019,09032021 011331, 191, 37991.0,  1.679, 91.285,0.091501,  0.1,341.113,1.60e+00, 17.6, 4.1,726
4968,122803,08072019,09032021 055759, 558, 38056.9,  9.047,274.160,0.376263,360.0,202.940,4.48e+00, 17.1, -  , - 
4969,122804,01022020,08032021 173533,   4, 38006.9,  3.917, 12.302,0.116672,358.3,311.514,7.01e+00, 17.4, 0.9,157
4970,122900,04112015,08032021 214146, 286, 37919.2,  1.224,106.357,0.094700,  1.7,247.822,6.73e+00, 16.3, -  , - 
4971,122901,13092017,08032021 081842, 641, 38003.4,  7.043, 84.025,0.173591,359.9,229.626,1.57e+00, 17.7,42.8, - 
4972,122902,15092018,09032021 104106, 700, 39156.4, 25.602,  7.319,0.398750,359.7,  8.418,5.08e+01, 16.1, -  , - 
4973,123000,21112019,08032021 212626, 471, 38096.2, 16.022, 58.315,0.558439,359.8,276.868,3.64e+01, 17.8,77.1, - 
4974,123100,01022019,08032021 201638, 574, 38045.3,  9.840, 50.118,0.126016,359.6,290.391,6.85e+00, 17.4,99.2, - 
4975,123101,19092019,08032021 203120, 527, 38224.1,  9.539,284.885,0.395069,359.8,185.319,7.51e+00, 17.2,36.9, - 
4976,123102,12092020,09032021 052401, 138, 38246.4, 10.965,284.217,0.408271,359.9,193.576,7.10e+00, 16.6,45.8, - 
4977,123200,06022016,09032021 035801, 319, 37980.9, 12.680, 46.385,0.139201,359.6,291.682,6.86e+00, 17.7,72.2, - 
4978,123300,09042018,08032021 205523,1053, 38097.0,  2.983,300.709,0.150608,358.9,135.352,4.28e+00, 18.2,33.7, - 
4979,123301,10092018,09032021 041023, 152, 38150.3,  3.564,289.900,0.119870,359.4,136.898,4.55e+00, 14.9,57.1, - 
4980,123400,21072015,08032021 105639, 687, 38354.1,  9.348,261.765,0.141315,  0.1, 55.466,1.60e+01, 16.5, -  , - 
4981,123500,09122007,08032021 154809,   3, 38031.8,  4.623, 59.499,0.127170,359.2,239.862,5.19e+00, 15.5, 0.1, 15
4982,123501,27082019,09032021 104201, 558, 38150.6,  3.504,298.736,0.148870,359.1,131.048,1.22e+00, 17.7,59.2, - 
4983,123502,27032020,09032021 052307,   1, 38121.2,  1.377, 77.505,0.111814,358.8,290.552,4.02e+00, 17.1, 0.2, 25
4984,123601,14092017,09032021 002729,1269, 39525.8, 20.050,327.472,0.350592,359.7,271.992,2.95e+01, 18.0, -  , - 
4985,123602,11012018,08032021 105720,   2, 38157.1, 30.466,310.924,0.072275,359.9,137.386,1.00e-02, 16.6, 0.1,  1
4986,123603,26022020,09032021 042042, 346, 38140.5, 10.585, 51.789,0.137783,359.6,287.173,8.34e+00, 17.1, -  , - 
4987,123604,13042020,08032021 232617, 143, 38270.2,  6.391, 49.360,0.066822,359.3,246.928,7.64e+00, 17.9,16.6, - 
4988,123700,25022011,08032021 173331,3654, 38188.6, 11.198, 33.683,0.305688,359.5, 64.133,4.38e+00, 14.2,88.1, - 
4989,123701,04102016,08032021 151837, 884, 38102.8, 10.034, 31.608,0.432553,359.4,299.986,1.83e+01, 17.6, -  , - 
4990,123702,14042018,09032021 011120,  16, 38143.2,  6.168, 53.923,0.080891,359.3,321.341,5.97e+00, 16.7, 4.9,926
4991,123800,22102017,08032021 143246, 259, 38148.1,  1.570, 80.850,0.103926,359.3,290.913,4.16e+00, 17.0,14.5, - 
4992,123801,04032019,09032021 042609,  12, 38126.9,  3.956,176.093,0.111796,  1.7,114.151,5.49e+00, 17.8, 0.5, 86
4993,123900,10032010,08032021 225531,   3, 38331.4, 14.370,301.119,0.299928,359.8, 76.921,2.09e+01, 16.2, 0.4, 59
4994,123901,05092011,08032021 223226,  21, 38194.5, 15.171,  1.384,0.117811,359.6,319.210,7.15e+00, 17.1, 5.4,425
4995,123903,30122016,08032021 145152, 577, 38013.5, 15.949,107.571,0.310239,  0.1,303.469,1.61e+01, 16.8,49.5, - 
4996,123904,23032017,09032021 020235, 230, 38321.5,  6.358, 69.945,0.067402,359.6,115.271,3.45e+00, 17.1,31.2, - 
4997,124000,05032013,09032021 043825, 717, 38393.4,  8.821, 39.791,0.174235,359.4, 18.242,3.97e+00, 15.7,68.7, - 
4998,124001,19072015,09032021 025710,   3, 38346.5,  6.888, 42.881,0.067686,359.3, 46.145,4.83e+00, 16.6, 0.6,101
4999,124200,18022012,09032021 002836,   3, 38263.1,  6.031, 45.933,0.102640,359.2,286.251,5.40e+00, 17.6, 0.1, 16
5000,124201,12122017,09032021 003828, 677, 38293.6,  7.193, 83.877,0.061317,359.9,189.991,5.96e+00, 18.1,93.7, - 
5001,124202,13012019,09032021 081544, 259, 38291.2,  0.841,105.946,0.132672,  2.5,264.919,1.78e+00, 18.2,19.5, - 
5002,124300,08042016,08032021 232749, 684, 38291.5, 11.810, 22.658,0.034393,359.5,267.533,9.35e+00, 17.7,56.4, - 
5003,124301,14112017,08032021 181846,1178, 38298.6,  1.236,211.019,0.117106,  4.4,134.140,2.14e+00, 17.9,95.7, - 
5004,124302,26072019,08032021 173028, 553, 38281.0, 11.998, 68.517,0.292861,359.8,278.133,6.16e+00, 17.2, -  , - 
5005,124400,02082019,09032021 100704, 384, 38324.3,  6.816, 59.191,0.125729,359.5,296.322,4.74e+00, 17.4, -  , - 
5006,124500,16082012,08032021 195248,1271, 38227.5,  2.678, 78.319,0.163733,359.5,290.581,4.13e+00, 17.3, -  , - 
5007,124501,10012013,09032021 082709,   6, 38363.6, 24.668,341.930,0.159992,359.7, 32.069,1.09e+01, 16.8, 1.0,178
5008,124600,27072006,08032021 140235, 699, 38778.1,  8.658, 27.276,0.389742,359.3,344.466,2.27e+01, 16.5,71.7, - 
5009,124601,12042018,08032021 210608, 708, 38355.2,  3.557,285.886,0.144577,359.5,180.150,1.57e+00, 18.1,54.1, - 
5010,124602,12092018,09032021 010038, 857, 38360.3, 24.020, 19.199,0.458293,359.7, 29.371,7.85e+00, 18.3, -  , - 
5011,124603,04072019,09032021 030648,  13, 38353.0,  4.125,231.273,0.156977,  1.0, 74.933,1.58e+01, 16.3, 2.4,330
5012,124700,03052014,08032021 081025, 200, 38162.8,  6.148, 53.826,0.073518,359.3,324.160,5.67e+00, 16.8,25.4, - 
5013,124701,02092016,09032021 022927, 178, 38104.7,  4.935,334.258,0.073440,358.8,271.520,4.62e+00, 16.9,11.6, - 
5014,124703,02042017,08032021 225731,1115, 39770.6, 32.077,338.373,0.253461,359.8, 25.554,4.18e+01, 17.7, -  , - 
5015,124704,27082019,08032021 155717, 556, 38330.1, 13.273,337.402,0.140732,359.5,327.075,1.10e+01, 18.6,40.4, - 
5016,124901,21022018,08032021 235808,   4, 38443.6,  5.256,350.995,0.084804,358.8,302.936,5.13e+00, 18.0, 0.2, 34
5017,124902,22092019,08032021 233203, 136, 38514.8,  8.590,261.687,0.459364,  0.1,218.240,4.29e+00, 17.0,66.3, - 
5018,125000,14112010,09032021 064541,1112, 38404.7, 24.072, 13.037,0.475175,359.7,288.283,2.81e+01, 16.1, -  , - 
5019,125001,11102014,09032021 100125,   3, 38773.4, 30.421, 22.304,0.349265,359.8,253.852,1.72e+01, 15.1, 0.4, 79
5020,125002,19052015,08032021 212435,1026, 38457.0,  1.683, 84.556,0.120871,359.6,297.323,4.22e+00, 17.1, -  , - 
5021,125003,02102018,09032021 003518, 675, 38460.5, 27.738, 10.428,0.187582,359.8, 65.612,1.12e+01, 17.1, -  , - 
5022,125004,30082019,09032021 023743, 516, 29597.3, 22.701,349.671,0.339667,359.7, 11.273,5.14e+01, 16.2, -  , - 
5023,125005,25102020,08032021 235214, 122, 38456.6, 11.156,290.679,0.367244,359.8,214.675,1.06e+01, 15.0,20.5, - 
5024,125100,21012012,09032021 063829,   2, 38290.0, 22.323, 78.820,0.819844,359.9,108.456,8.47e-03, 10.7, 0.1,  1
5025,125101,08022018,09032021 020806, 841, 38460.0,  2.492, 79.676,0.140247,359.5,309.037,4.40e+00, 17.1, -  , - 
5026,125102,10022019,09032021 003233, 159, 38457.2,  2.387, 82.746,0.093870,359.6,262.369,4.14e+00, 16.6,51.8, - 
5027,125103,10112020,08032021 235046,  94, 38456.4,  1.963, 76.708,0.078139,359.2,311.283,3.61e+00, 16.7, 5.8, - 
5028,125200,17102017,09032021 071808,1198, 38385.8, 25.283,318.286,0.472875,359.8, 16.974,4.24e+01, 17.5, -  , - 
5029,125201,26032019,09032021 062820, 706, 38493.1,  3.529,253.865,0.116723,  0.5, 39.135,1.00e-02, 18.1, 1.7, 28
5030,125300,01032016,08032021 214425, 314, 38510.7,  9.829, 40.498,0.097537,359.5,318.585,7.57e+00, 17.4,13.5, - 
5031,125400,09032015,09032021 080915,   1, 38778.6, 12.025, 14.643,0.240179,359.5, 38.071,7.22e+00, 17.1, 0.5, 61
5032,125401,28022017,09032021 084845,1469, 38518.5,  1.371, 74.968,0.075706,358.6,158.097,3.33e+00, 18.4,22.0, - 
5033,125501,11082018,08032021 145951,   4, 38667.8,  3.892,281.660,0.187264,359.7,159.025,4.93e+00, 14.5, 2.0,387
5034,125502,10032019,08032021 131031, 291, 38547.2, 13.338, 51.165,0.136450,359.7,311.466,4.42e+00, 17.4,45.3, - 
5035,125503,07052019,08032021 172459, 667, 38572.0, 15.801, 62.013,0.331608,359.8,358.004,2.48e+01, 17.5,77.3, - 
5036,125600,11032018,08032021 185714,1071, 38518.2,  1.208,  7.400,0.064020,354.5, 37.160,6.32e+00, 17.3, -  , - 
5037,125601,11072019,08032021 142846, 373, 38575.4,  1.441, 93.927,0.112421,  0.3,129.107,2.33e-01, 13.8, 2.1,107
5038,125700,30082016,08032021 230541,   1, 38571.7,  3.407,122.359,0.101849,  1.1,159.962,5.35e+00, 17.4, 0.3, 22
5039,125801,04032019,09032021 082241, 320, 38594.6,  2.931,289.950,0.137795,359.3,143.099,5.39e+00, 16.3,47.7, - 
5040,125802,25102019,09032021 123946, 261, 39510.3, 27.686, 19.978,0.242214,359.8,320.307,4.71e+01, 16.4,55.5, - 
5041,125803,31102019,08032021 213034, 490, 38453.1,  9.041,272.784,0.514424,360.0, 11.426,1.81e+01, 18.9, -  , - 
5042,126000,04112015,09032021 083614,1488, 39430.5, 29.185,348.497,0.175699,359.8,163.835,1.83e+01, 17.2, -  , - 
5043,126100,02102007,08032021 130027,   1, 38604.7,  2.596, 93.624,0.247847,  0.2,227.052,2.62e+00, 15.5, 0.4, 58
5044,126200,05112018,09032021 071859, 750, 39074.6, 26.233, 33.376,0.364588,359.8,359.054,1.94e+01, 13.6,66.3, - 
5045,126300,09042018,09032021 024109, 235, 38690.3,  3.647,328.313,0.122616,358.5,120.288,1.36e+00, 17.4,16.0, - 
5046,126301,03012019,08032021 131057, 710, 38499.5, 13.787, 36.077,0.340983,359.6,349.113,2.00e+01, 17.7, -  , - 
5047,126400,14092006,08032021 193645,   3, 38753.8,  3.193,243.631,0.068305,  0.9,105.135,2.35e+00, 16.2, 0.7,112
5048,126401,15092015,08032021 232658, 145, 38749.5,  2.456, 97.109,0.110288,  0.3,308.361,1.32e-01, 17.6,18.1,413
5049,126402,17122017,09032021 075624,1127, 39643.2, 19.058, 28.668,0.637770,359.7,268.754,2.62e+01, 17.2, -  , - 
5050,126500,19112006,08032021 100453,   6, 38752.8, 10.426,251.868,0.086167,  0.2, 52.038,1.62e+00, 16.4, 0.2, 22
5051,126501,21092017,08032021 213903, 347, 38750.6,  4.620,255.453,0.130204,  0.4, 37.923,8.53e-01, 17.9,12.9, - 
5052,126502,26092019,08032021 200045, 525, 38648.0, 12.626, 91.171,0.674850,  0.0,251.472,2.50e+01, 17.5, -  , - 
5053,126601,11032018,09032021 002742,   2, 38762.1,  5.918,254.038,0.133173,  0.3,184.839,8.30e-02, 15.4, 0.1,  5
5054,126700,10082015,08032021 224809,   5, 38795.7, 14.120, 49.041,0.238656,359.7,310.544,1.10e+01, 16.9, 0.9, 83
5055,126701,17042018,08032021 141607,1054, 38780.8,  6.920, 65.522,0.078577,359.6,332.521,1.54e+01, 17.8, -  , - 
5056,126702,19112019,09032021 055633, 173, 38794.5,  9.753,333.639,0.243284,359.4, 66.766,1.74e+01, 17.8, -  , - 
5057,126800,21062019,08032021 125242, 284, 38797.5,  8.694,216.088,0.536711,  0.6,283.721,3.58e+00, 16.6,46.8, - 
5058,126801,17112020,09032021 075149, 108, 38673.7, 30.817,356.619,0.372727,359.8,350.393,1.48e+01, 17.0, -  , - 
5059,126900,16122015,09032021 040855, 369, 38793.6, 17.360, 14.401,0.132703,359.6,  2.757,1.26e+01, 17.1,71.3, - 
5060,126901,04032016,09032021 014542, 827, 38952.6, 25.790, 19.804,0.114397,359.7,196.717,2.30e+01, 17.3, -  , - 
5061,126902,05062016,08032021 213436,  15, 38804.5,  0.860,210.600,0.127945,  6.2,146.558,5.08e+00, 16.7, 3.8,662
5062,126903,22102019,09032021 053144,   2, 38607.3,  8.555, 26.891,0.392165,359.3,344.731,2.28e+01, 16.3, 0.2, 43
5063,126904,23012020,09032021 020210, 405, 38778.7, 32.423,  1.988,0.213185,359.8,314.805,2.49e+01, 18.7,45.5, - 
5064,126905,07112020,09032021 003639, 116, 38842.1, 11.509,297.651,0.431649,359.7,174.320,8.61e+00, 16.4,23.4, - 
5065,127000,08122007,08032021 173148, 168, 38677.5,  0.702,253.706,0.042048,  2.3, 91.215,1.49e+00, 18.1,23.8, - 
5066,127001,20042018,09032021 042622, 537, 38866.7,  2.148,275.765,0.083291,359.7, 20.438,4.28e+00, 17.7,44.7, - 
5067,127003,19082020,09032021 071105, 106, 38786.7,  1.354,216.588,0.496812,  3.8,132.637,2.33e+01, 17.8,11.6, - 
5068,127101,12092016,08032021 150205,   3, 38936.9,  4.100,225.580,0.074647,  1.1, 89.415,5.29e+00, 17.0, 1.2,214
5069,127102,24032020,09032021 111553, 345, 38864.9,  1.915,180.418,0.119841,  3.5,124.590,5.59e+00, 18.1, -  , - 
5070,127103,12122020,09032021 135037,  84, 41973.9, 25.765, 13.663,0.050754,359.7, 76.011,1.28e+01, 17.7, -  , - 
5071,127200,14032018,08032021 145117, 107, 38896.5,  3.011,254.172,0.086734,  0.6, 91.909,3.13e-02, 18.0, 1.1,206
5072,127201,04102019,09032021 004948, 245, 38898.5,  9.328,129.728,0.334108,  0.5,219.585,4.83e+00, 17.2, 8.8, - 
5073,127300,17102017,08032021 202131, 340, 38968.8,  4.752,138.948,0.408267,  1.1,228.750,1.77e+01, 16.7,29.0, - 
5074,127301,19122017,09032021 040155,  52, 38882.1,  4.025,280.197,0.116210,359.7, 60.084,3.62e+00, 17.5, 3.8,682
5075,127401,05052016,08032021 160740, 133, 38896.7, 21.793,338.206,0.608532,359.7,345.764,3.10e+01, 17.2,40.7, - 
5076,127402,22092017,08032021 203248, 315, 38920.5,  3.281,252.934,0.093357,  0.6, 53.193,2.11e+00, 17.8,71.3, - 
5077,127403,23012018,08032021 121522,1135, 38830.4, 15.191,284.368,0.436314,359.9, 84.332,2.91e+01, 17.6, -  , - 
5078,127404,18052018,09032021 002114,  33, 38926.6,  5.824,255.094,0.128182,  0.3,177.440,1.15e-01, 15.6, 1.4,241
5079,127405,11122018,09032021 010849, 812, 38946.8,  4.151,280.585,0.103397,359.7,  4.595,4.23e-02, 18.6, 5.2, 34
5080,127500,21032010,08032021 202918,3777, 38947.6,  5.135, 81.152,0.506549,359.8,282.588,2.37e+01, 16.1, -  , - 
5081,127501,21032015,09032021 031722,  74, 38886.9,  5.328, 71.052,0.379519,359.6,300.017,4.84e+00, 16.8,34.9, - 
5082,127502,18072017,08032021 213933,   5, 38954.3,  1.969, 20.352,0.175523,356.8,248.184,5.13e+00, 17.5, 0.3, 45
5083,127504,23102019,08032021 122415, 113, 38942.4,  6.114,234.335,0.156353,  0.6, 92.550,3.00e+00, 17.7, 8.7, - 
5084,127505,23102019,09032021 033343, 495, 38950.9,  7.564,270.409,0.537263,360.0,221.328,3.02e+00, 17.5, -  , - 
5085,127506,14082020,09032021 024723,   7, 39000.1,  4.906,135.963,0.410949,  1.0,231.771,1.77e+01, 16.7, 0.8,130
5086,127700,19082014,09032021 070554,   3, 38995.8,  2.212,107.772,0.027467,  1.0,125.022,1.57e+00, 16.5, 0.3, 32
5087,127701,26072014,09032021 023747,  16, 38929.0,  4.343,258.016,0.212783,  0.3, 11.516,1.70e+00, 16.8, 0.5, 91
5088,127702,25112017,08032021 230522,  52, 38998.7,  3.074,105.141,0.061847,  0.6,149.649,1.18e+00, 14.9, 3.3,523
5089,127703,17032018,08032021 074429, 939, 39005.5, 29.706, 22.018,0.225211,359.8,275.634,2.45e+01, 18.0, -  , - 
5090,127704,20082020,09032021 015432, 167, 39003.1,  3.229,224.682,0.038090,  1.4,316.596,8.96e-01, 18.0, 7.1, - 
5091,127800,31102015,09032021 002245,   5, 39029.3,  3.715,315.081,0.074402,358.8,253.365,8.61e-01, 17.3, 0.1, 14
5092,127801,21102015,08032021 074301, 717, 39506.6, 25.809, 25.047,0.236466,359.8,302.794,4.69e+01, 16.7, -  , - 
5093,127802,30042017,08032021 151813,1181, 39014.7,  3.435, 62.862,0.162689,359.1,277.388,3.94e+00, 17.5,86.5, - 
5094,127803,13032018,09032021 105322,1089, 39057.4,  1.077,119.773,0.480546,  3.4,214.315,1.10e+01, 18.4,59.7, - 
5095,127804,13102018,08032021 165550,   4, 39028.3,  1.424, 48.248,0.147051,356.7,266.566,4.18e+00, 17.5, 0.5, 80
5096,127901,20072020,09032021 083743,  10, 39042.1,  1.649,131.808,0.056528,  2.8,339.831,9.93e-01, 16.3, 0.6,118
5097,128001,09112008,09032021 003340, 256, 39021.0,  2.945, 98.162,0.130311,  0.3,  5.278,9.83e-01, 16.3,22.9, - 
5098,128002,07082013,08032021 120237,2650, 41264.7,  8.274,357.343,0.805837,359.2,346.366,1.66e+01, 17.1, -  , - 
5099,128100,03042013,09032021 011101, 265, 39077.2, 23.096, 41.350,0.077133,359.8,200.029,8.14e+00, 16.4,12.0, - 
5100,128101,29042017,09032021 133253,1180, 39090.3,  3.077,103.103,0.062168,  0.5, 44.990,1.74e-01, 17.6,30.0, - 
5101,128103,27032020,08032021 092841, 328, 39023.2, 18.007, 47.897,0.561986,359.7,332.172,2.95e+01, 17.9, -  , - 
5102,128200,02082014,09032021 143649,  16, 39124.0,  5.993, 44.302,0.065977,359.2, 51.643,4.77e+00, 17.1, 0.9,147
5103,128201,22122016,09032021 152833, 593, 38994.1, 38.648,351.745,0.471217,359.8,  5.872,2.46e+01, 17.4,73.2, - 
5104,128202,24042020,09032021 055021, 311, 39093.5,  2.147, 18.273,0.055068,357.0, 83.212,1.20e+01, 17.5, -  , - 
5105,128301,03102019,08032021 190048, 504, 39355.6,  4.014,272.405,0.193425,359.9,205.792,2.04e+01, 17.0,47.6, - 
5106,128400,02102016,09032021 050915,   1, 39225.1,  2.963,310.939,0.026055,358.6, 55.274,4.24e+00, 17.6, 0.2, 27
5107,128401,06122015,08032021 131248, 300, 39110.7,  4.809,288.121,0.081429,359.6, 39.000,3.03e+00, 18.0, -  , - 
5108,128402,10112017,08032021 052656,1109, 38993.0, 23.447, 52.926,0.542937,359.8,292.336,2.56e+01, 17.4, -  , - 
5109,128500,09022007,08032021 112103,   6, 39193.0,  3.894,316.122,0.086481,358.8, 13.267,4.06e+00, 16.8, 1.9,338
5110,128600,13022007,09032021 104231,1056, 39180.2,  1.535,114.458,0.123981,  1.9, 33.669,3.19e+00, 17.5, -  , - 
5111,128602,03082016,09032021 033414, 168, 39190.3,  1.452,140.914,0.056454,  3.7,349.661,9.13e-01, 18.1, 6.9, - 
5112,128604,02102019,08032021 192515, 522, 39179.2, 14.290,238.760,0.067657,  0.2,240.237,4.16e+00, 17.7, -  , - 
5113,128700,18012015,08032021 101943, 143, 39271.2,  7.559, 27.243,0.081641,359.2, 67.305,5.82e+00, 17.2,26.4, - 
5114,128701,20072015,08032021 202010,   1, 39200.8,  8.305, 39.818,0.055261,359.4, 34.711,7.86e+00, 16.7, 0.2, 32
5115,128702,16102015,09032021 031948,  92, 39115.8, 21.213,304.950,0.113553,359.8,202.823,1.99e+01, 17.3,16.6, - 
5116,128703,03022019,09032021 143122, 757, 39179.2, 23.957, 57.042,0.165746,359.8,359.597,1.68e+01, 17.9,58.5, - 
5117,128801,07022011,08032021 173350,3370, 39215.8,  8.919, 40.165,0.116070,359.4,  7.136,7.90e+00, 16.9, -  , - 
5118,128802,10012019,08032021 144614, 664, 39213.5,  4.083,275.728,0.112226,359.8,173.122,3.22e-01, 17.6, 6.5, - 
5119,128900,01102008,09032021 055910,   1, 39237.0,  3.957, 45.265,0.176057,358.8,226.007,3.57e+00, 15.8, 0.1,  5
5120,128901,09032018,08032021 194947,  15, 39237.1,  3.471,307.816,0.211652,358.9,128.422,1.96e+00, 17.3, 3.7,696
5121,129000,29122017,09032021 074223, 916, 39278.2,  2.523,158.152,0.155432,  2.5,168.007,5.67e+00, 16.9, -  , - 
5122,129001,09042018,08032021 162606,1040, 39216.4,  6.099, 48.679,0.068740,359.3,318.174,1.54e+01, 17.6, -  , - 
5123,129100,09082019,09032021 111743, 552, 39283.9,  7.603,109.901,0.350588,  0.3,220.515,9.23e+00, 17.0, -  , - 
5124,129201,01022019,08032021 132651, 166, 39299.6,  2.735,219.453,0.015551,  1.8,115.295,8.04e+00, 17.4,17.6, - 
5125,129202,30012019,09032021 032220, 763, 39085.5, 38.100,354.128,0.385178,359.8, 31.108,1.72e+01, 17.4, -  , - 
5126,129300,09112018,08032021 183803, 697, 39306.7,  5.066,210.704,0.154184,  1.1,172.673,1.13e+01, 17.7,48.5, - 
5127,129400,08042016,08032021 150545, 675, 39218.3,  8.225, 62.863,0.119566,359.6,356.431,7.42e+00, 17.6, -  , - 
5128,129401,23092020,08032021 161509, 140, 39177.0, 42.400,  6.446,0.380792,359.8,329.732,4.81e+01, 16.7,33.7, - 
5129,129402,12022021,08032021 130140,  16, 39249.4,  6.004, 40.647,0.283934,359.1,350.987,2.08e+01, 16.7, 1.8,324
5130,129500,09062007,09032021 100915,  27, 39089.8,  1.065,176.849,0.122578,  6.3,164.489,5.22e+00, 15.5, 7.5, - 
5131,129501,22092008,09032021 123433,   2, 39366.2,  1.176,168.474,0.063382,  5.6,335.400,8.24e-02, 14.7, 0.1,  3
5132,129502,13112010,09032021 061751, 486, 39358.5,  7.384,262.608,0.118641,  0.1, 29.846,2.41e-01, 17.5, 5.9, - 
5133,129503,20092015,09032021 115621,1389, 39386.5,  4.055, 55.193,0.189416,359.0, 35.883,3.01e+00, 17.0, -  , - 
5134,129504,04022016,09032021 000959, 302, 39302.3, 15.851, 30.944,0.140343,359.6,352.080,9.45e+00, 17.1,26.7, - 
5135,129600,27032019,08032021 054325, 710, 39270.6, 29.906, 30.286,0.392260,359.8,277.585,2.69e+01, 18.0, -  , - 
5136,129601,25102019,09032021 044847, 141, 39393.6,  3.163,303.630,0.094452,358.9, 47.759,5.09e+00, 16.6,36.2, - 
5137,129700,28042009,08032021 215524,   0, 39532.5, 13.869,  4.645,0.315433,359.5, 68.467,6.56e+00, 14.9, 0.1,  5
5138,129701,20022018,08032021 155430,1067, 39742.4, 22.928, 29.566,0.271547,359.7,226.829,2.44e+01, 18.1, -  , - 
5139,129702,21042018,09032021 105412,1049, 39432.9,  4.536, 63.920,0.234068,359.3, 68.477,5.19e+00, 17.4,36.8, - 
5140,129703,27012019,09032021 001030, 701, 39202.3, 21.650,324.807,0.613550,359.7,  7.638,3.92e+01, 16.6, -  , - 
5141,129704,19052020,09032021 122445, 267, 39377.4, 18.130, 58.577,0.185429,359.8,240.508,1.07e+01, 17.5, -  , - 
5142,129900,12041993,08032021 231446,   1, 39453.7, 10.030,338.365,0.063623,359.4, 44.061,1.64e-02, 12.7, 0.1,  2
5143,129901,25012018,09032021 041331,1099, 39314.2,  4.552,272.081,0.196681,360.0,211.516,2.03e+01, 16.6, -  , - 
5144,129902,23032018,08032021 154444, 835, 39403.5,  3.238,303.922,0.186021,358.9,170.505,2.40e+00, 16.5, -  , - 
5145,129903,24032018,09032021 003449, 134, 39428.2,  2.891,248.560,0.446524,  0.8,321.037,4.54e+00, 16.4,57.5, - 
5146,130002,22012018,09032021 012102, 993, 39469.2,  2.132, 61.550,0.165091,358.4,251.276,1.33e+00, 18.5,18.4, - 
5147,130003,19012020,09032021 041411,  26, 39465.7,  1.990, 99.888,0.004279,  0.6, 52.441,1.27e+00, 17.2, 0.7, 92
5148,130004,12112020,09032021 002132, 113, 38159.1, 26.104,338.265,0.806821,359.8,  9.266,3.62e+01, 16.2,93.1, - 
5149,130100,15042016,08032021 090503, 762, 39508.9,  6.189, 55.750,0.045330,359.4,238.004,4.01e+00, 18.3,52.4, - 
5150,130101,26072017,09032021 102749, 724, 39782.2, 14.342,311.552,0.525812,359.7, 53.792,3.28e+01, 17.4, -  , - 
5151,130102,21092019,09032021 105534,  84, 39455.2,  2.654,282.040,0.114417,359.5, 65.452,5.29e+00, 17.2,43.6, - 
5152,130200,30012006,08032021 211700,   3, 39526.2,  3.304,271.856,0.091245,359.9,126.810,1.19e+00, 17.4, 0.4, 36
5153,130201,26042014,08032021 191704, 754, 39364.1, 28.351,347.038,0.274064,359.8, 47.329,1.93e+01, 17.5, -  , - 
5154,130202,28022017,08032021 173011, 655, 39492.9,  3.440, 55.382,0.277637,358.9,305.873,3.95e+00, 17.3, -  , - 
5155,130203,27102017,09032021 082041,1170, 39493.1,  6.145, 34.258,0.230133,359.1,315.752,5.03e+00, 18.1, -  , - 
5156,130204,11122018,09032021 095353, 198, 39463.0,  2.827,279.414,0.014505,359.6,111.916,5.61e+00, 17.0,30.7, - 
5157,130300,07062010,08032021 135608,3925, 39521.1,  7.093,316.618,0.178058,359.3,256.990,1.00e-02, 19.4, -  , - 
5158,130400,22112013,09032021 090518,  62, 39416.0,  4.728,210.064,0.121954,  1.2,104.261,6.39e+00, 17.1,12.0, - 
5159,130401,03102015,08032021 051923,1089, 39661.1, 23.470,  4.460,0.479851,359.7,309.528,2.37e+01, 17.1, -  , - 
5160,130402,06112015,08032021 170342,   1, 39349.9, 27.817, 56.743,0.486916,359.9,324.216,2.13e+01, 16.4, 0.1, 20
5161,130403,24032017,08032021 193357, 929, 39433.1, 16.817,327.512,0.334266,359.7, 75.963,1.56e+01, 16.9,73.4, - 
5162,130404,24102017,08032021 161647,1096, 39259.2, 33.366,356.756,0.601953,359.8,337.764,3.83e+01, 16.8, -  , - 
5163,130405,16022018,08032021 203305, 914, 40013.5, 35.007,355.923,0.267470,359.8,125.816,3.90e+01, 16.9, -  , - 
5164,130500,15022007,09032021 052131,   2, 39497.0,  1.214,330.545,0.223262,355.5,341.491,2.17e+00, 14.1, 0.5, 91
5165,130501,28012017,08032021 235851,   1, 42165.9,  0.108,103.650,0.000108,156.0,195.622,1.00e-02, 11.2, 0.1,  1
5166,130600,08102015,08032021 154731, 320, 39524.0,  1.756,276.682,0.096429,359.6,119.142,5.53e+00, 15.4,73.9, - 
5167,130602,23112019,08032021 213756, 136, 39545.4,  3.878,349.727,0.425144,358.3,328.188,2.24e+01, 17.2,13.9, - 
5168,130603,18122020,08032021 143516,  78, 39585.3,  5.617, 27.353,0.198337,358.9,317.873,4.44e+00, 17.6, -  , - 
5169,130604,07012021,09032021 083010,  20, 39674.1, 28.646,346.466,0.502658,359.8,346.783,3.28e+01, 16.3,19.9, - 
5170,130605,18022021,08032021 220204,  15, 39587.2,  2.986, 65.071,0.288658,359.0,230.253,2.15e+01, 17.8,96.5, - 
5171,130700,24022017,08032021 133118, 144, 39484.4,  9.558,337.252,0.180237,359.4,322.463,1.02e+01, 17.4,27.8, - 
5172,130800,19072010,08032021 144634,   2, 39361.1,  5.704,  0.108,0.099837,358.8,  3.807,9.09e+00, 16.3, 0.4, 32
5173,130802,28112016,08032021 172943,  58, 39582.1,  3.173,259.667,0.071307,  0.4, 98.438,5.20e+00, 16.9,11.3, - 
5174,130900,18082017,08032021 201415,1262, 39434.0,  4.927,318.303,0.367252,359.0,357.299,2.16e+01, 17.9, -  , - 
5175,131000,06022016,09032021 022346,1080, 39849.0, 11.761,357.754,0.056846,359.4,343.344,1.06e+01, 17.4, -  , - 
5176,131100,26092013,09032021 000342,   3, 39692.3, 25.516,350.180,0.821357,359.7,203.127,8.90e-03, 11.0, 0.1,  1
5177,131200,11102013,08032021 213435, 112, 39721.3,  2.785,248.115,0.041411,  0.9,251.257,1.64e-01, 16.9, 3.4,584
5178,131201,02052013,09032021 042812,   1, 39840.4, 16.967,319.612,0.328085,359.7, 29.878,2.12e+01, 14.9, 0.1, 24
5179,131300,19112016,08032021 194211, 742, 39718.7, 23.485, 53.790,0.389461,359.8,281.477,2.16e+01, 16.9, -  , - 
5180,131301,22102020,09032021 115612, 134, 39677.2, 15.295,331.780,0.363766,359.6, 41.380,1.75e+01, 17.0,55.0, - 
5181,131400,13012008,09032021 000607,   1, 39775.2,  2.068,299.405,0.085685,358.5, 27.305,1.98e+00, 16.2, 0.1, 10
5182,131401,16122017,09032021 150900,  46, 39711.8,  4.608,303.668,0.132414,359.2, 44.798,4.81e+00, 17.2, 3.7,635
5183,131500,12032018,09032021 053435, 142, 39779.5,  4.211,272.978,0.110933,359.9, 27.946,2.28e+00, 18.0, 6.3, - 
5184,131501,22032018,09032021 020546, 743, 39819.6,  4.656, 96.568,0.200991,  0.2,343.633,7.17e+00, 17.6,86.6, - 
5185,131502,04022019,08032021 205825, 755, 39750.2,  3.834, 79.821,0.096037,359.7,283.890,7.18e+00, 17.6, -  , - 
5186,131503,03062019,09032021 005653, 458, 39722.0,  8.725, 94.731,0.400098,  0.1,258.876,7.01e+00, 17.8, -  , - 
5187,131504,23012020,08032021 170808, 402, 39753.1, 22.780, 55.190,0.389455,359.8,279.172,2.09e+01, 16.8,38.6, - 
5188,131600,26092009,09032021 005415,4038, 39746.3,  5.513,357.141,0.095547,358.8,  2.778,9.04e+00, 16.2, -  , - 
5189,131601,31032014,08032021 142538, 118, 40276.9, 23.844, 17.252,0.090612,359.7,327.157,1.89e+01, 18.2,12.5, - 
5190,131602,26102014,09032021 075757, 146, 39758.0, 10.781,116.438,0.141140,  0.3,204.312,7.50e+00, 17.0,11.7,941
5191,131603,20092017,09032021 063731,   5, 39823.4,  4.982, 79.365,0.101382,359.7,285.667,7.17e+00, 17.6, 0.6, 72
5192,131700,24032015,09032021 034038, 160, 39722.9, 13.353, 42.309,0.169483,359.6,182.114,1.01e+01, 15.9, -  , - 
5193,131701,02032016,08032021 223413,  17, 39845.7, 13.892, 42.858,0.093123,359.6,218.783,1.01e+01, 16.2, 5.1,949
5194,131800,15112012,08032021 150654,3032, 39825.2,  7.723, 22.054,0.212166,359.2,356.051,8.01e+00, 16.9, -  , - 
5195,131801,03082016,09032021 014310,   4, 39835.4,  6.203,294.393,0.064308,359.6,336.230,7.14e-02, 17.8, 0.3, 22
5196,131804,02032021,08032021 230539,   1, 39651.1, 29.322, 14.283,0.292101,359.8,349.395,4.69e+01, 16.6, 0.3, 59
5197,131900,05082007,09032021 114236, 908, 39856.9,  2.299,112.655,0.094018,  1.2,113.347,2.07e-01, 15.7,16.7, - 
5198,131901,28042017,09032021 014245, 199, 39838.8,  1.561, 66.985,0.023386,358.2,303.954,2.66e+00, 17.8, 7.8, - 
5199,131902,11102018,09032021 070030, 809, 40070.6,  5.875,359.188,0.183139,358.9,338.547,3.43e+01, 17.2, -  , - 
5200,131903,13012019,08032021 142548,   2, 39863.7,  1.980,103.970,0.075591,  0.8, 72.849,2.36e-01, 15.4, 0.3, 25
5201,131904,03022019,08032021 191515, 711, 39806.1, 26.952,341.744,0.295729,359.8,  2.808,1.08e+01, 17.7, -  , - 
5202,132000,01032016,08032021 192924, 901, 39958.6, 27.797,  5.187,0.320174,359.8,350.190,3.77e+01, 16.1, -  , - 
5203,132001,27012017,08032021 155543, 109, 39881.2,  6.204,293.832,0.027768,359.6, 11.497,1.52e+00, 17.9,15.1, - 
5204,132002,04012020,08032021 211143,   4, 39871.5, 17.888, 61.176,0.151930,359.8,273.713,5.68e+00, 16.0, 0.2, 24
5205,132004,17042020,09032021 131834, 110, 39867.1,  5.835,301.234,0.069333,359.4,353.028,1.14e-01, 17.6, 2.1,370
5206,132100,25082016,09032021 035357,  13, 39933.1,  8.034, 23.383,0.212958,359.2,354.521,8.31e+00, 17.0, 0.9,142
5207,132101,23122017,08032021 204632,1057, 39874.5,  2.475, 99.712,0.202532,  0.5,351.588,5.72e+00, 18.0,31.9, - 
5208,132102,11032018,09032021 005856, 790, 39962.2,  4.616,219.592,0.186206,  1.1,116.277,1.46e+01, 17.4, -  , - 
5209,132103,09092018,09032021 053955,  13, 39931.3,  1.650, 73.114,0.073582,358.7,242.434,5.78e+00, 17.9, 2.6,130
5210,132106,27102019,09032021 062322, 117, 39890.4,  7.637,124.802,0.256531,  0.5,195.189,1.50e+01, 17.3,15.2, - 
5211,132300,04102018,08032021 191836, 143, 39936.5,  4.992,266.008,0.116802,  0.1,176.684,5.92e-01, 16.8,13.2, - 
5212,132401,31122019,09032021 052137, 147, 39946.6,  0.565,101.027,0.088885,  2.8,204.548,2.07e+00, 17.2,21.9, - 
5213,132402,12102020,09032021 034706,   3, 39930.8,  5.802, 60.320,0.270403,359.4,238.653,4.63e+00, 15.3, 1.8,234
5214,132500,26102011,08032021 163002, 341, 39944.9,  6.886,298.591,0.048807,359.5,151.258,7.76e-01, 17.6,29.6, - 
5215,132501,21022017,09032021 012822, 614, 39981.5, 29.295, 19.425,0.419849,359.8, 19.286,3.30e+01, 16.5, -  , - 
5216,132502,21082017,09032021 020425,1232, 39700.9,  4.343,337.389,0.412151,358.6,340.018,2.24e+01, 17.4, -  , - 
5217,132503,15032018,09032021 134600,1021, 39736.8, 28.332,345.124,0.659705,359.8, 48.455,3.17e+01, 17.4, -  , - 
5218,132504,26032019,08032021 184727, 612, 40433.4, 24.901,353.470,0.197909,359.7,261.799,2.79e+01, 17.6, -  , - 
5219,132505,23112019,08032021 210856,   0, 40208.4, 28.740, 14.721,0.264373,359.8,  1.561,3.09e+01, 16.5, 1.7,291
5220,132600,14022013,09032021 015237,   1, 40032.0,  3.833,275.502,0.180999,359.8,126.008,3.39e+00, 14.9, 0.1, 11
5221,132601,23112006,09032021 113821,  20, 39989.5,  5.610,274.586,0.069948,359.9, 68.544,4.34e-01, 17.6, 0.4, 64
5222,132602,08112010,09032021 104110, 340, 40298.4, 10.701, 52.784,0.037279,359.6,179.829,8.46e+00, 16.1,71.6, - 
5223,132603,16032015,08032021 211652,   9, 40346.2,  3.867, 85.814,0.222352,359.9,210.527,1.58e+01, 16.0, 0.7,133
5224,132604,19092017,08032021 193135,   4, 40003.7,  3.674,263.034,0.088493,  0.2,114.998,2.03e+00, 17.5, 0.6, 73
5225,132605,08102018,08032021 094538, 882, 39993.9,  1.254,100.867,0.019313,  1.1,296.229,8.66e-01, 18.6, -  , - 
5226,132607,25102019,08032021 212809,  19, 39862.0, 12.458,  6.884,0.075680,359.5,311.327,1.07e+01, 17.3, 1.7,277
5227,132700,19092017,09032021 070340,   0, 39785.7,  4.427,231.265,0.123666,  0.9,145.041,6.09e+00, 17.5, 0.3, 22
5228,132702,16022021,09032021 164115,  17, 40014.0,  3.481,265.479,0.094012,  0.2, 42.819,2.09e+00, 18.0, 0.8,138
5229,132800,11092017,09032021 091911,1201, 40014.7,  3.905,  2.537,0.110863,358.3,290.229,4.11e+00, 18.2, -  , - 
5230,132802,13112020,09032021 022541, 111, 40025.4,  3.901, 61.472,0.263289,359.2,116.832,5.33e+00, 17.7, -  , - 
5231,132901,20102017,09032021 011216, 644, 40053.4,  4.128, 73.499,0.043288,359.5,143.014,1.74e-02, 18.5, 0.5, 60
5232,132902,15042018,09032021 082301,   1, 40051.9,  2.408, 87.340,0.042870,359.9,148.804,9.73e-03, 10.3, 0.1,  1
5233,132903,08082019,09032021 095346, 160, 39977.8,  5.816, 58.952,0.202160,359.4,239.608,5.25e+00, 15.5,70.6, - 
5234,133000,19102015,08032021 205956, 116, 40050.5,  5.981,279.282,0.053991,359.8,298.266,4.32e+00, 18.1, 5.7, - 
5235,133002,09012018,08032021 103811,1116, 40260.7, 36.619, 33.264,0.121610,359.8,161.186,2.13e+01, 16.9, -  , - 
5236,133003,19022018,08032021 195122, 401, 39847.1, 28.782,320.555,0.385091,359.8, 61.425,1.86e+01, 16.2,51.1, - 
5237,133101,14032018,09032021 100148,1064, 40129.5, 15.888, 67.585,0.154284,359.8,243.833,1.82e+01, 18.0, -  , - 
5238,133102,20062018,09032021 052603,  24, 40098.0,  5.519,258.615,0.090868,  0.2,193.503,2.46e-01, 14.5, 0.8,122
5239,133201,15042018,09032021 021141, 467, 40074.0,  6.097,334.307,0.172687,359.0, 18.810,3.11e+00, 18.0,17.3, - 
5240,133202,11022021,09032021 043203,  23, 40091.4, 10.140,216.581,0.338115,  0.5,218.025,3.74e+01, 17.6, -  , - 
5241,133300,19052006,08032021 234433,   3, 40153.8,  6.918,296.484,0.000204,359.6,296.091,1.74e+00, 16.0, 0.1, 23
5242,133301,26082008,09032021 014034,2359, 40382.1,  7.364, 69.722,0.410349,359.7,213.882,2.83e+00, 15.5, -  , - 
5243,133302,30042017,08032021 173639, 683, 40125.8,  9.576, 86.249,0.118602,360.0,248.848,8.70e+00, 17.1, -  , - 
5244,133303,14022018,09032021 034750,1114, 40059.8, 15.067, 58.332,0.200254,359.8,322.231,1.30e+01, 17.7, -  , - 
5245,133304,04032018,08032021 201508, 615, 40138.8,  3.954,289.167,0.033166,359.5,218.437,1.54e-01, 14.6,18.2, - 
5246,133305,24072019,08032021 162112,   7, 40134.5,  3.741,285.510,0.093012,359.5,174.010,1.45e-01, 14.3, 0.4, 29
5247,133306,28082019,08032021 235059, 319, 40192.5,  5.628,101.637,0.126118,  0.2,233.804,8.73e+00, 17.3,19.2, - 
5248,133307,28122019,08032021 175216,  10, 40108.9, 17.458, 60.968,0.030967,359.8,126.619,5.87e+00, 15.7, 5.4,988
5249,133400,01012008,09032021 025923, 584, 40153.1,  5.163,311.859,0.095907,359.2,314.578,2.34e+00, 16.9,37.4, - 
5250,133402,11102018,09032021 114018, 760, 40147.9,  3.128,264.115,0.025622,  0.2,295.696,5.32e+00, 15.8, -  , - 
5251,133403,03082019,08032021 203142,   4, 40166.0,  6.109,306.909,0.036652,359.4,305.077,2.34e+00, 16.7, 0.4, 69
5252,133500,29112011,08032021 225415,  53, 40087.6,  3.504,257.076,0.189158,  0.4,113.027,2.09e+00, 16.5,10.9, - 
5253,133501,20052007,09032021 115803,3463, 40222.0,  3.562, 67.204,0.074126,359.2,103.583,2.56e+00, 14.7, -  , - 
5254,133503,26082016,08032021 075302, 522, 40121.3,  1.818,340.141,0.192239,356.6,340.476,7.93e+00, 17.9,51.6, - 
5255,133504,30072016,09032021 054646,  16, 40179.4,  7.232,296.138,0.056570,359.6,332.986,3.36e-02, 17.9, 0.5, 37
5256,133506,16092017,08032021 220500,   7, 40172.5,  6.587,255.521,0.108358,  0.3,197.346,5.01e+00, 17.5, 0.4, 42
5257,133507,17092017,09032021 042116,1230, 40162.2,  5.577,335.890,0.087719,358.9,  3.851,1.82e+00, 18.4,26.2, - 
5258,133508,26042019,08032021 210840, 107, 40176.5,  3.707,286.792,0.093341,359.5,171.237,1.08e-01, 17.3, 2.1,317
5259,133509,10012021,09032021 013813,   0, 40132.3, 10.003,277.977,0.538195,359.9, 67.207,2.40e+01, 17.1, 0.2, 26
5260,133600,08032016,09032021 042229, 411, 40143.5,  1.637, 61.800,0.055664,357.9,283.261,2.86e+00, 17.7,28.9, - 
5261,133601,07092016,09032021 092652,1113, 40193.8,  7.148,297.217,0.047218,359.6,318.064,1.23e-01, 18.3,29.1, - 
5262,133602,21022018,08032021 180132, 195, 40198.1,  7.173,297.909,0.050245,359.6,311.082,3.55e-02, 18.1, 1.6,213
5263,133603,20032018,09032021 082019, 738, 40191.9,  3.552,295.159,0.118811,359.2,108.167,2.29e-01, 17.6, 5.7,431
5264,133604,06102018,09032021 005106, 670, 40403.7, 32.455, 27.903,0.175943,359.8,309.901,3.22e+01, 17.3, -  , - 
5265,133605,22112019,09032021 144531,   3, 40201.1,  2.584,145.179,0.207294,  2.2,171.000,7.70e+00, 17.4, 0.4, 31
5266,133700,17092015,08032021 233605, 497, 40018.9, 17.216, 32.060,0.333198,359.7,308.795,6.89e+00, 16.0, -  , - 
5267,133701,18022018,08032021 221845,1112, 40191.2,  4.707, 32.600,0.222541,358.8,345.464,5.17e+00, 17.8,26.2, - 
5268,133702,24112019,09032021 101453, 444, 40163.2,  3.477,264.845,0.107470,  0.2,132.205,1.41e+01, 16.3, -  , - 
5269,133703,08022021,08032021 195258,  14, 40221.4,  2.707, 91.969,0.090233,  0.1,206.470,1.12e+00, 17.6, 0.2, 43
5270,133801,07122016,08032021 120428,1524, 40311.3, 21.524,336.822,0.645682,359.7,280.392,4.37e+00, 16.6, -  , - 
5271,133802,26042019,08032021 093649,  26, 40175.8,  3.315,266.674,0.092157,  0.1, 74.945,5.29e+00, 17.8, 1.6,224
5272,133900,26042006,09032021 142551,1055, 40448.2, 16.268,  0.609,0.048347,359.6, 88.199,1.34e+01, 16.9, -  , - 
5273,133901,20102006,09032021 093323,   1, 40315.1, 27.930,347.930,0.306992,359.8,355.456,1.18e+01, 15.7, 0.2, 20
5274,133902,04112011,08032021 210607,  28, 40109.8,  4.073,265.600,0.045870,  0.1,324.193,6.00e+00, 15.8, 8.5, - 
5275,133903,27092013,09032021 033209, 664, 40030.1, 11.748, 62.385,0.374685,359.7,226.857,4.46e+00, 15.8, -  , - 
5276,133905,30082016,08032021 135431, 377, 40198.2,  2.960,130.447,0.251142,  1.5,185.914,7.26e+00, 17.6,30.5, - 
5277,133906,14032018,09032021 001415, 344, 40237.4,  2.258,244.687,0.112462,  1.2, 49.752,4.17e+00, 18.1,21.7, - 
5278,133907,01122019,09032021 002948, 380, 40226.5,  4.587, 33.012,0.211985,358.8,343.994,4.53e+00, 17.4,66.7, - 
5279,134000,08122007,08032021 170943,   9, 40207.6,  4.326, 78.015,0.118587,359.7,327.170,4.27e+00, 15.4, 3.3,623
5280,134001,23012017,08032021 131254,   0, 40250.0, 13.017, 16.768,0.159786,359.5,304.330,1.20e+01, 16.9, 0.1, 13
5281,134002,24032017,09032021 071830, 352, 40281.1,  8.371,286.037,0.100469,359.8, 10.353,8.08e-02, 17.8, 3.0,507
5282,134100,11062012,08032021 092624, 407, 40395.6,  4.777, 70.222,0.038750,359.5, 75.729,2.59e+00, 17.5, -  , - 
5283,134102,12032018,08032021 122821,   0, 40284.6,  4.225,274.097,0.086043,359.9,155.209,1.27e+00, 16.3, 0.1, 13
5284,134103,12062018,08032021 194104, 999, 40292.8,  2.537,269.378,0.039685,  0.0,245.398,6.27e+00, 18.0,29.4, - 
5285,134104,15102018,09032021 083913, 873, 40284.4, 19.577,356.631,0.205172,359.7,304.812,7.56e-02, 16.7, 2.5,194
5286,134105,30112018,09032021 065055, 793, 40248.3,  3.345,267.504,0.101546,  0.1,144.673,9.14e+00, 16.8, -  , - 
5287,134106,09012019,08032021 161729, 337, 40291.9,  3.996,294.156,0.032304,359.3, 69.997,1.97e+00, 16.2,12.4,849
5288,134200,19102006,09032021 133832, 109, 40361.3,  7.455,299.111,0.051286,359.6,328.901,3.84e-01, 16.8, 6.1, - 
5289,134201,03042017,09032021 053539, 139, 39886.7,  3.421,250.655,0.776801,  0.6,104.232,4.45e+01, 17.2,34.1, - 
5290,134300,27072014,09032021 065642,  76, 40341.0,  3.911,266.698,0.207865,  0.1,137.593,2.41e+00, 17.0, 6.9,870
5291,134302,11072016,08032021 151543,1285, 40348.0,  4.812, 69.964,0.108200,359.5,158.980,1.84e+00, 17.3, -  , - 
5292,134303,14092017,08032021 231007,1086, 38838.3, 21.522, 26.652,0.274195,359.7,352.752,3.71e+01, 17.5, -  , - 
5293,134304,16012018,08032021 101713, 472, 40327.4,  0.966,211.726,0.098793,  5.5,213.615,4.67e+00, 18.0,12.5, - 
5294,134305,17042020,08032021 194503, 137, 40352.3, 11.260, 56.163,0.217973,359.7,246.471,7.13e+00, 16.1,85.2, - 
5295,134306,08112020,09032021 003029, 117, 40379.0, 23.432, 16.195,0.186095,359.7,312.317,2.06e+01, 18.1, -  , - 
5296,134400,31072006,08032021 125847,   0, 40382.1,  0.713,277.569,0.073775,359.0,322.546,5.44e+00, 17.6, 0.2, 24
5297,134402,28092011,09032021 025737,  44, 40323.4,  7.302,299.913,0.051661,359.6,329.698,6.76e-01, 16.4, 5.0,903
5298,134403,04122013,08032021 150816,   0, 40354.1,  2.705,298.321,0.057394,358.9, 91.220,4.17e+00, 17.0, 0.3, 41
5299,134404,16122015,08032021 194604,  14, 40352.0,  5.045, 45.214,0.167159,359.0,337.172,4.54e+00, 17.4, 1.0,144
5300,134406,30112017,09032021 081620,  14, 40285.5,  3.743, 81.521,0.204003,359.7,129.639,1.76e+00, 14.5, 2.2,381
5301,134500,28102016,08032021 231711,   4, 40291.1,  8.385,334.054,0.141922,359.3,  2.535,7.44e+00, 17.2, 0.4, 56
5302,134501,14122018,09032021 004253, 212, 40364.1,  0.979,260.488,0.039087,  1.0,247.027,1.59e-01, 17.2, 2.8,471
5303,134600,17012008,09032021 010600,   3, 40353.7,  2.515,351.376,0.090864,357.4, 35.664,4.50e+00, 15.3, 0.1, 15
5304,134602,26072014,08032021 153701,   1, 40412.6, 20.287, 44.557,0.221959,359.8,320.569,1.05e+01, 16.1, 0.3, 23
5305,134604,08062016,08032021 160918, 253, 40444.2, 22.702, 62.286,0.124614,359.9,216.383,1.78e+01, 16.5,20.3, - 
5306,134605,30072016,08032021 195923, 205, 40541.5,  0.275,329.192,0.087338,343.4, 31.085,3.10e+00, 18.3, 8.0, - 
5307,134608,08102020,09032021 001959, 148, 40089.4, 17.745,305.954,0.490256,359.8, 33.248,2.44e+01, 17.1,16.1, - 
5308,134700,16062007,08032021 171321,   4, 40455.7,  2.414,280.442,0.067076,359.5, 85.246,1.39e+00, 15.8, 0.7,127
5309,134701,05092016,08032021 200516,1056, 40273.4,  4.577,268.462,0.076785,  0.0,111.954,5.23e+00, 18.0,51.9, - 
5310,134702,17092017,08032021 234126,   3, 40425.2,  6.522,277.678,0.129798,359.9, 48.086,3.68e+00, 17.8, 0.3, 45
5311,134703,17022018,09032021 041210, 103, 40365.1, 30.305,  6.093,0.186460,359.8,334.694,1.04e+01, 16.9,15.9, - 
5312,134704,15032018,09032021 074445, 491, 40478.3, 30.467,325.058,0.372353,359.8,352.755,2.87e+01, 17.1,89.0, - 
5313,134705,14082018,08032021 205704,  23, 40419.0,  0.714,289.537,0.043493,357.3, 56.853,2.68e+00, 17.7, 6.1, - 
5314,134706,20012020,09032021 123057, 410, 40344.5, 24.610,325.000,0.300802,359.8, 55.906,1.52e+01, 18.2, -  , - 
5315,134800,30012016,09032021 025222, 192, 40413.8, 12.591, 12.544,0.148906,359.5,155.537,2.35e-01, 16.9, 6.8, - 
5316,134801,16012018,09032021 011408,1142, 39597.9, 24.372,359.448,0.703211,359.7,350.241,4.65e+01, 16.7, -  , - 
5317,134802,13042020,09032021 012058, 327, 40427.8,  2.566, 68.398,0.102297,359.0,240.096,2.10e+00, 18.1, -  , - 
5318,134901,10102010,09032021 035241,   1, 40459.2,  7.682,301.394,0.041811,359.6,296.879,3.61e-02, 16.0, 0.1,  4
5319,134902,18082014,08032021 180445,  12, 40448.3,  5.676,280.727,0.046919,359.8, 39.864,1.38e+00, 17.0, 0.9,154
5320,134903,09092016,08032021 092413,   2, 40495.5,  5.805,280.286,0.054025,359.8, 64.397,1.96e+00, 17.6, 0.3, 39
5321,134904,19022020,08032021 145950, 381, 40290.0, 33.929,  7.935,0.329609,359.8,304.094,2.76e+01, 18.2,49.8, - 
5322,134905,20042020,08032021 125626, 172, 40319.2,  3.068, 55.738,0.152542,358.7,187.205,8.42e+00, 17.9, -  , - 
5323,135001,27042012,09032021 003636,2337, 40362.6, 12.851, 34.876,0.372190,359.6,286.029,8.83e+00, 16.0, -  , - 
5324,135003,13032018,08032021 135939,   2, 40603.4, 22.409,329.825,0.216990,359.7, 56.924,1.14e+01, 16.9, 0.4, 56
5325,135101,08062008,09032021 055203, 384, 40685.2, 10.591, 32.705,0.463574,359.5, 14.316,9.75e+00, 17.3, -  , - 
5326,135103,12062016,09032021 065100,   0, 41132.5,  6.393,349.866,0.021202,359.0,224.963,8.07e-03, 10.8, 0.1,  1
5327,135104,06112018,09032021 025706,   1, 40422.0,  5.851,297.947,0.023950,359.5,218.503,5.83e+00, 16.2, 0.1, 10
5328,135105,12092020,08032021 214451,   4, 40259.5,  9.261,308.446,0.484029,359.6, 28.002,2.02e+01, 17.6, 0.4, 73
5329,135200,23042011,09032021 073505, 246, 40573.2,  1.401, 74.807,0.027850,358.6, 27.838,8.23e-01, 13.0,33.4, - 
5330,135201,16022013,08032021 203409,  15, 40508.0,  1.477, 74.560,0.060100,358.7,335.427,1.95e+00, 16.4, 2.6,484
5331,135203,30092019,08032021 221005, 190, 40520.8,  8.675,193.863,0.667085,  0.7,303.833,7.03e-01, 17.5, -  , - 
5332,135204,19042020,09032021 085812, 318, 40444.4, 16.468, 81.040,0.645224,359.9,214.718,2.07e+01, 17.9,31.0, - 
5333,135300,26062009,08032021 231055,   3, 40546.4,  8.283,241.414,0.066446,  0.4,160.683,5.79e+00, 17.1, 0.4, 37
5334,135302,30082016,08032021 213925, 499, 40529.9,  2.786,250.929,0.178861,  0.8,117.160,4.92e+00, 18.2,21.1, - 
5335,135303,29062017,08032021 222423, 206, 40529.4,  7.850,302.217,0.036795,359.6,286.006,5.89e-02, 17.5, 1.7,298
5336,135304,12102018,09032021 014834, 677, 40517.3,  3.773,274.674,0.071963,359.9,127.891,3.55e+00, 18.1,47.4, - 
5337,135400,04112007,09032021 030637,   4, 40274.6,  2.132, 90.092,0.022225,360.0,274.967,1.13e+00, 16.8, 0.4, 49
5338,135401,02072017,08032021 123403,1290, 40611.1, 29.383,351.068,0.656295,359.8,328.338,3.14e+01, 17.2, -  , - 
5339,135402,16122017,08032021 211232, 726, 40950.8,  6.476,283.731,0.415477,359.8,101.807,2.55e+01, 16.8, -  , - 
5340,135403,15062018,09032021 014247, 988, 40550.9,  4.044,278.235,0.073787,359.8,162.875,3.84e-01, 18.3, 5.2,321
5341,135404,15082018,09032021 000436, 855, 40274.6,  9.273,308.299,0.482871,359.6, 27.454,2.02e+01, 17.4, -  , - 
5342,135405,01102019,08032021 185438, 522, 40443.7, 16.549,102.961,0.407790,  0.1,268.293,1.69e+01, 17.0, -  , - 
5343,135406,21012020,09032021 071119, 313, 40499.6,  9.932, 87.159,0.139719,360.0,297.871,1.67e+01, 17.6,47.8, - 
5344,135407,25022020,09032021 203720, 362, 40552.3, 15.085, 71.114,0.562662,359.9, 58.384,1.21e+01, 13.1, -  , - 
5345,135500,03052011,09032021 044553,   1, 40575.7,  7.919,295.660,0.063314,359.6, 35.890,2.98e+00, 17.1, 0.1,  7
5346,135501,06032012,09032021 055304,3272, 40482.4, 30.481,333.129,0.361527,359.8, 64.483,2.38e+01, 15.5, -  , - 
5347,135502,22052018,09032021 054243,  61, 40565.4,  2.261,276.283,0.038438,359.7,185.365,1.44e-01, 16.4, 1.8,288
5348,135503,04112018,08032021 221728, 767, 40144.5, 39.652, 31.045,0.767595,359.8,316.328,3.21e+01, 16.6, -  , - 
5349,135504,03042019,09032021 001557,   4, 40489.3,  3.782, 29.971,0.172577,358.4,299.330,5.98e+00, 14.7, 1.2,221
5350,135600,05072016,08032021 143319, 133, 40579.8,  0.235,  3.390,0.042873,333.1, 78.160,1.61e-01, 17.3, 3.6,575
5351,135601,20072020,08032021 145404,  47, 40595.6,  0.272,288.924,0.013648,354.4,359.331,1.72e-01, 17.4, 1.5,259
5352,135701,19102019,08032021 155737, 491, 40630.7,  7.305,218.023,0.538666,  0.7,246.995,1.55e+01, 16.9, -  , - 
5353,135702,15112019,09032021 043854, 111, 40564.9,  3.258, 84.305,0.244597,359.8, 30.114,1.97e+00, 14.3,35.6, - 
5354,135800,09052016,09032021 094559,  49, 40584.5,  3.882, 80.098,0.066000,359.7,223.535,1.59e-02, 17.3, 1.7,229
5355,135801,28042017,09032021 095445, 556, 40469.1,  5.011, 68.177,0.221184,359.5,240.913,7.31e+00, 17.9,87.5, - 
5356,135802,14072017,08032021 144612,  42, 40634.9,  4.157, 77.611,0.032224,359.6,120.213,4.93e-02, 17.6, 0.9,103
5357,135803,24022018,09032021 040855, 968, 40638.4,  8.032,304.192,0.040154,359.5,303.890,4.50e-02, 18.0, 3.3,533
5358,135804,15032018,08032021 163956, 302, 40613.3,  2.620,263.486,0.228705,  0.3, 54.850,3.12e+00, 16.9,78.9, - 
5359,135805,03042019,09032021 043423, 178, 40636.1,  2.134, 97.114,0.084756,  0.4,115.202,3.22e+00, 14.4,44.7, - 
5360,135806,09082019,08032021 155051, 558, 40589.7, 14.933,106.876,0.367415,  0.1,269.339,1.69e+01, 17.4,43.9, - 
5361,135807,14102020,08032021 190554, 144, 40669.6,  8.792,274.156,0.411090,359.9,205.278,7.95e+00, 18.1, -  , - 
5362,135808,04122020,08032021 144508,  83, 40616.4,  8.772,233.465,0.515507,  0.5,249.797,7.40e+00, 15.6, 6.1,736
5363,135901,31012017,09032021 040311, 588, 40619.7,  4.382,274.994,0.034568,359.9,156.449,5.41e+00, 17.2,27.2, - 
5364,135902,13032018,09032021 040442, 159, 40607.8,  7.691,297.313,0.231989,359.6,237.744,1.77e+00, 17.8, 4.2,724
5365,135904,01102019,09032021 011914, 114, 40656.8,  2.628, 55.497,0.139675,358.5,265.188,1.99e+00, 15.4,19.8, - 
5366,135905,16112019,08032021 165552, 316, 40644.9,  7.299,208.198,0.405533,  0.8,289.416,3.66e+00, 14.7, -  , - 
5367,135906,17042020,08032021 220442, 313, 40642.6, 12.605, 66.466,0.413856,359.8,345.214,2.69e+01, 17.0,44.8, - 
5368,136000,08102013,09032021 005145, 329, 40651.5,  4.576, 34.681,0.196261,358.8,291.598,1.65e+00, 15.8,61.1, - 
5369,136002,27072015,09032021 100815, 195, 40683.6,  2.056,279.532,0.022415,359.5,241.246,9.77e-02, 17.7, 5.0,819
5370,136004,21012018,09032021 111738,   0, 40664.9,  5.147,284.045,0.030853,359.7, 86.777,6.09e-02, 17.7, 0.1,  8
5371,136005,20012020,09032021 002232, 310, 40650.4, 19.952, 67.159,0.117370,359.9,237.960,7.71e+00, 16.1, -  , - 
5372,136007,10102020,08032021 203544,  88, 40714.2,  6.069,262.670,0.574551,  0.1,234.785,4.52e+00, 16.7,26.6, - 
5373,136100,30112015,08032021 135312, 436, 40695.8,  7.707,308.508,0.040542,359.5,285.880,1.00e-02, 17.3, 8.5, - 
5374,136101,22032018,08032021 154613, 643, 40602.0, 10.525, 85.302,0.152066,359.9,298.014,1.69e+01, 17.4,55.7, - 
5375,136102,13032019,08032021 144756, 303, 40649.1, 22.060, 25.584,0.195776,359.7,352.588,9.99e+00, 16.8,17.5, - 
5376,136103,03072019,08032021 070021, 292, 40751.6,  8.512,224.826,0.553119,  0.6,270.227,2.48e+00, 16.6,18.0, - 
5377,136104,10082019,09032021 011511,  83, 40631.6,  8.551,121.722,0.561415,  0.4,224.587,2.58e+01, 16.5,44.1, - 
5378,136200,02082008,08032021 163658,  16, 40699.6, 13.190, 10.151,0.080417,359.5, 49.986,2.00e+00, 17.1, 0.4, 55
5379,136201,03032011,08032021 214842,   1, 40714.8,  1.311,291.335,0.026431,358.3,214.006,9.18e-01, 17.0, 0.3, 43
5380,136202,19122011,08032021 192634, 854, 40470.6,  6.833,289.275,0.158938,359.7,266.245,5.77e+00, 16.2,34.2, - 
5381,136203,25112011,09032021 050154,  49, 40606.9,  2.177,292.349,0.085553,358.9, 99.603,2.58e+00, 16.4, 8.9, - 
5382,136205,13022016,09032021 114123,   1, 40715.1,  4.122, 81.799,0.029338,359.8,114.558,2.56e-03, 16.1, 0.1,  4
5383,136206,19032018,08032021 184337, 968, 40691.7,  2.763, 83.009,0.168088,359.7, 36.553,2.36e+00, 14.1, -  , - 
5384,136207,30092018,08032021 184804, 888, 40699.7,  4.760, 40.300,0.241732,358.9,308.173,7.10e+00, 18.0, -  , - 
5385,136208,08122020,09032021 090731,  87, 40609.6, 33.063, 14.272,0.510485,359.8, 13.495,1.75e+01, 16.7, 6.9, - 
5386,136300,03102011,08032021 122512,   3, 40760.4,  4.692,168.753,0.132755,  1.4, 42.856,5.29e+00, 15.6, 0.2, 26
5387,136301,02082014,08032021 152433,  56, 40786.2,  1.574, 76.704,0.044437,358.9,320.169,1.98e+00, 17.2,11.2, - 
5388,136302,05092015,09032021 054927,   1, 40737.6,  7.683,307.564,0.036206,359.5, 37.907,1.55e+00, 17.5, 0.3, 17
5389,136303,14022016,09032021 074551, 209, 40724.1,  4.194, 83.157,0.025787,359.8,132.196,1.35e-02, 17.4, 0.3, 43
5390,136400,01052011,09032021 004402, 721, 40557.6,  3.578, 25.405,0.175512,358.3,311.578,5.70e+00, 15.0, -  , - 
5391,136401,13092017,09032021 131142,1230, 40596.1, 14.603,275.774,0.395429,360.0, 67.493,2.27e+01, 16.6, -  , - 
5392,136402,20092017,08032021 230733, 827, 40757.0,  8.079,301.658,0.054664,359.6, 36.274,1.94e+00, 18.7,20.8, - 
5393,136404,27112019,08032021 235702, 109, 40712.2,  8.728,222.195,0.591471,  0.6,273.921,2.29e+00, 16.6,28.4, - 
5394,136500,25112011,09032021 182605,   4, 40615.9,  2.419,267.797,0.217501,  0.1, 46.689,3.14e+00, 17.0, 0.3, 43
5395,136501,27072012,09032021 043621,   2, 40782.6,  1.674,285.186,0.026231,359.0,187.531,3.97e-03, 16.5, 0.1,  7
5396,136502,26082019,08032021 095537, 522, 40769.9,  8.653,221.445,0.605518,  0.6,273.030,4.45e-01, 18.0, 5.7,237
5397,136504,28082016,09032021 124549, 314, 40774.0,  4.102,358.537,0.092067,358.4,320.400,4.54e+00, 17.9,26.5, - 
5398,136600,19102006,08032021 183505,   9, 40795.4,  8.572,302.102,0.075585,359.6, 87.624,9.35e-01, 16.0, 0.6,104
5399,136601,04062010,09032021 110245,1026, 40795.3, 13.986, 41.528,0.011277,359.6,237.963,1.06e+01, 17.2,73.6, - 
5400,136602,19072012,09032021 075503, 178, 40701.8,  8.501, 95.919,0.436028,  0.1,220.847,1.75e+00, 12.1,53.4, - 
5401,136701,10032016,09032021 112040,   2, 40810.6,  4.160, 79.995,0.024873,359.7,115.732,1.02e-02, 17.3, 0.1,  7
5402,136702,16022018,08032021 130304,1113, 40683.0, 18.246, 73.309,0.520170,359.9,287.958,1.72e+01, 17.4, -  , - 
5403,136703,17022018,09032021 023345, 382, 40804.4,  7.520,312.762,0.009941,359.4,332.808,1.62e+00, 18.4,12.1, - 
5404,136704,04072019,08032021 155631, 197, 40818.4,  1.123, 54.410,0.132080,356.2, 26.646,1.51e+00, 16.9,50.1, - 
5405,136705,21102019,09032021 004424, 137, 40909.2,  8.073,215.649,0.530944,  0.7,277.101,4.32e+00, 17.6, -  , - 
5406,136706,29042020,09032021 061047, 309, 40752.0, 11.537, 74.977,0.419230,359.8,232.809,2.06e+01, 18.2, -  , - 
5407,136800,18102006,08032021 203134,5194, 40922.0, 27.833, 18.376,0.223388,359.8,211.323,9.83e+00, 17.3, -  , - 
5408,136801,23112006,09032021 132051,5008, 40841.6, 17.629, 29.822,0.221283,359.7,327.521,9.66e+00, 17.8, -  , - 
5409,136803,15012016,09032021 055323,  72, 39872.3, 21.300, 33.695,0.662486,359.7,354.292,9.63e+00, 16.8, 4.2,696
5410,136805,29102017,08032021 142253, 669, 40828.6,  9.436,354.651,0.127353,359.3, 33.435,9.71e+00, 16.3, -  , - 
5411,136806,21102020,09032021 065017, 136, 40753.6, 24.531,319.173,0.277735,359.8,358.468,1.35e+01, 17.5, 8.5, - 
5412,136900,22032009,08032021 161317,1301, 40783.2,  1.316, 64.268,0.096469,357.6, 33.736,1.83e+00, 17.6, -  , - 
5413,136902,18102014,09032021 035259,   2, 40850.4,  5.619,286.254,0.030311,359.7, 77.938,3.07e-02, 17.5, 0.1,  5
5414,136903,21112016,09032021 083041,1563, 40836.2,  7.044,295.385,0.149276,359.6, 77.605,6.38e+00, 17.9,51.4, - 
5415,136904,22092020,08032021 210932, 116, 40928.5, 24.599,333.766,0.123773,359.8,320.157,1.22e+01, 17.1,52.6, - 
5416,137000,18102004,09032021 003049, 141, 40990.6,  2.304,289.319,0.023445,359.1,178.330,2.37e+00, 18.9,14.3, - 
5417,137001,23042009,08032021 231011,  16, 40886.9,  1.740, 58.336,0.017614,357.9, 21.648,1.89e+00, 16.2, 0.3, 50
5418,137002,05092011,09032021 114648,   1, 40876.1,  4.944, 45.775,0.221850,359.0, 53.742,2.14e+00, 16.2, 0.1, 18
5419,137003,15032018,09032021 040026, 565, 40762.6, 27.229,358.582,0.277084,359.7,347.878,1.21e+01, 17.5, -  , - 
5420,137004,14092020,08032021 184541, 133, 40847.2,  8.638,281.009,0.136819,359.9, 38.293,6.86e+00, 17.9,12.1,850
5421,137100,09112007,08032021 131052,3738, 40846.6,  7.565, 34.545,0.161568,359.3,317.544,6.95e+00, 15.3, -  , - 
5422,137101,25042009,09032021 155748, 355, 40406.7, 42.304,356.502,0.726920,359.8, 12.957,2.81e+01, 16.0,56.4, - 
5423,137103,08102015,09032021 055444,   3, 40890.2,  1.534, 55.932,0.064720,357.4,291.340,1.88e+00, 17.4, 0.1,  9
5424,137104,09072016,08032021 183219, 100, 40896.1,  3.174,284.134,0.028253,359.5,162.106,8.98e-03, 17.2, 1.3,231
5425,137105,06092016,09032021 052734,  21, 40902.0,  2.308,298.883,0.033524,358.7,126.801,1.53e-02, 17.7, 0.8, 70
5426,137106,09122017,09032021 010905,  26, 40891.9,  4.189,260.556,0.046637,  0.3,344.285,3.65e+00, 18.0, 0.9,125
5427,137107,08072018,08032021 060144,  46, 40817.9,  3.752, 60.797,0.300896,359.1,247.253,3.89e+00, 15.9,13.7, - 
5428,137110,02102019,08032021 153412,  84, 40824.2,  7.031,135.291,0.444846,  0.7,206.460,1.87e+01, 17.3, 8.2, - 
5429,137112,16112019,09032021 080205,  19, 40859.4,  9.597,  6.921,0.145260,359.3,357.771,1.01e+01, 16.6, 2.7,443
5430,137200,23072011,08032021 114019,3456, 40994.6, 19.370, 22.395,0.388084,359.7,286.362,9.63e+00, 16.1, -  , - 
5431,137300,21032010,09032021 111235, 455, 41472.9,  8.486,329.947,0.663557,359.3, 30.269,8.19e+00, 15.5, -  , - 
5432,137301,26102017,09032021 003404, 134, 40925.9,  1.897,289.934,0.013282,358.9,222.176,8.58e-02, 18.2, 1.6,282
5433,137302,12032018,09032021 114714,1004, 40931.7,  3.456,297.683,0.073780,359.1,152.134,1.17e+00, 17.4,32.5, - 
5434,137303,12032018,09032021 111331, 452, 40930.9,  3.428,299.393,0.049220,359.1,131.284,1.10e+00, 17.7,75.0, - 
5435,137304,21092019,08032021 141609, 458, 40925.4, 11.801, 70.358,0.435374,359.8,152.659,1.21e+01, 13.5, -  , - 
5436,137305,04102019,08032021 183248, 502, 40924.9,  7.217,229.534,0.050903,  0.6,184.594,5.69e+00, 18.7,56.8, - 
5437,137400,18022012,09032021 165111,  19, 41131.1,  2.042,295.185,0.011400,358.7,259.880,3.48e-02, 16.6, 0.7, 50
5438,137404,26012018,09032021 070410, 405, 40949.9,  7.199,304.200,0.239181,359.5,337.726,5.67e-01, 18.2,34.5, - 
5439,137405,18102018,09032021 010309, 383, 40942.9,  1.998,296.506,0.021592,358.6,318.329,1.40e+00, 18.0, 3.5,623
5440,137500,18042010,08032021 200507,  16, 40972.2,  1.931, 36.156,0.037443,357.1,262.063,2.52e+00, 16.2, 0.4, 74
5441,137502,20092015,08032021 083721,1162, 40898.4,  4.460, 64.894,0.312984,359.3,248.172,3.91e+00, 15.7, -  , - 
5442,137503,22092017,08032021 110235,   0, 40983.1,  6.054,288.717,0.060381,359.7,  9.210,2.15e+00, 17.4, 0.4, 28
5443,137601,16022016,09032021 020742,   5, 40985.4,  4.153, 83.839,0.023682,359.8,100.668,8.71e-03, 17.4, 0.1, 10
5444,137602,22092017,09032021 145652,   0, 41000.3,  1.597,298.861,0.045428,358.1,143.306,7.82e+00, 17.5, 0.2, 34
5445,137603,18022018,09032021 001915,  12, 40995.6,  2.638,286.936,0.014582,359.3,236.074,1.04e-01, 18.2, 0.3, 33
5446,137604,25082018,09032021 145250, 149, 40994.2,  1.319,296.694,0.129051,357.9, 75.293,8.21e+00, 17.1,38.8, - 
5447,137606,15082020,09032021 111347, 199, 40924.4,  5.958,160.737,0.503902,  1.1,180.217,2.29e+01, 16.9,20.4, - 
5448,137700,01122011,09032021 035108, 118, 41021.2,  6.097,298.326,0.081789,359.5, 94.501,1.94e+00, 17.3, 2.4,393
5449,137701,05072016,08032021 222537,  31, 41004.6,  0.543,329.140,0.015720,350.6,265.745,2.18e-01, 16.2, 1.1,154
5450,137702,06112016,08032021 135910, 519, 41009.0, 22.424, 18.084,0.222116,359.7,327.267,1.16e+01, 17.3,57.4, - 
5451,137703,12012018,08032021 180802, 797, 41086.9,  5.827,154.811,0.546700,  1.0,191.811,2.30e+01, 16.6, -  , - 
5452,137704,11012019,09032021 162038, 143, 40923.6,  5.986,281.626,0.050012,359.8,299.640,3.80e+00, 18.0,12.1, - 
5453,137706,02112019,09032021 021815, 236, 40998.5,  4.055,281.833,0.034182,359.7,320.265,5.65e+00, 16.6,70.6, - 
5454,137800,23112012,08032021 104333,   9, 40567.0,  2.244,235.470,0.181896,  1.6, 67.186,7.44e+00, 16.1, 0.6, 91
5455,137802,24082016,08032021 225058, 143, 41015.6,  7.879,291.927,0.215033,359.7,255.974,8.02e-03, 18.2, 2.1,119
5456,137803,06112016,08032021 223346,1581, 41070.2,  8.029, 56.277,0.530466,359.5,264.728,2.47e+00, 17.3, -  , - 
5457,137804,21042017,08032021 203032, 523, 41021.8,  4.165, 85.473,0.028073,359.9, 95.022,4.64e-02, 18.3, 6.8, - 
5458,137805,28042017,09032021 154537, 678, 41103.4, 27.729,358.397,0.153540,359.8,319.291,1.80e+01, 16.7, -  , - 
5459,137806,14072018,08032021 135229, 420, 40878.6, 17.805, 10.563,0.300492,359.6,  6.121,1.24e+01, 17.6,23.6, - 
5460,137900,20092011,08032021 161420,   1, 40962.0,  4.032, 48.735,0.195465,358.9,139.675,2.74e+00, 15.7, 0.2, 15
5461,137901,21022007,09032021 164406,   2, 41048.8,  1.089,304.360,0.018694,356.9,291.113,5.45e-02, 13.5, 0.1,  5
5462,137902,17042016,09032021 013852,   2, 40797.6, 15.184,296.801,0.525784,359.8, 71.752,4.83e+01, 14.2, 0.9,118
5463,137903,17072017,09032021 083823,1135, 40884.3, 34.428, 19.882,0.265393,359.8,325.598,3.13e+01, 17.4, -  , - 
5464,137904,04052019,08032021 152158, 141, 41044.8,  1.675, 48.980,0.129480,357.2,302.757,3.61e+00, 18.1,52.4, - 
5465,137905,20012020,09032021 043103,   3, 40999.5,  5.955, 14.180,0.075658,358.9,326.944,9.31e+00, 17.2, 0.3, 31
5466,137906,27042020,08032021 080829, 133, 40860.8,  3.602,102.375,0.516452,  0.4,215.467,1.96e+01, 17.5,12.1, - 
5467,137907,11092020,08032021 201022,  87, 41044.9, 14.595,  9.073,0.126380,359.5, 77.304,5.69e+00, 15.7,16.2, - 
5468,138000,20082007,09032021 115932,4241, 41088.3,  5.166, 60.532,0.347006,359.3,267.210,2.56e+00, 16.3, -  , - 
5469,138001,30122007,08032021 230323,3012, 40999.9,  7.140, 12.501,0.021613,359.1,285.871,7.33e+00, 16.8, -  , - 
5470,138002,21032010,09032021 123551,  17, 41081.0,  8.365,312.562,0.025069,359.5, 79.252,8.78e-01, 17.2, 0.5, 60
5471,138003,23082014,09032021 042138,   3, 41072.5,  4.590,298.230,0.072251,359.3,113.697,2.88e+00, 16.9, 0.2, 27
5472,138004,08022016,08032021 190549,1062, 40809.1, 33.544, 13.556,0.525231,359.8, 13.120,1.80e+01, 16.9,87.6, - 
5473,138005,16032018,08032021 202515, 995, 41025.8,  6.663, 23.252,0.121453,359.1,300.320,8.32e+00, 17.8, -  , - 
5474,138006,14042018,08032021 193256, 200, 41029.6,  3.076,282.831,0.011758,359.5,203.252,1.39e-01, 17.4, 2.3,265
5475,138007,26032019,08032021 140651, 669, 41061.9,  8.867, 88.686,0.052335,360.0,247.622,5.73e+00, 17.9, -  , - 
5476,138101,31012017,09032021 060504, 159, 41084.9,  5.087,292.439,0.291471,359.5, 41.132,2.02e+00, 17.6,17.0, - 
5477,138102,16092017,08032021 192636, 113, 41088.9,  6.084,288.833,0.030743,359.7, 70.517,5.15e-02, 17.9, 5.7,162
5478,138103,15032018,08032021 191908,  16, 41080.6,  9.450,311.509,0.040116,359.5,  3.574,2.54e+00, 17.3, 1.4,263
5479,138104,09012019,09032021 050825, 440, 41046.7, 26.132,  6.143,0.264488,359.7,340.242,1.28e+01, 17.9, -  , - 
5480,138105,03062019,09032021 055503,   3, 41114.3, 18.108, 66.946,0.059594,359.9,233.800,3.13e+00, 15.2, 0.9,169
5481,138106,07082019,08032021 215353,  36, 40923.8, 20.512,306.580,0.396702,359.8, 30.060,2.17e+01, 16.5, 3.7,667
5482,138107,29122019,08032021 074838, 433, 41098.7, 17.339, 63.660,0.029844,359.8,261.107,1.67e+00, 17.6,31.5, - 
5483,138108,18122020,09032021 084831,  76, 41085.2,  6.069, 23.265,0.084787,359.0,231.070,4.53e+00, 16.5,16.3, - 
5484,138200,07022011,08032021 094340, 388, 41131.3,  9.133,311.683,0.063656,359.5,314.270,2.17e+00, 17.3,73.8, - 
5485,138202,22042017,09032021 152758, 265, 41040.8,  9.634, 48.323,0.573623,359.5,315.968,3.32e+00, 17.7,22.8, - 
5486,138203,21092017,08032021 070534,1138, 41103.0,  7.446,100.578,0.109411,  0.2,239.110,5.54e+00, 17.9,78.4, - 
5487,138204,18092017,09032021 102038,1111, 41115.3,  1.576,299.242,0.009879,358.1,226.679,1.69e-02, 18.4, 1.3,172
5488,138205,11032018,09032021 155740,1065, 41123.8,  7.118,309.384,0.099288,359.4, 19.745,1.91e+00, 18.1,33.3, - 
5489,138206,09082019,08032021 211350, 228, 41025.0,  7.788, 42.682,0.303892,359.4,265.995,5.15e+00, 16.7, -  , - 
5490,138300,22112010,08032021 231301,   1, 41141.7,  4.952,124.505,0.023401,  0.8,346.842,7.25e-03, 11.3, 0.1,  1
5491,138301,04042014,08032021 172829, 901, 41101.6, 10.215, 90.386,0.201647,  0.0,277.462,5.71e+00, 17.3,62.2, - 
5492,138302,23032017,09032021 075214,1058, 41095.8,  0.266,312.531,0.045167,347.5, 18.993,9.53e-01, 18.2, -  , - 
5493,138304,17022018,09032021 025408,   3, 41132.7,  9.028,308.680,0.025270,359.5,287.910,5.64e-02, 17.9, 0.1,  8
5494,138305,14032018,09032021 030728,1066, 41138.5,  2.887,309.245,0.044664,358.6,141.194,2.28e+00, 17.6,80.7, - 
5495,138306,17092018,09032021 095945, 703, 41134.9, 10.264,312.558,0.132458,359.6,121.267,2.93e+00, 17.4, -  , - 
5496,138307,03022019,08032021 141009, 556, 41138.2,  5.573,117.328,0.047576,  0.6,316.565,4.71e+00, 16.5,80.1, - 
5497,138308,25032019,08032021 211841, 464, 41108.3,  6.240,355.737,0.083676,358.9, 15.140,4.63e+00, 16.6,69.2, - 
5498,138309,02082019,09032021 015822, 380, 41121.6,  6.346,355.939,0.060083,359.0,270.857,4.66e+00, 17.4,61.3, - 
5499,138310,26092019,09032021 042142,  83, 41050.9,  6.300,350.395,0.095123,359.0, 15.199,4.91e+00, 16.4,15.7, - 
5500,138313,12102020,08032021 183919,   1, 41038.2,  7.203, 31.328,0.249118,359.2,  8.313,2.36e+01, 16.4, 0.3, 48
5501,138400,17012007,08032021 183339,2616, 41036.6,  6.037, 57.783,0.335842,359.4,255.490,2.74e+00, 15.3, -  , - 
5502,138401,02062007,08032021 175759,   1, 41141.5,  9.567, 34.487,0.000331,359.4,124.332,5.70e-03, 13.3, 0.1,  1
5503,138402,19122012,09032021 012640,   4, 41000.6,  4.453,281.273,0.035310,359.7,212.537,5.48e+00, 16.5, 1.1,212
5504,138403,24032014,09032021 001228,2534, 41154.6,  8.030, 93.764,0.044297,  0.1,216.903,5.43e+00, 16.4, -  , - 
5505,138404,03022016,08032021 035552,1402, 40875.6, 38.676,  5.531,0.707747,359.8,322.730,3.00e+01, 16.1, -  , - 
5506,138405,01022016,08032021 234946,1475, 41150.2, 27.082,317.712,0.388708,359.8, 21.724,2.49e+01, 17.1, -  , - 
5507,138406,12062017,08032021 222109, 695, 41137.7,  1.987,295.821,0.009419,358.6,314.134,8.51e-02, 17.6,30.6, - 
5508,138407,11092017,08032021 154452,  23, 41146.0,  1.608,304.704,0.024348,357.8,325.844,8.85e-01, 17.7, 1.1, 78
5509,138408,10032018,08032021 224210,1091, 41157.9,  4.772,264.872,0.058396,  0.1,171.730,1.79e+00, 18.4,91.3, - 
5510,138409,02112018,09032021 060415,  82, 41014.9,  4.607,181.925,0.433943,  1.4,163.129,2.27e+01, 16.8,18.6, - 
5511,138410,03022019,08032021 144400, 754, 41130.2,  5.593,346.192,0.087034,358.8, 71.135,7.75e+00, 17.7, -  , - 
5512,138411,11022019,09032021 082910, 411, 41112.0,  8.350,311.923,0.141020,359.5, 25.321,3.87e+00, 17.6,75.5, - 
5513,138412,26032019,09032021 003532, 185, 41145.7,  5.332,124.754,0.028214,  0.7,296.742,2.81e+00, 17.0,15.0, - 
5514,138413,26032019,08032021 220751, 683, 41150.1,  7.162,105.399,0.082079,  0.2,332.810,7.40e+00, 17.5, -  , - 
5515,138415,28082019,09032021 024705, 555, 41125.3,  2.443,314.498,0.047005,358.2,268.497,5.76e+00, 17.0, -  , - 
5516,138416,02102019,08032021 153921, 439, 41121.3,  6.225,357.946,0.135484,358.9,322.383,6.59e+00, 16.7,73.7, - 
5517,138417,07112019,08032021 151042, 272, 41040.5,  5.923, 16.794,0.260654,358.9, 39.681,2.36e+01, 16.3,29.7, - 
5518,138418,31012020,08032021 230059, 368, 41151.9,  7.147,104.577,0.075290,  0.2,334.965,8.57e+00, 17.7,18.2, - 
5519,138501,20092011,08032021 103357,   3, 41167.6,  1.425, 30.860,0.064374,355.8,282.275,1.96e+00, 16.9, 0.3, 22
5520,138502,05022016,09032021 110312,1504, 41131.5,  1.892, 57.690,0.148540,358.0, 13.515,3.73e+00, 17.2,72.4, - 
5521,138503,26022016,09032021 093848, 163, 41160.7,  2.111,295.939,0.017266,358.7,202.310,1.31e-01, 17.6, 6.1,314
5522,138504,07092016,09032021 034854, 113, 41174.9,  3.700,276.459,0.055982,359.8, 54.969,2.94e+00, 17.7, 8.9,614
5523,138505,12032018,08032021 215707,1039, 41201.7,  5.724,171.947,0.529902,  1.2,200.943,2.84e+01, 16.8, -  , - 
5524,138506,27092018,08032021 171454, 818, 41175.9, 16.085,272.219,0.327487,360.0,108.691,2.54e+01, 16.7, -  , - 
5525,138507,09082019,09032021 042225, 549, 41168.3,  2.818,319.294,0.068136,358.3, 15.101,5.41e+00, 16.8,52.6, - 
5526,138600,18121998,08032021 093550,   1, 41188.8, 11.576, 45.963,0.106110,359.6,195.181,1.12e-02, 12.0, 0.1,  1
5527,138601,25052006,08032021 233914,   4, 41184.9,  2.973,292.103,0.035587,359.2,149.460,1.52e-01, 17.4, 0.3, 29
5528,138602,09122007,08032021 103315,   2, 41190.6,  8.012,293.859,0.058925,359.7,138.117,3.32e+00, 15.8, 0.4, 69
5529,138604,20092017,09032021 002601,  70, 41184.3,  6.321,299.377,0.032349,359.5, 16.070,8.89e-01, 17.2,15.1, - 
5530,138606,21022018,08032021 132942, 612, 41005.9,  7.526, 33.318,0.263754,359.3,  7.499,2.37e+01, 16.4, -  , - 
5531,138607,17032018,08032021 083248,1084, 41184.5,  9.320,308.003,0.026472,359.6,313.506,1.74e-02, 18.6, 2.8,449
5532,138610,12082020,09032021 034842,  41, 41683.4,  7.697,296.569,0.544749,359.6, 91.250,4.15e+01, 15.5,29.4, - 
5533,138700,27072006,08032021 201342,5253, 41169.1,  3.731, 40.893,0.137218,358.6,275.052,3.61e+00, 17.8, -  , - 
5534,138701,04022008,09032021 011745,  16, 41207.1,  9.104,309.247,0.055671,359.5,336.426,1.55e-02, 17.0, 0.2, 27
5535,138702,27092011,09032021 053120,   4, 41157.1,  8.557,309.002,0.089879,359.5, 72.843,1.76e+00, 17.1, 0.4, 38
5536,138703,02022016,09032021 092414, 324, 41463.9, 20.372, 29.938,0.174629,359.7,310.889,1.05e+01, 16.5,82.0, - 
5537,138704,29072016,09032021 030620, 872, 41122.8,  6.899,318.704,0.280482,359.3, 18.162,3.79e+00, 17.7,55.1, - 
5538,138705,01042017,08032021 143648, 195, 41125.5,  0.769,331.109,0.046179,353.0,102.442,9.20e-02, 17.8,11.2,583
5539,138706,03032017,09032021 050349, 326, 41209.6,  4.210, 81.942,0.021447,359.8, 88.043,1.08e-02, 18.1, 1.0,161
5540,138707,13082017,08032021 220846, 817, 40906.6, 38.690,  5.485,0.705060,359.8,322.890,3.00e+01, 16.2, -  , - 
5541,138708,08032018,08032021 163443, 518, 41202.8,  6.308,286.433,0.108684,359.7,139.509,1.10e+00, 17.8,36.6, - 
5542,138800,08062008,09032021 031822,4653, 41416.0, 30.990,355.696,0.436190,359.8, 35.121,3.83e+01, 19.6, -  , - 
5543,138801,22102011,08032021 210814,  32, 41117.3,  7.817,297.250,0.046640,359.6,321.278,9.35e-01, 16.1, 5.2,949
5544,138802,16032012,09032021 021910, 762, 41345.6,  3.471, 69.643,0.174979,359.3,183.905,1.89e+00, 16.3, -  , - 
5545,138803,14062015,08032021 191014, 145, 41118.7, 16.650, 12.398,0.038436,359.6,273.273,3.54e+00, 16.7, 8.6, - 
5546,138804,27092016,08032021 221728,  17, 41237.6,  1.192, 40.349,0.047964,355.5,276.332,1.46e+00, 17.7, 0.7, 64
5547,138805,26082017,09032021 070428,   4, 41186.2,  7.316,  9.726,0.220483,359.1, 11.190,6.41e+00, 17.3, 0.4, 61
5548,138806,16092017,08032021 110936, 461, 41229.2,  8.090,292.291,0.009819,359.7,134.671,2.32e+00, 18.5, 5.2,902
5549,138807,24092017,08032021 163424, 911, 40870.2, 15.615,106.333,0.395633,  0.1,268.148,1.70e+01, 16.8,93.8, - 
5550,138808,19092017,08032021 181222,1259, 41205.5,  4.086,288.977,0.140115,359.5, 95.768,7.55e+00, 18.1, -  , - 
5551,138901,03082016,09032021 094707, 206, 41001.2, 11.818, 97.575,0.586655,  0.1, 47.602,4.21e-02, 17.6,13.4,240
5552,138902,09042018,09032021 034423,1011, 41405.4,  5.981,347.547,0.798969,358.9,202.901,1.27e+00, 17.6, 9.2, - 
5553,138903,22042018,08032021 120843, 968, 41194.0, 11.111, 29.004,0.515351,359.5,306.978,7.31e+00, 17.3, -  , - 
5554,138904,19102018,08032021 124429,  49, 41140.6,  2.362, 36.103,0.320322,357.6,197.263,2.85e+00, 15.2, 9.5, - 
5555,138905,27082019,08032021 144218,   0, 41249.6,  1.901,300.620,0.007281,358.3,216.366,2.75e-02, 17.8, 0.1,  2
5556,138907,08112020,08032021 165116, 117, 41358.6, 10.145, 72.257,0.504754,359.8,255.882,3.00e+01, 17.5, -  , - 
5557,139000,20082007,09032021 022752,   1, 41210.7,  4.085, 36.106,0.186959,358.7,261.859,4.20e+00, 14.4, 0.1,  5
5558,139001,22052007,09032021 170703,  12, 41174.7,  8.055,296.548,0.025928,359.6,333.776,1.64e+00, 13.5, 2.1,385
5559,139002,03022017,08032021 161054, 397, 41262.7, 30.350,358.449,0.254765,359.8,316.995,1.52e+01, 18.1,56.0, - 
5560,139003,09092017,08032021 232103,  19, 41258.6,  1.962,300.338,0.026120,358.4,130.907,1.72e-01, 17.8, 0.7,116
5561,139004,14092017,09032021 025347,   6, 41256.8,  0.940, 11.058,0.046398,352.9,349.808,1.36e+00, 17.7, 0.4, 35
5562,139006,03102018,09032021 021113, 771, 41254.6, 15.096,333.677,0.125108,359.6,289.347,6.92e+00, 17.5,38.7, - 
5563,139008,31012020,08032021 172937, 401, 41271.2,  1.807, 60.379,0.032203,358.1,176.860,1.50e+00, 18.1, -  , - 
5564,139009,17082020,08032021 180921,  75, 41266.3,  1.166, 17.140,0.092407,354.4,283.725,1.84e+00, 18.2, 3.5,608
5565,139100,02102007,08032021 190906,   0, 41320.3,  1.543, 53.914,0.045760,357.3,241.203,1.50e+00, 16.2, 0.1,  6
5566,139101,22112006,09032021 024643,   9, 41196.5,  0.871,322.152,0.020622,354.5,105.797,1.12e-01, 17.5, 0.2, 33
5567,139102,24112008,08032021 141759,  24, 41259.7,  6.350,289.885,0.028401,359.7, 37.897,5.36e-01, 14.2, 1.0,160
5568,139103,22102008,08032021 075748,   5, 40507.7,  7.306,296.182,0.044514,359.6, 16.174,2.90e+00, 17.4, 0.7,103
5569,139104,08032011,09032021 042135,   1, 41285.7,  9.319,310.208,0.023129,359.5,299.023,1.54e-02, 16.3, 0.1,  3
5570,139105,29102015,08032021 215010,1945, 41071.1, 11.270,331.681,0.386086,359.5,  9.796,1.78e+01, 15.3, -  , - 
5571,139106,01032016,08032021 074623, 168, 41294.9,  4.215, 82.998,0.022413,359.8, 80.635,1.18e-02, 17.9, 0.4, 56
5572,139107,21072017,08032021 210019, 610, 41140.3, 33.109, 25.369,0.150697,359.8,320.088,3.17e+01, 16.5, -  , - 
5573,139108,26012019,08032021 202438, 691, 41351.9, 28.920,331.474,0.064529,359.8, 52.472,3.41e+01, 16.8, -  , - 
5574,139109,22092019,08032021 143251,   0, 41226.5,  9.956,347.387,0.147555,359.3,320.595,7.26e+00, 17.1, 0.1,  6
5575,139110,24092019,09032021 011531, 476, 41264.2,  7.994,107.702,0.338407,  0.3,220.308,1.79e+01, 17.2,41.1, - 
5576,139111,16042020,08032021 093030, 324, 41222.9, 10.935, 33.225,0.490165,359.5,303.513,8.83e+00, 17.1, -  , - 
5577,139200,28012008,08032021 094253,   7, 41303.4,  2.491,297.723,0.011588,358.8,186.907,1.46e-01, 14.6, 0.2, 23
5578,139201,14022013,09032021 102617,  45, 41187.3, 14.997, 17.383,0.029857,359.6, 94.992,2.71e+00, 13.2,11.3, - 
5579,139202,01012014,09032021 062023,  13, 41303.7, 12.901,295.921,0.123276,359.8,154.047,1.38e+00, 17.3, 0.6,108
5580,139206,02032016,08032021 182000, 529, 41302.3,  8.204, 81.645,0.236957,359.9,215.199,8.58e+00, 17.3,30.7, - 
5581,139209,21122019,09032021 031625, 440, 41302.0, 13.789,358.586,0.036138,359.5,269.759,4.94e-01, 18.5,37.0, - 
5582,139210,28032020,09032021 001429,  79, 41258.8,  7.742,109.038,0.336471,  0.3,218.735,1.78e+01, 17.2, 7.2, - 
5583,139211,27032020,08032021 141036, 223, 41213.7,  4.694, 50.316,0.111990,359.1,272.239,8.14e+00, 18.1,12.9, - 
5584,139300,07112007,09032021 011433,  16, 41334.6,  2.043,302.009,0.003557,358.4,218.124,9.83e-03, 17.5, 0.4, 33
5585,139301,20092011,08032021 161615,   1, 41306.6,  6.656, 11.550,0.232952,359.0,319.931,7.77e+00, 16.6, 0.3, 23
5586,139302,07022011,09032021 041325,   1, 41350.0,  1.532,327.753,0.037392,356.5,334.013,1.86e+00, 16.9, 0.5, 54
5587,139303,09082016,08032021 220020, 141, 41329.0,  3.325,294.094,0.024296,359.2,110.834,1.18e-01, 18.0, 3.0,438
5588,139305,25012019,08032021 134338, 519, 41314.0,  2.047, 59.350,0.177252,358.2, 13.519,4.68e+00, 17.2,12.0, - 
5589,139400,17082007,09032021 111105,   6, 41357.3,  9.115,309.815,0.122686,359.5, 35.686,3.28e+00, 16.4, 0.2, 24
5590,139401,16012007,09032021 033919,   1, 41339.4,  3.523,345.560,0.086969,358.2,  2.374,4.01e+00, 16.8, 0.2, 15
5591,139403,05022016,09032021 001038,  46, 41345.4, 12.174, 35.616,0.016741,359.5,342.762,4.54e+00, 17.2, 1.6,294
5592,139404,24012017,09032021 070209,  47, 41345.4, 12.582,335.274,0.034965,359.5, 18.993,1.05e+00, 16.9, 2.4,272
5593,139405,07012018,08032021 121445,  79, 41399.1,  1.368,257.367,0.250441,  1.0, 54.157,3.64e+00, 17.6, 9.0, - 
5594,139406,12032018,09032021 135454, 317, 41341.8,  3.916,279.936,0.035918,359.7,182.749,1.32e+00, 17.2,35.3, - 
5595,139407,25122019,09032021 105705,   6, 41311.8,  0.563, 87.802,0.058700,359.4,164.835,3.70e-01, 17.2, 0.8, 76
5596,139501,01032011,09032021 114631, 302, 41446.2, 24.422, 17.653,0.168360,359.7,245.172,1.17e+01, 16.3,16.7, - 
5597,139502,27072009,08032021 214603,   1, 41405.6, 10.615, 56.487,0.089086,359.6,101.653,4.34e+00, 15.6, 0.3, 22
5598,139503,01122011,09032021 135901,  22, 41360.3, 11.184,324.828,0.015213,359.5,261.090,3.56e-01, 17.1, 0.5, 51
5599,139504,14022013,08032021 081504, 679, 41135.1, 16.855, 44.200,0.169450,359.7,217.309,5.04e+00, 17.0, -  , - 
5600,139505,17102015,08032021 193210,1120, 41292.0,  6.836,  7.533,0.042870,359.0,163.024,7.47e+00, 17.4,54.5, - 
5601,139506,10032016,09032021 065648,   3, 41365.5,  4.213, 84.473,0.025901,359.8, 75.625,3.46e-03, 17.2, 0.3, 17
5602,139507,24082016,08032021 210459, 612, 41634.9, 26.246,347.360,0.314062,359.7, 52.564,1.32e+01, 17.1,43.7, - 
5603,139508,25112016,08032021 163629,   1, 41367.4,  6.765,108.021,0.083266,  0.3,277.649,8.39e+00, 17.0, 0.1, 16
5604,139509,29062017,09032021 072004,  25, 41429.4,  8.061,  6.025,0.459908,359.2,337.718,9.21e+00, 17.2, 1.4,213
5605,139512,04112018,08032021 224156, 853, 41331.2,  5.699, 77.013,0.226043,359.7,291.846,9.01e+00, 17.6, -  , - 
5606,139513,01042019,08032021 221458,  11, 41368.4,  2.490, 62.535,0.146494,358.7,171.870,2.25e+00, 15.4, 3.7,690
5607,139600,12012008,08032021 213425,   6, 41403.7,  8.557,311.838,0.104028,359.5,336.018,2.72e+00, 15.5, 0.3, 44
5608,139601,04072012,09032021 013439,   1, 41378.1,  2.713, 70.275,0.017545,359.1,132.891,1.04e-02, 11.1, 0.1,  1
5609,139603,24112016,09032021 135149,1141, 41307.7,  2.429, 33.954,0.309726,357.7,201.649,2.36e+00, 15.4, -  , - 
5610,139604,07012017,09032021 045558,1491, 41408.0, 16.235,351.876,0.095311,359.6,224.815,1.36e+01, 17.7, -  , - 
5611,139605,21092017,09032021 104023,1230, 41288.3, 33.710, 29.725,0.412798,359.8,358.811,2.01e+01, 17.2, -  , - 
5612,139607,13032018,09032021 042541,  51, 41378.3,  3.943,280.994,0.057821,359.7,160.606,4.63e-01, 16.9, 8.6, - 
5613,139608,13032018,08032021 193021,   9, 41420.7,  3.308,304.416,0.060140,358.9,129.930,2.50e+00, 15.4, 2.9,428
5614,139609,12032018,08032021 213040, 311, 41399.2,  5.917,282.385,0.024908,359.8,332.492,2.83e+00, 17.7, 8.4, - 
5615,139610,22122017,09032021 080010, 325, 41386.5,  3.532, 72.477,0.090189,359.4,195.059,1.79e+00, 17.6, -  , - 
5616,139612,09022019,09032021 010219, 681, 41413.6,  2.104,100.272,0.088343,  0.6,357.661,4.36e+00, 17.6, -  , - 
5617,139614,21082019,09032021 060245, 498, 41526.3, 22.898, 12.693,0.204440,359.7,166.571,1.64e+01, 16.2, -  , - 
5618,139615,31082019,09032021 125309,   0, 41383.2,  3.977,279.928,0.054420,359.7,160.186,5.78e-01, 17.3, 0.1, 12
5619,139616,06122019,08032021 113302, 324, 41391.6,  3.454, 77.806,0.315382,359.6,252.454,9.67e-01, 11.0,14.1, - 
5620,139617,28122019,09032021 032638, 131, 41392.8,  0.679,103.819,0.023937,  2.8,254.936,1.53e+00, 16.7,11.6, - 
5621,139700,10012011,09032021 004625,  11, 41481.4,  1.151, 51.916,0.113302,356.1,271.264,2.24e+00, 14.2, 2.6,481
5622,139702,07102012,08032021 095040,  17, 41387.1,  2.648,170.087,0.041923,  2.5,245.082,5.49e+00, 17.1, 4.6,691
5623,139703,16112014,08032021 111721, 138, 41407.4,  3.702,295.868,0.031257,359.2,114.467,1.73e-01, 17.0, 5.3,790
5624,139705,05102015,09032021 052806,   1, 41408.1,  9.755,310.177,0.017150,359.6,262.511,2.90e-02, 17.5, 0.2,  8
5625,139706,19092015,08032021 100832,1114, 41359.9,  7.825, 68.260,0.070028,359.7,296.768,6.27e+00, 17.9, -  , - 
5626,139707,13102014,09032021 110457, 830, 41352.9,  2.768, 61.716,0.126838,358.8,190.892,2.70e+00, 15.5,68.0, - 
5627,139708,09032016,08032021 232334,1381, 41340.9,  9.082, 66.539,0.055715,359.7,184.815,9.75e+00, 17.2, -  , - 
5628,139709,17042016,09032021 014046,  21, 41457.7,  1.998,307.948,0.010460,358.1,  9.617,5.30e-01, 17.2, 2.0,350
5629,139710,19102016,08032021 142539,  64, 41402.9,  2.152,303.627,0.011400,358.4,353.321,2.15e-01, 17.1, 2.5,441
5630,139711,09042018,09032021 031644, 318, 41383.0,  3.400,304.462,0.051957,358.9, 36.925,1.72e+00, 18.0, 8.8, - 
5631,139712,07092018,09032021 124205, 907, 41312.8, 11.615, 81.477,0.441831,359.9,285.952,1.43e+01, 16.9, -  , - 
5632,139713,25022019,09032021 012759, 725, 41400.9,  2.117, 49.067,0.230310,357.8,218.103,4.23e+00, 17.5,19.0, - 
5633,139715,30102019,09032021 101936, 134, 41407.6,  5.616,259.469,0.062007,  0.2,158.343,4.46e-02, 17.1, 1.8,321
5634,139716,17022020,09032021 102755,  41, 41393.1,  3.165, 69.582,0.273595,359.2,262.581,2.83e+00, 15.8,11.6, - 
5635,139718,21032020,09032021 061650, 116, 41418.4,  0.521, 35.957,0.130545,348.2, 50.269,2.40e+00, 12.9,12.4, - 
5636,139720,23122020,09032021 101754,  65, 41405.6,  3.682,295.183,0.021493,359.3,126.179,1.81e-01, 16.9, 1.1,202
5637,139800,26082011,09032021 131505,   1, 41424.0,  1.464, 20.825,0.065910,355.6,299.023,1.85e+00, 15.6, 0.2, 14
5638,139801,26112013,08032021 235905,   3, 41422.3,  6.304,288.543,0.065384,359.7, 32.132,2.16e+00, 15.9, 0.8, 84
5639,139802,04122007,08032021 182649,  12, 41395.9,  8.332,308.477,0.103113,359.5, 24.801,4.85e+00, 16.3, 1.2,212
5640,139803,25032011,08032021 142029,   1, 41407.1,  3.707, 43.157,0.303379,358.7,290.635,2.17e+00, 16.4, 0.1, 10
5641,139804,25022014,08032021 192954, 134, 41464.8,  8.166,308.257,0.037143,359.5,189.378,4.39e+00, 17.8,18.0, - 
5642,139805,09102015,08032021 190705,  88, 41424.8,  2.235,303.098,0.003165,358.5, 94.160,5.68e-02, 17.9, 0.4, 55
5643,139806,19042017,09032021 173415, 432, 41423.7,  1.955,311.852,0.059556,357.8, 38.977,2.68e-02, 17.6, 7.1, - 
5644,139807,09102017,09032021 135216, 339, 41336.5, 10.472, 37.937,0.045679,359.5,253.758,3.84e+00, 17.6, -  , - 
5645,139808,13032018,09032021 043721, 136, 41397.6,  0.973,184.091,0.205773,  6.7,112.416,7.79e+00, 17.6,42.7, - 
5646,139810,26122019,09032021 160551, 120, 41426.4,  0.741, 90.319,0.063977,  0.0, 52.261,8.65e-01, 16.8,15.6, - 
5647,139811,26122019,09032021 125900,   3, 41413.8,  0.685, 98.768,0.003458,  1.7,298.301,5.96e-01, 14.9, 0.3, 58
5648,139812,25122019,09032021 164303,  14, 41427.8,  0.726,102.765,0.045792,  2.4,309.095,1.24e+00, 16.3, 0.5, 85
5649,139814,27082020,09032021 002324, 192, 41414.9, 11.197,325.350,0.006374,359.5,257.545,2.86e-01, 17.3, 5.5,638
5650,139815,12092020,09032021 120115,  87, 41572.9,  9.400,290.619,0.385423,359.8, 90.424,2.49e+01, 16.7,27.2, - 
5651,139900,07012014,09032021 141315,   4, 41455.1,  6.701, 57.346,0.013436,359.5,355.936,8.69e-02, 17.0, 0.1, 12
5652,139901,27042017,08032021 073253, 700, 41357.8,  4.821, 72.404,0.050168,359.6,231.440,6.47e+00, 17.6, -  , - 
5653,139902,06022018,08032021 154732, 381, 41451.0,  9.418,313.104,0.010516,359.5,278.712,9.88e-02, 17.8, 5.3,920
5654,139903,21042018,08032021 224718, 241, 41379.9,  0.860,203.434,0.109242,  6.7,288.500,5.82e+00, 17.8, -  , - 
5655,139904,15082018,08032021 232856, 212, 41445.1, 11.190,327.239,0.010048,359.5, 28.169,4.13e-01, 18.0, 1.5,233
5656,139905,08072019,09032021 033241, 248, 41458.1,  9.038,310.894,0.055430,359.5,  9.692,3.26e+00, 15.6,61.1, - 
5657,139908,22102020,09032021 023820, 125, 41452.3,  0.704,102.026,0.023699,  2.3,269.418,1.28e+00, 14.8, 1.2,191
5658,140001,03032006,09032021 065003, 264, 41571.1,  2.534,313.412,0.313892,358.3, 54.164,3.84e+00, 17.3,90.0, - 
5659,140002,10012008,09032021 052530,   2, 41450.4,  7.252,291.442,0.020245,359.7, 33.663,8.48e-01, 16.6, 0.4, 33
5660,140003,02082005,08032021 192714, 832, 41308.2,  4.487,281.259,0.096761,359.7,128.671,7.44e+00, 17.0,46.8, - 
5661,140004,19072011,09032021 061126,   2, 41467.2,  1.779,309.682,0.010785,357.7,289.476,1.09e-02, 16.9, 0.1,  6
5662,140005,15072012,08032021 102008,  23, 41444.5,  8.019,299.658,0.019652,359.6,340.296,7.15e-01, 16.7, 3.7,605
5663,140008,14032018,09032021 125747,   0, 41460.4,  3.999,279.650,0.054775,359.7,161.957,7.82e-03, 16.5, 0.1,  6
5664,140010,20022020,08032021 224110,  57, 41429.5, 19.729, 67.448,0.189389,359.9,207.470,5.75e+00, 17.4, 2.1,369
5665,140100,25032011,09032021 022428, 519, 41461.2,  1.992,307.783,0.004714,358.1,  8.363,3.13e-01, 17.4,46.6, - 
5666,140101,05052011,09032021 081247, 712, 41544.4,  2.590, 97.736,0.132811,  0.4,148.207,5.60e+00, 17.5,86.4, - 
5667,140102,29072008,09032021 032921,   2, 41460.2,  9.333,310.649,0.031897,359.5, 39.804,3.44e+00, 15.6, 0.6,101
5668,140103,14032012,09032021 004216,  13, 41532.3, 20.775, 25.993,0.091347,359.7, 70.578,9.47e+00, 16.1, 1.9,350
5669,140104,22072015,08032021 174107,   2, 41486.7,  5.251, 77.907,0.009158,359.7,180.211,3.40e-02, 17.2, 0.1,  5
5670,140105,01032011,09032021 050814,   2, 41492.7,  2.509,302.654,0.011553,358.6,302.141,3.06e-02, 17.0, 0.1,  5
5671,140106,04102015,08032021 144928,   4, 41484.1,  4.163,  4.665,0.134643,358.4,  4.117,4.37e+00, 17.1, 0.4, 47
5672,140107,06102015,09032021 140339,  22, 41488.2,  9.225,310.211,0.075441,359.5, 18.262,2.07e+00, 17.2, 1.4,173
5673,140108,08102005,09032021 144758,  87, 41506.3,  9.929,311.105,0.039582,359.6, 38.486,1.27e-01, 17.5, 4.8,871
5674,140110,19042017,08032021 212117,  13, 41552.5, 11.873, 50.359,0.163442,359.6,339.475,9.91e+00, 15.6, 2.8,503
5675,140111,14092017,08032021 192818, 555, 41365.1,  3.651, 72.287,0.067810,359.4,199.280,1.38e+01, 17.1, -  , - 
5676,140112,16092017,08032021 184255, 142, 41484.8,  9.648,312.409,0.017781,359.5,270.224,2.76e-02, 17.8, 2.2,123
5677,140113,14032018,09032021 072422,  75, 41477.8,  3.993,279.734,0.055597,359.7,164.899,4.99e-02, 16.7, 2.4,362
5678,140114,30112018,09032021 014432, 314, 41806.7, 11.707, 96.375,0.314712,  0.1,315.369,2.96e+01, 16.4,79.8, - 
5679,140116,24032020,08032021 184051, 343, 41486.0,  1.452, 17.209,0.105787,355.5,264.430,9.19e-01, 18.3,94.1, - 
5680,140200,29112007,08032021 173306,  12, 41514.0, 10.098,309.224,0.023644,359.6, 91.424,1.21e+00, 15.7, 1.0,177
5681,140201,22062007,08032021 201958,   1, 41509.6,  9.486,313.842,0.022015,359.5,219.531,5.12e-02, 16.3, 0.2, 10
5682,140202,04102012,08032021 225631, 107, 41429.0,  8.207,284.096,0.283087,359.8, 83.642,5.17e+00, 17.2, 4.6,578
5683,140203,24072015,08032021 234516,   1, 41511.2,  2.426,122.235,0.007896,  1.5,124.647,3.16e-02, 17.3, 0.1,  3
5684,140204,07102015,09032021 035453,1908, 41331.9, 33.186, 29.185,0.486066,359.8,305.182,1.99e+01, 17.3, -  , - 
5685,140206,14042018,09032021 012736, 259, 41449.3,  5.827,331.615,0.200324,359.0,333.967,6.00e+00, 18.0,28.6, - 
5686,140208,26082019,08032021 181919, 491, 41366.6, 10.274, 71.809,0.504618,359.8,256.185,2.99e+01, 17.6,65.9, - 
5687,140210,31122019,09032021 013919, 399, 41495.7,  5.950, 82.494,0.029812,359.8,171.986,1.90e+01, 17.4,35.3, - 
5688,140300,03112010,09032021 084311,  93, 41345.8, 26.893,325.122,0.124300,359.8, 74.815,3.42e+01, 16.8,15.3, - 
5689,140301,01022016,09032021 025219,1402, 41477.3, 18.146, 40.552,0.043206,359.7,185.131,9.71e+00, 17.5, -  , - 
5690,140302,04102016,08032021 161441,1114, 41488.6,  7.581, 69.553,0.295552,359.7,275.971,9.99e+00, 17.5, -  , - 
5691,140303,01022017,08032021 072036,   3, 41501.7,  1.108, 26.270,0.061171,354.4,298.451,1.18e+00, 16.9, 0.1, 22
5692,140304,01022019,09032021 025930, 282, 41552.2,  8.493, 45.886,0.036922,359.4,348.498,6.82e+00, 17.2,71.6, - 
5693,140305,13022019,08032021 175026, 122, 41535.9,  2.627,307.115,0.066827,358.5, 61.529,1.14e+00, 16.8, 6.7, - 
5694,140306,26072019,09032021 042010, 169, 41508.0,  3.049,292.582,0.108837,359.2,161.095,4.95e+00, 16.2,61.8, - 
5695,140307,17102019,09032021 063402, 397, 41519.4,  3.006,292.777,0.029142,359.2,294.786,3.80e+00, 16.4, -  , - 
5696,140400,02042008,09032021 071654,   2, 41560.3,  2.113,313.399,0.025715,357.9,  4.094,1.14e+00, 17.4, 0.1, 13
5697,140403,23082014,08032021 220726,2299, 41540.9, 13.021,297.155,0.035120,359.8,165.345,2.46e+00, 17.7, -  , - 
5698,140405,01082016,09032021 082654, 937, 41519.4,  2.741,343.831,0.228872,357.7,156.816,1.12e+00, 17.6,64.7, - 
5699,140406,24092017,08032021 174722, 273, 41472.5, 18.667, 35.979,0.195553,359.7,255.421,1.07e+01, 15.9, -  , - 
5700,140407,22032018,09032021 055958,   1, 41505.7,  2.720,292.254,0.044287,359.1,146.397,5.35e+00, 16.1, 1.1,115
5701,140408,15022021,09032021 114831,   1, 41553.1,  2.553, 97.638,0.123286,  0.4,152.368,5.52e+00, 17.5, 0.1,  6
5702,140500,22102008,08032021 193454,  60, 41545.3,  1.295,325.506,0.053501,356.0,277.232,2.39e-01, 14.8, 2.1,372
5703,140501,25102013,08032021 195355,1642, 41362.2, 36.987, 11.768,0.619140,359.8,319.007,4.07e+00, 17.3, -  , - 
5704,140502,09102012,09032021 033117,1528, 41433.9, 12.520, 39.316,0.110112,359.6,347.896,4.89e+00, 17.1, -  , - 
5705,140505,12052015,08032021 194511, 150, 41067.2, 26.919,314.924,0.725874,359.8, 27.829,2.10e+01, 17.2,15.5, - 
5706,140506,30062017,09032021 024314,1200, 41540.0,  7.128, 66.745,0.207131,359.6,313.608,8.70e+00, 17.9, -  , - 
5707,140507,15092017,08032021 065401, 134, 41560.5,  3.994,297.205,0.027611,359.3,122.713,1.50e-01, 18.1, 1.3,159
5708,140508,19092017,09032021 181058, 194, 41545.1,  8.178,293.644,0.090136,359.7, 69.132,2.10e+00, 17.7, 6.6, - 
5709,140509,21102017,08032021 083834, 221, 41557.3,  9.662,313.810,0.014937,359.5,256.363,2.73e-02, 17.5, 2.9,481
5710,140510,13112017,08032021 181911,1192, 41500.5,  8.318, 71.829,0.262679,359.7,316.606,1.03e+01, 16.2, -  , - 
5711,140511,17082018,08032021 081904, 503, 41573.2,  9.449,299.070,0.111978,359.7,174.252,9.50e-01, 17.7, 5.2,941
5712,140513,03042019,08032021 175551, 411, 41536.8,  6.846, 66.865,0.200974,359.6,313.627,1.11e+01, 17.8, -  , - 
5713,140514,21122019,09032021 040518, 438, 41739.7, 18.714,  0.594,0.176406,359.6,228.811,1.63e+01, 17.4, -  , - 
5714,140515,21032020,08032021 175705, 233, 41552.4,  1.273,195.046,0.284333,  4.9,163.820,5.87e+00, 17.5,10.9, - 
5715,140600,07112007,09032021 024517,   4, 41558.1,  1.888,317.606,0.039764,357.5,  6.064,1.00e+00, 17.7, 0.3, 18
5716,140601,23112008,09032021 144154, 119, 41622.2,  3.011,302.610,0.005341,358.9,  7.671,1.10e-01, 17.1, 2.0,361
5717,140603,03082017,08032021 190102,  12, 41583.9,  3.363,299.799,0.008305,359.1, 14.481,6.12e-02, 17.6, 0.2, 30
5718,140604,18022018,08032021 180223, 526, 41580.0,  6.423,357.909,0.188781,359.0,289.478,4.74e+00, 17.6,73.1, - 
5719,140605,17032018,08032021 164413, 613, 41587.8,  9.878,313.085,0.012428,359.5,266.414,1.00e-02, 18.6,18.0, - 
5720,140606,20032018,09032021 111806, 105, 41589.7,  3.359,291.918,0.203395,359.3, 83.832,8.70e-02, 17.7, 1.6,184
5721,140608,13022020,08032021 211358,  16, 41564.2, 19.047, 68.874,0.147488,359.9,269.812,7.35e+00, 15.8,12.5, - 
5722,140610,21092020,08032021 184838,  59, 41587.0,  2.342,319.882,0.007491,357.9,177.381,8.94e+00, 14.8,33.5, - 
5723,140700,02112003,08032021 201532,   1, 41603.2, 12.580,269.156,0.118413,  0.0,101.850,8.60e-03, 12.8, 0.1,  1
5724,140701,05051997,09032021 141048,   1, 41598.0,  9.186,335.968,0.151804,359.3,138.696,1.10e-02, 12.1, 0.1,  1
5725,140702,02012008,09032021 151537,  14, 41608.9,  9.762,313.611,0.062812,359.5,283.611,1.08e+00, 16.0, 0.3, 55
5726,140703,16112006,09032021 101757,   1, 41587.5,  6.694,293.147,0.073436,359.6, 24.590,1.54e+00, 16.5, 0.4, 42
5727,140704,20102011,09032021 002453,1977, 41629.4,  6.953,294.510,0.171651,359.6, 22.107,7.64e-01, 17.2, -  , - 
5728,140705,10032016,09032021 104949,1556, 41558.0,  5.639,347.917,0.205539,358.8, 32.816,4.95e+00, 17.8,68.4, - 
5729,140707,01122015,09032021 021704,  84, 41570.6,  7.652,289.658,0.063690,359.7,321.212,1.86e+00, 17.1,20.6, - 
5730,140708,20092017,08032021 195831,  15, 41596.5,  3.977,249.800,0.091755,  0.6,190.318,5.23e+00, 17.6, 0.7, 73
5731,140709,20012018,09032021 013956, 755, 41608.7,  5.203,292.724,0.065308,359.5,134.269,3.38e+00, 18.0, -  , - 
5732,140710,15042018,09032021 172556,   1, 41599.1,  2.532, 88.869,0.001601,359.9,121.622,1.91e-02, 14.4, 0.1,  1
5733,140711,29062018,08032021 114422, 469, 41052.7, 33.469, 29.397,0.381392,359.8,346.480,2.86e+01, 15.9, -  , - 
5734,140712,23092019,08032021 171334, 495, 41615.6,  4.261,278.144,0.217685,359.8, 78.818,4.31e+00, 17.2,39.2, - 
5735,140800,10092012,08032021 191952,3062, 41595.7, 37.226,349.837,0.430276,359.8,325.585,2.00e+01, 17.2, -  , - 
5736,140801,07112007,08032021 185634,  13, 41659.4,  6.061,291.609,0.016282,359.6, 83.258,6.86e-01, 15.6, 1.1,186
5737,140802,30122007,09032021 090957,  33, 41627.4,  1.265,330.477,0.028719,355.6,294.005,1.97e-01, 15.4, 0.7, 93
5738,140804,09012007,09032021 031018,  17, 41632.2,  3.737,299.612,0.021206,359.1,102.646,1.53e-01, 17.0, 0.6, 38
5739,140805,09122007,08032021 062302,   1, 41635.1,  1.060,342.227,0.019969,354.2,277.890,8.04e-02, 13.4, 0.1,  2
5740,140806,08092013,08032021 220517,   6, 41800.0,  7.677,291.412,0.058988,359.7,348.060,1.89e+00, 16.5, 1.2,184
5741,140808,07022016,09032021 024721,1851, 41693.6, 35.235, 10.297,0.230421,359.8, 35.670,2.39e+01, 17.4, -  , - 
5742,140809,10032016,09032021 043730,  16, 41620.9, 13.246, 14.795,0.013569,359.5,125.799,1.64e-01, 17.1, 1.0, 80
5743,140812,09052018,09032021 055249,   1, 42483.2,  1.544, 92.610,0.000186,  0.2,336.000,3.68e-03, 13.1, 0.1,  1
5744,140813,28062018,09032021 011728, 981, 41573.6,  3.573, 60.863,0.305111,359.1,271.667,4.79e+00, 19.0, -  , - 
5745,140815,06012019,08032021 200431, 739, 41619.1,  9.939,313.042,0.007116,359.5,329.367,1.39e-01, 17.8,15.8, - 
5746,140816,01042019,09032021 151248, 443, 40696.5, 39.868, 14.269,0.883885,359.8,338.404,8.76e+00, 13.8, -  , - 
5747,140819,26082020,09032021 113400,  56, 41696.8,  4.442, 11.172,0.306017,358.5, 18.880,2.26e+01, 17.0, 7.1, - 
5748,140900,18031994,08032021 223250,   1, 41650.7, 14.109,352.903,0.008764,359.5, 87.152,1.73e-02, 12.0, 0.1,  1
5749,140901,10102007,08032021 230335,   3, 41844.4,  3.100,310.801,0.034359,358.6, 20.227,1.06e+00, 17.7, 0.3, 25
5750,140902,20112011,09032021 151800, 171, 41576.6,  2.061,306.510,0.251441,358.2,194.055,8.18e+00, 14.7, -  , - 
5751,140903,20012009,09032021 002346,  80, 41648.4,  3.083,303.377,0.011356,358.9, 87.370,6.11e-02, 17.0, 0.3, 39
5752,140904,21042011,09032021 164247,  27, 41645.4, 10.081,313.028,0.010376,359.6,256.803,2.28e-02, 17.3, 0.8, 39
5753,140905,18052015,08032021 224247,1057, 41725.0, 18.986,356.977,0.069488,359.6,229.217,7.40e+00, 16.7, -  , - 
5754,140906,11092015,08032021 232154,   1, 41626.3,  5.030, 68.468,0.028052,359.5, 62.958,4.82e-01, 15.0, 0.3, 21
5755,140908,17102012,08032021 194303,1599, 41641.1,  7.601,297.577,0.032462,359.6,230.389,3.89e-01, 17.7, 4.2,553
5756,140909,09022016,09032021 000421,   1, 41636.0,  4.459, 72.014,0.036947,359.5, 79.330,1.04e-02, 16.3, 0.1,  3
5757,140911,20082017,08032021 030439,1088, 41520.9, 14.810, 74.325,0.458432,359.9,286.725,1.64e+01, 16.9, -  , - 
5758,140912,15042018,09032021 055347,   1, 42483.2,  1.548, 92.716,0.000362,  0.2,336.900,1.44e-02, 15.1, 0.1,  1
5759,140913,15042018,08032021 235851,   1, 42167.4,  0.127, 96.691,0.000083,204.0,269.554,2.73e-02, 10.3, 0.1,  1
5760,140914,15042018,09032021 041041, 194, 41637.0,  2.538, 87.640,0.004887,359.9,146.628,3.32e-01, 18.0, 1.4,241
5761,140916,15042018,09032021 050104, 956, 41551.3,  4.948, 85.396,0.223530,359.9,228.006,1.32e+00, 17.1, -  , - 
5762,140917,16042018,08032021 184315, 868, 41625.1,  2.541, 78.372,0.027150,359.4,237.746,5.61e-01, 19.0,15.6, - 
5763,140918,01072018,08032021 183337,  54, 41558.2, 11.468, 54.516,0.157024,359.7,349.673,8.44e+00, 14.0,17.1, - 
5764,140919,02122018,09032021 031026,  63, 41652.9,  3.087,288.676,0.207860,359.3, 46.922,4.19e-01, 17.2, 7.2, - 
5765,140920,27082019,09032021 010237, 172, 41642.2,  2.454,308.194,0.114860,358.4, 47.194,2.59e+00, 17.7, 4.3,574
5766,141000,01102005,08032021 135908,   1, 41663.5, 13.760,276.678,0.130599,359.9, 63.080,7.59e-03, 12.9, 0.1,  1
5767,141001,19092006,08032021 200213,   1, 41666.8,  3.030,303.820,0.005800,358.8, 68.542,5.12e-02, 13.0, 0.1,  2
5768,141002,13082013,08032021 181145,1188, 41627.1, 16.695, 35.593,0.064940,359.7,319.442,7.32e+00, 16.7, -  , - 
5769,141003,25102016,08032021 134828,1178, 41674.6, 11.170,300.704,0.007023,359.7,346.295,1.04e+00, 17.7, -  , - 
5770,141004,03102016,09032021 040516, 169, 41655.7, 10.257,312.256,0.012861,359.6,250.947,2.18e-02, 17.9, 1.3,198
5771,141006,19092017,09032021 145816,1235, 41651.3,  9.152,317.141,0.093886,359.5, 40.001,2.00e+00, 18.1,16.3, - 
5772,141007,15122017,08032021 181418,1060, 41535.8, 12.220, 78.207,0.241561,359.9,336.967,1.56e+01, 17.5, -  , - 
5773,141008,17032018,09032021 030741,1082, 41661.4,  7.446,294.736,0.003915,359.6,342.323,1.31e-02, 19.2, 0.4, 12
5774,141009,22032018,09032021 040040,1080, 41673.1,  9.553,299.706,0.031805,359.7,340.235,1.33e+00, 18.6, -  , - 
5775,141010,09052018,08032021 214120,   0, 41654.9,  2.539, 88.113,0.000749,359.9, 89.558,4.08e-03, 17.0, 0.1,  1
5776,141011,03052018,08032021 231942,   0, 41657.7,  2.541, 88.200,0.000760,359.9, 92.410,4.87e-03, 16.9, 0.1,  1
5777,141012,16032019,09032021 095813, 714, 41627.2, 11.793, 72.568,0.048592,359.8, 15.255,1.91e+01, 17.3, -  , - 
5778,141014,29032020,09032021 030313, 117, 41653.1,  3.457,309.638,0.049771,358.8,  1.063,2.92e+00, 17.6,57.1, - 
5779,141015,16102020,08032021 211155, 134, 41659.0,  4.133,  7.200,0.097901,358.4, 84.228,2.18e+00, 18.2,87.1, - 
5780,141016,14022021,08032021 145420,  19, 41658.6,  0.935,109.030,0.030939,  2.6,336.055,6.20e+00, 17.8, 1.2,218
5781,141100,07082007,09032021 131012,   1, 41690.4,  6.101,290.655,0.063266,359.6, 22.800,1.66e+00, 15.8, 0.3, 63
5782,141101,21062009,09032021 111551,  27, 41674.5,  2.147,316.208,0.029020,357.9,158.306,1.42e-01, 15.6, 0.7, 68
5783,141102,15042009,08032021 221027,   2, 41669.0,  1.800,316.625,0.027806,357.4, 80.897,1.08e-01, 14.0, 0.1,  8
5784,141104,29102014,09032021 035321,   4, 41578.1,  6.375,283.829,0.057820,359.8, 82.065,4.28e+00, 17.2, 0.6, 50
5785,141105,10112013,09032021 092651,  48, 41679.8,  2.702,306.293,0.008718,358.6,331.771,9.91e-02, 16.0, 1.2,194
5786,141106,07122015,09032021 000517,  20, 41689.8, 10.089,313.176,0.030749,359.6, 58.229,1.09e+00, 17.6, 1.5, 98
5787,141107,09022016,08032021 153829,   2, 41633.7,  3.705,320.246,0.013644,358.7, 81.268,2.94e+00, 17.3, 0.5, 52
5788,141109,11092016,09032021 001929, 329, 41717.1, 11.496, 75.060,0.015622,359.8,292.288,6.23e+00, 17.8,42.3, - 
5789,141111,20122017,08032021 151228,1169, 41684.9, 10.675,310.338,0.047865,359.6,322.968,2.91e-01, 19.4,85.4, - 
5790,141112,25032018,08032021 193633,1061, 41683.2,  3.406,314.314,0.043521,358.7,323.888,1.60e+00, 17.5,21.8, - 
5791,141113,15022019,09032021 044259, 749, 41639.7, 10.091,353.875,0.056565,359.3,238.842,9.85e+00, 18.4, -  , - 
5792,141116,18022020,08032021 094755, 376, 41647.6, 15.326,333.213,0.152870,359.6, 49.338,8.21e+00, 17.2, -  , - 
5793,141117,20092020,09032021 074327, 167, 41655.4,  2.608,335.859,0.214095,357.7, 38.378,5.43e+00, 17.6, 5.0,754
5794,141200,01102007,09032021 020609,  21, 41699.4,  9.497, 34.650,0.039641,359.4, 19.531,4.16e-01, 16.6, 1.2,219
5795,141201,25072011,09032021 090401,  46, 41695.3,  7.376,295.322,0.011490,359.6,245.172,1.11e+00, 17.2, 1.4,135
5796,141203,18012007,08032021 235625,  14, 41687.0,  1.470, 48.427,0.102927,356.8,326.337,1.32e+00, 16.6, 1.0,183
5797,141205,19102017,08032021 211149, 142, 41701.6,  3.089,303.761,0.012209,358.8, 18.630,1.17e-01, 17.4, 4.3,715
5798,141206,21012018,09032021 031551, 314, 41699.1,  3.122,303.816,0.007073,358.9, 56.842,7.31e-02, 17.7, 0.8,127
5799,141207,09032018,08032021 152550,1093, 41642.2,  8.150,309.651,0.101591,359.5, 94.708,1.38e+01, 17.6, -  , - 
5800,141208,17052018,08032021 120634, 718, 41700.5,  3.576, 78.342,0.119685,359.6,261.378,3.91e+00, 17.9,46.9, - 
5801,141209,09102018,08032021 131426,  85, 41642.7,  5.105,298.597,0.169877,359.4, 25.348,6.74e+00, 17.8, 5.8,885
5802,141300,02032001,08032021 205500,   1, 41717.4,  1.375,329.954,0.022894,356.0,285.231,6.91e-02, 12.9, 0.1,  1
5803,141301,24052006,09032021 084727, 165, 41839.1,  8.248,297.051,0.007113,359.6, 47.753,1.74e+00, 18.2, 2.0,357
5804,141302,14072007,09032021 033437,   1, 41731.1, 10.105,314.074,0.011024,359.5,155.875,3.09e-01, 15.7, 0.1,  7
5805,141303,16102009,08032021 222532,1025, 41697.4,  7.580,300.963,0.023022,359.6,  2.309,1.41e+00, 17.6, -  , - 
5806,141304,03042012,09032021 070720, 611, 41774.9, 10.096, 39.531,0.104489,359.5, 96.235,2.42e+00, 16.2, -  , - 
5807,141306,07092016,09032021 003339, 325, 41614.3,  7.611, 32.883,0.324017,359.3,256.693,1.01e+01, 17.2,27.8, - 
5808,141307,17102016,08032021 235956, 340, 41810.6, 23.630,318.492,0.318658,359.8, 54.562,4.17e+01, 15.4,70.0, - 
5809,141308,06032017,08032021 233934,1451, 42296.7,  5.912,342.403,0.648707,358.9,  1.679,1.47e+01, 16.4, -  , - 
5810,141309,21112017,08032021 085853,1147, 41569.2, 30.414, 32.206,0.434105,359.8,331.150,1.77e+01, 17.1, -  , - 
5811,141310,19022018,08032021 220932,  72, 41699.0,  2.552,281.566,0.028774,359.5,177.695,6.36e+00, 17.3, 9.6,516
5812,141311,08032018,09032021 170345,  24, 41724.3,  8.801,302.139,0.002747,359.6,309.998,1.43e+00, 17.3, 3.2,517
5813,141312,14032018,09032021 033940,1087, 41649.1, 14.257,336.835,0.109001,359.6,308.041,9.08e+00, 16.9,69.1, - 
5814,141313,20032018,08032021 130656, 615, 41625.0,  1.807,339.059,0.065687,356.6,168.641,8.65e+00, 14.6, -  , - 
5815,141314,21032018,08032021 153836, 311, 41609.1,  0.766,181.656,0.173718,  8.6,178.731,2.81e+00, 11.3,52.9, - 
5816,141315,12042018,08032021 151903, 171, 41725.8,  3.713,299.946,0.005148,359.1,126.346,1.77e-01, 18.0, 3.6,640
5817,141316,14082018,08032021 200521, 413, 41730.5, 10.160,313.408,0.032046,359.6, 13.885,1.10e+00, 18.0,10.1, - 
5818,141400,09111993,09032021 112103,   0, 41750.8,  9.147,297.399,0.110822,359.7,199.254,8.95e-03, 12.6, 0.1,  1
5819,141401,13012008,09032021 155206,   1, 41731.4,  2.916,306.027,0.008159,358.7, 17.045,8.48e-02, 16.9, 0.1,  5
5820,141402,21102011,08032021 125332, 117, 41750.6, 10.554,312.477,0.011182,359.6,266.623,3.85e-02, 16.7, 1.8,168
5821,141403,14032007,08032021 212921,2387, 41747.0,  9.532,305.592,0.003772,359.6,327.248,4.08e-01, 17.9, 6.0,960
5822,141404,23102014,09032021 082638,1154, 41848.5,  9.707, 54.058,0.216779,359.6,312.760,7.25e+00, 18.0, -  , - 
5823,141406,03102013,08032021 185355,  16, 41719.6, 10.454,314.357,0.082186,359.6,298.550,1.24e+00, 17.3, 0.7, 42
5824,141407,21122017,08032021 182916,1140, 41653.0, 38.392,352.583,0.592554,359.8,319.541,2.77e+01, 17.1, -  , - 
5825,141409,21052018,08032021 170413, 988, 41701.4,  3.764, 32.550,0.180894,358.5,279.061,9.42e+00, 18.2,45.6, - 
5826,141410,07052019,09032021 063613,   1, 41733.4, 18.280, 69.677,0.013736,359.9,249.209,3.90e-02, 12.3, 0.1,  1
5827,141411,16022020,09032021 075050, 383, 41733.8, 19.126, 68.630,0.133190,359.9,265.023,5.64e+00, 17.4,18.1, - 
5828,141412,17022017,08032021 111738, 181, 41740.8,  4.400,299.418,0.024642,359.3, 94.251,5.36e-01, 18.1,15.6, - 
5829,141500,16122006,09032021 055320,   0, 41768.0,  9.976,192.184,0.139717,  0.7,103.792,1.06e-02, 12.5, 0.1,  1
5830,141501,25092011,08032021 184626, 256, 41769.0,  2.882,300.184,0.169260,358.9, 54.684,1.41e+00, 17.7,10.2, - 
5831,141502,17072014,08032021 104020,   7, 41763.4,  5.907, 62.625,0.029156,359.5,331.929,3.59e-01, 16.0, 0.2, 25
5832,141503,08102015,08032021 210300,1818, 41741.9,  5.337,346.622,0.212569,358.8, 37.222,5.57e+00, 17.1, -  , - 
5833,141505,31102016,09032021 082038, 305, 41881.8, 21.545,  8.928,0.613291,359.7, 24.471,1.70e+01, 16.2,32.7, - 
5834,141507,21072017,09032021 012137, 384, 41785.6,  2.998,280.021,0.000258,359.6,350.376,6.25e+00, 17.2,52.7, - 
5835,141508,15082017,08032021 183617,  42, 41699.1,  3.016,266.670,0.099046,  0.1,114.941,6.68e+00, 17.5, 2.0,281
5836,141509,18082017,09032021 043512,   1, 41764.0,  8.793, 38.757,0.056596,359.4,129.779,3.44e-01, 17.3, 0.1, 20
5837,141510,22032018,09032021 065540, 134, 41752.3,  4.149,300.475,0.009033,359.2, 61.449,7.42e-02, 18.0, 0.6,105
5838,141511,26032018,09032021 020101,  81, 41767.4,  3.888,282.198,0.047091,359.7,167.652,1.67e-02, 18.2, 0.4, 38
5839,141512,08122018,08032021 233328, 819, 41625.5,  4.730,  7.984,0.235858,358.6, 23.404,2.00e+01, 17.8, -  , - 
5840,141513,27082019,09032021 124732, 491, 41703.5, 10.827,303.437,0.204345,359.7,348.391,7.16e+00, 17.1,16.8, - 
5841,141514,27072020,08032021 033006,  58, 41817.8,  5.206, 69.612,0.641992,359.5,312.871,3.80e+01, 16.6,12.2, - 
5842,141515,11092020,09032021 044756, 146, 41723.6, 37.200,349.348,0.417502,359.8,324.935,2.00e+01, 16.9,35.8, - 
5843,141600,24052001,08032021 182554,   1, 41782.5, 13.958,349.685,0.002361,359.5, 41.996,1.52e-02, 13.2, 0.1,  1
5844,141601,24092012,09032021 080012,   8, 41781.9,  5.937, 62.721,0.029973,359.5,299.494,5.94e-01, 15.4, 0.1, 17
5845,141602,01022016,08032021 154943, 313, 41819.4, 17.440, 47.153,0.065666,359.7,303.556,7.79e+00, 16.8,51.9, - 
5846,141603,12032018,08032021 150255, 786, 41787.0,  8.154,297.353,0.102083,359.6,350.592,8.54e-01, 18.2, 5.6,896
5847,141604,20072019,08032021 234610,   4, 41770.7, 13.707,289.892,0.043438,359.8,261.527,4.96e+00, 15.6, 0.6,100
5848,141605,19022020,09032021 040255, 323, 41782.0, 14.790,  2.688,0.009487,359.5,356.752,2.77e-01, 14.5,24.0, - 
5849,141606,16092020,08032021 154615, 164, 41580.6, 39.285,350.036,0.463399,359.8,340.396,3.89e+01, 16.7,67.7, - 
5850,141607,24092020,09032021 020220, 163, 41786.0,  8.060,335.899,0.097789,359.2, 11.382,2.48e+00, 19.3, -  , - 
5851,141608,07102020,09032021 085200,   3, 42325.2, 25.317,315.706,0.117158,359.8,307.460,2.66e+01, 16.4, 8.6, - 
5852,141609,19122020,08032021 195538,  14, 41799.6,  6.860,192.761,0.566507,  0.9,166.775,2.22e+01, 17.0, 1.6,278
5853,141700,26122011,09032021 100553, 261, 41817.9, 12.511,334.617,0.007026,359.5,355.129,4.25e-01, 17.6, 2.9,506
5854,141703,25072012,09032021 111351,   1, 41819.0,  5.335, 78.192,0.003165,359.7,252.639,4.43e-02, 16.8, 0.1,  5
5855,141704,16042015,09032021 072208,1057, 41806.2,  3.902,302.282,0.025905,359.1,136.013,3.89e-02, 17.5, 9.7, - 
5856,141705,01112015,09032021 025733,  79, 41796.9, 10.274,314.911,0.017229,359.5,244.756,1.26e-02, 17.6, 1.1, 94
5857,141706,30112015,09032021 094732, 116, 41798.8,  8.145,295.292,0.008037,359.7,329.716,5.94e-02, 17.1, 3.1,364
5858,141707,03022016,09032021 024641,1495, 41733.0, 17.874, 12.482,0.220909,359.6,352.258,9.30e+00, 17.1, -  , - 
5859,141708,08112016,08032021 173605,1386, 41789.0,  1.124, 25.064,0.050940,354.4,298.018,1.88e+00, 16.7, -  , - 
5860,141709,18112017,08032021 223101, 995, 41769.9,  5.399,346.054,0.009317,358.8,335.864,5.62e+00, 18.3, -  , - 
5861,141710,16102018,09032021 004734, 857, 41802.4,  3.006,306.840,0.054147,358.7, 74.019,2.14e-01, 17.9,12.9,393
5862,141711,31102018,08032021 214630, 841, 41774.2, 32.504,352.981,0.177308,359.8, 26.637,5.38e+00, 16.6, -  , - 
5863,141712,09112018,08032021 191831, 344, 41783.9,  7.111,352.119,0.264518,359.1, 31.130,4.75e+00, 16.8,48.8, - 
5864,141714,04032019,08032021 171015, 113, 41806.5,  3.049,306.550,0.017298,358.7, 14.313,4.32e-02, 18.2, 0.6,102
5865,141717,31122019,08032021 200745, 202, 41807.8,  9.620, 38.550,0.048096,359.5,315.219,2.60e+00, 16.3,67.8, - 
5866,141718,19012020,08032021 161911, 409, 41797.2, 14.238,306.356,0.183347,359.7, 68.451,4.23e-01, 15.0, 0.9,144
5867,141801,21112011,08032021 140015,  62, 41828.0, 10.507,314.144,0.011814,359.6,220.436,2.25e-02, 17.3, 0.6, 66
5868,141802,26072015,09032021 020024,   1, 41815.9,  2.465,121.827,0.003164,  1.5,215.085,3.47e-02, 16.8, 0.1,  3
5869,141804,31052017,08032021 182610, 967, 41846.3,  3.044, 21.494,0.312503,357.9,159.169,5.59e+00, 16.7, -  , - 
5870,141805,21072017,08032021 103132,1242, 41829.3,  9.032,299.070,0.111074,359.6,238.393,1.09e+00, 17.3, -  , - 
5871,141806,19092017,09032021 051508,1256, 41811.9, 10.234,315.424,0.011715,359.5,317.751,9.66e-02, 18.1,22.3, - 
5872,141807,22022018,08032021 195128, 606, 41824.8,  7.138,292.613,0.012124,359.6, 42.643,2.05e+00, 18.0,24.3, - 
5873,141808,17022021,09032021 054037,  16, 41799.3,  3.517,279.627,0.009187,359.7,348.019,7.33e+00, 17.3, 0.9,103
5874,141900,18022010,08032021 161545,   3, 41672.3,  1.290, 45.112,0.207788,356.1,356.091,2.22e+00, 14.2, 1.1,157
5875,141901,21092009,08032021 233328,  57, 41801.4, 12.185,326.181,0.033811,359.5, 47.824,7.01e-01, 17.3, 2.4,391
5876,141902,14092006,08032021 081418,   1, 41835.1,  2.939,  1.559,0.058766,357.7, 31.144,3.07e+00, 14.9, 0.1,  9
5877,141903,31012013,08032021 215209, 728, 41767.5, 12.673,288.762,0.052338,359.8,264.445,3.90e+00, 16.0, -  , - 
5878,141904,26072016,09032021 014915,1140, 41409.6, 31.931,  6.996,0.675006,359.8,325.907,2.93e+01, 17.1, -  , - 
5879,141906,20092017,09032021 022126, 179, 41834.5,  8.061,296.620,0.005027,359.6, 39.704,4.73e-02, 18.0, 2.8,411
5880,141907,21072017,09032021 054129,  28, 41831.8,  3.167,306.547,0.011224,358.8,339.471,4.24e-02, 17.8, 0.4, 67
5881,141908,22092017,08032021 194358,1109, 41807.6,  2.352, 17.599,0.125536,357.3, 64.737,6.80e+00, 18.2,46.7, - 
5882,141909,18032018,09032021 072130, 185, 41752.8,  1.858, 58.921,0.191194,358.0,242.451,8.62e+00, 17.5,10.4, - 
5883,141910,03062019,09032021 073839, 269, 41862.1, 20.609, 67.301,0.138871,359.9,249.094,4.64e+00, 16.2, -  , - 
5884,141911,31072019,09032021 010419, 519, 41818.1,  6.864,192.846,0.566827,  0.9,166.828,2.22e+01, 17.1,56.1, - 
5885,142000,21012007,08032021 053505,1219, 42186.1,  1.522, 39.989,0.140511,356.5,243.129,8.30e+00, 18.5, -  , - 
5886,142001,08102005,08032021 131257,   1, 41824.7, 10.351,314.921,0.004804,359.5,185.699,9.61e-02, 17.2, 0.3, 21
5887,142002,05062008,09032021 031627,  10, 41855.5,  2.029,355.209,0.112276,356.8, 70.647,1.96e+00, 16.7, 0.3, 45
5888,142003,11102007,09032021 155507,   0, 41854.2,  3.026,307.955,0.009376,358.7,356.037,6.72e-03, 17.1, 0.1,  2
5889,142004,05062011,09032021 074102,  14, 41852.6,  7.723,290.078,0.041138,359.7,124.723,2.49e+00, 17.6, 5.7, - 
5890,142005,30112008,09032021 022847,  30, 41793.3,  9.169,301.072,0.044942,359.6,315.924,1.58e+00, 16.8, 3.5,493
5891,142006,30112008,08032021 191855,  62, 41866.7, 10.732,316.611,0.019445,359.6,193.631,1.50e-01, 17.2, 1.7,291
5892,142007,23032011,08032021 140007,   0, 41858.2,  3.991,302.898,0.015747,359.1, 23.062,4.41e-02, 16.9, 0.1,  3
5893,142008,07052014,08032021 132900,1261, 41807.1, 14.384, 49.070,0.161420,359.7, 22.931,8.57e+00, 17.7,52.3, - 
5894,142010,21102015,08032021 153808, 447, 41861.2, 11.305,322.888,0.005440,359.5,221.328,4.09e-01, 18.3, 9.1, - 
5895,142011,24082016,09032021 143425, 111, 41784.5,  4.059,280.362,0.226071,359.7, 44.536,7.04e+00, 17.6, 6.2, - 
5896,142013,23012017,09032021 044417,1169, 41955.8, 18.817,355.675,0.226779,359.6,234.300,7.39e+00, 16.6, -  , - 
5897,142014,30072017,09032021 102422, 141, 41798.5,  3.150,322.783,0.038307,358.4, 28.126,1.94e+00, 18.7, 2.6,476
5898,142015,22102017,08032021 201213,1231, 41836.6,  5.151, 82.945,0.067422,359.8,229.785,7.43e+00, 17.3, -  , - 
5899,142016,16112017,09032021 090455, 194, 41862.7, 10.547,314.220,0.005935,359.6,259.022,2.38e-02, 17.3, 3.3,594
5900,142017,10022018,08032021 164015, 178, 41857.4, 10.410,315.198,0.013562,359.5,320.299,2.67e-03, 18.4, 0.5, 64
5901,142018,21042018,09032021 070753,1006, 41858.3, 13.603, 13.654,0.007212,359.5, 84.983,6.69e-02, 17.3,18.7, 78
5902,142100,09051995,09032021 061604,   1, 41884.4, 14.641,358.574,0.002190,359.5,315.751,4.40e-03, 13.2, 0.1,  1
5903,142101,08021994,08032021 215116,   2, 41871.8, 10.729,316.787,0.005023,359.6,275.181,7.01e-03, 13.2, 0.1,  1
5904,142102,19121998,08032021 191807,   1, 41878.2, 13.756,353.125,0.004625,359.5,330.378,4.94e-03, 13.8, 0.1,  1
5905,142103,01022003,08032021 150923,   1, 41889.3, 14.651,  1.140,0.001656,359.5,273.586,1.92e-02, 12.6, 0.1,  1
5906,142104,22092011,09032021 014357, 384, 41851.9, 14.680,358.334,0.004778,359.5,344.090,4.88e-01, 17.2,10.3, - 
5907,142105,11122012,09032021 044638,1184, 41829.3,  9.268,323.379,0.051420,359.4,  2.076,2.12e+00, 17.3, -  , - 
5908,142106,18092015,08032021 141944,  80, 41876.2, 13.802,353.047,0.022124,359.5,100.150,1.47e-01, 17.1, 1.9,276
5909,142107,22092015,09032021 005627,  28, 41823.5,  8.531, 71.698,0.225132,359.7,287.085,8.86e+00, 16.7, 1.5,222
5910,142108,09102015,08032021 204423,  19, 41771.4,  2.608,316.013,0.023675,358.2,171.003,2.09e+00, 17.6, 0.8,109
5911,142110,28012017,09032021 083631,1086, 41854.2, 10.837,312.366,0.001088,359.6,344.988,1.00e+00, 17.8, -  , - 
5912,142111,30072017,08032021 075115, 230, 41883.4,  3.139,330.204,0.043416,358.2,339.589,2.52e+00, 17.8,11.9, - 
5913,142112,16092017,08032021 063001, 121, 41875.0,  3.191,308.049,0.009134,358.8,258.516,5.10e-02, 18.0, 1.2,165
5914,142113,15102017,08032021 120222, 711, 41805.1, 30.772,  3.078,0.391844,359.8,357.294,9.71e+00, 17.2,54.0, - 
5915,142116,07032018,09032021 061408,   1, 41878.8,  6.952,275.577,0.020212,359.9,201.625,2.39e-01, 15.6, 0.3, 25
5916,142117,21052018,09032021 031857, 179, 41881.6,  2.832,310.609,0.024852,358.5,  5.783,4.63e-01, 17.7, 0.9,145
5917,142118,11122018,09032021 083542,  19, 41890.6,  3.010,315.475,0.033986,358.5, 28.970,2.19e+00, 16.5, 2.2,407
5918,142119,05052019,08032021 192155, 670, 41862.9, 39.191,348.209,0.468161,359.8,343.141,3.98e+01, 17.1, -  , - 
5919,142120,07122019,09032021 034112, 452, 41831.3, 20.505, 66.729,0.184648,359.9,316.314,1.01e+01, 15.4, -  , - 
5920,142200,06031989,09032021 054206,   1, 41895.9, 12.822,347.295,0.000280,359.5,211.132,5.16e-03, 13.1, 0.1,  1
5921,142201,15011994,09032021 160559,   0, 41892.0, 11.457,319.760,0.001508,359.6, 90.029,5.36e-03, 13.2, 0.1,  1
5922,142202,14021994,08032021 104828,   1, 41895.6, 13.487,343.015,0.006870,359.5,302.565,5.74e-03, 13.1, 0.1,  1
5923,142203,11042007,09032021 123438,   3, 41896.8, 10.765,314.002,0.004888,359.6,265.360,5.57e-02, 16.8, 0.3, 18
5924,142204,21022007,08032021 184124,1210, 41892.6,  9.045,294.981,0.068332,359.7, 69.600,2.94e+00, 18.0, -  , - 
5925,142205,15012010,09032021 092614,  97, 41909.5, 14.393,  8.737,0.009493,359.5, 17.751,9.76e-02, 12.0, 2.5,368
5926,142207,08032008,08032021 231532,   3, 41884.7,  9.332,303.369,0.005892,359.6,  4.416,9.19e-01, 15.3, 0.2, 18
5927,142208,21122011,08032021 204446, 119, 41898.4,  8.077,296.989,0.006464,359.6,107.625,3.48e-02, 18.0, 1.4,176
5928,142209,26102013,09032021 131515,   4, 41906.1, 11.016,313.404,0.020752,359.6, 39.757,1.02e+00, 17.3, 0.7,106
5929,142210,25112013,08032021 191207,1703, 41718.3,  9.704, 54.287,0.089285,359.6,176.104,6.82e+00, 15.1, -  , - 
5930,142211,09042015,08032021 224854, 141, 41906.8,  3.085,308.592,0.012697,358.7, 18.477,6.83e-02, 16.6, 3.1,459
5931,142212,06112015,08032021 143638,1949, 41903.7, 11.308,318.098,0.045495,359.6, 75.315,4.65e-01, 16.4, -  , - 
5932,142213,13122015,09032021 043858, 115, 41905.9, 12.918,337.535,0.026667,359.5, 15.445,4.12e-01, 17.7, 2.4,279
5933,142214,10092016,09032021 023856,1254, 41815.1,  8.021, 78.812,0.143070,359.8,266.394,8.51e+00, 17.5, -  , - 
5934,142215,13072017,09032021 013427, 773, 41736.0, 37.484,  2.182,0.110749,359.8,  5.724,2.71e+01, 15.8, -  , - 
5935,142216,12012018,09032021 093704, 559, 41763.3, 15.830,333.346,0.160918,359.6, 23.576,7.88e+00, 17.9,61.2, - 
5936,142217,09042018,09032021 081203,  18, 41900.3,  3.864,282.788,0.048004,359.6,163.040,1.25e-01, 18.1, 0.3, 45
5937,142218,23022017,08032021 091633, 194, 41891.3, 10.542,315.074,0.008566,359.6,303.291,6.65e-03, 18.0, 1.1,195
5938,142219,01022019,08032021 133942, 760, 41874.9, 14.720,336.891,0.081863,359.6, 35.178,8.66e+00, 17.0,30.3, - 
5939,142220,10122020,08032021 144445,  72, 41897.3, 19.277, 68.816,0.211550,359.9,319.463,8.68e+00, 15.9,47.0, - 
5940,142300,16031996,08032021 103801,   1, 41920.5, 13.497,333.213,0.000464,359.6,143.629,7.33e-03, 13.1, 0.1,  1
5941,142301,26101986,08032021 093408,   2, 41918.8, 12.287,327.744,0.002669,359.5,279.827,6.20e-03, 13.1, 0.1,  1
5942,142302,04061995,08032021 164405,   1, 41912.0, 14.374,  8.820,0.000653,359.5, 43.381,4.37e-03, 13.8, 0.1,  1
5943,142303,28012003,09032021 050702,   1, 41912.1, 13.439, 16.482,0.005251,359.5,235.834,1.77e-02, 12.9, 0.1,  1
5944,142304,29062003,09032021 173823,   0, 41912.1, 13.763, 14.706,0.001496,359.5,302.114,1.00e-02, 13.5, 0.1,  1
5945,142305,20092003,09032021 045159,   1, 41929.3, 12.204, 24.403,0.001573,359.5,195.868,1.32e-02, 13.4, 0.1,  1
5946,142306,23112008,09032021 095120,4485, 41923.6,  5.135,352.198,0.054912,358.7,351.315,4.66e+00, 18.2, -  , - 
5947,142307,25092008,08032021 174504,  12, 41992.3,  2.647,  6.479,0.136442,357.5,348.376,2.76e+00, 16.3, 0.4, 47
5948,142308,08112009,08032021 205327,  90, 41835.9,  5.169,302.483,0.137283,359.3,304.399,1.59e+00, 15.8,25.6, - 
5949,142309,09112009,08032021 212136,  61, 41927.1, 11.313,312.087,0.012047,359.6,193.785,9.68e-02, 17.1, 1.2,167
5950,142310,09092010,09032021 022508,   3, 41918.8,  3.828,304.954,0.009362,359.0,  6.151,1.07e-01, 16.3, 0.2, 17
5951,142311,23042011,08032021 052204,1018, 41660.6, 25.288, 39.746,0.194207,359.8,245.606,7.55e+00, 15.1, -  , - 
5952,142312,16012012,08032021 214929,3322, 41914.6,  6.793,317.242,0.163551,359.3, 68.841,6.19e+00, 16.3, -  , - 
5953,142313,18022012,09032021 160554,   0, 41919.5,  2.789,311.925,0.023848,358.5,345.508,3.86e-01, 17.6, 0.1,  3
5954,142317,07102015,08032021 185132, 436, 41933.3,  4.767,286.855,0.105036,359.6,147.248,5.42e+00, 17.5,32.6, - 
5955,142318,26102011,09032021 091102,  29, 41908.4,  2.061,320.866,0.054399,357.6,331.868,2.25e-01, 16.1, 1.2,171
5956,142319,31072016,08032021 134559, 525, 41924.9,  9.743,286.862,0.053550,359.8,130.243,2.90e+00, 16.2,17.2, - 
5957,142320,25082016,09032021 160805,  63, 41919.4,  2.783,311.925,0.022643,358.5,356.458,3.93e-01, 17.4, 5.2,179
5958,142321,19112016,08032021 232809,  52, 41909.6,  8.412,284.292,0.135086,359.8, 42.466,2.80e+00, 17.3, 1.8,222
5959,142324,16012018,09032021 092314, 740, 41923.4, 14.671,  1.097,0.015156,359.5,301.173,7.21e-02, 18.0, 9.0, - 
5960,142325,16022018,09032021 093500,1110, 41855.8, 11.183, 53.249,0.281617,359.6,351.273,8.28e+00, 17.2,48.5, - 
5961,142326,18042018,08032021 130158,  81, 41924.6,  3.767,305.503,0.016924,359.0, 33.196,1.21e-01, 17.9, 1.3,190
5962,142327,18042018,09032021 100919,1023, 41913.1, 13.846, 17.168,0.022991,359.5, 73.534,3.89e-01, 17.7,36.2, - 
5963,142328,21052018,08032021 193441, 434, 41927.7,  3.181,308.665,0.012093,358.7,342.930,2.63e-01, 18.2,32.8, - 
5964,142329,16082018,08032021 222215, 555, 41884.7,  6.441, 21.719,0.165436,359.0,310.280,5.82e+00, 17.7,17.4, - 
5965,142330,14032019,08032021 220804, 592, 41832.4,  9.517,103.663,0.312019,  0.2,322.362,1.74e+01, 16.7,68.7, - 
5966,142331,31032019,09032021 015300, 706, 41770.5, 32.764,353.360,0.168389,359.8, 85.288,2.49e+01, 18.1,79.2, - 
5967,142332,04052019,08032021 193459, 671, 41911.8,  3.619,282.340,0.021309,359.6,182.151,2.03e+00, 19.4,29.3, - 
5968,142333,06052019,08032021 114719, 671, 41891.5, 10.759, 74.465,0.119199,359.8,202.369,1.60e+01, 17.8, -  , - 
5969,142334,28072019,08032021 193739, 369, 41909.9,  3.252,307.760,0.010747,358.8,354.840,3.73e-02, 17.8, 3.3,338
5970,142338,21032020,09032021 035003, 332, 41724.3, 35.203,  5.928,0.106169,359.8,265.237,2.86e+01, 15.6,49.6, - 
5971,142339,22092020,08032021 220057, 136, 41915.7,  3.715,246.285,0.171839,  0.7,151.628,5.57e+00, 17.8,13.6, - 
5972,142400,11022007,09032021 042450,5109, 42107.1, 20.503,339.860,0.198127,359.7,320.222,1.66e+01, 17.8, -  , - 
5973,142401,04031986,08032021 075358,   1, 41938.3, 13.322,332.031,0.005955,359.6,128.617,4.53e-03, 13.4, 0.1,  1
5974,142402,12022007,08032021 130804,4849, 41955.8, 19.608,  6.228,0.098606,359.7, 19.244,6.20e+00, 18.9, -  , - 
5975,142403,17082007,08032021 140220,   0, 41993.1,  5.582,287.898,0.097083,359.6, 95.073,1.31e+00, 13.2, 0.1,  2
5976,142404,15012007,08032021 222124,5157, 41834.7, 14.919, 58.094,0.173264,359.8,274.654,8.54e+00, 17.8, -  , - 
5977,142405,14102006,08032021 180515,  19, 41929.4,  8.848,299.754,0.027627,359.6, 54.248,2.38e-02, 15.2, 0.7, 45
5978,142406,09112007,09032021 030837,   1, 41955.3,  3.108,312.859,0.042089,358.6, 50.647,1.12e+00, 17.0, 0.1,  4
5979,142407,18122004,09032021 055821,   1, 41940.7,  8.101,297.183,0.008547,359.6,108.545,6.92e-03, 15.9, 0.1,  3
5980,142408,04082011,09032021 105728,1143, 42006.1, 16.105, 42.886,0.038938,359.7,326.563,8.44e+00, 16.7, -  , - 
5981,142409,03102011,08032021 215920,  12, 41889.1,  9.720,308.873,0.031563,359.6,243.133,2.94e+00, 16.2, 0.6, 66
5982,142410,14102012,09032021 055154,  83, 41821.7, 10.197,319.693,0.030719,359.5, 34.660,9.00e-01, 16.9,14.4, - 
5983,142411,18012012,09032021 065723,   0, 41949.8,  8.120,296.354,0.011869,359.6,  8.043,9.47e-01, 17.2, 0.2, 16
5984,142413,01082015,08032021 185154,  85, 41749.5, 19.512, 70.820,0.742201,359.9,265.024,2.36e+01, 13.9, -  , - 
5985,142414,09022016,09032021 095558,1481, 41944.3, 14.286,351.723,0.003440,359.5, 65.610,9.26e-02, 17.8,17.0, - 
5986,142415,31122016,08032021 191119,   5, 41885.5, 16.416,276.673,0.605736,360.0, 89.371,1.07e+01, 14.7, 0.4, 65
5987,142416,01032016,08032021 230534, 142, 41935.1,  3.189,308.109,0.023256,358.8,261.919,1.39e-01, 17.8, 4.1,670
5988,142417,13122017,09032021 181715,1166, 41936.1,  6.734,354.641,0.136666,359.0, 35.449,4.50e+00, 16.9,32.7, - 
5989,142418,19082018,09032021 001103, 888, 41935.2,  3.278, 76.297,0.191275,359.5, 84.661,3.27e+00, 16.3, -  , - 
5990,142500,07062008,08032021 075231,4624, 41999.1,  7.887,113.313,0.115728,  0.3, 82.532,4.96e+00, 19.3, -  , - 
5991,142501,22112008,08032021 225432, 247, 41985.5,  3.523,318.258,0.139355,358.6, 11.820,1.99e+00, 17.4,23.5, - 
5992,142502,25072009,09032021 033137,   1, 41767.2,  7.202,287.680,0.211720,359.7, 34.421,5.53e+00, 16.7, 0.1,  9
5993,142503,20032010,08032021 103408,  15, 41952.8,  9.478,304.574,0.005807,359.6,333.629,1.47e-02, 16.7, 0.2, 20
5994,142504,05112011,08032021 220730,3131, 41966.3, 13.554,342.898,0.115820,359.5, 80.002,8.72e-01, 16.2, -  , - 
5995,142505,03022011,09032021 054317,   3, 41966.4,  8.154,  1.133,0.017840,359.2,230.913,7.96e+00, 16.7, 0.2, 37
5996,142506,25022009,09032021 033606, 114, 41906.0,  4.788,291.852,0.061619,359.5,195.126,2.54e+00, 18.0, 7.6, - 
5997,142507,09122015,09032021 044722,   3, 41958.6, 10.019,300.267,0.123422,359.7, 31.464,3.65e+00, 17.2, 0.3, 32
5998,142508,03082016,08032021 222932, 195, 41976.8,  2.328,355.121,0.067334,357.2,337.549,2.51e+00, 17.5,18.1, - 
5999,142509,19102016,08032021 185607, 500, 41965.8,  3.271,329.387,0.061838,358.3, 23.485,2.77e+00, 18.1,11.2, - 
6000,142510,26102016,09032021 051012, 209, 41911.7,  9.471,303.985,0.011186,359.6,  1.786,2.85e-01, 18.0, 3.4,584
6001,142511,18022017,08032021 231943, 191, 41961.4,  9.409,323.295,0.013756,359.4,184.810,1.48e-01, 17.2, 6.9,515
6002,142513,24092017,08032021 175520,1209, 41954.3,  3.100, 80.898,0.217219,359.6, 85.738,3.81e+00, 16.7,85.3, - 
6003,142514,08032018,09032021 051118,  90, 41945.9,  9.089,299.639,0.153836,359.6,337.640,4.53e-02, 17.9, 2.4,287
6004,142515,11032018,08032021 191401,1091, 41941.1,  9.088,293.335,0.031738,359.7,136.481,2.32e+00, 18.3,96.3, - 
6005,142516,07062018,09032021 061646,   0, 41971.6,  4.320,246.734,0.148537,  0.6,158.709,4.83e+00, 15.5, 0.1,  4
6006,142517,12042019,08032021 170521, 185, 41958.8,  1.984, 96.805,0.056783,  0.4,161.126,1.41e+00, 15.2,40.2, - 
6007,142518,29082019,09032021 022215,  20, 41921.2,  3.042,336.177,0.156540,358.0, 41.588,6.45e+00, 17.8, 1.2,132
6008,142519,31082019,09032021 173559, 547, 41989.8, 32.247,322.075,0.132218,359.8,353.436,1.85e+01, 16.7,46.1, - 
6009,142520,27012020,08032021 230810,   0, 41987.1,  1.799, 93.648,0.019183,  0.2,274.336,1.82e+00, 15.1, 0.1, 24
6010,142600,23042007,09032021 143530,   1, 41980.0,  8.454,298.048,0.004649,359.6, 55.394,2.15e-02, 15.9, 0.1,  2
6011,142601,11102007,08032021 155051,   3, 41986.1,  3.230,310.075,0.028361,358.7,  8.511,4.92e-01, 16.9, 0.1, 14
6012,142602,02082008,08032021 131958,1009, 42145.8,  5.009,253.812,0.052477,  0.4,139.840,4.82e+00, 15.5, -  , - 
6013,142603,08012008,09032021 054514,   3, 41976.5, 10.672,313.468,0.012972,359.6,211.098,3.80e-01, 16.8, 0.3, 19
6014,142605,23122011,08032021 135614, 343, 41993.5, 14.281,354.169,0.011325,359.5,113.444,3.54e-01, 17.1,10.6, - 
6015,142606,22122011,09032021 111629,  83, 41985.3,  9.705,305.071,0.003302,359.6,195.968,2.77e-02, 17.8, 1.0, 99
6016,142607,12062012,09032021 112808, 992, 41168.2, 22.260, 27.571,0.264134,359.7,  1.568,1.97e+01, 17.2, -  , - 
6017,142608,18112014,09032021 034551,   6, 42002.6,  9.626,304.795,0.001647,359.6, 67.040,7.05e-01, 16.7, 0.3, 24
6018,142609,05092015,09032021 052153,   1, 42004.7,  9.734,304.100,0.019829,359.6,232.881,6.64e-01, 17.1, 0.1, 15
6019,142610,01032016,09032021 003003, 105, 41989.7,  3.593,319.759,0.021994,358.6,303.928,5.69e-02, 17.4, 1.9,254
6020,142611,31082016,09032021 012028, 398, 41869.4, 14.779,302.752,0.391838,359.8, 73.018,1.55e+01, 16.1,42.3, - 
6021,142613,22122016,09032021 094300, 999, 41822.7, 11.655, 96.254,0.322523,  0.1,315.268,1.64e+01, 16.7, -  , - 
6022,142614,01072017,08032021 103703,1281, 41864.1, 35.340, 11.917,0.152750,359.8,252.761,2.68e+01, 16.2, -  , - 
6023,142615,31082017,08032021 064043,  75, 41911.3,  3.347, 92.538,0.129418,  0.1,288.187,4.18e+00, 15.8,26.9, - 
6024,142616,20092017,08032021 152547,1144, 41975.6,  8.117,295.012,0.013133,359.7,336.496,1.41e+00, 18.1, 9.3, - 
6025,142617,11102018,08032021 215626, 859, 41971.4,  9.579,304.059,0.001823,359.6,  2.227,6.21e-01, 19.2, -  , - 
6026,142700,06022005,08032021 072536,   1, 42004.1, 12.081, 58.350,0.003640,359.7, 48.971,7.96e-03, 10.6, 0.1,  1
6027,142701,26082006,09032021 034004,   1, 41990.1, 12.963,339.998,0.001449,359.5,137.071,9.88e-02, 15.4, 0.2, 15
6028,142702,30052006,08032021 111713,1298, 42004.4,  3.078,310.936,0.022163,358.6, 81.483,7.60e-02, 17.1,30.2, - 
6029,142703,31052006,09032021 170359,  73, 42004.0, 11.275,320.111,0.020033,359.5,216.927,4.61e-01, 17.6, 1.1,203
6030,142704,06102011,08032021 191018,1048, 42011.8, 12.485,332.647,0.019783,359.5, 91.276,6.39e-01, 17.4,53.4, - 
6031,142705,07112004,09032021 140505,   0, 42001.5,  9.506,303.457,0.042629,359.6,262.486,7.99e-01, 16.7, 0.2, 13
6032,142706,25092009,09032021 080237,   2, 41997.3,  8.619,298.433,0.005414,359.6, 42.454,1.01e-01, 16.5, 0.3, 18
6033,142707,23122011,09032021 080838,   1, 42004.3,  3.302,309.419,0.010319,358.8,351.526,4.05e-02, 16.8, 0.1,  4
6034,142708,12022013,08032021 165041, 934, 42036.3,  8.801,339.588,0.124932,359.3,357.418,1.37e+01, 18.1, -  , - 
6035,142709,15122011,09032021 030819,   1, 41997.9, 10.780,315.770,0.014555,359.6,355.160,3.05e-01, 17.2, 0.1,  6
6036,142711,28102014,09032021 174906,  57, 41996.3,  9.245,303.884,0.024286,359.6, 22.519,4.28e-01, 17.4, 2.0,347
6037,142713,28042017,08032021 113345,1387, 41989.4,  1.633,  4.183,0.100853,355.9,326.243,2.13e+00, 18.6, -  , - 
6038,142714,18092017,09032021 111537,  94, 42000.2, 10.575,315.128,0.050516,359.6,  1.294,8.80e-01, 17.6, 8.8, - 
6039,142715,25102017,09032021 021958,  74, 41993.4,  2.856,312.872,0.024905,358.5,323.523,7.30e-02, 16.8, 1.8,258
6040,142716,19102017,09032021 003914, 590, 41994.1, 14.267,351.199,0.010634,359.5,  2.669,3.66e-01, 18.2, 3.7,524
6041,142717,06032018,09032021 013928,1095, 41976.9,  5.517, 81.739,0.091268,359.8,309.443,6.91e+00, 17.5,40.7, - 
6042,142718,20092017,08032021 230136, 447, 42008.9,  3.860,306.441,0.022576,359.0, 24.290,1.72e-01, 18.4,10.9, - 
6043,142719,13042018,09032021 095218, 194, 42004.5,  4.226,309.919,0.010926,359.0, 71.156,8.50e-02, 18.6, 1.0,170
6044,142720,12082018,08032021 171623, 550, 41989.9, 11.396,312.774,0.015818,359.6,323.578,9.98e-03, 17.3,14.0, - 
6045,142721,14122018,08032021 184000, 797, 42344.4, 28.859, 53.854,0.637674,359.9,245.190,2.78e+01, 16.7, -  , - 
6046,142722,26042019,08032021 224707, 639, 41837.0,  9.184, 93.399,0.709634,  0.0,257.337,2.57e+01, 14.3, -  , - 
6047,142726,05122019,08032021 200610, 428, 42373.6, 25.157,316.394,0.153634,359.8, 49.437,3.20e+01, 16.3, -  , - 
6048,142727,01012020,09032021 053554, 339, 41890.2, 13.520, 83.734,0.254493,359.9,339.167,1.69e+01, 16.9,43.0, - 
6049,142728,08102020,09032021 100004,   1, 42095.6, 33.777,339.896,0.374917,359.8,348.133,2.91e+01, 12.5, 3.0,538
6050,142729,12102020,09032021 105704,   6, 41956.5,  4.980,297.233,0.425772,359.4,107.024,2.44e+01, 17.2, 0.9,139
6051,142730,14102020,08032021 093503, 141, 42003.8,  4.187,305.054,0.014440,359.1, 35.378,1.60e-01, 18.2, 3.2,537
6052,142731,24102020,08032021 064422,  99, 41758.0,  0.455,160.698,0.057044, 14.7,298.453,7.52e-01, 11.9,21.8,695
6053,142800,25012001,09032021 082133,   1, 42013.9, 16.094,332.971,0.002261,359.6,249.789,1.02e-02, 13.4, 0.1,  1
6054,142801,25092007,08032021 212417,   1, 42028.7,  3.584,308.257,0.013662,358.9,  6.191,5.32e-02, 16.9, 0.1,  8
6055,142803,24102009,08032021 212732, 173, 42247.8,  9.072,300.222,0.013633,359.6,317.240,1.51e-01, 18.0, 1.5,130
6056,142805,04042010,09032021 112044,   0, 41985.8,  4.863,263.310,0.159440,  0.2, 77.848,5.67e+00, 16.1, 0.2, 29
6057,142806,26102011,08032021 130039, 108, 42023.2,  8.542,298.362,0.007036,359.6, 39.454,1.98e-01, 17.3, 2.5,448
6058,142807,21102015,08032021 221109,1080, 42001.1,  1.711, 78.124,0.157230,359.1,222.006,8.27e+00, 18.3,43.0, - 
6059,142808,08042016,08032021 170838, 122, 42019.1,  3.182,309.767,0.050831,358.7, 25.290,1.02e-01, 16.8, 3.4,502
6060,142809,01102016,09032021 020735,   4, 42039.4,  3.009,258.408,0.054885,  0.4,285.821,4.73e+00, 17.1, 0.2, 26
6061,142810,07102016,08032021 230302, 173, 41968.0,  5.578,289.275,0.019409,359.6,138.396,2.19e+00, 18.1,26.4, - 
6062,142811,27112016,08032021 203122,1383, 42015.8, 10.272,306.818,0.121223,359.6, 46.036,3.88e+00, 17.8,36.0, - 
6063,142813,05052017,08032021 160430, 986, 41999.2,  5.830, 81.230,0.166858,359.8,319.658,7.24e+00, 15.8, -  , - 
6064,142814,17092017,08032021 120717,1026, 42379.5, 21.265,301.534,0.228936,359.8, 90.235,3.39e+01, 16.3, -  , - 
6065,142815,12072017,09032021 082037,  58, 42015.5,  4.344,304.741,0.024979,359.2, 75.444,1.67e-01, 17.7, 1.7,248
6066,142816,26112017,09032021 065030, 902, 42017.4, 10.866,315.577,0.008446,359.6,233.207,1.11e-01, 17.9, 3.6,612
6067,142817,19032018,08032021 154252, 721, 42010.8,  3.155,302.577,0.045642,358.9,184.094,1.60e+00, 18.1,81.4, - 
6068,142818,21022018,08032021 081323,1057, 42011.9,  9.623,301.613,0.036008,359.6, 11.283,1.57e+00, 18.3, 7.8, - 
6069,142819,10122018,08032021 095932, 329, 42007.8,  5.352,288.886,0.040251,359.6,102.908,3.01e+00, 17.6,14.9, - 
6070,142820,30092019,09032021 020629, 144, 42110.1, 19.170,359.657,0.145539,359.6, 34.467,1.08e+01, 16.3, -  , - 
6071,142822,16102020,09032021 144331, 136, 42016.2,  3.529,320.074,0.081970,358.6, 21.154,2.53e+00, 18.2,20.0, - 
6072,142823,12122020,09032021 034631,   0, 42016.8,  2.611,276.996,0.020324,359.7,187.299,3.97e+00, 16.0, 0.2, 44
6073,142900,12041993,08032021 071525,   1, 42033.1, 18.084,  0.038,0.028867,359.6, 60.682,4.50e-02,  9.4, 0.1,  1
6074,142901,26112003,08032021 195045,   1, 42032.3, 11.939, 26.178,0.001201,359.5,300.647,1.81e-02, 13.0, 0.1,  1
6075,142902,23012012,08032021 150302,   2, 42042.3,  2.874,313.528,0.020401,358.5,326.444,1.95e-02, 14.1, 0.1,  3
6076,142903,07122010,08032021 235231,  33, 42243.7,  4.792, 33.940,0.115990,358.8,276.220,7.98e+00, 15.9, 2.5,229
6077,142904,21112012,08032021 065053, 137, 42007.2,  9.619,305.801,0.047762,359.6,120.180,3.74e-01, 16.8,13.8, - 
6078,142905,13032015,08032021 165428, 199, 42045.2,  8.578,298.514,0.004080,359.6,284.938,1.18e-01, 17.3, 4.0,423
6079,142906,18102015,09032021 031256, 723, 42034.8,  6.932,291.588,0.022479,359.7,194.105,3.82e-01, 13.1,10.5, - 
6080,142907,09012016,09032021 125618,  21, 42042.0, 12.982,340.756,0.019748,359.5,269.375,1.24e-01, 17.7, 0.3, 53
6081,142908,09082016,09032021 031414,  27, 41670.8,  7.743,359.421,0.525445,359.1,338.542,1.85e+01, 16.6, 2.5,436
6082,142909,29082016,08032021 113525, 168, 42035.1,  4.392,312.205,0.082749,359.0, 46.565,1.96e+00, 17.9, 5.2,869
6083,142910,19112015,09032021 093219,1118, 41885.1, 13.278,339.055,0.403821,359.5, 51.946,1.74e+01, 16.9, -  , - 
6084,142911,04102016,09032021 021709,  36, 42027.9,  9.685,305.171,0.004538,359.6,310.071,5.45e-02, 17.0, 0.6, 78
6085,142912,20102016,08032021 195526, 723, 42305.2,  7.918, 56.903,0.341166,359.5,339.734,4.23e+01, 16.3, -  , - 
6086,142913,21022017,09032021 081906, 195, 42041.1, 11.142,314.766,0.003536,359.6,214.413,2.62e-02, 17.8, 1.1,179
6087,142914,11082018,09032021 044342, 899, 42000.5, 13.744, 72.779,0.351215,359.9,286.250,8.65e+00, 15.9, -  , - 
6088,142915,06102018,08032021 215853,  60, 42033.2,  6.917,290.483,0.011917,359.7,116.868,3.89e-01, 17.6, 2.6,305
6089,142916,07082019,08032021 201320, 560, 42030.5,  7.062, 78.108,0.096818,359.8,350.245,6.72e+00, 16.3,28.7, - 
6090,142917,21102019,09032021 001826, 371, 43260.9, 29.748, 35.729,0.478094,359.8,270.354,2.19e+01, 14.7, -  , - 
6091,142920,28072020,08032021 164653, 223, 42040.8,  4.520, 87.822,0.158402,359.9,245.071,7.19e+00, 16.3, -  , - 
6092,143000,03051981,09032021 094138,   0, 42057.6,  3.863,287.192,0.006153,359.5,107.492,4.40e-03, 13.1, 0.1,  1
6093,143001,15022007,09032021 052153,   6, 41965.1, 10.200,318.438,0.036538,359.5, 22.536,1.74e+00, 16.9, 0.2, 19
6094,143002,30052006,08032021 082542,5374, 42048.8,  4.921,307.748,0.094544,359.2,  9.585,1.11e+00, 16.3, -  , - 
6095,143003,20092006,09032021 052331,4811, 42047.5,  3.467,315.194,0.041584,358.7, 24.262,1.24e+00, 19.1, -  , - 
6096,143004,03112008,08032021 105720,  12, 42094.0,  8.254,295.034,0.020276,359.7,177.702,8.92e-01, 16.3, 1.1,192
6097,143006,17082009,08032021 202410,  23, 42057.2, 10.787,316.664,0.008749,359.6,328.489,7.47e-02, 16.6, 0.2, 31
6098,143007,06022011,08032021 184605, 820, 42051.4, 13.966,347.814,0.032469,359.5,317.960,7.14e-01, 18.1, 8.6, - 
6099,143008,13052010,09032021 000341,   1, 42047.7, 14.730,  9.768,0.002289,359.5, 40.940,2.73e-02, 15.9, 0.1,  4
6100,143009,27062012,08032021 062115, 316, 42070.7,  2.595,342.188,0.110813,357.6,345.424,3.13e+00, 17.4,57.9, - 
6101,143010,18102015,09032021 091200, 143, 42031.6, 11.191,316.607,0.036998,359.6, 96.019,1.67e+00, 17.5,17.2, - 
6102,143011,31082016,09032021 010732,1122, 42062.7,  5.236,332.928,0.096866,358.9, 81.772,2.79e+00, 18.3, -  , - 
6103,143012,25112016,09032021 023757, 493, 42055.8, 10.637,316.570,0.039968,359.5, 22.644,9.44e-01, 17.9,13.7, - 
6104,143013,01052017,09032021 071048,1378, 42218.3, 15.757, 38.041,0.424204,359.7, 78.393,1.05e+01, 16.4,73.6, - 
6105,143014,14112017,08032021 204607, 816, 42050.5,  7.861,295.730,0.187483,359.6, 74.765,2.63e+00, 17.9,28.2, - 
6106,143015,17042018,09032021 170322, 702, 42020.5, 18.301,  0.894,0.137085,359.6,342.198,5.79e+00, 17.9,41.4, - 
6107,143016,02012019,09032021 121319,  79, 41765.0, 12.920,356.461,0.359619,359.5, 31.275,1.74e+01, 16.8, 8.0, - 
6108,143017,01022019,08032021 065933, 766, 42053.2,  2.897,315.051,0.022593,358.4, 96.327,5.32e-01, 18.1, 2.1,340
6109,143018,03032019,08032021 205612, 708, 42291.0, 30.074, 46.998,0.623951,359.8,249.197,2.80e+01, 17.1,88.2, - 
6110,143020,11042019,09032021 092605,   3, 42067.0,  1.846, 91.574,0.024654,  0.1,188.069,1.27e+00, 17.2, 0.3, 33
6111,143021,27042019,08032021 203114,  16, 42044.1,  2.614, 87.313,0.058534,359.9,198.229,4.69e+00, 17.2, 0.4, 77
6112,143022,03062019,09032021 013039,  55, 42036.9, 18.436, 67.942,0.079957,359.9,131.303,3.48e+00, 15.3, 6.7,889
6113,143023,09082019,08032021 034843, 529, 41773.1, 17.041, 71.220,0.740441,359.9,265.304,2.58e+01, 13.9, -  , - 
6114,143024,30012020,09032021 042754, 313, 42039.8,  3.917, 87.081,0.052243,359.9,231.436,5.65e+00, 17.4,21.9, - 
6115,143025,03032020,08032021 120853, 359, 42027.1, 21.549,  1.151,0.140416,359.7,349.885,1.32e+01, 16.3, -  , - 
6116,143026,02042020,08032021 183046, 225, 42065.4,  4.904, 90.681,0.175608,  0.0,252.999,6.08e+00, 15.7,44.0, - 
6117,143027,26042020,08032021 194009,  32, 42050.6,  1.105, 93.697,0.080254,  0.4, 68.341,8.41e+00, 17.0, 5.9, - 
6118,143028,28042020,08032021 093549,   0, 42125.2,  4.473, 90.822,0.197859,  0.0,257.458,6.53e+00, 14.8, 0.1,  6
6119,143029,18082020,08032021 194923,   0, 42053.7,  1.556, 95.261,0.104039,  0.4,284.727,1.06e+01, 15.8, 0.7,109
6120,143030,12092020,08032021 044435, 141, 42097.2,  9.944,235.472,0.542571,  0.4,244.302,3.58e+00, 17.3,58.3, - 
6121,143031,14112020,09032021 062156,   1, 42056.4,  8.196, 78.941,0.192642,359.8,104.463,1.08e+01, 12.9, 0.3, 50
6122,143100,29102005,08032021 193122,   1, 42076.0,  8.976, 33.005,0.002058,359.4,245.458,8.10e-03, 10.7, 0.1,  1
6123,143101,01121997,09032021 040727,   1, 42077.9, 14.301, 41.992,0.000804,359.6,190.975,6.41e-03, 11.2, 0.1,  1
6124,143102,06081981,08032021 073623,   0, 42092.0,  7.476,293.255,0.000909,359.7,186.457,1.20e-02, 13.1, 0.1,  1
6125,143103,26071998,09032021 034611,   1, 42078.3, 14.106, 14.006,0.002971,359.5,167.014,9.98e-03, 11.2, 0.1,  1
6126,143104,02092005,09032021 114955,   0, 42077.0,  7.604,292.814,0.025984,359.7, 88.017,1.34e+00, 11.7, 0.1,  2
6127,143105,13032007,08032021 203626,  14, 42071.8,  9.822,305.442,0.006971,359.6,301.782,1.08e-01, 15.6, 0.5, 52
6128,143106,05102007,08032021 235004,   1, 42152.3,  3.994,309.292,0.026958,359.0,350.628,1.65e-01, 15.0, 0.1,  6
6129,143107,27042009,08032021 213636, 162, 42178.9, 17.477,351.956,0.019348,359.6,104.815,1.47e+01, 15.5,29.8, - 
6130,143108,01032011,09032021 034639,3574, 41973.7, 41.269,  9.339,0.466004,359.8,  8.290,2.14e+01, 14.9, -  , - 
6131,143109,24112008,09032021 045912,   1, 42076.4,  3.811,308.012,0.018118,359.0,358.934,9.03e-02, 16.0, 0.1,  4
6132,143110,20112011,09032021 053337, 121, 42061.3, 10.247,301.864,0.020704,359.7, 56.754,3.45e-01, 14.8, 3.9,722
6133,143111,24122013,09032021 065816, 193, 42041.6,  4.183,318.260,0.211152,358.8,337.855,4.79e+00, 16.4,77.7, - 
6134,143112,04122013,09032021 051624, 111, 42129.2,  3.660,285.361,0.229557,359.5, 65.382,6.71e+00, 16.4, -  , - 
6135,143114,09122013,08032021 141834,  31, 41993.8,  3.986,325.934,0.380272,358.6,284.508,5.67e+00, 16.3, 8.8, - 
6136,143115,22012015,08032021 172745, 113, 41988.2, 41.924,  6.288,0.514524,359.8, 10.931,2.16e+01, 14.9,26.2, - 
6137,143118,12062016,09032021 052129,   2, 42165.4,  6.401,353.274,0.005530,359.0, 44.102,1.04e-02,  7.7, 0.1,  1
6138,143120,31082016,08032021 133458,   0, 42069.2,  2.771,315.326,0.029463,358.3,344.290,5.79e-01, 17.8, 0.1, 10
6139,143121,07092016,08032021 200611,   0, 41893.1, 15.356, 52.207,0.196536,359.7,323.095,7.66e+00, 17.1, 0.4, 41
6140,143123,24112016,08032021 151137,  12, 42079.3,  2.724,317.163,0.031880,358.3,346.252,5.81e-01, 17.6, 0.2, 32
6141,143126,15022018,09032021 033531, 930, 41972.3,  4.761,296.785,0.429712,359.4,107.627,2.42e+01, 17.4, -  , - 
6142,143127,07042018,08032021 222341,1060, 42100.9, 39.417,349.288,0.473190,359.8,341.994,3.82e+01, 17.1, -  , - 
6143,143128,11082018,09032021 064916, 380, 42069.9,  8.842,300.012,0.022145,359.6,334.914,1.55e+00, 18.0,16.2, - 
6144,143129,07062019,09032021 032120,  76, 42070.1,  5.728, 73.332,0.056632,359.7,264.208,3.17e+00, 16.6, 8.1, - 
6145,143130,09082019,09032021 110833,   1, 42080.4,  9.584,305.571,0.004866,359.6, 54.984,5.83e-02, 17.8, 0.3, 19
6146,143132,20032020,09032021 103310, 342, 42145.9, 27.139,326.208,0.408498,359.8, 30.180,2.87e+01, 14.1, -  , - 
6147,143134,17022021,08032021 084254,  16, 42070.2,  4.687,313.894,0.169107,359.0,313.223,1.76e+00, 17.5, 0.1, 25
6148,143200,03022003,09032021 011137,   1, 42087.6, 17.144, 25.447,0.001170,359.6,323.492,1.47e-02, 11.1, 0.1,  2
6149,143201,15111998,09032021 024647,   1, 42087.0,  7.018,291.989,0.001377,359.7,144.070,5.01e-03, 13.2, 0.1,  1
6150,143202,15021983,09032021 003754,   1, 42108.9,  7.044,291.866,0.002965,359.7,330.190,1.13e-02, 13.3, 0.1,  1
6151,143203,28032011,09032021 000900, 674, 42127.3,  4.356,317.691,0.073278,358.9, 27.641,3.97e+00, 17.1,47.8, - 
6152,143204,02112011,09032021 000351,  29, 42090.8,  8.871, 30.244,0.024026,359.3,243.312,9.00e+00, 16.3, 3.2,392
6153,143205,18082012,08032021 183421,   0, 42091.9, 13.820,343.291,0.018113,359.5, 84.105,1.96e-01, 13.9, 0.1,  2
6154,143207,01082013,08032021 220418,  17, 41979.9, 11.602,302.520,0.028081,359.7,158.727,1.81e+00, 15.7, 3.1,572
6155,143208,17082017,09032021 013531, 376, 42101.9,  3.599, 88.799,0.097812,360.0,276.013,2.31e+00, 17.3,93.1, - 
6156,143209,26032014,09032021 094749, 456, 41920.0,  8.182,357.341,0.177444,359.2, 68.420,6.07e+00, 16.2,15.4, - 
6157,143211,10112014,09032021 011424, 340, 42192.7, 10.354,314.728,0.142306,359.6,108.564,2.26e+00, 16.8,44.6, - 
6158,143212,18072015,08032021 194540, 198, 41980.3,  3.288,308.922,0.012722,358.8, 67.274,1.29e-01, 17.5, 8.9, - 
6159,143213,09032016,08032021 140303,  20, 42094.0, 13.011,336.921,0.027207,359.5, 61.873,3.20e-01, 17.1, 0.5, 47
6160,143215,24112016,08032021 124040, 434, 42100.1,  9.993,305.767,0.003721,359.6,193.946,2.11e-01, 18.9, 9.7, - 
6161,143216,30122016,09032021 162652, 439, 42073.7, 17.624, 37.036,0.033727,359.7, 88.349,1.15e+01, 16.8,71.0, - 
6162,143217,14092017,09032021 120001,1267, 42087.3,  7.192,329.569,0.102417,359.2, 27.934,1.12e+01, 17.4, -  , - 
6163,143218,16092017,09032021 053552, 931, 42095.6,  9.220,306.359,0.088495,359.6, 57.172,6.71e-02, 17.8, 2.9,476
6164,143219,09122017,08032021 191440,  90, 42092.0, 10.550,315.128,0.024261,359.6,200.323,3.31e+00, 17.7, 3.1,500
6165,143220,18012018,09032021 145613, 754, 42086.0,  5.219, 87.567,0.205136,359.9,281.097,3.17e+00, 16.4,71.1, - 
6166,143222,12032018,08032021 183854, 707, 42092.6,  9.807,305.705,0.013494,359.6,350.005,5.57e-02, 18.5,12.5,837
6167,143223,06112018,09032021 045013, 458, 42095.3,  5.101,303.641,0.048138,359.3, 68.684,1.15e-01, 17.8, 7.9, - 
6168,143224,01052019,09032021 062718,  91, 42031.9,  2.622,248.707,0.326397,  0.9,137.175,7.09e+00, 15.1,41.7, - 
6169,143225,22102019,09032021 013357,  65, 42098.7, 11.286,315.074,0.001979,359.6,200.909,1.33e-02, 17.8, 0.8,104
6170,143226,07102019,08032021 182753, 517, 42002.4, 11.389, 13.454,0.323557,359.4,350.315,1.33e+01, 17.2, -  , - 
6171,143227,23042020,09032021 091837,  52, 42429.6,  0.680, 91.476,0.024972,  0.3,168.067,5.79e+00, 17.2,43.4, - 
6172,143300,03121994,08032021 164349,   1, 42120.2,  3.089,286.314,0.003283,359.4, 69.368,5.87e-03, 13.2, 0.1,  1
6173,143301,09101999,09032021 000344,   1, 42122.8,  9.795, 57.962,0.091765,359.6,141.627,3.32e-02, 12.9, 0.1,  2
6174,143302,14102001,09032021 110538,   0, 42103.8, 11.255, 24.469,0.001697,359.5, 76.893,7.59e-03, 10.7, 0.1,  1
6175,143303,20091993,09032021 044531,   1, 42102.3,  7.031,319.936,0.001031,359.3,272.998,3.62e-02, 11.4, 0.1,  1
6176,143304,13012008,09032021 111353,   1, 42638.0,  3.787, 79.066,0.001126,359.6,214.629,1.05e-02, 14.5, 0.1,  1
6177,143305,05092008,08032021 104446,   2, 42113.4, 13.435,341.321,0.001330,359.5,259.602,2.88e-02, 15.8, 0.1,  4
6178,143307,29112007,09032021 154734, 179, 42106.4, 10.740,314.387,0.082932,359.6, 71.373,2.23e+00, 16.7,29.4, - 
6179,143308,22042011,09032021 141950,  12, 42096.9,  2.379,337.740,0.065887,357.5,344.112,1.60e+00, 16.5, 1.6,292
6180,143309,24092011,09032021 032800,  80, 42090.3,  6.647,291.613,0.177700,359.6, 23.449,6.33e+00, 17.0, 8.8, - 
6181,143310,21042007,09032021 032208,   3, 42101.3,  9.350,308.076,0.129840,359.6, 11.140,3.04e+00, 16.7, 0.1, 14
6182,143311,25072009,08032021 172122,   1, 42106.5, 10.450,315.815,0.041669,359.5, 59.038,1.41e+00, 16.4, 0.2, 18
6183,143312,31102012,08032021 231934,   2, 41946.9, 15.910, 49.730,0.169918,359.7,287.038,6.48e+00, 15.9, 0.2, 38
6184,143313,04082008,08032021 081721,   1, 42137.1,  6.457,286.259,0.035651,359.7, 43.860,4.29e+00, 17.2, 0.3, 22
6185,143314,04082013,09032021 150317, 665, 42114.0,  6.609,292.185,0.147857,359.6, 42.011,6.29e+00, 17.1,36.2, - 
6186,143315,07102012,09032021 051913,  61, 42111.0,  7.375,293.233,0.020010,359.7,255.687,2.17e-01, 17.4, 3.0,492
6187,143318,23072015,09032021 040637, 577, 42090.3, 16.579, 36.866,0.155182,359.7,278.377,1.37e+01, 17.8,73.8, - 
6188,143319,05062016,08032021 222251,   2, 42100.7, 27.794, 35.127,0.243532,359.8, 13.517,1.90e+01, 15.5, 1.1,171
6189,143320,03082016,08032021 120135,   2, 42089.8, 12.218, 61.977,0.171934,359.7,334.359,8.42e+00, 16.3, 0.1, 16
6190,143321,25022017,09032021 025245, 381, 42124.7, 14.683,346.901,0.049304,359.6,357.248,2.12e-01, 17.4,15.8, - 
6191,143322,23072017,08032021 220742, 142, 42111.5, 10.842,311.868,0.051536,359.6, 33.263,2.19e+00, 17.4,16.9, - 
6192,143323,26072017,09032021 080031, 340, 42144.3,  8.235, 57.081,0.078904,359.6,338.102,2.04e+00, 17.2,37.7, - 
6193,143324,21042018,08032021 111101, 333, 42036.0,  0.889,295.690,0.008203,357.1,262.489,5.86e+00, 15.5, -  , - 
6194,143325,15082018,08032021 191018, 928, 42258.2, 21.050,346.146,0.637951,359.7, 32.936,4.12e+01, 15.4, -  , - 
6195,143326,29092018,08032021 204900, 710, 42050.1, 28.098, 45.166,0.447370,359.8,288.130,2.88e+01, 17.0,92.1, - 
6196,143327,19102018,09032021 004114, 803, 41856.4, 16.022, 61.190,0.572914,359.8,325.685,1.11e+01, 15.5, -  , - 
6197,143328,12042019,09032021 164801,  16, 42117.0,  3.007, 86.520,0.099192,359.8,202.515,9.49e-02, 18.0,22.9, - 
6198,143330,23082019,08032021 192321, 108, 42072.1,  3.303,313.703,0.132489,358.6, 23.848,5.97e+00, 17.1, 4.2,675
6199,143332,09112019,08032021 093437, 437, 42109.9,  5.317, 89.399,0.219699,360.0,252.485,6.02e+00, 12.4, -  , - 
6200,143333,01022020,09032021 001840,  13, 42115.6,  1.189, 94.488,0.001527,  0.5,283.036,1.64e-01, 16.6, 0.2, 26
6201,143400,18092006,08032021 151459,   1, 42122.9,  3.966,308.151,0.013650,359.0, 61.201,3.63e-02, 16.9, 0.1,  6
6202,143401,20052007,08032021 092550,   1, 42223.3,  2.617,328.616,0.052127,357.9,350.884,1.44e+00, 17.3, 0.2, 17
6203,143402,14012007,09032021 033259, 143, 42125.2, 18.722, 23.305,0.302126,359.7,301.868,1.30e+01, 16.9, 9.1, - 
6204,143404,29032009,08032021 140257,  16, 42133.2, 14.900,  1.634,0.004704,359.5, 32.717,1.81e-01, 13.7, 0.3, 49
6205,143405,11062009,09032021 064603,   1, 42183.6, 10.922,215.238,0.091359,  0.5, 30.035,3.12e-02, 13.1, 0.1,  1
6206,143406,11092012,09032021 014245,   3, 42011.5, 18.378, 43.978,0.273695,359.7,295.822,1.04e+01, 16.4, 0.3, 42
6207,143407,15022012,09032021 161501, 136, 42119.7,  2.997,288.297,0.019341,359.3,170.855,4.16e-01, 16.1,11.7, - 
6208,143408,25102009,08032021 214024,  27, 42166.0,  9.370,306.549,0.113393,359.6,314.509,1.96e+00, 16.5, 1.6,220
6209,143409,19102014,08032021 172848, 447, 42134.3,  8.842,299.307,0.008641,359.6,  7.390,7.07e-02, 17.3, 2.6,412
6210,143410,18102014,08032021 083952,   1, 42172.4,  2.675,302.432,0.141244,358.7, 54.493,7.87e+00, 16.8, 0.1, 22
6211,143412,17102015,09032021 032112,  17, 42114.8,  3.587,305.741,0.002685,358.9, 28.203,4.64e-03, 17.0, 0.5, 20
6212,143413,13122015,08032021 182231, 212, 42105.1, 11.518,312.868,0.081166,359.6, 55.027,1.27e+00, 17.7,11.4, - 
6213,143415,30072016,09032021 061526,  17, 42117.2, 10.253,307.030,0.130393,359.6, 35.033,4.41e+00, 17.1, 0.4, 67
6214,143416,21102016,09032021 044856,1227, 41754.6, 15.576, 98.924,0.553498,  0.1,272.268,1.58e+01, 16.4, -  , - 
6215,143417,25112016,09032021 091428, 742, 41942.4, 12.834, 85.167,0.252477,360.0,339.683,1.64e+01, 17.1,58.0, - 
6216,143418,23122016,09032021 050042, 144, 42119.6, 10.824,317.475,0.002080,359.5,  5.957,2.96e-02, 16.7, 1.7,262
6217,143419,30062017,09032021 055656, 875, 42122.5, 11.270,307.382,0.145030,359.6, 28.794,1.58e+00, 18.1,10.7, - 
6218,143421,24092017,08032021 152359,1117, 42138.9, 15.750,293.547,0.430170,359.8,269.873,2.11e-02, 16.6, 6.6, 27
6219,143422,14102017,09032021 093044, 898, 42056.6,  9.625, 77.134,0.267235,359.8,290.799,1.09e+01, 16.9, -  , - 
6220,143423,17102017,09032021 070821, 136, 42174.2, 10.096,300.570,0.017364,359.7,333.163,3.09e+00, 17.6,33.0, - 
6221,143424,14112017,09032021 082042, 752, 42111.7,  2.989,336.362,0.149674,358.0, 38.047,6.40e+00, 17.5,21.5, - 
6222,143426,26032018,08032021 235703, 886, 42134.8,  3.732,298.772,0.141381,359.2,199.222,5.33e+00, 18.6,21.6, - 
6223,143428,19082018,08032021 215108, 581, 42171.8, 15.836, 47.255,0.308427,359.7, 36.447,4.13e+00, 15.9,18.5, - 
6224,143429,03122018,08032021 221631, 801, 41940.7, 36.430,359.519,0.405548,359.8,326.525,2.74e+01, 12.1, -  , - 
6225,143430,09122018,08032021 134009, 813, 42158.7, 11.550, 35.505,0.052192,359.5,325.042,1.93e+00, 17.9,71.0, - 
6226,143432,24082019,08032021 234338, 527, 42123.6,  4.741, 82.615,0.153895,359.8,300.473,4.83e+00, 17.4, -  , - 
6227,143435,31102019,08032021 201656, 492, 42143.7, 10.679,301.513,0.125386,359.7, 26.925,4.42e+00, 18.8, -  , - 
6228,143436,20112019,09032021 042049,  95, 42190.2,  5.218,295.138,0.064128,359.5, 67.122,4.05e+00, 14.1, 4.2,725
6229,143437,19012020,08032021 070148,  38, 42119.0,  0.090,148.910,0.043921, 73.3,253.878,3.80e+00, 17.2,23.7, - 
6230,143438,25122020,08032021 230511,  48, 42010.6, 29.711,318.473,0.423122,359.8, 63.810,3.16e+01, 16.2, 8.9, - 
6231,143500,27121984,09032021 031225,   1, 42167.5, 11.214,317.180,0.005300,359.6, 60.256,7.83e-02, 13.5, 0.1,  1
6232,143501,24102006,08032021 223814,   1, 42165.2, 10.578, 34.695,0.000707,359.5,324.431,6.37e-03, 12.0, 0.1,  1
6233,143502,15021993,08032021 142717,   0, 42471.1, 14.980,  0.355,0.001025,359.6, 36.966,1.21e-02, 12.8, 0.1,  1
6234,143503,24092001,08032021 180529,   1, 42164.0, 11.055, 28.962,0.000052,359.5,351.245,2.81e-04, 11.9, 0.1,  1
6235,143504,03042005,09032021 005003,   1, 42121.3,  9.622, 29.709,0.000330,359.4,315.727,8.84e-03, 10.1, 0.1,  2
6236,143505,15011994,09032021 151431,   1, 42170.3,  6.591,352.986,0.088217,359.0,356.358,1.91e-02, 10.7, 0.1,  1
6237,143506,05092000,08032021 231745,   2, 42153.9, 15.009,284.746,0.138894,359.9,  2.812,2.74e-02, 13.2, 0.1,  1
6238,143507,03071992,08032021 134911,   1, 42578.5, 12.994, 23.227,0.001359,359.5,358.935,1.20e-02, 13.4, 0.1,  1
6239,143508,16102004,08032021 220640,   1, 42164.3, 14.664, 48.188,0.000181,359.7,348.146,1.02e-02,  9.0, 0.1,  1
6240,143509,17121998,09032021 085916,   1, 42167.8,  8.883,355.081,0.037229,359.3,274.060,5.40e-02, 10.1, 0.1,  1
6241,143510,14052007,09032021 053545,   1, 42164.4,  9.511, 43.484,0.000186,359.5,309.734,1.00e-02, 10.3, 0.1,  1
6242,143511,04062004,08032021 093528,   1, 42164.9,  9.558, 38.153,0.000035,359.4, 47.851,2.18e-02, 11.8, 0.1,  1
6243,143512,04102006,08032021 075105,   1, 42165.7, 11.717, 28.455,0.000054,359.5,269.926,1.86e-02, 12.3, 0.1,  3
6244,143513,01021995,08032021 114050,   0, 42165.4, 12.153, 23.753,0.002892,359.5,114.461,1.79e-03, 10.1, 0.1,  1
6245,143514,18012004,09032021 012148,   1, 42164.5,  7.238, 57.784,0.000396,359.5,352.756,9.99e-03, 12.4, 0.1,  1
6246,143515,08092007,09032021 085906,   1, 42163.5, 11.273, 42.674,0.000402,359.6,188.119,1.00e-02, 10.6, 0.1,  1
6247,143516,29042006,08032021 195341,   1, 42164.8,  6.521, 63.230,0.000154,359.5,319.138,1.01e-02, 12.3, 0.1,  1
6248,143517,13092003,08032021 114839,   1, 42163.5, 11.862, 51.657,0.004566,359.6,231.007,2.28e-02,  7.9, 0.1,  1
6249,143518,26082001,09032021 035028,   1, 42164.1,  8.891, 45.471,0.000180,359.5,  2.868,9.93e-03, 12.1, 0.1,  1
6250,143519,04061995,09032021 060614,   1, 42164.4, 15.165, 25.260,0.003627,359.6,122.862,1.00e-02,  8.1, 0.1,  1
6251,143520,17022001,09032021 072846,   1, 42162.9,  9.357, 30.003,0.000759,359.4,186.536,1.00e-02, 10.8, 0.1,  1
6252,143521,07112000,09032021 013029,   1, 42163.3, 11.780, 24.876,0.000107,359.5,139.605,1.03e-02, 11.7, 0.1,  4
6253,143522,15011994,08032021 115115,   1, 42165.6, 11.372, 14.089,0.000485,359.4,282.516,3.41e-02, 12.1, 0.1,  1
6254,143523,29082002,09032021 133534,   1, 42163.3,  9.082, 31.299,0.000175,359.4,325.843,3.26e-02, 10.2, 0.1,  1
6255,143524,20011985,08032021 165445,   1, 42131.2,  9.890,306.008,0.001367,359.6,300.985,4.35e-03, 14.1, 0.1,  2
6256,143525,01031989,09032021 031146,   0, 42171.6,  2.536,283.675,0.000878,359.4,149.591,3.75e-02, 11.4, 0.1,  1
6257,143526,31102006,08032021 121725,   1, 42184.4, 14.721,303.713,0.001901,359.7,338.350,3.67e-02, 11.3, 0.1,  1
6258,143527,09012005,09032021 034408,   3, 42182.0,  9.779,306.729,0.003707,359.6,246.612,5.94e-03, 15.9, 0.1,  6
6259,143528,21072006,09032021 024011,   1, 42161.4,  9.882,307.881,0.019134,359.6, 18.773,6.27e-03, 14.3, 0.1,  1
6260,143529,18072006,09032021 032140,   3, 42158.3, 11.092,317.745,0.001957,359.6,356.809,5.46e-03, 16.3, 0.2, 15
6261,143530,30012008,09032021 042154,   1, 42168.4, 12.795,333.877,0.002832,359.5, 70.047,3.10e-02, 15.6, 0.1,  4
6262,143531,11102008,09032021 163816,  15, 42102.5,  3.886,319.418,0.068789,358.7,  8.970,2.02e+00, 16.3, 0.7, 67
6263,143533,21072009,08032021 092223,  33, 42183.9, 11.156,315.130,0.011096,359.6,171.757,8.55e-02, 17.5, 0.6, 80
6264,143534,19072009,09032021 142325,   6, 42149.7,  6.415, 57.228,0.016556,359.4,310.855,1.07e-01, 17.0, 0.1, 16
6265,143535,22112010,09032021 144355,   1, 42168.5,  4.806,123.253,0.004550,  0.8,184.609,1.00e-02,  7.8, 0.1,  1
6266,143536,03112010,09032021 061528,  91, 42140.5, 10.873,315.326,0.081530,359.6,350.457,8.56e-02, 17.4, 1.4, 71
6267,143537,28032011,09032021 083714, 300, 42095.9,  1.735, 62.702,0.232457,358.1,233.598,6.76e+00, 18.0, -  , - 
6268,143538,21032009,09032021 103419,   2, 42157.6, 14.728, 12.489,0.012456,359.6,346.519,1.42e-01, 16.9, 0.2, 17
6269,143539,24082011,09032021 035140,  35, 42155.0, 11.019,317.722,0.020488,359.6, 46.980,5.89e-01, 17.3, 0.7, 82
6270,143540,28072009,09032021 041259,  24, 42167.6, 10.592,314.378,0.178481,359.6, 57.974,1.36e+00, 16.4, 2.8,500
6271,143541,26102011,08032021 064356,   4, 42151.2,  6.126,289.558,0.036436,359.6,330.320,2.46e-01, 17.4, 0.3, 24
6272,143542,28012008,09032021 032039,1182, 42151.1, 11.223,319.230,0.051484,359.6,177.498,2.04e+00, 17.6,35.1, - 
6273,143543,22062012,08032021 220259,   1, 42166.5,  3.190,112.812,0.000511,  0.8,235.813,1.34e-02, 11.2, 0.1,  1
6274,143545,15022012,08032021 123211,   1, 42141.4,  4.733, 74.362,0.018973,359.6,246.975,1.10e-01, 16.7, 0.2, 12
6275,143546,15112012,09032021 110053,   1, 42147.1,  5.491,355.744,0.097600,358.8,327.315,6.59e+00, 16.8, 0.2, 18
6276,143547,10112008,08032021 195749,  83, 42131.4, 10.189,305.955,0.001093,359.6,100.026,1.93e-01, 16.2, 2.1,334
6277,143548,19122011,08032021 061004,  33, 42136.5, 11.262,316.392,0.003261,359.6,154.818,6.72e-02, 17.9, 0.3, 33
6278,143549,29072012,08032021 160956,   1, 42154.5,  7.980,295.256,0.003798,359.7,122.580,1.02e-01, 16.9, 0.1,  3
6279,143551,27102014,09032021 093843,2179, 42115.9, 12.033, 75.273,0.266535,359.9,339.650,7.91e+00, 17.4,89.1, - 
6280,143552,28102014,09032021 055156,   1, 42182.2, 10.127,306.607,0.000801,359.6,285.963,1.00e-02, 17.7, 0.1,  4
6281,143553,14092015,08032021 202803, 671, 42130.4,  2.767, 25.382,0.160135,357.8,137.976,2.37e+00, 17.1,93.9, - 
6282,143554,07102015,09032021 112233,1276, 42074.7, 10.686, 65.799,0.215583,359.7,296.538,7.58e+00, 17.0, -  , - 
6283,143555,12012016,09032021 024941, 891, 39875.8, 27.608, 32.448,0.417733,359.8,356.915,1.88e+01, 13.5,84.6, - 
6284,143556,10022016,09032021 084911, 371, 42183.3, 13.492, 20.928,0.005354,359.5, 20.889,5.91e-02, 17.1, 3.9,598
6285,143557,12032016,09032021 045223, 290, 42523.1,  7.040, 66.030,0.138212,359.6, 34.758,6.62e+00, 17.1, -  , - 
6286,143558,25052016,08032021 162851, 188, 42426.7, 25.232, 59.318,0.545597,359.9,245.406,1.32e+01, 12.9, -  , - 
6287,143559,09072016,09032021 040754, 113, 42153.7,  3.730,301.890,0.119532,359.1,352.553,6.47e+00, 17.8, 3.4,607
6288,143560,08092016,08032021 205453, 375, 42147.0,  8.223,316.348,0.041312,359.4,316.022,4.79e+00, 16.8,23.3, - 
6289,143561,22102016,09032021 070051,  62, 42169.2, 10.047,304.705,0.016253,359.6,174.701,1.07e+00, 17.9, 6.5, - 
6290,143563,22112016,09032021 074406,1084, 42169.4, 20.848,358.519,0.073454,359.7,309.772,9.14e+00, 16.4, -  , - 
6291,143564,22112016,08032021 164515,   5, 42181.5,  3.722,334.569,0.218419,358.4,348.058,6.39e+00, 16.9, 0.5, 46
6292,143565,02092016,09032021 051335, 414, 42159.3,  8.876,299.893,0.002347,359.6,137.958,2.12e-01, 17.8, 4.8,868
6293,143566,06032017,09032021 060217,   4, 42176.6, 11.130,317.652,0.002076,359.6,145.288,8.63e-03, 17.1, 0.2, 22
6294,143567,22072017,09032021 062047,   3, 42111.9, 10.818, 22.273,0.127551,359.4,276.953,1.14e+01, 15.9, 0.4, 66
6295,143568,17082017,08032021 180514, 499, 42172.1, 10.007,308.437,0.028230,359.6,225.178,7.49e-01, 17.4,53.9, - 
6296,143569,10092017,08032021 155747, 103, 42114.5, 10.050,304.634,0.036662,359.6, 84.647,1.21e+00, 15.9,15.2, - 
6297,143570,21092017,09032021 131904, 578, 42242.3, 27.676, 25.791,0.498387,359.8,260.866,6.59e-02, 17.4,17.9,485
6298,143571,15102017,08032021 153711,1086, 42180.1, 10.754,312.340,0.011704,359.6,228.485,2.66e-01, 17.5,45.9, - 
6299,143572,19102017,09032021 082040, 343, 42100.7,  4.135,344.777,0.147470,358.5, 64.381,4.97e+00, 16.6,17.3, - 
6300,143573,15112017,09032021 032523,  85, 42176.7,  4.480,200.427,0.394489,  1.4,126.959,1.06e+01, 17.1,62.5, - 
6301,143574,24122017,08032021 130339,  19, 42107.0,  3.717,316.009,0.073167,358.7, 20.683,1.79e+00, 17.3, 1.6,293
6302,143575,09012018,08032021 061413,   3, 42173.2, 12.379,329.512,0.018119,359.5, 17.625,7.24e-01, 16.9, 0.4, 35
6303,143576,26012018,08032021 164310, 593, 42158.1, 14.639,352.688,0.017482,359.5,297.015,1.33e+00, 17.9,21.7, - 
6304,143577,18022018,08032021 170004, 207, 42163.9, 14.562,352.679,0.006450,359.5,155.743,1.24e+00, 17.1,12.0, - 
6305,143578,18022018,09032021 180519,1055, 42168.3, 14.653,352.833,0.030653,359.5, 29.828,1.80e+00, 18.0,13.5, - 
6306,143579,11032018,09032021 125135,  21, 42168.7,  5.282,284.573,0.015809,359.7,277.960,8.94e-02, 18.0, 0.2, 25
6307,143580,19032018,09032021 163020, 202, 42160.2, 14.588,352.753,0.033103,359.5, 14.399,2.00e+00, 17.5,51.3, - 
6308,143581,22062018,08032021 235959,   1, 42178.9,  0.139,132.272,0.005833,113.7,200.514,9.20e-02, 15.3, 0.1,  3
6309,143583,09122018,09032021 092538,  79, 41423.2, 31.308, 10.239,0.673496,359.8,324.752,1.56e+01, 17.2,37.5, - 
6310,143586,27072019,08032021 205550,  18, 42139.8,  2.298, 91.372,0.121167,  0.1,332.474,2.57e+00, 16.5,11.5, - 
6311,143588,03102018,09032021 112054,   4, 42179.0, 10.752, 32.383,0.007294,359.5, 34.817,6.22e-02, 16.7, 0.1, 11
6312,143589,13042020,08032021 231851,  88, 42153.6,  6.272,288.202,0.092031,359.7,117.150,4.29e+00, 17.1,22.8, - 
6313,143593,10112020,09032021 084809,   1, 42104.4,  4.137,339.178,0.171509,358.5, 68.581,8.69e+00, 15.8, 0.1, 19
6314,143594,08112020,09032021 012741, 115, 42137.0,  2.703, 24.425,0.155454,357.7,136.940,2.46e+00, 17.1, 3.5,370
6315,143595,14112020,08032021 082157,  98, 42170.5, 16.914, 15.901,0.316755,359.6,296.968,1.02e+01, 14.7, 7.1, - 
6316,143596,19022021,08032021 191712,   3, 42159.7,  0.218,143.415,0.071555, 32.1,213.682,1.60e+00, 16.1, 0.4, 61
6317,143600,15011996,08032021 091129,   1, 42660.2, 12.071, 28.400,0.001203,359.5,344.168,1.10e-02, 13.0, 0.1,  1
6318,143601,04111999,09032021 111429,   0, 42174.6,  9.379,345.680,0.004785,359.3,131.563,1.15e-02, 10.4, 0.1,  1
6319,143602,29072009,08032021 152507,   1, 42147.2,  8.131,296.154,0.001646,359.6,  1.377,3.69e-03, 13.0, 0.1,  2
6320,143603,15081999,09032021 140428,   1, 42165.7,  8.255,352.724,0.003711,359.2,289.133,1.00e-02,  7.9, 0.1,  1
6321,143604,23091998,09032021 170303,   1, 42592.1, 10.093, 23.288,0.000483,359.4, 59.287,1.50e-02, 12.9, 0.1,  1
6322,143605,10032004,09032021 102006,   1, 42164.9,  6.434, 38.442,0.000592,359.2,336.718,2.24e-02, 11.8, 0.1,  1
6323,143606,29061997,08032021 133340,   1, 42162.2, 13.718, 17.790,0.000033,359.5,102.980,1.00e-02, 12.0, 0.1,  1
6324,143607,28042005,09032021 024137,   1, 42164.2,  9.857, 20.133,0.000486,359.4, 34.034,2.84e-02, 11.9, 0.1,  1
6325,143608,28031995,08032021 071527,   1, 42166.2,  7.879,  6.594,0.096463,359.2,306.689,3.40e-02,  9.9, 0.1,  2
6326,143609,12062001,08032021 071133,   1, 42166.0,  8.405, 48.784,0.000129,359.5,340.484,1.22e-02, 12.4, 0.1,  1
6327,143610,22122000,09032021 033113,   1, 42164.0,  8.989, 32.172,0.000362,359.4,327.598,1.00e-02, 11.8, 0.1,  1
6328,143611,30031995,08032021 195947,   1, 42164.3, 14.591,  9.800,0.000114,359.5, 79.655,1.00e-02, 12.0, 0.1,  1
6329,143612,23111997,08032021 220332,   1, 42163.8, 13.360, 18.045,0.000178,359.5,344.225,2.69e-02, 10.5, 0.1,  1
6330,143613,10031997,08032021 162808,   0, 42157.6,  9.476, 25.870,0.000964,359.4, 38.814,1.42e-02, 12.9, 0.1,  1
6331,143614,04012005,08032021 210146,   1, 42546.7, 14.219,353.852,0.003923,359.5,292.453,1.73e-02, 13.1, 0.1,  1
6332,143615,18091980,09032021 021420,   1, 42173.3,  5.852,356.260,0.126498,358.9, 58.752,2.34e-02, 10.3, 0.1,  1
6333,143616,24021992,09032021 081326,   1, 42165.2, 12.978,  3.764,0.000350,359.5, 18.394,1.00e-02, 12.1, 0.1,  1
6334,143617,30011993,08032021 145844,   1, 42644.7, 15.958,350.523,0.001071,359.6,239.786,5.96e-03, 13.2, 0.1,  1
6335,143618,06022000,09032021 164045,   1, 42164.9,  8.222, 35.373,0.000470,359.3,  5.676,2.17e-01, 11.6, 0.1,  1
6336,143619,19032001,08032021 143536,   1, 42163.5,  9.358, 42.276,0.000396,359.5,318.688,3.63e-02, 10.9, 0.1,  1
6337,143620,10101993,08032021 075800,   1, 42155.9,  9.986,337.711,0.126931,359.4, 91.815,2.53e-02, 13.2, 0.1,  1
6338,143621,28011995,08032021 133845,   1, 42173.4,  6.315,348.987,0.100901,359.0, 17.848,2.41e-02, 10.3, 0.1,  1
6339,143622,24021987,09032021 031424,   1, 42167.3,  5.102,289.648,0.001905,359.6,195.178,3.90e-02, 11.4, 0.1,  1
6340,143623,14102006,08032021 170519,   0, 42163.5, 14.607,352.615,0.004324,359.5,241.306,1.26e-02, 13.2, 0.1,  1
6341,143624,23101992,09032021 033838,   1, 42184.0, 10.987,318.075,0.005066,359.6,339.370,7.03e-02, 12.8, 0.1,  1
6342,143625,30042006,09032021 053227,   3, 42176.6, 10.044,306.611,0.006660,359.6, 23.664,1.56e-01, 17.0, 0.2, 14
6343,143626,17122004,09032021 080302,   4, 42160.7,  8.813,299.542,0.001242,359.6,160.272,1.08e-02, 16.8, 0.1,  7
6344,143627,13032007,08032021 200256,  78, 42191.6,  2.453,326.039,0.073387,357.8,157.570,1.62e+00, 16.0, 9.2, - 
6345,143628,31122007,09032021 113304,   2, 42151.8, 13.165,341.240,0.016414,359.5,270.072,6.97e-02, 15.5, 0.1,  5
6346,143629,08122007,08032021 235855,   1, 42165.4,  0.138,100.179,0.000069, 72.4,325.985,1.67e-02, 11.8, 0.1,  1
6347,143630,04032008,09032021 132553, 194, 42161.1, 13.979,352.237,0.017614,359.5,117.268,1.91e-01, 17.3, 5.6,876
6348,143631,01082008,09032021 015832,  20, 42156.8, 10.101,306.524,0.008800,359.6,101.963,1.94e-01, 16.4, 0.4, 59
6349,143632,20082007,08032021 103141,  10, 42162.5,  8.318, 50.963,0.006289,359.5,350.108,7.05e-02, 16.8, 0.4, 26
6350,143633,18012009,08032021 121541,   0, 42165.1,  6.218, 34.887,0.001491,359.1,318.650,2.13e-02,  8.0, 0.1,  1
6351,143634,23112008,09032021 101411,  23, 42197.4, 13.869, 14.597,0.008245,359.5,121.375,1.93e-01, 13.4, 0.5, 68
6352,143635,25042009,08032021 235850,   2, 42166.3,  0.175, 94.310,0.000244, 84.1,  6.678,8.07e-05, 10.9, 0.1,  1
6353,143636,03092008,09032021 044544,   4, 42141.3, 10.995,318.710,0.032683,359.5,166.089,1.99e+00, 17.4, 0.3, 34
6354,143637,20052009,08032021 235856,   0, 42164.4,  0.194, 98.604,0.000111,125.5,299.910,1.69e-02, 11.8, 0.1,  1
6355,143638,19052009,09032021 050633, 721, 42182.1, 11.751,319.274,0.066855,359.6,153.458,1.20e-02, 16.6,13.0,565
6356,143639,16092009,08032021 235905,   0, 42161.3,  0.148,134.311,0.001336, 80.1,222.546,1.00e-02, 10.8, 0.1,  1
6357,143641,26102009,09032021 013651, 146, 42156.5, 11.087,317.029,0.002311,359.6,320.240,4.92e-03, 16.9, 9.3, 87
6358,143642,15062010,08032021 235854,   0, 42166.5,  0.137, 99.280,0.000073, 55.3, 25.170,1.00e-02, 11.6, 0.1,  1
6359,143643,12082010,09032021 041233,   4, 42162.3,  9.837,298.973,0.030059,359.7,113.143,2.79e+00, 16.7, 0.3, 33
6360,143644,26082010,08032021 185030,   0, 42165.0,  3.510, 93.295,0.000360,  0.1,319.071,1.00e-02, 11.1, 0.1,  1
6361,143645,15122010,08032021 135959,   2, 42169.6,  8.011,295.640,0.017029,359.6, 12.804,1.57e-01, 16.6, 0.1,  4
6362,143646,02022011,09032021 094753,   1, 42179.3,  7.973,301.336,0.174008,359.6, 20.621,5.87e+00, 16.7, 0.2, 13
6363,143647,29032011,08032021 231453,   1, 42163.4,  4.588, 15.968,0.000354,358.6,166.206,1.80e-02, 10.8, 0.7, 41
6364,143648,08052011,09032021 081228,   1, 42165.5,  1.831,  0.197,0.000248,356.4, 18.239,2.56e-02, 12.4, 0.1,  1
6365,143649,02092005,09032021 012813,  83, 42174.9,  8.836,299.358,0.017279,359.6,318.801,5.57e-01, 17.0, 1.2,136
6366,143650,17022012,08032021 235854,   1, 42165.4,  0.135,100.679,0.000020,154.3,233.002,1.00e-02, 11.3, 0.1,  1
6367,143651,12032012,08032021 204256,   1, 42164.8,  2.599, 19.731,0.005892,357.5,355.377,1.18e-02,  9.6, 0.1,  1
6368,143652,18052012,08032021 210238,   1, 42165.9,  2.532, 56.163,0.000419,358.5,356.151,2.03e-02, 11.2, 0.1,  1
6369,143653,01072012,08032021 135825,   0, 42164.7,  2.982, 69.156,0.004486,359.2,352.333,1.19e-02,  7.9, 0.1,  1
6370,143655,01042013,09032021 111102,   1, 42166.5,  1.898,359.216,0.000171,356.5,342.585,1.00e-02, 12.4, 0.2,  2
6371,143656,22062013,08032021 235847,   1, 42168.0,  0.138, 99.075,0.000079, 15.0, 56.578,1.00e-02, 11.6, 0.1,  1
6372,143657,20072013,09032021 010600,   1, 42165.1,  2.541,  8.746,0.005127,357.4,178.332,1.00e-02,  9.3, 0.1,  1
6373,143658,20062013,09032021 164359, 578, 42239.0,  9.997,305.866,0.053143,359.6, 28.801,2.51e-01, 17.6, 6.6,959
6374,143659,16092013,08032021 235853,   1, 42164.6,  0.130, 99.840,0.000020,291.6, 56.835,1.00e-02, 11.6, 0.1,  2
6375,143660,24102013,08032021 083841,   1, 42163.6,  0.825, 52.458,0.000573,354.5,300.179,1.00e-02, 10.6, 0.1,  1
6376,143662,18042014,08032021 085828,   1, 42164.7,  1.512, 27.010,0.000291,355.9,335.009,1.37e-02, 10.4, 0.1,  1
6377,143663,24092014,08032021 235849,   1, 42165.4,  0.139,131.136,0.001778,175.6,250.557,1.09e-04, 10.8, 0.1,  1
6378,143664,22012015,08032021 123952,   2, 42155.4,  2.846, 91.340,0.015431,  0.0,217.787,9.81e-02, 16.8, 0.1, 10
6379,143665,02052015,08032021 235859,   0, 42164.0,  0.151,100.944,0.000172,102.7,274.775,1.00e-02, 10.7, 0.1,  1
6380,143667,28102015,09032021 020506, 406, 42354.3, 17.788, 57.633,0.050583,359.8,195.117,3.15e+01, 16.4,63.3, - 
6381,143671,08122015,09032021 095601,1913, 42165.8, 15.111,  4.227,0.012741,359.6, 33.235,8.46e-01, 15.9, -  , - 
6382,143673,31032016,09032021 092936,   6, 42158.2, 10.697, 33.033,0.003671,359.5,  1.273,2.85e-01, 17.0, 0.3, 29
6383,143674,20082016,08032021 235959,   1, 42271.8,  0.195, 97.440,0.001312,136.2,270.887,1.40e-02, 13.8, 0.1,  1
6384,143676,07102016,09032021 053635, 610, 42169.7,  8.795,299.428,0.041360,359.6,329.463,1.67e-01, 17.5, 9.7, - 
6385,143677,23102016,09032021 031807, 493, 42190.7, 10.128,305.873,0.019122,359.6,201.125,7.07e-01, 18.4,46.5, - 
6386,143678,18012017,09032021 052204,   4, 42116.3, 14.199,314.810,0.194010,359.7, 35.746,1.21e+01, 16.3, 1.2,197
6387,143679,03022017,08032021 123041, 769, 42153.9, 12.164, 75.429,0.271930,359.9,341.049,8.12e+00, 17.0,28.2, - 
6388,143680,24112016,08032021 055202, 483, 42169.2, 11.873,327.350,0.040841,359.5,280.277,3.67e-01, 12.2,23.3, - 
6389,143681,02062017,09032021 025939,  82, 42171.0,  7.007, 73.494,0.057201,359.7,280.989,5.57e+00, 16.4,19.4, - 
6390,143682,28062017,08032021 190232,  47, 42170.2,  6.581,346.748,0.139207,359.0, 13.308,6.49e+00, 17.5, 1.8,271
6391,143683,02062017,08032021 171856,  78, 42182.0,  6.052,289.108,0.018375,359.7,132.193,1.38e+00, 16.7, 5.0,716
6392,143685,10032018,09032021 003649, 396, 42174.7,  7.004, 63.511,0.046143,359.6,333.137,2.45e+00, 16.8,31.8, - 
6393,143686,15032018,08032021 085741, 179, 42161.5,  6.806,290.233,0.075333,359.7, 72.095,4.59e+00, 15.1, 7.1, - 
6394,143687,17032018,09032021 054133, 907, 42170.6,  9.018,300.110,0.009189,359.6,143.598,1.10e-01, 19.2, 6.6, - 
6395,143689,09022019,09032021 001056, 738, 42136.0,  8.088, 63.336,0.054182,359.6, 12.864,4.22e+00, 17.4,97.9, - 
6396,143690,07022019,08032021 232459, 753, 42138.4,  5.451, 83.159,0.079402,359.8,338.226,6.81e+00, 18.6, -  , - 
6397,143692,16112019,08032021 172433,   3, 42166.0,  1.395, 94.200,0.048751,  0.4,285.868,1.82e+00, 16.2, 0.3, 25
6398,143696,23112020,08032021 221326,  63, 42123.4,  0.424,232.789,0.191211,  7.8, 14.219,6.44e+00, 14.5,36.7, - 
6399,143700,26082003,08032021 114105,   0, 42200.3,  7.541, 37.361,0.005290,359.3, 85.135,9.31e-03, 10.4, 0.1,  1
6400,143701,01021995,08032021 145245,   1, 42163.3, 11.621, 17.160,0.000449,359.4,358.975,1.69e-02, 12.8, 0.1,  1
6401,143702,22112005,09032021 100800,   0, 42167.2,  9.980,306.188,0.001119,359.6,163.099,1.84e-02, 14.4, 0.1,  1
6402,143703,12092001,09032021 041543,   0, 42195.9, 13.512,277.867,0.138812,359.9, 38.817,2.80e-02, 13.1, 0.1,  1
6403,143704,09102005,09032021 093314,5614, 42311.2, 11.534, 88.782,0.241165,360.0,338.802,1.62e+01, 17.6, -  , - 
6404,143705,11102007,09032021 111623,   1, 42195.9,  3.959,309.615,0.017161,359.0,  0.854,1.48e-02, 15.7, 0.1,  8
6405,143706,10012008,09032021 161002,   0, 42174.1,  6.859, 64.112,0.000295,359.6,321.320,8.65e-03, 12.6, 0.1,  1
6406,143707,30122007,08032021 111244,   0, 42151.5, 11.063,314.940,0.042762,359.6,104.033,2.74e-01, 15.8, 0.1,  8
6407,143708,07062008,08032021 174030,4308, 42164.2, 13.817, 12.176,0.053942,359.5,  8.805,8.78e+00, 16.5, -  , - 
6408,143709,02082008,09032021 110526,   2, 42222.9,  6.063, 19.320,0.133297,359.0,  0.872,9.48e+00, 15.3, 0.1, 17
6409,143712,17032010,08032021 201856, 359, 42278.0, 15.102,  1.675,0.004428,359.6,352.567,7.73e-01, 17.7, 1.6,230
6410,143715,04022011,09032021 021448, 472, 42156.7, 11.090, 43.932,0.058698,359.6,308.192,6.88e+00, 17.1, -  , - 
6411,143716,29092011,09032021 044310,   1, 42120.2,  9.760,304.767,0.056281,359.6,  5.993,1.06e+00, 16.2, 0.2, 17
6412,143717,26102011,09032021 133702,1094, 42089.4,  9.344,303.575,0.023418,359.6, 30.265,2.24e+00, 18.1, -  , - 
6413,143718,16012012,08032021 154316,  13, 42204.0, 12.599,330.354,0.015364,359.5,130.630,2.74e-01, 16.1, 1.0,115
6414,143719,17022012,09032021 025037,  28, 42202.5,  3.417,312.938,0.068114,358.7,349.375,1.77e-01, 15.5, 0.8,100
6415,143720,13062007,08032021 095305,   5, 42178.2,  8.747,298.119,0.063541,359.6,273.686,1.81e-01, 14.1, 0.3, 25
6416,143721,12102013,08032021 192352, 171, 42197.2, 10.033,306.430,0.003032,359.6,200.526,1.28e-01, 17.5, 3.1,162
6417,143722,17112013,09032021 063156, 697, 42443.3, 16.671,  2.251,0.342198,359.6,310.391,5.58e+00, 16.7, -  , - 
6418,143725,09032015,09032021 174343,  14, 42300.3,  9.851,288.600,0.039679,359.8,273.812,5.09e+00, 16.0, 4.2,766
6419,143726,07042015,08032021 220805,1158, 42226.3, 14.963, 56.597,0.249878,359.7,141.505,9.66e+00, 15.9, -  , - 
6420,143727,09052015,08032021 234523,  28, 42169.5,  3.492,328.090,0.133820,358.4, 33.975,3.34e+00, 16.9, 3.1,321
6421,143728,24072015,08032021 235857,   1, 42165.2,  0.140, 99.659,0.000025,242.0,252.293,1.00e-02, 11.7, 0.1,  1
6422,143729,19092015,08032021 235440, 732, 42025.6, 14.337,352.959,0.401424,359.5,343.154,1.74e+01, 15.6, -  , - 
6423,143732,14042016,09032021 040825, 398, 42283.9,  3.392,293.289,0.077234,359.3,141.382,5.20e+00, 17.4,93.5, - 
6424,143733,28022016,08032021 180313, 524, 42348.6, 11.757,316.893,0.008135,359.6, 87.451,2.39e-01, 17.7,12.8, - 
6425,143734,25112016,09032021 055211,1063, 42159.5, 21.157,356.521,0.249273,359.7, 57.347,9.96e+00, 17.1,70.8, - 
6426,143735,02022017,08032021 183243,   1, 41998.2, 14.299, 67.011,0.283261,359.8,297.325,1.39e+01, 14.5, 0.1, 19
6427,143736,01072017,08032021 175402,1333, 42147.8, 17.980, 63.380,0.337232,359.8,250.302,1.49e+01, 16.4, -  , - 
6428,143737,12092017,08032021 202926, 472, 42196.7,  9.527,299.911,0.128429,359.7,131.636,3.10e+00, 17.7,11.5, - 
6429,143738,21092017,08032021 102843,1068, 41983.9, 36.654,357.289,0.492027,359.8,335.472,2.70e+01, 15.8, -  , - 
6430,143740,29112017,08032021 225028,1109, 42133.4, 14.429, 62.361,0.149006,359.8,347.316,9.02e+00, 16.7, -  , - 
6431,143741,15012018,09032021 062653,   1, 42154.7, 11.265,316.952,0.001837,359.6, 91.718,1.04e-02, 16.1, 0.1,  3
6432,143743,19022018,09032021 064116,1091, 42125.6, 15.581, 30.844,0.184198,359.6,  6.130,1.85e+01, 17.4, -  , - 
6433,143744,29032018,08032021 182007,   1, 41003.9, 13.397, 69.180,0.102445,359.8,145.767,1.30e+01, 14.2, 0.5, 93
6434,143745,29012019,09032021 065015, 500, 42167.0, 13.602,339.276,0.239133,359.5,  5.812,1.13e+01, 16.4, -  , - 
6435,143746,22092019,09032021 172839, 520, 42178.4,  5.983,243.261,0.174894,  0.5, 59.512,9.63e-03, 17.1, 0.6, 36
6436,143747,23092019,09032021 031644, 444, 42106.6, 11.222,  6.314,0.290369,359.4,339.093,1.07e+01, 17.1,24.6, - 
6437,143748,20012020,08032021 164910, 410, 42382.5, 25.504, 48.038,0.116194,359.8,337.349,2.99e+01, 18.0,55.3, - 
6438,143749,29062020,09032021 055317, 160, 42074.5,  8.827, 77.130,0.078701,359.8, 96.674,1.14e+01, 13.1, -  , - 
6439,143800,19091993,09032021 021017,   1, 42206.1,  8.758, 23.733,0.147254,359.3, 24.650,2.27e-02, 10.7, 0.1,  1
6440,143803,16122011,08032021 093457,  99, 42193.9, 13.429,345.393,0.055705,359.5,203.647,2.22e-01, 13.4, 1.6,261
6441,143804,12122012,09032021 053548,  13, 42189.9,  7.591,249.617,0.107311,  0.3,318.970,2.93e+00, 16.2, 0.4, 38
6442,143805,09072013,09032021 164439,  28, 42214.7,  9.070,299.948,0.098174,359.6,213.493,3.28e-01, 15.3, 1.1,206
6443,143806,01022014,08032021 150949,1589, 42232.6, 17.808, 43.088,0.109132,359.7, 74.403,9.21e+00, 15.3, -  , - 
6444,143807,20102014,09032021 080932, 701, 42270.5, 35.670,  4.369,0.379359,359.8,330.508,2.03e+01, 16.7,70.8, - 
6445,143808,25112014,09032021 042740, 744, 42297.9,  7.181,276.936,0.079071,359.9, 60.593,5.37e+00, 16.3, -  , - 
6446,143809,20082016,09032021 121300,   1, 42125.9,  0.945, 92.762,0.000117,  0.4,160.132,1.45e-02, 13.8, 0.1,  1
6447,143811,17082017,08032021 111832,  15, 42204.7,  9.944,304.655,0.002346,359.6, 31.188,3.29e-01, 17.2, 0.7, 61
6448,143812,17092017,08032021 202759, 417, 42288.4,  0.878, 59.246,0.141965,355.6,324.150,5.86e+00, 17.9,11.6, - 
6449,143814,20092017,08032021 181250, 994, 42203.3,  8.767,298.571,0.002837,359.6,237.626,1.00e+00, 18.2,24.6, - 
6450,143815,14112017,09032021 042618, 302, 42222.9,  9.613,312.499,0.013880,359.5, 23.088,8.34e-01, 17.2, 6.8, - 
6451,143816,15022018,08032021 203540,1106, 42169.3,  6.924, 78.797,0.116792,359.8,293.768,8.09e+00, 16.6,61.7, - 
6452,143817,06032018,08032021 233259,   3, 42222.3,  4.033,278.987,0.035059,359.8,157.598,2.08e-01, 15.6, 0.4, 32
6453,143818,08032018,09032021 051304, 234, 42229.6, 10.084,306.741,0.002138,359.6,169.039,5.42e-03, 13.2, 0.6, 73
6454,143820,14102018,09032021 033853, 874, 42206.6, 11.134,317.206,0.005392,359.6, 20.341,1.41e-01, 19.0, 8.1,906
6455,143821,09112018,08032021 190918, 405, 42217.7,  3.999,309.765,0.020621,359.0, 29.450,1.36e+00, 18.1,77.3, - 
6456,143822,06012019,08032021 205124,   1, 41994.5, 19.533, 19.465,0.281116,359.7,303.933,1.86e+01, 13.0, 0.2, 27
6457,143823,13012019,09032021 113049, 135, 42197.6,  7.888,297.696,0.002865,359.6,312.224,6.43e-03, 18.1, 1.4,194
6458,143824,28022019,08032021 122959, 115, 42289.5, 10.357,307.207,0.002788,359.6,120.461,7.50e-02, 17.8, 0.5, 61
6459,143825,09032019,08032021 120447, 643, 42187.8,  3.622, 88.118,0.053184,359.9,195.257,5.18e+00, 15.8, -  , - 
6460,143826,26032019,09032021 022238, 438, 42125.7, 10.871, 20.201,0.272214,359.4,340.022,1.21e+01, 16.6,35.0, - 
6461,143828,07082019,09032021 061531, 388, 42202.8,  9.567,  0.221,0.049822,359.3,271.289,5.85e+00, 16.6,16.8, - 
6462,143829,02032020,09032021 014205, 369, 42092.7,  8.342, 78.017,0.181950,359.8,342.281,2.01e+01, 17.4, -  , - 
6463,143831,13012021,09032021 000717,   1, 42202.2,  1.606, 87.401,0.022938,359.8,130.223,8.58e+00, 17.4, 0.2, 27
6464,143900,07082007,08032021 182504,  15, 42245.3, 11.227,317.692,0.002115,359.6,112.560,6.02e-03, 16.5, 0.5, 29
6465,143902,07102005,09032021 085857,  16, 42279.7,  4.402,272.196,0.051337,360.0,122.443,2.20e+00, 16.5, 2.1,335
6466,143903,07052008,08032021 113153,3975, 42179.2, 18.481, 22.961,0.139926,359.7,333.292,7.04e+00, 15.3, -  , - 
6467,143904,27092011,09032021 042050, 178, 42243.5, 10.681,320.093,0.005728,359.5,145.433,3.70e-01, 17.6, 8.5, - 
6468,143906,07102005,09032021 080302,  94, 42191.5, 10.044,306.350,0.009067,359.6, 21.574,1.69e-01, 17.3, 1.7,304
6469,143907,12082012,08032021 062923, 408, 42237.2, 10.086,306.166,0.025202,359.6, 12.924,3.93e+00, 18.0, -  , - 
6470,143908,10012013,08032021 131617,1358, 42173.8, 12.999, 40.716,0.061808,359.6,313.867,6.13e+00, 17.0, -  , - 
6471,143910,17102015,08032021 191440, 164, 42227.6, 10.990,316.791,0.040029,359.6, 49.300,1.11e+00, 17.7,12.5, - 
6472,143912,10022016,09032021 074601, 313, 42227.5, 15.202,351.490,0.094293,359.6,322.678,4.37e+00, 16.8,23.3, - 
6473,143913,27102016,08032021 170959,1049, 41661.9, 34.759, 27.676,0.402051,359.8,347.628,2.88e+01, 15.9, -  , - 
6474,143914,28022017,08032021 104637,  47, 42225.9,  2.757,324.277,0.024118,358.1,312.526,1.14e+00, 17.7, 1.0,177
6475,143915,31082017,08032021 225436,1267, 42222.9,  4.415, 87.771,0.129623,359.9,257.496,5.35e+00, 17.5,79.3, - 
6476,143916,14102017,09032021 013437, 135, 37036.8, 10.069,258.419,0.228802,  0.1, 54.651,1.40e+01, 17.1,27.3, - 
6477,143917,26012018,09032021 022842,1114, 42231.8,  9.901,305.893,0.036653,359.6,338.394,1.53e+00, 18.4, 9.0, - 
6478,143919,11032018,08032021 075947, 853, 42236.5, 11.998,323.203,0.009394,359.6,338.166,3.81e-01, 18.3, 3.5,541
6479,143920,13032018,08032021 231224, 185, 42223.5,  3.955,307.168,0.069269,359.0,  5.584,2.92e-01, 18.0, 4.5,804
6480,143921,11062018,08032021 202431,   1, 42225.1,  0.122,154.522,0.008561, 55.6,210.968,8.82e-03, 14.4, 0.1,  1
6481,143922,09102018,08032021 073757, 323, 42230.4,  2.732,323.024,0.025128,358.1,  3.789,8.28e-01, 18.6,12.4, - 
6482,143923,01112018,09032021 004247, 791, 42157.1, 38.040, 11.060,0.528071,359.8,352.521,4.21e+01, 16.0, -  , - 
6483,143925,16022020,08032021 114216, 348, 42175.6,  3.715, 83.793,0.193739,359.8,336.550,1.66e+01, 17.2, -  , - 
6484,143927,20042020,09032021 014722, 159, 42215.3,  2.574, 91.265,0.133700,  0.0,257.507,9.67e+00, 16.0,38.8, - 
6485,143928,14082020,09032021 000321, 199, 42046.6,  7.534,  3.276,0.427090,359.1,287.170,1.15e+01, 16.7,22.0, - 
6486,144000,12031997,08032021 165224,   0, 42250.2, 15.041,357.570,0.006526,359.6, 50.344,1.21e-02, 13.4, 0.1,  1
6487,144001,06082007,08032021 174326, 677, 42262.3,  6.847,287.936,0.275274,359.7,335.014,4.26e+00, 15.7,22.9, - 
6488,144002,27062006,08032021 175958,4362, 42255.8, 13.801, 17.556,0.003619,359.5,217.964,1.26e-01, 18.5,59.0, - 
6489,144003,23112009,09032021 064619,   1, 42264.6, 11.330,317.468,0.007186,359.6,  5.363,1.07e-02, 16.4, 0.1,  8
6490,144004,25022011,09032021 012132, 259, 42227.2,  4.444,  3.752,0.219565,358.5,  2.551,7.01e+00, 17.0,27.7, - 
6491,144005,15082012,09032021 012805,1638, 42217.6, 13.906, 36.472,0.453896,359.6,126.113,3.01e+00, 12.4, -  , - 
6492,144006,27112006,09032021 120134,   4, 42268.9,  5.269,342.555,0.076842,358.8,  2.712,4.42e+00, 16.6, 0.4, 36
6493,144007,08012013,08032021 212635, 753, 42246.7,  9.548,302.999,0.060537,359.6,258.603,1.09e+00, 17.7,39.1, - 
6494,144008,30082013,09032021 023121, 119, 42192.4, 13.022, 11.889,0.041095,359.5, 15.362,9.11e+00, 15.7, 6.7,907
6495,144009,18082014,08032021 212318,   2, 42208.0,  5.045, 89.936,0.210228,360.0,283.675,8.24e+00, 16.7, 0.3, 32
6496,144011,02022016,09032021 133902, 144, 42362.3, 25.818, 20.387,0.099709,359.7,248.105,1.04e+01, 15.7,85.9, - 
6497,144012,24062016,08032021 181613,  13, 42272.7,  4.533,357.912,0.222253,358.5,185.864,3.22e+00, 17.1, 0.6, 56
6498,144014,22112016,09032021 094328,1395, 42422.9, 27.792,354.179,0.118833,359.8,126.269,1.40e+01, 17.2, -  , - 
6499,144015,24052017,08032021 165202,1284, 42285.6, 15.762, 33.650,0.048795,359.6,345.189,6.00e+00, 16.6, -  , - 
6500,144017,25102017,09032021 100130, 680, 42251.4, 11.010,318.608,0.025259,359.5, 28.873,7.66e-01, 18.5, 3.4,511
6501,144018,21012018,09032021 030601, 175, 42258.1,  9.381,300.049,0.009872,359.6,176.370,6.77e-03, 16.8, 0.3, 32
6502,144019,12022018,09032021 122727,1090, 42108.9, 13.585,298.614,0.053660,359.8,142.158,1.94e+01, 17.4, -  , - 
6503,144020,22022018,09032021 155203, 349, 42243.4, 13.969,344.596,0.022258,359.5,261.648,3.20e-02, 17.3, 2.7,432
6504,144021,08032018,09032021 091404,1083, 42584.4, 23.404, 20.349,0.607896,359.7, 23.308,1.86e+01, 16.0, -  , - 
6505,144022,08032018,09032021 045614, 195, 42277.8,  2.409,330.523,0.170892,357.7,212.156,7.03e+00, 15.3, -  , - 
6506,144023,14032019,09032021 021749, 419, 42150.6, 10.039, 75.762,0.148641,359.8, 20.261,1.72e+01, 12.7,66.4, - 
6507,144024,30082019,08032021 095626,  12, 42248.5,  5.647,276.000,0.026149,359.9, 73.216,4.31e+00, 15.6, 0.3, 46
6508,144100,26032006,08032021 184450,   1, 42270.5, 11.143, 29.224,0.001084,359.5,350.909,7.24e-03, 13.7, 0.1,  1
6509,144101,15032005,08032021 115230,  12, 42270.5, 10.266,307.402,0.012697,359.6,283.519,1.08e-02, 16.4, 0.5, 23
6510,144102,28102008,08032021 201345, 159, 42243.6,  3.420,303.739,0.263458,359.0,232.447,1.37e-01, 16.1, 4.6,527
6511,144103,30112008,09032021 040017,  30, 42098.1,  8.267,281.263,0.144593,359.8,106.210,5.50e+00, 16.0, 5.5,977
6512,144104,28092011,08032021 180410,  13, 42270.0, 10.102,307.066,0.006589,359.6, 72.884,5.47e-02, 17.4, 0.4, 38
6513,144105,15082017,09032021 031142,1151, 42268.7,  7.633, 70.955,0.248206,359.7,336.041,6.42e+00, 17.0,37.2, - 
6514,144108,10082015,08032021 165625,   5, 42252.8,  8.680,299.744,0.019571,359.6, 26.457,1.93e+00, 17.3, 0.4, 33
6515,144109,09092015,08032021 104855,  18, 42265.4, 11.249,316.450,0.008229,359.6, 58.914,2.46e-01, 16.8, 0.6, 75
6516,144110,23092015,09032021 052044, 178, 42410.7, 11.702, 21.810,0.329980,359.5,276.608,1.36e+01, 16.4,39.9, - 
6517,144111,09092015,08032021 183320, 780, 42352.4, 12.849, 37.965,0.184265,359.6,249.904,5.83e+00, 15.7, -  , - 
6518,144113,17112015,08032021 233258,1585, 42265.1, 14.060,337.138,0.005157,359.6,343.417,5.68e-01, 17.3,24.8, - 
6519,144114,18112016,09032021 135404, 695, 42181.9, 14.449,336.808,0.194724,359.6, 46.240,9.30e+00, 17.1,39.6, - 
6520,144115,24032017,09032021 072104, 499, 42262.3,  8.655,297.315,0.005973,359.7, 14.798,1.50e+00, 17.7,17.7, - 
6521,144116,25032017,09032021 045604,1434, 42263.6, 16.631,333.448,0.031368,359.6,176.605,7.71e+00, 17.4, -  , - 
6522,144119,16052018,08032021 101955,1003, 42250.2, 18.424,  1.100,0.046352,359.6,298.567,4.89e+00, 18.3, -  , - 
6523,144120,09082018,08032021 210620, 941, 42245.3, 13.156,341.716,0.248857,359.5, 40.122,1.07e+01, 17.9,90.0, - 
6524,144121,06112018,08032021 184615, 406, 42201.7, 16.603, 26.321,0.169598,359.6, 10.184,7.54e+00, 16.6,16.3, - 
6525,144129,11122020,09032021 055020,   1, 42164.2,  7.696,306.048,0.004363,359.5,176.755,1.00e-02,  7.7, 0.1,  1
6526,144200,09052004,08032021 230900,   1, 42293.2,  9.637, 38.354,0.000940,359.4,357.276,4.30e-03, 13.7, 0.1,  1
6527,144201,15121998,08032021 150618,   1, 42295.6,  5.543,285.546,0.000610,359.7,  7.694,1.33e-02, 12.6, 0.1,  1
6528,144202,14101985,09032021 005702,   1, 42292.8, 15.978,333.283,0.014038,359.6,  1.509,4.63e-02,  9.6, 0.1,  1
6529,144204,16122011,08032021 061559,   2, 42274.6, 15.423, 14.898,0.045837,359.6,349.432,2.99e+00, 13.9, 0.1, 21
6530,144205,05052008,08032021 211623, 143, 42362.0, 27.540,353.399,0.188493,359.8, 22.034,1.49e+01, 15.8,10.4, - 
6531,144208,08082011,08032021 130008,   0, 42294.7,  6.858,302.175,0.076683,359.5, 63.245,5.82e+00, 16.5, 0.3, 18
6532,144209,14062012,09032021 041211, 159, 42297.3,  3.997,312.140,0.034226,358.9,351.003,1.66e-01, 16.2, 3.4,542
6533,144210,04102012,08032021 085231, 646, 42297.4,  9.838,308.112,0.026071,359.6,262.623,1.09e-02, 17.8, 4.3,479
6534,144211,18102012,09032021 032944,   3, 42274.1,  4.974,288.808,0.178260,359.6,144.551,5.08e+00, 16.1, 0.9,163
6535,144212,16012013,08032021 135943,  23, 42270.5,  6.905,282.647,0.009394,359.8,104.466,3.88e+00, 17.5, 0.7,113
6536,144215,18112015,08032021 142312,  33, 42298.9, 11.434,317.527,0.007998,359.6, 66.169,1.36e-01, 16.8, 0.3, 44
6537,144217,08032016,09032021 103848,1167, 42259.8, 13.668,340.105,0.281733,359.5,  8.346,1.06e+01, 17.3, -  , - 
6538,144218,10092016,09032021 161715, 113, 42297.3,  9.325,299.618,0.027998,359.7, 39.805,1.17e+00, 17.8, 7.1, - 
6539,144219,30102016,08032021 150445, 381, 42290.7, 14.930,336.658,0.084274,359.6,356.540,6.93e+00, 16.5,50.3, - 
6540,144221,04082017,08032021 204651,  87, 42297.4, 11.498,317.293,0.008156,359.6, 56.631,3.44e-02, 17.5, 1.1, 87
6541,144222,14112017,09032021 090555, 132, 42338.5,  4.250,297.705,0.061685,359.3, 45.560,2.59e+00, 17.2,26.9, - 
6542,144223,07122017,09032021 051137,1184, 42306.4, 11.899, 36.497,0.243643,359.5,237.071,2.12e+00, 17.5, -  , - 
6543,144224,15012018,09032021 083223,1143, 42270.8,  4.809,294.643,0.281441,359.4,304.113,5.13e+00, 18.4,27.2, - 
6544,144225,06032018,09032021 045207, 172, 42282.9,  4.143,309.920,0.173589,359.0,353.292,8.28e+00, 17.6,42.7, - 
6545,144226,09042018,09032021 151630, 159, 42243.8,  1.533,314.474,0.320935,357.1,205.666,5.05e+00, 14.4, -  , - 
6546,144227,15072018,08032021 212655, 885, 42270.9,  9.409, 88.835,0.252001,360.0,248.644,7.53e+00, 15.6, -  , - 
6547,144229,24112019,08032021 094827,   1, 42323.1, 17.588, 59.960,0.247857,359.8,227.181,1.39e+01, 13.0, 1.2,190
6548,144231,10122020,08032021 142028,  15, 42295.5,  4.380,273.914,0.028312,359.9, 16.347,2.69e+00, 17.4, 0.3, 48
6549,144300,13032005,08032021 075142,   0, 42305.0,  4.415,288.927,0.000773,359.5,354.185,1.31e-02, 13.3, 0.1,  1
6550,144301,18082007,09032021 001933,   8, 42308.9,  6.683,280.475,0.067118,359.8, 15.529,4.04e+00, 15.2, 0.2, 28
6551,144303,21112011,08032021 213651,  46, 42303.0,  3.045,333.438,0.078486,358.1,341.832,1.94e+00, 16.7, 1.0,173
6552,144304,09092013,09032021 150504,   5, 42260.4,  6.953, 63.869,0.018808,359.6, 18.160,5.86e-01, 12.2, 0.1, 23
6553,144305,10022016,08032021 152902,1583, 42307.6,  3.968, 21.870,0.029764,358.4,  6.121,1.57e+00, 16.4,88.0, - 
6554,144306,05092016,09032021 080031,   1, 42259.1, 10.070,303.689,0.039528,359.6,255.993,8.52e-01, 16.7, 0.2, 24
6555,144308,26112016,08032021 165930,  80, 42195.7, 14.252,337.147,0.178692,359.6, 40.468,9.57e+00, 17.2,15.7, - 
6556,144310,30092017,08032021 221946,1081, 42034.6, 27.604,320.000,0.614281,359.8, 25.423,3.80e+01, 16.8, -  , - 
6557,144311,16042018,08032021 223146,1053, 42292.4, 12.393, 17.764,0.034896,359.5,118.076,2.10e+01, 16.0, -  , - 
6558,144312,15102018,08032021 114038, 615, 42412.5, 14.651, 57.481,0.223284,359.7,143.195,8.66e+00, 16.0,24.9, - 
6559,144313,04022019,09032021 052333, 212, 42304.9, 11.370,316.824,0.011947,359.6,288.305,9.54e-03, 17.8, 6.1, - 
6560,144314,04082019,08032021 233711, 170, 42265.5,  9.174,300.878,0.627060,359.6,302.605,7.21e+00, 17.2,37.9, - 
6561,144400,14032001,08032021 191052,   1, 42324.1, 11.884, 25.434,0.000747,359.5, 81.190,5.40e-03, 13.8, 0.1,  1
6562,144401,22052001,09032021 015003,   1, 42330.7,  5.898,355.877,0.136448,358.9,108.188,6.16e-03, 13.0, 0.1,  1
6563,144402,18062004,09032021 114358,   2, 42323.1, 12.313, 24.718,0.022633,359.5,320.444,1.36e+00, 12.2, 0.1,  3
6564,144403,24062006,08032021 233352,   7, 42321.3,  2.780,325.662,0.062541,358.1,345.929,9.82e-01, 17.3, 0.4, 46
6565,144404,04062008,09032021 090303,4653, 42288.7, 20.323, 13.677,0.127788,359.7,326.833,6.98e+00, 19.3, -  , - 
6566,144405,28082006,09032021 162728, 339, 42406.5, 15.350, 14.239,0.065743,359.6,284.696,3.13e+00, 16.8,27.0, - 
6567,144406,09022011,08032021 154747,  13, 42332.1, 11.824,316.507,0.006103,359.6, 67.841,2.79e-02, 16.7, 0.7, 44
6568,144407,13072010,08032021 084229,3866, 42373.2, 19.180, 27.320,0.287349,359.7,239.821,7.49e+00, 14.8, -  , - 
6569,144408,11102012,09032021 043454, 426, 42333.4,  9.040,300.582,0.047745,359.6,339.115,1.75e-01, 17.8, 5.3,783
6570,144409,10112013,09032021 132857,   6, 42345.9,  4.549,349.054,0.058780,358.6, 54.390,2.49e+00, 16.8, 0.4, 63
6571,144410,02092014,08032021 225901,  13, 42582.3,  8.534,311.318,0.144518,359.5, 70.508,4.26e+00, 16.6, 3.9,657
6572,144411,15062015,09032021 102833,2090, 42198.6,  8.611,254.786,0.578330,  0.2,133.190,3.32e+01, 16.0, -  , - 
6573,144412,14052016,09032021 175037, 715, 42328.7,  2.462,356.667,0.105906,357.3, 63.758,7.73e+00, 16.8,55.6, - 
6574,144413,24012017,08032021 214651, 430, 42228.5, 14.669,338.118,0.116577,359.6, 93.422,9.96e+00, 16.0,71.0, - 
6575,144414,21032017,08032021 145535, 312, 42575.4, 23.954, 19.341,0.320634,359.7,264.219,1.64e+01, 15.7,27.1, - 
6576,144415,13082017,08032021 132225,1194, 42416.6, 25.453,  6.035,0.243248,359.7, 14.519,3.08e+01, 13.2, -  , - 
6577,144417,18092017,09032021 101816, 165, 42320.1,  5.393,  1.963,0.145809,358.8,273.519,4.52e+00, 18.1,10.8, - 
6578,144418,20112017,08032021 220914,1172, 42299.7, 11.950, 71.786,0.180327,359.8,270.267,1.12e+01, 17.2, -  , - 
6579,144419,11032018,09032021 020641, 901, 42317.8,  9.383,315.047,0.117711,359.5,339.087,3.66e+00, 17.8, -  , - 
6580,144420,15032018,09032021 145513, 940, 42325.7,  4.635,322.449,0.084587,358.9,356.261,2.44e+00, 18.3,39.7, - 
6581,144421,17062018,09032021 100319, 768, 42307.7,  1.163,329.917,0.052947,355.3,305.416,7.90e+00, 18.0,27.2, - 
6582,144422,16022020,08032021 155539, 322, 41967.4, 17.917, 58.544,0.450541,359.8,353.097,3.07e+01, 16.4,47.3, - 
6583,144423,25122019,09032021 055354,  47, 42097.0,  1.070, 75.055,0.098666,358.2, 37.237,7.23e-01, 13.0, 6.0,991
6584,144500,10042002,08032021 124428,   0, 42347.0,  8.538, 25.632,0.148845,359.3, 88.832,6.26e-03, 12.8, 0.1,  1
6585,144501,16111998,08032021 184912,   1, 42357.8,  5.925,348.106,0.102873,358.9,101.629,5.17e-03, 13.0, 0.1,  1
6586,144502,03021995,09032021 013516,   1, 42357.3, 12.537,  5.902,0.011869,359.5,310.325,6.57e-03, 11.1, 0.1,  1
6587,144504,05112011,09032021 035742, 224, 42264.7,  9.283,329.379,0.030865,359.4, 48.862,3.39e+00, 16.6,54.4, - 
6588,144505,30112000,08032021 215505,  15, 42424.2,  9.312,314.559,0.103206,359.5, 98.681,5.36e+00, 16.9, 1.5,236
6589,144506,05062015,08032021 174448, 546, 42316.9, 10.199, 34.935,0.073204,359.5,232.937,1.01e+01, 16.2,52.8, - 
6590,144509,02052016,09032021 102659,   1, 42296.5,  2.605,339.616,0.016570,357.6, 68.486,8.38e+00, 15.7, 1.2,128
6591,144510,18102016,09032021 065641,1089, 42437.4, 15.811, 50.919,0.086210,359.7,171.659,7.17e+00, 16.7, -  , - 
6592,144512,14112017,08032021 141207,   0, 42320.0,  3.381, 88.488,0.065576,359.9,268.416,1.02e+01, 15.6, 0.8,129
6593,144514,06022019,09032021 002808, 756, 42326.1,  7.722, 81.324,0.169893,359.9,260.431,9.46e+00, 17.9,67.3, - 
6594,144515,29082019,08032021 233924, 114, 42334.6,  7.497,285.246,0.111960,359.8,342.973,2.26e+00, 17.3, 1.6,216
6595,144516,21092019,09032021 013353,   1, 42386.9,  6.374,276.499,0.077751,359.9, 38.976,4.68e+00, 16.4, 0.3, 43
6596,144518,21012020,08032021 133622, 399, 42261.7,  7.773, 85.992,0.180029,359.9,324.143,1.80e+01, 17.6, -  , - 
6597,144520,03042020,08032021 131932, 313, 42135.5, 35.487, 14.306,0.328420,359.8,279.463,3.03e+01, 14.6, -  , - 
6598,144600,05101999,08032021 154455,   1, 42364.7,  8.178,347.926,0.044939,359.2,  2.237,1.21e-02, 11.2, 0.1,  1
6599,144601,16101995,09032021 041414,   1, 42376.4, 18.328,  1.317,0.033522,359.6, 49.682,9.78e-03, 13.3, 0.1,  1
6600,144602,22101975,09032021 033836,   1, 42368.6,  5.742,286.249,0.003272,359.7, 12.810,4.20e-03, 13.1, 0.1,  1
6601,144603,15082007,09032021 091642,  87, 42366.9,  3.777,314.031,0.079789,358.8,315.877,1.74e-01, 16.0, 1.1,196
6602,144604,18022007,08032021 085052, 109, 42365.9, 11.199,311.621,0.008621,359.6,310.942,1.98e+00, 17.5, 3.0,375
6603,144605,19022007,08032021 192654,   0, 42373.5, 14.252,345.172,0.005838,359.5,120.631,1.93e-02, 14.3, 0.1,  1
6604,144608,17012013,08032021 203945,  15, 42366.5, 14.022, 18.205,0.001965,359.5,115.954,7.77e-01, 16.9, 1.1, 42
6605,144609,08102009,08032021 125902,4155, 42379.0, 18.322, 18.883,0.357576,359.6,314.515,8.73e+00, 15.0, -  , - 
6606,144610,17122011,09032021 022214, 972, 42345.6,  8.340,296.962,0.112057,359.6, 83.329,2.79e+00, 17.6, -  , - 
6607,144611,09012016,08032021 195301, 531, 42343.1,  9.476,307.526,0.261286,359.6,168.971,1.29e+00, 18.0,46.1, - 
6608,144613,10102016,09032021 025816, 173, 42286.2, 11.050,311.877,0.087791,359.6, 98.342,3.29e+00, 17.8, 8.1, - 
6609,144615,12092017,08032021 185645,1065, 42362.4,  2.377,357.970,0.136435,357.2, 35.646,7.73e+00, 16.8,63.0, - 
6610,144616,13092017,09032021 041215,   1, 42356.2,  9.570, 71.641,0.065103,359.8,289.592,4.57e+00, 15.9, 0.9,150
6611,144617,09112017,08032021 213552,  43, 42293.7, 10.682, 25.438,0.165615,359.4, 13.908,1.10e+01, 16.8,21.1, - 
6612,144618,14012018,08032021 232701, 493, 42376.2, 15.351,  2.226,0.011760,359.6,349.375,5.58e-01, 18.9,76.7, - 
6613,144619,19012018,08032021 214906,1142, 42372.6,  9.332,298.379,0.068152,359.7,112.728,1.01e+00, 18.2, -  , - 
6614,144621,13062018,08032021 191919,  64, 42333.7, 13.542,339.500,0.224462,359.5,  9.445,1.01e+01, 17.2,13.4, - 
6615,144622,06102018,08032021 213941, 496, 42366.8, 11.213,317.054,0.072244,359.6, 32.079,1.17e+00, 17.5,22.1, - 
6616,144623,26042019,08032021 154051, 645, 42315.8,  7.615,273.214,0.101301,360.0,111.026,6.43e+00, 15.5, -  , - 
6617,144625,27042020,09032021 061706,  86, 42265.3, 17.786, 62.749,0.479968,359.8,193.952,1.41e+01, 12.9,42.3, - 
6618,144626,01082020,09032021 072211, 208, 42341.4,  4.126, 91.816,0.175178,  0.0,240.602,7.69e+00, 16.2,26.1, - 
6619,144700,11021999,08032021 151034,   0, 42381.4, 13.891, 18.562,0.002186,359.5,131.495,6.16e-03, 13.8, 0.1,  1
6620,144701,13041980,08032021 220319,   1, 42398.7, 11.165,313.656,0.005497,359.6,249.937,7.07e-03, 13.1, 0.1,  2
6621,144702,12051999,09032021 004730,   1, 42391.9,  8.123,296.186,0.000530,359.6,142.867,1.26e-02, 13.2, 0.1,  1
6622,144703,16091998,09032021 000955,   1, 42397.8,  6.861,349.910,0.102735,359.0, 81.963,5.32e-03, 12.9, 0.1,  1
6623,144704,07082005,09032021 133632, 132, 42403.3,  4.300,317.248,0.004740,358.9,101.845,1.26e+00, 17.7, 6.1,881
6624,144705,09032008,08032021 055823,   7, 42387.0,  3.696,314.645,0.022270,358.8,320.283,6.61e-02, 16.5, 0.1, 14
6625,144706,04082005,08032021 114323,1234, 42691.0,  5.247,299.584,0.200321,359.4, 84.016,7.06e+00, 17.9,39.0, - 
6626,144707,25112011,09032021 091655,  90, 42380.0,  4.414,310.604,0.031169,359.0, 50.534,1.46e-01, 17.8, 2.7,454
6627,144709,23112017,09032021 033042, 116, 42391.6, 10.575,308.027,0.008077,359.6, 91.219,2.23e-02, 18.1, 1.7,225
6628,144710,09042008,08032021 201318,  15, 42413.8, 16.397,  1.884,0.056969,359.6,323.495,1.85e+00, 16.0, 0.4, 74
6629,144711,17092015,08032021 195517,1199, 42379.1,  8.278, 69.876,0.124969,359.7,278.404,6.03e+00, 16.4,33.7, - 
6630,144713,03112015,09032021 111018,1950, 42383.6, 12.908,331.472,0.004847,359.5,  4.236,1.81e-01, 17.6,87.3, - 
6631,144714,28102014,09032021 152910,1229, 42327.4,  5.793, 67.532,0.298489,359.5,298.292,1.06e+01, 17.5,66.1, - 
6632,144715,04122016,08032021 230218, 120, 42146.2, 25.301,332.556,0.211568,359.8,324.926,1.56e+01, 17.4, 9.9, - 
6633,144717,17122017,08032021 122948,1113, 42250.4, 15.165, 54.324,0.384769,359.7,345.380,1.08e+01, 17.6, -  , - 
6634,144718,03022018,09032021 033506,1127, 42388.2,  3.484, 90.525,0.086391,  0.0,311.209,3.10e+00, 12.5,16.5, - 
6635,144719,18022018,08032021 181322, 336, 42384.9, 11.455,316.814,0.018794,359.6,225.442,1.02e-01, 16.5, 4.9,879
6636,144720,20022018,08032021 124949, 721, 42222.0,  3.010, 44.208,0.534349,358.4,335.213,3.81e+01, 16.5, -  , - 
6637,144722,07082019,08032021 224745, 374, 42300.8, 13.567,351.125,0.145503,359.5,344.349,1.24e+01, 16.6,22.3, - 
6638,144800,03031997,09032021 052706,   1, 42403.3,  7.998,  4.116,0.100578,359.2, 20.884,8.91e-03, 12.9, 0.1,  1
6639,144802,07092011,08032021 074510,   4, 42411.8, 12.133,316.528,0.008949,359.6, 27.513,2.27e-02, 16.8, 0.3, 18
6640,144806,30012016,09032021 101040,1116, 42319.4, 15.352,339.185,0.178219,359.6,328.324,1.25e+01, 16.9, -  , - 
6641,144808,02082017,08032021 183627,1296, 42400.2,  5.061, 76.410,0.085572,359.7,179.205,5.27e+00, 15.9,44.4, - 
6642,144809,15092017,08032021 210249,  14, 40891.6, 20.174,  5.698,0.676755,359.7,359.674,4.64e+01, 16.4,11.3, - 
6643,144810,14112017,08032021 200539,1077, 42382.0,  3.910,275.600,0.015982,359.8,211.601,4.92e+00, 18.2,84.5, - 
6644,144811,19022018,08032021 141906,1066, 42273.2, 24.175, 53.070,0.342597,359.8,338.896,1.69e+01, 17.4, -  , - 
6645,144812,20022018,08032021 124159, 802, 42411.7,  5.780, 90.318,0.274468,  0.0,337.037,5.42e-02, 17.5, 3.6,489
6646,144813,09042018,08032021 220720, 712, 42201.5, 36.997,338.364,0.180807,359.8, 19.444,3.15e+01, 16.3, -  , - 
6647,144814,06082018,08032021 122715,   0, 42346.6,  4.916,306.742,0.264990,359.2,326.831,6.56e+00, 16.6, 0.5, 95
6648,144816,01022019,09032021 072729, 722, 42266.8, 21.483, 57.239,0.344659,359.8,340.208,1.63e+01, 17.7,81.2, - 
6649,144817,26072019,08032021 122701, 161, 42381.3,  5.875,291.366,0.351270,359.6,287.956,7.08e+00, 16.2,81.4, - 
6650,144818,05102019,09032021 054040, 517, 42388.5, 26.658,328.189,0.264290,359.8,338.718,1.26e+01, 16.4, -  , - 
6651,144900,12011999,09032021 101852,   1, 42528.8, 15.190,  1.280,0.001016,359.6, 47.155,1.31e-02, 13.0, 0.1,  1
6652,144901,06082007,08032021 223030,  27, 42436.5, 11.664,318.649,0.008409,359.6, 64.100,1.12e-02, 15.8, 0.3, 38
6653,144902,04122007,09032021 020541,   3, 42433.4, 11.326,318.736,0.047328,359.6, 40.384,1.42e+00, 16.9, 0.6, 71
6654,144903,11082005,08032021 130408,1375, 42470.2,  5.223, 82.395,0.067194,359.8,248.878,8.76e+00, 15.6, -  , - 
6655,144904,09062007,08032021 135040,   0, 42433.3,  4.120,312.976,0.027775,358.9,  2.109,2.36e-02, 15.2, 0.1,  1
6656,144905,16052012,08032021 093501,  11, 42414.0,  3.802,312.351,0.033629,358.9, 19.454,1.51e-01, 16.9, 0.6, 43
6657,144906,16012013,08032021 151540,   3, 42562.3,  9.775,297.799,0.087301,359.7, 60.912,2.96e+00, 16.3, 0.3, 43
6658,144908,30112016,09032021 153055, 769, 42427.6, 10.302,308.262,0.006856,359.6,155.695,1.01e-02, 18.1, 2.7,440
6659,144909,20012018,09032021 120915,1141, 42407.7,  9.936,311.616,0.164589,359.6,108.141,3.20e+00, 18.0,42.4, - 
6660,144910,21022018,08032021 214708, 714, 42428.5,  9.322,300.781,0.025411,359.6,170.384,7.63e-01, 17.9, 2.7,449
6661,144912,15082018,08032021 102229, 339, 42367.9,  1.971,357.200,0.230821,356.6,305.801,6.24e+00, 17.9,31.8, - 
6662,144914,29102018,09032021 070015, 856, 42415.2,  5.393, 89.340,0.215196,360.0,263.060,7.45e+00, 15.0, -  , - 
6663,144916,26022020,08032021 173929, 369, 42422.2, 14.225, 19.157,0.045655,359.6,117.491,4.01e-01, 19.0,44.4, - 
6664,145000,14011999,08032021 090924,   0, 42453.3, 15.119,357.299,0.001033,359.6, 10.665,5.85e-03, 13.7, 0.1,  1
6665,145001,27092000,09032021 013339,   1, 42455.7, 10.670,305.980,0.095848,359.6,176.440,2.56e-02, 12.8, 0.1,  1
6666,145002,05012005,08032021 060620,3270, 42443.2, 15.172,357.069,0.010457,359.6,216.077,4.28e-01, 17.1,82.6, - 
6667,145003,30052008,08032021 070432, 166, 42346.0,  0.520,275.420,0.015506,359.1,  6.348,4.13e+00, 17.4,21.1, - 
6668,145004,03082008,08032021 122119,   4, 42448.1, 11.574,310.918,0.094256,359.6, 44.244,2.30e+00, 15.9, 0.2, 25
6669,145005,24122011,08032021 151545,  16, 42443.5, 10.873,307.022,0.012868,359.6, 74.111,4.44e-01, 17.3, 1.2,155
6670,145006,26032012,08032021 131237,  16, 42428.9,  9.216,328.870,0.121209,359.4, 21.359,2.32e+00, 17.0, 2.1,355
6671,145007,23012013,08032021 212956, 457, 42358.9, 17.904, 30.234,0.265965,359.7,334.232,7.70e+00, 14.6,54.0, - 
6672,145008,11042015,09032021 131621,  60, 42443.2, 12.941, 23.757,0.008766,359.5,347.725,5.25e-01, 14.3, 1.0,153
6673,145009,04102016,08032021 183222,1384, 42438.9, 12.369,314.399,0.058685,359.6, 12.731,1.45e+00, 18.2,15.6, - 
6674,145010,16092017,09032021 031837, 739, 42455.0, 10.052,308.489,0.002741,359.6,192.117,2.19e-01, 17.9,18.0, - 
6675,145011,16102018,08032021 120900, 313, 42399.4,  1.777,348.265,0.012974,356.4,269.873,7.39e+00, 18.1, -  , - 
6676,145013,04032019,08032021 182304, 315, 42436.8,  3.241, 78.908,0.015291,359.6, 31.854,4.39e-01, 17.2,22.6, - 
6677,145017,26082020,09032021 062123,  43, 42413.5,  2.952, 56.919,0.161226,358.7,241.811,8.81e+00, 17.4, 2.5,323
6678,145018,15092020,09032021 022140,  27, 42426.3,  2.498,  6.438,0.135142,357.3, 19.796,2.25e+00, 17.6, 2.9,527
6679,145100,22112013,08032021 104229,   0, 42481.4, 10.164,307.523,0.030510,359.6,151.929,3.30e-01, 16.7, 0.1,  6
6680,145101,23062008,08032021 201530,   0, 42168.0, 11.796, 63.031,0.576081,359.7,317.373,2.34e+01, 12.1, 0.1, 18
6681,145102,30102011,09032021 041823,  50, 42456.1, 11.671,316.084,0.007946,359.6,223.526,6.46e-01, 16.0, 7.0, - 
6682,145103,04022016,09032021 064429, 143, 42454.1, 10.983, 38.475,0.079280,359.5,349.150,3.36e+00, 17.4, 5.3,909
6683,145104,25032017,09032021 033812, 343, 42594.6, 15.060, 31.906,0.242843,359.6, 60.644,1.93e+01, 16.2,37.7, - 
6684,145105,30072017,08032021 234738, 431, 42449.3, 11.199,299.482,0.132653,359.7,129.457,3.24e+00, 17.0, -  , - 
6685,145106,14092017,08032021 185615, 622, 42446.7,  4.963, 79.230,0.077936,359.7, 20.265,6.69e+00, 14.9, -  , - 
6686,145108,05032019,09032021 170917, 728, 42462.8, 11.021,308.845,0.031287,359.6, 93.198,3.68e+00, 18.2,20.1, - 
6687,145200,20052007,09032021 100303,   1, 42491.6, 13.970, 18.515,0.001562,359.5,348.302,1.14e-02, 12.5, 0.1,  1
6688,145201,02062006,08032021 230217,   1, 42493.7, 10.214,308.754,0.013039,359.6,199.264,7.13e-03, 16.1, 0.1,  8
6689,145202,04082005,09032021 050343, 323, 42398.9, 20.698,  0.978,0.157734,359.7,326.232,9.21e+00, 18.4,61.7, - 
6690,145203,14112010,08032021 090228,  30, 42469.5,  4.145,313.797,0.034371,358.9,333.416,9.73e-02, 15.8, 0.6, 58
6691,145205,30072014,08032021 235959,   1, 42187.2,  0.162, 91.529,0.000425,204.2,301.112,2.39e-02, 14.0, 0.1,  1
6692,145206,23072014,09032021 082839,   3, 42365.4, 14.902, 47.706,0.216375,359.7,327.908,8.79e+00, 15.9, 1.0, 81
6693,145208,07102016,09032021 010139, 146, 42480.5, 11.207,320.196,0.061890,359.5,  3.744,5.94e-01, 17.3, 4.1,716
6694,145209,15122016,08032021 103950,  80, 42461.6, 10.285,309.225,0.102167,359.6,171.735,3.14e-01, 17.2, 1.4,171
6695,145210,14082017,08032021 123842,1018, 41630.6, 19.451, 56.907,0.784617,359.8,279.008,2.71e+01, 15.1, -  , - 
6696,145211,15032017,09032021 024806,1454, 42488.8,  3.481, 85.903,0.061663,359.8,184.512,4.56e-01, 17.8,46.5, - 
6697,145212,21022018,09032021 013934, 934, 42485.7,  9.440,301.987,0.007007,359.6,  9.994,2.18e-01, 18.1, 1.6,172
6698,145213,06102018,08032021 061722, 141, 42562.4,  3.345,294.035,0.062148,359.2,180.811,3.37e+00, 16.9,43.3, - 
6699,145214,16112018,09032021 074922, 328, 42503.5, 19.536,  1.106,0.176308,359.7, 51.142,9.00e+00, 16.6,22.5, - 
6700,145215,07052019,08032021 221940, 668, 42473.5,  6.274, 83.125,0.133021,359.9,270.036,9.55e+00, 16.3,31.4, - 
6701,145217,27112019,09032021 041731, 459, 42266.1, 15.349, 11.520,0.437724,359.6,344.097,1.61e+01, 18.0,38.3, - 
6702,145300,02042003,09032021 174217,   0, 42513.7, 14.200, 17.246,0.000828,359.5,341.094,1.15e-02, 13.0, 0.1,  1
6703,145301,15112004,09032021 140559,   1, 42509.8, 12.289, 27.595,0.000725,359.5, 17.318,1.16e-02, 12.9, 0.1,  1
6704,145302,07012008,08032021 213406, 370, 42497.3, 15.077,359.409,0.061232,359.6, 46.010,4.56e-01, 17.3,17.2, - 
6705,145303,30072014,08032021 093550,   1, 43178.4,  0.551, 99.012,0.000441,  2.3,332.897,1.43e-02, 13.6, 0.1,  1
6706,145305,30042017,09032021 133157,   1, 42476.7, 13.620, 34.027,0.256218,359.6,149.178,5.02e+00, 17.2, 0.1, 11
6707,145306,21092017,09032021 141256,  89, 42965.6, 13.673,  5.677,0.708974,359.5,334.800,4.18e+01, 15.2,82.1, - 
6708,145307,09042018,08032021 203151,1004, 42502.1,  6.703, 62.385,0.073154,359.5,266.798,1.03e+01, 17.4, -  , - 
6709,145308,29032019,08032021 204912,  12, 42506.8,  3.367,  4.263,0.105812,358.0,291.537,2.44e+00, 16.7, 1.9,284
6710,145400,25022005,08032021 223807,   1, 42432.6, 15.153,  2.599,0.000499,359.6, 45.213,1.23e-02, 13.4, 0.1,  1
6711,145401,18111993,08032021 153304,   1, 42526.5, 11.515,311.897,0.000363,359.6,177.097,9.28e-03, 13.3, 0.1,  1
6712,145402,16012010,08032021 211845, 181, 42524.6, 11.131,309.002,0.014288,359.6, 57.745,3.67e-02, 17.6,18.0,324
6713,145403,13122013,09032021 035036,  63, 42540.4, 12.134,318.254,0.008698,359.6, 47.614,2.13e-02, 17.4, 0.5, 40
6714,145404,17102009,09032021 004928,1057, 42609.4, 10.188,306.768,0.013135,359.6,162.818,1.61e+00, 18.0, -  , - 
6715,145405,14052009,08032021 192407,   0, 42515.5, 19.047, 12.791,0.050577,359.7,198.964,5.14e+00, 15.3, 0.1, 16
6716,145406,08022011,09032021 045321, 715, 42503.0,  4.160, 31.056,0.086948,358.6,277.255,2.62e+00, 16.7, -  , - 
6717,145407,21092017,09032021 054750,   3, 42526.0, 12.033,318.315,0.046202,359.6, 28.671,8.79e-01, 16.2, 0.4, 62
6718,145410,15022013,09032021 021005, 202, 42554.8,  8.123,297.981,0.029529,359.6,308.708,2.02e+00, 16.8,37.9, - 
6719,145411,20082016,08032021 060330,   1, 42527.2,  4.289, 72.361,0.000965,359.5,304.205,9.38e-03, 10.8, 0.1,  1
6720,145413,16112017,09032021 143005,   1, 42508.0, 13.928, 21.306,0.083477,359.5,333.443,3.40e+00, 15.3, 0.4, 32
6721,145414,16022018,08032021 064231, 703, 42513.5, 10.252,306.259,0.036059,359.6,152.127,1.85e+00, 17.9,85.8, - 
6722,145415,21022018,08032021 231244, 340, 42445.2,  6.190, 72.755,0.117688,359.7,353.909,6.04e+00, 17.7, -  , - 
6723,145418,04112018,08032021 144717, 466, 42513.9,  9.204,290.476,0.117693,359.8,170.732,2.58e+00, 17.7,17.8, - 
6724,145420,14022019,08032021 112141, 742, 42506.3, 15.110, 17.526,0.104712,359.6,312.885,2.01e+00, 18.4, 7.0, - 
6725,145421,19112019,08032021 070629, 285, 42519.7, 18.686, 69.888,0.024515,359.9,290.096,4.41e+00, 14.0,74.8, - 
6726,145422,04012020,08032021 173610, 242, 42504.5,  3.443, 68.859,0.098732,359.3,  4.515,1.13e+01, 16.8, -  , - 
6727,145423,20012020,08032021 235241, 384, 42507.2,  5.183, 72.793,0.102160,359.6,335.529,5.55e+00, 17.2,28.3, - 
6728,145426,27052020,09032021 053309, 169, 42522.2,  4.822, 72.809,0.012791,359.6, 29.334,5.72e+00, 16.9,19.4, - 
6729,145427,17092020,08032021 231413, 169, 42523.2, 14.586, 18.644,0.212473,359.6,280.469,3.24e+00, 12.5,32.6, - 
6730,145428,16102020,08032021 225212, 123, 42494.0,  0.992,278.510,0.143082,359.1,122.997,7.12e+00, 18.5,50.0, - 
6731,145429,11122020,08032021 144305,  60, 42557.1, 13.943, 59.845,0.346443,359.8,126.246,6.06e+00, 16.5, 1.9,319
6732,145500,15011999,08032021 074520,   2, 42540.8, 11.933,321.105,0.000584,359.6, 58.897,1.52e-02, 12.8, 0.1,  1
6733,145501,23112006,09032021 144458,5133, 42483.2, 10.724,  8.640,0.111003,359.4,263.793,8.94e+00, 17.8, -  , - 
6734,145503,19042017,09032021 023432,   0, 42604.7,  4.808, 72.989,0.001452,359.6,285.338,7.71e-03, 15.5, 0.1,  1
6735,145504,30072014,08032021 190810,   1, 42550.1,  4.775, 73.185,0.001149,359.6,269.591,6.83e-03, 11.2, 0.1,  1
6736,145505,27082014,09032021 005551,1108, 42553.7, 14.488, 16.520,0.064403,359.6,266.596,2.77e+00, 12.7, -  , - 
6737,145506,01092014,09032021 021221, 194, 42543.6, 10.717,309.461,0.011950,359.6, 76.782,4.55e-01, 17.5,13.2, - 
6738,145507,14022016,08032021 090950, 413, 42656.7, 16.023,  3.348,0.083156,359.6, 42.693,2.67e+00, 16.0, -  , - 
6739,145508,27042016,08032021 230032,1670, 42515.1, 17.278, 55.288,0.231274,359.8,299.473,1.03e+01, 17.5, -  , - 
6740,145509,08052016,08032021 054138, 132, 42514.3,  8.309, 28.284,0.024708,359.3,271.494,3.20e+00, 17.0,19.6, - 
6741,145510,19052017,09032021 084308,   1, 42529.1,  4.055, 78.565,0.060749,359.7,202.242,3.01e+00, 16.6, 0.5, 45
6742,145511,24052017,08032021 210154, 235, 42494.3, 11.185, 74.024,0.314844,359.8,220.890,8.81e+00, 16.2, -  , - 
6743,145512,13022018,08032021 142204,1117, 42365.6,  8.872, 41.573,0.291970,359.4,340.910,2.14e+01, 18.1, -  , - 
6744,145513,18022018,08032021 224729, 578, 42522.0,  5.822, 72.996,0.095766,359.7,326.498,5.76e+00, 16.8,75.2, - 
6745,145514,18022018,09032021 052354,1111, 42522.5,  6.389, 71.180,0.074222,359.7,344.800,6.26e+00, 17.8,56.5, - 
6746,145515,18022018,08032021 224622,1108, 42518.1,  5.939, 71.520,0.060035,359.6,346.221,5.38e+00, 17.3,50.6, - 
6747,145517,09042018,09032021 052751,1002, 42511.7,  6.134, 63.991,0.066846,359.5,256.700,1.18e+01, 17.6, -  , - 
6748,145518,16062018,08032021 205949, 104, 42523.2, 11.139,309.001,0.009707,359.6,163.005,4.99e-02, 17.7, 2.8,413
6749,145520,04022019,08032021 094004, 675, 42538.8, 16.656, 59.742,0.096256,359.8,332.068,1.21e+01, 16.9, -  , - 
6750,145522,02082019,09032021 163923, 342, 42519.5,  9.804, 69.295,0.162351,359.8,215.121,8.25e+00, 17.0,38.3, - 
6751,145600,23041993,09032021 043227,   1, 42568.2, 14.463,337.134,0.000351,359.6, 46.894,1.06e-02, 12.9, 0.1,  1
6752,145601,02022003,08032021 225545,   1, 42571.5,  8.316, 42.624,0.002092,359.4, 51.412,1.47e-02, 12.7, 0.1,  1
6753,145602,26022008,09032021 001430,   0, 42564.3,  8.325, 51.031,0.000873,359.5, 73.917,1.03e-02, 15.1, 0.1,  1
6754,145603,07122006,08032021 233850, 392, 42559.7, 13.835, 21.141,0.075588,359.5,354.279,2.66e+00, 17.1,65.8, - 
6755,145604,02022016,08032021 234825, 346, 42519.4,  9.509,357.455,0.256505,359.3,262.661,5.23e+00, 17.2,29.6, - 
6756,145606,24022017,09032021 073856,  43, 42549.5,  7.307,  2.374,0.139390,359.1,262.910,6.79e+00, 17.1, 3.9,630
6757,145607,05032017,08032021 152433, 387, 42514.8,  9.250, 59.544,0.160042,359.6,325.559,8.83e+00, 17.4,16.6, - 
6758,145608,22072017,08032021 121727, 169, 42573.0,  4.281,316.409,0.045673,358.9,  5.436,9.30e-01, 18.0, 8.1, - 
6759,145610,14022018,08032021 184840, 434, 42550.9,  5.183, 71.094,0.046256,359.6,272.709,3.45e+00, 17.9,47.3, - 
6760,145611,13022018,08032021 175737, 380, 42514.5,  6.968, 73.511,0.145998,359.7,266.536,5.72e+00, 17.4,84.9, - 
6761,145612,15022018,08032021 131030,1056, 42542.0,  7.002, 71.790,0.084094,359.7,277.610,6.04e+00, 18.0,54.0, - 
6762,145613,18022018,08032021 142737,1111, 42492.9, 13.364, 63.578,0.127309,359.8,356.442,1.33e+01, 17.9,92.3, - 
6763,145614,12042018,08032021 224821, 973, 42556.7, 11.659, 66.990,0.021074,359.8,224.356,1.04e+01, 18.3,46.1, - 
6764,145615,15112018,08032021 142747, 169, 42630.1, 10.378,238.830,0.235474,  0.3,169.795,1.51e+01, 17.0,12.7, - 
6765,145616,11012019,09032021 044406, 176, 42567.7,  2.787, 83.423,0.012342,359.7, 16.934,4.67e-01, 17.5, 4.6,830
6766,145617,07042019,08032021 235021,   1, 42466.4,  3.510,317.993,0.199835,358.6, 44.527,7.43e+00, 16.6, 0.1, 12
6767,145618,09082019,08032021 090920,  86, 42563.7,  3.859,286.185,0.026861,359.5,137.069,1.25e-01, 17.5, 2.6,435
6768,145621,12102020,09032021 054413,  80, 42554.0,  3.301,295.142,0.034178,359.2,171.979,3.57e+00, 16.8,26.5, - 
6769,145700,23101995,09032021 000656,   1, 42575.5, 12.021,321.535,0.001420,359.6,238.714,1.08e-02, 12.7, 0.1,  1
6770,145701,15032008,08032021 103549,   2, 42577.2, 14.290,355.372,0.000446,359.5, 37.266,1.29e-02, 12.8, 0.1,  1
6771,145702,09032008,09032021 105315,  92, 42590.1, 11.892,319.959,0.010068,359.6, 78.730,2.25e-02, 17.7, 0.6, 56
6772,145703,11092016,09032021 042741, 556, 42524.9,  0.472,219.736,0.072292,  9.3,218.764,5.91e+00, 17.4,67.7, - 
6773,145704,27052017,08032021 103103,  45, 42554.6,  4.600, 70.790,0.161552,359.5,166.595,2.39e-01, 17.4, 2.0,143
6774,145705,05032018,09032021 161802,   2, 42541.7,  3.264,289.720,0.023344,359.3,108.379,2.95e+00, 15.7, 0.4, 63
6775,145706,08032018,09032021 112924,1091, 42579.8, 10.374,309.405,0.011588,359.6,164.270,1.21e-02, 18.5,25.7, 89
6776,145707,02082018,08032021 110808, 924, 42554.8, 11.519, 36.928,0.224461,359.5,198.730,6.58e+00, 15.0, -  , - 
6777,145708,14092018,08032021 183757, 324, 42522.5,  6.153, 72.376,0.076030,359.7,234.008,4.33e+00, 17.5, -  , - 
6778,145709,06122018,09032021 010635, 724, 42577.7,  8.853,298.244,0.045036,359.6,137.047,1.71e+00, 18.3,16.3, - 
6779,145713,15012020,09032021 131327,  47, 42562.6,  0.302,128.750,0.050676, 18.9,282.776,6.28e+00, 16.8, 5.5, - 
6780,145800,26071995,08032021 061837,   1, 42596.5, 10.919, 19.788,0.000738,359.4,354.340,1.43e-02, 12.8, 0.1,  1
6781,145801,25041998,09032021 144931,   1, 42600.3, 11.469,315.189,0.000475,359.6,249.029,1.13e-02, 13.4, 0.1,  1
6782,145802,04012008,08032021 052911,   2, 42817.5, 15.760,  2.738,0.032001,359.6,249.355,2.07e+00, 13.3, 0.6, 76
6783,145803,22102016,08032021 085356,1057, 42020.1, 12.762, 35.870,0.697879,359.6,346.754,2.07e+01, 16.4, -  , - 
6784,145805,15112017,09032021 085324, 819, 42594.7,  9.846,330.813,0.053187,359.4,143.076,1.60e-01, 16.7,23.3, - 
6785,145807,13102018,08032021 082219, 685, 42284.7, 22.108, 62.143,0.589911,359.9,310.901,2.59e+01, 16.4,81.2, - 
6786,145808,30072019,09032021 052454,  45, 42595.2, 13.810,346.155,0.117006,359.5,256.503,8.24e+00, 11.6,23.6, - 
6787,145810,28042020,08032021 175043, 311, 42600.1,  2.352, 87.157,0.074676,359.8,343.870,8.05e+00, 17.7,13.2, - 
6788,145900,19081995,09032021 175620,   0, 42619.7, 13.521,331.720,0.000314,359.6,219.990,9.64e-03, 12.7, 0.1,  1
6789,145901,05092005,09032021 053901,   1, 42632.2,  9.575,302.651,0.012635,359.6,221.167,1.07e-01, 15.6, 0.1,  3
6790,145902,22102008,08032021 231211,  20, 42622.9, 15.657,  4.181,0.008352,359.6,164.447,5.54e-02, 15.3, 0.3, 40
6791,145903,17122011,08032021 190115,  16, 42631.1, 12.422,318.391,0.001858,359.6, 68.455,3.40e-01, 17.2, 1.1, 77
6792,145905,24032019,08032021 225643, 442, 27067.4, 24.751, 46.068,0.507348,359.8,259.025,1.54e-01, 17.5, 9.9, - 
6793,145906,25012012,09032021 014142,   3, 42614.1,  6.913,278.691,0.178384,359.9, 22.100,2.61e+00, 16.7, 0.1, 20
6794,145907,12122011,08032021 072709,   1, 42658.0,  1.761,273.095,0.048807,359.8,147.663,5.67e+00, 16.2, 0.1,  9
6795,145909,07122015,08032021 235611,  15, 42544.3,  9.847,346.082,0.101376,359.3, 46.647,6.86e+00, 16.8, 1.0,107
6796,145910,20082015,08032021 230827, 110, 42604.7,  5.986,341.335,0.160763,359.0,339.015,4.29e+00, 17.4, 5.3,761
6797,145911,11082016,08032021 185007,1600, 42506.0,  7.785,353.414,0.340684,359.1,319.465,9.49e+00, 17.6, -  , - 
6798,145912,21082008,08032021 212134,  16, 42620.4,  4.774,313.012,0.024128,359.1,  1.824,1.93e-01, 15.1, 0.3, 52
6799,145913,18012018,08032021 140831,1142, 42868.3, 38.450,  0.475,0.199486,359.8, 11.723,3.48e+01, 17.5, -  , - 
6800,145914,09042018,08032021 192524, 679, 42585.4,  2.376,300.778,0.023872,358.6,358.234,3.99e+00, 16.6, -  , - 
6801,145915,12042018,08032021 133433,  23, 42618.1,  3.874,282.380,0.027265,359.6,185.795,1.47e-01, 14.8, 1.1, 88
6802,145916,19062018,08032021 192324, 922, 42618.3, 15.993,  3.137,0.073723,359.6,348.736,2.78e+00, 17.1, -  , - 
6803,146000,16021999,08032021 221432,   1, 42637.6, 14.715,350.983,0.001152,359.5,221.535,1.18e-02, 12.7, 0.1,  1
6804,146002,25082017,09032021 003259, 439, 42640.4, 12.410,318.505,0.013602,359.6, 66.153,3.60e-01, 17.7, 8.3, - 
6805,146004,20032018,08032021 070448, 711, 42631.9,  9.083,300.317,0.041707,359.6,316.061,1.58e+00, 18.1,38.6, - 
6806,146006,31032019,09032021 071029, 703, 42623.8,  7.496, 57.996,0.104477,359.5,  1.928,9.09e+00, 18.3,35.7, - 
6807,146007,30042019,09032021 060704, 117, 42640.7,  3.322,288.502,0.015534,359.4,121.014,2.80e+00, 17.9, 2.9,522
6808,146008,05122019,09032021 025259, 373, 42655.8, 18.740, 67.092,0.011286,359.9,234.202,3.73e+00, 16.8, -  , - 
6809,146010,24022020,09032021 050547,   1, 42515.1, 27.411, 43.889,0.458734,359.8,336.964,3.16e+01, 14.7, 0.5, 64
6810,146011,21092020,09032021 010139, 116, 42611.8, 18.125,315.401,0.272871,359.7, 70.909,1.30e+01, 17.6,12.0, - 
6811,146101,05012008,09032021 155208,   2, 42578.0, 17.106, 45.075,0.045826,359.7,302.665,1.10e+01, 16.0, 0.1, 20
6812,146102,11122012,09032021 075309,  14, 42849.4, 15.068, 36.280,0.219185,359.6,342.989,9.48e+00, 16.3, 2.3,416
6813,146104,20102009,09032021 025345,2950, 42670.7, 17.690, 45.431,0.230048,359.7,268.328,1.12e+01, 16.0, -  , - 
6814,146105,01082017,09032021 100036, 860, 42658.9,  4.764, 75.644,0.018715,359.6, 44.957,7.07e-01, 17.1,90.7, - 
6815,146106,09032018,09032021 072710,1091, 42652.4,  8.917,299.273,0.025536,359.6, 53.478,1.98e+00, 18.4,34.0, - 
6816,146107,04112018,09032021 081622, 845, 42664.2,  3.636,288.924,0.025822,359.4,176.310,1.50e-01, 18.8, 1.5,225
6817,146108,14072019,09032021 090929, 383, 42656.9, 17.750, 67.060,0.015954,359.8, 23.275,3.12e-02, 17.1, 7.6,784
6818,146200,05012008,08032021 202206,   5, 42683.2, 12.219,319.783,0.017907,359.6, 30.840,1.76e-02, 14.8, 0.4, 24
6819,146201,07092011,08032021 175336,3205, 42659.7,  7.411,345.137,0.279647,359.1, 47.626,1.05e+01, 15.8, -  , - 
6820,146202,12102009,09032021 080558,   1, 42685.2, 12.131,320.288,0.014307,359.6, 90.761,3.29e-02, 16.6, 0.3, 15
6821,146203,10092012,09032021 011540,1769, 43057.3,  7.489, 75.423,0.221192,359.8,295.742,7.58e+00, 15.9, -  , - 
6822,146204,25112016,08032021 195655, 517, 42673.4, 10.083,303.733,0.005073,359.6,178.466,5.74e-02, 17.6, 7.8,987
6823,146205,07082019,08032021 222659,  54, 42664.6,  6.799, 66.370,0.123006,359.6,306.695,2.54e+00, 16.9,40.5, - 
6824,146300,07081993,08032021 181251,   1, 42703.1, 13.777,351.168,0.001951,359.5,235.279,1.02e-02, 13.0, 0.1,  1
6825,146301,12081991,09032021 135222,   0, 42698.2, 15.137,358.579,0.001060,359.6, 35.793,1.27e-02, 12.9, 0.1,  1
6826,146302,16032010,08032021 065058,  34, 42694.4,  3.182,336.573,0.064431,358.1,336.014,1.58e+00, 16.7, 1.7,157
6827,146303,01112010,08032021 150714,   3, 42696.8, 10.702,310.180,0.011897,359.6,151.550,1.24e-01, 16.7, 0.1, 14
6828,146304,20082014,08032021 233652,  18, 42693.9, 11.578, 36.661,0.060007,359.5, 70.158,2.59e+00, 16.3, 0.6, 94
6829,146305,18082014,08032021 163944,1468, 42645.7,  5.426, 28.231,0.190634,358.9,312.487,1.23e+01, 16.3, -  , - 
6830,146307,16122017,09032021 124111,1177, 42692.4,  6.374,294.256,0.091634,359.6,145.085,3.46e+00, 17.8, -  , - 
6831,146308,10042018,09032021 072055,   1, 42702.0, 15.191,357.859,0.007863,359.6, 30.563,7.20e-01, 16.9, 0.2, 17
6832,146309,26042019,08032021 205621,   7, 42707.5,  2.855, 83.127,0.027997,359.7, 10.062,8.79e-01, 14.0, 0.5, 81
6833,146400,30042006,08032021 175848,  21, 42723.8, 10.660,309.953,0.015876,359.6,119.181,3.79e-01, 16.8, 0.4, 74
6834,146401,27112006,08032021 084605,  58, 42719.7, 12.382,320.296,0.024035,359.6, 37.816,1.46e-01, 17.0, 1.7,253
6835,146402,17082009,09032021 081837,   3, 42769.2,  3.464,  2.633,0.110508,358.1,317.574,2.70e+00, 16.9, 0.1, 18
6836,146403,08072005,08032021 233111,  33, 42672.0, 11.333,322.849,0.041034,359.5, 60.328,1.27e+00, 16.6, 4.3,773
6837,146406,24012014,08032021 091311,   1, 42716.5,  9.956, 46.274,0.000718,359.5, 45.946,1.26e-02, 14.2, 0.1,  1
6838,146407,12032018,09032021 153930, 902, 42715.3, 13.016,314.378,0.084375,359.6, 65.489,2.25e+00, 18.0,23.9, - 
6839,146408,14122018,09032021 080923,  43, 42716.4,  3.646,288.770,0.026199,359.4,174.268,1.12e-01, 17.6, 1.5,187
6840,146409,01022019,08032021 120831, 707, 42712.0,  8.766, 48.922,0.026392,359.5, 13.099,1.02e+00, 17.8,40.5, - 
6841,146410,21092019,08032021 160635,   0, 42705.5, 18.617, 65.570,0.076297,359.8,256.244,5.59e+00, 15.2, 0.1,  6
6842,146411,23102019,09032021 050555,  48, 42733.9,  2.164,128.328,0.216301,  2.0,226.983,8.34e+00, 17.1,16.5, - 
6843,146412,22112019,08032021 223628,  49, 42706.9,  2.794, 82.155,0.016117,359.6,319.297,6.55e-01, 17.1, 1.3,125
6844,146413,02032020,09032021 084408, 259, 42665.5,  9.689,359.174,0.196045,359.3,295.229,9.90e+00, 17.3,58.3, - 
6845,146414,12102020,09032021 105613, 142, 42712.8,  0.904, 98.021,0.410100,  1.1,  5.574,5.75e-01, 17.3, 1.3,223
6846,146415,22102020,08032021 201346, 137, 42703.2,  6.769,266.025,0.096436,  0.1,169.589,4.59e+00, 17.7, -  , - 
6847,146416,23112020,08032021 171553, 103, 42761.8,  1.914, 49.168,0.533105,357.6,266.439,3.19e+01, 16.7, -  , - 
6848,146500,28012011,08032021 220848,  12, 42884.3,  6.503,290.010,0.030442,359.7, 32.059,4.40e+00, 16.3, 0.7,111
6849,146502,03102016,09032021 144458,  12, 42533.1,  1.049,229.955,0.177852,  3.8, 60.265,7.55e+00, 17.1, 1.3,181
6850,146503,15032018,08032021 060127,1086, 42747.1, 10.731,310.559,0.015087,359.6,157.314,5.68e-02, 18.6,10.1, - 
6851,146504,09042018,08032021 143721,1025, 42725.4,  4.556, 82.259,0.213150,359.8,  1.325,5.70e+00, 15.8, -  , - 
6852,146505,03022019,09032021 004553,  15, 43095.9, 16.106, 15.528,0.529141,359.6,293.813,9.32e+00, 17.2, 3.5,621
6853,146600,11051999,09032021 112753,   0, 42763.1,  9.297, 29.165,0.001580,359.4,326.662,1.88e-02, 12.6, 0.1,  1
6854,146601,29122005,09032021 130919,   0, 42769.8,  4.576,292.822,0.002035,359.5,340.574,1.40e-02, 12.9, 0.1,  1
6855,146602,10091986,09032021 054455,   1, 42762.0, 13.021,325.634,0.000146,359.6, 14.927,9.21e-03, 13.2, 0.1,  1
6856,146603,12092013,09032021 110405,   3, 42750.9, 12.455,319.931,0.015050,359.6, 70.441,2.86e-02, 16.8, 0.2, 13
6857,146604,04112015,08032021 193222,1052, 42761.9,  5.148,358.894,0.181960,358.7, 86.928,7.98e+00, 17.5, -  , - 
6858,146605,02092016,08032021 233547,1117, 42527.6, 25.379, 30.707,0.575012,359.8,334.324,2.43e+01, 17.5, -  , - 
6859,146607,19062018,08032021 203242, 937, 42745.3, 15.811,  3.185,0.083815,359.6,303.116,8.26e-01, 17.1, -  , - 
6860,146608,13102020,09032021 024108, 143, 42693.1,  4.860,310.874,0.243281,359.1,344.191,1.07e+01, 16.6, -  , - 
6861,146700,15022007,09032021 040147,  81, 42809.1,  6.679,271.094,0.159729,360.0,123.505,5.79e+00, 17.1,17.1, - 
6862,146701,19072015,09032021 010924, 922, 42579.1,  4.717,317.396,0.274029,359.0,291.473,1.11e+01, 16.3, -  , - 
6863,146702,05082016,09032021 164845,  17, 42777.3,  4.495,292.341,0.018635,359.5,110.129,5.68e-01, 17.7, 1.1, 48
6864,146703,17122017,09032021 003042, 961, 42775.7,  4.569,292.776,0.005599,359.5, 48.829,4.59e-01, 18.2, -  , - 
6865,146704,23032018,09032021 005515, 765, 42788.8,  3.340,291.056,0.039652,359.3, 27.221,2.49e+00, 18.1,91.7, - 
6866,146705,23032018,09032021 163337,   0, 42780.0,  3.695,287.137,0.019032,359.5,167.573,8.32e-02, 16.4, 0.3, 19
6867,146706,01082019,08032021 182909, 387, 42769.7, 16.022,  3.682,0.083716,359.6, 19.031,1.46e+00, 16.5,30.9, - 
6868,146800,11022011,09032021 044140, 874, 42867.7, 12.688, 55.862,0.121391,359.7,266.173,4.36e+00, 17.4,61.2, - 
6869,146801,03032011,09032021 181544,  16, 42785.0, 10.268,304.313,0.044687,359.6, 13.531,1.25e+00, 16.8, 0.1, 24
6870,146802,16112011,08032021 223137,  12, 42816.0, 11.660,314.608,0.156558,359.6, 43.092,4.90e+00, 16.2, 0.8, 67
6871,146804,19022014,09032021 055439,1403, 42893.1, 13.781,333.273,0.351149,359.6, 68.404,9.91e+00, 15.7, -  , - 
6872,146806,30102014,09032021 012624,  13, 42834.0, 10.824,309.834,0.119760,359.6, 21.250,3.95e+00, 16.9, 1.2,198
6873,146807,02042013,08032021 220331, 559, 42798.9, 13.366, 23.862,0.020758,359.5,273.861,4.12e-01, 17.0,15.1, - 
6874,146808,16022017,08032021 080432, 285, 42971.4,  5.781,305.803,0.015615,359.3, 47.567,7.00e+00, 17.1,39.1, - 
6875,146809,28022017,08032021 224825,1384, 42610.1,  5.013, 59.132,0.573990,359.3,321.960,3.76e+01, 16.3, -  , - 
6876,146810,29082019,08032021 102930, 555, 42910.8, 12.755,  2.592,0.125213,359.5,114.537,1.20e+01, 17.4, -  , - 
6877,146811,23032020,09032021 101022,  22, 42834.2,  5.033, 70.977,0.324975,359.6,183.907,7.42e+00, 13.0, 2.4,408
6878,146901,04042016,08032021 221559,  20, 42809.8, 14.758,347.890,0.004509,359.6, 32.313,3.70e-01, 17.4, 0.5, 37
6879,146902,16032018,08032021 235416, 208, 42515.9,  4.093,102.708,0.435222,  0.4,227.921,8.77e+00, 17.8, -  , - 
6880,146903,04042019,09032021 074508, 702, 42821.3,  8.755, 47.855,0.252449,359.5, 29.036,9.84e+00, 18.0,33.4, - 
6881,147000,19082007,09032021 143442,   1, 42835.8, 15.994,  4.078,0.013539,359.6,293.966,1.10e+00, 15.7, 0.1,  7
6882,147001,26102011,09032021 041434,  64, 42806.8, 12.736,324.921,0.058743,359.6,316.805,9.13e-01, 16.3,15.1, - 
6883,147002,16042013,09032021 083247,1434, 42962.0,  3.370,322.111,0.107795,358.5,111.301,3.36e+00, 15.3, -  , - 
6884,147003,07102015,08032021 213233,   6, 42549.2, 13.233, 29.597,0.040790,359.6,358.106,2.96e+00, 15.4, 1.8,282
6885,147004,03072016,09032021 105237, 870, 42527.7,  9.586, 68.448,0.128743,359.7,337.361,6.97e+00, 16.9, -  , - 
6886,147005,12012018,09032021 031905, 820, 42796.0, 25.450,349.765,0.349295,359.7,338.323,1.56e+01, 17.2,86.2, - 
6887,147006,25032018,08032021 185739,1076, 42783.9, 22.051,  0.102,0.085302,359.7,302.895,1.18e+01, 17.5,59.6, - 
6888,147007,25082018,09032021 064920,   7, 42829.5, 15.543,  1.755,0.011487,359.6,333.981,4.13e-01, 16.6, 0.5, 77
6889,147008,14022020,09032021 010002, 334, 42822.1, 17.087, 60.590,0.044884,359.8,197.718,4.14e+00, 15.8, -  , - 
6890,147009,04032021,09032021 102557,   0, 42834.3, 12.678,309.856,0.060593,359.7,186.752,1.87e+00, 15.5, 0.5, 92
6891,147100,26012001,09032021 041055,   1, 42865.0, 14.488,347.704,0.001671,359.5,130.460,1.21e-02, 12.5, 0.1,  1
6892,147101,23082006,09032021 070344, 113, 42829.6, 15.581, 20.289,0.013827,359.6,344.744,3.41e+00, 17.2,95.7, - 
6893,147102,02042013,08032021 213632,2855, 42801.3,  6.566,249.796,0.541389,  0.3,144.673,2.68e+01, 16.5, -  , - 
6894,147103,08082013,09032021 025847, 223, 42385.7, 28.087,321.673,0.539964,359.8,342.545,2.45e+01, 16.5,24.6, - 
6895,147104,01082014,08032021 211511,2363, 42977.4, 22.971,350.280,0.741647,359.7, 23.509,2.00e+01, 16.9, -  , - 
6896,147105,14082017,09032021 043100,1223, 42865.6, 19.839, 57.338,0.272914,359.8,262.424,9.56e+00, 13.4, -  , - 
6897,147106,25032018,08032021 185826,1075, 42826.9,  2.215,302.361,0.005026,358.5,136.866,5.49e+00, 17.7, -  , - 
6898,147107,16012020,09032021 055939, 375, 42855.7, 19.787, 65.051,0.192391,359.9,188.741,6.02e+00, 17.1, -  , - 
6899,147109,25042020,08032021 142245, 314, 42712.3,  7.105,226.774,0.620573,  0.6,255.848,1.11e+01, 16.3, -  , - 
6900,147200,14092009,09032021 101531,  16, 42863.0, 12.210,310.692,0.099818,359.6,194.046,1.02e+00, 16.1, 3.3,508
6901,147201,09042008,08032021 200319,  16, 42878.3, 14.982,350.511,0.010516,359.6, 94.001,5.51e-01, 17.0, 0.2, 14
6902,147202,16122011,09032021 013850, 702, 42551.9,  4.232,314.908,0.209667,358.9, 60.805,7.45e+00, 16.7,62.1, - 
6903,147204,16122015,08032021 165206, 130, 42875.5, 14.023,339.312,0.014641,359.6, 54.161,3.89e-01, 17.1, 2.9,503
6904,147205,03082016,08032021 185056, 316, 43108.5,  1.640,327.140,0.029581,356.7,141.570,5.53e+00, 17.5, -  , - 
6905,147206,27012017,09032021 174558, 373, 42880.0, 15.008,345.550,0.004259,359.6, 48.703,3.55e-01, 17.8, 4.5,591
6906,147208,28042017,08032021 181419,1287, 42851.4,  7.165, 94.857,0.211158,  0.1,261.169,8.74e+00, 17.8, -  , - 
6907,147209,24032018,09032021 050931,   2, 42873.7,  3.467,296.229,0.019551,359.2,145.149,1.71e-01, 16.3, 0.1,  8
6908,147210,05082018,08032021 224700, 890, 42795.3,  8.569, 68.618,0.489231,359.7,206.992,1.53e+01, 15.1, -  , - 
6909,147211,03062019,09032021 055638,  90, 42866.3, 17.859, 67.804,0.016669,359.9, 34.588,1.14e-01, 15.8, 6.7,530
6910,147214,12112020,08032021 061713,   2, 42827.3,  5.639, 19.301,0.164582,358.9, 54.811,7.52e+00, 17.4, 0.9,164
6911,147301,10032016,09032021 051730, 260, 42907.4, 12.987,327.315,0.017362,359.6,103.727,5.39e-01, 17.6, 5.5,955
6912,147304,29012020,09032021 050955, 401, 42839.8, 14.558,338.505,0.104812,359.6, 98.168,1.60e+01, 16.1, -  , - 
6913,147305,13042020,09032021 022457, 326, 42909.9,  2.930,348.351,0.354763,357.8,113.225,3.10e+00, 16.6, -  , - 
6914,147306,21092020,09032021 075440, 164, 42845.3,  9.095,250.243,0.265737,  0.2, 91.889,2.85e+00, 17.8,61.0, - 
6915,147401,09102011,08032021 222822,2177, 42926.2, 15.102, 23.918,0.030346,359.6,175.747,4.48e+00, 17.7, -  , - 
6916,147403,28112016,08032021 223510, 457, 42868.6, 12.752,316.378,0.138633,359.6, 28.282,5.19e+00, 17.2, -  , - 
6917,147404,15092017,08032021 101243,  74, 42904.0, 11.594,313.712,0.042376,359.6, 25.912,4.07e-01, 17.6, 1.8,171
6918,147405,07052016,09032021 053004,1241, 42924.1,  5.539, 82.437,0.075706,359.8,209.469,4.90e+00, 17.9,27.7, - 
6919,147406,18022018,09032021 100911,1112, 42822.5,  8.862, 47.983,0.253472,359.5, 28.662,9.95e+00, 17.7,90.7, - 
6920,147407,25082018,08032021 140027, 155, 42891.9,  3.373, 78.280,0.036192,359.6, 24.445,2.97e-01, 16.8,11.9, - 
6921,147500,11052017,08032021 091228,1233, 42894.8, 21.818, 56.883,0.373339,359.8,298.644,5.25e+00, 16.4, -  , - 
6922,147501,21122017,08032021 211859,1171, 42307.5, 24.082,359.245,0.565293,359.7,335.935,1.69e+01, 17.2, -  , - 
6923,147502,22082019,08032021 042446, 515, 42770.4, 22.917, 62.918,0.533604,359.9,279.808,3.35e+01, 15.7, -  , - 
6924,147503,28012020,08032021 221254, 355, 42792.2, 21.702,358.927,0.430932,359.7,  7.544,1.74e+01, 17.3,30.2, - 
6925,147504,16102020,09032021 024809, 141, 42892.7,  1.704,308.747,0.224935,357.7, 94.371,9.02e+00, 18.5, -  , - 
6926,147600,07031977,08032021 093710,   1, 42952.2,  9.419,304.153,0.008318,359.6,352.428,1.41e-02, 12.8, 0.1,  1
6927,147601,20102016,09032021 105315, 802, 42791.9, 19.726, 67.687,0.496003,359.9,277.426,3.25e+01, 15.6, -  , - 
6928,147602,15092017,08032021 233554, 201, 42971.8, 13.297,328.483,0.017669,359.6,317.005,9.86e-01, 18.3,16.3, - 
6929,147603,19122017,09032021 074035, 577, 42940.9,  9.884, 75.004,0.166062,359.8,243.672,6.39e+00, 16.7,87.2, - 
6930,147604,16012018,09032021 040218,1147, 42953.0,  3.070, 94.379,0.108955,  0.2,271.432,6.27e-01, 12.0,17.3,605
6931,147605,18032018,08032021 194951, 260, 42920.2,  4.147, 56.705,0.019265,359.1,324.082,1.17e+01, 17.0,46.6, - 
6932,147606,20032018,08032021 160700, 146, 42767.1,  2.095,307.318,0.233803,358.2, 83.496,5.59e+00, 17.3,92.9, - 
6933,147607,29112019,08032021 133748,  49, 42896.2,  5.711,346.234,0.199098,358.9, 17.990,6.25e+00, 16.8, 9.2, - 
6934,147608,03022020,09032021 091840, 247, 42917.2,  1.500,343.576,0.010675,355.8,271.187,8.15e+00, 18.2,49.6, - 
6935,147700,14022007,08032021 104829,   2, 42974.8, 12.002,311.963,0.027251,359.6,147.490,4.61e-01, 15.1, 0.1, 18
6936,147701,20072010,09032021 015034, 912, 42909.2, 28.173, 17.348,0.224596,359.8,311.136,1.65e+01, 15.8, -  , - 
6937,147702,30032011,08032021 181204, 679, 42981.1, 11.777,312.819,0.021974,359.6,272.367,5.03e-01, 18.2,35.9, - 
6938,147703,06122016,09032021 085915,1345, 42883.5, 12.789,320.301,0.034358,359.6, 10.541,2.23e-01, 17.3,64.7, - 
6939,147704,15082018,09032021 153520, 733, 42963.9,  3.442,296.964,0.017291,359.2,129.075,6.00e-02, 18.0,27.7, - 
6940,147800,14102007,08032021 202927, 131, 42885.5, 12.978,334.944,0.327309,359.5,213.604,4.54e-01, 17.3, 5.5,463
6941,147801,09102015,08032021 200007,   4, 43062.0, 11.689,325.162,0.060149,359.5, 29.208,1.24e+00, 17.0, 0.5, 99
6942,147802,06112016,08032021 192301, 341, 43196.6, 26.239, 12.537,0.374575,359.7,  2.538,1.14e+01, 16.4,60.9, - 
6943,147803,18112016,09032021 062213,1454, 43252.2, 37.800, 18.611,0.283387,359.8,300.333,4.49e+01, 16.3, -  , - 
6944,147804,09032018,08032021 193337,1011, 42998.7,  2.218,321.210,0.053691,357.7,202.337,3.45e+00, 16.1, -  , - 
6945,147805,13092018,08032021 232813, 313, 42974.0, 29.078, 12.627,0.243209,359.8,322.629,1.68e+01, 15.7, -  , - 
6946,147806,05022019,09032021 052153, 755, 42980.5, 15.407,333.424,0.141551,359.6,307.361,2.43e+00, 17.1, -  , - 
6947,147807,07082019,08032021 071533, 199, 43004.6,  2.885,355.387,0.083578,357.7,181.843,3.35e+00, 16.3,48.4, - 
6948,147900,03022006,09032021 085001,   1, 43010.6, 11.766,323.946,0.094113,359.5, 90.693,1.05e+00, 16.1, 0.1, 16
6949,147901,14102004,08032021 114248,   0, 42934.1, 16.018,  6.584,0.021441,359.6,298.649,6.72e-01, 15.5, 0.1, 21
6950,147902,17012013,08032021 200331,   0, 43011.1, 29.665,  1.989,0.320884,359.8,350.720,1.98e+01, 12.9, 0.1, 11
6951,147903,24082015,08032021 224049,1771, 43146.9, 35.963, 26.093,0.333153,359.8,287.191,4.20e+01, 16.9, -  , - 
6952,147905,14032018,08032021 054401,   3, 43248.7,  3.602,290.135,0.012061,359.4,137.222,5.32e-02, 17.5, 0.1, 10
6953,147907,12102020,08032021 134553, 144, 43016.4,  3.651,288.438,0.016064,359.4,142.551,3.92e-01, 17.8,18.0, - 
6954,148001,19112016,08032021 075127, 726, 43027.8, 12.781,322.187,0.034836,359.6, 32.587,2.59e-01, 18.1, 6.3,872
6955,148100,24082009,09032021 090424, 148, 43486.0, 24.022,356.913,0.397357,359.7, 57.909,2.80e+01, 17.6,29.1, - 
6956,148102,21072017,09032021 145041,  18, 43032.2,  3.071, 77.773,0.015940,359.5,238.468,3.63e-01, 14.9, 0.7,119
6957,148103,18092017,09032021 055015, 324, 43338.4,  1.203, 55.886,0.106563,356.6,227.470,9.16e+00, 17.5,15.9, - 
6958,148104,21022018,08032021 222034,1109, 43006.6,  4.151, 45.599,0.090251,358.8,213.642,9.86e+00, 18.1,61.6, - 
6959,148105,16032018,09032021 134945,   2, 43041.8,  3.597,290.301,0.014678,359.4,162.262,7.05e-03, 16.2, 0.1,  6
6960,148106,08012019,09032021 033558, 194, 43024.0,  8.223,323.383,0.315962,359.4, 79.951,6.37e+00, 17.6,19.8, - 
6961,148107,24032020,09032021 094839, 329, 43038.4,  3.050, 29.558,0.077577,358.1,229.287,9.40e+00, 17.7, -  , - 
6962,148108,24012021,08032021 100737,  16, 43046.2,  8.700,191.749,0.357917,  0.8,265.264,1.46e+01, 16.7, 1.3,193
6963,148201,15032018,08032021 133543,   2, 43069.1,  3.665,288.128,0.013667,359.5,149.169,2.20e-02, 16.3, 0.1,  7
6964,148202,03062019,08032021 210500,   2, 43069.6, 17.531, 65.913,0.018325,359.8, 74.888,1.94e-02, 16.5, 0.3, 19
6965,148300,23112006,08032021 225557,  10, 43042.4,  4.478,327.600,0.187153,358.8,344.364,1.84e+00, 15.6, 2.9,512
6966,148301,01082008,08032021 175753,   0, 43358.7,  4.520,  4.468,0.077687,358.5,338.118,5.19e+00, 14.3, 0.2, 38
6967,148302,21092015,08032021 131806,1063, 43304.5, 13.125,300.040,0.086758,359.7, 90.825,5.66e+00, 17.3,93.3, - 
6968,148303,06122012,08032021 161717, 982, 42959.2,  5.368,353.060,0.240593,358.8,345.660,6.52e+00, 17.0, -  , - 
6969,148304,15032018,09032021 033854, 371, 43084.9,  3.469,295.610,0.016487,359.2,108.337,1.75e-02, 17.5, 2.3,398
6970,148305,14012019,09032021 132507,   0, 43047.0,  9.825,261.948,0.287579,  0.1,111.754,1.43e+01, 16.5, 0.2, 19
6971,148306,23032020,09032021 030316, 300, 43065.2, 18.581, 69.556,0.013442,359.9,315.255,5.61e+00, 13.4,95.1, - 
6972,148307,04122020,09032021 020115,   1, 43083.2,  1.028,296.248,0.248972,357.4,  2.824,8.13e+00, 15.3, 0.1,  9
6973,148400,05072016,09032021 121438,   1, 43733.7,  8.682, 73.787,0.225249,359.8,293.302,7.67e+00, 15.8, 0.1, 23
6974,148401,14032018,08032021 214529, 113, 43032.2,  1.111,295.057,0.241302,357.7,  3.368,4.93e+00, 15.2,74.7, - 
6975,148402,15032018,09032021 033004, 145, 43112.7,  3.432,297.737,0.018049,359.1,198.350,2.25e-02, 17.6, 2.4,301
6976,148403,05052018,08032021 212358, 141, 43102.5,  3.685,287.213,0.013036,359.5,148.738,5.96e-02, 19.0, 0.1,  9
6977,148406,29032019,08032021 191156, 684, 43084.4, 15.946,346.567,0.386485,359.6, 31.993,1.03e+01, 17.1, -  , - 
6978,148407,25092019,08032021 211426, 529, 43233.7,  6.939,198.190,0.291466,  0.9,219.702,1.69e+01, 17.6,97.7, - 
6979,148500,22072015,08032021 213446,1155, 43174.7,  6.867, 91.819,0.409955,  0.0,  2.891,1.39e+01, 17.3, -  , - 
6980,148501,20102017,09032021 004757,1066, 42983.8, 14.163,342.320,0.343088,359.5, 37.974,9.29e+00, 15.5, -  , - 
6981,148502,15032018,09032021 050002, 287, 43117.1,  2.020,321.328,0.195832,357.5,151.037,5.72e+00, 14.7, -  , - 
6982,148503,17032018,09032021 034341, 726, 43141.2,  3.612,298.681,0.030589,359.1,303.716,3.62e-02, 18.0, -  , - 
6983,148504,19042018,08032021 163852,1052, 43016.6,  2.225, 44.558,0.037130,357.8,229.689,8.21e+00, 18.2, -  , - 
6984,148505,23042018,09032021 011615, 762, 30509.9, 25.123,328.169,0.674658,359.8, 24.665,2.57e+01, 17.4, -  , - 
6985,148506,12022019,09032021 180447,   1, 43205.5,  2.342,349.862,0.173925,357.2,325.632,6.83e+00, 15.0, 0.9,143
6986,148507,27072019,08032021 231546,  71, 43131.5,  3.443,296.721,0.012052,359.2,171.505,5.36e-02, 17.6, 0.8,144
6987,148508,26022020,08032021 204634, 373, 43111.2, 20.247, 74.653,0.055178,359.9,326.123,5.50e+00, 17.3, -  , - 
6988,148600,27112014,09032021 042233, 299, 43280.6, 32.595, 21.305,0.057707,359.8, 33.059,1.74e+00, 15.7,20.5, - 
6989,148602,20032015,09032021 043550, 302, 43187.7,  5.567,359.701,0.145524,358.8,288.331,3.55e+00, 17.2,41.5, - 
6990,148603,22022018,09032021 115716,1110, 43152.7,  9.518,306.863,0.016748,359.6,170.963,2.82e+00, 18.7,14.4, - 
6991,148605,14022020,08032021 173601, 264, 43159.8, 18.217, 66.682,0.025567,359.9,129.762,4.08e+00, 16.1,81.9, - 
6992,148700,03092010,09032021 153424, 445, 43174.8, 13.320,322.351,0.023033,359.6, 38.176,5.94e-02, 17.7, 9.4, - 
6993,148701,13032018,08032021 161846, 918, 43162.4,  7.712, 70.728,0.238894,359.7,246.927,4.27e+00, 17.2, -  , - 
6994,148702,13032018,09032021 065810,   1, 43166.3,  3.581,290.835,0.008313,359.4,191.185,1.17e-01, 14.8, 0.1,  4
6995,148703,24072018,09032021 024258, 896, 43042.9,  5.591, 75.382,0.528037,359.7,238.737,3.19e+01, 16.8, -  , - 
6996,148704,10102018,09032021 084030,   4, 43181.9,  5.824,191.574,0.217759,  1.1,154.768,1.43e+01, 15.4, 6.0,751
6997,148705,05052019,09032021 041643, 638, 43151.2,  9.145, 68.090,0.221677,359.7,224.266,5.05e+00, 15.9, -  , - 
6998,148709,01042020,08032021 172643, 340, 43090.7,  7.719, 59.816,0.127623,359.6, 73.581,3.26e+01, 17.7, -  , - 
6999,148800,13032018,09032021 181423,   1, 43180.5,  3.338,292.556,0.022295,359.3, 87.274,2.53e+00, 16.8, 0.3, 45
7000,148801,18032018,09032021 072347, 577, 43130.2,  1.564,336.377,0.084402,356.2,351.195,8.01e+00, 16.1, -  , - 
7001,148802,28032018,08032021 193552,   0, 43150.8,  1.885, 33.884,0.035986,357.0,269.247,8.93e+00, 16.4, 0.1, 17
7002,148803,21032018,08032021 192803,   0, 43085.5,  1.419,345.961,0.003178,355.6,243.835,8.28e+00, 17.4, 0.1, 23
7003,148900,14022015,09032021 182419, 281, 43326.3, 14.588, 40.712,0.016527,359.6, 28.576,6.09e+00, 16.1,39.9, - 
7004,148901,15112017,09032021 095816, 199, 43182.6,  8.252,353.240,0.170324,359.2,187.913,5.89e+00, 16.8,20.7, - 
7005,148902,13032018,08032021 133350,   0, 43203.4,  3.547,292.205,0.011152,359.3,164.791,5.98e-02, 17.5, 0.3, 16
7006,149000,09092015,09032021 023419, 519, 43215.1, 12.920,324.322,0.025994,359.6, 85.903,2.15e-02, 17.6, 7.3,753
7007,149001,22082017,09032021 010433, 347, 43205.8,  9.247,296.588,0.186624,359.7, 22.270,5.80e+00, 17.4,23.3, - 
7008,149002,14032018,08032021 150847,   2, 43232.7,  3.552,291.869,0.011925,359.3,179.329,8.32e-02, 16.4, 0.1,  7
7009,149100,04032018,08032021 220951,  15, 43235.5,  2.655,299.688,0.048503,358.8,176.148,4.32e+00, 16.3, 2.2,364
7010,149201,23012017,08032021 182354, 378, 43004.2, 23.636,  5.158,0.682693,359.7, 14.045,1.99e+01, 17.0,33.7, - 
7011,149202,14032018,08032021 122706,   2, 43255.0,  3.462,295.939,0.010206,359.2,121.942,3.09e-02, 16.6, 0.1,  9
7012,149203,14032018,08032021 085015, 801, 43173.8,  1.920, 89.332,0.262142,359.9,290.551,7.56e+00, 17.5, -  , - 
7013,149204,14032018,08032021 084553, 138, 43250.7,  3.545,291.917,0.006324,359.3,140.070,2.74e-03, 17.3, 4.2,672
7014,149205,18032018,08032021 200950, 342, 43295.3,  2.549,297.220,0.011581,358.9,137.714,4.46e+00, 17.8, -  , - 
7015,149208,19082020,09032021 170302, 166, 43264.1, 12.214,325.965,0.053627,359.5, 53.203,9.97e-01, 17.5, 3.2,565
7016,149300,26042011,08032021 124942,   1, 43254.0, 16.767, 65.093,0.269951,359.8,283.423,8.52e+00, 15.6, 0.3, 52
7017,149301,03082016,08032021 080024, 153, 43147.8,  4.353,333.404,0.263976,358.7, 76.986,3.01e+00, 17.4,41.7, - 
7018,149303,18022018,08032021 180649,1109, 43163.6, 28.355,357.011,0.202365,359.8, 43.727,1.32e+01, 17.6,65.6, - 
7019,149304,29012020,08032021 182433, 301, 43381.3, 20.684, 75.212,0.201002,359.9,214.955,1.97e+01, 16.8,28.6, - 
7020,149400,12042018,09032021 060432, 754, 43220.0,  1.319,348.960,0.101801,355.1,299.275,1.02e+01, 18.8, -  , - 
7021,149401,21062018,08032021 151032,   1, 43431.9, 17.908,  4.370,0.324268,359.6, 82.307,4.55e+00, 15.5, 0.4, 77
7022,149402,24082019,09032021 053133, 517, 43281.5, 13.508,318.771,0.073876,359.6, 37.925,3.45e+00, 17.0,23.9, - 
7023,149500,15122006,08032021 075048,5165, 43351.1,  6.282,338.144,0.219442,359.0, 47.233,4.56e+00, 17.8, -  , - 
7024,149501,21092009,09032021 190856,1994, 43348.8, 10.059,324.672,0.282113,359.5, 29.268,4.79e+00, 16.9, -  , - 
7025,149502,20092011,08032021 191651, 166, 43121.1, 11.522,311.135,0.082078,359.6,170.765,2.88e+00, 15.3, -  , - 
7026,149503,22022017,08032021 155603, 320, 43121.1,  8.505,186.704,0.353045,  0.8,269.057,1.46e+01, 17.0,75.4, - 
7027,149504,02092018,09032021 075630, 916, 43807.0, 32.766,345.324,0.128715,359.8,203.562,2.78e+01, 16.6, -  , - 
7028,149505,25012020,08032021 213024, 406, 43216.0, 16.602,339.531,0.724866,359.6,335.172,3.11e+01, 17.7,58.3, - 
7029,149506,18022020,09032021 095923, 347, 43322.2,  2.395,283.409,0.089047,359.4,332.964,3.72e+00, 17.5,93.4, - 
7030,149700,08082016,08032021 230613,1062, 43349.9,  8.175, 41.987,0.070943,359.4,289.960,4.41e+00, 17.8,62.5, - 
7031,149701,13092017,09032021 044140,1068, 43373.7,  7.953,323.102,0.191342,359.3, 90.155,8.44e+00, 16.8, -  , - 
7032,149800,20012009,09032021 060246,   1, 43373.2, 13.972,322.734,0.029636,359.6, 46.859,2.60e-02, 15.9, 0.3, 19
7033,149801,09082016,09032021 123232, 581, 43379.4,  9.305, 53.153,0.349812,359.6,301.771,7.96e+00, 17.0, -  , - 
7034,149802,22072015,08032021 150412,1112, 43401.5,  7.917, 43.150,0.156556,359.4,318.499,5.40e+00, 17.5, -  , - 
7035,149803,02032017,09032021 005718,1231, 43377.2,  7.319, 41.809,0.141269,359.3,337.010,6.27e+00, 17.4, -  , - 
7036,149804,02032017,09032021 020149,  53, 43359.0,  6.653, 40.676,0.197583,359.2,337.909,3.52e+00, 17.4,12.4, - 
7037,149805,24072017,08032021 192741, 918, 43384.7, 15.072,320.255,0.041508,359.7, 28.096,2.99e-01, 17.7,46.3, - 
7038,149807,15122017,08032021 122353,1122, 43328.5, 10.757, 46.619,0.238808,359.6,322.331,8.95e+00, 17.5,50.1, - 
7039,149808,12032018,08032021 151817, 676, 43387.2,  2.263,308.804,0.098557,358.2,118.093,7.92e+00, 17.0, -  , - 
7040,149811,09022021,09032021 173359,  13, 43345.5,  3.403,293.875,0.005509,359.2, 65.761,5.79e+00, 17.4, 1.4,242
7041,149900,18012009,09032021 030024,   1, 43387.6,  6.662, 38.103,0.026968,359.2, 31.347,1.38e-02, 11.1, 0.1,  1
7042,149901,10092007,09032021 155628,3271, 43388.6, 24.178, 32.434,0.304240,359.8,316.383,1.02e+01, 16.5, -  , - 
7043,149902,10032015,09032021 212242,1039, 43366.4, 16.991,341.946,0.461969,359.6,114.855,3.61e+00, 15.5, -  , - 
7044,149903,03082016,08032021 221247, 246, 43368.4,  7.311, 42.438,0.189042,359.3,332.763,4.48e+00, 17.1,75.0, - 
7045,149904,02032017,09032021 104839,1464, 43359.5,  8.782, 44.555,0.144642,359.5,337.662,6.32e+00, 17.2,42.4, - 
7046,149905,03042017,08032021 072741,1416, 43424.3, 23.836, 67.618,0.156299,359.9,213.054,1.93e+01, 16.6, -  , - 
7047,149907,05052019,09032021 022541, 347, 43388.7,  0.911, 18.356,0.114195,352.8, 23.598,7.93e+00, 16.7, -  , - 
7048,150000,23062015,09032021 162149, 241, 43405.9,  7.597, 67.844,0.067582,359.7,236.129,4.11e+00, 17.0, 7.4, - 
7049,150001,17122015,09032021 035828,1056, 43407.9, 16.035, 54.046,0.209767,359.8, 10.725,9.14e+00, 17.2, -  , - 
7050,150002,13012018,08032021 235304,1095, 43253.3, 26.657,  7.986,0.639096,359.7,  7.428,2.55e+01, 17.3, -  , - 
7051,150003,15012019,09032021 053038, 601, 43378.6,  3.833,294.865,0.109555,359.3,113.715,9.82e+00, 17.1, -  , - 
7052,150004,27032020,09032021 100457, 319, 43394.4,  8.836, 67.854,0.124485,359.7,335.223,9.15e+00, 17.4,83.0, - 
7053,150100,08012008,09032021 052855,   1, 43444.6,  7.153, 67.563,0.023683,359.6, 87.379,3.88e-03, 11.0, 0.1,  1
7054,150101,06102005,08032021 161019,1826, 43614.2, 39.268,  5.944,0.434890,359.8, 39.870,2.50e+01, 17.6, -  , - 
7055,150102,13092010,09032021 012243,3805, 43387.1, 19.621, 41.213,0.258088,359.7,319.231,8.94e+00, 14.1, -  , - 
7056,150105,31122019,09032021 030853,  34, 43453.4, 17.408, 64.573,0.045860,359.8,121.793,2.70e+00, 15.8,12.2, - 
7057,150106,08122020,09032021 093402,   3, 43408.1,  1.750, 56.633,0.140772,357.8,331.954,9.83e+00, 16.7, 1.8,300
7058,150200,24042011,08032021 225232,2721, 43414.7, 13.123,321.478,0.302718,359.6,158.061,3.15e+00, 15.4, -  , - 
7059,150201,20082007,08032021 151231,   1, 43573.0,  8.361,275.481,0.136760,359.9,147.820,7.65e+00, 14.0, 0.6,105
7060,150203,02102019,08032021 175206, 459, 43391.1,  2.133,298.981,0.142794,358.6, 89.947,7.75e+00, 17.5, -  , - 
7061,150300,03042011,09032021 000012,1793, 43423.8, 11.787, 55.087,0.076497,359.7,219.973,5.49e+00, 17.2,97.9, - 
7062,150301,22082015,09032021 163207,1993, 43372.7,  8.696,301.633,0.468142,359.6, 80.014,3.75e+01, 16.4, -  , - 
7063,150303,13122020,09032021 000848,  82, 43419.7, 28.554, 21.092,0.306714,359.8,310.171,1.03e+01, 18.1, -  , - 
7064,150401,01122017,08032021 140910, 508, 43494.4, 12.933,317.133,0.074942,359.6, 57.175,1.09e+00, 16.2,22.9, - 
7065,150600,06102005,09032021 014642, 462, 43542.6, 12.194,312.738,0.061203,359.6,102.683,1.37e+00, 17.7,19.7, - 
7066,150602,16092017,09032021 052206,1184, 43537.8, 11.762,309.797,0.082692,359.6, 70.997,1.89e+00, 18.2,34.3, - 
7067,150603,22062019,08032021 182212, 521, 34946.7, 34.958,  8.425,0.378257,359.8,300.400,4.44e+01, 16.3,75.4, - 
7068,150700,23112006,09032021 170425,5139, 43310.2,  4.167,355.293,0.087579,358.4,326.411,3.04e+00, 17.8, -  , - 
7069,150701,17122011,09032021 053441,  13, 43531.9, 10.658,308.702,0.059172,359.6,139.964,1.65e+00, 16.8, 1.2, 64
7070,150702,07112015,08032021 145047, 116, 43522.1,  4.472,285.502,0.294873,359.6,306.591,3.84e+00, 16.7, 2.6,365
7071,150800,04022016,08032021 195235,1856, 43551.0, 19.161, 20.940,0.084674,359.7,216.072,1.42e+01, 17.7, -  , - 
7072,150801,21042018,09032021 084805,  22, 43576.3,  3.379,299.463,0.029836,359.1,229.282,6.55e-02, 16.1, 0.3, 37
7073,150900,17072017,08032021 115420,1180, 43543.0, 15.059, 48.365,0.525748,359.7,308.758,2.48e+01, 16.5, -  , - 
7074,150901,14022020,09032021 045714,   4, 43478.3, 23.450,318.145,0.537052,359.8, 44.399,2.81e+01, 16.3, 2.3,400
7075,151000,22112006,09032021 082739,  80, 43625.8,  2.239,300.775,0.058341,358.6,317.075,3.24e+00, 17.3, 6.0, - 
7076,151001,13102018,09032021 051704, 259, 43690.9, 10.061,103.455,0.275200,  0.2,196.828,1.82e+01, 16.8,23.8, - 
7077,151100,17102013,09032021 165625,  65, 43638.2, 11.979,309.751,0.033470,359.6,190.976,8.75e-02, 16.6, 1.5,217
7078,151101,13032018,09032021 072050,   2, 43631.1,  4.306,273.796,0.006756,359.9, 75.895,1.38e-01, 16.8, 0.1, 12
7079,151102,25122019,08032021 102515, 413, 43635.0, 18.980, 71.297,0.038405,359.9, 61.740,4.04e+00, 17.0, -  , - 
7080,151200,23072017,09032021 004931,1110, 43631.3, 12.813,318.098,0.054857,359.6,329.593,1.81e+00, 16.4, -  , - 
7081,151201,21122019,09032021 092316, 207, 43622.7, 19.196, 68.374,0.119847,359.9,156.190,4.15e+00, 16.3,65.9, - 
7082,151300,07082011,09032021 034751,   6, 43710.3,  5.373,  1.958,0.146984,358.8, 14.430,3.28e+00, 16.3, 0.6, 98
7083,151301,09092015,09032021 101310, 327, 43670.1, 14.901,323.463,0.037956,359.6, 58.182,6.03e-02, 17.3, 1.5,238
7084,151302,13032018,08032021 232228,1069, 43640.3,  2.181, 84.687,0.017320,359.7, 57.188,9.65e+00, 17.2, -  , - 
7085,151400,22062007,09032021 183059,   5, 43692.4,  7.168,319.554,0.028670,359.3,356.605,1.75e-01, 14.1, 0.1, 18
7086,151402,26082019,09032021 065453, 317, 43888.5,  5.617,275.195,0.550120,359.9,210.892,8.13e+00, 15.5, -  , - 
7087,151403,11122020,09032021 165829,   1, 43690.4,  7.655,306.253,0.026506,359.5,335.057,1.32e-02, 10.2, 0.1,  1
7088,151500,23042009,08032021 183817,   4, 44264.1, 14.605,359.578,0.175553,359.5,305.203,8.57e+00, 15.8, 1.0,161
7089,151501,10042018,08032021 213052,  81, 43703.9,  4.171,276.131,0.004355,359.8,262.928,7.49e-02, 17.3, 1.7,257
7090,151600,19082007,08032021 214849, 407, 43563.7, 30.352, 18.615,0.311244,359.8,301.261,1.09e+01, 15.8,61.7, - 
7091,151601,13032020,09032021 040141, 320, 43686.6, 18.584, 66.863,0.095551,359.9,305.495,7.88e+00, 16.4, -  , - 
7092,151700,09082005,09032021 125054,5497, 43683.3, 10.911, 42.834,0.466403,359.5,210.378,5.64e+00, 17.3, -  , - 
7093,151702,29072020,09032021 110213,  56, 43849.7, 23.886,314.127,0.159284,359.8,176.551,1.27e+01, 15.5, 8.6, - 
7094,151800,13022013,08032021 045108,  13, 43990.8, 19.356, 36.944,0.064119,359.7,336.847,1.18e+01, 16.6, 1.2,132
7095,151801,16032015,09032021 030325,2057, 43745.2, 17.707, 45.672,0.060798,359.7,166.480,1.27e+01, 17.3, -  , - 
7096,151802,01092016,09032021 000153, 909, 43743.4,  5.329,325.505,0.065704,359.0,  5.504,1.57e+00, 18.4, -  , - 
7097,151803,09032018,09032021 045751, 678, 43768.8,  3.759,284.439,0.013228,359.6,261.039,1.59e-02, 18.8, 0.3,  9
7098,151804,11032018,09032021 165701,  81, 43753.4,  4.059,277.871,0.001931,359.8, 48.233,9.20e-02, 17.4, 2.0,312
7099,151900,23012007,08032021 200514,   3, 46087.8, 31.620,347.884,0.056815,359.8,192.137,1.27e+01, 16.0, 0.3, 36
7100,151901,14022019,09032021 212343, 687, 43463.3, 30.208,328.020,0.509829,359.8, 45.270,2.83e+01, 16.2, -  , - 
7101,152000,21032014,08032021 235051,  58, 43819.0, 12.292,324.798,0.016979,359.6,111.602,4.23e-01, 17.1, 3.4,466
7102,152001,09042016,09032021 011424, 320, 43756.1, 32.065,355.008,0.160366,359.8,308.957,1.21e+01, 16.3,65.9, - 
7103,152002,09022019,09032021 024713, 712, 43774.2, 10.846,344.862,0.136771,359.4,306.959,3.68e+00, 17.9, -  , - 
7104,152101,28012020,08032021 093621, 402, 43747.7,  2.920,147.059,0.379922,  2.0,313.970,1.85e+01, 16.7, -  , - 
7105,152200,31082008,09032021 012828, 823, 44061.7,  7.603,284.233,0.537317,359.8,104.346,1.50e+01, 15.4,60.5, - 
7106,152202,15122017,08032021 121554,1089, 42298.9, 15.156,339.155,0.650422,359.6,318.600,3.04e+01, 17.6, -  , - 
7107,152203,04102019,09032021 033706, 517, 20032.1,  5.215, 88.790,0.129424,360.0,129.952,2.27e+01, 15.5, -  , - 
7108,152204,05112019,08032021 145821, 160, 43336.4, 40.856,349.868,0.792134,359.8,345.063,3.09e+01, 16.1,61.4, - 
7109,152300,15072016,09032021 003701,1018, 43861.4, 17.285, 46.297,0.061257,359.7,167.645,1.26e+01, 17.5,82.3, - 
7110,152302,29122019,08032021 155514, 385, 43883.3, 19.723, 70.887,0.051351,359.9,105.382,2.94e+00, 17.1,37.5, - 
7111,152303,07102020,08032021 101512, 105, 43932.8,  5.191,250.392,0.619184,  0.4,250.656,1.17e+01, 15.3,56.6, - 
7112,152400,11082012,09032021 160938,   4, 43833.8, 15.758,307.338,0.155903,359.7,165.551,1.93e+00, 16.0, 0.6, 89
7113,152500,24112008,09032021 033001,   9, 44259.1,  4.389,356.608,0.089748,358.5,322.897,2.83e+00, 15.6, 1.5,271
7114,152501,22112016,08032021 234035, 842, 43922.9, 29.553,330.973,0.573701,359.8,  1.734,2.79e+01, 16.4, -  , - 
7115,152502,06092016,08032021 160819,   3, 43886.2, 10.515,333.628,0.180545,359.4, 85.631,3.69e+00, 17.4, 0.1, 19
7116,152503,07112019,08032021 070236,  45, 43899.1, 17.495, 65.809,0.042262,359.8, 51.160,3.44e-02, 16.8, 2.3,232
7117,152600,04121999,09032021 125859,   1, 43919.3, 13.960,320.130,0.003716,359.6, 24.350,1.00e-02, 12.4, 0.1,  1
7118,152601,13042018,09032021 155258,   7, 43921.2,  3.964,279.699,0.007966,359.7,  7.609,1.64e-01, 16.7, 0.2, 18
7119,152602,25012020,09032021 103505, 212, 43924.9, 17.398, 46.230,0.058773,359.7,161.247,1.30e+01, 16.9,25.3, - 
7120,152700,06122010,08032021 175859,   1, 43959.3,  9.195,301.310,0.256473,359.6,105.772,2.86e+00, 15.1, 0.3, 52
7121,152701,19072017,09032021 040942,   1, 43936.6, 13.184,305.621,0.106735,359.7,159.046,2.41e+00, 17.1, 0.3, 22
7122,152702,07042018,09032021 051007,   1, 43985.6,  4.467,271.282,0.005185,360.0,309.348,1.35e+00, 16.1, 0.3, 48
7123,152800,21012009,09032021 154237, 498, 43895.7, 12.223,307.137,0.164767,359.7, 42.255,4.61e+00, 17.2,24.7, - 
7124,152802,02012020,08032021 101653, 222, 43954.6, 17.611, 66.729,0.053710,359.8, 30.445,5.06e-02, 17.0, 3.5,347
7125,152803,26092020,08032021 100339, 141, 43807.8,  2.820,247.585,0.385265,  0.9, 56.456,1.45e+01, 16.4, -  , - 
7126,152900,06012013,08032021 165900,  60, 43883.1, 12.879,321.644,0.248798,359.6,358.433,2.37e+00, 15.7,10.7, - 
7127,152901,20122017,08032021 225035, 937, 43633.1, 41.536,349.740,0.796999,359.8,344.712,3.09e+01, 16.4, -  , - 
7128,153000,03042011,09032021 012711,  15, 43796.1, 15.268,325.128,0.106437,359.6, 39.738,1.27e+00, 16.6, 1.9,330
7129,153001,01082019,09032021 022826, 549, 43972.1,  8.612,278.164,0.261665,359.9,104.819,6.54e+00, 16.6, -  , - 
7130,153101,25042020,09032021 124059, 288, 43997.6,  4.761, 48.379,0.101196,359.0, 76.539,1.50e+01, 17.8,55.4, - 
7131,153200,15012010,08032021 164720,   9, 43787.6, 12.246,315.386,0.038168,359.6,108.627,1.47e+00, 16.5, 1.5,234
7132,153202,07072016,08032021 122625,   6, 44044.5, 11.273,303.017,0.074494,359.7,127.334,3.80e+00, 17.1, 2.3,373
7133,153203,01112016,09032021 071641,1469, 43901.8, 41.522,347.559,0.796925,359.8,344.706,3.08e+01, 16.4, -  , - 
7134,153301,09042018,08032021 055257, 765, 44052.7,  3.873,281.280,0.033913,359.7,256.165,1.74e-02, 18.1, 7.2,234
7135,153400,19092017,09032021 193951, 503, 44077.5, 14.775,307.360,0.236717,359.7,103.330,3.15e+00, 17.3,72.1, - 
7136,153401,14112018,08032021 134321, 796, 44070.0, 13.108,296.518,0.084810,359.8, 85.508,6.83e+00, 17.6,39.6, - 
7137,153402,05022019,09032021 055944,  49, 44066.6, 13.660,328.671,0.125602,359.6,322.829,1.21e+00, 17.4, 1.6,237
7138,153403,10092020,09032021 145411, 107, 44894.8, 23.084,334.018,0.379023,359.7, 75.783,2.94e+01, 15.0,64.7, - 
7139,153600,09022016,09032021 171634, 703, 44667.4,  6.270,330.046,0.518776,359.1, 31.756,1.35e+01, 16.7,64.9, - 
7140,153601,08032018,08032021 213309, 343, 44096.3,  3.631,287.696,0.025879,359.5,273.277,1.54e-01, 18.0,36.7, - 
7141,153602,14082018,09032021 013553, 875, 44072.3, 14.695,312.238,0.162519,359.7,  8.386,4.33e+00, 17.8, -  , - 
7142,153603,29082019,09032021 012142, 168, 44242.7,  8.096,280.364,0.533212,359.9,194.420,3.81e+00, 16.1,24.9, - 
7143,153700,26072014,08032021 082020,   1, 44037.9, 15.968, 63.270,0.341333,359.8,288.059,9.55e+00, 16.3, 0.4, 32
7144,153701,17022020,09032021 172024, 383, 44142.4, 18.919,303.032,0.673079,359.8, 84.298,2.66e+01, 18.4, -  , - 
7145,153800,08032018,09032021 173206,  15, 44150.3,  4.172,272.278,0.012656,359.9,203.754,2.45e+00, 16.6, 2.3,409
7146,153801,29082019,08032021 203159, 314, 44163.1,  2.225,266.828,0.078328,  0.2, 11.556,2.33e+00, 16.9,33.0, - 
7147,154000,21072017,09032021 014803, 132, 44185.3,  4.455,345.770,0.132130,358.6,318.501,2.18e+00, 17.7, 4.1,670
7148,154001,17122018,08032021 202712, 730, 44707.7, 34.695,  4.934,0.544237,359.8, 28.000,3.65e+01, 16.5, -  , - 
7149,154002,03062019,08032021 074400,  78, 44200.3, 17.792, 66.319,0.177336,359.8,120.819,8.16e+00, 15.6,33.1, - 
7150,154003,14042020,08032021 105657, 163, 44157.3,  5.804, 87.509,0.194879,359.9,225.005,6.18e+00, 15.2,86.2, - 
7151,154100,25112009,09032021 090707,  30, 44198.9, 15.093,327.802,0.049783,359.6, 51.545,3.87e-02, 16.3, 0.4, 43
7152,154101,16042020,08032021 203603, 194, 44185.2,  4.317, 86.454,0.086038,359.9,108.794,3.01e+00, 17.1, 7.4, - 
7153,154200,17112015,09032021 000240, 714, 44125.4,  7.968, 45.625,0.083403,359.4,251.543,1.06e+01, 17.3,50.0, - 
7154,154201,24032018,09032021 020818,   3, 44216.5,  3.894,279.959,0.014871,359.7,336.255,1.02e+00, 15.7, 0.5, 45
7155,154400,23062007,09032021 003626,   3, 44380.9, 12.163,312.228,0.035374,359.6,182.999,1.81e+00, 13.8, 0.5, 87
7156,154402,25102017,09032021 030146,1229, 44243.6,  1.659,217.042,0.242736,  3.1,144.834,6.26e+00, 18.3, -  , - 
7157,154403,17042020,09032021 035836, 317, 44265.6,  6.736, 62.791,0.186939,359.5, 39.785,1.32e+01, 17.2, -  , - 
7158,154500,15082018,09032021 033201, 389, 44303.3, 12.492,306.376,0.111874,359.7,147.074,3.02e+00, 17.3,85.4, - 
7159,154501,22092019,08032021 233128, 522, 44269.3,  3.152,289.902,0.022555,359.3,332.429,3.98e+00, 17.5,74.1, - 
7160,154502,30012020,08032021 121005, 376, 43877.1, 15.879, 21.407,0.685652,359.6,352.297,1.18e+01, 17.1,46.9, - 
7161,154503,26032020,08032021 104308, 313, 44220.7,  7.012, 42.000,0.055349,359.3,302.203,1.15e+01, 17.6,31.8, - 
7162,154600,20032017,08032021 104549,1446, 43960.0, 15.392,305.923,0.726113,359.7, 20.217,3.72e+01, 17.3, -  , - 
7163,154601,16032018,09032021 040553,   1, 44305.8,  3.763,284.128,0.030977,359.6,276.432,3.14e-02, 16.6, 0.1,  5
7164,154700,14032018,08032021 172724,  16, 44323.2,  4.295,284.961,0.086973,359.6,244.158,3.19e+00, 17.4, 3.6,479
7165,154701,19022021,08032021 181559,   2, 44322.8,  3.538,277.980,0.009632,359.8,331.860,2.92e+00, 17.4, 0.1, 19
7166,154800,09092013,09032021 131604,1853, 44366.2, 13.778,311.757,0.301527,359.7, 17.990,2.83e+00, 16.7, -  , - 
7167,154801,20112020,08032021 233941,  25, 32521.9, 10.444,258.806,0.381938,  0.1,257.170,5.81e+00, 16.3, 3.2,624
7168,155001,15032018,09032021 074956,1082, 44375.2,  0.882,129.864,0.034388,  5.3,316.828,1.00e+01, 14.8, -  , - 
7169,155002,03112019,08032021 161101, 140, 44148.1, 19.302,311.574,0.565403,359.8,  3.632,3.32e+01, 16.7,23.2, - 
7170,155003,02112019,08032021 151831, 475, 44117.4, 32.321,351.681,0.390493,359.8, 34.640,1.34e+01, 17.5,34.2, - 
7171,155100,25062012,09032021 113830,3162, 44305.0,  8.650,277.903,0.541807,359.9,106.599,2.22e+01, 16.3, -  , - 
7172,155101,10032016,09032021 103255, 272, 44358.5, 27.291, 36.655,0.151211,359.8,238.949,1.09e+01, 16.5,79.7, - 
7173,155102,11032018,09032021 152923, 700, 44341.6, 10.883, 44.923,0.170747,359.6,220.308,9.64e+00, 17.5,73.6, - 
7174,155103,27122018,08032021 192741, 785, 44381.6,  0.424,231.884,0.104132,  8.0,146.888,1.16e+01, 15.8,67.7, - 
7175,155200,22032018,08032021 173240, 141, 44408.4,  3.382,297.341,0.017822,359.1,329.010,3.34e-02, 17.7, 2.8,268
7176,155201,18022020,08032021 132100, 381, 44373.3,  1.160, 90.716,0.136999,  0.1, 23.926,1.58e+01, 16.4, -  , - 
7177,155202,21092020,09032021 040535, 138, 44239.3,  6.948,244.010,0.461287,  0.4, 62.190,1.72e+01, 18.0,10.8, - 
7178,155300,09112018,08032021 234638, 322, 44360.4,  3.236,289.362,0.078876,359.3,200.581,7.41e-02, 17.5, 4.6,728
7179,155301,14122018,08032021 060827, 179, 44146.2, 16.308,318.101,0.102552,359.7, 55.640,1.64e+00, 17.3,10.5,740
7180,155302,18122020,09032021 075347,  29, 44390.4,  3.626,289.754,0.069278,359.4, 16.252,6.50e-02, 16.8, 1.7, 77
7181,155400,31052008,08032021 193025,3767, 44458.7, 17.385, 59.747,0.279055,359.8,286.077,9.41e+00, 15.0, -  , - 
7182,155401,28092008,09032021 153540,   3, 44580.0, 12.150,316.723,0.085085,359.6, 77.838,2.03e+00, 15.1, 0.6,100
7183,155402,28062011,09032021 073921,   7, 44394.1, 16.303, 63.012,0.307707,359.8,285.723,9.33e+00, 15.0, 0.5, 68
7184,155403,09102018,08032021 143642, 119, 44493.4, 25.789,324.274,0.180117,359.8, 88.945,1.43e+01, 15.3,69.8, - 
7185,155600,16102015,09032021 070935, 115, 44493.6, 14.346,331.937,0.056822,359.6, 74.265,8.53e-02, 17.3, 4.2,567
7186,155602,20082018,09032021 012051, 338, 44536.5,  7.609, 78.836,0.262462,359.8,172.984,1.35e+01, 17.2, -  , - 
7187,155700,13122010,08032021 061415,  13, 44506.8, 20.353,338.121,0.070911,359.7,104.943,9.68e-02, 15.9, 0.4, 28
7188,155701,26072017,09032021 045309,1115, 44495.7, 25.892,303.907,0.386291,359.9,334.990,1.82e+01, 16.9, -  , - 
7189,155702,17062018,08032021 234929,  13, 44503.8,  4.483,271.053,0.020106,360.0,345.789,5.93e-02, 16.5, 1.2, 68
7190,155800,09042018,08032021 185438,1060, 45114.1, 35.477,350.296,0.822145,359.8,348.610,2.48e+01, 16.8, -  , - 
7191,155801,09082019,08032021 194914, 140, 44504.3,  2.672, 84.384,0.230410,359.7,288.095,6.66e+00, 17.7,16.4, - 
7192,155803,19012021,09032021 033200,   2, 44389.1, 34.554,  9.691,0.390364,359.8,352.039,2.82e+01, 15.9, 0.8, 81
7193,155901,19032018,08032021 072634, 646, 44542.0,  4.044,274.246,0.047196,359.9,221.761,6.01e+00, 17.0, -  , - 
7194,155902,20032018,09032021 111741, 784, 44544.3,  3.947,274.444,0.044323,359.9, 22.394,1.99e+00, 17.6,36.6, - 
7195,155903,16042019,09032021 115136, 313, 44546.9,  3.613,284.936,0.024718,359.5,277.844,2.09e+00, 17.5,61.7, - 
7196,156001,05052019,09032021 024745, 343, 44579.5,  3.363,271.574,0.038603,360.0,281.001,4.17e+00, 17.8, 6.5, - 
7197,156100,15082014,08032021 190220, 504, 44416.0, 32.233, 33.994,0.404409,359.8,302.737,1.73e+01, 16.5,52.8, - 
7198,156200,08072016,09032021 141805,   2, 44666.1, 12.541,289.826,0.154190,359.8,117.997,4.90e+00, 15.9, 0.1, 17
7199,156201,20072017,08032021 135746, 881, 44484.7, 40.562, 20.275,0.188227,359.8, 42.880,3.25e+01, 16.2, -  , - 
7200,156300,18122011,09032021 122625,   1, 44623.2, 16.774,319.909,0.096215,359.7,122.206,1.29e+00, 15.8, 0.1,  6
7201,156301,04122016,08032021 114706,1004, 45361.1, 29.340,334.863,0.188217,359.8,277.814,3.12e+01, 17.1, -  , - 
7202,156302,28032020,08032021 225224, 257, 44607.7,  4.467,127.679,0.143957,  0.9,145.087,8.85e+00, 17.8,87.1, - 
7203,156400,13072016,08032021 220433, 683, 44659.2, 14.659,330.768,0.106028,359.6, 40.187,1.07e+00, 17.1, -  , - 
7204,156402,06082019,08032021 022653, 296, 44489.4, 10.406,101.383,0.632790,  0.1,216.090,1.22e+01, 16.4, -  , - 
7205,156403,02042020,09032021 180250,   1, 44625.2, 13.587, 65.374,0.156897,359.8, 52.355,2.06e+01, 16.8, 0.5, 39
7206,156600,23122016,09032021 100642, 654, 44646.4,  8.343,290.817,0.143173,359.7,246.752,5.64e+00, 17.3,39.7, - 
7207,156601,20032018,08032021 131145,   0, 44694.9,  3.184,301.253,0.043447,359.0,352.220,1.97e+00, 15.8, 0.1,  8
7208,156602,02042019,08032021 235954, 509, 44655.2,  3.679,171.349,0.291230,  1.8, 58.835,1.00e+01, 18.0, -  , - 
7209,156700,03082008,08032021 204941,   2, 44664.4, 12.030,314.119,0.097259,359.6,116.457,2.15e+00, 15.8, 0.1, 12
7210,156701,19112016,09032021 025626, 138, 44698.1, 12.139,318.884,0.042835,359.6,119.675,1.85e+00, 17.7, 7.2,608
7211,156702,12062018,08032021 220603,  57, 44702.0,  3.308,301.154,0.025247,359.0,313.664,7.15e-02, 16.7, 0.7,127
7212,156703,25032019,08032021 172241,  60, 44673.5, 10.207,301.708,0.144135,359.7,134.646,5.42e+00, 17.3, 2.4,380
7213,156800,13122017,09032021 164428, 969, 44617.8, 13.808, 65.562,0.166302,359.8, 60.500,2.04e+01, 16.9,93.8, - 
7214,156801,03122019,08032021 161254, 118, 44426.7, 41.978, 34.186,0.604036,359.9,357.918,3.49e+01, 15.8,19.6, - 
7215,156900,15042018,09032021 082829,1056, 44723.7,  4.404,131.045,0.167301,  1.0,150.341,8.44e+00, 17.8,75.0, - 
7216,157000,18082015,08032021 172547,   2, 44773.2, 14.688,327.454,0.172617,359.6, 62.890,1.22e+00, 15.6, 0.3, 45
7217,157100,04082008,08032021 170619, 527, 45502.6, 27.460,351.588,0.284436,359.8,317.513,1.18e+01, 17.0,64.9, - 
7218,157101,13032018,08032021 212556,   4, 44796.5,  3.269,297.702,0.034511,359.1,350.715,1.73e+00, 16.4, 0.9,121
7219,157200,18062010,08032021 234325, 992, 44521.6, 12.942, 24.680,0.411379,359.5, 27.026,1.16e+01, 16.3,82.1, - 
7220,157201,06112018,09032021 023637, 603, 44601.6, 43.529, 31.674,0.618718,359.9,358.691,3.51e+01, 15.8,95.0, - 
7221,157203,23092019,08032021 184817, 194, 45335.7,  5.074,115.426,0.446099,  0.6,212.064,1.90e+01, 16.5,45.5, - 
7222,157204,27032020,09032021 072436, 342, 44728.1, 32.008,338.746,0.177793,359.8, 30.692,1.44e+01, 17.5, -  , - 
7223,157500,20102011,09032021 175818,   0, 44838.6, 16.222,316.811,0.051429,359.7,172.918,1.19e+00, 15.9, 0.1,  5
7224,157501,23012018,08032021 100725,1128, 44598.4, 39.172, 30.155,0.599241,359.8,355.975,2.43e+01, 17.3, -  , - 
7225,157502,06032018,08032021 202205,   1, 44848.8,  3.308,300.535,0.028302,359.0,328.290,2.68e-02, 13.7, 0.1,  1
7226,157600,06122019,08032021 130043, 291, 44869.7, 13.120, 69.902,0.030367,359.8, 46.744,1.84e+01, 16.1, -  , - 
7227,157601,24122019,08032021 084300, 207, 44846.6, 18.036, 67.413,0.044720,359.9, 60.734,4.54e+00, 16.2,58.4, - 
7228,157700,19032018,09032021 181431, 995, 44883.0,  3.213,260.475,0.129057,  0.3,260.841,6.61e+00, 17.9, -  , - 
7229,157900,29012019,08032021 182422, 523, 44905.4, 11.713, 71.752,0.152587,359.8, 91.425,1.66e+01, 15.9,84.2, - 
7230,157901,03082019,08032021 160947, 580, 44607.6,  4.615, 96.955,0.582331,  0.2,226.117,4.01e+01, 16.6, -  , - 
7231,158001,26012018,09032021 144456,   0, 44851.4, 10.075,267.162,0.245651,  0.0, 83.159,7.02e+00, 17.1, 0.1,  5
7232,158100,12092017,08032021 224005,1230, 44964.5, 11.980,302.993,0.149261,359.7,145.382,1.09e-02, 18.0, 3.5,509
7233,158200,07042018,09032021 023518, 772, 44911.7,  7.809, 65.518,0.144503,359.6,120.238,1.94e+01, 15.7, -  , - 
7234,158300,02112016,09032021 101732, 120, 44855.2,  5.859,344.790,0.513123,358.9, 12.196,1.26e+01, 16.4,50.6, - 
7235,158400,18022012,09032021 030755,3239, 45012.4, 27.283,328.608,0.163129,359.8,158.655,1.29e+01, 15.7, -  , - 
7236,158401,17032018,08032021 124139, 142, 45019.7,  3.281,301.386,0.033153,359.0,329.444,6.64e-02, 18.4, 2.4,419
7237,158500,21082009,09032021 032102,  81, 45064.3, 14.139,313.277,0.068663,359.7,190.349,1.17e+00, 15.9,14.2, - 
7238,158600,02092018,09032021 114152, 659, 44926.7, 25.906,326.329,0.508124,359.8, 21.898,3.24e+01, 16.3, -  , - 
7239,158700,28022019,09032021 085207, 695, 44650.6, 43.926,335.562,0.611585,359.8, 39.862,3.10e+01, 16.7, -  , - 
7240,158800,05102015,08032021 190857,1819, 45109.7, 30.288,353.925,0.625190,359.8,329.843,2.78e+01, 16.4, -  , - 
7241,158801,24112016,09032021 155618, 990, 45132.2, 10.666,263.921,0.713100,  0.1, 82.126,4.15e+01, 15.9, -  , - 
7242,158802,22042018,08032021 235641, 312, 45096.2,  3.859, 87.404,0.151790,359.9,173.642,1.35e+00, 12.8,41.0, - 
7243,158900,04082011,08032021 142831,   2, 45098.3, 14.595,312.852,0.106185,359.7, 89.644,3.10e+00, 16.3, 0.1,  9
7244,159000,15012013,09032021 112011,   1, 45260.2, 10.630,300.219,0.110627,359.7,158.972,4.28e+00, 16.2, 0.4, 47
7245,159001,22042018,08032021 224137,1023, 45094.4,  2.790, 90.247,0.066842,360.0,339.241,3.54e+00, 17.5,33.2, - 
7246,159002,24112019,08032021 120124,   1, 45122.3, 29.636,342.597,0.560137,359.8,340.571,1.78e+01, 16.4, 0.2, 20
7247,159100,22092019,08032021 192011, 256, 45167.8,  6.720, 92.776,0.433420,  0.0,248.985,1.74e+01, 16.5,34.5, - 
7248,159200,27042017,08032021 003720, 790, 45021.5, 22.410, 31.574,0.453123,359.7,288.088,9.68e+00, 17.3,69.0, - 
7249,159300,01102018,08032021 104556, 554, 45125.9,  7.829, 84.274,0.367342,359.9,248.845,1.53e+01, 16.4,60.2, - 
7250,159400,03112008,09032021 071351,3316, 44976.1, 42.836,355.226,0.493932,359.8, 48.153,3.28e+01, 16.0, -  , - 
7251,159401,31082016,08032021 222848, 761, 45120.4, 20.406,275.670,0.404779,360.0, 98.742,1.45e+01, 16.8,89.2, - 
7252,159501,17022018,09032021 114355,1020, 45250.9, 38.306,330.447,0.651417,359.8,356.652,3.06e+01, 16.6, -  , - 
7253,159601,18082018,09032021 025757, 922, 45190.5,  5.159, 88.712,0.334238,360.0,202.192,1.04e+01, 15.2, -  , - 
7254,159602,28082019,08032021 214747, 176, 45222.0, 10.081,296.879,0.072377,359.7,304.952,4.47e+00, 16.9,24.5, - 
7255,159700,12022012,09032021 061007,   1, 45249.5, 15.735,312.279,0.141068,359.7,143.792,2.75e+00, 15.3, 0.1,  6
7256,159701,05022017,08032021 204618,1019, 44903.5, 15.491, 72.866,0.764864,359.9,309.976,2.72e+01, 15.9, -  , - 
7257,159900,22082016,08032021 111023,1649, 45243.1, 19.007,348.488,0.188617,359.7,313.395,8.52e+00, 14.8, -  , - 
7258,160000,07032018,08032021 130653,   0, 45324.0,  4.508,270.415,0.039755,360.0,357.852,6.42e-02, 15.7, 0.3, 17
7259,160001,09082019,08032021 080355, 561, 45321.4,  1.270, 86.290,0.061689,359.6, 97.836,8.06e-01, 17.6, -  , - 
7260,160200,30072016,08032021 170945, 531, 45375.8, 13.649,300.766,0.167851,359.8, 98.686,4.85e+00, 16.8,85.1, - 
7261,160201,09032018,09032021 064913,1079, 45343.5,  1.062,  6.274,0.036501,353.7,253.070,1.38e+01, 16.5, -  , - 
7262,160202,06082018,08032021 233628,  88, 45149.9,  5.113,299.680,0.500816,359.4, 33.162,2.14e+01, 15.7, 8.6, - 
7263,160300,13112018,08032021 175934, 818, 45320.2,  2.770, 81.640,0.247211,359.6,305.241,1.15e+01, 14.6, -  , - 
7264,160301,06012019,09032021 125001, 734, 45327.1,  1.553,297.779,0.178086,358.1, 48.139,1.20e+01, 16.9, -  , - 
7265,160500,29072019,09032021 011152, 501, 45174.6,  3.890,340.695,0.530246,358.4,352.928,1.88e+01, 17.0, -  , - 
7266,160600,29122016,08032021 182355, 705, 45320.0, 24.818, 46.004,0.728693,359.8,304.592,2.49e+01, 16.3, -  , - 
7267,160601,14082018,08032021 215207, 885, 45334.9, 17.697,311.067,0.174637,359.8,347.311,1.64e+01, 17.1, -  , - 
7268,160602,28042020,08032021 174934, 303, 45417.1,  9.963, 58.566,0.020482,359.6,349.243,1.28e+01, 17.5, -  , - 
7269,160700,12082016,09032021 180911,   3, 45455.0, 19.151,323.238,0.095933,359.7, 74.362,1.49e+00, 16.6, 0.5, 46
7270,160701,07032018,08032021 231204, 116, 45452.0,  3.571,285.067,0.082346,359.5,304.689,1.89e+00, 17.4,17.0, - 
7271,160900,03032017,09032021 185940, 661, 45648.6, 13.357,268.592,0.333479,  0.0,112.620,1.56e+01, 16.3,46.3, - 
7272,160901,19022018,08032021 191207,1086, 45461.5,  9.359, 55.656,0.086130,359.6,203.186,9.61e+00, 17.8,54.1, - 
7273,160902,10032018,08032021 131344, 731, 45490.7,  4.191, 66.509,0.043906,359.3,178.622,1.14e+01, 17.1, -  , - 
7274,160903,09042018,09032021 024759,1022, 45422.3, 14.836, 63.054,0.042679,359.8, 48.891,2.11e+01, 16.7, -  , - 
7275,160904,21022021,08032021 221106,   0, 45452.6,  6.635,215.450,0.719222,  0.8,128.437,3.36e+01, 15.9, 1.7,291
7276,161100,22032017,08032021 153048,  62, 45370.1, 27.999, 18.750,0.113597,359.8,134.029,1.18e+01, 15.6,12.4, - 
7277,161201,22102020,08032021 062149,  19, 45456.7, 10.338,125.046,0.403644,  0.4,232.484,1.63e+01, 15.6,10.9,923
7278,161300,26082016,09032021 044708,  80, 45427.3, 19.345, 20.134,0.366620,359.7,312.238,9.91e+00, 15.8,84.6, - 
7279,161301,23032018,09032021 160206, 311, 45586.8,  2.680, 57.996,0.249529,358.6,132.202,6.41e+00, 16.2, -  , - 
7280,161400,26072019,09032021 123647, 554, 45444.7, 10.133, 60.968,0.689300,359.7,312.776,2.63e+01, 16.6, -  , - 
7281,161500,16122017,08032021 212852, 613, 45600.0, 13.863,314.459,0.074996,359.7,172.344,1.06e-01, 18.3, 3.0,202
7282,161601,21102019,09032021 180834, 323, 45624.5, 11.536,300.329,0.044323,359.7,160.868,5.13e+00, 16.2,80.4, - 
7283,161700,08122007,09032021 041407, 432, 45675.3, 16.254,332.977,0.112120,359.6, 37.225,1.46e+00, 17.7, 9.3, - 
7284,161702,04102019,09032021 051300, 509, 45943.7,  3.655,340.054,0.588414,358.3, 45.114,3.03e+01, 15.7, -  , - 
7285,161900,08122016,08032021 233248, 576, 45627.4, 10.963,296.129,0.159485,359.7,356.604,4.68e+00, 16.3, -  , - 
7286,162000,17092017,08032021 202643,   1, 45622.4,  9.713,200.427,0.380568,  0.6,118.210,6.85e+00, 16.4, 0.1,  8
7287,162001,02012020,09032021 145455,  97, 45701.2,  0.875,107.688,0.097455,  2.6,209.333,1.00e-02, 12.3,32.5, - 
7288,162200,09112018,08032021 215934, 842, 45715.0,  1.488,307.965,0.200065,357.4, 77.854,7.48e+00, 17.9,31.5, - 
7289,162201,09042019,09032021 072253, 674, 46265.5, 52.473,  4.039,0.519072,359.9,  8.649,1.32e+01, 15.4, -  , - 
7290,162300,21032018,09032021 045028, 965, 45602.8, 28.812, 96.888,0.674918,  0.0,325.451,1.38e+01, 17.0,64.5, - 
7291,162301,13072020,08032021 084826,   1, 45819.5, 13.358,268.817,0.330861,  0.0,111.538,1.56e+01, 16.1, 0.4, 26
7292,162400,03022016,09032021 182012,  65, 45659.8, 13.323,308.712,0.209269,359.7,102.809,4.76e+00, 17.2,10.3, - 
7293,162600,30042019,08032021 092407, 666, 45828.2, 14.976, 66.560,0.137078,359.8,101.320,1.98e+01, 15.6, -  , - 
7294,162700,17122015,09032021 065118, 877, 46034.2, 16.508,327.855,0.395594,359.7,199.549,2.92e+01, 16.1, -  , - 
7295,162800,24112016,08032021 175205,1157, 47069.4, 19.361, 86.681,0.524562,360.0,271.430,2.12e+01, 16.2, -  , - 
7296,162801,13032018,09032021 001404, 793, 45767.3,  3.902,276.812,0.069164,359.8,178.899,1.89e+01, 17.4, -  , - 
7297,162901,09122020,08032021 060248,  83, 45908.1,  7.236,147.762,0.134285,  0.8,193.382,1.36e+01, 12.5, -  , - 
7298,163000,09012021,09032021 045250,  55, 45879.6, 24.624, 27.479,0.303325,359.8,266.536,1.06e+01, 16.8, -  , - 
7299,163100,26082019,08032021 104041, 493, 45886.3,  7.188,137.756,0.283835,  0.7,216.474,1.47e+01, 15.6, -  , - 
7300,163101,09092020,08032021 145045,  30, 45770.1,  6.122, 76.647,0.662950,359.7,292.739,3.71e+01, 15.8,44.0, - 
7301,163200,07092013,08032021 195320,   4, 45906.4, 17.076,330.538,0.149663,359.7, 29.412,2.39e+00, 16.4, 0.2, 13
7302,163300,09082018,09032021 091932, 823, 45948.5, 26.950, 52.957,0.366964,359.8,342.637,3.64e+01, 16.3, -  , - 
7303,163400,18082014,09032021 062950,   1, 45927.9,  9.037,295.297,0.220102,359.7, 84.471,5.57e+00, 16.1, 0.3, 16
7304,163501,18022020,08032021 162523, 360, 45465.9, 16.227, 58.473,0.749766,359.8,300.491,2.81e+01, 16.0, -  , - 
7305,163700,20082017,08032021 203110, 389, 45988.7, 20.938,313.783,0.176495,359.8, 63.211,3.13e+00, 16.6,42.0, - 
7306,163701,18092017,08032021 130112,1265, 46072.8,  6.514,292.238,0.476960,359.6, 89.597,4.32e+01, 16.5, -  , - 
7307,163800,31122016,08032021 082606,1347, 46199.3, 18.266,  8.215,0.187933,359.6, 67.301,1.24e+01, 17.0, -  , - 
7308,164000,19102012,08032021 194549,1505, 46154.9, 19.426,333.452,0.087156,359.7, 29.527,3.05e+00, 16.6, -  , - 
7309,164100,05112011,09032021 092231,   1, 46227.1, 10.821,294.915,0.089004,359.7,127.801,6.83e+00, 14.6, 0.6, 94
7310,164101,22112008,08032021 181130,  39, 46057.7,  6.307,258.655,0.250169,  0.2,276.974,4.42e+00, 15.4,14.5, - 
7311,164102,02012020,08032021 134013, 299, 46089.4, 26.676, 53.389,0.358915,359.8,340.995,3.64e+01, 16.1,48.8, - 
7312,164300,07122020,08032021 212524,  33, 45589.2, 15.274, 57.091,0.754508,359.8,304.750,2.63e+01, 16.1, 4.7,780
7313,164400,07122020,08032021 232924,  55, 46159.5, 26.523, 53.600,0.343719,359.8,340.002,3.62e+01, 16.2,36.5, - 
7314,164500,25102011,09032021 183635,   3, 46039.0, 13.797,316.644,0.113415,359.6,114.814,3.45e+00, 15.0, 2.1,263
7315,164601,02092018,08032021 113148, 813, 46051.4, 37.700,349.046,0.359002,359.8, 24.670,1.28e+01, 16.0, -  , - 
7316,165300,16112019,09032021 035113,  53, 45804.3, 16.251, 18.796,0.581179,359.6,344.316,2.81e+01, 16.0,16.2, - 
7317,165400,07092016,09032021 005349, 134, 46308.8, 11.912,291.178,0.200235,359.8, 40.350,3.57e+00, 17.1, 7.2, - 
7318,165500,16092017,08032021 175520,1156, 46064.8, 37.424, 22.909,0.731951,359.8,312.084,2.83e+01, 17.3, -  , - 
7319,165700,01072017,09032021 113532, 401, 46037.5, 37.627,  0.675,0.128664,359.8,358.838,1.26e+01, 15.9,56.2, - 
7320,166200,25012018,09032021 033706, 498, 46479.5, 15.294,340.475,0.147400,359.6, 56.637,1.04e+00, 17.7, 4.8,774
7321,166202,23122019,09032021 161102, 382, 46491.4, 18.405, 69.035,0.070459,359.9, 73.062,5.37e+00, 16.0,87.6, - 
7322,166300,10052016,08032021 164415, 329, 45102.8, 23.986,340.125,0.215811,359.7, 95.024,2.95e+01, 15.0, -  , - 
7323,166301,01092016,08032021 235843,1641, 46583.7, 34.984,348.250,0.435375,359.8,313.447,3.17e+01, 17.2, -  , - 
7324,166302,29012017,08032021 132642,   1, 46500.6, 18.945,327.488,0.135514,359.7, 95.951,6.39e-01, 17.2, 0.1,  6
7325,166900,12032016,09032021 072120, 485, 46585.8, 19.477,323.426,0.196799,359.7, 27.527,3.28e+00, 16.7,43.8, - 
7326,166901,18012021,08032021 220955,  47, 46600.5, 28.371,326.197,0.218901,359.8,315.220,4.16e+00, 16.9, 6.9,181
7327,167200,05082016,09032021 152043,   1, 46691.2, 17.286,323.688,0.132308,359.7, 83.868,1.86e+00, 17.0, 0.3, 21
7328,167201,17012018,09032021 112200, 346, 46613.4, 17.840, 38.944,0.339363,359.7, 55.899,1.06e+01, 17.0, -  , - 
7329,167600,27072019,08032021 153826, 527, 46667.6,  5.929, 62.478,0.311192,359.5,270.059,1.19e+01, 17.2,39.5, - 
7330,167701,24072017,09032021 075345,1225, 46692.7,  6.143, 63.164,0.314811,359.5,269.460,1.20e+01, 17.4, -  , - 
7331,167800,01072019,08032021 155646, 199, 46957.0,  6.330,284.224,0.461342,359.8,191.813,4.32e+00, 16.3, -  , - 
7332,167900,24072006,08032021 205607,4777, 46804.3, 36.366,  4.072,0.295976,359.8, 80.513,8.87e+00, 16.4, -  , - 
7333,168000,28112019,08032021 214205,   1, 46733.3, 36.371,  4.242,0.295970,359.8, 79.106,8.98e+00, 16.1, 0.2, 19
7334,168300,13102018,08032021 205916, 875, 46686.6, 32.752, 31.459,0.621784,359.8,278.475,2.78e+01, 17.7, -  , - 
7335,169400,19032017,09032021 004058,1247, 47173.7, 20.408, 99.849,0.351734,  0.1,209.155,1.55e+01, 16.3, -  , - 
7336,169700,15032018,09032021 095740,1061, 47254.9, 23.471, 90.262,0.347453,  0.0,216.696,1.88e+01, 15.6, -  , - 
7337,169800,11012011,08032021 152819,3683, 47079.5, 30.219, 29.161,0.424560,359.8,296.226,2.76e+01, 15.2, -  , - 
7338,169801,12022019,08032021 233844, 417, 46978.2, 24.276, 92.463,0.409321,  0.0,223.413,1.43e+01, 16.3, -  , - 
7339,170200,26102013,08032021 034507,1998, 47255.0, 38.958,351.485,0.454533,359.8,302.054,2.12e+01, 15.8, -  , - 
7340,170201,09032016,08032021 194549, 696, 47443.3, 22.397,316.877,0.073333,359.8,230.719,1.95e+01, 16.8, -  , - 
7341,170800,08092016,08032021 181457, 519, 47454.6, 40.311, 14.455,0.668975,359.8,357.581,3.22e+01, 14.6, -  , - 
7342,171200,30122019,08032021 103425, 423, 47328.2, 11.978, 25.412,0.340300,359.5,322.890,1.44e+01, 16.8,99.9, - 
7343,171500,04112015,09032021 194747, 311, 47628.7, 39.989,  0.525,0.334804,359.8,305.515,2.64e+01, 15.7, -  , - 
7344,171501,23012017,09032021 113750,1498, 47407.6, 24.341,286.407,0.329082,359.9,112.987,1.38e+01, 17.2, -  , - 
7345,171600,19062014,09032021 001222,   0, 47208.0, 36.094,335.037,0.588869,359.8, 46.199,2.74e+01, 15.2, 0.1, 19
7346,171700,09012018,09032021 063119,1117, 47275.5, 37.562, 16.866,0.602131,359.8,355.792,3.05e+01, 17.1, -  , - 
7347,171701,15082020,08032021 101704, 163, 47495.0, 14.438,332.787,0.188015,359.6,344.147,1.81e+00, 17.3, 7.1, - 
7348,171900,02092016,09032021 053317, 134, 47428.5, 14.876,330.118,0.251733,359.6,325.877,4.82e+00, 16.4,95.2, - 
7349,172001,24112019,09032021 120405,   3, 47644.8, 26.244, 30.914,0.405680,359.8, 18.894,3.29e+01, 14.5, 1.0,167
7350,172100,09122015,07032021 221428,   2, 46833.3, 21.390, 46.596,0.626611,359.8,311.439,2.00e+01, 15.9, 0.4, 62
7351,172500,11082007,09032021 023600,   4, 47715.6, 19.208,318.419,0.077518,359.7,  7.076,4.84e+00, 15.8, 0.3, 27
7352,173000,20022020,10032021 041708, 376, 47780.8, 14.169, 13.089,0.841155,359.5, 90.991,1.18e-02, 14.3, 1.4,229
7353,173100,01092016,08032021 012621,  83, 47736.8,  6.767, 80.225,0.372771,359.8,261.015,8.16e+00, 16.8,17.8,592
7354,173700,25092019,09032021 030551, 500, 47840.8, 17.205,310.109,0.224798,359.7, 57.222,4.48e+00, 17.3,39.9, - 
7355,174300,21012020,08032021 044357, 410, 48106.2, 32.518, 43.020,0.187589,359.8,305.885,3.14e+01, 16.6,59.9, - 
7356,174600,11032019,09032021 074204, 562, 48093.6, 32.322, 43.361,0.182737,359.8,307.623,3.12e+01, 16.8,89.2, - 
7357,175900,04022016,09032021 050732,1115, 48202.1, 24.173, 37.144,0.215610,359.8, 41.849,1.20e+01, 16.9, -  , - 
7358,176400,13012015,08032021 215641, 146, 48231.6, 17.115,303.765,0.154647,359.8,174.526,6.30e+00, 15.5,53.7, - 
7359,177200,04022020,08032021 233841,   1, 48491.8, 24.009, 38.258,0.205628,359.8, 40.741,1.23e+01, 16.7, 0.2, 18
7360,177400,26042019,09032021 065022, 639, 48592.6, 14.399, 65.903,0.317763,359.8, 70.069,2.07e+01, 16.7, -  , - 
7361,178000,04112015,08032021 214539,  65, 48641.1, 18.727,318.925,0.083717,359.7,114.108,3.94e+00, 16.0,19.0, - 
7362,178200,23112017,09032021 151923,1049, 48567.1, 16.414, 63.440,0.313482,359.8, 67.842,2.07e+01, 16.5, -  , - 
7363,178700,28082019,09032021 190319, 517, 48717.8,  6.691,276.248,0.341302,359.9,346.965,6.06e+00, 17.4, -  , - 
7364,179300,11042018,08032021 192044,1058, 48821.4, 27.971, 40.982,0.253623,359.8,226.482,1.03e+01, 18.3, -  , - 
7365,180300,15022018,09032021 154332,1113, 48726.9, 25.820,319.024,0.519932,359.8, 76.194,2.86e+01, 16.9, -  , - 
7366,180700,25072011,08032021 094126,   4, 49005.7,  2.669,125.887,0.320864,  1.5,231.333,7.16e+00, 14.7, 0.2, 27
7367,180900,19092017,09032021 005103, 119, 49126.6, 19.375,320.015,0.281276,359.7, 53.517,4.58e+00, 16.0,56.0, - 
7368,181400,17092017,09032021 135812,1169, 49467.5, 23.885, 28.418,0.405553,359.7,208.156,7.80e+00, 17.2, -  , - 
7369,181401,30092018,09032021 012436, 298, 49246.9, 18.261,316.936,0.254011,359.7,349.569,5.62e+00, 16.7,11.1, - 
7370,182100,09072017,08032021 122517,1295, 49428.4, 14.665, 41.755,0.518494,359.7, 13.287,1.88e+01, 16.7, -  , - 
7371,182300,08012018,09032021 145310, 699, 49694.7, 32.513, 24.418,0.365416,359.8,306.028,2.69e+01, 15.6, -  , - 
7372,182600,02022017,08032021 131010,  46, 49401.2, 21.278,314.582,0.232406,359.8,105.849,3.20e+00, 16.4, 9.1, - 
7373,183500,17112017,09032021 022606, 959, 49525.8, 41.686,351.486,0.363339,359.8, 10.803,2.85e+01, 15.4, -  , - 
7374,183600,19042012,09032021 142225,  65, 49574.8, 35.869,331.068,0.291888,359.8,305.165,3.04e+01, 15.6,52.4, - 
7375,183800,19012020,08032021 225927,  71, 49615.8, 35.585,108.788,0.678950,  0.1,201.105,1.47e+01, 16.2,30.9, - 
7376,184000,08032019,09032021 213637, 707, 49741.8, 17.700, 62.929,0.071132,359.8, 42.678,1.81e+01, 14.8, -  , - 
7377,184700,15102019,08032021 050820,   3, 49886.4, 28.863, 33.000,0.421258,359.8,292.423,2.68e+01, 15.3, 0.4, 62
7378,185400,24022018,08032021 102018,1010, 49955.4, 28.201,295.116,0.311851,359.9,141.235,1.25e+01, 16.4,65.3, - 
7379,186800,13022018,08032021 150139,1116, 49792.2,  2.474,307.897,0.652272,358.4,  4.150,2.93e+01, 16.9, -  , - 
7380,187300,31012020,08032021 112230, 385, 50269.9, 13.093,282.728,0.053622,359.9,291.127,1.74e+01, 15.5,38.2, - 
7381,187600,14102017,09032021 142300,  52, 50395.8, 18.402,313.231,0.097241,359.8,105.786,5.14e+00, 15.1,22.8, - 
7382,189100,30052006,09032021 045532,5254, 50726.3,  6.236, 49.109,0.402476,359.3,  4.540,2.13e+01, 16.7, -  , - 
7383,190600,31072019,09032021 001547, 532, 50820.1, 12.927, 53.947,0.408571,359.7,336.250,2.25e+01, 16.3,79.8, - 
7384,191300,27042019,08032021 225139, 577, 50912.0, 23.271, 46.078,0.503461,359.8,335.431,1.92e+01, 16.5, -  , - 
7385,193701,25092019,08032021 122200, 407, 51382.3, 26.739, 52.720,0.483648,359.8,262.985,3.31e+01, 16.5,87.3, - 
7386,196200,25082014,09032021 070805, 463, 51805.5, 26.862,320.617,0.297215,359.8, 29.318,5.18e+00, 15.3, -  , - 
7387,197000,09012019,08032021 172654, 624, 51940.8, 25.722,  4.263,0.352653,359.7, 17.347,1.00e+01, 16.3,30.3, - 
7388,197700,18092017,09032021 141517,1172, 52155.8, 41.330,  6.991,0.125479,359.8,309.809,7.68e+00, 16.4, -  , - 
7389,200000,20032018,08032021 170513,1079, 52566.6,  3.116,289.784,0.134853,359.3,283.349,1.26e+00, 16.8,59.1, - 
7390,202500,09122018,08032021 220350, 525, 52983.0, 37.006, 20.503,0.201985,359.8, 80.311,1.09e+01, 17.2,63.4, - 
7391,203000,10022018,08032021 235849,   1, 42165.1,  0.110, 99.348,0.000138, 88.7,255.975,1.00e-02, 10.8, 0.1,  1
7392,205800,24092020,09032021 024214,  91, 53602.2,  9.893,173.514,0.533220,  0.7,189.908,1.40e+01, 17.3, 5.8,943
7393,209200,15032018,09032021 094925,1086, 54106.7,  3.734,  2.579,0.584129,358.2, 41.145,8.91e+00, 17.1,84.3, - 
7394,210100,29112018,08032021 034953, 722, 53818.6, 21.323, 44.819,0.676176,359.8,327.546,2.00e+01, 17.1, -  , - 
7395,211200,24102017,07032021 205147,1178, 53786.0, 36.989, 12.148,0.846663,359.8,331.239,2.23e+01, 16.5, -  , - 
7396,215100,10042018,09032021 052442, 325, 55137.1,  9.004, 24.581,0.251699,359.3,201.205,8.32e+00, 17.2,61.4, - 
7397,223100,16092017,09032021 144103,  93, 56931.1, 14.855,346.498,0.573923,359.6,  7.052,1.72e+01, 15.8,23.2, - 
7398,238800,23032017,10032021 002602,1349, 59065.7,  9.447, 25.611,0.317034,359.4,210.826,8.34e+00, 17.3,88.7, - 
7399,243000,22082019,09032021 071754, 247, 60338.3,  3.076, 72.786,0.351753,359.3,193.407,2.16e+00, 11.7,49.1, - 
7400,243900,18112019,08032021 211331, 447, 59807.7, 30.782,346.315,0.381507,359.8,102.433,1.37e+01, 16.2, -  , - 
7401,325000,01112015,07032021 122239,   6, 72752.4, 10.968,232.071,0.775638,  0.4, 11.929,4.45e-03, 12.7, 0.1,  1
7402,515500,09042016,09032021 051848,  -1, 98933.1, 21.758,234.572,0.516010,  0.2,131.144,8.25e-03, 11.8, 0.1,  2
7403,583100,06012007,09032021 071820,  -1,107477.3, 47.893, 76.871,0.866134,360.0,353.106,4.11e-03, 12.6, 0.1,  6
7404,591600,13052019,10032021 090446,  19,108693.5, 51.660, 76.115,0.851803,360.0,352.648,7.26e-03, 12.0, 0.1,  1
7405,1240000,30032016,07032021 155054,   1,193780.0, 50.966, 85.676,0.802285,360.0,245.748,5.82e-03, 11.7, 0.2,  6
7406,1346400,07082015,06032021 074627,1765,185046.9, 42.110, 52.120,0.513104,359.9, 51.218,1.35e-02, 15.6,10.8,579
