   1,  9600,23062020,26102021 004138,   6,  6959.4, 70.010,  0.678,0.002731,359.9, 75.288,2.66e-02, 13.3, 0.2,  6
   2,  9601,11112020,26102021 002822,   7,  6975.3, 97.829,114.585,0.002552,  0.0, 74.487,2.13e-02, 16.0, 0.1,  4
   3, 10600,14022016,26102021 000131, 210,  7465.8,122.682,297.359,0.021076,359.9, 85.270,3.90e+00, 15.4, -  , - 
   4, 10601,23102020,25102021 231227,   6,  7460.5, 89.784,129.556,0.001513,  0.1,202.851,2.62e-01, 15.6, 0.1, 29
   5, 11000,08112019,25102021 234018, 382,  7616.3, 99.492,214.783,0.006861,  0.1,352.748,3.85e+00, 15.1, -  , - 
   6, 11200,23072018,25102021 234043,   1,  7735.1, 56.507,150.259,0.014111,  0.1,274.661,5.08e-03, 16.9, 0.1,  2
   7, 11801,10052020,25102021 233526,   1,  7732.0, 51.340,230.577,0.091299,  0.1,158.310,4.40e-01, 15.0, 0.3,115
   8, 11900,11052020,26102021 002828,   1,  8025.1, 51.490,338.943,0.156632,359.9, 85.555,6.28e-02, 13.9, 0.1,  2
   9, 11901,13052020,26102021 002017,   1,  7955.5, 51.450,304.901,0.154577,359.9,112.731,4.49e-02, 13.6, 0.2,  4
  10, 11902,10052020,26102021 010910,   1,  7994.6, 51.411,314.710,0.152607,359.9,109.954,3.29e-02, 15.5, 0.1,  1
  11, 12002,03082020,26102021 003145,   1,  7067.4, 51.360, 92.703,0.061118,  0.0,294.926,8.41e-02, 17.0, 1.4,  3
  12, 12003,10082020,26102021 001204, 441,  7671.9, 50.976,284.027,0.061527,360.0,191.511,1.10e+01, 18.9, -  , - 
  13, 12101,30012020,26102021 000750, 635,  7928.4, 28.286,263.089,0.166414,  0.0,150.245,5.68e-03, 16.0, -  , 34
  14, 12102,17052020,26102021 001740,   1,  7006.3, 51.535, 22.358,0.023891,359.9,338.852,1.48e+00, 14.3, 0.7,153
  15, 12103,15052020,26102021 005251,   1,  8100.5, 51.646, 19.825,0.161699,359.9, 49.186,5.26e-02, 15.5, 0.1,  3
  16, 12200,29062020,25102021 232528,   1,  8133.7, 51.589, 50.334,0.161514,359.9, 31.334,2.70e-01, 20.7, 0.1, 10
  17, 12201,22072020,25102021 233239,   1,  7570.8, 51.385,242.506,0.094599,  0.1,155.930,1.63e+00, 17.0, 0.5, 69
  18, 12301,18052020,25102021 230211,   1,  8015.0, 51.509, 28.050,0.136837,359.9, 52.708,8.49e-01, 15.1, 0.4,156
  19, 12307,03082020,25102021 231808, 424,  8161.7, 50.973, 51.617,0.157499,359.9, 47.905,1.01e-02, 17.5,36.5, 10
  20, 12308,03082020,26102021 003120,   1,  7945.2, 51.398, 13.261,0.151087,359.9, 67.721,2.29e-01, 18.8, 0.3, 10
  21, 12309,10082020,26102021 004347, 117,  7977.2, 50.870, 46.711,0.143872,359.9, 69.479,1.03e-02, 15.8,20.1,  5
  22, 12400,09072019,26102021 001843,   1,  8140.8, 50.566, 75.639,0.110486,360.0,121.245,2.05e+01, 15.0, 2.4, - 
  23, 12402,11052020,25102021 235902,   4,  8272.7, 51.522,124.486,0.150476,  0.1,331.484,7.12e-01, 18.3, 1.0,313
  24, 12403,27072020,26102021 012807,   1,  8191.9, 51.624, 73.446,0.180025,360.0, 14.118,4.64e-02, 19.6, 0.1,  1
  25, 12404,03082020,25102021 232515,   1,  8130.3, 51.667, 83.065,0.143706,360.0,352.205,1.89e+00, 17.8, 0.7,288
  26, 12500,26122008,25102021 233934, 911,  8298.1, 63.349,312.296,0.092271,359.9,305.652,1.07e-02, 16.2,11.5, - 
  27, 12501,25092018,25102021 231545,   1,  7741.6,  6.322,347.831,0.134827,358.9,350.889,1.01e-01, 17.0, 0.6,  8
  28, 12502,11052020,26102021 005058,   1,  8292.3, 51.565,115.207,0.187178,  0.1,345.100,4.08e-02, 18.3, 0.1,  1
  29, 12508,10052020,26102021 002015,   1,  8071.6, 51.576, 45.351,0.147840,359.9, 31.795,1.02e+00, 18.1, 0.2, 71
  30, 12514,11052020,26102021 004212, 384,  8142.8, 50.989, 95.212,0.125976,  0.0, 44.284,3.87e+00, 16.6, -  , - 
  31, 12600,04032018,26102021 012327,1128,  7917.4, 28.285,255.076,0.165184,  0.1,164.763,5.83e-03, 15.8, 1.3, 64
  32, 12601,10052020,25102021 235144,   1,  7354.7, 51.021, 29.662,0.048673,359.9, 40.941,1.72e+00, 18.1, 0.7,297
  33, 12603,12052020,26102021 000758,   1,  7530.5, 50.938,224.509,0.075365,  0.1,244.685,2.88e-02, 18.2, 0.3,116
  34, 12610,17052020,25102021 233421,   1,  8114.3, 51.382, 59.005,0.155552,359.9, 40.804,7.88e-01, 16.8, 0.2, 47
  35, 12613,20052020,26102021 002326,   1,  7417.2, 51.219,246.628,0.065806,  0.1,155.429,3.84e+00, 14.3, 0.6,126
  36, 12615,20052020,26102021 003041,   2,  8330.5, 51.529,133.140,0.189442,  0.1,331.269,3.88e-02, 18.2, 0.1,  2
  37, 12616,24052020,25102021 232705,   1,  8337.0, 51.514,148.209,0.169501,  0.1,315.062,4.66e-02, 20.2, 0.1,  1
  38, 12617,29062020,26102021 003341,   1,  7830.1, 51.707, 39.616,0.144609,359.9, 29.210,2.67e-01, 17.1, 0.7, 12
  39, 12618,29062020,26102021 000226,   1,  8317.5, 51.561,124.812,0.188844,  0.1,336.937,3.16e-02, 19.2, 0.1,  1
  40, 12619,16072020,25102021 222418,   1,  8188.9, 51.411,118.245,0.159294,  0.1,353.305,1.80e+00, 16.3, 0.2, 45
  41, 12620,16072020,26102021 001508,  10,  8371.5, 51.493,153.699,0.187099,  0.1,313.592,4.52e-02, 20.4, 0.4,  8
  42, 12621,27072020,26102021 005250,   1,  8025.2, 51.520, 69.285,0.152916,359.9, 16.707,8.79e-01, 16.6, 0.4, 28
  43, 12625,03082020,25102021 232630,   2,  8350.8, 51.533,134.543,0.195443,  0.1,330.785,1.28e-02, 18.8, 0.1,  1
  44, 12700,18022009,26102021 004345, 421,  8405.4, 63.226,319.055,0.066897,359.9,148.538,3.07e-02, 16.9, -  , - 
  45, 12701,10052020,25102021 234931,   1,  8374.9, 51.529,185.264,0.140839,  0.2,285.986,1.66e-02, 14.7, 0.1,  8
  46, 12702,10052020,26102021 002234,   1,  8191.8, 51.539,113.877,0.163854,  0.1,344.105,7.86e-01, 14.6, 0.2, 25
  47, 12703,10052020,25102021 231647,   1,  8119.5, 51.391, 64.608,0.138057,359.9, 31.604,1.00e-02, 18.1, 0.1,  1
  48, 12705,11052020,26102021 002700,   1,  8308.4, 51.488,148.443,0.155223,  0.1,320.107,1.53e+00, 14.2, 0.4,146
  49, 12707,11052020,25102021 232412,   1,  8324.1, 51.257,151.006,0.147255,  0.1,326.916,1.53e+00, 14.2, 0.5,219
  50, 12708,11052020,26102021 002331,   1,  7601.5, 51.531,  8.103,0.112428,359.8, 55.213,7.70e-01, 18.0, 0.9, 58
  51, 12709,11052020,26102021 002520,   1,  8072.8, 51.609,105.628,0.160709,  0.0,344.063,6.82e-01, 14.6, 0.5, 53
  52, 12710,11052020,26102021 001707,   1,  8368.6, 51.577,171.409,0.168085,  0.2,288.096,2.16e-01, 17.6, 0.1, 11
  53, 12711,11052020,26102021 002855,   1,  8100.0, 51.135, 73.998,0.134864,360.0, 20.435,3.13e+00, 15.2, 0.6,216
  54, 12712,11052020,26102021 001749,   1,  8338.1, 51.550,153.795,0.175041,  0.1,311.093,4.58e-01, 13.9, 0.3, 36
  55, 12713,08052020,25102021 233238,   2,  8379.0, 51.494,160.305,0.186726,  0.1,307.541,7.68e-02, 20.0, 0.1,  3
  56, 12714,10052020,25102021 233031,   1,  7834.7, 51.691,117.809,0.137381,  0.1,339.772,1.31e+00, 14.4, 1.6,113
  57, 12715,08052020,26102021 012614,   1,  8101.0, 51.579,129.777,0.159369,  0.1,328.913,1.31e+00, 16.2, 1.1,142
  58, 12716,10052020,26102021 005835,   1,  8427.9, 51.469,179.287,0.191552,  0.2,291.273,1.69e-02, 18.4, 0.1,  1
  59, 12719,11052020,25102021 234856,   2,  8338.8, 51.555,137.030,0.183365,  0.1,324.939,2.26e-02, 17.9, 0.1,  1
  60, 12720,11052020,25102021 232148,   2,  7989.0, 51.324, 64.475,0.141909,359.9, 23.569,2.34e+00, 18.4, 1.0,227
  61, 12721,08052020,25102021 233529,   1,  8329.5, 51.576,150.418,0.169254,  0.1,308.621,1.00e-02, 19.9, 0.1,  2
  62, 12725,23052020,25102021 231039,   2,  8264.8, 51.508,139.166,0.173280,  0.1,326.002,6.25e-01, 15.8, 0.3, 28
  63, 12726,10052020,25102021 234014,  96,  7440.1, 51.113,347.652,0.089303,359.9, 87.244,1.11e-02, 14.8,27.2,  4
  64, 12729,29062020,26102021 013101,   1,  8402.5, 51.462,168.245,0.189294,  0.1,302.137,4.20e-02, 19.4, 0.1,  1
  65, 12730,29062020,25102021 234451,   1,  8354.5, 51.613,182.299,0.151033,  0.2,283.122,3.37e+00, 15.9, 0.3,101
  66, 12732,16072020,25102021 235441,   2,  8344.2, 51.498,154.861,0.183736,  0.1,312.327,2.09e-01, 17.7, 0.1,  8
  67, 12734,16072020,25102021 234720,   1,  8297.4, 51.538,147.180,0.183356,  0.1,316.520,2.41e-01, 17.9, 0.1, 13
  68, 12735,27072020,26102021 011107,   1,  8297.1, 51.496,149.040,0.177842,  0.1,318.383,4.52e-01, 18.2, 0.1, 11
  69, 12736,27072020,25102021 235634,   1,  8190.7, 51.444,127.188,0.158955,  0.1,346.702,2.50e+00, 18.6, 0.3, 80
  70, 12737,27072020,25102021 234113,  36,  8367.7, 51.458,163.903,0.184470,  0.1,306.696,2.44e-01, 16.3,14.5,208
  71, 12739,03082020,25102021 234437,   2,  8352.4, 51.478,164.310,0.178629,  0.1,306.892,3.94e-01, 18.3, 0.2, 47
  72, 12802,24092018,25102021 230428,   1,  7936.4, 51.584, 23.433,0.145430,359.9,302.124,3.94e-01, 21.6, 0.6, 43
  73, 12803,18082018,26102021 000603, 988,  7754.8, 25.419, 28.665,0.148058,359.8, 15.336,1.14e-02, 16.1, 1.5,164
  74, 12804,11052020,26102021 004206,   1,  8151.5, 51.524,133.740,0.162831,  0.1,331.851,1.30e+00, 13.4, 0.3, 47
  75, 12805,11052020,26102021 001720,   1,  7375.1, 51.321,268.582,0.063404,  0.0,133.064,3.56e+00, 14.6, 0.8,255
  76, 12809,12052020,26102021 003252,   1,  8236.1, 51.489,162.848,0.165738,  0.1,302.060,1.29e+00, 15.5, 0.5,116
  77, 12810,12052020,26102021 000105,  19,  8432.6, 51.188,214.985,0.144264,  0.1,284.923,5.27e+00, 16.9,11.6, - 
  78, 12812,11052020,25102021 223622,   1,  8018.1, 51.533, 96.646,0.158274,  0.0,  2.368,6.05e-01, 19.7, 0.4, 35
  79, 12813,11052020,26102021 001147,   1,  7661.9, 51.265,286.660,0.092775,360.0,113.853,3.16e+00, 17.8, 1.5,594
  80, 12814,10052020,26102021 001300, 422,  8264.8, 51.077,122.827,0.132260,  0.1, 17.123,9.13e-03, 17.9, 2.3,369
  81, 12816,12052020,26102021 003235,  51,  8372.6, 51.442,199.388,0.145185,  0.1,271.508,1.00e-02, 18.2, 0.1,  3
  82, 12817,12052020,26102021 004851,   1,  8044.9, 51.636, 94.850,0.158423,  0.0,352.517,1.02e+00, 19.3, 0.5, 86
  83, 12819,16052020,25102021 234833,   1,  8443.8, 51.401,205.143,0.188262,  0.1,272.196,3.79e-01, 17.5, 0.1, 43
  84, 12820,20052020,25102021 235918,   1,  8238.7, 51.730,156.638,0.171584,  0.1,299.909,8.36e-01, 18.9, 0.4, 59
  85, 12821,29062020,25102021 235101,   1,  8417.5, 51.475,172.549,0.191088,  0.2,298.552,5.48e-03, 17.9, 0.1,  1
  86, 12822,29062020,26102021 010714,   1,  8426.9, 51.444,200.122,0.168988,  0.1,271.038,2.37e-01, 16.0, 0.1, 14
  87, 12823,16072020,26102021 001948,   2,  8408.7, 51.460,175.276,0.190390,  0.2,296.403,9.23e-02, 21.0, 0.1,  4
  88, 12824,16072020,26102021 004325,   1,  8407.5, 51.457,179.838,0.186867,  0.2,292.118,1.79e-01, 19.2, 0.1,  6
  89, 12825,27072020,25102021 234903,  15,  8237.9, 52.133,175.207,0.077968,  0.2,289.674,1.02e+00, 15.2,10.7, - 
  90, 12826,22072020,25102021 231002,   1,  7978.8, 51.553,118.506,0.158701,  0.1,346.335,6.22e-01, 15.6, 1.0, 37
  91, 12828,03082020,26102021 001145,   1,  7857.5, 51.571, 86.790,0.139658,360.0,  2.664,4.71e-01, 16.3, 1.1,101
  92, 12829,03082020,25102021 233249,   2,  8421.1, 51.414,181.578,0.188265,  0.2,293.451,1.03e-01, 18.6, 0.1,  8
  93, 12900,06032016,26102021 012954,1612,  8477.0, 63.368,217.894,0.104850,  0.1,294.482,1.80e-01, 14.7, -  , - 
  94, 12901,10052020,25102021 233742,   1,  8463.0, 51.320,208.777,0.182747,  0.1,272.501,2.75e-01, 16.9, 0.1, 55
  95, 12902,10052020,26102021 002448, 427,  7640.8, 51.277,240.639,0.067374,  0.1,166.521,7.37e+00, 17.4, -  , - 
  96, 12904,10052020,26102021 003550,   1,  8010.5, 50.945, 62.723,0.109418,359.9, 62.389,3.01e+00, 15.8, 1.4,554
  97, 12905,11052020,25102021 232920,   1,  8354.5, 51.483,161.252,0.183787,  0.1,307.613,2.73e-01, 19.5, 0.1, 12
  98, 12907,16072020,25102021 234323,   1,  8376.8, 51.196,187.655,0.145257,  0.2,282.611,1.34e+00, 16.3, 0.5,179
  99, 12910,03082020,26102021 000956,  69,  7833.6, 51.650,125.830,0.129425,  0.1,337.158,2.77e+00, 17.0,32.6, - 
 100, 13000,20032017,26102021 004658,   1,  7898.4, 61.760,359.821,0.154727,359.9, 77.110,6.90e-02, 17.1, 0.3,  3
 101, 13001,11052020,25102021 233919,   1,  8438.9, 51.461,188.621,0.190195,  0.2,282.087,5.72e-02, 18.7, 0.1,  3
 102, 13003,29062020,25102021 224844,   1,  8490.3, 51.365,211.850,0.202077,  0.1,269.359,7.21e-02, 17.0, 0.1,  2
 103, 13004,29062020,26102021 000347,   9,  8491.3, 51.989,268.001,0.142549,  0.0,245.328,1.10e+01, 12.4,13.9, - 
 104, 13005,22072020,26102021 002235, 216,  8464.7, 51.374,228.547,0.159438,  0.1,266.279,3.02e+00, 17.0, -  , - 
 105, 13100,03082020,25102021 233341,   1,  8575.4, 51.400,281.371,0.169707,360.0,197.826,5.75e-02, 14.7, 0.1,  3
 106, 13201,19052020,25102021 235359,   1,  8536.8, 51.389,242.060,0.196026,  0.1,238.041,2.53e-01, 18.0, 0.1, 20
 107, 13204,20052020,26102021 011247,   1,  8265.8, 51.459,218.810,0.175111,  0.1,257.085,1.11e+00, 17.2, 0.4, 53
 108, 13300,01102018,26102021 001423,   1,  8351.5, 62.136,108.611,0.194242,  0.0,278.211,7.22e-02, 15.1, 0.3,  3
 109, 13400,06122016,26102021 001529,1051,  7372.8, 64.606,106.331,0.091118,  0.0,183.409,2.58e-01, 16.4,13.1, - 
 110, 13501,24092018,25102021 233210,   5,  8437.6, 34.205,133.226,0.215247,  0.1,251.196,5.31e-03, 21.2, 0.1,  3
 111, 13503,27072020,26102021 003137,   1,  8721.0, 51.537,344.989,0.180574,359.9,144.401,7.41e-02, 15.6, 0.1,  3
 112, 13504,29062020,25102021 224916,   1,  8714.6, 51.701,343.320,0.191512,359.9,136.969,1.00e-02, 14.3, 0.1, 16
 113, 13600,11102008,26102021 002751, 643,  8795.0, 63.160,188.820,0.100949,  0.1,196.963,8.56e-02, 16.4,43.1, - 
 114, 13603,29062020,25102021 233650,   1,  8740.9, 51.415, 10.151,0.193587,359.8,148.955,1.63e+00, 14.1, 0.8,300
 115, 13700,14022015,26102021 003637, 844,  8249.3, 57.004,  4.323,0.179719,359.9,285.483,2.00e-01, 17.0, -  , - 
 116, 13702,29062020,25102021 230350,   1,  8732.1, 51.449,350.312,0.205506,359.8,148.549,1.35e+00, 17.6, 0.5,206
 117, 13703,06072020,25102021 232454,   1,  8599.3, 51.265,357.229,0.160678,359.8,184.056,1.46e+01, 17.3, 2.7, - 
 118, 13801,01102018,26102021 003150, 159,  8800.3, 63.284,295.359,0.230131,359.9,317.028,1.15e-01, 18.0, -  ,844
 119, 13802,09072020,26102021 002728,   1,  8855.9, 51.380, 52.676,0.178474,359.9,103.405,9.94e-01, 20.0, 0.5,172
 120, 13900,29062020,26102021 002557,   1,  8881.6, 51.466, 46.982,0.205709,359.9, 90.785,3.52e-02, 17.5, 0.2, 90
 121, 13901,27072020,26102021 000134, 111,  8895.4, 51.242, 62.356,0.129388,359.9,322.704,6.65e-02, 16.5,37.4, 91
 122, 14001,27072020,25102021 234445,   1,  8964.9, 51.603, 57.838,0.219381,359.9, 97.128,7.95e-02, 17.5, 0.1,  2
 123, 14100,20092016,25102021 233955, 587,  8804.0, 56.774,264.736,0.230249,  0.0,242.015,3.29e-01, 17.0, -  , - 
 124, 14102,18022018,25102021 221512,1163,  8840.6, 49.821, 62.945,0.166580,359.9,  4.304,4.56e+00, 16.8, -  , - 
 125, 14202,16072020,25102021 231127,   1,  8987.1, 51.444,111.772,0.182781,  0.1, 62.222,2.60e-02, 18.0, 0.1, 43
 126, 14203,27072020,26102021 010731,   2,  9026.7, 51.422, 99.346,0.214417,  0.0, 71.213,2.13e+00, 17.7, 0.2, 81
 127, 14300,29062020,26102021 001728, 339,  9063.2, 51.074,129.221,0.207358,  0.1, 67.311,1.00e-02, 17.6, -  , - 
 128, 14301,09072020,26102021 004033, 131,  8299.6, 50.952,307.881,0.181824,359.9,109.848,1.00e-02, 16.6,27.8,497
 129, 14302,16072020,26102021 002039,   1,  8937.9, 51.120,100.824,0.200335,  0.0, 72.699,9.83e-03, 17.0, 0.3,  3
 130, 14303,27072020,25102021 222417, 132,  9068.5, 51.665,118.115,0.208473,  0.1, 47.852,9.82e-03, 16.5, 0.9, 10
 131, 14304,03082020,25102021 224519,   1,  9078.0, 51.565,108.371,0.215427,  0.0, 53.919,6.09e-02, 16.0, 0.1, 11
 132, 14306,04092020,25102021 235357, 416,  9109.3, 52.654,191.576,0.051590,  0.1,196.365,1.55e+01, 13.9, -  , - 
 133, 14402,27072020,26102021 002752,   2,  9120.7, 51.509,156.870,0.183817,  0.1, 19.040,1.14e-01, 16.0, 0.9,324
 134, 14404,03082020,26102021 000415,   1,  9008.3, 51.104,115.218,0.236625,  0.1, 78.457,4.13e+00, 14.6, 0.7,207
 135, 14405,03082020,26102021 005504,   1,  8656.5, 51.202, 88.164,0.207257,360.0,109.786,1.27e-02, 13.9, 0.1,  2
 136, 14500,16032015,26102021 012707,2287,  8655.6, 57.020,  1.951,0.204279,359.9,341.049,2.33e-01, 16.8,64.5, - 
 137, 14501,19092018,26102021 011605, 134,  8975.8, 64.662,  3.959,0.249503,359.9,133.487,1.00e-02, 17.0,57.1,  4
 138, 14502,22062009,26102021 005324,   1,  7860.3, 38.855,311.950,0.166575,359.9,172.837,3.84e-03, 17.8, 2.9,  1
 139, 14504,13012007,25102021 231736,   1,  8763.2, 38.712,299.145,0.250592,359.9,332.272,4.26e-03, 19.0, 0.9,  1
 140, 14506,09072020,25102021 223912, 431,  9157.7, 51.256,118.654,0.244000,  0.1, 69.771,3.10e+00, 16.0, -  , - 
 141, 14600,03112015,26102021 000451,   1,  9213.9, 64.729,139.198,0.169195,  0.1,194.497,1.27e+00, 15.6, 0.7,265
 142, 14601,20052020,26102021 010144,   1,  8956.4, 51.500,151.997,0.231114,  0.1, 38.569,5.13e+00, 13.6, 3.4,751
 143, 14602,29062020,25102021 234947, 126,  9191.4, 51.052,155.254,0.210195,  0.1, 17.739,1.37e+00, 17.0,52.5, - 
 144, 14603,29062020,25102021 230401,   5,  8676.6, 50.836, 20.900,0.158529,359.9,149.958,6.42e-01, 17.1, 1.1,427
 145, 14605,27072020,25102021 231025,   1,  8943.1, 51.366,130.225,0.217992,  0.1, 43.612,1.57e+00, 15.1, 0.8,226
 146, 14700,24092018,25102021 231019, 309,  9195.6, 62.586,316.375,0.120944,359.9,193.505,1.34e+01, 17.0, -  , - 
 147, 14702,29062020,26102021 012102,   1,  9004.1, 51.442,180.788,0.227649,  0.2,359.413,6.89e-02, 15.5, 0.1, 11
 148, 14703,16072020,25102021 230734, 420,  9218.3, 51.732,187.607,0.190857,  0.2,327.796,3.55e-02, 12.9, 5.7,554
 149, 14704,16072020,25102021 234534,   1,  7789.0, 50.907,272.159,0.118216,360.0,223.468,7.80e+00, 17.0, 3.4, - 
 150, 14705,27072020,25102021 234455,  55,  8701.0, 51.759,141.801,0.219941,  0.1, 34.115,1.46e+00, 14.9,23.2, - 
 151, 14708,28082020,26102021 001149,   1,  9180.8, 50.818,185.492,0.232710,  0.2, 45.739,1.00e-02, 14.6, 0.4,  3
 152, 14709,17092020,25102021 233830, 366,  9280.6, 52.408,207.659,0.217542,  0.1,312.150,3.86e+00, 14.2, -  , - 
 153, 14800,21122012,25102021 234558,   0,  9315.3, 28.214,256.915,0.239572,  0.1, 15.446,1.06e-02, 10.3, 0.1,  1
 154, 14801,01072015,26102021 003711,   1,  9179.5, 56.869,314.535,0.248758,359.9, 80.753,1.64e-01, 15.3, 0.1, 10
 155, 14802,03112013,26102021 010947,   1,  9292.0, 63.484, 11.930,0.026856,359.9,302.647,5.00e-02, 11.5, 0.1,  2
 156, 14803,16072020,26102021 010625,   1,  8990.6, 51.526,163.543,0.225722,  0.1,  8.942,4.49e-02, 16.0, 0.1,  7
 157, 14805,01092020,25102021 230907, 371,  9213.6, 51.286,200.345,0.230431,  0.1,  2.810,8.81e+00, 14.4, -  , - 
 158, 14900,06082015,25102021 234810,   1,  9266.4, 57.051,151.685,0.256152,  0.1,314.573,1.91e-01, 19.6, 0.1,  8
 159, 14901,30122006,25102021 234547,   1,  9192.8, 56.934,215.417,0.256413,  0.1,304.197,2.16e-01, 19.8, 0.1, 16
 160, 14902,21012016,25102021 230406,  26,  9302.4, 19.824, 25.627,0.214044,359.7,158.843,3.14e+00, 15.3, 9.2, - 
 161, 15101,19062016,26102021 002517,   2,  7923.9, 63.043,112.816,0.160019,  0.1,100.668,1.28e-01, 20.6, 3.2,  7
 162, 15102,25072016,26102021 001137, 201,  8685.7, 63.171, 59.899,0.239526,359.9, 75.818,2.11e-02, 20.0, -  , 66
 163, 15103,20112018,25102021 234020,   1,  9396.9, 57.008,187.499,0.271316,  0.1,140.804,1.84e-01, 20.1, 0.1, 22
 164, 15104,27032008,25102021 234041,   2,  9362.4, 57.059,103.992,0.268970,  0.0,208.170,3.27e-01, 20.0, 0.1, 29
 165, 15105,24092019,25102021 232447,   8,  9405.6, 46.400,343.595,0.169772,359.8,201.071,2.11e+01, 14.1, 2.5,864
 166, 15106,16072020,26102021 012518,   1,  9187.9, 53.156,186.393,0.224999,  0.1,103.189,1.34e-02, 17.0, 0.1,  2
 167, 15200,27072020,25102021 224146,   2,  9455.7, 51.110,228.298,0.236530,  0.1,334.048,8.62e-01, 18.5, 0.6,208
 168, 15201,27072020,25102021 220458,   1,  9433.0, 51.427,235.295,0.249041,  0.1,311.833,5.32e+00, 17.4, 0.2, 90
 169, 15202,01042021,26102021 005823,  20,  9302.3, 57.205, 98.994,0.278649,  0.0,197.101,3.36e-02, 17.5, 3.2, 57
 170, 15300,31052013,25102021 230927,   0,  9507.5, 28.345, 78.207,0.213643,359.9, 68.341,1.09e-02, 10.6, 0.1,  1
 171, 15301,12122015,26102021 003802,   1,  9409.7, 56.931,177.635,0.272693,  0.1,178.507,1.98e-01, 16.8, 0.1,  8
 172, 15400,16092018,26102021 002509, 180,  8905.0, 51.325,354.800,0.247411,359.8,149.890,1.16e-01, 17.0, -  ,326
 173, 15500,12122009,26102021 001328,   2,  8058.9,102.301,336.297,0.022239,359.9,173.355,1.00e-02, 14.0, 0.1,  8
 174, 15501,01102018,25102021 233752, 157,  9392.0, 63.328,210.393,0.290681,  0.1,253.484,2.25e-02, 18.0, -  , 43
 175, 15502,12032020,26102021 010323,  12,  9417.5, 65.066,140.724,0.273390,  0.1, 67.577,3.44e+00, 17.0,51.3, - 
 176, 15503,16072020,25102021 223008, 426,  9696.8, 51.503,260.865,0.225999,  0.0,293.743,1.12e+00, 16.5, -  , - 
 177, 15504,16072020,25102021 235902, 419,  9593.2, 51.297,227.246,0.284221,  0.1,333.060,6.26e-01, 16.6, -  , - 
 178, 15505,27072020,25102021 235809, 431,  9523.1, 51.500,240.614,0.275922,  0.1,317.670,3.99e+00, 16.0, -  , - 
 179, 15600,30092018,25102021 225011,   2,  9289.5, 51.321,253.073,0.274177,  0.0,189.566,1.29e-01, 17.0, 0.4,  9
 180, 15601,16072020,25102021 232415, 120,  9596.6, 52.051,273.679,0.252294,360.0,279.108,3.42e-03, 17.0, 0.5,  3
 181, 15602,16072020,25102021 231400, 424,  9602.0, 51.334,239.204,0.274826,  0.1,322.873,3.78e-01, 17.0,50.4, - 
 182, 15603,16072020,25102021 222946, 462,  9621.4, 52.280,271.738,0.271412,360.0,256.900,2.34e-01, 17.0, -  , - 
 183, 15605,27072020,26102021 004941, 424,  9631.6, 51.162,237.760,0.281949,  0.1,334.881,1.86e-02, 17.0,10.6,942
 184, 15700,24062008,26102021 013634,   1,  9658.7, 65.927,320.448,0.275748,359.9,173.750,5.27e-01, 18.7, 0.1, 55
 185, 15701,30092018,26102021 004057,   1,  9596.8, 53.985,280.943,0.185178,360.0,168.820,2.60e+00, 17.0, 0.7,276
 186, 15702,16072020,25102021 234423, 463,  9666.5, 51.848,262.648,0.284721,  0.0,280.036,1.80e-01, 17.0, -  , - 
 187, 15800,04032018,25102021 234256, 117,  9018.8, 56.975, 22.139,0.255650,359.9,233.560,1.96e-01, 16.5, -  , - 
 188, 15801,12022019,25102021 223638,   2,  9691.4, 56.837,232.661,0.285949,  0.1, 12.017,2.31e-01, 17.6, 0.1, 11
 189, 15802,20122019,25102021 232725, 552,  9710.5, 56.974,188.936,0.296016,  0.1,154.371,3.91e-01, 17.0, -  , - 
 190, 15804,03082020,25102021 231906, 251,  9128.7, 50.007,130.746,0.259099,  0.1,154.653,7.93e-03, 17.5, -  , 15
 191, 16000,25082015,26102021 005718,   2,  9702.0, 56.965,188.737,0.293798,  0.1,155.481,1.28e-01, 17.8, 0.1, 14
 192, 16002,28052020,26102021 002122, 219,  9774.6, 84.253,183.995,0.283037,  0.1,120.074,8.51e-01, 17.0,66.1, - 
 193, 16100,25102013,25102021 233412,   1,  9749.5, 56.909,180.380,0.311099,  0.1,163.350,7.29e-03, 12.2, 0.1,  1
 194, 16101,07032004,25102021 231724,  83,  9738.1, 57.000,167.099,0.293676,  0.1,186.820,2.04e-01, 19.5,22.8, - 
 195, 16103,28092018,26102021 001805, 904,  9795.0, 65.098,127.905,0.266190,  0.1,202.220,4.96e+00, 18.8, -  , - 
 196, 16201,01102018,26102021 013213,   1,  9875.3, 85.110,101.204,0.262011,  0.0, 50.548,1.25e+00, 17.6, 0.1, 20
 197, 16202,09022019,26102021 002053,   1,  9838.9, 56.916,293.880,0.301291,359.9,125.909,1.79e-01, 20.3, 0.1, 16
 198, 16204,22072021,25102021 235707,  88,  8710.1, 63.158,303.309,0.244319,359.9, 29.056,1.03e-02, 17.0, 8.6,  9
 199, 16300,25112008,25102021 233933,   2,  9890.4, 57.151, 94.006,0.308844,  0.0, 49.446,1.22e-01, 17.0, 0.1, 18
 200, 16301,27092018,26102021 004824,   1,  9882.7, 85.228,157.085,0.245623,  0.1, 98.893,1.58e+00, 17.8, 0.1, 24
 201, 16400,24112008,26102021 012705,   1,  9904.2, 57.095, 47.423,0.304689,359.9, 99.613,1.99e-01, 19.7, 0.1,  6
 202, 16401,13072017,25102021 221803, 973,  9923.6, 56.912,240.615,0.311831,  0.1, 23.644,7.27e-01, 17.3, -  , - 
 203, 16402,30092018,26102021 001008,   2,  9949.6, 86.255,310.796,0.187677,359.9,300.646,1.24e+00, 19.1, 0.2, 62
 204, 16403,22092018,25102021 224119, 989,  9970.2, 89.354,  5.350,0.190643,359.9,272.283,2.34e-01, 17.0, -  , - 
 205, 16404,23092018,26102021 014133, 171,  9909.1, 85.788,150.047,0.221767,  0.1, 74.695,1.57e+00, 18.6,13.9, - 
 206, 16405,30092018,26102021 001604,   1,  9951.7, 62.601, 61.894,0.305935,359.9,329.011,2.33e-01, 17.0, 0.1, 16
 207, 16407,03082019,25102021 234740, 767,  9938.8, 65.478,  8.958,0.310862,359.9,250.868,5.74e-01, 17.0, -  , - 
 208, 16500,22092018,26102021 003852,   1,  9977.0, 63.379,344.119,0.306735,359.9,319.735,9.07e-02, 18.7, 0.1, 12
 209, 16501,15032014,25102021 230216,   1, 10054.8, 56.881,336.449,0.311446,359.9, 16.051,1.57e-01, 18.3, 0.1,  8
 210, 16600,15122017,25102021 223141, 811,  9994.8, 56.938,182.674,0.315601,  0.1,222.438,2.55e-01, 16.3, -  , - 
 211, 16601,04012007,25102021 234753,   1,  9575.2, 38.763,298.273,0.314459,359.9, 70.555,3.64e-03, 19.0, 0.8,  1
 212, 16800,12122008,26102021 010950,  34, 10096.9, 57.093,124.859,0.315263,  0.1,274.186,1.48e-01, 20.0, 1.4,156
 213, 16901,21102017,26102021 010639,   2, 10166.8, 56.866,247.585,0.320477,  0.1,195.768,1.13e-01, 20.0, 0.1, 17
 214, 16902,12012009,25102021 234529,   1, 10126.7, 56.972,178.437,0.316922,  0.1,213.620,1.92e-01, 20.2, 0.1, 11
 215, 16904,22092019,26102021 011955,   1, 10146.2, 64.765,164.211,0.302137,  0.1, 58.462,1.81e-02, 18.1, 0.1,  3
 216, 17001,07062020,26102021 002613, 248, 10174.8, 59.886,331.687,0.296200,359.9,199.958,4.55e-01, 17.5,70.2, - 
 217, 17100,01022009,25102021 233120,   2, 10163.5, 56.888,225.213,0.320149,  0.1,212.168,1.12e-01, 16.8, 0.1,  9
 218, 17102,26022019,26102021 000404, 908,  9796.8, 48.247, 31.283,0.276750,359.9,194.362,3.11e+00, 16.3, -  , - 
 219, 17200,30092018,26102021 001040,   4, 10242.5, 63.857,126.896,0.320581,  0.1,295.993,2.36e-02, 17.4, 0.1, 14
 220, 17300,01101995,26102021 002143, 201, 10261.1, 62.914,  3.500,0.327719,359.9,245.347,7.32e-02, 13.6,26.0, - 
 221, 17700,23012017,26102021 010834,1263, 10108.7, 59.638,282.412,0.315535,360.0,233.121,6.15e-01, 18.5, -  , - 
 222, 17701,30092018,26102021 001800,   4, 10424.0, 63.344, 67.341,0.219738,359.9,102.895,5.54e-01, 18.2, 1.8,640
 223, 17801,22112008,25102021 225459,   1, 10140.6, 34.647,347.781,0.350938,359.8,226.585,3.73e-03, 19.4, 0.3,  1
 224, 17900,11012018,25102021 214244, 231, 10107.0, 64.850,278.630,0.325271,360.0,260.306,1.89e+00, 17.5, -  , - 
 225, 17901,11032020,26102021 005810, 348,  8532.5, 64.954, 75.179,0.214291,360.0, 17.488,1.18e+00, 17.0,27.7, - 
 226, 18000,28062021,26102021 003631,  19, 10157.5, 62.586,227.317,0.347348,  0.1, 94.121,1.59e-01, 17.0, -  ,274
 227, 18201,09122019,26102021 013050,  32, 10452.5, 61.982,121.228,0.363066,  0.1,107.792,2.60e-02, 17.0, -  , 16
 228, 18202,20032021,25102021 233524,  31, 10677.2, 64.059,240.843,0.333502,  0.1,114.019,4.38e+00, 16.5,13.6, - 
 229, 18300,17072013,26102021 010824,   1, 10677.3, 57.137, 61.723,0.352353,359.9,155.026,7.85e-03, 12.2, 0.1,  1
 230, 18400,25092018,26102021 013342,  76, 10701.3, 46.886, 80.055,0.289740,360.0,265.876,2.70e+00, 18.6,45.1, - 
 231, 18500,21012020,25102021 232034,  12, 10545.8, 64.424, 52.056,0.364033,359.9,  0.612,7.24e-01, 17.4, -  ,200
 232, 18600,04112017,26102021 012915,   2, 10784.2, 62.901, 76.636,0.362274,360.0,155.059,1.50e-01, 16.8, 0.1,  8
 233, 18900,17052018,25102021 224631, 862,  8634.3, 51.592,117.538,0.227425,  0.1,220.964,3.11e-01, 15.6,69.6, - 
 234, 19000,23062021,25102021 233436, 124, 10147.2, 64.699,309.220,0.318978,359.9,114.039,3.48e+00, 17.0, -  , - 
 235, 19100,24012018,25102021 213625, 449, 11053.6, 61.354,340.502,0.340353,359.9,293.974,2.87e+00, 16.4, -  , - 
 236, 19101,15052020,26102021 011646, 480,  9828.1, 64.791,178.252,0.308011,  0.1,330.777,1.63e+00, 17.0,48.4, - 
 237, 19400,09052021,25102021 230039,  54, 11099.3,  6.642,101.136,0.395660,  0.2,272.363,1.84e-02, 16.9, -  , 17
 238, 19700,01102018,25102021 224747, 166, 10862.8, 51.648,269.316,0.377577,  0.0,158.172,1.42e-01, 17.0, -  ,349
 239, 19800,17082017,25102021 234719,   3, 10852.3, 62.003, 31.336,0.378841,359.9,216.220,9.05e-02, 18.2, 2.7,  9
 240, 19900,11052013,26102021 012237,   1,  9220.7, 57.292,  4.035,0.286013,359.9, 86.874,1.13e-02, 10.7, 0.5,  1
 241, 19901,04062020,25102021 223756,  90, 11268.7, 48.590,169.288,0.398706,  0.2,233.652,1.39e-01, 17.0, -  , 79
 242, 19902,17062021,25102021 235511,  60,  9688.8, 63.259,194.050,0.320078,  0.1, 41.862,3.03e-01, 16.5, 1.0,361
 243, 20100,03112011,25102021 231930,   1, 11391.8, 63.726,159.623,0.385751,  0.1,263.845,1.41e-02, 13.5, 0.1,  1
 244, 20101,19092007,25102021 230223,   2, 11121.2, 34.762,242.828,0.406644,  0.1,355.175,3.07e-03, 19.2, 0.4,  1
 245, 20201,13102007,26102021 003222,   1, 11328.1, 34.942,348.318,0.417413,359.8, 18.971,3.06e-03, 19.1, 0.2,  2
 246, 20500,02072012,26102021 000148,  69,  8369.0, 51.413,183.896,0.198163,  0.2,353.012,1.44e-01, 17.0, -  ,223
 247, 20501,29092018,25102021 234331,   9, 11473.3, 62.722,309.366,0.399399,359.9,167.359,9.58e-02, 17.0, 0.2, 51
 248, 20700,01102018,26102021 002204, 310, 11124.1, 62.393,237.855,0.393065,  0.1,184.669,1.17e-01, 18.0, -  ,789
 249, 20800,29092018,25102021 222845, 907, 11577.8, 61.409,158.174,0.403488,  0.1,291.549,1.25e+00, 19.7, -  , - 
 250, 21000,24092018,26102021 003144, 226, 11721.6, 63.797,126.465,0.382192,  0.1,309.469,8.84e-02, 18.1, 3.1,530
 251, 21300,22092018,26102021 003729, 207, 11856.3, 26.151,168.827,0.366680,  0.3,359.852,5.43e-02, 17.8, 3.9, - 
 252, 21400,08092017,25102021 215110,   8, 11875.1, 47.908,259.141,0.388605,  0.0,147.358,9.58e-01, 15.4, 0.3,105
 253, 21401,30092018,26102021 020810, 201, 11858.2, 64.461,304.634,0.377716,359.9, 34.759,1.00e-02, 19.7,37.2,173
 254, 21402,25062020,25102021 225919,  30, 11822.9, 62.473,113.415,0.429396,  0.1,  9.431,5.54e-02, 17.8,19.8, 22
 255, 21700,14012018,25102021 211709,  21, 11368.3, 65.193,340.210,0.415235,359.9,315.645,2.20e-02, 17.0,59.8,  7
 256, 21900,24122016,26102021 002137, 582, 11777.2,  6.338,147.484,0.424721,  0.9,154.908,1.24e-01, 16.8, -  , - 
 257, 21901,08022021,26102021 001045, 253, 12091.1, 49.622,159.416,0.118059,  0.1, 27.367,3.36e+01, 16.4, -  , - 
 258, 22100,15072012,25102021 232037,  10, 11811.7, 39.850,234.459,0.439205,  0.1,260.590,4.09e-03, 19.1, 0.4,  2
 259, 22600,30062012,26102021 001943,3048,  9928.1, 61.725,270.100,0.324620,  0.0,145.439,1.52e-01, 17.0,27.1, - 
 260, 22601,13082018,26102021 002705, 212, 11435.4, 62.521,257.820,0.419004,  0.0, 92.668,8.76e-02, 16.8, 3.3, - 
 261, 22700,31102009,25102021 220559,  56, 12185.3, 52.111,340.182,0.444117,359.9,228.216,3.38e-01, 17.0, -  ,602
 262, 22801,04082007,26102021 004607,  85, 12258.8, 34.461,343.997,0.459109,359.8,248.762,2.77e-03, 19.7, -  , 10
 263, 23200,10062016,26102021 000630,   2, 12457.7, 45.911,346.967,0.456104,359.8, 19.312,4.09e-02, 19.2, 0.1,  2
 264, 23400,04052015,26102021 002810,   2, 12473.4, 52.571,261.552,0.430477,  0.0,335.389,1.55e+00, 17.6, 0.6,199
 265, 23500,24102017,25102021 230751,  95, 11728.8, 24.772,268.109,0.421678,  0.0,307.428,7.42e-02, 15.6,19.5,200
 266, 23800,11122012,25102021 233819,   1, 12761.7, 63.333,321.413,0.405942,359.9,265.075,8.02e-03, 12.7, 0.1,  2
 267, 23801,16122017,25102021 222020,1376, 12751.8, 63.117,308.078,0.404472,359.9,308.144,1.53e+00, 19.3, -  , - 
 268, 23900,02092006,26102021 010451,  27, 12337.9, 39.015,316.235,0.467261,359.9,120.240,2.95e-03, 19.7, -  ,  4
 269, 23901,19072009,25102021 235920,   2, 12123.1, 39.902,173.079,0.456676,  0.2, 48.997,3.45e-03, 18.9, 0.9,  1
 270, 24100,08092019,25102021 224451, 123, 12867.9, 64.591,279.772,0.466838,360.0, 97.877,5.97e-02, 19.6, 9.2, 66
 271, 24200,23092018,25102021 204615, 225, 12586.7, 20.323,341.716,0.468729,359.7,242.942,1.51e-02, 18.3, -  , 43
 272, 24600,21122014,26102021 014018,  27, 12616.6, 62.680,335.180,0.469460,359.9, 75.228,1.81e-01, 17.2, -  , 76
 273, 24602,20022009,25102021 223128,   2, 12994.1, 51.505,267.753,0.474415,  0.0,133.553,1.57e-01, 17.0, 0.1, 11
 274, 24700,19032010,25102021 225938,   1, 13035.7, 51.475,260.422,0.477896,  0.0,147.872,9.83e-02, 16.0, 0.1,  7
 275, 25000,05012017,26102021 015724,1747, 12990.5, 65.298, 86.015,0.471247,360.0,187.883,2.48e+00, 15.6, -  , - 
 276, 25001,22022009,25102021 234424,   1, 13159.5, 51.565,246.030,0.484617,  0.1,140.310,4.12e-02, 17.0, 0.1,  2
 277, 25100,31052021,25102021 235431,  36, 13103.2, 66.123,126.298,0.482947,  0.1, 76.522,2.84e+00, 17.0, -  , - 
 278, 25200,02012017,25102021 232236,   2, 13017.1, 61.829, 47.906,0.472096,359.9,210.017,5.22e-01, 19.5, 0.1, 21
 279, 25201,28052021,25102021 212904,  28, 13181.3, 66.155,125.736,0.485145,  0.1, 75.626,1.27e+00, 17.7, -  ,169
 280, 25500,03012018,26102021 000257, 810,  9501.1, 24.595,134.229,0.309088,  0.2,  7.702,2.56e-02, 16.7, 1.6,195
 281, 25601,28062017,26102021 010743,1163, 13409.3, 49.776, 80.536,0.209805,360.0, 47.357,8.95e+00, 16.2, -  , - 
 282, 25700,10072017,26102021 020521,   1, 12763.6, 20.677, 13.166,0.464197,359.7,158.383,9.69e-02, 16.5, 0.1,  3
 283, 25701,23122019,26102021 013316, 510, 13406.2, 63.130,125.395,0.480433,  0.1, 38.317,4.49e-01, 17.0, -  , - 
 284, 25800,07072016,25102021 213547,   2, 13440.0, 20.461,146.154,0.490527,  0.3,294.607,2.68e-02, 14.4, 0.1,  8
 285, 25900,06012007,25102021 221748,   1, 13493.7, 63.412,166.939,0.330857,  0.1,271.895,1.27e+00, 14.0, 0.1, 12
 286, 25901,02012013,25102021 214851,   1, 13463.6, 55.431, 10.308,0.484297,359.9,273.062,5.60e-03, 13.0, 0.1,  1
 287, 25902,29112010,25102021 222843,   1, 13479.3, 63.588,353.852,0.484254,359.9,250.237,1.11e-01, 14.0, 0.1,  1
 288, 25903,05122016,25102021 225714,   1, 12526.4, 40.124,114.367,0.474268,  0.1, 73.088,3.96e-03, 19.4, 0.2,  1
 289, 25905,10022010,25102021 230102, 106, 13466.5, 51.850,136.732,0.493586,  0.1,291.222,1.37e-01, 17.0,38.5,521
 290, 26000,30092012,25102021 212206,   1, 13514.6, 63.244,313.958,0.342056,359.9,266.650,4.11e-03, 13.1, 0.1,  1
 291, 26001,30092012,25102021 225046,   4, 13506.2, 63.327,188.017,0.334021,  0.1,271.250,4.33e-03, 12.9, 0.1,  1
 292, 26002,17022008,26102021 003609, 165, 13505.3, 51.823,124.343,0.494044,  0.1,325.419,6.80e-02, 17.0,74.2,838
 293, 26200,23122016,26102021 003049,  31, 13600.7, 65.059,108.459,0.503273,  0.0, 29.783,8.10e-02, 16.8,34.4, 64
 294, 26502,27072016,26102021 014424,  76, 13492.5, 64.096, 74.171,0.503596,360.0,357.867,1.81e-01, 17.0, 2.4,782
 295, 26503,18092021,25102021 232730,  14, 13682.3, 60.410,237.541,0.509734,  0.1, 38.093,1.59e-01, 17.0,44.3, 27
 296, 26601,01102018,26102021 002258, 227,  8882.4, 20.542,275.419,0.254445,360.0,268.107,1.07e-01, 16.8, 0.9,287
 297, 26700,29102014,25102021 235417,   2, 12090.8, 62.711,231.487,0.449886,  0.1,299.739,3.59e-02, 16.2, 0.8,  4
 298, 26800,31121993,25102021 221454,4142, 10488.4, 62.809, 17.964,0.365853,359.9,310.411,1.00e-02, 18.0, 3.5, 48
 299, 26900,15062015,26102021 014510,2298, 13805.2, 65.279,109.672,0.482233,  0.0,304.104,2.40e+00, 17.0, -  , - 
 300, 26901,28092018,25102021 222128,   3, 13811.1, 62.864,223.668,0.464477,  0.1,285.093,1.11e-02, 18.0, 0.1,  2
 301, 26902,01082019,26102021 010709,  27, 10738.6, 63.166,235.028,0.386106,  0.1, 37.891,1.69e-01, 17.0, -  ,461
 302, 27002,03012021,25102021 223709, 292, 13867.4, 26.914,352.264,0.497239,359.7,129.115,4.99e-01, 18.3,51.0,210
 303, 27100,27042016,26102021 005054, 611, 13663.0,  6.562,193.963,0.504936,  1.0, 77.577,7.60e-02, 17.4, -  ,566
 304, 27300,05012018,25102021 203124, 918, 13369.2, 66.483, 26.914,0.482791,359.9,251.402,2.26e+00, 14.6, -  , - 
 305, 27400,26052018,26102021 002834,  77, 13633.5, 62.005,338.738,0.517898,359.9, 61.155,8.65e-03, 17.6, -  , 13
 306, 27500,17072013,26102021 031200,   1, 13544.1, 60.691,239.234,0.508724,  0.1,142.141,1.08e-02, 10.6, 0.1,  1
 307, 27600,24022008,26102021 013408,  61, 14061.0, 52.008, 86.255,0.503677,360.0, 54.307,1.08e-01, 15.3, 3.0,520
 308, 27601,27022020,26102021 005208, 591, 13680.5, 24.438,101.410,0.509378,  0.1, 20.787,3.78e-02, 17.3, 0.2, 36
 309, 27700,30092018,25102021 233805,   1, 13587.9, 65.013,109.427,0.499170,  0.0,136.139,1.43e+00, 18.3, 1.1, 46
 310, 28001,01102018,26102021 013742, 164, 13854.6, 21.106, 54.562,0.518857,359.8,209.894,7.80e-02, 17.3, 0.7,107
 311, 28100,08112012,26102021 021824,2729, 14191.7,102.806,112.822,0.323416,  0.0,111.730,2.05e+01, 15.5, -  , - 
 312, 28200,05042018,25102021 214847, 515, 14327.5, 65.848,128.447,0.458756,  0.1,333.828,4.85e+00, 17.6, -  , - 
 313, 28201,29092018,25102021 233501,   3, 14203.1, 18.436,101.919,0.524939,  0.1,278.247,4.58e-02, 16.9, 0.1,  9
 314, 28300,22102011,26102021 013808,   1, 12828.7, 20.188,  3.640,0.481631,359.7,351.044,8.04e-03, 10.4, 0.1,  1
 315, 28400,13122016,25102021 234033, 131, 10118.6, 23.455,319.212,0.350034,359.8,335.226,8.67e-02, 17.1, 0.7,225
 316, 28402,22072019,25102021 224642, 826, 14289.4, 64.912,110.321,0.521341,  0.0,303.680,1.56e-02, 15.8, -  , 19
 317, 28800,13032018,26102021 013406,1064, 14505.4, 64.728,243.921,0.488767,  0.1, 93.872,3.06e+00, 15.9, -  , - 
 318, 28900,23122017,25102021 230815,1240,  9516.8, 64.534,207.230,0.291822,  0.1,111.587,6.63e-01, 17.0,28.0, - 
 319, 29000,22022018,25102021 223834,   1, 14138.4, 65.189,203.124,0.510967,  0.1,109.316,3.49e-01, 15.5, 0.1, 11
 320, 29501,07102020,26102021 015112,   8, 14715.8, 49.811,146.009,0.422484,  0.1, 78.047,3.67e+01, 15.5, 1.5,454
 321, 29600,15032018,26102021 024127,1265, 14696.6, 49.859,151.058,0.403171,  0.1, 73.771,3.48e+01, 14.3, -  , - 
 322, 29800,22072015,26102021 032555,2261, 14556.1, 25.689,344.110,0.504819,359.7,109.130,3.68e-01, 16.8, -  , - 
 323, 29801,02042018,26102021 020531, 220, 14480.9, 26.329, 41.403,0.536957,359.8, 68.565,2.80e-02, 19.1, -  , 92
 324, 30000,15082007,25102021 214436,  58, 14880.4, 50.639,358.857,0.476343,359.8, 50.961,1.17e-01, 17.7, 2.5,659
 325, 30101,03052017,25102021 225049, 331, 14087.2, 40.039,  6.396,0.532345,359.8,111.689,3.45e-03, 18.8, 0.2, 25
 326, 30102,13062017,26102021 005135, 862, 14977.7, 64.122,179.812,0.469859,  0.1,189.049,9.80e+00, 16.2, -  , - 
 327, 30200,27072017,26102021 013746,   3, 14924.4, 62.289,163.432,0.542639,  0.1, 51.732,1.25e-01, 15.2, 0.1,  5
 328, 30402,22032020,25102021 223533, 521, 12593.8, 64.897,271.928,0.466213,360.0,352.927,1.46e+00, 17.0,56.2, - 
 329, 30501,11082021,26102021 024452,  24, 15018.0, 15.522,209.094,0.547284,  0.4,338.791,3.04e-01, 13.5,17.8,291
 330, 30600,14032018,25102021 214747, 217, 12416.9, 63.789,166.676,0.461820,  0.1,  0.089,1.49e-01, 17.6, -  ,550
 331, 30700,20062009,26102021 040824, 258, 15114.9, 64.143,165.454,0.528600,  0.1, 40.791,1.41e-01, 16.9, 6.2, - 
 332, 30701,30092018,25102021 235238,  80, 14919.3, 65.148,288.407,0.539342,360.0,314.750,1.49e-01, 17.0,10.8,219
 333, 30702,16082021,26102021 014225,  59, 15041.0, 67.672,183.176,0.542892,  0.1,  4.720,6.13e+00, 18.0, -  , - 
 334, 31001,23062016,26102021 000257,  80, 13394.8, 24.457,  7.396,0.491609,359.7,309.611,6.66e-02, 15.0,20.0,220
 335, 31002,09042018,25102021 224134, 962, 15148.8, 46.566,153.163,0.494464,  0.1,216.398,7.06e+00, 16.1, -  , - 
 336, 31006,10072021,26102021 041707,  26, 15189.6, 65.130, 23.919,0.550822,359.9,140.559,8.01e-02, 17.0, 1.4, 20
 337, 31201,25022021,25102021 225607,  96, 15229.6, 64.681, 95.381,0.538113,  0.0,234.636,2.16e+00, 14.6,16.0, - 
 338, 31400,12022016,26102021 015210,1979, 15238.2, 65.067, 96.712,0.540038,  0.0,219.825,2.66e+00, 14.0, -  , - 
 339, 31401,02012017,26102021 032924, 998, 15325.1, 64.114,247.333,0.480359,  0.1,315.008,9.17e-02, 15.7,14.3, - 
 340, 31402,19072017,25102021 204944, 515, 15274.8, 66.029,  6.298,0.545826,359.9,186.014,4.47e+00, 16.1, -  , - 
 341, 31501,16102019,25102021 231803, 582, 15428.2,  6.993, 43.068,0.499342,359.3, 36.464,3.17e-01, 17.8,22.8, - 
 342, 31600,11052017,25102021 223500,  71, 14651.2, 24.181,142.741,0.537904,  0.2,194.045,1.02e-01, 17.0,50.8,197
 343, 31601,26052018,26102021 023212,  23, 14837.2, 49.121,115.736,0.548331,  0.1, 89.561,1.87e-01, 18.8, -  ,168
 344, 31704,11072021,25102021 201509, 102, 15445.8,  7.705,200.170,0.516225,  0.8,  7.511,7.14e-01, 19.1, 1.4,116
 345, 31800,26122015,26102021 013653, 987, 15460.6, 65.203,  2.521,0.547093,359.9,338.503,5.52e-01, 17.3, -  , - 
 346, 31900,02042015,26102021 003131,2388, 14991.7,  8.606,172.013,0.535887,  0.8, 11.632,3.81e-02, 15.5, 3.5,555
 347, 31901,02062015,25102021 212011,2009, 12741.8, 60.586,166.607,0.477727,  0.1, 42.411,1.30e-01, 15.3,20.3, - 
 348, 31902,24072018,25102021 222912,   1, 12908.4, 65.160,295.495,0.483047,359.9,313.653,6.74e-02, 18.8, 0.7,  2
 349, 31904,04122019,25102021 230516, 536, 13190.0, 24.710,159.171,0.496398,  0.3,297.104,5.02e-02, 17.0, 1.4,414
 350, 32000,15042011,25102021 215237,   1, 14512.6, 25.822, 29.571,0.541368,359.8,269.991,8.29e-03, 10.9, 0.1,  1
 351, 32100,07032015,25102021 234036,   2, 15442.7, 27.036,248.463,0.556054,  0.1,219.104,1.74e-02, 16.7, 0.1,  2
 352, 32101,03042016,25102021 235414,   1, 13059.8, 23.981, 25.412,0.488257,359.7,319.261,3.28e-02, 15.2, 0.1,  1
 353, 32104,17112020,25102021 232359,  90, 14881.5, 65.358,131.716,0.548883,  0.1,341.831,1.94e-01, 16.0, 0.4,108
 354, 32200,01122015,25102021 220352,   1, 14996.6, 65.094, 13.758,0.546611,359.9,141.600,7.31e-02, 15.3, 0.1,  2
 355, 32201,16022016,25102021 221409, 205, 14275.6, 62.440,205.716,0.522777,  0.1,271.609,4.44e-01, 13.9, -  , - 
 356, 32400,14022014,25102021 232406, 671, 15466.5, 28.235,319.055,0.569399,359.8,308.727,6.97e-02, 19.1, -  ,452
 357, 32401,07032018,26102021 000132, 627, 15632.4,  5.985, 61.911,0.538523,359.4, 63.883,6.10e-01, 18.3,40.0, - 
 358, 32501,24012018,26102021 020102,1166, 15577.5, 63.916, 34.444,0.541986,359.9, 50.851,4.74e+00, 16.6, -  , - 
 359, 32502,05062018,25102021 234702,1229,  8680.2,  7.565,112.952,0.243622,  0.4,271.722,5.23e-02, 18.5, 9.2,100
 360, 32700,06112014,25102021 222450,2436, 15672.5, 65.982,238.812,0.551423,  0.1,249.968,1.82e-01, 15.3, -  , - 
 361, 32702,25032017,26102021 000328,   1, 15093.4, 64.652,319.775,0.558247,359.9,  2.046,7.02e-02, 19.3, 0.7,  2
 362, 32706,19102018,25102021 222857, 627, 14346.9, 65.487,253.010,0.529383,  0.0,236.270,9.90e-01, 15.4,53.6, - 
 363, 32708,23052019,25102021 214239, 814, 15785.1, 65.316, 85.084,0.551365,360.0,345.841,1.12e-01, 16.8,28.9, - 
 364, 32800,06092013,25102021 220404,  47, 13688.9,  7.141,314.748,0.518190,359.3,321.898,2.14e-01, 15.4, 1.1,346
 365, 32805,30112018,26102021 000351,1014, 15045.5, 65.114,271.717,0.542933,360.0,252.584,1.47e+00, 17.6, -  , - 
 366, 32806,19102020,25102021 221015,  26, 14732.6, 65.300,126.911,0.547873,  0.1,344.997,1.12e-01, 16.0,22.1, 78
 367, 32900,16092014,25102021 225150,   2, 15788.3, 65.396, 96.918,0.558782,  0.0,293.831,9.58e-03, 18.7, 0.1,  1
 368, 32901,31102016,25102021 223449,1341, 15610.1, 64.199, 61.373,0.551295,359.9, 27.779,8.27e-01, 16.8, -  , - 
 369, 32903,29092018,26102021 021330, 311, 13932.2,  8.048,153.266,0.529553,  0.8, 97.072,1.72e-02, 17.7, 0.6, 59
 370, 32905,09102018,25102021 223921, 954, 15641.8, 65.503,268.815,0.561532,  0.0,243.219,6.46e-01, 16.0, -  , - 
 371, 33000,15012018,26102021 001130, 386, 15917.9, 22.541, 93.825,0.523630,  0.0,256.342,1.19e+00, 16.6,91.4, - 
 372, 33001,23032018,26102021 024423,   7, 14522.7, 65.564,303.609,0.534208,359.9, 15.328,2.87e+00, 17.7,54.5,871
 373, 33003,14102018,25102021 223605, 608, 15761.5, 65.689,308.363,0.552232,359.9,249.617,8.20e-02, 17.3, -  ,941
 374, 33005,04112018,26102021 023620, 993, 15847.1, 65.380,287.038,0.558806,360.0,249.110,1.36e-01, 18.5,58.9, - 
 375, 33006,05112018,25102021 191334,1071, 15769.7, 65.222,286.553,0.558705,360.0,253.362,1.33e+00, 18.7, -  , - 
 376, 33007,28062019,26102021 022147,   3, 15846.7, 65.634,322.560,0.542339,359.9,106.433,1.27e+00, 16.0, 0.2, 52
 377, 33008,10012021,25102021 223549, 238, 15885.4, 49.291,269.502,0.548265,  0.0,330.205,3.01e+00, 16.8, -  , - 
 378, 33009,14122020,25102021 232104,  95, 15636.8, 65.871,145.475,0.567598,  0.1,337.090,1.92e-01, 15.5, -  ,164
 379, 33100,10042016,26102021 024058,   3, 14296.6, 63.814,299.038,0.541300,359.9, 11.860,1.16e-02, 18.5,14.1,  1
 380, 33101,27012017,26102021 010640,   2, 15639.7, 64.495,348.949,0.569321,359.9,359.377,6.72e-02, 19.7, 0.4,  4
 381, 33106,30102018,25102021 230551,   7, 15865.4, 65.326,289.599,0.557124,360.0,251.305,6.04e-02, 18.5, 0.1,  3
 382, 33110,27072016,25102021 213839,   3, 15882.2, 64.963, 87.981,0.552268,360.0,352.825,4.39e-01, 16.5, 0.4, 90
 383, 33111,12032020,26102021 020035, 285, 15682.4, 63.889,339.594,0.564747,359.9, 22.263,4.14e-01, 16.2, -  , - 
 384, 33113,19022020,26102021 030421,  36, 15420.4, 63.675,329.415,0.566968,359.9, 29.284,2.87e-01, 17.0, -  ,432
 385, 33114,23042020,25102021 224405,  69, 16099.9, 64.619,346.355,0.573146,359.9, 17.867,4.04e-01, 16.7,14.7,313
 386, 33116,23032020,26102021 033011,  79, 15809.8, 63.846,342.792,0.563675,359.9, 25.700,4.36e-02, 17.0, 1.1,  6
 387, 33202,08072016,26102021 005852,   1, 15885.3, 62.666, 27.759,0.549360,359.9, 75.321,3.56e+00, 18.0, 0.3, 79
 388, 33205,14102018,25102021 193729,   6, 15896.6, 65.272,290.276,0.556891,360.0,254.558,8.99e-03, 17.1, 0.1,  1
 389, 33208,29082019,25102021 233050, 751, 15903.4, 67.064,358.776,0.456142,359.9,250.452,1.30e+01, 16.2, -  , - 
 390, 33300,10082014,26102021 020610,   1, 15969.1, 64.815, 60.644,0.569938,359.9, 10.837,3.60e-02, 14.8, 0.1,  2
 391, 33303,30092018,25102021 230905,  22, 15985.4, 64.279,157.733,0.559010,  0.1, 35.458,7.89e-02, 19.5, 0.1,  7
 392, 33304,09102018,26102021 025220, 163, 15650.6, 65.305,277.750,0.567569,360.0,247.910,5.21e-01, 14.5, -  , - 
 393, 33308,14072019,26102021 003031, 778,  9419.8, 63.995, 60.654,0.302433,359.9,357.574,5.72e-02, 16.3,49.9, 74
 394, 33310,02122019,26102021 002942, 452, 15542.7, 62.987,312.536,0.577430,359.9, 42.395,1.63e-01, 17.0, 4.6, - 
 395, 33402,10092017,26102021 024650,   1, 16043.7, 64.795,347.785,0.575257,359.9, 15.469,8.43e-03, 15.6, 0.1,  1
 396, 33503,13082017,26102021 000738,1488, 16010.3, 64.343,345.259,0.498177,359.9,271.510,2.35e-01, 14.4,44.1, - 
 397, 33505,17062018,25102021 231031, 999, 14445.8, 64.119, 55.409,0.487193,359.9, 12.746,3.96e+00, 18.1,63.5, - 
 398, 33511,18102018,26102021 000127,1090, 16024.4, 61.956,298.094,0.511999,359.9,349.874,1.09e+01, 15.9, -  , - 
 399, 33512,23052021,25102021 211746,  94, 15933.8, 59.388, 14.554,0.570755,359.9,315.517,1.18e+00, 14.5, -  , - 
 400, 33602,26062018,25102021 213309,1214, 16032.8, 61.947,131.717,0.380219,  0.1,187.292,5.93e+00, 15.2, -  , - 
 401, 33612,03122019,26102021 024117, 281, 15612.7, 63.096,301.412,0.578462,359.9, 37.490,1.87e-01, 16.0, 3.1,912
 402, 33614,21092020,25102021 210302, 397, 16032.9, 11.593,174.168,0.578027,  0.6,291.823,2.70e-02, 17.8, -  ,959
 403, 33703,02062016,25102021 232007,   3, 16110.7, 65.078, 24.282,0.575838,359.9,342.655,6.18e-03, 15.4, 0.1,  1
 404, 33704,01082016,25102021 194623,   2, 15716.1, 64.850,227.241,0.562116,  0.1,313.865,4.85e-02, 14.8, 0.1,  2
 405, 33705,02052017,25102021 205325,   1, 15930.0, 65.170, 18.341,0.570022,359.9,336.514,1.03e-01, 17.0, 0.1,  3
 406, 33706,21082017,26102021 003810, 147, 13823.3, 64.080, 85.840,0.512535,360.0,356.012,2.99e-01, 16.3, 2.9,881
 407, 33713,09102018,26102021 002125,1080,  8927.8, 65.425,235.517,0.243239,  0.1,156.863,3.12e+00, 16.5,52.5, - 
 408, 33715,15102018,25102021 212643,1015, 16060.1, 65.230,295.549,0.563168,359.9,257.130,6.24e-02, 18.3,46.2,397
 409, 33718,02112018,26102021 015811,1085, 11323.3, 65.681,142.988,0.400573,  0.1,210.616,2.28e+00, 18.7,33.8, - 
 410, 33720,09042020,26102021 001559, 483, 11914.2, 63.507,272.537,0.443199,360.0, 29.233,1.79e-01, 16.5, 0.9,249
 411, 33800,21062014,25102021 231523,   1, 16026.9, 64.627,215.529,0.552986,  0.1,228.476,5.32e-01, 14.7, 0.1, 29
 412, 33801,24072017,26102021 000603, 249, 15980.4, 64.423,123.149,0.576293,  0.1,345.245,4.50e-02, 18.2, -  ,194
 413, 33803,20122017,25102021 234441,1403, 16086.6, 62.893, 88.703,0.548043,360.0, 55.465,7.71e+00, 17.6, -  , - 
 414, 33804,18012018,26102021 011412, 170, 15503.6, 26.716, 50.028,0.562195,359.8,320.218,1.35e-01, 15.2,12.0,613
 415, 33805,29012018,26102021 023903,  63, 15563.1, 63.817,332.979,0.570855,359.9, 24.320,1.51e-01, 17.9, -  ,160
 416, 33815,07052021,25102021 220101,   3, 16048.3, 64.761, 70.421,0.572352,360.0, 12.383,7.58e-02, 17.5, 0.1,  5
 417, 33900,31012015,26102021 005635,   2, 16191.3, 64.641,109.500,0.571159,  0.0, 19.029,1.18e-02, 15.9, 0.1,  1
 418, 33901,27082017,25102021 230524, 137, 15938.3, 64.542,138.348,0.568950,  0.1,340.331,3.13e-01, 16.1,47.7,372
 419, 33902,27112017,26102021 005315, 829, 16032.2,  7.443,  8.174,0.573615,359.1, 18.506,4.59e-02, 17.9, -  ,517
 420, 33903,08072016,25102021 235100,1380, 15827.2, 64.562,111.436,0.501097,  0.0, 12.864,1.45e-02, 16.8, 7.9,431
 421, 33907,11072018,25102021 203917,   2, 16107.5, 65.234,152.579,0.561369,  0.1,299.295,4.63e-02, 15.2, 0.1,  4
 422, 33910,15102018,26102021 002227, 570, 12749.7, 65.367,252.066,0.472688,  0.0,234.617,1.32e+00, 17.7,39.0, - 
 423, 33918,05112020,25102021 225346,   1, 15880.6, 65.195,143.429,0.578867,  0.1,343.809,3.33e-02, 14.6, 0.1,  1
 424, 33919,05012021,26102021 012015, 291, 13605.3, 24.853,100.304,0.513060,  0.0, 63.350,7.68e-02, 16.9, 0.3, 25
 425, 34000,01102014,26102021 021436,   2, 16199.6, 65.211,176.683,0.560839,  0.1,309.240,6.68e-03, 16.0, 0.1,  1
 426, 34010,19102018,26102021 022133,  59, 12932.6, 64.817,226.491,0.446684,  0.1,127.776,2.19e+00, 17.0,48.4, - 
 427, 34011,15102018,25102021 203354, 950, 16139.2, 65.585,315.442,0.562541,359.9,246.815,6.23e-01, 17.2, -  , - 
 428, 34012,08012020,26102021 011213,   1, 16098.3, 64.437,256.356,0.578332,  0.0,336.415,4.24e-02, 14.3, 0.1,  1
 429, 34100,28032016,25102021 222808,   1, 16191.6, 65.278, 45.302,0.570922,359.9,328.936,4.67e-02, 14.6, 0.1,  2
 430, 34101,21042016,25102021 215352, 138, 16221.0, 65.343, 54.065,0.569606,359.9,326.349,1.08e-01, 19.8, 3.3,162
 431, 34102,15082016,26102021 015854,1009, 15814.0, 65.575,260.088,0.559813,  0.0,270.705,9.07e-02, 19.3, -  ,929
 432, 34113,10102018,25102021 203232,1110, 16170.0, 65.366,305.596,0.565994,359.9,254.744,2.25e-01, 14.5, -  , - 
 433, 34114,10102018,25102021 212025,   1, 16283.6, 65.401,310.103,0.569156,359.9,254.358,8.29e-03, 15.8, 0.1,  1
 434, 34115,11102018,25102021 224014, 941, 15635.2, 65.457,297.736,0.567398,359.9,243.360,1.18e+00, 16.1,99.0, - 
 435, 34208,06112018,26102021 003006,  14, 15737.5, 65.375,301.409,0.573765,359.9,246.696,3.47e+00, 14.7, -  , - 
 436, 34209,03112019,26102021 035028, 684, 16191.5, 62.925, 64.172,0.340575,359.9, 58.833,1.72e+01, 16.0,94.5, - 
 437, 34300,28032016,25102021 230429,   1, 16228.5, 64.796, 38.803,0.581697,359.9,354.454,3.69e-02, 14.7, 0.1,  1
 438, 34308,12062018,26102021 001201,  36, 16254.1, 64.541, 90.124,0.576059,360.0,  7.556,1.69e-01, 17.1, 1.5, 89
 439, 34319,12112018,25102021 201036,   1, 15365.7, 64.241,336.190,0.562957,359.9, 33.705,4.19e-01, 17.2, 0.9, 14
 440, 34320,27112018,25102021 232442, 314, 15262.7, 65.044,342.896,0.548412,359.9,  7.184,3.92e-01, 16.6,75.4, - 
 441, 34321,16122019,25102021 214701,   1, 16265.4, 65.561, 16.743,0.568575,359.9,356.718,1.14e-01, 16.5, 0.1,  2
 442, 34323,21012020,26102021 012255,   1, 14665.9, 64.440,128.367,0.541253,  0.1,  6.323,6.28e-01, 16.0, 1.2, 33
 443, 34402,16022018,25102021 231020,   1, 16306.3, 64.817,  2.233,0.585932,359.9, 17.170,7.32e-02, 19.3, 0.1,  3
 444, 34403,29052018,25102021 191927,   2, 16277.1, 64.704, 83.882,0.581972,360.0,  1.183,5.74e-02, 14.9, 0.1,  4
 445, 34414,25062018,25102021 233448,   3, 16218.5, 64.630, 81.637,0.581725,360.0,  4.018,8.37e-02, 17.5, 0.1,  4
 446, 34417,13102018,26102021 022550, 964, 16279.8, 65.694,315.989,0.571950,359.9,245.584,5.72e-01, 17.2, -  , - 
 447, 34418,16102018,25102021 205533,   1, 15787.1, 65.201,280.709,0.564665,360.0,255.167,6.26e-01, 14.4, 0.2, 30
 448, 34420,14102019,26102021 001237,  24, 15407.7, 25.396,125.003,0.567195,  0.2, 64.900,2.97e-02, 16.8, -  ,  7
 449, 34423,28032020,26102021 024019, 198, 16045.6,  4.571,138.201,0.588966,  1.1, 91.749,9.21e-03, 17.5, 1.2, 16
 450, 34501,20122017,26102021 041109, 654, 15809.2, 64.021, 63.854,0.551674,359.9, 10.118,3.04e+00, 17.2,87.2, - 
 451, 34509,08072018,25102021 234142, 269, 16391.6, 63.866,106.421,0.555815,  0.0,  9.983,1.21e-01, 18.6,62.5,830
 452, 34518,20012020,26102021 013931,   1, 14604.1, 64.764,121.812,0.539926,  0.1,  2.823,5.81e-01, 14.7, 1.1, 24
 453, 34600,24032004,25102021 203937,   5, 16330.2, 63.464, 19.589,0.581112,359.9,249.489,3.01e-02, 15.6, 0.1,  4
 454, 34601,28042008,26102021 011923, 530, 15806.9, 63.283, 81.871,0.558650,360.0, 35.007,4.93e+00, 16.1, -  , - 
 455, 34602,08072016,25102021 201037,  34, 16202.7, 62.471, 80.559,0.545014,360.0, 34.207,2.52e+00, 17.2, 7.9, - 
 456, 34603,19012018,26102021 045724,1372, 16309.2, 62.160,122.420,0.563183,  0.1,113.190,9.72e+00, 17.4, -  , - 
 457, 34604,22012018,26102021 001635,1364, 16297.4, 64.441,102.281,0.540496,  0.0,  2.860,5.98e+00, 16.7, -  , - 
 458, 34605,27012018,26102021 032639,1360, 16081.6, 64.739, 91.282,0.538328,  0.0,348.421,5.03e+00, 15.6, -  , - 
 459, 34614,13022020,25102021 230211,  92, 16331.8, 64.566,304.017,0.562751,359.9,358.198,3.36e-02, 16.5, 5.7, - 
 460, 34700,26042016,26102021 044507,   1, 16418.1, 65.108,174.865,0.565712,  0.1,359.106,9.19e-01, 17.2, 0.3, 58
 461, 34701,24122017,26102021 012513, 495, 16351.8, 66.558,249.483,0.527385,  0.0,331.789,5.41e+00, 15.0, -  , - 
 462, 34702,08012018,26102021 020615, 100, 16319.0, 62.886, 89.341,0.566382,360.0, 49.377,3.60e+00, 16.9, -  , - 
 463, 34800,12062017,26102021 004147, 191, 14393.9, 64.713,346.424,0.536628,359.9,340.473,4.04e-02, 18.6, 7.1,102
 464, 34802,27012018,26102021 024800,1339, 15948.3, 64.214, 66.145,0.559863,359.9,  9.999,2.13e+00, 18.7, -  , - 
 465, 34901,24112019,25102021 233145,   1, 16348.9, 64.828,  5.408,0.588163,359.9, 17.873,7.84e-02, 19.6, 0.1,  3
 466, 35002,20092021,25102021 185126,   2, 16459.4, 69.491,252.909,0.525596,  0.0,246.121,3.75e+00, 14.9, 0.7,203
 467, 35100,06072012,26102021 005308,   1, 16277.6, 49.937,122.714,0.568016,  0.1,346.829,1.32e+00, 15.2, 0.2, 68
 468, 35101,10102018,25102021 232552,1040, 16430.9, 65.197,315.211,0.575125,359.9,264.770,1.09e+00, 17.0, -  , - 
 469, 35200,24022012,25102021 202228,   1, 16378.5, 63.233,212.600,0.590935,  0.1,265.098,9.93e-03, 11.9, 0.1,  1
 470, 35201,23062004,25102021 232517,   2, 16559.2,  5.163, 86.961,0.575633,359.9, 91.416,3.44e-01, 14.0, 0.1, 31
 471, 35202,11102018,25102021 214130,1079, 14363.6, 65.371,267.859,0.528638,  0.0,234.508,3.21e+00, 16.9, -  , - 
 472, 35206,12092020,26102021 032053, 405, 16524.2, 66.173, 51.833,0.426571,359.9,121.160,1.59e+01, 15.9, -  , - 
 473, 35400,02032015,25102021 211616,   2, 16505.2, 64.610,153.798,0.580045,  0.1, 16.187,9.50e-02, 18.9, 0.1,  4
 474, 35401,19072016,25102021 231826, 271, 16543.0, 65.005, 69.624,0.587708,360.0,341.648,3.72e-02, 18.7,64.6,157
 475, 35404,13102018,25102021 213122,1045, 16251.2, 65.438,308.372,0.581058,359.9,250.487,1.21e+00, 17.1, -  , - 
 476, 35500,08032013,25102021 202913, 247, 16195.6,  8.443, 40.457,0.573305,359.4, 65.491,2.83e-02, 16.8,27.5,174
 477, 35501,29012018,26102021 041733, 545, 16560.7, 64.089,125.725,0.555816,  0.1, 20.743,2.19e+00, 16.0, -  , - 
 478, 35600,13102018,26102021 003312,1068, 14478.2, 65.372,270.568,0.533302,  0.0,236.138,2.26e+00, 16.7, -  , - 
 479, 35601,15102018,26102021 001610,1060, 15205.8, 65.720,291.823,0.558847,360.0,231.663,2.77e+00, 16.8, -  , - 
 480, 35602,02012019,26102021 023951,   2, 16647.6, 64.475,164.293,0.585531,  0.1, 22.580,2.27e-01, 16.2, 0.1, 18
 481, 35603,24102020,26102021 025014, 223, 16674.5, 65.417, 19.784,0.588246,359.9,  0.045,9.28e-02, 17.0,31.7,424
 482, 35701,08052018,25102021 192352,1258, 16744.1, 64.391,140.936,0.474113,  0.1,281.193,2.26e+00, 18.8,59.0, - 
 483, 35703,11102018,25102021 232228,1093, 16101.3, 65.489,312.066,0.578887,359.9,248.477,1.99e+00, 17.1,74.9, - 
 484, 35704,07022007,25102021 192253,   2, 16599.2, 27.834,344.580,0.598823,359.8,258.746,6.05e-03, 19.5, 0.1,  1
 485, 35800,19112019,26102021 020159,  94, 16730.2, 65.170, 18.999,0.589977,359.9,  5.180,7.37e-02, 17.6, 4.8,159
 486, 36100,05012020,25102021 233305, 642, 17002.3,  2.515,338.894,0.408469,357.5,359.658,4.96e+00, 18.0,14.5, - 
 487, 36200,13032015,25102021 220620,  72, 16733.4, 64.881,340.170,0.592367,359.9,344.280,4.22e-02, 18.2, 5.2, 92
 488, 36201,07072018,26102021 015635, 527, 13650.3, 64.418, 61.676,0.515155,359.9,  6.621,1.92e-01, 18.0, 6.9, - 
 489, 36401,31052018,25102021 235859, 515, 12601.3, 64.499, 44.357,0.474807,359.9,  1.136,1.18e-01, 17.0, 1.8,554
 490, 36700,05062016,25102021 205553,   2, 13164.9, 23.798,356.170,0.496316,359.7,203.720,5.56e-02, 17.0, 2.5,  4
 491, 36701,01012021,26102021 004244, 256, 16992.4,  7.458, 56.564,0.600412,359.5, 67.323,2.28e-02, 16.4,33.4, 99
 492, 36702,07012021,25102021 230651, 250, 16990.5, 30.494,116.557,0.603485,  0.1,314.354,4.67e-02, 17.9, -  , 37
 493, 36801,29032016,26102021 005516,1832, 10932.6, 48.968, 73.246,0.402984,360.0,141.373,3.54e-03, 16.1, 0.9, 20
 494, 36802,30092018,25102021 200725,   4, 17046.0, 63.893,314.869,0.558959,359.9,250.813,1.00e-02, 17.2, 0.1,  4
 495, 36803,14102018,25102021 235633, 949, 17041.2, 65.455,346.502,0.585248,359.9,261.660,1.30e-01, 16.9,31.5, - 
 496, 37000,03022016,25102021 233424,2084, 15265.5, 26.603, 32.602,0.554481,359.8,350.497,1.51e-01, 17.0, 4.1,625
 497, 37201,22112019,25102021 215916, 634, 17164.2,  9.786,132.249,0.586083,  0.5,227.593,1.26e-01, 18.5,26.5,665
 498, 37202,15112020,26102021 024546,   1, 17157.3, 58.642,236.836,0.014272,  0.1,133.265,1.59e-02, 10.3, 0.1,  1
 499, 37300,27022018,25102021 221541,  78, 16828.3, 25.577,268.735,0.600708,  0.0,227.034,2.60e-02, 18.6, -  , 17
 500, 37400,12012010,26102021 032831, 471, 16907.2,  2.476,202.788,0.593983,  2.5,140.210,1.21e-01, 12.8, -  , - 
 501, 37401,09042016,26102021 041908, 965, 17225.5,  8.463,247.507,0.603385,  0.3,320.877,2.42e-01, 18.2,16.2, - 
 502, 37500,10022015,26102021 001813,2330, 11338.1, 20.517,338.386,0.420389,359.7, 13.961,2.69e-02, 16.7, 6.0,699
 503, 37601,22122009,26102021 014314, 541, 17236.9, 65.765,206.670,0.561908,  0.1,268.778,1.61e+00, 16.8, -  , - 
 504, 37800,02072018,25102021 235521,  77, 13284.1, 64.300, 96.963,0.502404,  0.0, 11.100,1.76e-01, 16.3, 0.9,281
 505, 37900,03122019,26102021 042314, 651, 17291.6, 49.065,196.988,0.608458,  0.2, 49.002,4.44e-01, 17.5, -  , - 
 506, 38100,23122016,26102021 010253,  40, 17319.1, 26.738,183.175,0.613707,  0.3,274.664,6.70e-03, 18.6,10.6,  4
 507, 38101,24122006,26102021 005011, 629,  8026.7, 65.639,225.747,0.070867,  0.1,105.142,6.69e-03, 18.2,52.5, 77
 508, 38102,15112020,25102021 210004,   1, 17466.6, 58.352,240.713,0.002150,  0.1,203.795,1.25e-02, 12.3, 0.1,  7
 509, 38301,31082021,25102021 235945,  45, 17393.6,  7.189,242.426,0.614212,  0.4,314.317,2.27e-01, 17.5, -  , 28
 510, 38501,21022020,26102021 015916, 320, 15845.0, 25.815,334.912,0.584509,359.8,111.647,2.45e-02, 15.0, 0.8, 60
 511, 38600,15032011,25102021 200328,3824, 16017.3,  8.610,208.303,0.575600,  0.7,309.246,3.94e-02, 15.8,17.9, - 
 512, 38601,23122009,25102021 221859, 279, 17060.2,  6.519,269.264,0.604644,  0.0,282.095,1.99e-02, 18.2, 1.6,115
 513, 38700,21122019,26102021 034214, 671, 18074.3, 26.902,169.263,0.301599,  0.3,313.836,2.66e+01, 17.4, -  , - 
 514, 38800,25102019,25102021 225706,  17, 17641.8, 15.603, 95.860,0.589212,  0.0,116.144,4.55e-01, 17.6, 0.6,150
 515, 38900,19012017,25102021 225053,1719, 17810.9, 28.576,132.233,0.572410,  0.2,342.696,1.71e+00, 16.0, -  , - 
 516, 39000,12122009,26102021 003258,1048, 16447.3,  7.577,  5.752,0.587123,359.1, 26.826,6.60e-02, 17.1, -  ,756
 517, 39100,26112014,25102021 230529, 191, 17606.2,  7.298, 27.816,0.615756,359.2,230.167,5.68e-02, 17.8,75.4,128
 518, 39401,23122016,26102021 002021,  64, 17590.9, 29.784,229.119,0.619450,  0.2,175.604,6.63e-03, 15.3, 9.1, 80
 519, 39402,15052020,26102021 023530, 461, 17814.2, 29.700,257.727,0.595603,  0.1,166.050,1.74e+00, 16.5, -  , - 
 520, 39700,01072009,26102021 025600, 369, 17580.0,  4.347,187.580,0.608239,  1.6,177.975,8.12e-02, 16.3,74.3, - 
 521, 39701,02082019,26102021 021035, 814, 17724.6,  6.721,253.172,0.620503,  0.3, 96.551,3.51e-02, 18.2, 0.5, 36
 522, 39800,14012013,26102021 044624,  31, 17239.8,  6.574, 87.685,0.602860,359.9,  9.212,6.85e-02, 17.3, 1.7, 55
 523, 39900,16062015,25102021 195920,2276, 17826.1, 62.894,153.358,0.623835,  0.1,263.535,4.41e-02, 14.6,20.3, - 
 524, 39902,24092019,26102021 020633, 758, 18127.2,  2.017,248.701,0.627712,  1.2, 94.081,1.00e-02, 18.7, -  ,688
 525, 40000,13042021,25102021 183725, 158, 17995.5,  6.915,241.569,0.627797,  0.5,302.842,1.45e-02, 18.4, -  , 18
 526, 40100,08082018,26102021 044304, 385, 18070.7, 14.197,228.343,0.554293,  0.3,115.647,4.73e-01, 17.3,13.6, - 
 527, 40101,26092018,26102021 000846,   1, 17242.0, 20.197,279.719,0.602713,359.9,133.068,6.87e-02, 16.7, 0.3, 10
 528, 40200,16092017,25102021 223000, 346, 17998.8,  9.821,141.814,0.616352,  0.6,297.688,1.13e-01, 16.7,42.8, - 
 529, 40300,07082009,25102021 201818, 508, 17503.6, 57.688,286.185,0.612878,360.0,326.415,3.07e-01, 16.4,27.7, - 
 530, 40301,12082017,26102021 033943, 660, 17400.1, 24.374,187.703,0.614798,  0.3,  5.239,7.80e-02, 17.2, 3.5,994
 531, 40400,12042015,26102021 024904, 166, 18017.5,  6.877,116.957,0.625336,  0.5, 76.232,3.13e-02, 18.3, -  ,285
 532, 40401,29092018,26102021 001302,   2, 17556.9, 21.674,185.214,0.616815,  0.3,155.420,1.03e-01, 17.4, 0.9,  7
 533, 40500,27112012,26102021 010557,   2, 15995.2, 29.186,124.946,0.578910,  0.1,214.234,5.46e-02, 16.0, 0.2,  2
 534, 40601,30052012,26102021 012553, 372, 16110.6,  5.481,357.302,0.581923,358.8,188.562,2.79e-02, 18.4, 0.9,241
 535, 40602,21042015,25102021 225330,   2, 18081.4,  4.097,329.886,0.622727,358.6,222.836,9.15e-02, 17.0, 0.1,  5
 536, 40603,11042016,26102021 015801, 638, 18049.3,  6.614,202.091,0.620271,  1.0,108.174,4.91e-02, 17.6, -  , - 
 537, 40700,24122016,25102021 233201, 131, 18093.1, 25.156,300.244,0.608016,359.9,268.959,8.90e-01, 16.6,11.3, - 
 538, 40800,28122017,26102021 050211,  34, 18007.4, 61.317,195.100,0.617627,  0.1,123.471,3.82e-02, 18.1, 0.5, 48
 539, 40801,27022018,25102021 223030, 216, 18134.7, 45.772, 10.831,0.551378,359.8,215.548,3.97e+00, 13.4, -  , - 
 540, 40802,26032020,25102021 231813, 577, 18269.5,  7.623,130.194,0.607139,  0.6,214.235,4.24e-01, 18.8, -  , - 
 541, 40900,27112008,25102021 235459,  70, 16256.5,  7.499,142.815,0.575983,  0.7,294.446,1.41e-01, 13.5, 7.6,917
 542, 41000,27032007,25102021 230352,   3, 17914.9,  6.980,252.356,0.619730,  0.3,296.230,6.61e-02, 17.1, 0.1,  4
 543, 41002,25042007,26102021 023232,   4, 18260.9, 12.791,189.569,0.620161,  0.5, 65.895,8.15e-02, 17.0, 0.1,  9
 544, 41005,22072017,26102021 023855, 531, 18064.7, 48.575,253.824,0.624134,  0.0, 31.097,1.06e-01, 18.9, -  ,509
 545, 41007,13102011,26102021 041509, 500, 18420.1, 48.986,300.209,0.622016,359.9,320.668,1.85e-02, 16.0,47.9, - 
 546, 41008,15122020,25102021 205820, 229, 18142.3,  7.007,203.728,0.629592,  0.9, 34.129,2.68e-01, 14.5, 3.4,936
 547, 41200,15072010,25102021 230715,   5, 18251.7,  7.914,323.495,0.622623,359.3,350.567,5.03e-02, 14.9, 0.1, 14
 548, 41401,22122016,26102021 030008,  62, 18130.5, 26.901,105.908,0.627861,  0.1, 69.005,7.17e-02, 15.3, -  , 55
 549, 41402,31122019,25102021 214531, 661, 18418.5,  7.894,208.249,0.628520,  0.8,165.308,8.90e-02, 18.4, -  , - 
 550, 41500,26052017,26102021 001511,   4, 18156.5, 48.675, 61.045,0.605437,359.9,246.148,1.62e+00, 15.3, 0.4, 96
 551, 41501,29062017,26102021 015428,   8, 15674.3, 21.908,136.142,0.574931,  0.2,131.940,1.10e-01, 17.1,65.2, 27
 552, 41601,27042017,26102021 003736, 512, 18157.6,  5.654,192.226,0.621570,  1.2,217.757,2.39e-01, 17.7, -  , - 
 553, 41700,19112011,25102021 211553,   1, 16538.0, 24.923,115.155,0.601595,  0.1,153.196,7.62e-03, 12.8, 0.4,  1
 554, 42000,08092012,25102021 205127,   1, 16920.3, 26.120, 65.689,0.609027,359.9,322.179,1.10e-02, 11.3, 0.1,  1
 555, 42001,21112018,25102021 215556, 937, 18546.4, 63.323, 51.661,0.633854,359.9,268.591,1.19e-01, 17.3, -  , - 
 556, 42100,22012020,25102021 200717,  94, 18373.8,  1.378,207.102,0.633474,  4.3,208.270,2.87e-02, 17.3, -  ,114
 557, 42200,10042013,25102021 201550,   1, 18521.5, 47.424,174.983,0.595981,  0.2,153.704,3.96e+00, 13.8, 0.1, 30
 558, 42201,15082018,25102021 200228, 227, 18263.9,  7.079,251.971,0.628750,  0.3,294.820,1.44e-01, 18.5, 4.5, - 
 559, 42300,25082017,26102021 020719,1259, 11530.0, 21.740,197.351,0.433101,  0.3, 54.003,2.85e-02, 17.3, 5.0, - 
 560, 42301,22112018,25102021 193930,   2, 18686.0, 63.595,285.260,0.585224,360.0,235.214,3.93e-02, 16.5, 0.1,  1
 561, 42302,03072019,26102021 015241, 806, 18683.6,  3.324,109.797,0.623752,  0.7,170.572,1.00e-02, 17.9, -  , - 
 562, 42400,06112015,25102021 234355, 986, 18616.7,  7.100,314.277,0.626007,359.3,179.160,2.24e-01, 17.6, -  , - 
 563, 42401,13022016,26102021 025149, 446, 18343.5,  4.116,156.611,0.628551,  1.5,155.765,5.62e-02, 17.5, -  ,430
 564, 42500,27082015,25102021 195854,2043, 18732.5, 63.156,111.039,0.623109,  0.0,244.662,2.06e-01, 15.7, -  , - 
 565, 42502,16082018,25102021 184838,   2, 18650.0,  6.757,264.789,0.636731,  0.1,266.048,5.14e-02, 18.5, 0.1,  6
 566, 42503,27092019,26102021 030422,   1, 18743.5, 26.733,288.065,0.636121,359.9,122.964,2.18e-02, 16.6, 0.1,  2
 567, 42504,20072021,25102021 213410,  24, 18648.4,  3.557,314.115,0.640769,358.7,262.150,6.76e-02, 18.8,63.5,  6
 568, 42600,15022018,25102021 184755, 176, 17964.7,  2.336,199.178,0.632136,  2.7,348.462,2.01e-02, 18.9, 3.6, 20
 569, 42901,20042011,25102021 202554,   0, 15687.7, 26.314, 39.967,0.575023,359.8,185.098,7.25e-03, 14.0, 0.1,  1
 570, 42902,05032018,25102021 222009,  48, 18163.2, 24.373,346.805,0.633478,359.7,246.449,2.22e-02, 16.6, 1.4, 13
 571, 42904,11022019,25102021 200800, 413, 15111.5, 59.294, 59.994,0.555653,359.9,225.089,1.96e+00, 16.8,48.2, - 
 572, 43000,22042020,26102021 003314, 443, 18884.4, 48.841,351.170,0.638018,359.8,305.330,2.62e-02, 17.0,86.6, 86
 573, 43100,30072017,25102021 230449,1486, 18623.3,  6.127, 41.818,0.637034,359.1, 30.195,6.36e-02, 18.9,17.8, - 
 574, 43101,06032019,25102021 205522,  78, 18822.9, 47.267,325.519,0.643126,359.9, 86.281,8.65e-02, 17.5, -  , 22
 575, 43200,31072014,26102021 000225,2494, 13197.3, 20.934,143.114,0.484222,  0.3,231.097,9.69e-02, 15.3,10.8, - 
 576, 43201,05042016,25102021 234654,  48, 18465.4,  7.388,184.608,0.636864,  0.9, 73.448,2.51e-02, 18.1,66.0, 26
 577, 43202,26082016,25102021 234622,  41, 18684.8,  9.064,168.490,0.635940,  0.7, 52.686,4.74e-01, 17.6, -  ,469
 578, 43203,25032017,25102021 225702,  14, 18561.5,  6.576,234.851,0.634857,  0.6,352.357,9.73e-02, 18.1,23.8, 37
 579, 43301,08022021,26102021 060708, 256, 18951.1,  6.520, 34.381,0.641632,359.1,128.012,2.91e-02, 18.6,72.1,  9
 580, 43302,21022009,26102021 001106, 150, 18949.0, 25.818, 76.267,0.635082,359.9,195.818,3.64e-01, 18.4,48.2, - 
 581, 43400,18092017,25102021 174958,1492, 18923.6, 59.594, 34.067,0.512017,359.9,264.189,2.51e+01, 16.7, -  , - 
 582, 43401,01112020,26102021 013255, 264, 19010.3, 49.267, 58.461,0.629454,359.9,219.962,2.88e-01, 17.0,14.4,590
 583, 43700,13072017,25102021 211411, 406, 18877.8, 48.820,  5.330,0.628829,359.8,297.254,5.16e-02, 19.6,74.7,394
 584, 43701,11082018,25102021 234821,1079, 18972.8,  7.354,289.135,0.645721,359.7,261.204,2.93e-02, 18.6, -  ,225
 585, 43900,18022015,25102021 233454,   2, 18137.3,  2.748,251.247,0.630048,  0.8,  6.222,6.09e-02, 17.2, 0.9,  3
 586, 43901,07062015,25102021 234052,1063, 18630.2,  3.455,296.561,0.642529,359.2,293.615,3.04e-02, 17.8, 6.6,572
 587, 43903,07032017,26102021 052258,  18, 19075.7,  6.855,104.091,0.646575,  0.2,134.253,4.72e-02, 18.4,53.5, 20
 588, 44001,16032017,25102021 225126,   1, 18978.2, 63.104,  1.139,0.650487,359.9,262.342,5.73e-02, 15.2, 0.9,  1
 589, 44002,22122017,25102021 222144, 491, 19157.0,  5.622, 19.386,0.643625,358.8,321.453,2.10e-02, 18.5, -  ,659
 590, 44003,23012021,25102021 225255, 216, 17324.7, 62.838,274.345,0.619117,360.0,269.702,1.75e-02, 15.9, 0.1, 26
 591, 44004,05052021,25102021 205533, 136, 19188.3,  4.699, 66.467,0.642478,359.4, 79.398,6.76e-02, 18.3,14.3,230
 592, 44100,27052017,25102021 225708,  45, 13299.2, 24.884, 83.015,0.502610,360.0, 93.130,5.61e-02, 17.5, -  , 23
 593, 44102,21012018,26102021 025705,  94, 19193.1,  3.900, 60.308,0.642311,359.1, 49.638,3.09e-02, 18.2, 2.0, 41
 594, 44200,12072019,25102021 224755,   3, 19253.7, 65.000,304.225,0.638243,359.9,328.043,2.61e-02, 16.4, 0.1,  4
 595, 44300,16092017,26102021 004253,  98, 19248.2,  3.991,128.497,0.643344,  1.1,272.935,5.59e-02, 18.0, 6.6, 93
 596, 44400,15022018,25102021 211905,1346, 19297.6, 45.857,181.928,0.483411,  0.2,145.575,4.81e+00, 18.0, -  , - 
 597, 44401,24112011,26102021 000515,   3, 19220.5, 49.176, 90.750,0.631233,  0.0,206.797,7.10e-01, 13.9, 0.4, 87
 598, 44500,12032011,26102021 052244,  30, 18660.9,  6.279,182.814,0.637138,  1.1, 70.836,4.81e-02, 15.0,33.4, 74
 599, 44502,17112020,26102021 013838, 259, 19441.4,  5.771,259.055,0.510194,  0.2, 22.235,1.32e+01, 17.3,27.0, - 
 600, 44600,24012018,25102021 231548, 251, 18715.0,  8.739, 49.902,0.639996,359.5,126.112,5.89e-02, 17.5, 1.6,431
 601, 44700,08062016,26102021 023019,1176, 19473.2, 21.423,152.913,0.614261,  0.3,345.464,1.21e+00, 18.1, -  , - 
 602, 44701,29122017,25102021 172040, 203, 19235.5, 63.277,273.658,0.647624,360.0,272.310,4.52e-02, 15.9,66.6,227
 603, 44702,29112018,26102021 012827,  86, 19330.0, 50.011,107.059,0.653316,  0.0,112.146,1.02e-01, 17.1, -  ,142
 604, 44800,05112018,25102021 211334,1071, 19357.1,  5.542, 53.844,0.644606,359.2,101.579,1.34e-01, 17.3, -  , - 
 605, 44801,02122019,26102021 025629, 690, 19350.4,  6.270,229.910,0.649555,  0.7, 94.643,3.47e-02, 19.4, -  , - 
 606, 44900,15042012,26102021 034537,   1, 19215.6,  7.050,177.613,0.645790,  1.0, 81.462,1.06e-01, 12.1, 0.1,  2
 607, 44901,15022012,25102021 194603,  36, 19077.6,  3.431,132.850,0.637741,  1.4,273.899,7.36e-02, 16.1, 1.4,113
 608, 44902,01072013,26102021 021955,   3, 19433.8, 63.145, 98.602,0.653572,  0.0,261.711,7.82e-02, 14.7, 0.5,  4
 609, 44903,15092017,25102021 223035, 262, 19107.0,  7.249, 97.087,0.640328,  0.1,249.516,5.38e-02, 17.7,26.4,466
 610, 44904,16032007,26102021 004312,   1, 19269.1,  7.343,282.193,0.653754,359.8,185.628,4.51e-03, 14.6, 0.1,  1
 611, 44905,16122011,26102021 003905,   2, 19385.0, 49.306,151.550,0.646358,  0.1,112.580,1.36e+00, 13.0, 0.8,115
 612, 45000,22112009,26102021 042434,   3, 18997.0,  6.796, 39.745,0.642072,359.2,134.506,4.18e-02, 16.7, 0.8,  3
 613, 45003,26122019,26102021 031710, 663, 19428.8,  7.594,189.447,0.654085,  0.9, 92.023,1.44e-02, 18.4, -  ,108
 614, 45004,13022021,26102021 011530,   1, 19569.4, 54.476,235.735,0.594362,  0.1, 10.594,1.51e+01, 16.0, 0.1, 29
 615, 45101,06102013,25102021 235312, 315, 19371.7, 48.965, 71.036,0.640307,359.9,229.644,1.21e-01, 15.3,26.7,434
 616, 45200,23122009,26102021 002313, 182, 19258.3,  2.898,155.635,0.642042,  2.2,228.043,7.99e-02, 17.0, 9.8,301
 617, 45300,05012008,25102021 215846, 357, 19334.0,  3.187,175.402,0.641676,  2.1,182.233,7.05e-02, 16.4,42.2,854
 618, 45301,31052017,25102021 201413,1494, 19574.9, 15.716,336.111,0.631193,359.6,176.713,1.19e+00, 17.0, -  , - 
 619, 45400,12052017,25102021 200438,   4, 19578.5,  4.559,293.292,0.651338,359.4,295.949,6.10e-02, 18.1, 0.1,  5
 620, 45401,15022018,25102021 210756,1336, 19538.2,  7.435,143.400,0.651424,  0.7,253.714,5.40e-02, 17.9, -  ,162
 621, 45402,06072012,26102021 004834, 157, 19551.6, 49.147,121.239,0.648571,  0.1,156.038,6.11e-02, 18.6,35.3,858
 622, 45403,05072012,26102021 012448,   1, 19555.2, 48.979,149.821,0.646808,  0.1,128.414,1.28e-01, 15.2, 0.1, 15
 623, 45501,07072012,25102021 202841, 298, 19544.1, 48.968, 87.977,0.642630,360.0,215.400,1.24e-01, 16.6,16.0,959
 624, 45600,08032010,26102021 032205, 248, 19291.2,  2.976,207.352,0.640843,  2.0,121.270,8.04e-02, 17.1,19.7,501
 625, 45601,07072012,25102021 220733,   2, 19603.4, 49.636,129.156,0.655019,  0.1,110.178,8.31e-02, 19.3, 0.2,  6
 626, 45602,03072012,25102021 200754, 317, 19650.1, 49.272, 93.418,0.645959,  0.0,188.691,5.72e-02, 19.7, 9.8,294
 627, 45700,14042020,25102021 224106, 547, 19630.7,  3.750,104.821,0.654700,  0.5,246.760,4.02e-02, 18.0, -  , 65
 628, 45800,25092001,25102021 223141,   1, 19071.7,  6.437,266.038,0.641086,  0.1, 40.816,9.16e-02, 15.3, 0.1,  5
 629, 45801,08082015,26102021 021153, 124, 19234.0,  7.024,138.027,0.649008,  0.7,251.141,4.95e-02, 17.8, -  , 91
 630, 45802,12092018,26102021 001858,   1, 19680.7, 49.205,105.351,0.647091,  0.0,176.106,5.13e-02, 18.6, 0.1,  2
 631, 45900,29072009,25102021 211402,   4, 19643.0,  4.341,339.682,0.651803,358.5,208.516,5.74e-02, 16.9, 0.1,  8
 632, 45901,23042018,26102021 022840, 988, 19816.5, 48.542,249.109,0.637226,  0.1, 64.544,3.41e-01, 16.8, -  , - 
 633, 46100,14022020,25102021 230237, 616, 19907.7, 31.036, 13.551,0.558552,359.8, 32.400,2.69e+00, 16.2,28.8, - 
 634, 46200,25042018,26102021 040038, 228, 19832.2, 48.679,180.895,0.645625,  0.2,124.608,8.53e-02, 15.5,16.6,717
 635, 46500,24082009,25102021 194546,   1, 19036.6,  9.572,332.433,0.646557,359.4,217.258,5.66e-02, 13.2, 0.2,  4
 636, 46501,08112013,26102021 013737,1464, 16453.7, 62.951,121.703,0.581028,  0.1,307.794,7.18e-03, 13.1, 6.1, 83
 637, 46600,19072007,26102021 013803, 570, 19753.5,  2.771,267.363,0.653547,  0.1, 11.573,2.94e-02, 17.9, -  ,232
 638, 46601,14062012,25102021 204135,   4, 17622.1,  7.714,122.633,0.613005,  0.5,352.217,1.05e-01, 12.0, 0.1, 20
 639, 46602,27082017,25102021 194648, 210, 19921.3,  6.216,215.497,0.659687,  0.9,211.311,5.98e-02, 16.4,56.7,388
 640, 46700,27072006,25102021 210128,  11, 19786.6,  7.482, 38.264,0.652447,359.3,227.769,1.60e-01, 13.8, 0.3, 54
 641, 46703,01072012,25102021 220439, 122, 19939.5, 48.615,195.863,0.646929,  0.2,107.806,1.31e-02, 19.5, 0.8, 39
 642, 46704,04032020,26102021 020535, 600, 19956.0,  4.565,178.922,0.648992,  1.5,137.106,1.74e-01, 18.5,91.9, - 
 643, 46705,27042013,26102021 051549,   2, 19963.5, 48.644,203.105,0.647370,  0.1, 98.514,1.13e-02, 17.0, 0.1,  1
 644, 46801,18032013,26102021 003800, 142, 20018.6, 48.739,232.767,0.645493,  0.1, 66.487,5.86e-02, 16.6, 1.3,128
 645, 46802,03032018,26102021 013430,   1, 20010.8, 48.676,230.368,0.645101,  0.1, 71.735,3.31e-02, 15.0, 0.1,  3
 646, 46803,12062012,26102021 050243,  20, 20027.8, 48.787,235.236,0.645846,  0.1, 67.249,6.12e-02, 18.1, 0.2, 34
 647, 46804,02072012,26102021 010204, 364, 20046.5, 48.665,248.712,0.643436,  0.1, 59.789,1.20e-01, 19.6, 5.7, 99
 648, 46807,07112011,25102021 230035,   4, 19793.2, 49.123,116.331,0.648661,  0.1,167.640,2.01e-02, 19.2, 0.1,  2
 649, 46900,14102011,26102021 031805,   0, 17632.5, 25.186,307.404,0.625929,359.8,277.336,8.91e-03, 10.8, 0.2,  1
 650, 46901,25112014,25102021 184542, 271, 19931.6, 48.426,133.553,0.649452,  0.1,206.288,1.29e-01, 17.9,18.1,780
 651, 46902,22092019,26102021 011130,  28, 20002.0, 61.147,289.369,0.643687,360.0, 58.032,3.56e-01, 16.0, 4.0, - 
 652, 47000,04082013,25102021 211424,   1, 19602.0,  7.506,234.183,0.649364,  0.5,206.044,9.33e-02, 16.8, 0.1,  3
 653, 47001,09032017,26102021 031020,   4, 20030.1, 64.036,176.445,0.591411,  0.1,241.026,9.74e-02, 15.6, 0.1, 12
 654, 47002,10042013,26102021 013711,1051, 17612.3, 48.663,223.071,0.596870,  0.1, 85.319,1.91e-01, 17.0,35.0, - 
 655, 47100,24072014,26102021 010751, 312, 18297.6,  7.247,229.608,0.634220,  0.6,134.879,4.67e-02, 17.2, -  ,185
 656, 47101,23122009,26102021 071429,1051, 20058.0,  2.339,217.185,0.599228,  2.3, 83.889,5.63e-02, 17.4,10.5, - 
 657, 47102,01112016,25102021 225714, 340, 19877.2,  7.995, 58.760,0.650298,359.5,  0.871,2.78e-01, 17.1,96.8, - 
 658, 47103,10052018,25102021 212632,   1, 20135.1, 50.567,315.971,0.654224,359.9,288.257,1.78e+00, 12.6, 0.3, 66
 659, 47104,09122018,25102021 212118,  28, 20086.7,  3.064,117.644,0.656517,  1.1,304.086,5.94e-02, 17.2, 0.3, 23
 660, 47105,22102013,25102021 214942, 131, 20099.2, 47.537,203.155,0.648324,  0.1,175.516,3.71e-01, 15.5,24.2, - 
 661, 47106,07042021,26102021 033316,   2, 20122.3, 18.433,275.092,0.588449,360.0,142.535,9.53e-01, 16.6, 0.2, 38
 662, 47200,16032015,25102021 234506,   4, 16135.4,  2.264, 49.687,0.576138,357.9, 75.401,2.13e-02, 16.5, 0.3,  4
 663, 47201,13092018,26102021 055427, 221, 20045.3,  5.713, 71.367,0.659174,359.6, 72.046,5.02e-02, 18.0,34.1,367
 664, 47202,05072012,25102021 232749,   1, 20107.5, 48.785,280.828,0.639097,360.0, 33.424,5.85e-02, 18.1, 0.1,  3
 665, 47203,11022019,25102021 232954, 987, 20146.7, 48.851,297.557,0.636921,359.9, 21.711,7.45e-02, 16.8,26.2, - 
 666, 47300,27072012,25102021 191623,   1, 18192.0,  2.640,246.405,0.637599,  1.0,  4.391,6.22e-03, 14.6, 0.2,  1
 667, 47304,05102015,26102021 012821,  10, 20118.8,  2.906,182.862,0.653075,  2.4,172.603,8.61e-02, 17.3, 0.1, 10
 668, 47306,08112018,25102021 183854,   5, 20113.1, 63.250,185.257,0.621129,  0.1,233.178,5.36e-02, 17.0, 0.1,  2
 669, 47400,31052008,25102021 233820,   0, 19766.3,  7.595,270.552,0.658405,360.0,298.319,7.03e-02, 14.4, 0.1,  1
 670, 47401,18072015,26102021 005015,   2, 17610.9, 24.744,182.086,0.616291,  0.3,289.356,1.38e-01, 15.8, 0.1,  7
 671, 47402,21072015,26102021 053649, 150, 20194.8,  3.793,243.996,0.653812,  0.8, 43.747,8.72e-02, 17.3, 6.4,159
 672, 47403,12102013,25102021 194846,   1, 20176.0, 49.813,316.901,0.641136,359.9,318.354,1.33e+00, 14.4, 0.1,  8
 673, 47404,15102018,25102021 234046,1103, 20178.9, 46.330,187.267,0.351684,  0.2,353.749,2.96e+01, 17.9, -  , - 
 674, 47405,22102018,26102021 025602, 956, 13834.4, 27.161, 93.782,0.517254,  0.0, 70.531,5.15e-01, 15.8,42.4, - 
 675, 47500,08012008,25102021 222412,4026, 17031.6,  3.263, 69.874,0.601478,359.2,358.869,8.83e-02, 18.2, -  , - 
 676, 47600,05052008,25102021 215650,  86, 19908.7,  6.935, 71.234,0.657219,359.7,171.435,6.04e-02, 14.8, -  ,240
 677, 47601,22122012,25102021 233230,   1, 13158.0, 25.953,174.409,0.498226,  0.3,288.429,7.56e-03, 10.4, 0.1,  1
 678, 47603,25012015,25102021 230030,   2, 20275.3, 48.172,196.461,0.652684,  0.2,144.860,1.00e-02, 18.2, 0.1,  1
 679, 47604,26102011,26102021 014817, 192, 20130.1, 48.963,156.955,0.662985,  0.1,122.663,2.04e-02, 16.8,35.5,127
 680, 47605,05022016,25102021 181955,   1, 20204.5, 45.174,200.447,0.536094,  0.2,242.068,5.94e+00, 13.3, 0.2, 50
 681, 47606,28012017,25102021 234611, 783, 20226.2,  6.070,177.421,0.657387,  1.1,334.376,8.97e-02, 18.1, -  , - 
 682, 47607,02042017,25102021 204756,   2, 20206.8,  6.576,284.076,0.657830,359.8,264.214,8.27e-02, 17.4, 0.1,  3
 683, 47608,05072012,26102021 025533,   1, 20225.2, 48.571,250.268,0.649903,  0.1, 61.319,1.00e-02, 19.5, 0.1,  9
 684, 47701,16032018,25102021 214325,1283, 20159.1,  8.374,202.866,0.652212,  0.8,175.346,2.86e-01, 18.3, -  , - 
 685, 47703,26062012,26102021 004244,  11, 20259.8, 49.078,348.766,0.628452,359.8,344.259,6.92e-03, 18.5, 0.1,  2
 686, 47800,20032012,25102021 230042,   1, 19390.6, 27.426,229.809,0.656980,  0.2,298.333,7.48e-03, 11.3, 0.1,  1
 687, 47801,12062012,25102021 202328,  60, 20331.9, 48.920,331.664,0.632525,359.9,355.597,8.57e-01, 15.2, 9.6, - 
 688, 47802,12052012,25102021 224455,   1, 20230.8, 50.435,310.698,0.644333,359.9,292.821,1.46e+00, 13.0, 0.1, 31
 689, 47803,21062012,26102021 010259, 149, 20287.9, 48.401,233.917,0.652247,  0.1, 94.830,1.61e-02, 17.0, 8.2,458
 690, 47804,24012020,26102021 045313, 194, 20327.3, 48.115,308.809,0.614261,359.9, 31.456,1.01e+00, 16.6, 9.9, - 
 691, 47805,06082010,26102021 052614,  19, 20305.0,  8.447,  7.029,0.657642,359.2, 27.103,4.96e-02, 16.4, 0.3, 37
 692, 48000,08092008,25102021 234318,  71, 19411.2, 11.135, 56.890,0.647128,359.7, 89.447,5.13e-01, 18.1,95.4,871
 693, 48100,28102014,26102021 003903,2502, 20277.5,  9.915,132.743,0.643192,  0.5,210.904,6.01e-01, 16.8, -  , - 
 694, 48200,19012012,25102021 214947,   1, 19762.6,  6.220,278.446,0.656151,359.8,144.905,7.45e-02, 14.0, 0.3,  7
 695, 48201,21122009,25102021 230853,   1, 20359.3,  2.406,329.783,0.658800,357.6,247.856,7.14e-02, 16.8, 0.1,  2
 696, 48202,29072008,25102021 230332, 101, 20402.2,  4.711, 89.956,0.653890,360.0,346.347,1.18e-01, 17.0, 1.1,170
 697, 48203,29072018,26102021 010952,  23, 20376.5, 62.627,224.967,0.639371,  0.1,243.396,1.44e-01, 14.6, 0.4, 98
 698, 48205,14032019,26102021 011221, 163, 20367.8,  5.827,353.390,0.656887,358.8,153.589,3.77e-02, 18.3, 0.3,  7
 699, 48300,03022014,25102021 175620,   2, 20461.4, 11.337,197.439,0.649149,  0.6,329.334,3.07e-01, 17.0, 0.1,  2
 700, 48301,02092015,26102021 004146, 320, 20199.5,  5.684,253.816,0.658846,  0.3, 83.391,8.60e-02, 17.1,41.4, - 
 701, 48400,21012007,26102021 002704, 542, 20255.0,  7.595,300.331,0.660819,359.6, 32.278,4.98e-02, 18.7,55.1,642
 702, 48401,17032016,26102021 020140,  25, 20413.5,  8.103,142.186,0.658045,  0.7,134.852,1.59e-01, 17.2, 0.3, 40
 703, 48500,05122012,25102021 223614,   1, 18211.9, 26.299,116.977,0.635734,  0.1, 58.934,1.13e-02, 11.2, 0.1,  1
 704, 48501,24032010,25102021 213358,  99, 20163.0,  8.509, 15.907,0.665929,359.2,192.399,2.29e-02, 17.3, -  , 75
 705, 48600,16022018,26102021 050536, 552, 20410.4,  6.476,218.360,0.668623,  0.8,135.009,1.63e-02, 18.8, -  ,151
 706, 48602,05072012,26102021 033731, 261, 20474.1, 47.663,278.666,0.648823,360.0,122.042,3.91e-03, 16.0, 3.5,348
 707, 48603,11062021,25102021 205507,  91, 20501.5, 12.500,  1.399,0.664296,359.4,119.523,7.39e-02, 17.2, 3.2, 14
 708, 48700,29072006,26102021 065929,   2, 20550.5,  1.787, 87.083,0.656334,359.8, 13.462,3.83e-02, 15.9, 0.1,  8
 709, 48702,12122018,25102021 223255, 526, 20482.6, 26.382,139.995,0.663566,  0.2,172.505,8.98e-02, 16.1,92.5, 62
 710, 48703,27012020,26102021 004521, 162, 20547.8, 49.072,269.611,0.532883,  0.0, 71.470,1.02e+01, 15.2,44.0, - 
 711, 48800,18012021,26102021 020008, 267, 20547.7,  2.619,133.640,0.657418,  1.9,274.716,1.46e-02, 17.5, 0.8, 13
 712, 48900,20092015,26102021 022220,   3, 20592.1,  6.220,306.569,0.656804,359.4,264.345,1.77e-01, 17.8, 0.1, 10
 713, 48901,19122009,26102021 025617, 251, 20602.0,  1.853,239.462,0.651594,  1.8, 71.061,7.66e-02, 17.9, 2.7,281
 714, 48902,04122018,25102021 172249,1036, 19919.6,  1.579,262.741,0.663721,  0.5,218.778,2.69e-02, 18.7, 1.3, 32
 715, 48903,13032019,26102021 045555, 913, 20663.5, 50.077,189.912,0.285774,  0.2,  5.404,4.40e+01, 17.0, -  , - 
 716, 49000,30072011,25102021 223344,   3, 19760.2, 63.045,151.737,0.659166,  0.1,270.471,7.84e-03, 14.1, 0.1,  1
 717, 49001,21092015,25102021 225134, 533, 20635.1,  3.885,289.877,0.655555,359.4,324.018,9.05e-02, 17.5,10.5,164
 718, 49002,09032016,25102021 215138,  23, 20591.5,  8.534,114.256,0.652376,  0.3,167.046,3.77e-01, 17.9, 0.8,187
 719, 49003,05052018,25102021 183618, 806, 20650.3, 48.738,275.211,0.660527,360.0, 37.797,1.82e-01, 19.4,98.7, - 
 720, 49004,25102019,25102021 230023, 136, 20322.2,  7.801,288.878,0.667578,359.7,249.660,1.73e-01, 16.6, 0.8,207
 721, 49100,07032016,26102021 054237, 220, 20786.0, 48.175,243.550,0.592748,  0.1,141.606,4.04e+00, 15.3,84.0, - 
 722, 49102,10052018,25102021 202058, 496, 20696.7, 48.670,356.425,0.637905,359.8,331.677,1.28e+00, 15.6, -  , - 
 723, 49103,09042020,26102021 003833, 540, 20676.7, 46.571,236.297,0.565872,  0.1,144.168,6.29e+00, 17.4,33.5, - 
 724, 49104,13042020,25102021 203012, 544, 20647.8,  7.911,174.888,0.666085,  0.9, 80.041,1.33e+00, 18.1, -  , - 
 725, 49200,18062011,26102021 000401,   0, 19408.6, 63.334,152.630,0.648918,  0.1,273.139,1.11e-02, 11.8, 0.1,  1
 726, 49201,22032010,26102021 063740,  57, 20510.8,  5.643,  6.834,0.664082,358.8, 75.853,7.44e-02, 15.8, 3.0,224
 727, 49202,17082014,25102021 203131, 328, 20631.1,  2.619,311.450,0.660608,358.3,135.792,1.06e-01, 17.5,17.3,534
 728, 49204,25082017,26102021 000720,1514, 20600.9, 51.824,291.015,0.599751,359.9,272.230,6.48e+01, 17.5, -  , - 
 729, 49206,24042019,26102021 074334, 905, 20689.7, 10.721, 49.423,0.657739,359.6, 72.915,2.45e-01, 18.8, -  , - 
 730, 49300,05032009,25102021 223256, 345, 20749.5,  7.395, 81.935,0.645886,359.9,280.640,6.06e-01, 15.7,21.1, - 
 731, 49301,27022016,25102021 213314, 547, 20692.5,  7.408, 31.595,0.660207,359.2,249.963,9.42e-02, 18.1,96.2,531
 732, 49302,01032016,25102021 231754, 549, 20688.0,  7.195,156.083,0.646251,  0.9,137.040,3.48e-01, 16.8,34.4, - 
 733, 49304,25072017,25102021 232601, 699, 20752.9,  9.044, 89.552,0.661142,360.0,115.722,4.20e-02, 17.9, -  ,351
 734, 49305,17012018,25102021 214719, 184, 20546.6,  6.123,197.974,0.667362,  1.1,149.104,7.57e-02, 17.4,28.6,165
 735, 49306,05032019,25102021 215026, 206, 20715.0, 47.775,295.146,0.555908,359.9,106.066,9.18e+00, 17.8, -  , - 
 736, 49307,19042020,25102021 212153,   1, 20436.7, 26.191, 32.775,0.520203,359.8,176.466,2.84e+01, 16.9, 0.3, 69
 737, 49500,24032010,26102021 044405,   4, 20733.3,  5.497, 35.903,0.660368,359.0,296.840,1.05e-01, 17.5, 0.1,  2
 738, 49501,15012013,25102021 224950, 400, 20285.2,  6.767, 82.756,0.666622,359.9,186.080,2.86e-02, 17.6, -  ,339
 739, 49502,04052016,25102021 233844,1290, 19149.2,  6.947,144.758,0.625444,  0.8,247.510,1.19e-01, 18.2, -  , - 
 740, 49504,13042006,26102021 033221,  76, 20863.6, 10.013,341.269,0.644830,359.4, 48.795,3.30e-01, 14.3, 3.4,778
 741, 49505,16072017,26102021 010701, 478, 20173.8, 55.826,333.329,0.485272,359.9,254.036,3.41e+01, 17.1, -  , - 
 742, 49600,07042016,26102021 033038,   3, 20810.4,  4.528,309.120,0.646640,359.1,273.761,2.56e-01, 16.5, 0.1, 11
 743, 49601,21032017,25102021 224855,1269, 18570.5, 49.738,296.259,0.491651,359.9, 48.408,1.09e+01, 16.3, -  , - 
 744, 49602,10052017,25102021 223246,  89, 20822.0,  8.172, 27.702,0.642138,359.2, 31.587,5.43e-02, 18.7, 0.1, 19
 745, 49603,15092017,25102021 195059, 655, 20759.1,  6.841,274.062,0.652179,359.9,268.705,3.90e-01, 18.3,14.9, - 
 746, 49701,26072009,25102021 201314, 875, 20827.0,  8.859, 11.989,0.640960,359.2, 40.913,9.58e-02, 17.1,15.9, - 
 747, 49702,02042017,26102021 015659, 927, 20844.9,  8.780, 23.969,0.639840,359.3, 18.845,1.62e-01, 17.9,16.7,413
 748, 49703,15052017,26102021 014856,1620, 18293.4, 48.520,336.367,0.341260,359.9,320.044,3.55e+01, 14.8, -  , - 
 749, 49705,20072019,25102021 162839, 584, 20814.0, 50.366,348.754,0.660664,359.8,266.252,4.51e-01, 17.0,72.5,648
 750, 49706,15052021,25102021 235923, 146, 21028.3, 34.110, 74.293,0.267810,359.9, 69.673,5.79e+01, 17.8,42.1, - 
 751, 49707,03012007,25102021 224014,   1, 20747.3, 26.478,343.365,0.667475,359.7,195.176,6.73e-02, 15.9, 0.1,  5
 752, 49800,05072016,26102021 072538, 243, 20807.3, 48.625,251.453,0.599143,  0.1,117.823,1.22e+00, 16.2,28.8, - 
 753, 49801,21032018,25102021 224517,1268, 20805.8, 53.493,193.019,0.488212,  0.1, 59.292,2.24e+01, 16.2, -  , - 
 754, 49900,23122009,26102021 002049, 440, 20786.9,  6.060, 78.900,0.660751,359.8,200.253,2.22e-01, 15.1,23.6, - 
 755, 49901,02022014,25102021 213347,   1, 20845.2,  5.673, 92.349,0.664511,  0.0,174.555,1.11e-01, 17.1, 0.1,  1
 756, 49902,19012018,26102021 013834, 311, 32533.8,  7.122,209.856,0.794451,  0.8,141.849,1.16e-01, 17.4,22.3, - 
 757, 49903,23012018,25102021 180021,1370, 20860.1, 49.125, 97.182,0.504232,  0.0,276.380,1.48e-02, 16.4, 0.8, 24
 758, 49905,25092019,26102021 031531, 735, 21162.5, 17.048, 29.018,0.541447,359.6, 54.449,4.76e+00, 17.8, -  , - 
 759, 49906,19072020,26102021 013834, 428, 20842.7,  6.080,213.239,0.672863,  0.9,139.245,2.26e-02, 17.8,80.9, 73
 760, 49907,17042021,26102021 003132, 135, 20975.3, 48.464, 24.634,0.532995,359.9,324.841,4.32e+00, 15.9,14.0, - 
 761, 50000,10052016,25102021 232134, 320, 20642.3, 49.010,262.764,0.590448,  0.0,108.238,1.69e+00, 16.5,51.9, - 
 762, 50001,06042017,26102021 024651,1517, 20964.9, 49.488, 20.677,0.564568,359.9,338.720,4.08e+00, 15.6, -  , - 
 763, 50002,07102018,25102021 191127, 985, 22039.5, 72.478, 14.764,0.357525,359.9,217.969,6.98e+01, 17.7, -  , - 
 764, 50003,19012007,26102021 055941,   1, 20924.5,  6.535,197.808,0.669093,  1.0, 25.138,7.42e-02, 15.3, 0.1,  2
 765, 50100,16072009,26102021 062013,  11, 20939.9,  6.461,204.324,0.667766,  1.0, 14.340,1.97e-02, 18.8, 0.1,  3
 766, 50102,13042018,25102021 190219, 173, 20444.6, 44.714,146.744,0.360912,  0.1,249.775,3.72e+01, 17.6,38.2, - 
 767, 50200,06082007,26102021 021359,   1, 20941.4,  5.634,230.011,0.666814,  0.8,330.042,9.70e-02, 16.6, 0.1,  4
 768, 50201,08112008,25102021 205254,   2, 20969.0, 49.372, 24.057,0.571505,359.9,344.920,6.36e-01, 15.1, 0.1, 21
 769, 50204,30052017,25102021 181940,1198, 20898.8, 48.608, 92.699,0.547720,  0.0,310.225,1.30e+01, 16.5, -  , - 
 770, 50205,07122017,25102021 221520, 556, 19771.3, 26.514,  6.252,0.660914,359.7,204.184,1.79e-01, 16.1, 6.3, - 
 771, 50301,16022018,25102021 230114, 394, 20881.6,  2.343,209.576,0.675545,  2.5,140.597,2.22e-02, 17.2,21.8,310
 772, 50400,26072009,26102021 061326,   2, 20905.4,  4.771,124.591,0.669128,  0.8,104.169,1.22e-01, 17.0, 0.1,  3
 773, 50401,24032010,26102021 000130,   4, 21030.6,  5.245,303.683,0.659652,359.3,148.069,1.34e-01, 17.1, 0.1, 13
 774, 50402,08052015,25102021 234935, 106, 20888.4, 55.295,212.045,0.353302,  0.1, 43.349,2.86e+01, 16.8,19.3, - 
 775, 50403,20062018,25102021 233356, 798, 21045.3, 49.245,321.415,0.662831,359.9,349.188,1.50e-01, 15.6,43.8,890
 776, 50404,01022019,26102021 005116, 366, 20396.1,  5.192, 73.970,0.660943,359.6, 26.652,3.39e-01, 17.8, 2.0,531
 777, 50405,15052021,26102021 050048, 116, 21046.1,  7.995,103.864,0.659514,  0.2, 54.709,7.38e-01, 18.3,25.4, - 
 778, 50500,25092010,26102021 015506,  32, 20528.0,  7.399,163.458,0.666935,  0.9,245.391,4.99e-02, 14.4, 1.8, 94
 779, 50501,15122010,26102021 014046, 234, 21071.6,  7.549, 66.853,0.637107,359.6,344.228,2.87e-01, 16.0, 3.2,767
 780, 50502,13052021,26102021 001710,   1, 21170.1, 48.670,180.393,0.246336,  0.2,225.977,2.87e+01, 15.1, 0.2, 45
 781, 50600,07102012,25102021 202954, 449, 18610.9, 62.832,283.663,0.645711,360.0,269.360,1.59e-02, 15.7, 2.9,115
 782, 50602,01072017,26102021 001207,1241, 21029.5, 46.773, 79.153,0.455328,360.0,318.084,9.16e+00, 16.1, -  , - 
 783, 50603,22062018,25102021 232628,1086, 21051.1, 49.654,334.265,0.660581,359.9,314.404,1.94e-01, 15.5,96.5, - 
 784, 50700,09091996,26102021 031532,   1, 20515.5,  7.597,317.668,0.669742,359.3,208.861,3.46e-02, 15.9, 0.2,  1
 785, 50701,05072012,26102021 020053, 122, 21156.9, 49.316,335.347,0.663938,359.9,338.221,4.19e-02, 17.7, 1.5,305
 786, 50702,12072016,25102021 180513,1332, 21232.4, 48.363,348.149,0.503203,359.8, 47.655,1.01e+01, 16.4, -  , - 
 787, 50703,22112016,26102021 022958, 323, 21052.1,  7.605,172.111,0.673944,  0.9,224.652,9.74e-02, 17.4,45.2, - 
 788, 50704,31012017,25102021 233325, 401, 21172.4,  5.982,358.998,0.660950,358.9,  3.290,8.93e-02, 18.1, 6.3,194
 789, 50705,26042017,26102021 021434, 255, 21090.3,  7.075,322.036,0.662425,359.2,153.235,6.66e-02, 18.1, 5.0,339
 790, 50706,10032018,26102021 021804, 564, 21139.5, 46.256,119.528,0.394245,  0.1,253.113,1.60e+01, 16.6,47.4, - 
 791, 50708,31032021,25102021 203837, 140, 21085.8,  7.213,353.424,0.660781,359.1, 92.803,1.01e-01, 17.6, 0.7, 17
 792, 50800,18072009,25102021 174859,   1, 21106.4,  3.621,231.324,0.666850,  1.2,289.457,5.88e-02, 16.5, 0.1,  2
 793, 50801,22122009,25102021 235129,   4, 21153.1,  6.390, 16.113,0.660742,359.0,321.037,1.20e-01, 17.1, 0.1,  3
 794, 50802,07082014,26102021 030346, 174, 17307.9, 62.819,269.812,0.619127,  0.0,270.401,1.27e-02, 14.5, 0.2, 32
 795, 50900,23042009,25102021 201359, 445, 21145.2,  7.123,186.336,0.654692,  1.0, 47.992,1.13e-01, 16.3, 3.5,227
 796, 50901,23022014,26102021 052535, 350, 20992.0,  2.952,234.912,0.668828,  1.3, 78.827,5.25e-02, 15.9,46.0,573
 797, 50902,26102019,26102021 012159, 684, 21256.3, 12.212, 48.006,0.416846,359.6,346.262,6.90e+00, 17.0,58.5, - 
 798, 51000,30102015,25102021 204441,  92, 21129.4, 48.256,109.151,0.538219,  0.1,313.588,3.85e+00, 15.0,36.8, - 
 799, 51002,15082018,25102021 203616,   1, 21138.6,  6.429, 89.847,0.657611,360.0,249.289,7.69e-02, 14.3, 0.1,  3
 800, 51003,30012019,25102021 231959, 839, 21227.0, 49.105,339.766,0.667794,359.9,345.476,8.14e-02, 17.0,36.3,610
 801, 51004,22092019,26102021 025400, 207, 20596.1, 15.578,270.949,0.668100,360.0,220.070,2.18e+00, 16.5,51.7, - 
 802, 51005,13112020,25102021 203247,  82, 21131.9, 10.593,299.466,0.525393,359.7,174.686,6.03e+00, 17.0,39.0, - 
 803, 51006,13022021,26102021 000250,  85, 21166.8,  9.546, 42.953,0.674878,359.5, 88.634,1.45e-01, 17.9, 7.3,516
 804, 51100,03042011,25102021 202211, 153, 21223.8,  4.301, 78.351,0.656876,359.7,236.827,9.83e-02, 13.7, 1.8,372
 805, 51101,09062008,26102021 025317, 102, 21400.7,  7.583,176.419,0.681735,  0.9,324.807,2.47e-02, 16.8,12.2,103
 806, 51102,21012012,26102021 044945,   3, 19899.6,  8.362,208.697,0.657380,  0.7,177.804,8.02e-02, 16.0, 0.1,  7
 807, 51103,24032018,26102021 041741, 944, 21192.1,  8.502,239.294,0.669124,  0.4, 91.504,1.32e-01, 18.0, -  , - 
 808, 51104,21012007,26102021 035338,   1, 21149.2, 27.401,  0.449,0.669838,359.7,125.825,2.05e-02, 17.8, 0.1,  3
 809, 51200,03082017,26102021 040556,1477, 21138.7,  7.283,335.115,0.673247,359.2,204.584,4.88e-01, 16.5, -  , - 
 810, 51201,09012007,26102021 043842,  15, 21186.6, 26.661,  8.607,0.674224,359.7,152.292,6.69e-03, 19.3, 0.1,  6
 811, 51202,10052021,25102021 221217, 165, 21285.8, 45.483,187.328,0.442152,  0.2,231.576,8.84e+00, 18.9, -  , - 
 812, 51300,24032004,26102021 035312,   1, 21095.4, 10.576,100.270,0.673935,  0.1,158.270,1.11e-01, 13.9, 0.1,  2
 813, 51302,01082014,25102021 202150, 435, 16546.5,  1.662,136.886,0.593113,  3.1,  9.351,4.34e-02, 17.6, 1.4,331
 814, 51303,22122016,26102021 043242,1729, 21244.3,  6.581,135.798,0.658614,  0.8,162.490,4.97e-02, 17.9,32.4, - 
 815, 51304,02042017,26102021 024758, 247, 21201.8, 58.661,255.671,0.617227,  0.0,221.495,8.49e+00, 15.5,46.6, - 
 816, 51305,03072017,25102021 194025, 361, 21260.2, 48.196, 96.151,0.552847,  0.0,318.126,2.21e+00, 15.1,75.1, - 
 817, 51307,06082019,25102021 170654,  32, 21297.4,  4.948,194.051,0.658428,  1.3,351.682,7.00e-02, 17.4, 0.1, 20
 818, 51400,30052008,26102021 005653, 273, 21263.4,  7.516,256.298,0.656559,  0.2,157.965,9.50e-02, 17.2, 3.4,705
 819, 51402,06082017,25102021 220832,1502, 21268.9, 44.904,268.486,0.410703,  0.0,182.393,8.49e+00, 16.7, -  , - 
 820, 51403,22042018,26102021 051203,1279, 21182.2,  6.847,288.633,0.677814,359.7, 43.933,8.54e-02, 18.6, -  ,128
 821, 51501,23082014,25102021 233830, 366, 20809.9,  6.663, 15.328,0.665108,359.0, 44.627,3.24e-01, 18.2,56.1, - 
 822, 51502,07122016,25102021 212531, 377, 21354.2,  7.501,335.261,0.653239,359.2, 16.049,5.66e-02, 16.6, 2.4,379
 823, 51503,09042018,25102021 172237, 115, 21318.5, 48.508,167.610,0.519582,  0.2,210.104,3.28e+00, 15.5,27.0, - 
 824, 51600,13112014,26102021 045306,   1, 20421.9, 21.632,133.121,0.664437,  0.2,334.513,1.19e-01, 15.4, 0.1, 11
 825, 51601,17032010,25102021 212044, 119, 21186.3,  3.541,193.749,0.679110,  1.9,169.683,2.67e-02, 17.3, -  ,107
 826, 51602,28052017,26102021 005034,1610, 21426.3, 47.347,120.616,0.467051,  0.1,229.481,1.19e+01, 17.2,89.8, - 
 827, 51603,01072017,25102021 214029, 732, 20975.9,  6.411,317.600,0.678154,359.2,281.479,1.40e-01, 17.3, -  ,953
 828, 51604,29042020,25102021 221822,  87, 21348.1,  7.896, 11.365,0.651180,359.1,297.096,2.55e-02, 18.5, 0.1,  7
 829, 51605,14112020,26102021 012347,  84, 21386.7, 10.595,322.457,0.493562,359.5,141.291,6.73e+00, 16.3,19.4, - 
 830, 51700,20122009,25102021 211320,  20, 21390.0,  7.628,137.047,0.649067,  0.7, 47.677,1.59e-01, 17.4, 0.1, 33
 831, 51800,24122009,25102021 233512, 479, 21377.5,  5.605,185.721,0.536517,  1.2,  6.647,8.79e-02, 18.2, 1.7,163
 832, 51801,25112016,26102021 032737, 256, 21372.4,  5.976,112.706,0.663585,  0.4,224.942,1.76e-01, 16.5, 4.4,469
 833, 51802,30122017,26102021 040739, 534, 21426.1,  7.546,146.062,0.648234,  0.8, 28.667,2.72e-02, 17.4, 1.9,286
 834, 51900,19042009,25102021 235645,  17, 21260.0,  8.266,100.519,0.676349,  0.1, 27.349,3.10e-02, 17.2, 0.1, 10
 835, 51901,26112017,25102021 204431,1175, 21360.6,  6.792,103.732,0.681058,  0.2,161.921,4.63e-02, 18.8, -  ,393
 836, 51902,29112017,25102021 223244,1408, 20866.4,  8.095, 19.040,0.675704,359.2,216.611,3.42e-01, 18.2,38.1, - 
 837, 52000,21042009,25102021 230607,4197, 21327.8,  7.578, 49.221,0.677593,359.4,336.136,3.95e-02, 17.5,30.6, - 
 838, 52001,15052017,25102021 220806, 632, 21420.0,  7.528,176.313,0.679661,  0.9,302.105,5.13e-02, 18.0, -  ,607
 839, 52002,22042018,26102021 040824, 118, 21381.9, 48.313,173.778,0.524643,  0.2,214.060,3.05e+00, 15.7,36.2, - 
 840, 52003,11122018,25102021 234844, 666, 21439.1, 49.407, 20.497,0.666453,359.9,290.904,2.33e-01, 15.6,49.7, - 
 841, 52004,22032021,25102021 193059,  36, 21461.0, 36.745,149.475,0.157748,  0.2,331.405,2.75e+01, 16.5, 9.0, - 
 842, 52100,22072014,25102021 190006, 956, 18710.0,  1.622,351.468,0.641924,355.9,286.643,8.03e-02, 17.9,34.9,978
 843, 52102,09082019,26102021 034715,   4, 21495.7, 10.251,213.583,0.677425,  0.6,354.120,3.22e-01, 17.3, 0.1, 29
 844, 52103,26072012,26102021 022250,   1, 21475.9,  4.249,329.350,0.638461,358.6,108.051,1.46e-01, 15.5, 0.1,  8
 845, 52104,04092021,26102021 010901,  28, 21475.8, 65.013,190.826,0.671754,  0.1, 21.246,3.26e+00, 15.8,16.4,366
 846, 52200,16032015,26102021 024329,  51, 21306.2,  7.515,249.506,0.676351,  0.3,207.761,1.03e-01, 17.2, 0.5, 96
 847, 52202,04022019,26102021 004555,  11, 21498.6,  4.544,341.962,0.639327,358.6, 78.602,8.69e-02, 18.6, 0.1,  8
 848, 52203,29072019,26102021 011517, 685, 21515.6, 12.332, 82.241,0.456721,359.9,280.697,1.75e+00, 16.9,78.5, - 
 849, 52204,29082019,25102021 214010, 252, 21656.1, 11.650, 90.295,0.389057,360.0,266.265,3.52e+00, 16.3, -  , - 
 850, 52300,25012010,25102021 203008,   4, 21516.0,  6.530,119.048,0.636131,  0.5,116.190,1.32e-01, 17.4, 0.1, 11
 851, 52301,02102019,26102021 042908, 730, 21490.2, 20.323,339.947,0.684530,359.7, 93.766,1.15e-01, 17.9, -  , - 
 852, 52302,08012007,26102021 053515, 408, 21575.5, 26.335,307.541,0.678158,359.8, 20.361,3.96e-03, 19.2, 8.9,236
 853, 52400,22082012,26102021 013502,   3, 19911.7, 63.264,104.656,0.660586,  0.0,273.519,4.96e-02, 14.5, 0.1,  2
 854, 52401,04082010,25102021 210119,   1, 21160.5,  8.229,137.213,0.677953,  0.6,215.714,2.47e-02, 14.1, 0.1,  1
 855, 52402,07032016,26102021 062421, 267, 21454.0, 13.308,115.246,0.604865,  0.2,123.327,6.06e+00, 18.1,24.0, - 
 856, 52404,26072017,26102021 005643,   0, 16319.5, 18.572, 79.598,0.588785,359.9,165.232,1.25e+00, 16.2, 1.9, 20
 857, 52406,10012019,26102021 031251, 522, 21487.6, 28.133,  2.313,0.687047,359.7, 61.949,5.91e-03, 17.0, -  , 92
 858, 52407,31052019,25102021 230344, 264, 21580.3, 16.499,135.080,0.620712,  0.3,176.477,1.54e+00, 17.3,31.7, - 
 859, 52408,12012020,26102021 074559, 621, 21602.6, 13.714,  4.942,0.583321,359.5, 88.619,4.15e+00, 17.1, -  , - 
 860, 52600,07072011,25102021 221506, 784, 21296.0,  5.772,132.293,0.676463,  0.8, 37.891,7.95e-02, 17.6, -  , - 
 861, 52603,09112019,25102021 192909, 698, 19659.2, 11.818,342.997,0.658081,359.4,324.767,2.19e-01, 16.6, 4.2,697
 862, 52604,07022021,26102021 011723, 140, 21578.6,  6.954, 62.437,0.677952,359.5,116.464,2.58e-01, 17.4, 7.0,137
 863, 52605,06102021,25102021 185711,  16, 21614.4,  6.811,308.485,0.687121,359.4,266.462,6.99e-02, 18.6, 3.8,  1
 864, 52700,12062015,26102021 011909,   8, 21224.8,  6.596,336.063,0.682990,359.1,237.934,9.33e-02, 18.1, 0.6, 15
 865, 52800,15012018,26102021 024508,  21, 21640.1,  6.336,  3.189,0.682352,358.9,232.175,8.47e-02, 18.1, 0.3, 17
 866, 52802,08122020,25102021 200913, 243, 21619.6, 25.495,182.625,0.640156,  0.3, 92.882,1.09e+01, 16.4,62.8, - 
 867, 52900,30082009,26102021 013237,   3, 21704.0,  6.511, 50.602,0.620677,359.3,271.690,3.30e-01, 17.0, 0.1,  5
 868, 52901,13032017,25102021 165921,  93, 19485.2, 63.079, 29.379,0.664770,359.9,269.454,1.21e-02, 15.6, 0.1, 18
 869, 52902,28052017,26102021 063107,  82, 21470.1,  7.228, 19.308,0.684336,359.1,150.129,6.60e-02, 17.9, -  , 40
 870, 53001,19092018,25102021 232346,   2, 21709.4, 62.720,163.287,0.667741,  0.1,246.461,1.46e-01, 16.7, 0.1,  3
 871, 53002,30092018,25102021 212841, 659, 21242.9, 21.137,259.873,0.683174,  0.1,113.144,4.39e-02, 17.8, 2.7,396
 872, 53003,27022009,26102021 045033,  79, 21609.0, 28.153,241.619,0.689857,  0.1,178.288,6.29e-03, 17.0, 7.5, 20
 873, 53004,24022020,25102021 182107,   3, 21845.3, 21.348,181.743,0.655938,  0.3, 16.653,5.40e+00, 17.3, 0.6,145
 874, 53100,05092012,25102021 203414,   1, 21251.4,  7.506,353.534,0.680535,359.1,100.017,2.00e-02, 14.5, 0.1,  1
 875, 53101,01122017,25102021 201647,   2, 21715.3, 64.279,101.852,0.635037,  0.0,244.922,8.72e-02, 15.6, 0.1,  2
 876, 53102,13022018,25102021 192914, 540, 21674.2,  7.352,358.618,0.672223,359.1,305.868,5.62e-01, 18.0,79.7, - 
 877, 53103,16102020,25102021 231803, 372, 21744.9,  9.092, 85.329,0.683454,359.9,259.752,5.39e-02, 19.0,40.9, - 
 878, 53200,19022018,25102021 200056, 515, 21533.5,  8.194,254.905,0.685459,  0.2,316.196,4.77e-01, 18.0,14.6, - 
 879, 53201,25072019,26102021 000055, 779, 21961.5, 14.421,356.574,0.447142,359.5, 56.638,4.55e+00, 17.3, -  , - 
 880, 53301,26032016,25102021 201549,   9, 21804.4, 65.291,134.807,0.568302,  0.1,248.534,1.46e-01, 17.1, 0.1,  5
 881, 53302,01082021,26102021 002752,  28, 21847.4, 21.448,146.926,0.692966,  0.3, 36.302,4.31e-03, 17.7, 0.7,  1
 882, 53400,15112017,26102021 035411,  41, 21815.7,  6.781, 64.647,0.681981,359.6,107.663,5.60e-02, 18.4, 0.3, 19
 883, 53401,16122017,26102021 025657,  86, 21837.6,  7.483, 75.145,0.680428,359.8, 65.357,8.79e-02, 17.4, 0.9, 81
 884, 53600,08112009,26102021 073115, 196, 22161.1,  6.247,269.097,0.679858,  0.0, 62.374,3.35e-02, 18.6, 0.6, 20
 885, 53601,22022018,26102021 003640, 858, 21749.8, 68.395,354.379,0.642407,359.9,198.561,1.31e+01, 16.1, -  , - 
 886, 53602,02082014,26102021 054457,  33, 21230.2,  4.409,328.818,0.675211,358.7, 73.533,1.76e-01, 16.6, 1.3,108
 887, 53603,22112014,26102021 053140,  90, 20173.2, 18.898, 84.833,0.671086,360.0,158.505,2.70e-02, 15.7, -  ,103
 888, 53604,06102015,26102021 031305, 831, 20522.5, 28.202,319.618,0.510489,359.8,241.000,2.99e+01, 17.0, -  , - 
 889, 53605,01112015,26102021 022045,   2, 21763.4,  8.210,353.057,0.686583,359.2,142.402,2.63e-02, 17.6, 0.1,  1
 890, 53606,19122006,25102021 231958,1017, 21865.2, 26.921,286.266,0.670512,359.9,185.487,1.43e-03, 16.6, 3.6, 11
 891, 53607,14102020,25102021 193713, 372, 21924.4,  8.562, 98.532,0.651159,  0.1,231.850,1.74e+00, 18.7,22.0, - 
 892, 53700,19102006,25102021 183649, 438, 21790.8, 26.840,336.034,0.683664,359.8, 65.867,1.47e-01, 16.1, -  , - 
 893, 53701,27112006,25102021 230814,   1, 21901.8, 27.459, 87.218,0.657627,360.0,280.339,2.28e-02, 16.2, 0.1,  3
 894, 53800,24062012,26102021 002531,   0, 21140.9,  7.326, 60.433,0.674440,359.5,244.448,2.72e-02, 13.2, 0.1,  1
 895, 53900,19062012,25102021 224255, 543, 21152.6,  1.461,325.901,0.680466,356.3, 34.666,8.23e-02, 17.6, 6.5,822
 896, 53901,15082016,25102021 161658,   8, 21968.0, 62.854,217.773,0.658674,  0.1,252.590,1.23e-01, 16.7, 0.1,  5
 897, 53902,30122006,26102021 012655,  17, 21998.4, 26.605,339.281,0.661539,359.8,321.664,1.00e-02, 16.9, 0.1,  3
 898, 54000,05082008,26102021 005512,4141, 21747.6,  9.532,238.317,0.682345,  0.4,299.035,2.39e-01, 17.3, -  , - 
 899, 54002,23082019,26102021 005853, 622, 21611.8, 20.162,302.038,0.691666,359.8,163.276,8.63e-03, 17.4, 0.2, 38
 900, 54100,07112011,26102021 042650,   2, 21642.6, 27.714,103.436,0.692452,  0.1,103.853,7.00e-03, 11.4, 0.2,  1
 901, 54101,22092006,25102021 233455,4275, 11834.8, 25.728,250.377,0.442346,  0.1,337.893,6.80e-03, 13.3, 2.1,131
 902, 54102,26102012,25102021 194657,   2, 20675.0,  9.403,123.432,0.671934,  0.4,303.314,2.40e-02, 11.2, 0.1,  3
 903, 54104,01022020,25102021 192535, 556, 22018.4,  5.558,330.641,0.679215,358.9,313.687,6.49e-01, 17.8, -  , - 
 904, 54300,12032008,26102021 005043,   2, 21782.1,  6.243,123.452,0.687438,  0.6,  7.291,3.40e-02, 15.3, 0.1,  1
 905, 54301,14062012,25102021 205203, 541, 22053.9, 63.482,284.223,0.669288,360.0,261.614,1.38e-01, 15.1,11.3, - 
 906, 54302,13102018,26102021 061148,1049, 22089.0, 11.035,211.574,0.681295,  0.5, 76.459,6.55e-01, 18.4, -  , - 
 907, 54303,08112018,25102021 180135,1033, 22057.8,  3.767,133.942,0.684604,  1.3,194.460,1.00e-02, 18.3, -  ,144
 908, 54304,07012019,26102021 003328, 120, 22068.2,  6.371,234.759,0.679218,  0.6,124.054,8.35e-02, 18.2, 0.8, 59
 909, 54305,16022020,25102021 221744,   4, 22069.8, 62.928,135.342,0.675820,  0.1,284.689,2.54e-02, 15.8, 0.1,  1
 910, 54306,18052021,25102021 183006, 141, 22115.8,  5.416,169.973,0.647937,  1.3,265.137,1.54e+00, 17.6, 4.4,657
 911, 54400,21032015,26102021 033644, 844, 21657.2, 30.284,173.808,0.667667,  0.2,356.668,2.04e+00, 17.2, -  , - 
 912, 54401,06032017,25102021 232246, 483, 21069.9, 23.542,334.911,0.684439,359.7,243.378,6.30e-02, 17.3, 1.7,355
 913, 54402,21072018,26102021 014006,1050, 22110.2, 45.648, 39.379,0.593011,359.9, 88.728,3.39e+00, 17.4,96.3, - 
 914, 54403,21102019,26102021 012700, 729, 22186.1, 12.691, 82.413,0.414851,359.9,276.939,6.99e+00, 17.5, -  , - 
 915, 54404,25112019,26102021 001106, 696, 22090.8, 11.821,110.840,0.429263,  0.2,217.754,1.96e+00, 18.3,12.9, - 
 916, 54405,18122020,25102021 201958,  97, 22094.6,  6.207,200.809,0.682905,  1.0,196.667,1.47e-02, 18.3, 0.3, 16
 917, 54500,30112008,26102021 003247,   1, 21808.6,  3.203,323.064,0.690933,358.3,254.501,3.18e-02, 15.2, 0.1,  1
 918, 54600,27022006,26102021 063005,   0, 21494.7,  8.870, 69.454,0.685337,359.7,163.314,6.74e-02, 13.8, 0.1,  2
 919, 54601,02022009,26102021 022325,   3, 22133.5,  7.351,340.355,0.678212,359.1,260.772,1.19e-01, 17.1, 0.1, 10
 920, 54603,08092018,25102021 212823, 331, 22167.6,  9.116,357.050,0.680229,359.2,359.288,2.81e-01, 18.1,47.6, - 
 921, 54700,29091999,25102021 172301,   4, 22159.2,  5.994, 31.304,0.678947,359.0,193.928,1.34e-01, 17.2, 0.1, 17
 922, 54701,30052018,26102021 022309, 504, 22165.2, 27.432,211.396,0.666052,  0.2, 63.708,6.96e-02, 18.0,12.8, - 
 923, 54702,16122019,25102021 173157, 676, 22200.8, 11.701, 88.967,0.423361,360.0,243.603,6.19e+00, 18.0, -  , - 
 924, 54703,31032020,25102021 222324, 537, 22150.0,  8.179,  3.031,0.685400,359.2,251.516,4.03e-01, 17.3, -  ,248
 925, 54800,14122009,25102021 180114, 531, 22170.6,  7.173,359.821,0.680427,359.0,224.838,1.78e-01, 17.6,20.2,241
 926, 54801,15052018,25102021 182622,   2, 22189.6,  6.663, 22.028,0.678578,359.0,198.460,5.01e-02, 18.1, 0.1,  2
 927, 54802,12022021,26102021 003927, 114, 22160.2,  7.279,359.483,0.679975,359.1,226.331,1.91e-01, 15.9, 2.5,183
 928, 54900,07112009,26102021 011103, 238, 21843.2,  8.765,267.032,0.682130,  0.0, 78.367,1.02e-01, 15.5,28.4, - 
 929, 54901,04102021,25102021 233027,  17, 22252.4,  2.417,217.191,0.691904,  2.2, 29.891,2.41e+00, 17.9,69.8, 47
 930, 55002,19022021,25102021 222647, 227, 22304.3, 14.466, 73.181,0.519215,359.9,297.338,2.13e+00, 18.5,67.0, - 
 931, 55100,13082019,26102021 014840, 139, 22405.7, 11.715,106.140,0.399434,  0.2,238.211,5.26e+00, 15.1,81.6, - 
 932, 55101,13042021,26102021 011755, 146, 22453.2, 15.446,  8.117,0.586584,359.6, 78.290,5.97e+00, 16.5,30.2, - 
 933, 55200,22082007,25102021 220620,5085, 20539.3,  6.759,294.538,0.669769,359.6,230.952,3.79e-02, 13.3,73.6, - 
 934, 55201,24032017,25102021 225213,  82, 22235.6,  4.908,173.559,0.691109,  1.4,234.082,8.69e-02, 17.9, 3.9,151
 935, 55202,30082019,25102021 194625, 755, 22395.2, 13.094, 76.338,0.387572,359.9,288.466,4.48e+00, 14.6, -  , - 
 936, 55300,21102019,26102021 064034,  30, 22311.6, 60.155, 79.578,0.689263,360.0, 61.132,1.59e+00, 16.1, 7.4,145
 937, 55301,16072021,26102021 001632,  28, 22318.9,  6.295,350.213,0.692217,358.9,220.219,2.76e-01, 17.5,58.8, 53
 938, 55302,10092021,25102021 235732,  23, 22392.0,  6.218,201.510,0.695128,  1.0,324.171,4.55e-02, 18.0, 0.4,  2
 939, 55501,29042020,25102021 225937, 540, 22112.6,  1.641,219.855,0.689425,  3.1, 52.199,1.28e+00, 17.7,45.8, - 
 940, 55601,25062016,25102021 222558, 281, 21032.8, 27.035, 22.050,0.670147,359.8,346.439,8.09e-01, 16.1,61.1, - 
 941, 55602,27122017,25102021 194800,1293, 22464.1, 26.804,280.761,0.649906,360.0,343.139,1.96e-01, 16.7,18.7, - 
 942, 55603,26092019,26102021 024703, 728, 22413.4, 11.031, 87.859,0.397673,360.0,219.792,9.15e+00, 17.8, -  , - 
 943, 55700,06042016,26102021 030333,   1, 21705.1, 20.578,336.431,0.689884,359.7, 91.155,5.53e-02, 16.3, 0.1,  3
 944, 55701,08012007,25102021 222332,   2, 22448.2,  7.618, 52.385,0.666145,359.4,114.218,3.85e-03, 16.2, 0.1,  1
 945, 55702,30092018,25102021 234523,   4, 22447.4,  5.532, 76.255,0.665583,359.7,131.614,2.50e-01, 17.0, 0.1, 23
 946, 55703,02102018,26102021 080149,1052, 22447.0,  6.166,227.375,0.695322,  0.7,102.690,1.28e-02, 18.5, -  , 55
 947, 55704,27082019,26102021 025522, 183, 22502.5, 16.717,  3.404,0.452299,359.6, 48.946,9.71e+00, 15.6,81.6, - 
 948, 55800,10032010,26102021 025238,   2, 21766.5,  7.177,235.836,0.688693,  0.5,147.598,2.79e-02, 15.0, 0.4,  3
 949, 55801,25102019,25102021 192138, 715, 22510.8, 12.482, 57.576,0.453445,359.7,282.816,6.40e+00, 17.6, -  , - 
 950, 56100,20122009,26102021 030441, 644, 22430.9,  9.119,308.000,0.692817,359.5,180.818,5.29e-02, 17.1, -  ,810
 951, 56101,23122009,25102021 180659,   1, 22162.4,  7.365,235.023,0.692853,  0.5,187.015,3.40e-02, 16.8, 0.1,  1
 952, 56102,21032015,25102021 205250,   1, 22189.7, 27.077, 64.872,0.694935,359.9,251.319,2.23e-02, 16.0, 0.1,  1
 953, 56104,07082019,26102021 041039, 274, 22795.7, 14.610, 17.209,0.543919,359.5, 47.571,3.50e+00, 17.3,52.5, - 
 954, 56105,19022020,26102021 031632, 601, 22847.3, 16.676, 47.174,0.441347,359.7,354.938,8.44e+00, 13.8,94.9, - 
 955, 56200,22112017,25102021 235146,  46, 22594.9,  6.618,175.341,0.692266,  1.0,310.751,7.94e-02, 18.0, 0.7, 44
 956, 56201,19122006,26102021 012849,  80, 22522.3, 27.398, 72.716,0.674201,359.9,165.100,7.20e-02, 18.1, 2.0,374
 957, 56202,20042020,26102021 000345, 525, 22524.0, 50.571, 79.726,0.513250,360.0,194.795,2.63e+01, 17.5,64.2, - 
 958, 56300,11092016,25102021 214850, 404, 22421.7,  6.572,216.298,0.695222,  0.8,110.928,6.78e-02, 17.8, -  ,526
 959, 56301,29032020,26102021 014222,   9, 22576.2,  6.475, 33.235,0.656329,359.1,202.257,1.10e+00, 17.2, 0.2, 58
 960, 56400,23102014,26102021 040642,   1, 22067.8, 21.437,357.773,0.691945,359.7, 23.908,7.62e-02, 16.5, 0.1,  4
 961, 56401,21122017,25102021 220706,1384, 22650.0,  8.292, 17.899,0.613799,359.2,273.582,9.90e-01, 18.9,27.2, - 
 962, 56501,23122016,26102021 000503,1633, 22660.9, 49.770, 58.185,0.369320,359.9,153.684,2.86e+01, 16.3, -  , - 
 963, 56600,09012013,25102021 225342,   1, 22720.4,  7.878,154.675,0.678265,  0.8,329.572,4.49e-01, 16.7, 0.1,  3
 964, 56602,22112017,26102021 010107, 880, 22617.5, 18.844,141.414,0.692722,  0.3,190.401,1.62e-01, 17.4, -  , - 
 965, 56604,05102019,25102021 233914, 734, 22696.2, 10.849,114.169,0.423123,  0.3,189.723,8.75e+00, 17.8, -  , - 
 966, 56605,15012021,26102021 021452, 275, 22889.3, 14.944, 26.661,0.519894,359.6, 50.173,7.32e+00, 18.1, -  , - 
 967, 56700,13062012,26102021 053948,  42, 22711.5,  6.848,105.800,0.644747,  0.3, 46.355,3.00e-01, 15.6, 1.1,269
 968, 56701,17072012,25102021 203238,  19, 19577.7,  2.009, 50.995,0.659309,357.7,184.183,7.29e-02, 17.8, -  , 35
 969, 56702,03112015,26102021 033253,   3, 22392.1,  6.035,306.023,0.697265,359.3,219.333,5.18e-02, 17.7, 0.7,  4
 970, 56703,16042018,26102021 001604, 292, 21804.3, 25.774,132.546,0.689917,  0.2,239.348,1.08e-01, 16.2, 1.5,334
 971, 56800,29062017,26102021 065939,1469, 22675.1,  9.814, 25.611,0.679391,359.4, 62.424,6.97e-01, 18.2, -  , - 
 972, 56801,17012018,25102021 171540,1288, 22620.3,  7.225,311.932,0.697959,359.4,259.861,4.86e-01, 17.1, -  , - 
 973, 56802,31102018,26102021 070732,1016, 22441.6, 18.018,195.716,0.609011,  0.4, 25.321,4.90e+01, 18.1, -  , - 
 974, 56900,26082014,25102021 171038, 136, 21040.6, 19.323,173.959,0.682547,  0.4,323.339,1.62e-02, 17.2, -  , 54
 975, 56901,02062017,25102021 204225,  89, 22813.7,  6.722,279.630,0.695844,359.8,111.108,8.63e-02, 17.7, 1.9, 76
 976, 56902,14032019,25102021 180423, 220, 22578.5,  6.676,264.282,0.690970,  0.1,217.161,4.29e-01, 17.0,28.3,927
 977, 57100,05022008,25102021 232840,  72, 22576.6,  7.227,332.666,0.698179,359.2, 56.781,4.77e-02, 15.1, 5.5, 75
 978, 57102,26042019,25102021 231732,  14, 22808.1,  6.665,235.934,0.697720,  0.6,194.148,4.89e-02, 18.2, 0.1, 14
 979, 57200,10082019,25102021 221144, 260, 22869.7, 12.829, 69.515,0.533670,359.8,269.172,4.07e+00, 12.7,37.3, - 
 980, 57202,08102021,25102021 212026,   9, 22558.1, 62.718,  9.453,0.712183,359.9,259.135,5.72e-03, 17.0, 0.5,  2
 981, 57300,01102014,25102021 175619,   1, 20058.9, 17.944,203.685,0.667912,  0.4,305.831,2.52e-02, 15.4, 0.3,  2
 982, 57301,03082016,25102021 232625,   2, 22829.7,  6.914,303.408,0.701993,359.5,304.362,8.02e-02, 17.4, 0.1,  3
 983, 57302,01022017,25102021 231120,1716, 22635.3, 63.057, 26.118,0.704619,359.9,276.975,1.16e-01, 15.1, 6.0,405
 984, 57303,08102021,25102021 174303,   1, 22763.6, 20.488,224.983,0.595383,  0.2,352.616,4.86e+01, 17.8, 0.4,111
 985, 57400,25122016,25102021 221140,   2, 22705.7, 21.864,338.264,0.702521,359.7,321.651,2.08e-02, 18.8, 0.1,  2
 986, 57401,12082019,25102021 232907, 220, 22987.1, 10.945, 68.614,0.467200,359.8,278.899,4.17e+00, 18.3, -  , - 
 987, 57402,15052021,25102021 222114, 148, 23062.6, 14.438, 17.479,0.510272,359.5,  8.885,6.44e+00, 17.1,19.9, - 
 988, 57500,21012020,25102021 194639, 637, 22911.2, 11.599, 36.748,0.700264,359.5,153.384,9.05e-02, 18.2, -  , - 
 989, 57600,19122012,25102021 220904,   1, 20701.4, 20.075,230.788,0.672868,  0.2,281.777,1.08e-01, 14.8, 0.1,  3
 990, 57601,17022016,26102021 052902, 150, 22231.0, 21.086,320.244,0.699051,359.7, 13.543,1.90e-02, 16.2, -  , 33
 991, 57603,29072019,25102021 185120, 687, 22963.8, 12.771, 86.167,0.479941,360.0,237.127,4.81e+00, 14.9, -  , - 
 992, 57700,06082017,26102021 021347,1294, 23021.6, 32.273,170.469,0.045269,  0.2,359.837,3.15e+01, 16.0, -  , - 
 993, 57701,19032018,26102021 055718,   2, 22966.9, 25.800,241.394,0.666877,  0.1, 87.227,1.01e-02, 19.3, 0.1,  3
 994, 57702,30032019,26102021 015331, 701, 22848.0,  6.791,305.640,0.701782,359.4,114.097,4.07e-02, 18.2, 3.1,769
 995, 57703,24112019,25102021 174142, 642, 23000.8, 12.661, 48.948,0.532799,359.6,303.273,2.21e+00, 16.0,42.0, - 
 996, 57704,03022020,25102021 164903,   3, 22920.8, 19.363,293.162,0.683563,359.9,251.697,1.22e+00, 16.9, 0.1, 14
 997, 57800,10032016,26102021 004608,   1, 22495.1,  2.148,115.292,0.704035,  1.4,140.543,1.00e-02, 17.2, 0.7,  1
 998, 57801,17012019,25102021 235500, 976, 22960.9,  8.189, 56.730,0.605623,359.5,211.066,9.77e-01, 17.8,10.5, - 
 999, 57900,28072014,26102021 041324, 544, 22163.1,  2.001, 85.903,0.695801,359.7,206.669,2.75e-02, 17.4, -  ,172
1000, 57901,24102018,25102021 195159, 956, 22999.0, 29.598,245.373,0.678257,  0.1,247.650,1.06e+00, 15.7, -  , - 
1001, 58000,03102016,25102021 192002,   2, 23020.1,  7.247, 16.546,0.694343,359.1,149.081,5.72e-01, 17.4, 0.1,  7
1002, 58001,03082017,26102021 021740, 690, 23091.6,  7.386, 74.035,0.702118,359.7, 13.056,4.77e-02, 17.9, -  ,699
1003, 58005,22102020,25102021 212159, 329, 23073.5, 22.565,254.488,0.709250,  0.1,310.697,3.85e-03, 16.9,77.6,  6
1004, 58101,11102012,26102021 001951,   2, 21522.5, 20.729,252.988,0.691941,  0.1,138.981,8.99e-03, 17.0, 1.0,  1
1005, 58102,28012007,25102021 220629,   3, 22993.0, 30.494,154.003,0.699386,  0.2,223.079,9.02e-02, 16.9, 0.1, 13
1006, 58300,10052013,25102021 202408,   3, 20940.0, 20.175,279.648,0.676812,359.9,196.515,9.27e-02, 15.1, 0.5,  3
1007, 58301,11112014,25102021 175146,   1, 23076.2, 22.005, 51.620,0.703292,359.8,186.497,2.65e-02, 15.8, 0.1,  3
1008, 58302,22122009,25102021 235154,   2, 23165.8,  6.407,153.002,0.702329,  1.0, 21.309,1.03e-01, 17.0, 0.1,  3
1009, 58303,20022017,25102021 181154, 164, 22654.8, 63.261, 93.373,0.694852,  0.0,274.389,9.33e-02, 14.4, 1.1,244
1010, 58304,01042017,26102021 012326, 165, 23053.8,  7.708, 93.842,0.703289,  0.1,263.407,7.16e-02, 17.5,23.9,287
1011, 58305,18052018,25102021 235728, 717, 23078.1, 35.152,250.647,0.367535,  0.1,311.130,2.06e+01, 16.2, -  , - 
1012, 58306,30012020,26102021 043740, 399, 18722.5,  4.468,324.259,0.642801,358.8, 44.021,9.83e-02, 15.6, 3.5,771
1013, 58401,23072018,25102021 180656,1177, 23252.7,  4.669,178.361,0.579852,  1.5,260.408,4.94e+00, 16.0, -  , - 
1014, 58402,22092020,26102021 031848, 295, 23209.6,  6.875, 34.353,0.683066,359.2,283.935,9.63e-01, 18.1,17.4, - 
1015, 58501,20012016,26102021 062728,   2, 23005.7, 26.622,161.801,0.708780,  0.3, 78.827,1.83e-02, 15.9, 0.4,  1
1016, 58502,20052017,26102021 023903,1487, 23434.7, 16.192, 48.143,0.376393,359.7,186.144,4.98e+01, 16.2, -  , - 
1017, 58504,25052017,25102021 182145,1498, 23294.5,  4.944,233.278,0.459188,  0.8,359.724,4.77e+01, 17.7, -  , - 
1018, 58505,16052018,26102021 051801, 479, 23176.9,  8.978,163.439,0.699502,  0.7, 35.196,2.70e-01, 17.5, -  , - 
1019, 58600,23062012,26102021 011813,  13, 23098.3,  6.493, 58.107,0.703095,359.4,351.683,7.35e-02, 14.1, 0.2, 23
1020, 58601,20052017,26102021 015217,1601, 23406.4,  3.369,272.503,0.357509,359.9,123.597,1.20e+01, 17.4,88.3, - 
1021, 58602,08032018,26102021 011048, 105, 22858.2, 25.677,152.614,0.702040,  0.2,213.409,4.04e-02, 17.1,16.8,161
1022, 58604,29032020,26102021 031701, 567, 23246.2,  8.101,124.264,0.694070,  0.5, 43.653,6.00e-01, 18.7,68.2, - 
1023, 58700,17062015,25102021 175803,   2, 22875.4,  7.743, 74.492,0.701579,359.8,302.996,7.59e-02, 17.4, 0.1,  6
1024, 58701,20052017,26102021 014742,1616, 23140.1,  4.121,278.886,0.245363,359.8, 39.475,1.83e+01, 17.3, -  , - 
1025, 58702,29102019,26102021 012913, 723, 23420.6, 17.378, 68.080,0.388492,359.8,247.134,1.98e+01, 17.6, -  , - 
1026, 58800,08022016,25102021 205523,1624, 23151.6, 63.180,109.144,0.692589,  0.0,273.827,1.95e-01, 14.4, -  , - 
1027, 58802,29072016,26102021 072828,1850, 23228.6,  6.435, 78.410,0.702025,359.8,134.509,4.83e-01, 18.2, -  , - 
1028, 58804,19042017,25102021 230837, 435, 23302.0,  8.866,297.462,0.701091,359.7, 11.216,4.12e-01, 18.3,39.5, - 
1029, 58807,12032021,25102021 211527, 145, 23275.3,  7.032,236.325,0.705491,  0.5,197.702,4.77e-02, 19.0, 7.9,  8
1030, 58900,30082014,26102021 000448,  35, 23279.8,  8.264,245.192,0.687045,  0.4,164.207,4.37e-01, 17.2, 0.4, 65
1031, 58902,02082019,25102021 184042, 788, 23278.7, 13.329, 58.827,0.558575,359.7,288.511,6.57e+00, 17.7, -  , - 
1032, 59001,26092019,25102021 174259, 650, 23331.5, 11.303,102.464,0.466945,  0.1,199.112,5.18e+00, 18.1,37.3, - 
1033, 59100,18022018,25102021 172835,1343, 23252.8,  7.640,294.367,0.703348,359.6,230.132,1.62e-01, 18.7, -  ,242
1034, 59101,18022018,25102021 232454,   2, 23399.6,  6.622,163.873,0.699499,  1.0,341.908,6.91e-02, 18.0, 0.1,  6
1035, 59200,29072008,26102021 022847, 295, 22978.1,  5.430,247.467,0.686869,  0.5, 92.201,7.08e-02, 17.5,13.0, - 
1036, 59201,16022016,26102021 035556,   2, 23252.8, 21.535, 47.150,0.708611,359.8,210.692,1.00e-02, 16.2, 0.3,  1
1037, 59202,30072017,25102021 202515, 248, 23387.8,  6.954,182.353,0.703926,  1.0,155.500,7.52e-02, 16.7,15.0, - 
1038, 59203,16102017,25102021 170358,   8, 23248.4, 26.527,268.653,0.710298,  0.0,274.225,1.89e-02, 17.9, 1.0,  1
1039, 59204,01072019,26102021 002857, 235, 23540.5, 13.014, 84.619,0.476529,359.9,221.322,7.39e+00, 16.7,87.9, - 
1040, 59205,03072019,26102021 000148, 219, 23427.5, 10.962,134.501,0.515980,  0.4,139.677,5.41e+00, 15.7, -  , - 
1041, 59207,22082019,25102021 151237, 686, 23446.4, 12.211, 49.380,0.520329,359.6,305.598,4.79e+00, 17.5,46.0, - 
1042, 59300,29012015,25102021 172840, 167, 23396.8, 68.269,324.077,0.628875,359.9,287.156,1.14e+00, 14.2,20.4, - 
1043, 59301,14092017,26102021 063029,1500, 23161.9,  5.144,146.645,0.546636,  1.1, 86.198,3.44e+01, 18.5, -  , - 
1044, 59304,28042019,25102021 191957,   1, 23342.2, 28.264,321.922,0.713924,359.8,248.418,7.04e-03, 11.5, 0.1,  1
1045, 59400,20112012,25102021 231440,   2, 23100.8, 20.278, 50.432,0.705507,359.8,241.030,4.16e-02, 16.7, 0.1,  8
1046, 59401,12042019,26102021 004124,   3, 23350.6, 26.557,324.838,0.641973,359.8,227.909,1.77e+00, 17.3, 0.1, 13
1047, 59402,28102019,26102021 015844, 723, 23545.1, 11.801, 49.935,0.510626,359.6,309.288,5.07e+00, 18.3, -  , - 
1048, 59403,01022021,26102021 000130, 235, 23460.7, 10.578, 96.885,0.480813,  0.1,200.515,6.69e+00, 14.1,45.9, - 
1049, 59500,14122009,26102021 030238,  28, 23188.2,  6.612, 49.539,0.707825,359.3,  8.032,2.30e-02, 15.7, 0.3, 25
1050, 59502,13082015,26102021 065727,2241, 23393.2, 10.557,223.993,0.706416,  0.5,101.305,4.41e-02, 17.3, -  , - 
1051, 59503,30102019,26102021 030943, 715, 23563.1, 12.743, 28.164,0.572945,359.5,356.718,3.07e+00, 18.4, -  , - 
1052, 59504,20032021,25102021 152812, 180, 23493.4,  6.388,171.377,0.702085,  1.1,328.550,7.60e-02, 18.8, 2.0, 20
1053, 59600,22082007,25102021 214019, 119, 23447.4, 10.718, 19.631,0.698353,359.4,351.367,2.34e-01, 12.9, 4.9,660
1054, 59601,28122016,26102021 003722,1715, 23386.2, 62.430, 80.115,0.643918,360.0,177.007,7.00e+01, 16.4, -  , - 
1055, 59602,25022009,25102021 173926,  10, 23445.0,  7.164,195.151,0.705436,  0.9,227.884,7.30e-02, 14.2, 0.2, 37
1056, 59604,30082019,26102021 024431, 715, 23474.0, 12.243, 86.434,0.518629,360.0,237.393,1.67e+00, 17.4, -  , - 
1057, 59605,04082020,26102021 080531, 352, 23384.4, 20.862,177.411,0.704220,  0.3,350.674,6.06e-01, 17.0, 6.6, - 
1058, 59700,18042009,26102021 064131,   0, 23131.9,  1.991, 60.565,0.712106,358.2,151.958,6.63e-03, 14.0, 0.1,  1
1059, 59701,23042009,26102021 014411,  83, 23479.2,  7.097,294.968,0.699303,359.6, 82.105,9.70e-02, 16.4, 0.8,140
1060, 59702,27042009,26102021 085900,  53, 23641.8,  6.970,295.975,0.702843,359.6, 81.288,4.60e-02, 16.4, 0.4, 57
1061, 59703,26082016,26102021 042818,1220, 22909.1,  7.960,133.677,0.700270,  0.6, 95.417,6.63e-02, 18.7, -  , - 
1062, 59801,18092017,25102021 232215, 191, 23369.5, 20.356,106.456,0.710083,  0.1,217.700,2.03e-02, 17.0,29.7, 17
1063, 59802,23082019,25102021 235020, 726, 23541.9, 10.270,152.872,0.459861,  0.6,128.155,5.51e+00, 16.3, -  , - 
1064, 59803,07042021,26102021 073203,  28, 23397.4,  4.218,102.767,0.708970,  0.4, 72.205,3.34e-01, 17.0,47.8,101
1065, 59900,28072019,25102021 174734, 755, 23569.5,  5.165,178.923,0.698845,  1.3,306.365,4.00e-01, 18.2,85.4, - 
1066, 59901,28022021,25102021 162424, 200, 23662.3, 71.058,289.985,0.545151,360.0,359.611,1.24e+01, 16.7,11.4, - 
1067, 60000,04042017,26102021 012043, 829, 23622.3,  7.390,292.951,0.710291,359.6, 36.020,1.07e-02, 17.6, -  , 54
1068, 60001,29112018,26102021 013535, 785, 23591.1,  6.490,281.787,0.701820,359.8,117.600,4.74e-02, 18.5,19.2,153
1069, 60003,24042020,25102021 232630, 547, 23545.9,  5.802, 16.177,0.701925,358.9,185.674,9.67e-01, 18.2, -  , - 
1070, 60100,16082010,25102021 213811,   3, 23673.1,  7.487,143.659,0.694642,  0.7, 14.752,1.61e-01, 14.0, 0.1, 10
1071, 60101,28032007,25102021 225512,   5, 23615.1, 63.261,110.113,0.688540,  0.0,252.385,8.81e-02, 14.9, 0.1,  2
1072, 60102,03012013,25102021 230013,2057, 16494.4, 18.577, 87.324,0.595066,360.0,158.266,1.01e+00, 13.8,55.4, - 
1073, 60104,19012017,25102021 201334,1130, 23597.2,  9.433,  1.785,0.707744,359.3,242.361,8.74e-01, 17.6, -  , - 
1074, 60105,16082018,26102021 052114, 348, 23674.2,  5.652,286.249,0.706667,359.7,  8.575,4.31e-02, 17.8,14.7,431
1075, 60106,30082019,26102021 010654, 784, 23036.9, 22.820, 24.353,0.682306,359.7, 62.656,1.21e+00, 18.1, 9.5, - 
1076, 60200,11062013,25102021 220158,   1, 23870.6, 28.915, 36.333,0.718322,359.8,243.294,7.01e-03, 12.0, 0.1,  1
1077, 60201,30112012,25102021 212443,   1, 22282.6, 20.628, 29.841,0.698349,359.7,357.254,5.93e-02, 13.5, 0.1,  2
1078, 60202,19032018,25102021 185216,1282, 23695.7, 11.676,100.734,0.676973,  0.1,329.522,5.50e-01, 18.0, -  , - 
1079, 60203,11022019,25102021 212129, 729, 23651.2, 24.147,119.220,0.675260,  0.1,167.121,4.66e+00, 18.2, -  , - 
1080, 60204,16092019,26102021 040855, 753, 23610.9, 10.761,145.503,0.447039,  0.5,137.145,6.48e+00, 18.5, -  , - 
1081, 60300,14032012,25102021 221749,   1, 22704.7, 63.235, 82.508,0.701610,360.0,273.844,3.39e-02, 12.9, 0.1,  1
1082, 60301,26042009,25102021 194340,   1, 23421.8,  7.248, 21.783,0.708907,359.1,141.638,3.18e-02, 16.3, 0.1,  1
1083, 60302,26102016,25102021 204124,   4, 23690.8,  6.165,310.422,0.707713,359.3,311.133,4.74e-02, 17.2, 0.1,  3
1084, 60303,16122017,26102021 033006,1345, 23444.7, 19.763,153.264,0.710340,  0.3,136.936,1.39e-01, 18.3, 3.9,940
1085, 60304,20122017,26102021 081500,1361, 23703.1,  7.275,105.789,0.705065,  0.3, 11.028,3.72e-01, 17.4, -  , - 
1086, 60305,04072019,26102021 050624, 736, 23649.4, 11.503,158.332,0.447519,  0.6,122.280,7.88e-01, 17.5, -  , - 
1087, 60306,23082019,26102021 000614, 209, 23650.9, 12.250,161.049,0.496793,  0.5,109.754,2.42e+00, 16.4,89.8, - 
1088, 60400,23102016,26102021 043049, 284, 23328.6,  1.825,175.708,0.708979,  3.8,114.325,4.80e-02, 17.4, -  ,169
1089, 60401,08042018,25102021 202420,  11, 23681.0,  5.919,  4.000,0.707567,358.8,210.826,9.13e-02, 18.6, 0.1, 14
1090, 60402,20022018,26102021 045730,   1, 23549.0, 26.995,313.684,0.713958,359.8,185.692,1.20e-02, 17.7, 0.1,  1
1091, 60403,28062019,25102021 225217, 783, 23695.2, 12.410, 85.181,0.524523,359.9,234.968,1.54e+00, 17.7,37.0, - 
1092, 60405,30122019,25102021 153305, 363, 23779.1, 18.901,198.545,0.696697,  0.4,349.908,9.17e-01, 18.2,59.6, - 
1093, 60406,15122020,25102021 231423, 301, 23698.4,  8.273,181.271,0.699794,  0.8,225.704,3.55e-01, 17.5,13.9,447
1094, 60500,13122017,25102021 144340,   2, 23698.9, 63.160, 94.226,0.696838,  0.0,254.184,7.72e-02, 17.0, 0.1,  2
1095, 60501,05022019,26102021 012648,   1, 23354.7, 62.951,168.110,0.684937,  0.1,279.235,1.22e-01, 16.7, 0.1,  4
1096, 60503,29042020,26102021 043349,  13, 23690.0,  6.125,  3.687,0.707794,358.9,205.273,7.87e-02, 18.2, 0.1,  4
1097, 60600,19122012,26102021 000812,   2, 23585.3, 28.582, 74.829,0.716561,359.9,317.156,6.27e-03, 11.7, 0.1,  1
1098, 60601,02112010,26102021 021702,   0, 23767.3, 10.366,207.401,0.703006,  0.6,338.478,3.18e-01, 13.8, 0.1,  5
1099, 60603,19122016,25102021 211652,  11, 23714.2,  6.083,350.969,0.708751,358.9,231.071,5.51e-02, 18.2, 0.1, 10
1100, 60700,14082009,26102021 042645, 375, 23774.8,  8.715, 60.410,0.706637,359.6,359.312,8.09e-02, 16.7,14.7,662
1101, 60702,11042011,26102021 004817,  16, 23171.8, 63.462,167.667,0.680220,  0.1,270.976,9.33e-02, 15.3, 0.2, 35
1102, 60703,12112012,25102021 205403,   1, 23716.2, 19.152,102.702,0.716421,  0.1,165.146,4.54e-02, 16.3, 0.5,  1
1103, 60704,30052014,25102021 174243,   1, 23814.7, 21.704,138.018,0.706877,  0.2, 30.106,3.20e-02, 15.2, 0.1,  3
1104, 60705,30102018,25102021 235341, 286, 23819.0,  6.990,267.133,0.702503,  0.1, 15.662,2.34e-01, 17.5,11.1,612
1105, 60706,08072019,26102021 010714, 248, 24024.3, 12.436, 51.146,0.319212,359.6,250.253,1.11e+01, 14.8, -  , - 
1106, 60707,11112020,25102021 181512, 232, 23748.3,  5.786,190.088,0.707977,  1.2,188.640,9.61e-02, 17.8, 5.5,694
1107, 60800,28032008,26102021 062948,   2, 23678.3,  9.219,328.900,0.707432,359.4,158.307,4.86e-02, 16.6, 0.1,  2
1108, 60801,08062013,25102021 191111,   1, 22544.1, 20.622, 40.824,0.702503,359.7,336.021,3.32e-02, 15.5, 0.1,  1
1109, 60802,29102016,25102021 230542,1723, 23498.4, 63.198, 40.608,0.714490,359.9,275.337,7.68e-02, 16.9,11.4,703
1110, 60803,24082019,25102021 233347, 368, 23780.1, 10.989,134.686,0.479888,  0.4,152.081,1.13e+00, 16.6,46.6, - 
1111, 60804,09102020,26102021 075332, 367, 23796.4, 20.297,171.031,0.714362,  0.3, 89.240,3.07e-01, 17.2, -  , - 
1112, 60900,20082007,26102021 011014,   3, 23755.0,  6.527,181.475,0.705032,  1.1,184.563,1.45e-01, 14.7, 0.1,  5
1113, 60901,15122012,26102021 000312, 240, 22978.4, 19.157, 53.175,0.703716,359.8,264.960,6.42e-02, 15.9, -  ,513
1114, 60902,02112019,25102021 235945, 672, 23818.9,  8.934, 23.076,0.696501,359.3, 95.285,4.49e-01, 18.3,65.1, - 
1115, 60903,01022020,25102021 174953, 218, 23886.7, 11.154,109.976,0.655702,  0.2, 18.136,5.99e-01, 18.0, 9.4, - 
1116, 61000,01112012,25102021 185657,   1, 23831.1, 26.525,129.862,0.718463,  0.2,307.819,6.10e-03, 11.8, 0.1,  1
1117, 61001,06072016,25102021 175208,  43, 23831.6,  6.187,212.405,0.711765,  0.9,302.042,4.09e-02, 17.8, 0.5, 14
1118, 61002,26082016,26102021 002754,   1, 23831.1,  7.173,211.827,0.714637,  0.8, 34.504,6.13e-02, 17.5, 0.1,  2
1119, 61003,05052017,25102021 233443,   7, 23891.7, 11.390,288.396,0.713388,359.8,330.430,3.68e-02, 16.6, 0.1, 15
1120, 61004,11042018,25102021 223725,1079, 23877.7,  5.540, 86.151,0.704809,359.9, 55.852,9.11e-02, 18.9,66.1,750
1121, 61005,26082019,25102021 183319, 724, 23831.5, 12.784,117.795,0.454668,  0.3,163.447,7.82e-01, 17.6, -  , - 
1122, 61100,21102012,25102021 182435,   1, 23728.6, 28.990,274.997,0.716027,360.0,335.695,7.33e-03, 11.6, 0.1,  1
1123, 61101,23042012,25102021 224017, 503, 23858.1,  8.267,308.300,0.702165,359.5,224.476,6.29e-01, 18.1,57.6,804
1124, 61102,29102019,26102021 005218, 642, 23836.0,  6.821, 25.971,0.711695,359.1,186.896,1.97e-01, 17.5, -  , - 
1125, 61200,02112012,26102021 051033,   0, 23825.4, 27.796,196.404,0.717045,  0.2, 26.733,7.79e-03, 11.7, 0.1,  1
1126, 61201,25102017,25102021 220342, 886, 23914.8,  6.417,284.306,0.701147,359.7, 86.821,4.90e-01, 18.3,80.1, - 
1127, 61202,11112018,25102021 191147,1076, 23954.4, 10.132,261.836,0.706760,  0.1,346.588,7.65e-01, 19.0, -  , - 
1128, 61203,27062019,26102021 010923, 780, 23884.1, 11.927,159.949,0.487574,  0.5,133.140,6.69e+00, 16.6, -  , - 
1129, 61204,09072019,26102021 051231, 652, 23899.1, 11.692,112.822,0.516134,  0.2,195.199,2.04e+00, 16.7,89.8, - 
1130, 61300,10082016,25102021 205349,  17, 23745.1,  5.488,275.167,0.715747,359.9,283.864,5.85e-02, 17.4, 9.6, 16
1131, 61301,17012018,26102021 002115,  40, 23944.9,  6.143, 73.506,0.706689,359.7, 64.501,1.10e-02, 18.7, 0.1,  4
1132, 61302,18022018,25102021 223140, 688, 23883.1,  8.433,348.573,0.701572,359.2,119.182,3.73e-01, 18.1,81.3, - 
1133, 61303,18062019,26102021 001523, 295, 23898.6, 11.931,117.090,0.464267,  0.3,174.678,1.23e+00, 16.3,33.3, - 
1134, 61304,11082019,26102021 021446,   1, 23916.3, 26.520,345.367,0.722264,359.7,347.668,3.36e-03, 17.1, 0.1,  1
1135, 61306,26032020,26102021 032943, 187, 21209.4, 26.362, 77.450,0.688912,359.9,224.576,7.24e-03, 16.3, 0.1,  7
1136, 61400,08092007,26102021 012552, 178, 23713.5,  6.555, 89.798,0.682612,360.0,354.771,4.05e-02, 16.6, 9.9,154
1137, 61401,12082019,25102021 215908, 780, 23945.2, 11.840,125.309,0.471580,  0.3,160.666,2.50e+00, 17.8, -  , - 
1138, 61402,11082015,26102021 083255,   3, 24003.6, 20.597,196.142,0.715516,  0.3, 37.561,3.33e-02, 16.6, 0.2,  2
1139, 61500,21122009,26102021 055759,   4, 23517.8,  7.228,181.413,0.709668,  1.0, 90.997,7.73e-02, 16.7, 0.7,  6
1140, 61501,24042009,26102021 012039,  77, 22342.6, 20.934, 14.364,0.701759,359.7, 12.544,1.97e-02, 17.8, -  , 18
1141, 61502,02112018,25102021 184621,1052, 24023.7,  8.485,321.024,0.711249,359.4,334.200,4.52e-02, 18.1, -  , - 
1142, 61503,30072019,25102021 194238,   4, 23977.3, 11.953,119.634,0.506161,  0.3,181.917,1.15e-01, 16.3, 0.1, 13
1143, 61505,15022005,26102021 025446,   1, 23973.2, 17.651,267.199,0.715289,  0.0,162.326,8.57e-03, 17.9, 0.1,  1
1144, 61506,22032021,25102021 225137, 175, 24032.0,  5.898,117.569,0.708499,  0.5,328.772,3.16e-02, 17.9, 0.9,  7
1145, 61600,07022013,25102021 232354,   1, 24062.2, 28.960,289.811,0.709478,359.9,282.149,1.08e-02, 12.4, 0.1,  1
1146, 61601,19082009,25102021 201019, 345, 23970.8,  3.869,288.290,0.716043,359.5,330.366,2.16e-02, 16.1,66.7,159
1147, 61602,01032014,26102021 011830,   3, 24043.5, 68.903,175.451,0.355679,  0.1,351.455,1.73e+00, 15.8, 0.2, 56
1148, 61603,12122017,25102021 161113,  92, 23992.5,  5.216,161.817,0.706464,  1.3,257.048,5.77e-02, 17.7, 0.5,  8
1149, 61604,21012018,26102021 074330,  38, 23991.5,  8.952, 87.306,0.704744,360.0, 77.858,3.68e-01, 17.7, 2.0,363
1150, 61605,06072019,25102021 224229, 720, 23996.7, 11.387,154.098,0.442285,  0.5,119.551,9.09e-01, 17.2,20.3, - 
1151, 61606,28082019,26102021 045417, 757, 23980.2, 11.312,143.750,0.486092,  0.5,149.012,3.10e+00, 17.6, -  , - 
1152, 61607,03012020,26102021 074921, 607, 23990.4,  7.055,121.165,0.701743,  0.5, 88.443,8.13e-01, 18.2,80.0,694
1153, 61700,20052009,25102021 222208, 210, 24045.0,  7.808,  8.436,0.705753,359.1,328.527,1.17e-01, 15.2, 4.8,722
1154, 61701,12072016,25102021 202948,  59, 24039.9,  7.249,254.132,0.715136,  0.3,311.466,7.41e-02, 17.6, 1.8, 37
1155, 61702,24032017,25102021 221404,  81, 24014.2,  8.521, 57.757,0.702294,359.6,138.644,1.00e-02, 18.3, 4.0,902
1156, 61703,30012018,25102021 191416,   6, 24031.5, 61.966,229.219,0.692800,  0.1,264.600,7.48e-02, 16.4, 0.1,  3
1157, 61704,06082019,26102021 020207, 419, 23996.1, 14.810, 87.499,0.495736,360.0,187.261,4.46e+00, 13.8, -  , - 
1158, 61705,26082019,25102021 222226, 680, 24006.4, 12.421,119.537,0.473290,  0.3,165.467,1.40e+00, 17.1, -  , - 
1159, 61707,02112019,26102021 030655,   1, 23957.0, 12.257,111.271,0.477222,  0.2,178.075,2.91e+00, 12.9, 0.2, 38
1160, 61708,21122019,25102021 172221, 114, 23920.5, 11.714,109.795,0.520159,  0.2,203.285,1.50e-01, 16.3, 4.0,876
1161, 61800,24122009,26102021 030757,   3, 23949.4,  3.991,260.897,0.711522,  0.3,225.543,8.55e-02, 16.3, 0.1,  4
1162, 61801,20042007,26102021 024756,   1, 24044.0,  8.705,349.133,0.712474,359.2,274.869,2.19e-01, 17.4, 0.1,  8
1163, 61802,08012019,25102021 233423,1000, 24033.1,  3.768,274.313,0.712665,359.9,319.662,7.21e-01, 18.5, -  ,793
1164, 61803,02072019,25102021 235437, 253, 23966.5, 12.013,147.620,0.503671,  0.5,146.575,1.68e+00, 16.3,23.5, - 
1165, 61804,27102019,26102021 045810, 696, 24003.7, 10.582,163.974,0.460731,  0.6, 88.997,7.20e+00, 17.8, -  , - 
1166, 61805,13092020,25102021 172041, 391, 24196.7, 26.340,211.266,0.684829,  0.2,353.858,4.73e+00, 17.2,78.7, - 
1167, 61900,24032010,25102021 170550,   1, 24042.8, 10.376, 16.864,0.714091,359.4,187.841,1.28e-01, 13.5, 0.1,  8
1168, 61901,09072018,25102021 193358,  82, 24048.0,  7.308,237.705,0.697091,  0.5,198.771,5.21e-01, 17.4, 2.7,655
1169, 62000,10122015,25102021 210547,2131, 24239.3, 20.659, 29.066,0.639267,359.7,332.694,3.57e+00, 16.2, -  , - 
1170, 62001,20022017,25102021 192804,   2, 24276.8,  2.499,176.467,0.309028,  2.7, 22.759,2.84e+01, 17.8, 0.5,122
1171, 62003,03112018,26102021 062250, 319, 24175.9, 21.087,233.186,0.713143,  0.2,344.059,9.90e-02, 17.4, 4.8,736
1172, 62004,17022021,26102021 045805, 131, 24110.1,  7.415,190.740,0.694821,  0.9,284.016,3.79e-01, 18.5, 1.3, 72
1173, 62005,14032021,25102021 213608, 220, 24197.0, 19.585, 61.723,0.062085,359.8,160.927,1.85e+01, 18.7, -  , - 
1174, 62101,07092011,25102021 155810,   2, 23970.8,  7.508,259.579,0.715642,  0.2,296.307,6.87e-02, 16.5, 0.1,  2
1175, 62102,29102012,25102021 204033,   5, 24118.4, 21.901,217.690,0.707685,  0.3,234.025,4.22e-02, 15.4, 0.1,  9
1176, 62103,03042017,26102021 020003, 934, 24389.0, 20.767,137.748,0.717636,  0.2, 52.251,1.94e-02, 19.5, 1.3,301
1177, 62104,23062019,26102021 050423,  12, 24187.8, 13.542,114.219,0.470148,  0.2,157.940,4.57e+00, 15.5, 8.8, - 
1178, 62106,06012014,25102021 153243, 616, 24124.0, 23.169,259.188,0.714897,  0.1,211.688,3.18e-02, 17.2,86.4, - 
1179, 62107,29032017,25102021 220536,  80, 24102.2,  9.626, 34.306,0.713183,359.4,166.738,1.21e-02, 18.0, -  , 10
1180, 62200,13092009,25102021 202944,   0, 24054.5,  5.797,256.968,0.720842,  0.3,319.814,7.18e-03, 13.5, 0.1,  1
1181, 62201,21082009,26102021 034807, 174, 24102.6,  3.992,318.324,0.709498,358.8,108.532,1.79e-01, 16.7, 8.1, - 
1182, 62205,01082016,25102021 190341,1583, 24145.6, 67.748,340.672,0.622028,359.9,248.862,2.37e+00, 16.4, -  , - 
1183, 62206,16112017,25102021 211559,1397, 24050.6, 26.229,153.676,0.705869,  0.2, 68.850,3.77e+00, 17.9, -  , - 
1184, 62207,01042019,26102021 050217,   1, 24123.8,  2.977,356.350,0.709399,357.7,299.818,3.80e-01, 14.5, 0.1, 20
1185, 62208,26082019,25102021 215952, 750, 24148.8, 12.910,177.727,0.484580,  0.5,101.355,4.99e+00, 17.7, -  , - 
1186, 62209,02042021,26102021 032349, 197, 24635.6, 14.805,  4.636,0.412901,359.5, 35.611,1.48e+01, 18.8, -  , - 
1187, 62300,14012013,26102021 012511,   1, 24000.9, 19.877,191.457,0.718348,  0.3, 63.815,5.87e-02, 17.0, 0.1,  2
1188, 62301,08102015,26102021 025536, 571, 24117.4, 22.180,292.713,0.698529,359.9,110.686,1.40e+00, 16.7, -  , - 
1189, 62302,03032017,26102021 015145,  83, 23859.2, 19.163, 97.823,0.719324,  0.0,174.471,1.78e-02, 17.8, -  , 27
1190, 62303,20012018,26102021 013533, 640, 24210.6,  8.368,167.759,0.693629,  0.8,265.215,6.65e-01, 17.2,97.5, - 
1191, 62304,18092018,25102021 153950,   2, 24177.4, 20.571,214.851,0.716917,  0.3,  7.474,5.65e-02, 17.1, 0.1,  4
1192, 62305,20102019,25102021 215500, 638, 24184.4, 10.390,131.773,0.477316,  0.4,153.040,5.25e+00, 13.8, -  , - 
1193, 62307,21022021,26102021 062821, 151, 24235.4,  6.861,133.259,0.707418,  0.7,350.350,2.47e-01, 18.4, 3.3,500
1194, 62401,01072009,26102021 075551,   4, 24288.5,  7.493,356.997,0.713313,359.1, 32.933,4.22e-02, 13.2, 0.1,  8
1195, 62402,02082014,26102021 012540,   3, 24113.8,  6.384,281.080,0.716235,359.8,173.075,3.03e-02, 16.2, 0.1,  3
1196, 62403,29102016,26102021 005038,  18, 24170.9,  1.802,317.783,0.711152,357.3,202.600,5.11e-01, 18.3, 0.7,116
1197, 62404,19092018,26102021 050727,   1, 24293.7,  8.674, 46.936,0.715371,359.4,157.597,8.55e-02, 17.4, 0.1,  2
1198, 62500,06102012,25102021 192151,   3, 24101.2, 29.107,298.432,0.715801,359.9,249.509,4.80e-02, 16.4, 0.1,  2
1199, 62501,31012017,26102021 002215,   0, 24225.2, 21.264,325.596,0.721781,359.7,302.195,6.87e-03, 10.8, 0.1,  1
1200, 62502,22052018,26102021 041203,   1, 24188.8,  7.268,269.782,0.717302,  0.0,279.495,2.81e-02, 15.4, 0.1,  1
1201, 62503,16092018,25102021 203934, 262, 24220.0, 62.645,245.796,0.663677,  0.1,247.369,6.17e-02, 18.2, 0.4, 44
1202, 62504,01022009,26102021 020935, 535, 24325.0, 25.688, 69.432,0.723032,359.9,357.904,2.10e-03, 17.7,44.4, 16
1203, 62506,14062019,25102021 200618, 314, 24236.4, 11.797,128.034,0.505759,  0.4,166.096,6.44e-02, 15.6, 3.2,776
1204, 62507,25082019,26102021 032217, 325, 24172.4, 12.247,173.097,0.435736,  0.6,103.974,1.91e+00, 16.3, -  , - 
1205, 62600,23122009,25102021 193636,   3, 24061.6,  1.986,281.420,0.721732,359.4,189.092,2.62e-03, 16.8, 0.1,  1
1206, 62601,23122009,25102021 211707,   4, 24165.4,  7.418, 92.537,0.717457,  0.0,121.135,3.84e-02, 17.0, 0.1,  2
1207, 62602,29012016,26102021 012708,  77, 24289.5, 26.450,318.825,0.665564,359.8, 81.401,1.90e+00, 16.5, 2.0,340
1208, 62603,22082017,25102021 163014,  92, 24263.2,  3.801, 96.090,0.715049,  0.2,290.047,3.96e-02, 16.8, 1.0, 44
1209, 62605,26032020,26102021 001934, 577, 24333.6,  8.013,157.602,0.686170,  0.8,357.762,6.46e-01, 18.0, -  , - 
1210, 62606,28042020,26102021 062547,  17, 24298.6, 26.464,238.636,0.721931,  0.1, 28.645,2.65e-03, 19.1, 0.1,  1
1211, 62607,18122020,25102021 221732, 306, 23950.3, 23.936,134.847,0.719204,  0.2,228.075,3.21e-02, 17.8, 0.1, 11
1212, 62700,26112009,26102021 032218, 960, 24280.4, 10.025,329.754,0.709104,359.4,270.002,1.64e-01, 15.0,28.4, - 
1213, 62701,30032009,25102021 151101, 540, 24180.3,  7.171, 47.113,0.715890,359.3,226.859,2.38e-02, 18.4,44.9,494
1214, 62702,25072015,25102021 205026, 279, 24333.0,  2.269,328.760,0.710823,357.5,354.132,1.28e-01, 17.7,18.7, - 
1215, 62704,09042016,25102021 163047,1345, 24350.9,  9.619, 72.865,0.705584,359.8,308.715,4.79e-02, 16.8,67.7, - 
1216, 62705,26052017,26102021 004111, 989, 24258.4,  3.559,187.418,0.714692,  1.9,183.464,2.93e-02, 17.3, -  , - 
1217, 62707,20052018,26102021 020728, 532, 24331.0, 65.411,241.005,0.684610,  0.1,  6.648,1.16e+00, 17.0,80.1, - 
1218, 62709,21102019,25102021 220900,   7, 24281.7,  7.072, 27.874,0.708837,359.1,141.012,2.45e-01, 17.4, 0.1,  7
1219, 62800,09052012,26102021 010137,   1, 24226.9,  6.637,308.249,0.714332,359.4,  6.037,1.27e-01, 12.5, 0.1,  3
1220, 62801,03112008,26102021 000309,   2, 24335.6,  7.898, 14.153,0.690995,359.2,294.092,2.12e-01, 13.5, 0.1,  8
1221, 62802,03032011,26102021 000000,   3, 24243.2,  1.694,233.125,0.719410,  2.3,250.967,5.84e-03, 15.5, 0.1,  1
1222, 62803,14092016,26102021 015734,   5, 24338.8,  7.131, 80.032,0.704143,359.8, 31.591,1.44e-01, 16.9, 0.1,  7
1223, 62804,06052013,25102021 214211, 783, 23613.3,  4.084,102.796,0.709842,  0.4, 71.798,1.45e-01, 17.9, -  , - 
1224, 62805,26102016,25102021 222015, 225, 24312.0, 23.722,291.351,0.719668,359.9, 27.643,1.64e+00, 16.1, -  , - 
1225, 62806,08012007,26102021 091314,   1, 24297.2,  8.176, 63.067,0.714595,359.6,132.016,1.56e-01, 15.3, 0.1,  7
1226, 62807,16082018,25102021 233027,  27, 24358.3,  1.976,252.172,0.720193,  1.0,323.784,8.10e-03, 18.1, 0.2,  6
1227, 62808,31072019,26102021 011633,   3, 24290.2, 12.546,120.688,0.491372,  0.3,159.093,1.10e+00, 16.3, 0.2, 44
1228, 62809,19022020,25102021 205021,   0, 23647.8,  6.112, 44.467,0.719050,359.2,341.147,3.67e-02, 12.3, 0.1,  1
1229, 62811,22092020,25102021 232108, 374, 24336.7, 19.470,189.913,0.724390,  0.4, 74.712,7.21e-03, 17.3, -  ,196
1230, 62900,09032008,26102021 025142, 148, 24368.3,  8.627, 26.648,0.714187,359.3, 36.430,1.77e-01, 14.1, 5.1,849
1231, 62901,22122009,25102021 212541,   2, 24292.5,  1.608,258.013,0.721086,  0.9,129.140,6.41e-03, 16.4, 0.1,  1
1232, 62902,20122009,25102021 231051,   5, 24288.9,  2.793,346.081,0.713375,357.6,309.914,2.35e-01, 15.8, 0.2, 35
1233, 62903,11122012,25102021 152544,   1, 24373.9, 20.264,252.524,0.715933,  0.1,308.510,2.84e-02, 16.3, 0.1,  2
1234, 62906,06112016,25102021 144416,1768, 24389.7,  5.068,115.326,0.669827,  0.6,334.167,7.81e-01, 18.0, -  , - 
1235, 62907,23122016,26102021 022835,  64, 24346.8,  8.965, 11.172,0.706829,359.2,111.259,2.18e-01, 16.6, 1.1,185
1236, 62908,17042017,26102021 050237, 236, 24404.4,  5.632,306.080,0.704753,359.3, 11.967,5.85e-02, 17.0, 1.8,217
1237, 62909,18092008,25102021 204018,   9, 24325.5,  7.860, 24.657,0.716390,359.2,213.348,1.20e-01, 18.0, 0.3, 67
1238, 62910,10082015,25102021 224920,  10, 24308.7, 19.982,279.420,0.712011,359.9,268.302,1.49e-02, 16.7, 0.1,  3
1239, 63000,23042012,25102021 175504,   0, 24337.8, 25.910, 45.088,0.717337,359.8,234.641,7.25e-03, 12.2, 0.1,  1
1240, 63001,29082012,26102021 052408,   2, 24032.0, 20.183,126.305,0.718694,  0.2, 90.157,3.57e-02, 13.1, 0.3,  3
1241, 63002,27042017,25102021 185029, 307, 24338.9,  3.496,118.736,0.712840,  1.0,221.045,1.49e-01, 17.4,14.0, - 
1242, 63003,20012018,26102021 093257,   1, 42165.6,  3.922,318.432,0.000266,358.7,258.574,1.00e-02, 12.3, 0.1,  1
1243, 63004,05122018,26102021 023318,   7, 24373.7, 20.085,274.060,0.714590,360.0,269.940,1.48e-01, 17.8, 1.0, 46
1244, 63005,26082019,26102021 010035, 786, 24417.5, 12.922,114.020,0.497799,  0.2,171.465,1.02e-02, 17.5, -  , - 
1245, 63006,29092019,26102021 063637, 723, 24348.3, 11.776,144.578,0.508864,  0.5,144.993,7.57e-01, 17.9, -  , - 
1246, 63007,23102019,26102021 032626, 722, 24301.1, 12.253,121.866,0.493090,  0.3,138.423,6.83e+00, 17.2, -  , - 
1247, 63008,22102019,26102021 044527, 730, 24316.0, 12.210,130.810,0.472252,  0.4,133.431,1.04e+00, 17.9, -  , - 
1248, 63009,22112019,25102021 213641, 651, 24322.4, 10.759,150.247,0.465196,  0.6,122.780,5.84e+00, 16.9, -  , - 
1249, 63010,24042020,25102021 222058, 532, 24384.4, 62.240,130.725,0.603386,  0.1,196.344,9.85e+00, 17.0,50.7, - 
1250, 63101,20112012,26102021 021110,   1, 24394.5, 20.678,265.713,0.705182,  0.0,188.053,1.82e-02, 16.9, 0.1,  1
1251, 63102,10012013,25102021 225933,   1, 24385.3, 22.059, 54.720,0.678657,359.8,263.429,3.61e-02, 16.3, 0.1,  2
1252, 63103,04112013,25102021 182932,2861, 24371.0, 65.957, 35.945,0.559287,359.9,162.152,5.79e+01, 14.8, -  , - 
1253, 63106,21012017,26102021 051552,   1, 42165.2,  2.722,316.092,0.000275,358.3,258.841,1.00e-02, 13.0, 0.1,  6
1254, 63107,06102018,26102021 002713, 666, 24446.3,  6.321,148.484,0.709149,  0.9, 23.909,5.88e-01, 17.3,48.8, - 
1255, 63108,02072019,25102021 191446, 272, 24267.8, 12.678, 97.694,0.527132,  0.1,205.074,1.26e+00, 14.9,27.3, - 
1256, 63109,06072019,25102021 182313, 289, 24578.5, 12.967, 50.011,0.532701,359.7,285.999,5.01e+00, 15.6, -  , - 
1257, 63110,26072019,25102021 233009,  69, 24387.6,  5.775,230.308,0.713866,  0.8,241.053,6.83e-02, 17.2, 0.6, 74
1258, 63200,07062011,26102021 004859,   1, 24453.1, 28.324,245.158,0.723659,  0.1, 24.606,2.93e-03, 12.8, 0.1,  1
1259, 63201,11062012,25102021 140950, 115, 24201.2, 62.587, 18.296,0.726069,359.9,268.052,6.77e-02, 15.0, 0.5, 82
1260, 63202,25112016,26102021 071021, 247, 24446.7,  6.133,275.419,0.722782,359.9, 20.346,7.07e-03, 16.9,11.3,  9
1261, 63203,04092017,25102021 224840, 373, 23442.7, 24.373,281.116,0.699817,359.9,348.728,1.55e+00, 17.3, -  , - 
1262, 63204,06032018,25102021 172136,   1, 24416.0, 62.377,220.962,0.694599,  0.1,267.268,1.17e-01, 16.7, 0.1,  2
1263, 63205,14062019,25102021 211428, 713, 24398.1, 10.392,147.193,0.519349,  0.6,136.809,7.92e+00, 16.6, -  , - 
1264, 63207,10012020,25102021 193600, 238, 24470.1, 12.017,121.881,0.490776,  0.3,140.615,6.00e+00, 15.9,88.9, - 
1265, 63208,27082020,25102021 224743, 369, 24413.1,  7.625,112.659,0.705922,  0.3,229.455,4.51e-01, 18.5,22.7, - 
1266, 63209,23122006,26102021 013921,   2, 24423.8,  8.779, 86.667,0.712464,359.9, 76.676,1.00e-02, 16.6, 0.1,  1
1267, 63301,10072019,25102021 214437, 252, 24397.8, 11.577,162.964,0.469828,  0.6,111.890,3.61e+00, 15.3,25.6, - 
1268, 63400,23092008,26102021 085341,   5, 24406.6,  4.544,354.407,0.721141,358.5, 76.224,7.33e-03, 16.9, 0.1,  1
1269, 63403,21012018,26102021 051526, 636, 24485.1,  5.240,299.959,0.706906,359.4,146.381,7.97e-01, 17.1,60.5, - 
1270, 63404,11022009,26102021 042108, 534, 24504.1,  8.434, 99.439,0.712460,  0.1, 55.748,9.93e-03, 17.9,16.2,478
1271, 63405,03072019,25102021 222919, 243, 24454.8, 12.343,117.002,0.503147,  0.3,160.321,3.25e+00, 14.9,58.0, - 
1272, 63406,18072019,26102021 021156, 187, 24340.4, 20.466,286.134,0.717744,359.9,235.764,2.47e-01, 16.0, -  ,814
1273, 63407,22102019,26102021 065539, 457, 24409.2,  6.483, 32.195,0.718362,359.1,151.186,2.48e-01, 17.4, -  , - 
1274, 63408,22012020,26102021 070658, 635, 24366.7, 11.236,148.055,0.557022,  0.5,136.998,9.57e+00, 18.4, -  , - 
1275, 63409,27012020,26102021 070119,  87, 23545.3, 65.412, 65.665,0.688907,359.9,355.031,6.15e-01, 16.3, 5.3,992
1276, 63500,28082008,25102021 223738, 191, 24582.0,  6.919,240.568,0.708589,  0.5,153.103,1.06e-02, 17.3, 2.0,352
1277, 63501,16032013,25102021 215115,   1, 24499.9, 21.026,333.558,0.708571,359.7,156.696,4.89e-02, 16.0, 0.1,  1
1278, 63503,14102013,25102021 162615,   2, 24395.5, 21.390,289.194,0.716188,359.9,198.744,1.47e-01, 16.9, 0.1, 21
1279, 63504,10072018,26102021 020614,1154, 24396.4, 20.208,130.976,0.664197,  0.2,136.356,4.82e+00, 16.0, -  , - 
1280, 63506,22102017,26102021 031043, 267, 24499.3, 20.124,254.688,0.719307,  0.1,308.497,4.19e-02, 18.2,20.0,621
1281, 63507,02112019,25102021 194552, 467, 24486.2,  8.060,347.886,0.717295,359.2,185.287,9.85e-02, 18.3,48.4,726
1282, 63508,05112019,25102021 214238, 401, 24547.7,  9.710,153.091,0.481706,  0.6,115.447,9.34e+00, 15.4, -  , - 
1283, 63510,01022009,25102021 183450,   2, 24537.1,  8.359,171.791,0.708580,  0.8,264.713,1.37e-01, 16.9, 0.1, 15
1284, 63600,11092010,26102021 083956,   2, 24417.1,  5.327,189.417,0.717708,  1.3, 25.954,1.56e-01, 16.6, 0.1, 13
1285, 63601,22122009,25102021 200240, 168, 24441.5,  8.923,251.336,0.716650,  0.2,183.059,1.11e-01, 14.5, 3.4,758
1286, 63602,10032015,25102021 195028, 505, 24516.9, 62.547,135.195,0.701622,  0.1,259.725,1.70e-01, 15.5,11.7, - 
1287, 63603,05042016,25102021 233602, 295, 24574.4,  7.185,  5.503,0.702906,359.0,319.994,1.41e-01, 16.7, 4.7,100
1288, 63604,25032010,26102021 033618,  16, 24425.5,  2.037,268.666,0.723603,  0.1,288.934,3.04e-02, 18.0, 2.6, 13
1289, 63605,25082017,25102021 222202,1270, 24466.4, 62.792,225.505,0.619985,  0.1,208.723,7.33e+00, 16.2, -  , - 
1290, 63606,22102017,25102021 182804, 140, 24535.6,  8.383,171.629,0.709500,  0.8,264.996,1.26e-01, 16.9, 1.1,173
1291, 63700,13032013,26102021 003827,  73, 24591.8,  5.944, 32.816,0.708559,359.0,  6.861,1.33e-01, 12.8, 1.8,410
1292, 63701,08082015,26102021 023318,   1, 24639.9,  7.675,148.138,0.712860,  0.8,321.431,1.59e-02, 17.8, 0.1,  1
1293, 63702,30082011,25102021 151030,   2, 24534.7, 19.479,247.563,0.720566,  0.1,342.214,6.66e-02, 15.8, 0.1,  2
1294, 63703,01042012,26102021 033428,   5, 24400.1,  6.770, 41.471,0.718977,359.2,287.278,2.93e-02, 16.6, 0.1,  4
1295, 63704,09082015,25102021 222004, 106, 24517.4,  5.486,119.128,0.720710,  0.6,234.920,7.39e-03, 16.8, 0.8, 11
1296, 63705,09122015,25102021 172224,   6, 24549.5, 63.258,273.292,0.710664,360.0,270.475,3.95e-02, 16.3, 0.1,  2
1297, 63706,25022016,26102021 014925, 608, 24472.5,  7.039, 67.093,0.701483,359.6,149.299,8.45e-01, 17.4,69.6, - 
1298, 63708,17122018,25102021 210654,  34, 24510.5,  3.565,129.624,0.726432,  1.2,317.919,8.57e-03, 16.9, 1.0,  2
1299, 63709,30092019,25102021 183203, 374, 24666.2, 12.677,192.720,0.406158,  0.5, 74.598,2.65e+00, 17.4,82.0, - 
1300, 63710,18032021,26102021 090854,  42, 24604.4,  7.616,126.667,0.712005,  0.5,  8.061,4.75e-02, 19.0, 0.1, 14
1301, 63711,31032017,25102021 223541,   9, 24546.5, 20.202,276.083,0.717647,360.0,266.607,8.29e-03, 17.4, 0.1,  1
1302, 63800,02082011,26102021 043744,   1, 24659.2, 20.172,236.800,0.723489,  0.2,339.649,6.40e-03, 13.4, 0.1,  1
1303, 63801,18022013,25102021 180227,   2, 24464.1, 20.185,218.374,0.722611,  0.3, 11.088,1.50e-02, 17.3, 0.1,  1
1304, 63802,07052016,26102021 032939,   3, 24582.6, 29.629, 69.481,0.714452,359.9, 38.805,4.56e-02, 17.0, 0.1,  6
1305, 63803,22012017,25102021 225314,   1, 24574.5, 62.427,271.642,0.681954,360.0,251.159,1.00e-01, 15.9, 0.1,  1
1306, 63804,22022018,26102021 060400, 729, 24650.5, 15.923,175.193,0.653493,  0.4,126.763,3.81e+00, 15.0, -  , - 
1307, 63805,05082015,25102021 233950, 810, 24523.7, 20.649,312.700,0.712221,359.8,197.586,1.03e-02, 16.3, 7.3, 11
1308, 63806,18052020,25102021 223822, 521, 24544.1,  5.649, 32.210,0.702563,359.0,170.859,7.90e-01, 18.3, -  , - 
1309, 63807,22122006,25102021 180140,  54, 24627.1,  8.669,122.343,0.713799,  0.4,  1.581,1.12e-02, 18.5, 0.2, 51
1310, 63900,23042007,26102021 010607, 134, 24524.8,  3.836,284.583,0.705773,359.6,186.499,4.07e-01, 14.2, 3.8,690
1311, 63901,10122006,26102021 000959, 233, 24619.0, 11.258,172.046,0.711221,  0.6,139.696,1.66e-01, 13.1, 5.3,886
1312, 63902,07052013,25102021 193342,   1, 24646.7,  6.756,258.453,0.704708,  0.2,118.118,2.85e-01, 15.5, 0.1, 24
1313, 63903,17042016,26102021 031028, 818, 24608.3,  9.422,264.342,0.705999,  0.1, 71.496,1.92e-01, 16.2,31.2, - 
1314, 63904,21112016,26102021 011412, 119, 24560.8,  4.747,299.649,0.711643,359.3,155.926,2.05e-01, 14.3, 2.2,418
1315, 63905,15052017,26102021 013701, 136, 24490.3, 19.646,265.172,0.706900,  0.0,210.829,1.29e-02, 18.6, 0.5, 26
1316, 63906,23122017,25102021 235738, 307, 24506.1, 19.940,290.200,0.716275,359.9,252.087,4.41e-02, 20.0,10.5,696
1317, 63907,19122019,26102021 054444, 646, 24568.7, 11.581, 97.265,0.524152,  0.1,187.645,4.07e+00, 14.0, -  , - 
1318, 63908,22072015,26102021 055304, 639, 24576.0, 21.245,  4.117,0.705888,359.7, 99.819,9.56e-02, 16.0,10.0, 72
1319, 63909,23112020,25102021 171839, 305, 24130.9, 62.754,344.671,0.723980,359.9,272.954,9.11e-02, 17.3, 4.5, 31
1320, 63910,13092021,25102021 191019,  14, 24617.2, 20.516,275.867,0.710348,360.0,276.693,1.01e-01, 18.2, 0.1,  3
1321, 64000,14092006,25102021 224931,  89, 24582.4,  7.501,307.186,0.715771,359.5, 59.707,9.59e-02, 16.3, 1.8,123
1322, 64001,13012007,25102021 165153,   2, 24658.8, 11.536,320.108,0.707332,359.5,296.127,1.99e-01, 13.8, 0.1, 22
1323, 64002,15102009,26102021 010928,   2, 24652.4,  9.865,287.671,0.706691,359.8, 21.592,8.00e-02, 15.5, 0.1,  5
1324, 64003,15102012,26102021 043723,   1, 24671.7, 20.751,354.576,0.698005,359.7, 39.744,3.76e-02, 15.3, 0.1,  3
1325, 64004,24032017,26102021 015118, 221, 24635.3,  3.386,197.633,0.701985,  1.9, 89.344,7.52e-02, 17.2, 2.1,424
1326, 64005,13022018,26102021 072348,  88, 24521.7, 26.479,196.683,0.723575,  0.3,133.441,1.61e-02, 17.3, 5.3, 14
1327, 64006,05112018,26102021 011733,   1, 24667.4,  9.318,317.132,0.704207,359.5,342.584,3.25e-01, 16.1, 0.1, 11
1328, 64007,30072019,26102021 032910, 424, 24647.2, 13.042,175.028,0.485749,  0.5,108.910,2.86e+00, 17.2, -  , - 
1329, 64008,02112019,25102021 224720,   2, 24606.0, 11.870,139.779,0.460290,  0.4,128.116,1.14e-01, 17.2, 0.1,  9
1330, 64009,15072020,26102021 011533,   1, 24682.0,  2.351,341.114,0.719837,357.3,322.690,7.94e-03, 17.7, 0.1,  2
1331, 64010,10032019,25102021 203505, 303, 24597.8, 25.221,209.774,0.709575,  0.2,282.403,3.19e-03, 18.7, 0.1, 13
1332, 64100,05012012,26102021 003912,   3, 24659.6,  5.137,269.346,0.705269,  0.0,206.882,5.12e-01, 13.7, 0.1, 20
1333, 64101,20112012,26102021 034952,   2, 24633.1, 21.336,287.624,0.707136,359.9,139.561,9.21e-02, 16.3, 0.1,  5
1334, 64102,13082015,26102021 020303,  47, 24798.6, 18.801, 38.001,0.668447,359.7,355.880,1.68e+00, 17.0, 0.9,187
1335, 64103,27042017,26102021 064929, 267, 24683.6,  3.238,215.162,0.702835,  1.7, 64.051,7.93e-02, 18.1, 1.0, 46
1336, 64104,13092019,26102021 071429, 675, 24646.2, 11.694,171.404,0.439883,  0.6, 87.708,2.24e-01, 15.3,10.7, - 
1337, 64105,22092019,25102021 234341, 295, 24608.5, 12.337,118.129,0.507462,  0.3,166.053,6.57e-01, 17.0,36.0, - 
1338, 64106,18102019,25102021 221130, 686, 24623.7, 10.914,137.545,0.495504,  0.5,122.490,7.76e+00, 17.0, -  , - 
1339, 64107,11122006,25102021 233435,   1, 24663.8,  8.148,281.220,0.705550,359.8, 61.627,3.96e-03, 16.4, 0.1,  2
1340, 64108,25092017,25102021 224124, 142, 24690.4, 19.967,258.340,0.722147,  0.1,306.679,1.18e-02, 19.3, 1.8, 45
1341, 64109,26032021,26102021 010438, 213, 24640.2, 11.784,156.100,0.493645,  0.5,122.250,2.08e-01, 14.2,13.3, - 
1342, 64200,02022009,25102021 204850,   1, 24683.7,  6.551,164.635,0.709547,  1.0,223.971,3.96e-02, 15.9, 0.1,  1
1343, 64201,05062012,25102021 234713,   2, 24561.2, 62.881, 37.738,0.732648,359.9,270.423,7.80e-03, 14.2, 1.3,  1
1344, 64202,01092011,26102021 020535,   1, 24674.7, 20.135,314.957,0.715692,359.8,207.575,3.08e-02, 16.1, 0.1,  1
1345, 64203,18022018,26102021 072632,1289, 24731.2,  6.496,138.279,0.713195,  0.8,348.541,7.94e-02, 18.9,46.5, - 
1346, 64204,28102018,25102021 234943, 382, 24544.8, 26.142,292.808,0.724010,359.9, 11.519,5.77e-02, 18.8,19.3,344
1347, 64205,25012019,25102021 184944, 708, 24642.3, 69.274,190.790,0.538797,  0.1,241.580,2.69e+00, 16.7, -  , - 
1348, 64206,30072019,26102021 034801, 707, 24655.6, 11.060,178.297,0.436060,  0.6, 83.328,2.24e+00, 17.1, -  , - 
1349, 64207,25092019,26102021 044254, 365, 24715.0,  9.984,153.963,0.484196,  0.6,110.894,5.17e+00, 17.6, -  , - 
1350, 64208,03042017,25102021 203033, 358, 24650.5, 23.090, 33.396,0.690554,359.7,280.251,1.08e-02, 17.9, 0.6, 16
1351, 64209,14022021,25102021 213009, 247, 24665.2, 11.331,111.930,0.481505,  0.2,166.859,2.51e+00, 16.0, -  , - 
1352, 64300,26092006,25102021 212712,   2, 24687.6, 62.439,320.547,0.720874,359.9,261.549,2.44e-02, 15.7, 0.1,  1
1353, 64301,28082008,25102021 224456,   1, 24747.7,  6.692,132.035,0.713726,  0.7,282.961,2.10e-02, 16.5, 0.1,  1
1354, 64302,20032010,26102021 052032,   3, 24712.6,  9.675, 55.729,0.704281,359.6,145.242,3.27e-01, 15.7, 0.1, 14
1355, 64305,18032015,25102021 223312,   4, 24717.2, 21.325, 41.772,0.678143,359.8,298.184,1.12e+00, 15.7, 0.2, 39
1356, 64306,10052017,25102021 161139, 230, 24657.3, 21.916, 68.766,0.683213,359.9,240.682,5.95e-02, 17.3, 4.1,601
1357, 64307,28112007,26102021 055634, 673, 24688.7,  7.864,248.566,0.708998,  0.3,126.557,2.27e-03, 18.9, 1.8, 56
1358, 64308,29092018,25102021 194107,   4, 24704.0, 20.160,304.559,0.717701,359.8,221.652,8.54e-03, 18.5, 0.1,  1
1359, 64309,22092019,26102021 000458, 637, 24699.8, 10.471,119.930,0.465972,  0.3,162.505,7.53e+00, 15.7, -  , - 
1360, 64400,01092011,26102021 014302,   1, 24705.1, 20.566,330.610,0.712692,359.7,168.409,4.12e-02, 16.9, 0.1,  5
1361, 64401,11072017,26102021 005410,   6, 24729.8, 62.373,276.369,0.702995,360.0,258.986,3.19e-02, 16.0, 0.1,  4
1362, 64402,19102017,25102021 211716,1461, 24760.9, 18.144,218.449,0.697009,  0.3,312.859,2.11e-01, 18.6,43.8,771
1363, 64403,28082019,25102021 193203, 724, 24734.2, 11.634,101.431,0.545411,  0.1,199.912,5.19e+00, 17.4, -  , - 
1364, 64404,23092019,26102021 031137, 334, 24672.7, 12.503,119.605,0.453488,  0.3,103.457,2.71e+00, 17.4, -  , - 
1365, 64405,18082020,26102021 042804, 426, 24719.5,  7.205, 48.839,0.714242,359.4,232.041,6.27e-02, 17.9,10.8, 29
1366, 64406,14092020,25102021 192318, 285, 24724.8,  5.469,153.279,0.710747,  1.1,277.100,3.96e-01, 17.8, 7.1,259
1367, 64407,11102020,25102021 220054, 347, 24736.5,  8.373,346.612,0.704005,359.2,295.054,4.21e-01, 16.6, 8.0,196
1368, 64501,21102013,26102021 034935,  51, 24745.6, 11.553,154.592,0.694793,  0.5,254.609,8.73e-02, 14.7, 0.5,123
1369, 64502,24052014,25102021 190809,   1, 42165.4,  3.672,130.175,0.000311,  1.2, 21.059,1.67e-02, 11.0, 0.1,  1
1370, 64503,18012015,26102021 022019,  76, 24771.3, 21.574,350.488,0.702287,359.7, 28.093,1.96e-02, 17.6, 0.2, 38
1371, 64504,05082015,25102021 172454,1839, 21653.1, 62.815,292.937,0.689517,359.9,275.711,1.64e-01, 13.9,13.1, - 
1372, 64505,02122016,26102021 032044,   0, 24684.5, 29.614,213.784,0.416523,  0.2, 21.255,1.57e+01, 16.2, 0.1, 25
1373, 64506,16102017,25102021 163413,1379, 24778.5, 18.337,220.212,0.700028,  0.3,308.023,4.39e-01, 18.3, -  , - 
1374, 64507,07102018,26102021 054107,1076, 24664.6, 10.510, 84.479,0.721455,359.9,131.732,2.64e-01, 17.5, -  , - 
1375, 64508,22092019,26102021 003105, 698, 24797.1, 12.106,199.961,0.390857,  0.5, 40.200,8.91e+00, 15.0, -  , - 
1376, 64509,04082015,25102021 192402, 250, 24693.1, 20.091,307.163,0.718845,359.8,219.397,1.32e-02, 15.5,14.3, 44
1377, 64600,03082016,26102021 004728,   4, 24845.2, 19.415,246.410,0.671161,  0.1,321.230,2.94e+00, 16.9, 0.9,221
1378, 64602,16102017,25102021 210307,1461, 24806.9, 18.226,225.540,0.697778,  0.3,298.638,5.34e-01, 19.2, -  , - 
1379, 64603,31072019,26102021 082557, 350, 24772.9, 11.398,172.294,0.445268,  0.6, 87.812,1.05e+00, 17.2,26.4, - 
1380, 64604,05082019,26102021 024615, 768, 24758.6, 13.555,120.494,0.483577,  0.3,148.209,2.25e+00, 17.9,85.6, - 
1381, 64605,02102019,25102021 231623, 606, 24779.4, 11.544,142.441,0.502502,  0.5,137.033,3.03e-01, 17.2, 4.9, - 
1382, 64606,19032021,26102021 005412, 177, 25397.8, 26.167,349.304,0.441408,359.7, 13.717,1.20e+01, 17.3,26.2, - 
1383, 64700,22062007,25102021 180206,   3, 24831.6,  4.776, 75.555,0.693040,359.6,310.856,4.34e-02, 16.7, 0.1,  4
1384, 64702,28082014,26102021 053017, 165, 24850.8,  4.244,241.191,0.697283,  0.8,354.997,1.07e+00, 17.3, 3.2,227
1385, 64703,16102017,26102021 014849,1467, 24833.0, 18.244,230.876,0.697670,  0.2,288.099,7.06e-01, 18.7, -  , - 
1386, 64800,20062012,25102021 210839,   1, 24838.8, 62.241,193.647,0.691746,  0.1,263.228,3.52e-02, 13.1, 0.1,  1
1387, 64801,03092011,26102021 023206,   5, 24826.2, 20.687,324.001,0.717706,359.7,182.749,6.17e-02, 15.0, 0.1, 10
1388, 64802,17092012,26102021 013928, 301, 24565.9, 20.948, 58.254,0.689315,359.8,264.528,1.41e+00, 17.5,33.1, - 
1389, 64803,24122009,25102021 181933, 119, 24864.7,  7.091,111.656,0.695202,  0.4, 52.059,1.54e-01, 15.7, 0.6,108
1390, 64804,13032016,25102021 232832, 174, 24818.4,  7.039,177.502,0.712252,  1.0,239.007,3.20e-01, 17.0, 4.0,182
1391, 64805,10082016,26102021 013019, 726, 24835.1,  3.212,146.319,0.688587,  1.8,215.188,1.45e-01, 17.2, 8.8, - 
1392, 64806,23092017,26102021 021536, 740, 24860.4,  6.218,252.650,0.707716,  0.3, 62.878,1.20e-01, 18.0,17.7, - 
1393, 64807,15102017,25102021 135826,   1, 42164.0,  2.706,338.035,0.000291,357.7,227.308,1.00e-02, 10.2, 0.1,  1
1394, 64808,07082015,25102021 235634, 974, 24812.5, 19.748,313.759,0.719061,359.8,218.676,1.19e-02, 17.3,92.0, 65
1395, 64809,17022009,25102021 142729,   1, 24809.6,  9.134,170.504,0.693593,  0.7,270.731,1.23e-01, 13.4, 0.1,  7
1396, 64810,13022021,25102021 184339, 200, 24886.9,  5.022, 78.137,0.700146,359.7,339.279,6.49e-01, 18.1,15.0, - 
1397, 64900,23122009,26102021 034001,   1, 24833.6,  7.230,226.722,0.710490,  0.6,220.621,1.93e-01, 16.6, 0.1,  5
1398, 64901,06082007,25102021 211324,   0, 24782.4,  6.928,100.638,0.723469,  0.2,141.741,2.98e-02, 14.3, 0.1,  1
1399, 64903,20122009,26102021 062342, 498, 24870.2,  8.906,103.594,0.716648,  0.2, 70.307,1.17e-01, 17.0,22.6, - 
1400, 64905,04122016,26102021 092556, 556, 24862.0,  4.505,164.665,0.704781,  1.5, 51.388,3.91e-01, 14.9,22.4, - 
1401, 64906,15102017,25102021 194434,1389, 24886.0, 17.950,238.967,0.693450,  0.2,275.663,9.75e-01, 17.7, -  , - 
1402, 64907,07012019,26102021 034629,1018, 24258.3, 29.033,  3.571,0.681538,359.8, 82.944,1.64e+00, 15.9, -  , - 
1403, 64908,25102019,25102021 220249, 726, 24950.5, 20.460, 13.793,0.682716,359.7,  8.254,1.39e+00, 17.5,34.2, - 
1404, 65000,30012014,26102021 051823,2819, 24875.4, 24.937,280.573,0.694964,360.0,170.689,6.44e-01, 15.7, -  , - 
1405, 65001,10042018,25102021 151217, 697, 24925.4,  6.509, 95.994,0.719754,  0.1,  8.731,8.68e-02, 18.0,49.4, - 
1406, 65002,30072019,25102021 221952, 680, 24923.8, 10.982,157.862,0.480564,  0.6,115.795,4.57e+00, 16.7, -  , - 
1407, 65003,12012021,25102021 213458, 280, 24891.1, 10.243,240.733,0.682518,  0.3,117.109,4.43e-01, 17.5, 2.5,254
1408, 65004,20032021,25102021 171358,   1, 24875.1,  5.816,229.289,0.722146,  0.8,273.313,4.14e-02, 17.5, 0.1,  1
1409, 65005,16052021,26102021 042659, 160, 24901.9, 19.616,128.912,0.685838,  0.2,274.634,1.24e+00, 17.6, 4.3,594
1410, 65100,23012015,26102021 021039,1899, 24873.5, 35.101, 70.887,0.695584,359.9,141.122,1.77e+00, 17.3, -  , - 
1411, 65102,15102016,25102021 154100,   5, 24899.2, 25.471,220.260,0.710514,  0.2,312.965,1.71e+00, 17.5, 0.1, 23
1412, 65103,12082019,26102021 023910, 600, 24903.8, 11.335,161.097,0.452096,  0.6, 99.448,1.47e-01, 14.4, 6.5, - 
1413, 65104,19092019,26102021 060939,  56, 24875.7, 11.603,175.850,0.418421,  0.6, 69.474,3.21e+00, 17.4,49.9, - 
1414, 65105,24092019,26102021 013753, 703, 24849.5, 29.361,302.521,0.714485,359.9, 55.177,1.88e+00, 16.2, -  , - 
1415, 65106,24082020,26102021 021933, 269, 24891.4, 34.956, 72.107,0.685202,359.9,139.742,1.67e+00, 16.5,18.4, - 
1416, 65200,23032010,25102021 150405,   0, 24885.0,  6.190,237.828,0.718215,  0.6,240.970,1.28e-01, 14.0, 0.1,  4
1417, 65201,27032015,25102021 155207,2244, 24929.3, 34.934,  4.085,0.684132,359.8,235.426,9.91e-01, 15.4, -  , - 
1418, 65202,16052016,26102021 080529,1015, 25883.4, 16.017, 60.596,0.334817,359.8,154.972,3.13e+01, 16.2, -  , - 
1419, 65203,25092019,26102021 050834, 704, 24923.6, 11.329,158.899,0.489383,  0.6,109.987,8.50e-01, 18.2,26.5, - 
1420, 65204,06072009,26102021 014448, 252, 24927.5, 35.376,346.589,0.697255,359.8,246.716,1.00e-02, 15.9, 6.7,213
1421, 65300,04122009,25102021 145323, 104, 24982.7, 10.132,356.402,0.683252,359.3,272.899,1.16e-01, 14.7, 1.7,377
1422, 65301,15102017,25102021 214028,1373, 24991.4, 18.028,248.507,0.692466,  0.1,257.806,1.31e+00, 17.3, -  , - 
1423, 65302,16102017,25102021 164442,1412, 24968.5, 18.104,231.606,0.697097,  0.2,288.249,1.64e-02, 19.0,12.5,229
1424, 65303,16122017,26102021 034938,1359, 24880.8,104.030,323.122,0.554420,359.9,237.155,5.25e+01, 16.7, -  , - 
1425, 65304,20102019,25102021 174800, 364, 24843.3, 12.144,173.594,0.478998,  0.6, 95.500,5.61e+00, 14.7, -  , - 
1426, 65305,16012020,26102021 033849, 616, 25037.6,  6.366,113.323,0.710679,  0.4, 21.113,3.90e-01, 17.2,34.0, - 
1427, 65400,01072009,25102021 161926,   2, 24981.7,  8.084, 10.573,0.720537,359.2,290.670,2.02e-02, 15.7, 0.1,  1
1428, 65401,21122009,26102021 071721,   3, 24950.2,  6.060,186.613,0.724669,  1.1,357.887,3.05e-02, 15.9, 0.1,  2
1429, 65403,16102017,25102021 202405,1465, 25002.6, 18.126,233.218,0.700081,  0.2,284.550,5.17e-01, 18.6, -  ,812
1430, 65404,04082015,26102021 043646,   1, 24988.7, 20.120,  9.710,0.714521,359.7,119.331,7.54e-02, 17.4, 0.1,  9
1431, 65500,25082015,25102021 193350,   1, 24986.4, 18.435,302.647,0.711612,359.8,177.685,6.79e-02, 15.0, 0.1,  4
1432, 65501,14042017,25102021 150342,   1, 25003.6, 63.526, 49.069,0.696698,359.9,249.914,9.64e-03, 15.4, 0.1,  1
1433, 65502,20102017,26102021 042533,1465, 25032.0, 18.073,243.354,0.698519,  0.2,264.656,1.13e+00, 19.3, -  , - 
1434, 65503,01082018,25102021 212023, 763, 24824.1, 66.726, 78.398,0.707352,360.0,351.307,4.19e-01, 17.0,65.4, - 
1435, 65504,19062019,26102021 074946, 698, 24986.1, 12.190,123.153,0.517238,  0.3,156.480,1.58e-01, 16.1, 4.9, - 
1436, 65505,23092019,26102021 070606, 281, 24980.0, 11.844,168.456,0.499418,  0.6,102.578,1.35e+00, 16.0,18.8, - 
1437, 65506,26092019,26102021 013909, 506, 25015.3, 19.965,318.578,0.709648,359.7,116.736,4.00e-01, 17.4,18.2,668
1438, 65507,02112019,26102021 055921, 720, 24914.0, 13.243,128.990,0.508733,  0.3,108.873,8.16e+00, 16.3,50.0, - 
1439, 65508,31012009,25102021 164840,   1, 25076.1,  7.768,351.262,0.708758,359.1,344.100,7.03e-02, 15.1, 0.1,  5
1440, 65600,21012007,25102021 152056, 163, 24313.0,  6.750, 22.628,0.714273,359.1,314.767,7.50e-02, 17.2, 4.6,157
1441, 65602,16012013,25102021 201118,1767, 25115.6, 20.301,231.981,0.681765,  0.2,351.251,3.21e+00, 16.3, -  , - 
1442, 65603,03062016,25102021 220955,1951, 25141.8, 27.710,325.190,0.632090,359.8, 43.058,2.05e+00, 17.5,56.5, - 
1443, 65604,16102017,25102021 181824,1455, 25045.5, 18.018,228.622,0.700506,  0.3,294.584,9.26e-02, 19.0,62.4, - 
1444, 65605,12012019,25102021 211451, 626, 24996.2, 27.416,354.800,0.728780,359.7,223.669,2.71e-02, 18.7, -  ,118
1445, 65606,12082019,26102021 005513,   0, 25014.4, 11.705,147.022,0.462514,  0.5,113.061,7.37e-02, 16.9, 0.1,  1
1446, 65700,28032012,25102021 194119,   1, 24994.3, 63.342,274.278,0.714710,360.0,271.892,1.03e-02, 12.6, 0.1,  1
1447, 65701,26022010,26102021 005619, 210, 25070.5,  6.653,306.786,0.695642,359.4,105.075,9.99e-02, 16.5, 2.9,577
1448, 65703,15062015,26102021 011540,   0, 25024.8, 62.484,318.550,0.710602,359.9,258.135,3.58e-02, 15.2, 0.1,  1
1449, 65704,07122015,26102021 004512,1022, 24831.2, 17.755,211.223,0.724745,  0.3,358.429,9.06e-02, 16.4, -  , - 
1450, 65705,09122015,25102021 220548,   5, 25026.2, 20.935, 42.306,0.696977,359.7,310.550,8.79e-02, 15.1, 0.1, 19
1451, 65706,22092017,25102021 213753,1487, 25027.2, 23.598,356.525,0.610492,359.7,158.193,1.27e+00, 18.9, -  , - 
1452, 65708,27082019,25102021 210707, 749, 25052.8,  6.299,281.554,0.723605,359.8,173.516,3.24e-02, 18.0,41.8,383
1453, 65709,22092019,25102021 180351, 762, 25104.5,  3.974, 20.318,0.662724,358.4,348.741,4.84e-01, 18.0,15.5, - 
1454, 65800,11032010,25102021 193736,   3, 25050.0, 11.964,341.952,0.691436,359.5,261.043,4.32e-01, 15.4, 0.1, 22
1455, 65802,08082015,25102021 145534, 390, 25079.7, 16.648,309.098,0.717897,359.7,284.234,5.45e-02, 17.1,18.3, - 
1456, 65803,29112018,25102021 214319, 976, 25063.6,  7.520, 12.571,0.708196,359.1,211.149,4.23e-01, 17.1,57.4, - 
1457, 65804,19062019,26102021 080219, 729, 25086.4, 11.088,171.098,0.469632,  0.6, 85.396,3.91e+00, 16.9, -  , - 
1458, 65805,27062019,26102021 013739, 673, 25043.5, 10.470,134.656,0.526160,  0.5,126.922,5.20e+00, 16.6, -  , - 
1459, 65806,26082019,25102021 222911, 790, 25046.9,  8.340,139.099,0.530247,  0.6,140.723,1.09e+01, 18.2, -  , - 
1460, 65900,19122009,26102021 001725,  91, 25157.4, 11.165,101.954,0.681715,  0.1, 37.626,4.16e-01, 14.3, 3.1,726
1461, 65901,12042015,26102021 041548,  91, 25142.7,  2.182,311.202,0.695024,358.0, 48.539,2.15e-01, 15.5, 1.0,235
1462, 65902,15112015,25102021 214656, 293, 25091.1, 21.136, 75.225,0.691491,359.9,244.256,1.17e-01, 16.6, 2.4,427
1463, 65903,13082016,26102021 003154,1795, 24628.9,  5.211,325.719,0.363864,358.9,291.421,2.58e+01, 17.9, -  , - 
1464, 65904,27082017,25102021 233716, 270, 25164.0,  6.280,  7.346,0.709489,358.9,343.252,2.38e-02, 16.8, 0.8,116
1465, 66000,08092007,25102021 203701, 616, 25185.5, 10.217,152.174,0.668852,  0.6,304.865,4.95e-01, 18.2,29.4, - 
1466, 66001,01082010,25102021 142853,   1, 25194.1,  8.275,148.887,0.670156,  0.7,342.254,2.06e-01, 14.1, 0.1, 10
1467, 66002,08042019,25102021 193204,   5, 25131.6, 71.246,336.976,0.544594,359.9,300.301,1.09e+00, 15.0, 0.4,103
1468, 66003,25072009,25102021 211709,   1, 25156.5, 21.136, 15.919,0.718647,359.7, 82.701,2.66e-02, 14.9, 0.1,  2
1469, 66004,20092011,26102021 054718,   2, 25141.2, 21.392,  8.309,0.719299,359.7, 90.222,4.64e-02, 15.3, 0.1,  5
1470, 66005,20082009,25102021 220416,   5, 25142.3,  4.001,337.842,0.715984,358.4,239.670,5.18e-02, 16.8, 0.1,  4
1471, 66006,21032010,26102021 032803, 125, 25123.7,  9.067,186.252,0.714360,  0.8,157.822,1.13e-01, 16.3, 1.6,256
1472, 66007,27112015,26102021 003307,2093, 25132.9, 62.810, 92.293,0.719506,  0.0,271.267,3.55e-01, 14.6, -  , - 
1473, 66008,11122016,25102021 173445,   2, 25096.5, 26.318,245.383,0.731965,  0.1, 61.290,9.29e-03, 17.0, 0.1,  1
1474, 66009,30052019,26102021 075411, 256, 25062.9, 11.570,145.303,0.455563,  0.5,111.888,1.74e+00, 16.1,78.6, - 
1475, 66010,02072019,25102021 231708,   2, 25135.7, 11.678,149.603,0.459369,  0.5,106.828,1.05e-01, 17.0, 0.1, 11
1476, 66011,02102019,26102021 012033, 366, 25144.1, 11.207,160.379,0.502064,  0.6,105.802,3.05e+01, 17.5, -  , - 
1477, 66012,19102019,25102021 220616, 734, 25136.6, 23.836,222.553,0.443199,  0.2,311.062,1.28e+01, 18.0, -  , - 
1478, 66100,07072013,26102021 000310,   1, 25161.1, 64.371,115.464,0.624519,  0.1,262.963,9.89e-03, 11.3, 0.1,  1
1479, 66101,19062004,25102021 173251, 275, 25154.6, 62.727,347.179,0.715315,359.9,259.183,2.79e-02, 17.9, 1.5,212
1480, 66102,22112016,25102021 181741, 683, 25170.2, 11.415, 29.465,0.713418,359.5, 79.337,6.75e-01, 17.4,69.1, - 
1481, 66103,25112016,26102021 053824,  50, 25144.2,  4.023,353.345,0.721729,358.3,124.376,3.58e-02, 16.9, 0.2, 20
1482, 66104,02112017,25102021 231952,  12, 25143.9, 63.010,232.849,0.653571,  0.1,251.091,1.33e-01, 15.4, 0.2, 46
1483, 66105,19012018,25102021 143437,1342, 25174.7,  5.745,199.181,0.713316,  1.1,214.937,6.53e-01, 18.3, -  , - 
1484, 66106,13022018,25102021 165322, 763, 25141.6, 11.610,186.091,0.666933,  0.6,216.712,4.86e-01, 17.3,13.6, - 
1485, 66107,17072018,25102021 232809,1167, 25204.8,  3.926,132.269,0.707085,  1.2, 33.813,1.09e-02, 17.3, 1.4,291
1486, 66200,20122009,25102021 230943,   4, 25186.0,  3.389,193.541,0.720274,  2.0,275.481,2.30e-02, 16.0, 0.1,  1
1487, 66201,21032014,25102021 214032, 172, 22879.3, 25.278,181.652,0.703388,  0.3,169.179,8.64e-02, 14.9, -  ,300
1488, 66203,16102020,26102021 080014, 304, 25180.0, 10.017,163.428,0.402064,  0.7, 80.704,1.17e+00, 17.8,13.0, - 
1489, 66300,23042013,25102021 193058,1931, 25217.9, 64.268,199.767,0.606095,  0.1,304.117,3.26e-01, 15.1,53.1, - 
1490, 66301,01122015,25102021 211232,  27, 25181.4, 18.281,224.814,0.727826,  0.3,312.874,6.86e-02, 14.9, 0.7, 51
1491, 66302,31072019,26102021 030508, 459, 25194.4, 11.744,147.574,0.461142,  0.5,108.870,6.99e-02, 17.5, 4.3,723
1492, 66303,05082019,25102021 195001,   3, 25107.4, 13.449,129.353,0.487950,  0.3,126.196,6.35e+00, 15.5, 1.7,409
1493, 66304,20102019,25102021 195327, 295, 25197.5, 12.250,124.934,0.484507,  0.3,144.026,3.02e-01, 15.8, 6.3, - 
1494, 66400,02091998,25102021 192425,3595, 25242.0, 66.510,214.106,0.590961,  0.1, 48.564,1.00e-02, 17.0, 7.6, 55
1495, 66401,30112008,25102021 225141,4143, 25227.5, 63.605,292.340,0.650720,360.0,251.198,1.14e-01, 15.2,54.5, - 
1496, 66402,14092012,26102021 021330,1695, 25249.2, 19.021,295.656,0.665418,359.8,234.940,2.10e+00, 17.1, -  , - 
1497, 66403,30112015,25102021 193808,   3, 25229.0, 63.537,292.606,0.651711,359.9,251.086,7.91e-02, 15.5, 0.1,  6
1498, 66404,22112016,25102021 233608, 253, 16994.2, 62.368,254.790,0.611223,  0.0,287.410,8.19e-03, 14.9, 7.6, 68
1499, 66406,18082017,25102021 213727, 569, 25304.7, 58.676,123.927,0.658581,  0.1,145.362,1.10e+00, 17.6,32.3, - 
1500, 66407,21032018,26102021 011347,1256, 25248.3, 12.136,109.325,0.710845,  0.2,262.412,4.91e-01, 17.4,89.5, - 
1501, 66409,28062019,26102021 042145, 230, 25233.4, 10.380,156.774,0.581118,  0.6, 93.238,6.01e+00, 13.7,99.5, - 
1502, 66410,30072019,25102021 222456, 237, 25233.2, 11.560,152.002,0.458399,  0.5,103.638,3.35e-01, 17.5, 8.3, - 
1503, 66411,02082019,25102021 181455, 728, 25244.5, 11.038,185.080,0.443258,  0.6, 61.913,2.46e+00, 17.9, -  , - 
1504, 66412,27092020,26102021 030758, 294, 25302.4,  3.517,334.698,0.712460,358.3, 21.722,6.98e-01, 16.7,11.0, - 
1505, 66500,14102012,25102021 213421, 671, 25313.2, 63.485,293.741,0.704550,359.9,265.910,1.47e-01, 17.9,19.5, - 
1506, 66501,17022007,26102021 045323, 210, 25328.0,  5.158, 12.945,0.714855,358.7,355.106,2.76e-01, 13.2, 7.7,700
1507, 66503,16082018,25102021 154246,   4, 25269.5, 23.056,107.512,0.612412,  0.1,273.890,9.62e-03, 16.9, 0.1,  2
1508, 66504,31102018,25102021 160806, 668, 25625.5, 11.384,335.796,0.359783,359.5,284.785,2.83e+01, 17.5, -  , - 
1509, 66505,28062019,26102021 033033, 637, 25256.3, 11.291,123.798,0.514525,  0.3,139.463,8.32e+00, 16.1, -  , - 
1510, 66507,16092020,26102021 043951, 400, 25237.2, 14.917,107.363,0.592073,  0.1,179.664,8.34e-01, 17.4, 1.9,358
1511, 66602,04112014,25102021 135845,1065, 25301.9, 63.160, 66.461,0.723819,359.9,266.222,1.61e-01, 14.7, -  ,303
1512, 66603,04042016,25102021 174015, 596, 25275.2, 62.927,184.995,0.697921,  0.1,278.594,4.85e-02, 17.2, 3.9,648
1513, 66604,19072017,25102021 161451, 669, 25324.0,  4.900, 54.013,0.723588,359.2,323.723,1.16e-01, 17.2,39.8, - 
1514, 66605,11072018,25102021 235234, 886, 24897.5, 31.736,315.809,0.722837,359.8,221.608,4.19e+00, 14.3, -  , - 
1515, 66606,22062019,26102021 012118, 654, 25247.6, 11.210,150.359,0.494197,  0.5, 97.403,6.00e+00, 16.4, -  , - 
1516, 66607,24042020,25102021 230435, 404, 25348.4,  3.895,296.623,0.721912,359.2,330.012,4.94e-02, 18.4, 4.6, 24
1517, 66609,20032021,25102021 203650, 163, 25320.4,  6.991,179.072,0.659069,  1.0,290.493,1.81e+00, 17.2, 6.0, - 
1518, 66700,01022014,26102021 011216, 235, 25323.5, 15.224, 79.199,0.645240,359.9,328.181,3.14e+00, 16.0,42.9, - 
1519, 66704,02062019,25102021 183510, 867, 25266.0, 11.791,105.306,0.549908,  0.2,163.387,8.69e+00, 13.8, -  , - 
1520, 66705,01072019,25102021 175546,   3, 25305.0, 11.513,155.895,0.456892,  0.5, 96.486,3.29e-01, 17.2, 0.1, 18
1521, 66706,09082019,25102021 233634, 786, 25308.3, 12.532,196.769,0.473093,  0.5, 57.960,2.41e+00, 17.4, -  , - 
1522, 66800,24122014,25102021 170714,   1, 25255.0, 26.329,248.416,0.733811,  0.1, 56.669,5.26e-03, 16.0, 0.1,  1
1523, 66802,26092018,26102021 044801,   6, 25334.1, 18.847,166.293,0.699708,  0.4,206.940,3.56e-02, 17.7, 0.1,  5
1524, 66803,14062019,26102021 035902, 101, 25314.6, 11.149,163.002,0.496311,  0.6, 97.757,1.02e-01, 15.4, 5.6,236
1525, 66804,26082019,25102021 215823, 755, 25316.5, 13.320,118.635,0.520481,  0.2,149.233,1.81e+00, 17.5, 6.3, - 
1526, 66900,11122009,26102021 014740, 294, 25407.7,  5.958,324.237,0.720620,359.1,358.631,7.70e-02, 15.6, 4.4,720
1527, 66901,22122016,25102021 235131,1357, 25417.4, 11.022,343.085,0.371927,359.4,275.878,2.73e+01, 17.8, -  , - 
1528, 66903,13082018,25102021 232845,1155, 25377.2, 61.332,315.734,0.599547,359.9,277.845,4.65e+01, 17.8, -  , - 
1529, 66904,31052019,26102021 004241, 429, 25308.9, 11.981,116.023,0.541927,  0.3,157.518,2.21e+00, 17.0,90.9, - 
1530, 66905,23082019,26102021 041045, 706, 25353.1, 11.659,182.933,0.478579,  0.6, 68.086,1.30e+00, 17.7,93.2, - 
1531, 66906,30012020,26102021 084852, 614, 25426.3,  5.850,122.733,0.704901,  0.6, 15.730,3.90e-01, 17.6,12.0,962
1532, 66907,12072009,25102021 232054,  27, 25368.2, 25.230, 63.242,0.721948,359.9,276.008,9.55e-02, 13.4, 0.4, 81
1533, 67000,29082016,25102021 230834, 314, 25546.6, 18.967,246.287,0.691149,  0.1,328.155,3.10e+00, 16.2,71.1, - 
1534, 67001,05022019,26102021 011004, 439, 25383.0,  5.351,149.297,0.692922,  1.1, 67.927,4.56e-02, 18.0, 1.1,189
1535, 67002,04082019,25102021 183007,   1, 24863.0, 25.090, 27.187,0.673760,359.7,200.774,3.15e+01, 16.2, 0.3, 53
1536, 67003,05102019,26102021 082435, 345, 25369.4, 11.581,174.317,0.486033,  0.6, 86.174,1.60e-01, 16.0, 6.1, - 
1537, 67100,06082008,25102021 201555,  29, 25436.7,  3.578,101.629,0.728550,  0.4,324.632,1.13e-02, 17.2, 0.1, 16
1538, 67101,24042009,26102021 103043,   1, 25404.4, 11.019, 30.550,0.719762,359.5, 80.967,2.20e-01, 13.3, 0.1,  8
1539, 67102,30092012,25102021 175613,  65, 25250.7, 18.590,223.192,0.729645,  0.3,306.593,4.17e-02, 18.3, 2.2, 63
1540, 67103,19012018,25102021 232006,1326, 25417.8,  5.049,343.689,0.638710,358.7,319.531,1.01e+00, 18.2,19.6, - 
1541, 67104,29072019,25102021 232201, 753, 25406.2, 12.249,138.593,0.464833,  0.4,119.303,7.52e+00, 17.2, -  , - 
1542, 67105,28092019,26102021 082313, 366, 25451.6, 11.445,140.299,0.484549,  0.5,105.668,3.99e+00, 17.4, -  , - 
1543, 67106,26012020,26102021 020025, 638, 25364.3, 10.534,168.619,0.519282,  0.6, 90.104,4.49e+00, 14.1, -  , - 
1544, 67107,22062021,25102021 203900,  88, 25345.1, 23.640,326.653,0.626986,359.8,251.904,2.30e+00, 16.0, 5.2, - 
1545, 67200,28062009,25102021 142008, 543, 25470.8,  6.405,122.459,0.708486,  0.6,313.935,1.63e-01, 13.2,12.4, - 
1546, 67201,23122009,26102021 024942, 724, 25469.3,  7.538,342.972,0.684669,359.1, 30.560,1.90e-01, 16.2,24.8, - 
1547, 67203,25022018,26102021 025852, 173, 25468.4,  6.446,319.825,0.698399,359.2,101.562,9.81e-01, 18.0, 7.2, - 
1548, 67204,05062019,25102021 234247, 700, 25448.8, 12.761,121.213,0.520649,  0.3,153.979,2.65e+00, 16.2, -  , - 
1549, 67205,07062019,26102021 001823, 835, 24687.2, 30.311,357.862,0.687188,359.8,220.290,2.90e+01, 16.4, -  , - 
1550, 67206,25062019,26102021 063308,  14, 25437.1, 12.622,131.674,0.500477,  0.4,128.495,6.84e-01, 17.3, 0.6,134
1551, 67207,23082019,26102021 023003, 401, 25422.1, 11.660,142.330,0.497957,  0.5,115.229,3.83e+00, 16.6, -  , - 
1552, 67208,15042021,26102021 010720,   3, 25472.9,  6.519,122.050,0.708339,  0.6,314.536,1.95e-01, 13.2, 0.1,  8
1553, 67209,12062021,25102021 205800,  83, 25513.9, 16.585, 73.986,0.724390,359.9,  9.426,8.61e-02, 16.5, 0.6, 11
1554, 67300,12092012,25102021 144858,   2, 25561.6, 18.804,271.356,0.668983,360.0,279.862,2.75e+00, 15.9, 0.6,137
1555, 67301,17102017,25102021 144224,1349, 25502.0,  0.226,247.425,0.683127,  7.9,  1.696,1.88e+00, 18.2, -  , - 
1556, 67302,16122018,26102021 005938,   4, 25473.4, 62.524,188.431,0.697369,  0.1,277.276,7.11e-02, 16.7, 0.1,  2
1557, 67303,03022019,26102021 003344,  14, 25447.0, 62.746, 85.770,0.713443,360.0,256.956,2.44e-02, 17.5, 0.1,  6
1558, 67304,28072019,26102021 020425, 410, 25733.6, 11.982,199.029,0.475231,  0.5, 47.909,4.01e+00, 17.9, -  , - 
1559, 67306,28062019,26102021 055828,  78, 25402.7, 26.999, 81.363,0.730555,360.0, 92.490,4.30e-02, 17.9, 3.3, 17
1560, 67400,20032010,25102021 225756, 398, 25499.8,  8.296, 72.140,0.652732,359.7,150.889,1.99e-01, 15.3, 2.9,617
1561, 67401,20072013,25102021 190356,1649, 25381.6, 63.181,220.341,0.702597,  0.1,272.012,2.06e-01, 17.1,61.0, - 
1562, 67402,13072018,25102021 183104,1154, 25448.2, 70.038,320.436,0.436661,359.9,215.760,3.68e+01, 16.9, -  , - 
1563, 67403,08112018,26102021 020622,  40, 25483.2, 64.336,129.292,0.006858,  0.1,142.162,3.92e-01, 17.5, 0.2, 30
1564, 67405,14102019,26102021 072154, 723, 25442.3,  8.813,162.520,0.568022,  0.7, 91.638,1.45e+01, 17.1, -  , - 
1565, 67406,21022020,26102021 003900, 579, 25231.2, 20.845, 45.836,0.609891,359.8,179.522,3.30e+01, 16.2, -  , - 
1566, 67407,30072020,26102021 074216, 213, 25486.3, 12.091,129.842,0.524325,  0.4,141.858,1.63e-01, 14.6, 1.2,267
1567, 67408,31072020,26102021 044739,   2, 25489.6, 65.989, 11.523,0.002490,359.9,190.098,3.10e-01, 16.8, 0.1,  2
1568, 67409,01112020,25102021 234540, 298, 25405.1, 27.445, 23.991,0.734901,359.8,181.235,5.66e-02, 15.5, 1.9,281
1569, 67500,22122009,25102021 161401,  56, 25524.4,  9.698,125.549,0.719538,  0.4,275.215,7.88e-02, 15.4, 0.4, 90
1570, 67501,21122009,25102021 233607,  74, 25584.8,  6.607,104.145,0.712432,  0.3,351.475,1.35e-01, 15.0, 0.8,179
1571, 67503,14092012,26102021 014221,   3, 25517.9, 20.966,349.685,0.642097,359.7,123.250,6.03e-02, 16.0, 0.1,  7
1572, 67504,23012014,26102021 000354,   3, 25489.0,  4.372,329.876,0.727420,358.7,262.791,1.43e-01, 16.4, 0.1, 14
1573, 67505,27022018,26102021 011012,   4, 25509.3, 65.429,  5.610,0.008568,359.9,266.126,4.46e-01, 16.6, 0.1,  3
1574, 67506,22062018,26102021 022015,   8, 25510.3, 63.515,118.956,0.001764,  0.1, 17.025,3.85e-01, 16.5, 0.3, 65
1575, 67507,19072019,25102021 224719, 748, 25501.0, 11.659,186.677,0.477347,  0.6, 73.650,4.34e+00, 17.6, -  , - 
1576, 67508,13072019,25102021 230835,   4, 25497.6, 64.710,250.698,0.006052,  0.0,209.767,9.87e-02, 13.6, 0.1, 16
1577, 67509,26072019,26102021 045033,   1, 25493.3, 11.263,162.814,0.486510,  0.6, 95.958,7.34e-02, 17.1, 0.1,  4
1578, 67510,24082019,26102021 081555,  36, 25634.9, 12.007,197.675,0.434652,  0.5, 48.986,7.11e+00, 16.3,29.2, - 
1579, 67511,02112019,25102021 181122, 723, 25469.0, 16.211,111.739,0.522325,  0.2,136.826,3.69e+00, 17.3,76.0, - 
1580, 67513,01082020,26102021 021915,   3, 25497.7, 64.309,128.610,0.006569,  0.1,119.607,4.55e-01, 17.0, 0.1,  3
1581, 67600,23122009,25102021 191717, 463, 25564.3,  6.360,122.600,0.642132,  0.6, 56.273,1.97e-01, 16.5,10.3, - 
1582, 67601,24122009,26102021 023135,  27, 25581.8,  6.918,119.802,0.687152,  0.5,327.047,6.34e-02, 16.6, 0.3, 66
1583, 67602,07102016,26102021 000443,1380, 25500.8,  7.099, 71.425,0.681462,359.7,214.879,3.15e-01, 16.9,27.5, - 
1584, 67603,30012017,25102021 221652,  51, 25565.1, 64.633, 79.779,0.660707,360.0,347.219,2.12e+00, 16.9, 0.9,178
1585, 67604,23052018,26102021 081545,1178, 25582.6,  6.286,304.922,0.702717,359.4,120.448,8.80e-01, 18.3,90.6, - 
1586, 67605,25062019,26102021 010349, 723, 25526.2, 12.504,120.718,0.567181,  0.3,148.488,1.00e-02, 17.0, -  , - 
1587, 67606,27072019,26102021 051416, 445, 25537.8, 11.313,165.832,0.481777,  0.6, 90.540,1.05e-01, 17.8, 1.6,359
1588, 67607,30072019,25102021 201500, 602, 25549.3, 11.014,196.728,0.324553,  0.6, 36.422,1.99e+00, 15.5, -  , - 
1589, 67608,01012020,25102021 214236, 663, 25531.4, 11.559,173.986,0.493536,  0.6, 85.673,1.42e-01, 16.5, 0.6,102
1590, 67609,06082020,26102021 000956, 445, 25533.6, 64.138,130.124,0.016049,  0.1,108.360,1.28e+00, 18.1, -  , - 
1591, 67610,25102020,26102021 062223, 298, 25527.6, 11.534,173.753,0.493452,  0.6, 86.199,2.22e-01, 14.3, 2.0,449
1592, 67702,23042018,26102021 033905,1163, 25628.5,  4.288, 69.712,0.720148,359.4, 24.794,3.34e-01, 17.4, -  , - 
1593, 67703,26102019,25102021 235214, 727, 25567.1, 11.243,174.007,0.472729,  0.6, 78.768,2.64e-01, 18.3,26.4, - 
1594, 67704,14092020,26102021 053718,   1, 25536.6, 12.856,197.003,0.289009,  0.5, 41.130,4.66e+00, 14.8, 0.6,142
1595, 67801,10042018,26102021 014816,   8, 25568.2, 71.713,124.396,0.562604,  0.1, 94.102,1.68e+00, 16.3, 0.2, 26
1596, 67802,25072019,25102021 224338,  93, 25602.5, 11.913,142.239,0.481955,  0.5,116.917,1.55e-01, 15.2, 1.0,233
1597, 67804,27082019,26102021 012115, 743, 25579.2, 11.072,133.654,0.556337,  0.4,146.638,1.32e+00, 17.9, -  , - 
1598, 67805,25082019,26102021 080338, 421, 25696.5, 12.861,215.599,0.410808,  0.4, 29.661,9.07e+00, 17.8, -  , - 
1599, 67900,21062013,25102021 234820,   2, 25638.0, 18.440,333.212,0.623698,359.7, 34.581,8.38e-03, 10.7, 0.1,  1
1600, 67901,12082013,25102021 225809,2988, 25468.3, 62.786,138.994,0.702978,  0.1,276.167,1.70e-01, 13.6,24.8, - 
1601, 67902,18082017,25102021 132123,   2, 25621.9, 63.228,359.447,0.726653,359.9,265.078,2.90e-01, 16.1, 0.1,  2
1602, 67904,01102018,26102021 022624,   6, 25647.0, 63.925,333.957,0.686275,359.9, 17.804,1.15e+00, 15.7, 0.1, 13
1603, 67905,24112019,26102021 075912, 255, 25571.2,  9.448,181.920,0.441067,  0.7, 68.503,5.99e+00, 16.8, -  , - 
1604, 67906,20092020,26102021 033347, 342, 25604.6, 64.537,245.811,0.287535,  0.1, 51.118,7.48e+00, 13.0,99.6, - 
1605, 68000,09112008,25102021 203903,  70, 25683.2,  3.911,122.879,0.722840,  1.0,311.300,1.29e-01, 14.8, 0.9,161
1606, 68002,17102020,26102021 042010, 367, 25614.8, 11.621,196.468,0.478376,  0.6, 55.663,3.95e+00, 17.9,20.0, - 
1607, 68102,09082016,25102021 222110, 627, 25738.6,  4.037, 94.065,0.715236,  0.1,334.254,6.52e-01, 16.5,63.7, - 
1608, 68103,11102016,26102021 041326,1821, 25664.5, 14.109,231.400,0.667200,  0.3, 64.072,2.42e+00, 18.3, -  , - 
1609, 68104,25112019,26102021 014422, 680, 25579.1, 10.917,157.126,0.514615,  0.6, 83.641,5.83e+00, 18.4,94.5, - 
1610, 68105,19052020,26102021 043705, 515, 25646.3, 24.318,245.252,0.736237,  0.1, 20.629,8.50e-02, 15.0, -  ,425
1611, 68106,27082021,25102021 202206,   5, 25626.0, 24.879,333.579,0.660473,359.7,243.993,1.78e+00, 17.4, 0.1, 13
1612, 68200,21082011,26102021 002413,   0, 25520.9, 27.440, 24.279,0.735930,359.8,180.714,9.05e-03, 12.7, 0.1,  1
1613, 68202,17012013,25102021 232030,1731, 25859.8, 18.753,271.065,0.702148,360.0,280.245,4.53e+00, 16.0, -  , - 
1614, 68203,03082017,26102021 044153,1466, 25681.4,  7.716, 71.381,0.712010,359.7,213.634,4.92e-01, 17.6, -  , - 
1615, 68204,06082017,26102021 045031,1529, 25686.0,  2.133, 97.096,0.687131,  0.4,101.848,8.41e-01, 18.1, -  , - 
1616, 68205,12122017,25102021 232857,   1, 25573.6, 62.586,185.859,0.691945,  0.1,275.418,1.21e-01, 15.8, 0.1,  3
1617, 68206,14062018,26102021 003338,1043, 24944.1, 75.417,351.711,0.158024,359.9,181.959,1.38e+01, 12.4, -  , - 
1618, 68207,21122018,25102021 192722,   1, 25680.7, 64.660,251.356,0.006180,  0.0, 53.943,1.20e-01, 14.6, 0.1,  6
1619, 68208,17112019,26102021 002921, 293, 25696.3, 71.313,334.311,0.539178,359.9,286.907,2.94e-01, 15.2, 4.4, - 
1620, 68300,03112011,26102021 024548,   1, 24989.0, 63.175,312.451,0.732332,359.9,274.451,8.57e-03, 13.7, 0.1,  1
1621, 68301,27082016,26102021 032030,1716, 25424.3, 87.341, 59.439,0.555913,359.9,115.621,3.85e+01, 16.9, -  , - 
1622, 68302,22022018,25102021 164046,1257, 24974.5, 62.934,192.183,0.697879,  0.1,278.145,4.90e-02, 17.5, 4.6, - 
1623, 68303,03062019,25102021 175200, 398, 25714.2, 13.198,121.832,0.572326,  0.3,150.360,4.04e+00, 16.4, -  , - 
1624, 68304,01122019,25102021 223003, 595, 25714.1, 11.236,173.918,0.437675,  0.6, 66.324,2.75e-01, 17.8, 1.1,182
1625, 68305,08102020,25102021 194112, 328, 25688.7, 12.013,189.808,0.443336,  0.6, 43.374,4.18e+00, 15.9,34.3, - 
1626, 68500,21081996,25102021 234136,   1, 25735.5, 63.179,244.520,0.709177,  0.1,271.754,1.27e-01, 13.0, 0.1,  3
1627, 68501,06082013,25102021 190639,   1, 25764.0, 18.026,112.442,0.616666,  0.1,145.103,1.24e-02,  9.8, 0.1,  1
1628, 68502,27042017,25102021 210534, 541, 25753.4,  4.883,310.091,0.712787,359.1,269.870,6.38e-01, 17.6,32.5, - 
1629, 68503,18062019,25102021 231117,   1, 25754.6, 11.173,185.269,0.449215,  0.6, 57.083,1.24e+00, 16.4, 0.1, 31
1630, 68504,28082019,26102021 030530, 245, 25746.0, 13.993,113.866,0.476308,  0.2,173.928,4.39e-01, 16.0,35.5, - 
1631, 68506,10112020,26102021 024255, 283, 25686.5, 49.834, 85.044,0.647370,360.0,109.896,6.22e+01, 17.0, -  , - 
1632, 68600,11062012,26102021 025519,  82, 25790.8,  5.973,291.051,0.620003,359.6, 87.937,2.55e-01, 12.7, 2.2,476
1633, 68601,24012015,25102021 205803,2050, 25757.4, 63.093, 55.460,0.733820,359.9,274.413,1.80e-01, 13.8, -  , - 
1634, 68700,09022007,26102021 030032,   1, 25741.3, 27.297, 40.893,0.737098,359.8,161.144,5.35e-03, 14.1, 0.1,  1
1635, 68701,16012013,25102021 170053, 441, 25853.6, 19.609,264.502,0.675680,  0.0,292.452,4.02e-02, 18.1, 4.2,229
1636, 68702,24062016,26102021 021538,   1, 25799.2, 19.139,323.831,0.609598,359.7,114.040,1.02e-02, 10.5, 0.1,  1
1637, 68704,29082019,26102021 012505, 698, 25841.1, 11.926,147.614,0.500971,  0.5, 95.770,5.49e+00, 17.5, -  , - 
1638, 68705,10092019,25102021 230413, 753, 25802.6, 10.390,149.527,0.547006,  0.6,115.817,5.35e+00, 17.9, -  , - 
1639, 68706,24092019,26102021 054639, 313, 25808.2, 11.151,168.280,0.522229,  0.6, 94.705,1.75e+00, 17.1,37.6, - 
1640, 68707,25092019,26102021 084326, 345, 25818.9, 11.159,181.578,0.445993,  0.6, 59.847,1.68e-01, 18.9, 1.2,275
1641, 68708,18102020,26102021 021310, 351, 25812.9, 11.467,183.053,0.452121,  0.6, 65.537,1.27e+00, 17.9,72.9, - 
1642, 68709,10122020,26102021 040019,  25, 25796.1, 11.316,165.433,0.510029,  0.6, 95.231,1.27e-01, 15.5, 0.5,116
1643, 68710,18122020,25102021 230121, 221, 25814.8, 25.936, 58.723,0.626494,359.9,271.374,8.78e-01, 17.2, 6.6, - 
1644, 68800,25042009,25102021 223749,   5, 25853.3,  7.952, 31.403,0.713458,359.3,290.822,6.56e-02, 14.7, 0.1, 11
1645, 68801,11052008,25102021 232626, 243, 25859.7,  6.485,302.010,0.621751,359.5, 71.034,1.23e-01, 17.8, 5.9, - 
1646, 68802,26082016,25102021 212148, 326, 25861.5,  8.647,315.959,0.720473,359.4, 55.165,6.35e-02, 16.7, 3.0,531
1647, 68803,02102019,25102021 224119,  15, 25734.8, 11.337,185.261,0.485243,  0.6, 65.120,4.09e+00, 17.7, 7.8, - 
1648, 68804,03112018,26102021 003154,  26, 25813.7, 27.065, 81.615,0.733521,360.0, 81.016,1.20e-02, 18.5, 0.2, 13
1649, 68900,08082012,25102021 224834, 478, 25506.7, 26.962,263.491,0.713675,  0.0,301.276,2.22e+00, 18.1, -  , - 
1650, 68902,20012015,25102021 193227,   0, 25855.8, 17.873,237.385,0.607659,  0.2,282.148,8.79e-03, 10.8, 0.1,  1
1651, 68903,02092015,25102021 234402,   0, 25859.1, 18.482,281.178,0.609045,359.9,201.463,1.05e-02, 10.6, 0.1,  1
1652, 68904,03092015,25102021 201123,1396, 25880.4, 18.877,282.361,0.610640,359.9,197.012,1.10e-01, 17.8,47.7, - 
1653, 68906,17062018,25102021 184028, 462, 25770.9, 26.087,155.202,0.712132,  0.2,282.327,9.75e-01, 15.3,87.0, - 
1654, 68907,29092018,26102021 100236,   2, 25860.1, 19.173,324.879,0.727791,359.7,129.273,1.53e-01, 17.8, 0.1,  8
1655, 68908,05112018,26102021 041000, 939, 25852.4, 64.178,250.915,0.014229,  0.0, 83.489,1.95e+00, 18.3,36.1, - 
1656, 68909,25072019,26102021 031223,  19, 26281.1, 63.142, 55.263,0.735294,359.9, 46.835,1.53e-01, 18.7, 0.2, 27
1657, 68910,24022021,26102021 002614, 173, 25820.0, 56.945,109.196,0.269693,  0.0,136.228,5.25e+01, 15.9,61.7, - 
1658, 69000,12032000,25102021 233023,   1, 25943.2,  5.240,151.897,0.711312,  1.2, 73.394,2.37e-02, 16.5, 0.1,  1
1659, 69001,24032010,25102021 163455,  11, 25897.4,  8.173, 46.883,0.713855,359.4,253.818,1.63e-01, 14.9, 0.3, 51
1660, 69002,17102012,25102021 145008, 619, 25828.7, 62.530,267.474,0.720261,  0.0,274.441,2.01e-01, 16.9,12.4,780
1661, 69004,30102018,25102021 222201,   1, 25887.3, 69.185,343.229,0.516440,359.9,119.149,1.32e+00, 17.0, 0.1,  4
1662, 69005,01072019,26102021 012930, 765, 25858.4, 10.335,152.185,0.516516,  0.6, 90.887,9.38e+00, 17.4, -  , - 
1663, 69006,08092019,26102021 083344, 697, 25874.3, 14.747,138.478,0.499870,  0.4, 84.917,8.46e+00, 17.3, -  , - 
1664, 69007,23092019,25102021 161553,   3, 25830.8, 11.586,190.177,0.468599,  0.6, 49.623,4.60e-01, 16.4, 0.4, 96
1665, 69008,20102019,26102021 023957,  47, 25764.9, 11.431,208.700,0.440335,  0.5, 31.018,3.01e+00, 17.4,15.8, - 
1666, 69009,16052020,25102021 183410, 431, 25808.4,  7.826, 61.451,0.728870,359.6,216.165,1.04e+00, 18.2, -  , - 
1667, 69100,19122009,26102021 080547,  40, 25916.1,  7.688,310.965,0.720854,359.4, 87.448,4.88e-02, 17.6, 0.1, 17
1668, 69101,16052017,25102021 220805, 654, 25988.6,  8.269,198.833,0.716932,  0.8,306.364,7.11e-01, 16.5,72.3, - 
1669, 69102,01102018,26102021 004118, 345, 25193.8, 22.134,243.424,0.730331,  0.1, 71.488,1.77e-01, 16.3, -  , - 
1670, 69103,06062019,25102021 231919, 229, 25989.6, 11.035,183.340,0.429536,  0.6, 57.392,6.10e+00, 14.7, -  , - 
1671, 69104,26062019,26102021 055852, 367, 25910.9, 11.729,147.925,0.529022,  0.5,116.310,5.29e-01, 17.1,61.7, - 
1672, 69105,25092019,26102021 031129,  19, 25937.9, 11.174,173.056,0.461656,  0.6, 70.165,3.01e-01, 17.5, 0.3, 59
1673, 69106,23092019,25102021 235704, 277, 25877.6, 11.684,190.697,0.461005,  0.6, 52.381,6.52e+00, 16.1, -  , - 
1674, 69107,07022021,25102021 180508, 251, 25909.7, 65.915,126.233,0.084840,  0.1,252.848,7.96e+00, 17.2, 9.0, - 
1675, 69200,04052012,25102021 211050, 132, 25899.1,  2.916,174.696,0.720166,  2.3,175.429,2.11e-01, 12.9, 3.9,800
1676, 69202,16122009,26102021 072210,2128, 25953.1, 71.633,217.963,0.525275,  0.1, 74.959,1.97e+00, 14.5, -  , - 
1677, 69203,18082011,26102021 035311,1819, 25293.2, 25.061,358.991,0.704962,359.7,151.472,3.72e+00, 14.8, -  , - 
1678, 69205,23082019,26102021 041655, 315, 25823.0, 11.499,192.118,0.468710,  0.6, 51.707,1.74e+00, 16.1,90.3, - 
1679, 69206,29082019,26102021 051523, 346, 26026.3, 11.955,150.027,0.489095,  0.5, 95.662,6.57e+00, 17.4, -  , - 
1680, 69207,10122018,26102021 022328, 292, 26056.6, 64.724, 11.769,0.707933,359.9, 21.532,1.27e+00, 17.0,74.1, - 
1681, 69208,04092021,25102021 184202,  11, 25931.8, 21.435,254.004,0.505721,  0.1,330.761,4.72e-02, 17.3, 0.1,  3
1682, 69300,25102012,26102021 032908,   1, 25986.0, 18.445,  4.669,0.725210,359.6, 71.618,2.11e-01, 16.4, 0.1, 10
1683, 69302,27072019,26102021 044942,  50, 25953.0, 10.775,164.911,0.439890,  0.6, 79.279,8.83e-01, 15.9, 4.1,917
1684, 69303,24082019,25102021 193802, 366, 25945.9, 10.194,115.618,0.583917,  0.3,166.286,5.27e+00, 18.0,29.2, - 
1685, 69304,27082019,25102021 230556, 584, 25961.7, 11.202,164.726,0.498883,  0.6, 89.193,6.39e-02, 16.8, 1.9,389
1686, 69401,20112012,26102021 014300, 291, 26067.6, 19.508,348.739,0.728145,359.6, 13.357,1.01e-01, 17.0,11.5, - 
1687, 69402,17102015,25102021 142449, 464, 25983.6, 63.181,157.000,0.695808,  0.1,258.165,1.60e-01, 16.8,10.8, - 
1688, 69403,31052019,25102021 234059,   3, 25986.8, 11.830,148.010,0.490752,  0.5,103.209,1.07e-01, 12.8, 0.1, 19
1689, 69404,01062019,25102021 232332,   3, 25970.7, 11.190,159.503,0.498026,  0.6, 94.727,7.34e-02, 16.4, 0.1,  5
1690, 69405,05072019,26102021 055916, 254, 26048.6, 11.269,158.876,0.490851,  0.6, 91.617,2.62e+00, 14.4,76.1, - 
1691, 69406,03072019,25102021 184110, 779, 25968.6,  9.689,187.700,0.440468,  0.7, 42.542,7.49e+00, 17.5, -  , - 
1692, 69407,30072019,26102021 044001, 237, 25988.7, 10.043,160.147,0.454900,  0.6, 87.549,3.21e+00, 15.5, -  , - 
1693, 69408,30072019,26102021 004419, 811, 25964.2, 31.597, 24.251,0.395222,359.8,189.357,3.15e+01, 17.9, -  , - 
1694, 69410,17112019,26102021 051714, 374, 25989.4, 11.093,202.907,0.340632,  0.6, 17.632,6.45e+00, 17.4, -  , - 
1695, 69411,19112019,26102021 085903, 349, 25977.1, 11.336,157.689,0.509239,  0.6, 99.313,2.44e-02, 16.2, 3.1,556
1696, 69412,27112019,26102021 012149, 326, 25939.8, 11.589,165.595,0.453999,  0.6, 77.876,6.54e-01, 17.0,61.9, - 
1697, 69413,17022020,25102021 213234, 371, 25493.2, 62.819, 53.508,0.739206,359.9, 42.001,4.87e-01, 17.0,35.3, - 
1698, 69414,19112020,26102021 020408,   3, 25948.9, 10.180,208.381,0.281550,  0.6, 25.898,8.43e+00, 16.5, 1.1,258
1699, 69500,16032007,25102021 193026,   1, 26031.1,  7.495, 36.701,0.616992,359.3,239.043,1.18e-01, 15.4, 0.1,  5
1700, 69501,05072011,25102021 145224,   1, 26058.8,  5.297,192.938,0.709860,  1.3,352.904,4.17e-02, 14.3, 0.1,  4
1701, 69503,18082020,25102021 221403, 426, 26026.7, 12.014,116.707,0.549231,  0.3,165.966,4.87e+00, 15.8,28.7, - 
1702, 69504,02082021,26102021 003051,  49, 26016.2,  5.325,270.067,0.701908,  0.0,202.655,8.52e-01, 17.9, 1.0,208
1703, 69600,27082013,25102021 211039,   0, 26026.6, 62.622, 61.127,0.719115,359.9,259.476,1.16e-02, 11.8, 0.1,  1
1704, 69601,24072016,26102021 005532,   1, 23918.7, 62.795,205.756,0.692431,  0.1,281.874,3.83e-02, 16.9, 0.1,  1
1705, 69602,27082016,25102021 215441, 354, 26091.2,  1.908,326.229,0.694302,357.1,344.097,6.92e-01, 16.9,10.0, - 
1706, 69603,22082017,25102021 204256,1515, 26021.9, 26.283, 89.756,0.582452,360.0,223.628,1.13e-01, 17.7, 9.2,588
1707, 69604,12082019,26102021 055457,   2, 26057.0, 11.533,160.409,0.501557,  0.6, 87.006,2.88e+00, 14.6, 0.9,210
1708, 69605,26082019,25102021 234749, 788, 26046.4, 11.369,199.826,0.453371,  0.6, 32.200,5.77e+00, 18.1,21.0, - 
1709, 69606,16112019,26102021 060405, 373, 26017.4, 11.819,147.199,0.509403,  0.5,107.996,1.91e-01, 16.5, 7.4, - 
1710, 69700,19122009,25102021 151006,1196, 26122.9, 62.789,133.131,0.688511,  0.1,256.427,5.09e-03, 18.1, -  , - 
1711, 69701,22042013,25102021 213629,   2, 26108.2,  3.362,272.377,0.724296,359.9, 27.072,1.38e-01, 14.9, 0.1,  8
1712, 69703,30032017,25102021 230826, 644, 26048.0, 67.671,194.308,0.621755,  0.1,311.812,5.61e+00, 15.5,29.1, - 
1713, 69704,22082017,26102021 062829,1499, 26103.4, 25.409,113.808,0.562700,  0.1,179.528,2.75e+00, 18.3, -  , - 
1714, 69705,05102018,26102021 014808, 926, 26036.0, 54.220,212.826,0.147271,  0.1,180.108,4.35e+01, 16.8, -  , - 
1715, 69706,05112018,25102021 222316, 365, 26055.3, 64.068,253.153,0.006997,  0.0, 91.675,1.21e+00, 15.6,53.1, - 
1716, 69707,18012019,26102021 004809, 166, 26063.4, 63.568, 51.179,0.728930,359.9,269.480,9.17e-02, 17.3, 2.0,246
1717, 69708,19062019,26102021 063933, 292, 26148.5, 11.819,152.804,0.497393,  0.5, 94.264,3.64e+00, 13.3, -  , - 
1718, 69709,27062019,26102021 074935,  18, 25949.3, 11.466,185.132,0.436096,  0.6, 49.216,1.03e+00, 15.5, 1.4,320
1719, 69710,25072019,26102021 075644,  47, 26058.9, 10.166,191.793,0.466222,  0.7, 50.479,4.61e+00, 14.7,13.8, - 
1720, 69711,31072019,26102021 022451, 373, 26043.7, 13.247,140.899,0.483026,  0.4,102.043,6.25e+00, 17.6, -  , - 
1721, 69712,05122020,25102021 194217, 294, 26140.9, 64.088,227.446,0.732571,  0.1,  7.904,2.40e-01, 17.7,20.3,291
1722, 69800,22082012,25102021 181434,   1, 26081.9, 63.305,154.847,0.706681,  0.1,267.677,1.03e-02, 13.4, 0.1,  1
1723, 69801,21112012,26102021 031615,   1, 25890.2, 18.855,  5.823,0.722275,359.6, 63.247,1.28e-01, 16.6, 0.1,  5
1724, 69802,23022017,26102021 040613,   1, 26090.0,  6.050,225.253,0.700089,  0.8,276.896,6.28e-01, 17.5, 0.1,  7
1725, 69803,11092017,25102021 191146,  69, 26140.7,  4.715,322.020,0.724883,358.9,  0.849,7.18e-01, 16.8,15.0,861
1726, 69804,24032010,25102021 171136,  38, 26150.8, 65.187, 59.484,0.697027,359.9, 25.813,6.25e-01, 15.0, 0.9, 77
1727, 69805,21082018,25102021 173150, 427, 26114.1, 69.336, 62.426,0.619637,359.9,345.988,5.25e-01, 15.5,19.9, - 
1728, 69806,03072019,25102021 161536, 375, 26090.8, 10.077,179.057,0.440386,  0.7, 54.816,2.49e+00, 17.6,77.0, - 
1729, 69807,06042019,26102021 061340, 400, 25998.4,  8.276,150.909,0.519634,  0.7, 91.422,6.97e+00, 16.8, -  , - 
1730, 69808,28082019,26102021 045448,   2, 26094.1, 11.169,184.333,0.440701,  0.6, 50.973,1.90e-01, 18.0, 0.1, 12
1731, 69900,23072009,25102021 234411,   3, 26134.9, 68.621,221.267,0.694385,  0.1,303.449,1.34e+00, 15.5, 0.5,104
1732, 69901,14022013,25102021 190600, 490, 26196.4,  1.875,136.730,0.694992,  2.8, 23.191,7.74e-01, 16.7,18.4, - 
1733, 69902,16122017,25102021 154053,   1, 25659.3, 62.480,221.760,0.707424,  0.1,280.481,8.43e-03, 14.5, 0.1,  1
1734, 69903,14082018,25102021 135213,1079, 26115.9,  6.559,235.816,0.719057,  0.6,262.815,1.04e+00, 18.6, -  , - 
1735, 69904,06092018,25102021 233252,   1, 26123.1, 21.314,250.655,0.553710,  0.1,346.542,5.27e-02, 17.1, 0.1,  3
1736, 69905,05092018,26102021 012834,1073, 25871.3, 52.823,105.206,0.716170,  0.0,111.616,7.43e+01, 16.9, -  , - 
1737, 69906,29102019,25102021 215725, 680, 26169.6, 14.981,144.395,0.613583,  0.4,158.467,1.05e+01, 14.0, -  , - 
1738, 70000,13102012,25102021 202209,  79, 26174.5, 19.472, 54.267,0.720698,359.8,317.106,1.42e-01, 16.8, 1.5,328
1739, 70001,19072013,26102021 080517, 175, 26284.1,  5.048,265.076,0.605209,  0.1,119.823,3.18e+00, 16.2,23.2, - 
1740, 70002,25012016,25102021 203458,   1, 26093.5, 60.641,218.106,0.722837,  0.1,246.952,1.90e+00, 14.1, 0.2, 41
1741, 70004,14062019,26102021 100051, 207, 26222.7, 10.910,191.589,0.471989,  0.6, 47.146,4.52e+00, 14.9,55.5, - 
1742, 70005,20012020,25102021 235033,  13, 26128.0, 60.251,139.077,0.705418,  0.1,270.568,4.91e-01, 16.0, 0.1, 30
1743, 70100,24092009,26102021 023348,  95, 26260.0,  4.234, 69.324,0.718738,359.4, 19.478,2.67e-01, 15.0, 1.5,308
1744, 70101,01082016,25102021 190403, 956, 21943.4, 62.760,168.395,0.672957,  0.1,284.097,7.48e-02, 16.8, 3.7,836
1745, 70103,17102017,26102021 013726, 496, 26162.7,  4.324,  8.718,0.700816,358.4,261.746,6.45e-01, 17.7,21.1, - 
1746, 70104,15052018,25102021 171936, 503, 26179.5, 70.453, 33.998,0.548046,359.9,327.298,1.98e-01, 17.1, 2.1,399
1747, 70105,20102018,26102021 003144,   2, 26169.7, 70.281,185.587,0.545461,  0.1,248.318,3.50e-01, 16.6, 0.1, 11
1748, 70106,10032019,25102021 222110, 860, 26163.6, 18.007,236.028,0.623609,  0.2,284.007,6.78e-01, 17.9,58.9, - 
1749, 70107,27062019,26102021 065623,   9, 26169.8, 11.158,182.064,0.460272,  0.6, 57.233,6.97e-02, 16.5, 0.1, 35
1750, 70108,03072019,25102021 222539, 315, 26323.9, 13.556,144.205,0.473052,  0.4,141.467,4.05e+00, 16.1, -  , - 
1751, 70109,28082019,25102021 234853, 407, 26196.4, 64.032, 72.627,0.710637,360.0, 15.789,1.40e-01, 16.8,95.5, - 
1752, 70112,19102021,25102021 234659,   2, 26152.9, 63.901,252.997,0.023271,  0.0,294.836,2.63e+00, 16.2, 0.1, 19
1753, 70200,20012012,25102021 195317,   1, 26191.4, 63.466,340.770,0.733029,359.9,265.577,1.11e-02, 13.5, 0.1,  1
1754, 70201,10082013,25102021 234557,   1, 26185.1, 62.545,228.224,0.708081,  0.1,277.006,3.54e-02, 13.4, 0.1,  1
1755, 70203,15082012,25102021 171629,   1, 26180.8, 62.598,222.066,0.704911,  0.1,276.504,3.01e-02, 13.5, 0.1,  1
1756, 70205,06072016,25102021 153345, 305, 26052.3, 28.316,141.473,0.727856,  0.2,246.061,2.49e-01, 16.3,28.6, - 
1757, 70206,08062019,26102021 014407, 397, 26208.0, 10.683,199.773,0.454911,  0.6, 40.811,4.18e+00, 15.7, -  , - 
1758, 70207,25072019,25102021 215629, 357, 26195.6, 10.889,150.466,0.538481,  0.6,108.579,2.70e+00, 16.9,89.5, - 
1759, 70208,24082019,26102021 022414, 143, 26170.4, 10.686,150.034,0.521673,  0.6, 97.790,8.55e-01, 16.5,16.4, - 
1760, 70209,21112019,26102021 085105,  68, 26090.3, 11.550,190.883,0.578591,  0.6, 58.377,5.23e+00, 15.8,22.8, - 
1761, 70210,16092020,26102021 033720, 398, 26114.4,  7.267, 84.495,0.575058,359.9,202.509,1.77e+01, 17.9, -  , - 
1762, 70211,17062021,25102021 171518,  14, 26180.8, 62.599,222.061,0.704954,  0.1,276.503,3.07e-02, 17.0, 0.1,  1
1763, 70212,21102021,26102021 020152,   1, 26173.6, 11.929,144.243,0.517168,  0.5,108.120,8.25e-01, 16.2, 0.1,  5
1764, 70300,22052019,26102021 015314, 772, 26187.8, 12.479, 94.507,0.605234,  0.0,198.372,5.12e+00, 14.8, -  , - 
1765, 70301,28052019,25102021 221953, 322, 26153.7, 10.468,142.484,0.582186,  0.5,114.183,6.06e+00, 16.6,90.1, - 
1766, 70302,20062019,26102021 012143, 256, 26185.8, 10.554,160.726,0.556419,  0.6, 89.023,2.50e+00, 15.6,77.8, - 
1767, 70303,27102019,26102021 000343, 369, 26239.3, 66.824,111.690,0.651396,  0.0, 13.673,8.82e-01, 16.1,28.4, - 
1768, 70304,02112019,26102021 060154, 720, 26312.1, 11.706, 54.931,0.616511,359.7,288.127,5.33e+00, 16.3,68.4, - 
1769, 70305,06122020,25102021 181427, 270, 26221.3, 59.594,149.027,0.701514,  0.1,293.640,1.14e+00, 14.3,15.6, - 
1770, 70400,19122012,26102021 040202,   1, 26239.2, 62.555,240.003,0.710730,  0.1,275.703,1.00e-02, 14.3, 0.1,  1
1771, 70401,23122009,26102021 060819,   2, 26258.6, 11.484, 37.343,0.721996,359.5, 75.595,1.42e-01, 15.1, 0.1, 12
1772, 70404,05022017,25102021 215108,1013, 26253.6, 62.515,258.314,0.682085,  0.0,276.917,7.63e-02, 17.0,14.8,329
1773, 70406,10072018,26102021 033826,1138, 26240.7, 70.865,103.892,0.651422,  0.0, 58.419,1.78e-01, 16.2,12.0, - 
1774, 70407,01112018,25102021 230309,1058, 26230.3, 71.565,297.445,0.501291,359.9, 95.152,1.25e+01, 17.5, -  , - 
1775, 70408,14072015,25102021 192938,   1, 26211.0, 18.110,357.248,0.730039,359.6, 93.829,1.61e-01, 16.5, 0.1,  2
1776, 70409,26102019,26102021 030913,  25, 26178.6, 11.348,155.552,0.478720,  0.6, 83.924,2.44e-01, 13.6, 1.3,294
1777, 70410,21062021,26102021 084554,  42, 26159.5, 10.390,188.778,0.468245,  0.7, 50.525,3.06e+00, 16.4,23.2, - 
1778, 70411,08092021,26102021 054902,   4, 26237.7, 11.340,166.924,0.473738,  0.6, 73.754,2.96e-01, 13.3, 0.1, 10
1779, 70500,24032009,26102021 042544,   0, 26251.3,  2.064, 99.286,0.697557,  0.5, 90.811,2.12e-01, 12.0, 0.1,  6
1780, 70501,23072012,25102021 212512,  27, 26336.1,  4.273, 61.803,0.720699,359.2, 61.741,1.18e-01, 16.8, 0.1, 21
1781, 70502,04112013,25102021 234805,  50, 26250.4, 62.620,220.178,0.704829,  0.1,276.506,1.49e-02, 18.7, 0.1,  5
1782, 70503,21012017,26102021 102439, 454, 26283.4,  7.566,176.456,0.732784,  0.9,  9.749,4.40e-01, 17.6, -  , - 
1783, 70505,05122018,25102021 140240, 998, 25976.6, 25.786,307.434,0.740227,359.8,244.289,2.89e-01, 16.8,35.3, - 
1784, 70600,12092012,25102021 235424,   1, 26283.5, 19.371,329.100,0.669605,359.7,181.458,2.03e-02, 16.6, 0.1,  1
1785, 70601,19052013,25102021 231732,2293, 26291.6, 64.587,257.801,0.619470,  0.0,298.101,3.36e-01, 13.8,57.8, - 
1786, 70602,10082013,25102021 223337, 590, 26441.0, 64.210,310.754,0.655059,359.9,298.354,1.24e+00, 16.4,60.5, - 
1787, 70603,09022017,25102021 204614,1716, 26281.3, 61.268,240.138,0.613882,  0.1,288.940,4.15e+00, 13.4,44.9, - 
1788, 70604,29012018,26102021 071011,   1, 26330.0, 65.525, 53.971,0.696377,359.9, 21.718,1.87e-01, 16.5, 0.1,  7
1789, 70605,22082018,25102021 181018,1102, 26320.8, 69.265, 78.629,0.602475,360.0,346.652,1.12e+00, 17.2,78.6, - 
1790, 70606,30092018,26102021 020449, 385, 26267.3, 71.142,178.046,0.604259,  0.1,128.661,1.30e-02, 16.4, 1.1,214
1791, 70607,13022019,25102021 215103,   4, 26113.2, 24.971, 46.643,0.741625,359.8,174.241,7.46e-02, 15.2, 3.1, 18
1792, 70609,27032019,25102021 212150, 940, 26314.5, 22.751,268.818,0.717424,  0.0,303.492,1.07e-02, 18.6, 1.8, 45
1793, 70610,28072019,26102021 044234, 329, 26360.2, 11.074,152.375,0.521882,  0.6,100.674,4.10e+00, 15.6, -  , - 
1794, 70611,25082019,26102021 011258, 728, 26274.5, 12.391,158.920,0.423142,  0.5, 70.882,4.94e-01, 17.3,33.3, - 
1795, 70612,28092019,26102021 073157, 409, 26292.9, 10.107,159.491,0.508426,  0.6, 87.558,4.61e+00, 15.4, -  , - 
1796, 70700,03032012,26102021 044236, 861, 23644.5, 62.747,230.742,0.697524,  0.1,283.125,7.64e-02, 15.3, 2.8,675
1797, 70701,23062009,25102021 140612, 207, 26323.1,  4.551, 79.721,0.698739,359.7,219.348,9.65e-02, 16.3, 3.1,654
1798, 70702,25012013,26102021 063059,   1, 26324.3, 26.858,274.909,0.735193,360.0,130.996,1.96e-02, 14.9, 0.1,  2
1799, 70703,19032014,25102021 215851,1648, 26307.4, 63.310,174.515,0.693284,  0.1,263.757,1.60e-01, 15.8,40.7, - 
1800, 70705,13122014,26102021 041301,   1, 26568.4, 63.207,260.675,0.696538,  0.0,271.807,1.06e-02, 10.5, 0.1,  1
1801, 70707,30102015,26102021 062000,1200, 26343.6, 66.673,118.206,0.550401,  0.1,119.879,2.27e-01, 15.4,74.4, - 
1802, 70708,08102016,26102021 011232,   3, 26316.2, 71.625,209.542,0.559255,  0.1,222.639,1.27e-01, 15.2, 0.1,  5
1803, 70709,21062017,25102021 180456,1201, 26299.0, 65.272,  0.677,0.383854,359.9,346.180,1.34e+00, 16.4, -  , - 
1804, 70710,24092017,25102021 222134,   1, 26569.2, 63.461,342.947,0.720643,359.9,267.096,8.75e-03, 10.3, 0.1,  1
1805, 70711,09072018,25102021 144651,1136, 26344.4,  1.004,155.807,0.694396,  6.5,352.482,9.59e-01, 18.2,56.9, - 
1806, 70712,24112018,25102021 160340,   2, 26325.6, 21.447,261.728,0.543550,  0.0,327.660,2.49e-01, 16.2, 0.1, 14
1807, 70713,23082019,26102021 005608, 708, 26392.4, 12.884,204.520,0.519062,  0.5, 45.884,6.78e+00, 16.1, -  , - 
1808, 70716,13012021,26102021 063211,  23, 26314.7, 63.717,127.826,0.713975,  0.1, 43.638,8.70e-02, 16.6, 0.3, 58
1809, 70717,27052021,26102021 071424,  26, 26456.0, 63.627,109.497,0.731996,  0.0, 43.583,1.69e-01, 17.0, 0.2, 17
1810, 70800,11092012,25102021 200220, 264, 26322.8, 63.363,339.847,0.686809,359.9,246.396,1.29e-01, 14.6, 4.6,936
1811, 70801,02042016,25102021 202745,1604, 26352.9, 64.173,283.678,0.645630,360.0,300.737,4.27e-01, 14.8,17.7, - 
1812, 70802,09082016,26102021 042133,1512, 26345.1, 62.926,300.780,0.721040,359.9,270.689,1.03e-02, 17.0,77.4,149
1813, 70803,03042017,26102021 080131,1222, 26389.5, 63.698,194.852,0.688963,  0.1, 41.960,8.65e-01, 16.6,49.7, - 
1814, 70804,10022018,26102021 022848,   1, 22201.6, 62.621,229.267,0.685768,  0.1,285.522,1.05e-02, 15.9, 0.1,  1
1815, 70805,15062019,26102021 063942, 383, 26303.4, 11.642,158.179,0.560976,  0.6,101.049,5.79e+00, 14.9, -  , - 
1816, 70806,05062019,26102021 052150,  48, 26292.0,  9.082,149.568,0.523397,  0.7,111.557,5.64e+00, 16.8,20.3, - 
1817, 70807,21072019,26102021 022838, 136, 26296.9, 10.113,168.809,0.502855,  0.7, 83.381,2.91e+00, 16.0,14.7, - 
1818, 70808,10082019,26102021 045757,   9, 26433.8, 10.315,202.340,0.489717,  0.6, 46.249,4.63e+00, 15.7, 7.4, - 
1819, 70809,26082019,25102021 235014,   1, 26350.2, 71.525,177.079,0.521516,  0.1, 18.406,1.02e-02, 16.1, 0.1,  2
1820, 70810,16012020,26102021 013738, 223, 26133.5, 11.902,185.320,0.514201,  0.6, 40.110,8.42e+00, 15.7,58.7, - 
1821, 70811,13092020,25102021 233232,   2, 26357.1, 69.222,173.719,0.590885,  0.1, 28.045,3.69e-01, 15.0, 0.1, 19
1822, 70812,09092017,26102021 023740, 229, 26341.9, 70.856,137.045,0.548299,  0.1, 11.889,1.69e-01, 15.5,11.2, - 
1823, 70813,27062021,26102021 024230, 116, 26466.9,  2.716,247.771,0.526027,  0.9,178.958,7.73e+00, 17.7, -  , - 
1824, 70900,07062008,26102021 090613,  96, 26449.9, 64.273,125.535,0.698630,  0.1, 36.477,1.02e-02, 16.2,20.2, 87
1825, 70902,16052019,26102021 074127, 714, 26302.8, 10.126,156.396,0.539995,  0.6,108.206,7.03e+00, 14.8, -  , - 
1826, 70903,29072019,26102021 025000, 410, 26362.3, 11.592,168.786,0.449014,  0.6, 68.141,2.81e+00, 17.3, -  , - 
1827, 70904,02082019,25102021 213659, 727, 26338.2, 11.960,136.009,0.533411,  0.4,126.315,3.21e+00, 17.5, -  , - 
1828, 70905,02112019,26102021 010939, 721, 26345.0, 60.172,285.690,0.685237,360.0,252.990,2.65e-01, 18.1,60.9, - 
1829, 70906,09122019,26102021 081150, 478, 26343.7, 10.958,167.820,0.498343,  0.6, 75.715,5.32e-02, 16.9, 0.5, 50
1830, 70908,05082020,26102021 003513,  38, 26353.5, 64.497,118.187,0.702250,  0.1, 38.325,9.21e-02, 16.9, 0.3, 72
1831, 71000,28032011,25102021 222254,   1, 26370.1, 26.568,246.428,0.738041,  0.1,180.494,2.16e-02, 12.9, 0.1,  1
1832, 71001,18112012,25102021 184243, 258, 26380.4, 63.202,335.784,0.731653,359.9,266.258,1.71e-01, 15.8, 5.0,380
1833, 71002,14092012,26102021 012455,   1, 26371.1, 19.013,340.324,0.668250,359.7,168.356,8.35e-02, 15.4, 0.1,  2
1834, 71003,26062013,25102021 202610,  10, 26386.9, 63.278,188.832,0.688158,  0.1,264.491,9.90e-02, 16.8, 0.1,  8
1835, 71004,01122014,26102021 004304,   3, 26385.7, 70.693,176.236,0.496292,  0.1, 48.982,1.62e-01, 16.8, 0.1, 14
1836, 71006,07042021,25102021 224039, 134, 26376.6, 66.222,197.743,0.418061,  0.1,212.283,4.71e+00, 16.8, 3.1,695
1837, 71100,07052012,25102021 173908,  69, 26411.2, 63.634, 72.036,0.727302,360.0,264.446,1.58e-01, 14.3, 0.8,155
1838, 71101,15082013,25102021 203713,2986, 26428.9, 63.005,182.934,0.629917,  0.1,309.867,2.22e-01, 14.9,34.4, - 
1839, 71102,05042015,25102021 215550,   2, 26461.5, 64.362,284.093,0.691832,360.0, 13.751,1.53e-01, 17.3, 0.1, 12
1840, 71103,19032010,26102021 051119, 195, 26398.5,  3.260,191.668,0.715003,  2.0,165.175,3.94e-02, 17.7, 1.5,252
1841, 71104,19012017,26102021 030700, 541, 26424.0, 74.041, 35.385,0.591737,359.9,100.727,2.00e-01, 16.5, 9.2, - 
1842, 71106,16032019,25102021 180850, 894, 26568.9, 63.199,323.730,0.424977,359.9,250.295,6.32e+01, 17.2, -  , - 
1843, 71108,23072019,26102021 080536, 396, 26431.3, 12.366,136.463,0.591804,  0.4,123.407,3.48e+00, 15.7, -  , - 
1844, 71110,22082019,26102021 034917, 698, 26136.9, 13.161, 62.753,0.700600,359.8,175.849,1.35e+01, 15.6, -  , - 
1845, 71111,26082019,26102021 064625, 783, 26402.6, 10.981,172.597,0.527254,  0.6, 77.432,2.81e+00, 17.9,13.6, - 
1846, 71112,29082019,25102021 232431, 323, 26326.7, 11.753,192.669,0.443615,  0.6, 37.165,4.39e+00, 16.9,44.3, - 
1847, 71113,28102019,25102021 234941, 369, 26405.4, 11.189,202.254,0.464567,  0.6, 27.087,6.55e+00, 16.8,94.8, - 
1848, 71114,28112019,26102021 090035, 615, 26382.1, 11.370,160.996,0.509505,  0.6, 86.487,1.01e+00, 18.5,18.5, - 
1849, 71115,16012020,26102021 041916, 216, 26417.0,  9.215,210.708,0.695318,  0.6,150.138,1.84e-01, 16.9, 4.1,846
1850, 71116,10072020,26102021 000708, 369, 26393.2, 11.453,164.424,0.548466,  0.6, 93.760,6.16e+00, 15.0, -  , - 
1851, 71117,15122020,26102021 055223, 212, 26425.0, 67.305,203.864,0.597798,  0.1, 35.385,4.74e-01, 16.8, 3.8,866
1852, 71118,05052021,26102021 031439,  27, 18730.9, 62.184, 69.702,0.651597,360.0, 52.347,1.02e-01, 17.0, 0.2, 56
1853, 71119,12082020,26102021 051638,  61, 26552.9, 62.970, 92.873,0.735626,  0.0, 48.396,2.20e-01, 16.5, 1.9,299
1854, 71120,07092021,25102021 203139,   2, 26436.8, 67.411,180.980,0.627522,  0.1, 27.748,1.40e-01, 17.0, 0.1,  3
1855, 71200,19102015,25102021 233108, 124, 26429.2, 63.578, 67.661,0.715248,359.9,264.593,2.48e-01, 15.3, 0.7, 83
1856, 71201,20092015,26102021 070701, 194, 26461.6,  1.323,325.553,0.678937,356.0, 38.287,5.91e-01, 17.8, 5.4, - 
1857, 71203,19102017,26102021 081744, 946, 26448.0,  6.044,250.714,0.733427,  0.4, 82.203,5.12e-02, 18.6,25.3,153
1858, 71206,02082019,26102021 040454, 754, 26424.9, 10.197,186.160,0.490833,  0.7, 53.547,8.78e+00, 17.4,53.9, - 
1859, 71207,14082019,26102021 084944, 376, 26519.4, 11.264,185.700,0.525726,  0.6, 59.884,6.54e+00, 16.5, -  , - 
1860, 71208,16102019,26102021 082304, 338, 26495.4, 11.841,189.539,0.557294,  0.6, 66.494,6.73e+00, 15.9, -  , - 
1861, 71213,22092020,26102021 102359,  75, 26516.1, 63.103, 47.449,0.746162,359.9, 48.250,5.01e-02, 16.0, -  ,129
1862, 71300,20032015,26102021 074658, 210, 26552.5, 65.057, 98.898,0.706209,  0.0, 38.495,1.41e+00, 15.0,31.9, - 
1863, 71302,15012018,25102021 230129,   2, 26446.9, 68.202, 34.541,0.572359,359.9,159.868,1.61e+00, 15.1, 0.1,  4
1864, 71304,14052019,25102021 213633,   9, 26456.5, 11.183,181.919,0.439583,  0.6, 47.287,7.61e-02, 17.6, 0.1, 23
1865, 71305,03072019,26102021 080935,  22, 26447.1, 11.193,181.196,0.442618,  0.6, 48.907,1.32e-01, 17.7, 0.2, 39
1866, 71306,20102019,25102021 224640,   2, 26388.6, 57.654,308.758,0.730824,359.9,250.592,2.58e+00, 14.8, 0.4, 67
1867, 71307,04032020,26102021 042710, 585, 26451.4, 13.326,349.957,0.714880,359.5,129.956,4.40e-01, 19.1,88.2, - 
1868, 71308,19072020,26102021 073805, 375, 26446.1, 11.145,186.911,0.428045,  0.6, 40.542,7.66e-02, 15.7, 0.9,194
1869, 71309,17112020,26102021 015127,   1, 26480.3, 66.765,195.615,0.624112,  0.1, 34.528,3.42e-01, 16.2, 0.1,  7
1870, 71310,17042021,26102021 092236,  85, 26598.1, 62.368,103.697,0.748067,  0.0, 47.176,1.53e-02, 18.6, -  , 22
1871, 71311,01122019,26102021 050718, 143, 26604.1, 63.503, 71.489,0.745150,360.0, 45.958,2.82e-02, 16.9, -  ,145
1872, 71312,16082021,26102021 043041,  68, 26310.1, 15.117,150.650,0.643572,  0.4, 85.110,8.74e+00, 16.1,13.6, - 
1873, 71313,16082021,26102021 001721,  68, 26528.6, 62.575, 49.410,0.746617,359.9, 52.089,7.33e-02, 17.0,68.5,353
1874, 71401,29062006,26102021 044204,1930, 26682.0, 63.736,359.637,0.710782,359.9,259.900,2.02e-01, 15.2, -  , - 
1875, 71402,06012013,25102021 190655,   4, 26448.1, 26.189,202.550,0.746122,  0.3,240.112,4.29e-03, 16.6, 0.1,  1
1876, 71403,22122016,26102021 000358,1314, 26484.2, 63.055,165.727,0.692461,  0.1,269.316,1.40e-01, 17.3,16.5, - 
1877, 71404,08072017,25102021 234045, 162, 26491.7, 64.368,  3.479,0.712597,359.9,269.220,5.63e-03, 17.9, 0.3, 30
1878, 71405,08122017,25102021 192854,1415, 26445.8, 51.161,245.432,0.443763,  0.1,194.334,1.45e+01, 17.6, -  , - 
1879, 71406,21122017,25102021 215140,   1, 26477.2, 71.746,198.608,0.505255,  0.1, 24.986,1.94e-01, 16.9, 0.1,  6
1880, 71407,26032018,26102021 092311,1229, 26471.3, 68.753,109.042,0.638728,  0.0,113.367,6.46e-01, 17.3,30.5, - 
1881, 71408,31032018,26102021 040128,1014, 26429.0, 61.455,326.386,0.720494,359.9,227.252,6.01e-01, 16.1, -  , - 
1882, 71409,03092018,25102021 184933,   1, 26472.9, 21.357,270.655,0.521828,360.0,309.129,1.85e-01, 16.5, 0.1,  6
1883, 71410,09112018,25102021 214858, 637, 26477.2,  9.553,188.500,0.593900,  0.7,185.439,5.21e-01, 18.0, 5.3, - 
1884, 71411,20062019,25102021 222619, 459, 26520.5, 11.544,169.635,0.439161,  0.6, 64.598,3.63e+00, 14.3,72.0, - 
1885, 71412,03072019,26102021 071404, 697, 26505.1, 10.333,183.653,0.438465,  0.7, 54.233,3.20e+00, 16.2, -  , - 
1886, 71413,20072019,25102021 234739, 426, 26562.4, 11.551,176.187,0.554683,  0.6, 67.648,6.22e+00, 17.1, -  , - 
1887, 71414,30072019,25102021 214534, 779, 26498.6,  7.519,197.016,0.435290,  0.9, 17.121,5.08e+00, 17.8, -  , - 
1888, 71415,12082019,25102021 223344, 106, 26530.0, 67.115,327.674,0.728957,359.9,  3.394,5.87e-01, 16.2, 4.6,611
1889, 71416,09112019,25102021 142457,   8, 26531.5, 24.948,134.502,0.725778,  0.2,  7.735,2.26e-01, 17.1, 0.2, 41
1890, 71418,06072021,26102021 070403,  22, 26461.0, 24.125, 82.498,0.739229,360.0,124.884,3.62e-01, 14.8, 1.1,196
1891, 71500,28102010,26102021 080737,   0, 26631.4, 26.878,187.198,0.726894,  0.3,  9.482,2.43e-02, 12.9, 0.1,  1
1892, 71502,06062010,26102021 021458, 464, 26502.4, 68.420, 13.483,0.616842,359.9, 14.190,9.02e-01, 13.6,57.2, - 
1893, 71503,02072013,26102021 081016, 677, 26498.6, 71.513,208.628,0.458110,  0.1, 44.222,1.33e+00, 16.3,67.6, - 
1894, 71504,27072016,25102021 205236,   2, 26435.1, 24.053, 89.985,0.736442,360.0,110.395,2.90e-01, 16.5, 0.1, 17
1895, 71506,30072019,25102021 234146, 605, 26497.0, 11.191,189.483,0.466392,  0.6, 46.013,6.20e-02, 16.3, 0.2, 40
1896, 71507,04082019,26102021 052759, 328, 26501.2, 11.155,183.073,0.444089,  0.6, 47.060,4.07e-02, 18.5, 0.7,116
1897, 71508,06082019,25102021 233154, 785, 26450.0, 29.563,235.045,0.727142,  0.1, 66.544,1.52e+00, 15.8, -  , - 
1898, 71511,15072021,26102021 030846,  32, 26775.6, 62.272,127.177,0.738941,  0.1, 47.637,7.62e-02, 16.5, 0.9,159
1899, 71601,06122012,26102021 041812,   2, 26539.0, 26.719,132.099,0.734715,  0.2,104.607,1.66e-02, 10.0, 0.1,  1
1900, 71602,05112015,25102021 223306, 128, 26559.9,  3.417,107.590,0.722643,  0.6,319.573,1.92e-01, 17.4, 1.4,234
1901, 71603,09022017,26102021 073709,   5, 26568.5, 61.814, 90.156,0.659064,360.0,304.616,2.92e-01, 14.6, 0.1, 19
1902, 71604,20042017,25102021 214727, 865, 26565.2, 63.042,263.835,0.659344,  0.0, 36.763,5.91e-02, 16.6, 7.9, - 
1903, 71605,17122017,25102021 150009,1380, 26464.6,108.364,356.330,0.387025,359.9,246.720,5.21e+01, 16.7, -  , - 
1904, 71606,24082019,25102021 223926, 346, 26602.8, 13.856,156.407,0.409658,  0.5, 67.500,4.24e+00, 16.6, -  , - 
1905, 71607,26082019,26102021 095624, 442, 26527.6, 11.485,177.588,0.483444,  0.6, 37.652,5.80e+00, 17.8, -  , - 
1906, 71608,26032021,25102021 184332, 209, 26504.8, 12.727,150.161,0.523188,  0.5,100.916,2.28e+00, 14.2,31.9, - 
1907, 71609,28042021,26102021 060618,   2, 26532.5, 62.813,234.908,0.685556,  0.1, 40.887,2.30e-02, 17.0, 0.1,  2
1908, 71700,28082013,26102021 052230,   1, 26569.2, 63.225, 98.633,0.701992,  0.0,271.459,1.45e-02, 10.4, 0.1,  1
1909, 71701,02112013,26102021 035905,   1, 26570.0, 64.023,102.820,0.728213,  0.0,266.868,1.00e-02, 11.0, 0.1,  1
1910, 71702,15052013,25102021 190952,   1, 26570.7, 62.936,298.596,0.714438,359.9,272.531,1.59e-02, 10.1, 0.1,  1
1911, 71703,19062013,25102021 204547,   1, 26564.5, 63.274,323.738,0.696375,359.9,260.569,1.76e-02, 10.1, 0.1,  1
1912, 71704,30122013,25102021 203237,   1, 26572.7, 63.415,345.850,0.743121,359.9,271.427,1.89e-03, 10.7, 0.1,  1
1913, 71705,20082013,25102021 225915,   1, 26569.4, 63.172,163.975,0.671761,  0.1,270.199,1.23e-02, 10.5, 0.1,  1
1914, 71706,11082013,25102021 180629,   1, 26566.8, 63.794, 95.992,0.621104,  0.0,277.805,1.28e-02, 10.1, 0.1,  1
1915, 71707,14082013,25102021 125254,   1, 26549.5, 62.578,247.326,0.681279,  0.1,283.270,1.12e-02, 12.4, 0.1,  1
1916, 71708,18082012,25102021 131306,   3, 26537.8, 62.693,152.140,0.706286,  0.1,263.811,9.65e-03, 11.6, 0.1,  1
1917, 71709,06102012,25102021 174022,  48, 25782.7, 25.513,264.706,0.737447,  0.0,322.883,9.53e-02, 17.7,85.2,149
1918, 71710,30082014,25102021 210435, 619, 19641.4, 62.429,282.608,0.662786,360.0,285.640,1.77e-02, 17.2, 0.8,175
1919, 71711,26042016,25102021 180422,2000, 25702.1, 31.756, 91.999,0.726144,  0.0,204.552,8.19e-01, 16.3,67.9, - 
1920, 71712,09022017,25102021 173427,  13, 26577.8, 70.600,301.847,0.600512,359.9,285.846,3.50e-01, 17.3, 0.1, 17
1921, 71713,20082017,26102021 050709,1385, 26529.6, 25.762,107.131,0.579422,  0.1,196.411,2.05e-01, 17.6,86.1, - 
1922, 71714,20082017,26102021 054309,  32, 26569.1, 70.818,128.303,0.566568,  0.1, 10.710,8.64e-02, 16.7, 0.1, 20
1923, 71715,24022018,26102021 072502,1128, 26535.7, 67.192,249.651,0.529397,  0.0, 50.927,1.70e-01, 16.3,10.7, - 
1924, 71716,03102018,25102021 232724, 916, 26529.8, 71.506,310.486,0.519953,359.9,216.942,8.28e-01, 16.8,48.0, - 
1925, 71717,07042019,26102021 084723,   2, 26486.4, 11.506,166.753,0.474929,  0.6, 71.491,1.95e+00, 14.5, 0.4, 96
1926, 71718,18062019,26102021 011641, 623, 26510.9, 11.882,183.708,0.546194,  0.6, 44.942,1.07e+00, 15.8, -  , - 
1927, 71719,06072019,25102021 234501,   0, 26546.9, 11.426,169.939,0.466594,  0.6, 63.718,8.23e-02, 11.9, 0.1,  3
1928, 71720,19072019,26102021 053819, 497, 26579.6, 11.358,168.651,0.474125,  0.6, 67.186,9.24e-01, 16.5,93.8, - 
1929, 71721,07082019,26102021 052150, 736, 26598.9, 21.568,249.835,0.542111,  0.1,329.147,1.26e+00, 17.8,85.3, - 
1930, 71722,25082019,25102021 221332, 752, 26552.8, 11.135,182.795,0.489463,  0.6, 58.358,1.59e-01, 17.6, 9.9, - 
1931, 71723,26082019,26102021 045215,   2, 26674.1, 10.933,200.210,0.427430,  0.6, 19.095,9.53e-01, 15.9, 0.5,116
1932, 71724,10072009,26102021 074724, 505, 26522.6, 26.346,189.341,0.737080,  0.3,359.758,6.38e-02, 16.0,31.7,487
1933, 71725,10032007,26102021 031519, 423, 26608.1, 23.512,193.071,0.740684,  0.3, 74.275,1.16e-01, 18.1,55.8,367
1934, 71726,03112020,25102021 185301, 264, 26559.0, 11.662,192.376,0.464406,  0.6, 45.131,1.57e+00, 15.4,56.8, - 
1935, 71727,12112020,26102021 035026,   1, 26589.3, 62.572,218.614,0.691310,  0.1, 40.149,1.48e-02, 16.0, 0.1,  1
1936, 71728,12122020,25102021 203223, 245, 26552.3, 66.461,216.948,0.606970,  0.1, 43.709,6.39e-01, 16.4,36.2, - 
1937, 71729,19022021,26102021 080255,   1, 26566.3, 66.613,335.094,0.584549,359.9, 61.456,7.99e-02, 16.3, 0.1,  1
1938, 71730,19042021,26102021 093732, 149, 26568.4, 62.350,102.290,0.749750,  0.0, 41.910,4.42e-02, 17.0, -  , 72
1939, 71731,14102021,25102021 230703,   7, 26569.9, 21.228,266.408,0.528569,  0.0,313.403,1.38e-01, 16.6, 0.1, 31
1940, 71800,10082013,25102021 223002,   1, 26566.4, 61.918,252.417,0.715130,  0.0,266.797,1.25e-02, 12.1, 0.1,  1
1941, 71801,22102016,25102021 215505, 191, 26580.6,  0.942,241.943,0.698149,  3.1,190.076,6.83e-01, 18.1, 9.7, - 
1942, 71802,19032017,26102021 024020, 232, 26576.5, 26.350,241.085,0.742673,  0.1,196.820,3.00e-03, 17.1, 8.4, 14
1943, 71803,20082017,26102021 000433,1512, 26549.9, 25.842,102.835,0.586705,  0.1,203.092,4.38e-01, 18.2, -  , - 
1944, 71804,16092017,25102021 205610,1415, 26618.4, 65.508,353.675,0.717326,359.9,356.505,1.50e-01, 16.5,25.9,984
1945, 71805,24102017,25102021 182246, 378, 26589.9, 68.823,134.275,0.614533,  0.1,  5.814,6.89e-02, 16.7, 0.8,171
1946, 71806,26112017,25102021 165255,   4, 26604.9, 71.794,186.412,0.519540,  0.1, 16.350,2.35e-01, 15.3, 0.1,  2
1947, 71807,23122017,26102021 031327,1279, 26541.2, 53.675, 42.483,0.569834,359.9,146.498,4.71e+01, 17.3, -  , - 
1948, 71808,19022018,25102021 163031,   4, 26330.2, 22.744,279.605,0.744194,360.0,  9.554,5.59e-02, 17.1, 1.4,  6
1949, 71809,01102018,25102021 191110,   8, 26586.7, 71.556,151.137,0.616439,  0.1,191.100,1.61e-01, 16.6, 0.1, 27
1950, 71810,05062019,25102021 233002, 727, 26544.7, 10.210,178.347,0.499285,  0.7, 56.958,4.31e+00, 16.1, -  , - 
1951, 71811,21072019,25102021 221815,   2, 26571.8, 11.438,170.765,0.463959,  0.6, 61.971,5.84e-02, 15.7, 0.1,  8
1952, 71812,27082019,25102021 235602, 697, 26530.4, 11.046,161.174,0.552179,  0.6, 57.665,7.72e+00, 17.6, -  , - 
1953, 71814,14012020,25102021 235938,   3, 26511.3, 12.429,174.408,0.451542,  0.6, 65.340,3.26e+00, 16.0, 1.4,322
1954, 71815,10122019,26102021 110718, 178, 26638.0, 62.778,107.050,0.747336,  0.0, 43.883,2.37e-02, 18.0, -  ,387
1955, 71816,01072019,26102021 052837,  94, 23580.8, 62.282, 73.189,0.723170,360.0, 51.579,6.60e-02, 16.5, 0.8,146
1956, 71817,09102020,26102021 031322, 325, 26560.8, 11.347,201.614,0.443074,  0.6, 25.418,1.61e+00, 17.0,10.2, - 
1957, 71901,26082013,25102021 224057,   1, 26587.2, 63.906, 23.422,0.702435,359.9,277.058,1.12e-02, 11.8, 0.1,  1
1958, 71903,20082009,25102021 210019,   1, 26603.0, 71.691,181.295,0.529192,  0.1, 11.504,1.16e-02, 15.3, 0.1,  1
1959, 71904,03032014,26102021 015504,1274, 26614.5, 63.199,189.088,0.663791,  0.1,266.408,1.57e-01, 16.7,14.3, - 
1960, 71905,04032018,26102021 061506,   1, 26621.1, 71.484,156.510,0.537983,  0.1,353.869,2.08e-01, 15.3, 0.1, 10
1961, 71906,28012019,26102021 014647, 877, 26600.4, 72.293, 23.143,0.567471,359.9,291.836,5.30e-01, 15.1, 9.4, - 
1962, 71907,10082019,25102021 230958,  14, 26585.2, 10.327,191.748,0.482302,  0.7, 42.218,2.51e+00, 16.1, 6.5, - 
1963, 71908,25092019,26102021 024156,   4, 26603.5, 11.137,189.800,0.444301,  0.6, 38.488,7.94e-02, 17.7, 0.1, 11
1964, 71909,29092019,26102021 003318,  10, 26438.2, 10.829,177.690,0.561736,  0.6, 69.547,3.45e+00, 15.1, 7.4, - 
1965, 71910,18102019,26102021 102458, 366, 26608.5, 11.447,185.207,0.516363,  0.6, 62.850,1.84e-01, 16.8,31.6, - 
1966, 71911,23102019,25102021 153528, 259, 26577.5, 11.477,191.660,0.450066,  0.6, 44.355,1.36e+00, 17.0,41.8, - 
1967, 71912,02032020,26102021 082206,  19, 26611.4, 11.342,193.727,0.458681,  0.6, 40.288,8.81e-02, 15.1, 0.1, 25
1968, 71915,21082020,26102021 091613,   2, 26609.8, 71.681,176.867,0.535407,  0.1,  7.560,1.99e-01, 15.2, 0.1, 11
1969, 71916,20022021,26102021 030655, 229, 26651.5,  5.890,317.669,0.557920,359.2, 34.373,9.95e-01, 19.2, 4.6, - 
1970, 71917,25022020,26102021 040335,  11, 26604.1, 62.813,118.585,0.737752,  0.1, 47.719,1.00e-02, 16.5, 0.4, 88
1971, 71918,07092021,26102021 073714,   4, 26621.6, 71.725,179.944,0.534898,  0.1,  7.339,2.25e-01, 16.5, 0.1, 10
1972, 72000,13102007,26102021 023933, 110, 26614.6, 70.447,203.386,0.410543,  0.1, 75.625,2.00e-01, 13.3, 2.3,516
1973, 72001,27042019,26102021 025013, 367, 26558.0, 11.015,181.442,0.483520,  0.6, 55.618,3.54e+00, 16.3, -  , - 
1974, 72002,28072019,26102021 035024,   1, 26633.4, 13.470,147.889,0.476644,  0.4, 81.433,2.93e+00, 14.6, 0.2, 36
1975, 72003,30092019,26102021 005248, 661, 26601.5, 11.349,171.870,0.534225,  0.6, 62.417,1.06e+00, 17.9,37.4, - 
1976, 72004,21102019,26102021 041041,   0, 26602.3, 11.904,169.643,0.462731,  0.6, 60.818,2.65e-01, 16.2, 0.1,  6
1977, 72006,19122019,26102021 065913, 638, 26518.2, 11.775,177.893,0.592857,  0.6, 53.375,7.79e+00, 16.2,71.7, - 
1978, 72007,29042020,25102021 212346, 415, 26649.3, 67.092,  7.897,0.637397,359.9, 29.962,5.31e-01, 15.6,61.0, - 
1979, 72008,30062020,25102021 174624,   0, 26577.6,  9.913,205.635,0.368843,  0.6, 16.003,2.36e+00, 15.3, 0.6,139
1980, 72100,29012010,26102021 020948, 461, 26701.0, 71.036, 49.872,0.571085,359.9,336.934,6.36e-01, 16.2,15.6, - 
1981, 72101,19122009,25102021 234529, 931, 26628.8, 72.323, 53.479,0.600488,359.9, 86.781,4.19e+00, 15.9,19.2, - 
1982, 72102,18022017,26102021 002453, 211, 26663.6, 63.894, 44.357,0.702013,359.9,260.978,1.28e-01, 16.4, 2.1,454
1983, 72103,20082017,26102021 061800,1279, 26661.1, 25.497,113.930,0.577359,  0.1,185.222,6.18e-01, 18.6, 9.0, - 
1984, 72104,20082019,25102021 173853,  40, 26804.0, 10.300,196.650,0.481242,  0.6, 33.988,6.18e+00, 14.7,15.3, - 
1985, 72105,29082019,26102021 040216, 321, 26646.6, 12.134,165.614,0.447025,  0.6, 60.135,3.80e-01, 17.5,10.5, - 
1986, 72106,06102019,25102021 221516,   1, 26640.0, 70.738,195.305,0.444499,  0.1, 60.229,2.59e-01, 16.0, 0.1, 10
1987, 72107,21102019,26102021 065109, 376, 26640.2, 10.888,190.895,0.422896,  0.6, 39.363,2.28e+00, 18.1, -  , - 
1988, 72108,27102019,25102021 142726, 728, 26448.1, 18.793, 36.931,0.624255,359.7,216.911,2.80e+01, 18.2, -  , - 
1989, 72109,26102019,26102021 023321, 726, 26551.4, 10.603,156.193,0.542095,  0.6, 71.279,1.02e+01, 18.1, -  , - 
1990, 72110,12092020,26102021 050637, 405, 26617.5, 15.071,137.955,0.501640,  0.3, 93.808,4.63e+00, 17.1, -  , - 
1991, 72111,12071983,26102021 054345,  28, 26663.4, 70.822,112.497,0.516748,  0.0,353.121,1.01e-02, 17.5, 0.1,  2
1992, 72112,10102021,25102021 195939,  10, 26726.3,  4.023,282.344,0.728701,359.7,  0.046,1.37e+00, 18.2, 0.1, 22
1993, 72200,08092007,26102021 082035, 138, 26730.1,  3.088,237.634,0.720119,  1.2, 81.767,2.14e-01, 15.0, 2.4,458
1994, 72201,06102012,25102021 220358, 540, 26671.7, 63.546, 15.587,0.720333,359.9,257.276,2.47e-01, 15.5,26.2, - 
1995, 72202,14012015,25102021 231803,   1, 26826.1, 14.252, 69.322,0.106407,359.8,104.288,2.76e+01, 15.7, 0.1, 30
1996, 72203,20052015,25102021 181745, 280, 26668.3, 63.384,349.093,0.705691,359.9,238.884,1.05e-01, 16.1, 4.9,882
1997, 72204,13092015,26102021 020343,1784, 26681.3, 69.757,259.701,0.411846,  0.0,121.576,2.16e+00, 15.9,95.8, - 
1998, 72206,26042017,25102021 163724, 717, 26688.8, 63.105,221.207,0.662510,  0.1,270.870,1.27e-01, 17.7, 7.5, - 
1999, 72207,05042018,25102021 223511, 678, 24789.4, 62.905,288.651,0.723449,360.0,281.258,2.45e-02, 17.7, 3.7,208
2000, 72209,14062019,25102021 202218,   1, 26741.6, 10.470,194.465,0.542459,  0.6, 48.603,5.42e+00, 15.8, 2.0,466
2001, 72210,26082019,26102021 015648, 295, 26688.1, 11.476,172.614,0.453777,  0.6, 56.356,6.10e-02, 17.9, 1.4,283
2002, 72211,28082019,26102021 082050, 418, 26673.7, 11.263,182.385,0.515788,  0.6, 64.514,1.72e-01, 16.1, 6.6, - 
2003, 72212,02102019,26102021 044039, 729, 26694.4, 14.001, 76.134,0.712637,359.9,243.766,9.28e-01, 18.0,37.2, - 
2004, 72213,29092019,26102021 000035, 745, 26667.0, 11.266,174.442,0.468864,  0.6, 58.312,5.25e-02, 18.1, 4.7, - 
2005, 72216,10092020,25102021 232038,  38, 26678.1, 11.263,193.353,0.447991,  0.6, 38.828,1.38e-01, 18.8, 0.1, 28
2006, 72217,11042021,26102021 040808,   2, 26702.2, 69.821,349.925,0.577649,359.9,343.665,3.66e-01, 16.7, 0.1,  2
2007, 72300,26072011,25102021 200752, 382, 26439.9, 24.148, 88.953,0.734733,360.0,111.209,2.81e-01, 17.7,17.2, - 
2008, 72301,10122015,25102021 214601, 302, 26701.8, 63.056,165.988,0.674837,  0.1,270.762,1.55e-01, 15.9, 4.3,936
2009, 72302,19022016,26102021 085958,   2, 26732.2, 64.828,268.644,0.734044,  0.0,348.574,1.50e-01, 16.5, 0.1,  3
2010, 72303,24022016,26102021 023016,   2, 26706.2, 65.569,273.581,0.594153,360.0, 54.426,1.00e-02, 13.3, 0.1,  1
2011, 72304,22082017,25102021 135509,   2, 26700.6, 62.551,308.401,0.305826,359.9,301.628,3.70e+00, 16.0, 0.1, 10
2012, 72305,13062018,26102021 034840, 522, 26696.5, 75.907,  7.864,0.454047,359.9, 78.602,8.44e-01, 16.4,62.9, - 
2013, 72307,02102018,25102021 235011,1031, 26686.7, 20.724,279.337,0.536715,359.9,281.589,3.81e+00, 18.5, -  , - 
2014, 72308,13102018,25102021 130217, 280, 26704.8, 21.269,274.852,0.514928,360.0,297.733,2.94e-01, 17.2, 7.4, - 
2015, 72310,14082019,26102021 043034,  91, 26822.9, 10.539,190.034,0.467193,  0.6, 47.141,5.28e+00, 16.9,24.3, - 
2016, 72311,15082019,25102021 170944, 296, 26777.3, 11.306,212.590,0.485938,  0.5, 17.314,6.78e+00, 16.5, -  , - 
2017, 72312,04102019,25102021 203909, 471, 26695.8, 10.988,173.629,0.508350,  0.6, 63.884,2.06e+00, 18.0,28.7, - 
2018, 72313,12112020,25102021 170021, 136, 24829.2, 62.706,350.597,0.735079,359.9,281.031,1.26e-02, 16.9, 0.1, 14
2019, 72401,05062012,25102021 235208,3420, 26770.1, 83.167, 21.872,0.614753,359.9,202.088,2.05e+01, 13.0, -  , - 
2020, 72402,18042014,25102021 220600, 952, 26694.6, 71.341,260.998,0.551172,  0.0,208.729,8.76e-01, 16.8, -  , - 
2021, 72403,07012018,25102021 213845, 405, 26734.2, 63.345,334.020,0.737462,359.9,267.407,3.46e-02, 18.0, 2.6, 34
2022, 72404,14092018,26102021 003835,1055, 26720.8, 21.235,269.430,0.523067,  0.0,305.674,1.84e-01, 18.7, 5.6, - 
2023, 72405,07122018,25102021 173900,  10, 26729.8, 21.233,272.513,0.521102,360.0,302.434,1.42e-01, 18.2, 0.1, 33
2024, 72406,21082019,25102021 180121,  10, 26760.2, 21.338,275.062,0.523571,360.0,299.888,2.52e-01, 17.4, 0.3, 11
2025, 72407,27082019,26102021 032145, 750, 26726.7, 11.389,173.448,0.460804,  0.6, 56.429,2.13e-01, 18.5,32.0, - 
2026, 72500,13092012,25102021 154143, 300, 26761.1, 63.947,127.843,0.640124,  0.1,258.215,7.39e-02, 11.8, 2.2,482
2027, 72501,01072016,25102021 224000, 395, 26737.0, 62.926,190.289,0.706333,  0.1,272.981,1.08e-01, 13.9, 5.3, - 
2028, 72502,07122016,25102021 135119,  56, 26747.5, 62.964,225.665,0.673674,  0.1,276.890,2.39e-01, 16.1, 0.9,212
2029, 72503,12092018,25102021 233211, 727, 26737.4, 21.316,266.679,0.550308,  0.0,314.632,4.84e-02, 17.8, 8.2, - 
2030, 72504,09122018,25102021 181657,   3, 26745.8, 21.222,277.368,0.498287,360.0,291.241,2.38e-01, 17.3, 0.2, 46
2031, 72505,09122018,25102021 210230,1048, 26747.3, 21.249,274.386,0.512498,360.0,295.245,5.60e-01, 17.9, 2.8,608
2032, 72506,24072019,26102021 075034, 379, 26740.3, 11.076,178.530,0.490282,  0.6, 59.958,1.35e-01, 16.5, 1.0,176
2033, 72507,25072019,26102021 042559, 476, 26772.7, 10.980,165.660,0.525930,  0.6, 82.143,1.89e+00, 14.9,98.9, - 
2034, 72508,29072019,26102021 072455, 310, 26807.7, 11.084,194.629,0.467468,  0.6, 47.929,7.52e+00, 15.7, -  , - 
2035, 72509,29082019,25102021 155737, 295, 26828.1, 11.923,198.686,0.471789,  0.5, 35.198,4.04e+00, 15.6, -  , - 
2036, 72510,01092019,25102021 223136, 382, 26741.0, 11.359,163.934,0.500681,  0.6, 76.704,1.57e-01, 15.8, 3.0,670
2037, 72512,22102019,25102021 174825,   1, 26748.4, 11.156,200.177,0.558440,  0.6, 27.639,5.91e+00, 16.9, 0.6,133
2038, 72514,02022007,26102021 010417,   9, 26792.6, 68.940,212.970,0.560810,  0.1, 39.087,1.79e-01, 11.8, 0.4, 82
2039, 72600,19062013,25102021 150306,1621, 26810.7, 60.953,243.785,0.500972,  0.1,354.537,7.86e-01, 15.5, -  , - 
2040, 72601,19062019,26102021 043500, 395, 26775.3, 11.408,173.603,0.462443,  0.6, 55.822,1.45e-01, 16.9, 3.6,804
2041, 72602,11072019,26102021 095800, 303, 26754.7, 10.901,165.527,0.534725,  0.6, 80.512,1.76e+00, 15.7,57.4, - 
2042, 72603,16082019,26102021 020131, 117, 26696.1, 24.683, 75.700,0.739560,359.9,122.025,6.67e-02, 17.0, 3.8,278
2043, 72604,24092020,25102021 220416, 352, 26783.0, 72.348,123.619,0.592211,  0.1,135.709,1.30e-01, 12.2, 0.9,208
2044, 72605,10122020,26102021 023324, 280, 26761.8, 10.746,180.403,0.470834,  0.6, 57.388,1.79e+00, 15.9, 3.8,754
2045, 72606,17122020,26102021 100141,  83, 26746.2, 62.526, 98.095,0.754556,  0.0, 54.142,3.32e-02, 17.0, 0.4, 34
2046, 72700,24012013,25102021 225355,  13, 26804.1, 62.920,109.660,0.708658,  0.0,273.482,1.79e-01, 13.6, 0.2, 44
2047, 72701,15112013,26102021 003941,1319, 26819.9, 61.417,107.449,0.738912,  0.0,274.332,9.58e-02, 15.0, -  , - 
2048, 72702,24032010,26102021 000355, 409, 26845.7, 62.154,233.806,0.686151,  0.1, 48.764,5.17e-01, 14.2, 7.0, - 
2049, 72703,28012007,26102021 045318,1129, 26810.8, 68.959, 26.524,0.611794,359.9, 13.561,4.12e-01, 17.1,86.9, - 
2050, 72704,14092017,25102021 164004, 768, 26811.6, 71.319, 93.562,0.489785,  0.0,315.442,1.12e+00, 17.0,28.7, - 
2051, 72705,20062018,25102021 184806,1084, 26810.6, 63.504, 78.603,0.568537,360.0, 10.733,1.90e-01, 17.4, 2.4,271
2052, 72706,10092018,25102021 173731, 852, 26776.8, 21.776,271.042,0.537325,360.0,288.534,2.25e+00, 18.0,21.1, - 
2053, 72707,17012019,25102021 173956, 626, 26824.6, 70.995,141.263,0.520194,  0.1,347.437,2.80e-01, 17.5,20.2, - 
2054, 72708,19072019,25102021 222918, 344, 26850.9, 11.307,179.652,0.576761,  0.6, 81.976,5.39e+00, 17.0,67.3, - 
2055, 72709,27112020,26102021 005501,   2, 26834.3, 62.892,247.439,0.682217,  0.1, 39.111,2.30e-01, 14.8, 0.1, 32
2056, 72710,30052021,26102021 034306,   2, 26770.4, 67.036,266.139,0.390457,  0.0,223.364,2.01e+00, 16.0, 0.4, 88
2057, 72711,12102021,25102021 224429,   8, 26801.6, 21.126,281.968,0.519935,359.9,282.815,2.45e+00, 18.2, 0.1, 27
2058, 72800,30112008,26102021 015741,  73, 26822.5, 62.970,162.124,0.682122,  0.1,270.093,6.92e-02, 12.6, 1.0,219
2059, 72801,10062017,25102021 174739,1478, 24663.9, 61.644,127.503,0.730525,  0.1,207.749,2.13e+00, 16.3, -  , - 
2060, 72802,08092018,25102021 200210,1139, 26833.3, 21.239,274.677,0.516993,360.0,290.341,1.81e+00, 18.8,31.0, - 
2061, 72803,12092020,26102021 052408,   1, 26791.0, 63.668,  4.918,0.622068,359.9,225.011,1.90e+00, 14.6, 0.1,  5
2062, 72900,01092003,25102021 184644,   1, 26879.2, 63.859,223.452,0.664741,  0.1,260.523,4.77e-03, 13.2, 0.1,  1
2063, 72901,07032013,25102021 154842,2072, 26850.1, 62.876,226.577,0.672110,  0.1,273.492,1.62e-02, 14.5, 6.6,191
2064, 72902,28062014,25102021 174154, 700, 26856.6, 63.445,337.814,0.698877,359.9,269.606,1.94e-01, 16.8,15.0, - 
2065, 72904,09092018,25102021 214156,   1, 26840.1, 21.246,277.788,0.513790,360.0,292.928,7.12e-02, 17.4, 0.1,  2
2066, 72905,21102013,26102021 000324,   2, 26788.5, 24.175, 69.709,0.747780,359.9,148.985,6.20e-02, 17.3, 0.4,  3
2067, 72906,25042019,25102021 182209,   1, 26845.2, 11.341,176.382,0.457577,  0.6, 50.936,9.08e-02, 16.2, 0.1,  4
2068, 72907,03072019,25102021 214037,   1, 26861.5, 11.423,198.402,0.485899,  0.6, 34.217,1.04e+00, 16.5, 0.1, 11
2069, 72908,20112006,25102021 215434, 477, 26898.8, 19.141,159.377,0.737292,  0.3, 12.169,1.63e-02, 17.0, 3.4,409
2070, 73000,28032000,26102021 041230,1076, 26935.1, 68.353, 24.356,0.597899,359.9, 19.386,1.20e-01, 15.5,38.1, - 
2071, 73001,10092012,25102021 222642,   2, 26893.3, 18.325,262.500,0.699463,  0.1,309.681,1.23e-01, 15.0, 0.1,  3
2072, 73002,24102013,26102021 044346,   2, 26893.6, 63.094, 94.336,0.720697,  0.0,270.420,1.01e-01, 15.4, 0.1,  6
2073, 73003,04062008,26102021 071545, 460, 26884.6, 69.214, 47.606,0.573788,359.9, 18.779,5.28e-02, 17.0, 2.0,458
2074, 73004,25112016,26102021 105500,   3, 26897.8, 67.987,207.276,0.584024,  0.1, 39.077,9.56e-01, 14.7, 1.5,279
2075, 73005,08092018,25102021 171017, 984, 26890.4, 21.044,270.192,0.534526,  0.0,305.110,6.86e-01, 17.7,64.2, - 
2076, 73006,06042019,26102021 103137,   0, 26888.6, 11.404,175.897,0.456424,  0.6, 50.499,6.40e-02, 14.4, 0.1,  1
2077, 73007,30062019,26102021 064036, 349, 26877.1, 11.066,186.172,0.476003,  0.6, 46.617,4.91e-02, 17.4, 3.8,847
2078, 73008,28082019,26102021 053341, 281, 26886.0, 11.588,202.318,0.479628,  0.6, 26.323,1.57e+00, 19.0, 2.1,459
2079, 73009,28082019,25102021 152430,   2, 26896.4, 11.499,211.336,0.427005,  0.5, 10.221,1.46e+00, 18.2, 0.2, 41
2080, 73010,26012020,26102021 030907,  27, 27022.7, 65.716,237.962,0.741699,  0.1, 34.735,7.07e-01, 17.0,13.0,334
2081, 73100,10052016,26102021 031011,1990, 26684.0, 18.093,358.153,0.388941,359.6, 61.987,1.62e+01, 18.3, -  , - 
2082, 73101,05012018,25102021 161107, 174, 26904.8, 63.465, 13.934,0.702626,359.9,269.282,1.11e-01, 16.1, 2.1,435
2083, 73102,19022018,26102021 060040,1219, 26898.5,  3.435,184.078,0.704224,  2.0,147.328,4.27e-01, 18.4,25.4,539
2084, 73103,09092018,25102021 143719,   9, 26907.2, 21.215,277.017,0.516825,360.0,293.629,9.97e-02, 18.0, 0.1, 12
2085, 73104,09092018,26102021 032441, 940, 26898.8, 21.240,278.464,0.513784,360.0,291.285,1.49e-01, 18.7, 2.9,584
2086, 73105,09092018,25102021 162703,1134, 26864.3, 21.668,310.672,0.388182,359.8,235.133,6.04e-01, 19.0,15.6, - 
2087, 73106,10092018,25102021 225759, 648, 26895.9, 21.340,279.172,0.520726,360.0,292.988,1.00e-02, 16.5, 3.7,760
2088, 73107,03072019,26102021 083258,  55, 26947.6, 10.784,186.585,0.462895,  0.6, 39.998,5.06e-02, 17.3, 0.9,126
2089, 73108,06062019,25102021 220314, 139, 26895.2, 11.891,217.375,0.482028,  0.5,  0.963,6.30e+00, 15.5,48.8, - 
2090, 73109,29112019,26102021 042851,  41, 26929.0, 11.726,215.739,0.407800,  0.5,  7.419,3.65e+00, 18.0,15.4, - 
2091, 73111,11102021,25102021 212919,  12, 26887.2, 21.091,289.359,0.473522,359.9,273.726,6.04e+00, 18.3,22.0, - 
2092, 73200,21032010,25102021 172331,3227, 26914.0, 65.153,105.283,0.632868,  0.0,172.506,1.57e+00, 15.9, -  , - 
2093, 73201,11072016,25102021 214852,  47, 26837.2, 24.080,152.436,0.694667,  0.3,260.333,1.24e+00, 15.8, 4.0,870
2094, 73202,07012017,25102021 163844, 213, 26929.7, 62.968,230.758,0.676664,  0.1,270.304,1.81e-01, 15.0, 2.8,603
2095, 73203,09092018,26102021 012808,1116, 26928.1, 21.239,279.701,0.499981,359.9,283.092,1.89e+00, 19.0, -  , - 
2096, 73204,10092018,25102021 133747,1114, 26936.4, 21.209,275.891,0.541296,360.0,292.730,2.14e+00, 19.1, -  , - 
2097, 73205,23022019,25102021 225449,   6, 26932.0, 62.850,306.276,0.710844,359.9,277.113,2.37e-01, 15.0, 0.1, 23
2098, 73206,14102019,25102021 142611,   2, 26963.9, 66.554,116.131,0.650025,  0.1, 12.954,5.62e-01, 16.2, 0.1,  8
2099, 73300,07082013,26102021 025725, 770, 26928.4, 58.003,135.087,0.615079,  0.1,171.024,1.46e+00, 15.7,18.6, - 
2100, 73301,01092013,26102021 000411,   4, 26981.6, 63.706, 75.955,0.625032,360.0,299.384,1.17e-01, 17.1, 0.1, 17
2101, 73302,23102012,25102021 164412, 118, 26934.0, 23.316,189.281,0.730939,  0.3,300.039,1.30e-01, 17.3, 1.5,261
2102, 73303,25092016,25102021 143855, 715, 26959.7, 63.450,243.543,0.691677,  0.1,277.850,1.97e-02, 18.3, 1.0,162
2103, 73304,27092017,25102021 215055, 289, 26987.7, 16.692,181.488,0.595984,  0.4,162.631,1.17e+00, 17.3,23.9, - 
2104, 73305,07092018,26102021 005230,   1, 26963.3, 21.172,276.390,0.510114,360.0,291.080,1.81e-01, 14.4, 0.1,  9
2105, 73306,05092018,26102021 043029, 824, 26953.7, 21.075,283.242,0.512415,359.9,270.022,2.63e-01, 18.7,16.6, - 
2106, 73307,09092018,26102021 011411, 405, 27018.8, 20.787,278.954,0.542028,360.0,292.972,5.54e+00, 15.5,67.1, - 
2107, 73308,09092018,26102021 064407,1090, 26952.6, 20.989,270.414,0.567614,  0.0,295.959,4.44e+00, 18.1, -  , - 
2108, 73309,04092018,25102021 203813,1119, 26969.0, 21.108,274.972,0.548225,360.0,288.542,2.92e+00, 18.2, -  , - 
2109, 73310,10092018,26102021 020320, 819, 26940.7, 21.143,277.134,0.527349,360.0,292.462,1.06e+00, 18.8,65.6, - 
2110, 73313,22092021,25102021 235549,   1, 26946.5, 63.675, 38.602,0.734804,359.9,266.602,1.93e-01, 13.7, 0.1,  4
2111, 73400,21012018,26102021 005246,1350, 26999.3,  6.006, 91.763,0.306821,  0.0,151.890,2.40e+01, 18.5, -  , - 
2112, 73401,07092018,25102021 225449,   2, 26975.6, 21.239,278.625,0.517743,360.0,290.917,1.26e-01, 16.8, 0.1,  6
2113, 73402,07092018,25102021 152406,   3, 26968.1, 21.067,286.040,0.519496,359.9,275.334,2.67e+00, 17.2, 0.2, 50
2114, 73403,05092018,25102021 164032,   2, 26971.9, 21.255,286.159,0.499426,359.9,278.770,2.57e-01, 17.1, 0.1, 13
2115, 73405,07092018,26102021 002100,  55, 26990.2, 21.213,283.537,0.495219,359.9,279.696,2.60e-01, 17.9, 1.6,373
2116, 73406,30082018,25102021 200509, 230, 26945.6, 21.274,280.245,0.519121,359.9,288.444,3.96e-01, 16.5, 3.1,642
2117, 73408,20072019,26102021 064108, 304, 27086.6, 10.753,191.460,0.468950,  0.6, 47.326,6.17e+00, 14.5, -  , - 
2118, 73409,25072019,26102021 042603,   2, 26947.1, 11.322,177.936,0.462493,  0.6, 49.192,5.23e-01, 16.6, 0.1, 24
2119, 73410,31082019,25102021 205416, 225, 26921.0, 12.865, 97.063,0.559801,  0.1,218.590,6.26e+00, 17.5,88.8, - 
2120, 73412,28112019,26102021 002204,  15, 26743.4, 11.818,196.513,0.483642,  0.6, 32.399,6.52e-02, 15.6, 0.2, 20
2121, 73500,15092015,25102021 233616,1843, 26978.7, 19.632,339.229,0.684504,359.7,162.268,1.03e-01, 17.0, 8.2, - 
2122, 73502,10062017,26102021 031614, 793, 27014.0, 62.944, 83.408,0.690792,360.0,268.979,2.08e-01, 14.5,13.3, - 
2123, 73503,05092018,25102021 202750,   2, 26996.8, 21.176,278.081,0.505885,360.0,288.384,9.92e-02, 14.6, 0.1,  7
2124, 73504,05092018,25102021 231041,  68, 27178.6, 22.005,273.533,0.636820,360.0,292.957,5.10e+00, 16.9, 8.7, - 
2125, 73505,08092018,25102021 141633,  12, 26975.4, 21.266,283.402,0.506276,359.9,282.663,1.67e-01, 18.2, 0.4, 62
2126, 73506,11092018,25102021 175707,   3, 26991.7, 22.476,296.219,0.520235,359.9,270.802,8.06e-02, 16.0, 0.1,  3
2127, 73507,08092018,25102021 210632, 232, 26961.2, 21.351,280.275,0.532599,359.9,288.341,4.36e-01, 19.3,30.1, - 
2128, 73508,08092018,25102021 133038, 266, 27001.6, 21.334,283.388,0.513055,359.9,284.601,1.53e-01, 16.9, 6.2, - 
2129, 73509,30082018,26102021 000322, 705, 26955.1, 20.874,277.714,0.555776,360.0,285.597,4.04e+00, 18.0,86.1, - 
2130, 73511,09042019,25102021 231405,   0, 26937.3, 11.397,175.967,0.473784,  0.6, 52.035,1.34e+00, 14.3, 0.1, 24
2131, 73513,10082021,26102021 063823,  60, 26957.2, 26.215, 26.495,0.735427,359.8,113.631,2.90e-01, 15.5, 0.6, 25
2132, 73600,11092012,26102021 084122, 140, 26968.2, 19.423, 46.145,0.664388,359.7, 45.138,5.89e-02, 17.1, 1.1,246
2133, 73601,19122014,26102021 053440, 247, 27093.4, 27.012,320.668,0.703472,359.8,  5.079,2.38e+00, 16.6,34.9, - 
2134, 73602,18092015,26102021 001845,2212, 27034.1, 63.158,319.401,0.741233,359.9,273.965,8.52e-02, 14.7, -  ,195
2135, 73603,18032016,25102021 235435,1951, 27065.0, 61.356,291.445,0.496726,360.0,356.229,7.51e+00, 17.1,82.0, - 
2136, 73604,14092017,25102021 230237, 891, 27043.3, 18.658, 90.244,0.655235,360.0,323.768,6.41e-02, 16.6, 4.5,831
2137, 73605,07092018,25102021 203725,   2, 27020.3, 21.215,278.820,0.504218,360.0,286.318,1.06e-02, 17.0, 0.1,  1
2138, 73606,11092018,25102021 143331,1114, 27014.9, 21.253,271.141,0.542293,360.0,304.195,3.44e-01, 17.2, 7.6, - 
2139, 73607,11092018,25102021 235043, 783, 27021.3, 21.214,271.556,0.535158,360.0,301.599,3.23e-01, 16.9, 7.4, - 
2140, 73608,09122018,25102021 211246, 620, 27007.5, 21.320,287.542,0.500007,359.9,274.887,2.14e-01, 16.9,14.7, - 
2141, 73609,01042019,26102021 054635, 915, 26988.6, 20.845,280.645,0.549150,359.9,280.236,4.30e+00, 18.6, -  , - 
2142, 73610,03042019,25102021 151454, 607, 27071.6, 24.782, 20.242,0.508634,359.7,301.330,3.36e-01, 18.8, 4.4,865
2143, 73701,28062017,25102021 232806,   3, 27058.0, 59.774,149.289,0.520436,  0.1,203.740,2.50e+00, 16.2, 0.2, 31
2144, 73702,06092018,26102021 043925, 779, 27088.6, 22.008,273.199,0.543754,360.0,300.446,4.17e-02, 17.7,15.6,386
2145, 73703,06092018,25102021 135859,  13, 27031.9, 20.863,283.949,0.521520,359.9,272.111,4.10e+00, 17.8, 0.9,209
2146, 73704,06092018,25102021 181758,  24, 27048.9, 21.216,284.388,0.496514,359.9,278.343,4.38e-02, 18.1, 0.1,  3
2147, 73705,06092018,25102021 215804, 256, 27010.9, 20.792,281.629,0.546663,359.9,274.958,5.11e+00, 17.3,12.0, - 
2148, 73706,10092018,25102021 161153,   1, 27044.1, 21.179,278.154,0.515605,360.0,289.574,2.81e-01, 17.0, 0.1,  3
2149, 73707,10092018,26102021 064848,1081, 27034.8, 21.293,282.982,0.515560,359.9,283.454,3.19e-01, 19.3,55.9, - 
2150, 73708,27032019,25102021 144528, 676, 27053.6, 24.761, 19.314,0.511499,359.7,303.087,5.84e-01, 19.0,26.4, - 
2151, 73709,31032019,25102021 215858, 583, 27049.0, 24.848, 19.315,0.510573,359.7,303.084,3.93e-01, 19.7,60.6, - 
2152, 73710,24032019,25102021 221832, 551, 27066.0, 24.494, 25.206,0.484232,359.7,290.135,4.25e-01, 18.0, 5.0,946
2153, 73711,24032019,25102021 201030,  96, 27079.0, 24.792, 19.156,0.514187,359.7,302.950,5.91e-01, 18.2, 1.1,236
2154, 73712,31032019,25102021 180110, 401, 27043.4, 24.834, 20.924,0.503032,359.7,301.056,2.75e-01, 18.4,23.7, - 
2155, 73713,30032019,26102021 005644, 935, 27033.7, 24.777, 17.757,0.516089,359.7,305.095,9.20e-01, 19.5, -  , - 
2156, 73714,24032019,25102021 185416, 265, 27046.4, 24.818, 18.167,0.528545,359.7,306.225,6.18e-01, 17.8, 7.5, - 
2157, 73715,08042019,25102021 204112, 451, 27037.1, 24.686, 20.282,0.508856,359.7,301.831,5.06e-01, 17.8, 7.3, - 
2158, 73716,10042019,25102021 163400,   1, 27040.9, 11.396,178.311,0.455290,  0.6, 45.328,1.12e-01, 16.1, 0.1,  3
2159, 73717,24032019,25102021 231125, 559, 27042.0, 24.719, 17.861,0.521945,359.7,307.168,4.58e-01, 18.4, 1.6,343
2160, 73718,08042019,26102021 050107, 564, 27035.1, 24.592, 18.645,0.515070,359.7,304.636,8.04e-01, 18.3,11.8, - 
2161, 73719,31032019,25102021 211347, 603, 27049.5, 24.667, 19.781,0.512438,359.7,302.668,5.44e-01, 18.7,16.8, - 
2162, 73720,02052019,25102021 215235,  15, 27079.8, 24.757, 19.324,0.513148,359.7,303.643,4.96e-01, 17.7, 0.4, 88
2163, 73721,09042019,26102021 005026,   1, 27030.6, 11.089,186.155,0.480174,  0.6, 42.364,1.20e+00, 16.4, 0.1, 13
2164, 73722,30052019,26102021 033024, 428, 27036.8,  9.790,184.650,0.572452,  0.7, 64.672,7.32e+00, 17.6, -  , - 
2165, 73723,24032019,26102021 003307, 928, 27051.3, 24.832, 18.823,0.513842,359.7,303.955,4.53e-01, 19.8, -  , - 
2166, 73724,24032019,25102021 213502, 805, 27048.5, 24.818, 19.149,0.512913,359.7,303.620,3.26e-01, 19.1, 8.7, - 
2167, 73725,24032019,26102021 050451, 887, 27045.4, 24.579, 19.287,0.512771,359.7,303.625,7.06e-01, 18.7,22.7, - 
2168, 73726,26032019,25102021 153804, 607, 27042.8, 24.778, 20.392,0.506520,359.7,301.009,5.65e-01, 19.1,39.6, - 
2169, 73727,07042019,26102021 023701, 599, 27053.1, 24.710, 23.016,0.493635,359.7,295.208,4.90e-01, 18.0,28.3, - 
2170, 73728,24032019,25102021 130801, 557, 27081.8, 24.642, 20.531,0.508583,359.7,300.955,6.96e-01, 16.8,15.5, - 
2171, 73729,24032019,25102021 223854, 222, 27074.7, 24.648, 19.686,0.509118,359.7,302.612,5.20e-01, 16.2, 9.1, - 
2172, 73730,26032019,25102021 145153, 754, 27042.6, 24.672, 10.100,0.552325,359.7,317.127,2.92e-01, 19.6,12.5, - 
2173, 73735,31072019,25102021 153909,   1, 27051.7, 11.357,194.509,0.500858,  0.6, 41.749,9.07e-02, 17.1, 0.1,  3
2174, 73736,09072009,25102021 212501,   1, 27004.5, 23.256,198.298,0.751265,  0.3, 73.742,4.95e-02, 16.7, 0.1,  2
2175, 73737,24032019,25102021 202420, 228, 27071.3, 24.682, 18.374,0.524585,359.7,305.909,3.09e-01, 17.8, 4.1, 81
2176, 73738,17102019,25102021 202705, 563, 27041.4, 11.396,169.320,0.499486,  0.6, 66.137,1.00e-01, 17.3, 1.5, 99
2177, 73800,12062012,25102021 173653,   1, 27073.8, 24.830, 20.078,0.511279,359.7,302.687,7.70e-03, 12.1, 0.1,  1
2178, 73801,19032014,25102021 183808, 863, 27068.1, 63.872,288.311,0.652564,360.0,278.757,2.61e-01, 16.5,26.3, - 
2179, 73802,21012015,25102021 225603,   0, 42164.9,  2.545,  5.536,0.005914,357.3,178.875,1.00e-02,  9.4, 0.1,  1
2180, 73803,25072015,25102021 210012,  77, 27082.3, 62.824,101.059,0.684561,  0.0,267.901,9.32e-02, 17.4, 1.0,210
2181, 73804,15122017,26102021 042123,  94, 27044.2, 27.021, 17.383,0.741226,359.7,110.670,1.96e-01, 16.2, 2.7,337
2182, 73805,06092018,26102021 045904, 773, 27070.0, 21.004,271.429,0.538592,360.0,298.187,2.45e-01, 17.1,28.8, - 
2183, 73806,07092018,25102021 133429,   1, 27055.6, 21.191,279.740,0.508424,359.9,285.735,4.58e-02, 15.5, 0.1,  1
2184, 73807,07092018,25102021 154304, 846, 27057.9, 21.235,281.286,0.515512,359.9,285.838,1.57e+00, 18.6, -  , - 
2185, 73808,06092018,25102021 220953, 476, 27069.0, 21.229,278.139,0.502560,360.0,285.143,7.07e-02, 18.7, 2.8,648
2186, 73809,29122018,25102021 220827,  10, 27068.7, 21.190,279.643,0.508697,359.9,285.471,2.05e-01, 17.1, 0.2, 45
2187, 73810,26032019,26102021 032219, 582, 27099.0, 24.517, 21.405,0.505089,359.7,296.593,2.73e-01, 18.1,18.3, - 
2188, 73811,26032019,26102021 032552, 696, 27072.2, 25.047, 18.744,0.513841,359.7,300.639,2.26e-01, 17.7,22.9, - 
2189, 73812,27032019,25102021 223650, 255, 27078.8, 24.762, 18.752,0.508140,359.7,303.580,2.55e-01, 17.1, 6.3,501
2190, 73813,26032019,25102021 233325,  14, 27069.8, 24.825, 19.271,0.513403,359.7,303.649,3.17e-01, 17.8, 0.1, 26
2191, 73814,27032019,25102021 175634, 546, 27074.3, 24.694, 20.772,0.506123,359.7,300.803,4.24e-01, 18.0, 5.4, - 
2192, 73815,24032019,26102021 031529, 812, 27070.4, 25.020, 20.458,0.507842,359.7,297.431,1.58e-01, 17.9,13.4, - 
2193, 73816,26032019,25102021 160648, 250, 27071.2, 24.654, 20.850,0.501948,359.7,300.863,3.68e-01, 17.2, 3.1,656
2194, 73817,26032019,26102021 011156,  40, 27070.1, 24.697, 19.070,0.512275,359.7,303.324,2.34e-01, 18.2, 1.3,272
2195, 73818,26032019,25102021 204250, 320, 27077.3, 24.819, 20.857,0.495599,359.7,300.529,4.05e-01, 18.5,10.6, - 
2196, 73819,26032019,25102021 213839, 761, 27064.4, 24.923, 29.210,0.467795,359.8,291.413,5.26e-01, 18.2,14.5, - 
2197, 73820,25032019,25102021 232024, 870, 27071.4, 24.798, 18.350,0.515557,359.7,303.822,6.44e-01, 16.5,31.0, - 
2198, 73821,26032019,26102021 074559, 318, 27094.0, 24.908, 22.316,0.417158,359.7,289.606,4.63e-01, 18.0,23.3,785
2199, 73822,26032019,25102021 182718, 585, 27064.5, 25.128, 22.151,0.511039,359.7,299.502,6.61e-01, 17.8,26.9, - 
2200, 73823,26032019,25102021 170735, 847, 27062.0, 25.068, 20.638,0.502786,359.7,294.351,3.17e-01, 18.3, 9.0, - 
2201, 73824,26032019,25102021 135334, 685, 27072.3, 24.970, 21.337,0.500428,359.7,299.014,3.39e-01, 18.7,11.0, - 
2202, 73825,26032019,25102021 222923, 139, 27077.2, 25.064, 20.337,0.492545,359.7,298.703,3.10e-01, 18.8, 1.3,285
2203, 73826,25032019,25102021 205730, 148, 27099.8, 24.767, 21.289,0.507996,359.7,298.645,3.59e-01, 18.2, 2.3,499
2204, 73827,25032019,25102021 233440, 513, 27079.9, 24.764, 20.883,0.509086,359.7,301.331,4.00e-01, 18.1,14.3, - 
2205, 73828,24032019,25102021 165312, 662, 27073.1, 24.923, 22.119,0.502746,359.7,298.564,3.56e-01, 17.8,23.4, - 
2206, 73829,26032019,25102021 213211, 338, 27078.4, 24.644, 20.206,0.507789,359.7,301.924,2.98e-01, 17.9, 7.0, - 
2207, 73830,25032019,25102021 200602, 109, 27065.3, 24.937, 20.043,0.508870,359.7,302.683,3.12e-01, 17.8, 0.8,140
2208, 73831,26032019,26102021 021856, 525, 27068.6, 24.872, 21.733,0.496317,359.7,294.304,2.82e-01, 17.3, 7.1, - 
2209, 73832,26032019,25102021 200351, 321, 27056.3, 24.991, 18.440,0.527694,359.7,304.003,6.68e-01, 17.8,14.2, - 
2210, 73833,26032019,25102021 203923, 148, 27096.4, 24.906, 20.346,0.509213,359.7,299.253,2.98e-01, 18.7, 3.6,811
2211, 73834,27032019,25102021 172104, 814, 27080.5, 24.953, 14.934,0.528069,359.7,311.249,4.50e-01, 18.6,52.7, - 
2212, 73835,26032019,26102021 023831, 147, 27083.3, 24.631, 20.727,0.504922,359.7,299.406,6.91e-01, 18.1, 3.4,749
2213, 73836,26032019,25102021 234422, 561, 27079.7, 24.456, 21.345,0.507667,359.7,299.828,2.70e-01, 19.3,60.7, - 
2214, 73837,26032019,25102021 202324, 853, 27078.2, 25.049, 18.017,0.516553,359.7,303.227,2.57e-01, 17.5,20.4, - 
2215, 73838,27032019,26102021 053630, 882, 27072.5, 24.872, 20.971,0.504682,359.7,297.372,1.99e-01, 19.0, 6.2, - 
2216, 73839,25032019,26102021 002142, 582, 27072.2, 24.884, 16.897,0.532976,359.7,310.050,3.56e-01, 18.3, 5.1,951
2217, 73840,26032019,26102021 001121, 614, 27072.6, 24.697, 18.510,0.514848,359.7,303.674,1.23e+00, 18.9, 5.5,781
2218, 73841,27032019,25102021 162712, 558, 27073.3, 24.724, 19.696,0.511709,359.7,302.607,4.25e-01, 18.4,20.2, - 
2219, 73842,26032019,25102021 235226, 886, 27075.4, 24.789, 13.433,0.525927,359.7,309.577,6.71e-01, 18.5,15.3, - 
2220, 73843,26032019,25102021 145827, 867, 27074.6, 24.840, 13.750,0.525168,359.7,309.570,4.15e-01, 18.8,15.2, - 
2221, 73844,26032019,26102021 045953, 573, 27061.8, 24.720, 20.964,0.507220,359.7,301.190,2.71e-01, 18.4, 5.4, - 
2222, 73845,24032019,26102021 050001, 534, 27074.1, 24.660, 19.275,0.516252,359.7,303.660,6.92e-01, 17.6,14.8, - 
2223, 73846,26032019,25102021 173523, 570, 27074.7, 24.790, 19.997,0.511106,359.7,302.410,3.34e-01, 17.9,31.0, - 
2224, 73847,26032019,25102021 192233, 810, 27066.6, 24.667, 19.700,0.512450,359.7,303.127,5.91e-01, 18.1,23.6, - 
2225, 73848,26032019,25102021 213037, 465, 27068.5, 24.757, 19.736,0.509907,359.7,303.150,3.54e-01, 18.4, 6.8, - 
2226, 73849,27032019,26102021 063259, 228, 27045.3, 24.905, 17.858,0.519838,359.7,304.940,6.86e-01, 16.7, 7.9, - 
2227, 73850,26032019,25102021 203914, 834, 27080.0, 24.854, 17.778,0.517362,359.7,305.417,4.22e-01, 18.8,53.1, - 
2228, 73851,26032019,25102021 230559, 563, 27069.6, 24.587, 20.081,0.507807,359.7,299.215,3.85e-01, 16.3,19.3, - 
2229, 73852,26032019,25102021 214141, 123, 27092.6, 24.613, 19.953,0.510014,359.7,300.494,2.26e-01, 17.8, 7.2, - 
2230, 73853,26032019,25102021 171206, 845, 27065.4, 24.697, 19.158,0.513889,359.7,304.625,6.65e-01, 18.8,27.3, - 
2231, 73854,26032019,25102021 202247, 570, 27095.4, 24.424, 22.357,0.498651,359.7,298.481,2.80e-01, 18.0, 3.0,554
2232, 73855,26032019,25102021 200048, 150, 27089.2, 24.407, 18.619,0.520673,359.7,306.005,4.31e-01, 16.8, 9.3, - 
2233, 73856,24032019,25102021 232622, 766, 27080.9, 24.620, 15.681,0.526375,359.7,307.872,3.56e-01, 18.4,32.4, - 
2234, 73857,25032019,25102021 204848, 421, 27077.1, 24.785, 19.879,0.512877,359.7,302.362,3.76e-01, 18.5,11.0, - 
2235, 73858,26032019,26102021 020151, 742, 27073.7, 24.866, 17.774,0.520057,359.7,307.935,3.46e-01, 19.3, 3.9,884
2236, 73859,24032019,25102021 170733, 471, 27073.4, 24.784, 19.981,0.512725,359.7,302.686,4.78e-01, 16.2,11.6, - 
2237, 73860,26032019,25102021 153756, 545, 27083.8, 24.664, 20.529,0.510164,359.7,302.884,4.17e-01, 17.7,19.9, - 
2238, 73861,26032019,25102021 225204, 535, 27069.9, 24.692, 20.043,0.511767,359.7,300.729,2.56e-01, 17.3, 8.0, - 
2239, 73862,24032019,26102021 002004, 400, 27079.9, 24.865, 19.261,0.514896,359.7,303.513,3.39e-01, 19.0, 3.3,429
2240, 73863,24032019,26102021 005443, 673, 27081.0, 24.707, 17.931,0.518967,359.7,305.378,2.89e-01, 18.8, 2.8,551
2241, 73864,26032019,25102021 164725, 244, 27082.6, 24.646, 20.645,0.509547,359.7,301.459,3.02e-01, 17.6, 1.6,351
2242, 73865,24032019,26102021 000828, 601, 27061.4, 24.904, 16.734,0.526016,359.7,309.534,2.88e-01, 18.8, 7.6, - 
2243, 73866,26032019,25102021 210212, 589, 27075.7, 24.656, 21.552,0.495358,359.7,297.445,3.10e-01, 18.4, 6.3, - 
2244, 73867,24032019,25102021 162136, 759, 27065.5, 24.784, 12.742,0.533062,359.7,312.319,2.99e-01, 19.0,24.5, - 
2245, 73868,24032019,26102021 022220, 128, 27070.6, 24.614, 18.902,0.514584,359.7,304.229,2.88e-01, 16.9, 4.4, - 
2246, 73869,24032019,25102021 192931, 613, 27076.2, 24.627, 20.075,0.509001,359.7,301.640,3.10e-01, 17.7,16.7, - 
2247, 73870,24032019,25102021 224132, 810, 27103.3, 27.176,  6.355,0.519966,359.7,314.594,3.73e-01, 18.9,17.0, - 
2248, 73871,24032019,26102021 022750, 164, 27071.4, 24.809, 19.727,0.509664,359.7,302.645,3.24e-01, 18.4, 1.9,439
2249, 73872,30032019,25102021 154213, 164, 27087.5, 24.681, 18.361,0.518308,359.7,305.611,3.49e-01, 18.8, 4.9, - 
2250, 73873,31032019,26102021 011158, 908, 27052.8, 24.733, 18.439,0.515495,359.7,304.696,7.47e-01, 19.4,27.3, - 
2251, 73874,30032019,25102021 205514, 173, 27077.3, 24.789, 19.689,0.511857,359.7,302.483,4.36e-01, 17.8, 7.0, - 
2252, 73875,30032019,25102021 230436, 810, 27066.7, 24.745, 21.913,0.505084,359.7,300.363,4.15e-01, 19.1,59.6, - 
2253, 73876,30032019,25102021 144347, 164, 27074.1, 24.845, 19.675,0.509277,359.7,303.394,4.66e-01, 18.2,10.0, - 
2254, 73877,31032019,25102021 153127, 522, 27053.4, 24.595, 19.697,0.511281,359.7,302.286,4.16e-01, 18.2,28.5, - 
2255, 73878,24032019,25102021 235656, 628, 27070.8, 24.667, 20.346,0.506997,359.7,301.483,6.60e-01, 18.4,29.2, - 
2256, 73879,30032019,26102021 041656, 582, 27073.8, 24.737, 20.645,0.506793,359.7,300.585,3.38e-01, 18.6,31.8, - 
2257, 73880,24032019,26102021 045910, 602, 27063.9, 24.860, 21.643,0.510039,359.7,300.461,8.50e-01, 18.1,16.2, - 
2258, 73881,24032019,25102021 170258, 572, 27062.7, 24.795, 22.549,0.498940,359.7,298.185,4.80e-01, 17.8,32.4, - 
2259, 73882,24032019,26102021 002954, 338, 27058.4, 24.591, 19.208,0.516312,359.7,303.359,1.50e-01, 18.2,38.9, - 
2260, 73883,24032019,25102021 214002, 902, 27071.2, 24.822, 17.484,0.519557,359.7,306.358,6.27e-01, 19.2,26.9, - 
2261, 73884,24032019,25102021 192212, 759, 27067.4, 24.781, 17.133,0.521939,359.7,306.102,2.88e-01, 18.5, 4.2,954
2262, 73885,24032019,26102021 063609, 633, 27062.6, 24.896, 19.054,0.516929,359.7,305.435,2.97e-01, 17.7, 4.4,968
2263, 73886,24032019,26102021 013519, 146, 27079.5, 24.698, 18.836,0.516122,359.7,303.741,5.48e-01, 17.4, 1.5,283
2264, 73887,24032019,25102021 232754, 284, 27065.5, 24.852, 18.570,0.522390,359.7,304.827,3.45e-01, 18.3, 8.7, - 
2265, 73888,24032019,26102021 010116, 698, 27070.9, 24.811, 18.629,0.516445,359.7,304.600,4.17e-01, 18.0,16.4, - 
2266, 73889,24032019,25102021 135541, 882, 27067.5, 24.759, 16.694,0.520659,359.7,306.790,4.71e-01, 19.0,16.6, - 
2267, 73890,24032019,25102021 135830, 761, 27073.0, 24.693, 17.486,0.520392,359.7,305.966,4.02e-01, 18.2,20.6, - 
2268, 73891,24032019,25102021 130339, 557, 27072.3, 24.802, 19.257,0.513906,359.7,302.362,4.93e-01, 18.0,22.1, - 
2269, 73892,24032019,26102021 054948, 852, 27077.3, 24.821, 18.109,0.516415,359.7,304.242,7.67e-01, 18.5,51.6, - 
2270, 73893,24032019,26102021 015627,  24, 27081.7, 24.746, 20.333,0.509418,359.7,301.993,3.47e-01, 18.9, 0.5,104
2271, 73894,24032019,25102021 193655, 550, 27073.8, 24.643, 24.913,0.485572,359.7,292.180,3.52e-01, 18.2,12.0, - 
2272, 73895,24032019,25102021 232029, 869, 27074.6, 24.750, 13.435,0.527965,359.7,313.289,3.46e-01, 19.3, 2.1,320
2273, 73896,24032019,25102021 174857, 338, 27072.5, 25.363, 24.169,0.471896,359.7,295.464,1.04e-01, 17.1,11.3, - 
2274, 73897,24032019,25102021 164406, 442, 27072.9, 24.275, 20.383,0.504804,359.7,297.446,4.32e-01, 17.8, 1.9,428
2275, 73898,24032019,26102021 003135, 343, 27091.1, 24.781, 21.700,0.505512,359.7,299.767,1.90e-01, 18.4, 2.2,473
2276, 73899,24032019,25102021 130803, 507, 27069.7, 24.837, 20.765,0.506364,359.7,302.875,3.80e-01, 17.5, 4.5,919
2277, 73900,06092018,25102021 135128,  16, 27014.0, 21.241,288.935,0.489986,359.9,272.094,3.79e-01, 16.3, 0.8,184
2278, 73901,10092018,25102021 151230,  11, 27102.4, 21.253,289.890,0.485173,359.9,269.422,6.38e-02, 17.4, 0.2, 41
2279, 73902,11092018,25102021 194318,   2, 27098.5, 21.214,279.378,0.510432,359.9,285.729,5.57e-02, 16.4, 0.1,  4
2280, 73903,06092018,26102021 061350, 841, 27086.5, 21.076,278.009,0.538447,360.0,282.706,3.24e+00, 17.4, -  , - 
2281, 73904,26032019,25102021 152526, 525, 27075.0, 24.625, 17.499,0.526404,359.7,308.311,6.93e-01, 17.7, 4.0,779
2282, 73905,27032019,25102021 153314, 581, 27073.0, 24.702, 19.217,0.513286,359.7,302.269,5.39e-01, 18.4,30.4, - 
2283, 73906,24032019,25102021 230933, 534, 27081.2, 24.746, 16.487,0.528459,359.7,300.659,6.09e-01, 17.4,31.5, - 
2284, 73907,26032019,25102021 231614, 555, 27081.4, 24.880, 17.246,0.523842,359.7,308.842,2.96e-01, 17.6, 3.2,354
2285, 73908,25032019,26102021 015121, 535, 27079.6, 24.717, 21.617,0.502043,359.7,301.914,3.14e-01, 17.6, 5.3, - 
2286, 73909,26032019,26102021 001619, 164, 27064.1, 24.790, 19.435,0.512252,359.7,302.129,7.31e-01, 18.6, 2.3,523
2287, 73910,25032019,25102021 212512, 671, 27076.0, 24.673, 23.261,0.493019,359.7,295.341,5.74e-01, 17.9,14.5, - 
2288, 73911,26032019,26102021 021558, 852, 27089.5, 24.425,  5.908,0.554946,359.7,319.913,6.69e-01, 17.5,68.0, - 
2289, 73912,26032019,26102021 071655, 766, 27074.8, 24.789, 21.738,0.506335,359.7,300.419,6.13e-01, 18.4,24.0, - 
2290, 73913,28032019,26102021 032808, 174, 27091.2, 24.835, 21.031,0.508842,359.7,300.339,5.83e-01, 17.8, 6.7, - 
2291, 73914,24032019,26102021 024030, 119, 27082.0, 24.778, 20.564,0.508522,359.7,301.454,2.89e-01, 18.8, 3.2,700
2292, 73915,26032019,25102021 232257, 636, 27078.8, 24.912, 16.698,0.529744,359.7,308.769,2.83e-01, 17.5, 7.5, - 
2293, 73916,26032019,25102021 163443, 118, 27076.1, 24.904, 20.668,0.532446,359.7,298.852,3.50e-01, 19.0, 3.3,397
2294, 73917,24032019,25102021 180500, 818, 27083.1, 24.616, 21.218,0.509043,359.7,300.658,3.22e-01, 18.2,12.6, - 
2295, 73918,24032019,25102021 203130, 562, 27056.9, 24.650, 19.667,0.510747,359.7,302.828,5.11e-01, 17.4,15.9, - 
2296, 73919,24032019,26102021 054746, 462, 27084.0, 24.758, 20.261,0.510623,359.7,301.720,4.57e-01, 16.6,19.0, - 
2297, 73920,24032019,25102021 151726, 565, 27081.4, 24.799, 21.624,0.505048,359.7,300.017,3.48e-01, 19.3,10.5, - 
2298, 73921,27032019,25102021 202401, 321, 27074.5, 23.954, 16.259,0.543851,359.7,308.823,6.31e-01, 17.5,22.3, - 
2299, 73922,24032019,25102021 171100, 151, 27074.4, 24.628, 18.475,0.519453,359.7,304.799,4.77e-01, 16.0, 6.3, - 
2300, 73923,24032019,25102021 222132, 561, 27077.5, 24.731, 21.660,0.505483,359.7,300.238,3.53e-01, 18.4, 7.0, - 
2301, 73924,29032019,26102021 023503, 542, 27051.3, 24.746, 20.981,0.506359,359.7,300.542,3.31e-01, 16.6, 2.5,569
2302, 73925,30032019,25102021 224230, 324, 27058.3, 24.696, 20.529,0.504161,359.7,303.205,6.13e-01, 17.2,19.4, - 
2303, 73926,24032019,25102021 172707, 402, 27053.9, 25.202, 18.055,0.514211,359.7,304.915,2.93e-01, 18.4, 9.0, - 
2304, 73927,30032019,25102021 191406, 520, 27086.5, 24.917, 19.047,0.513041,359.7,302.856,6.12e-01, 18.1, 7.0, - 
2305, 73928,30032019,25102021 235318, 872, 27085.0, 24.739, 16.413,0.522211,359.7,311.161,4.69e-01, 18.6, 6.9, - 
2306, 73929,24032019,26102021 015440, 582, 27080.4, 24.682, 20.112,0.510807,359.7,301.728,3.65e-01, 18.7,22.4, - 
2307, 73930,30032019,25102021 235920, 313, 27100.1, 24.733, 20.307,0.512239,359.7,302.341,3.01e-01, 18.3, 1.6,303
2308, 73931,30032019,25102021 203330, 608, 27096.3, 24.770, 20.710,0.509773,359.7,301.511,3.06e-01, 19.5, 1.9,236
2309, 73932,30032019,25102021 220452, 586, 27070.2, 24.700, 18.060,0.520934,359.7,305.864,2.60e-01, 19.3,13.4, - 
2310, 73933,30032019,25102021 214126, 516, 27057.5, 24.741, 19.900,0.511022,359.7,301.947,5.78e-01, 17.8, 5.0, - 
2311, 73934,30032019,25102021 182707, 636, 27074.7, 24.769, 20.596,0.508910,359.7,301.699,3.05e-01, 18.9, 3.3,760
2312, 73935,24032019,26102021 002243, 847, 27071.9, 24.642, 19.203,0.515521,359.7,306.672,5.94e-01, 19.6,47.8, - 
2313, 73936,03042019,25102021 213625,  85, 27086.5, 24.856, 19.745,0.509912,359.7,302.322,5.42e-01, 16.3, 3.6,804
2314, 73937,01042019,25102021 204203, 582, 27087.4, 24.694, 20.266,0.508921,359.7,300.314,3.83e-01, 17.9, 4.6,792
2315, 73938,01042019,26102021 004635, 225, 27069.0, 24.794, 19.684,0.512117,359.7,303.032,2.91e-01, 18.3, 4.3,935
2316, 73939,24032019,25102021 182037, 229, 27096.4, 25.024, 20.847,0.506040,359.7,298.593,4.98e-01, 18.4, 5.7,609
2317, 73940,24032019,26102021 023304, 582, 27082.9, 24.897, 15.845,0.535024,359.7,312.445,2.80e-01, 18.5, 4.8, - 
2318, 73941,24032019,25102021 182942, 337, 27075.0, 24.758, 19.969,0.511282,359.7,302.520,2.98e-01, 18.8, 3.2,733
2319, 73942,24032019,25102021 125737,   8, 27071.4, 24.739, 19.589,0.512600,359.7,302.555,6.03e-01, 17.3, 0.1, 16
2320, 73943,24032019,25102021 162501, 561, 27074.8, 24.763, 17.889,0.523323,359.7,307.732,5.38e-01, 18.6,26.0, - 
2321, 73944,24032019,25102021 190825,  23, 27084.0, 24.773, 20.380,0.510236,359.7,301.624,3.43e-01, 18.5, 0.3, 56
2322, 73945,24032019,25102021 233103, 812, 27077.2, 24.785, 23.606,0.498075,359.7,297.972,3.14e-01, 18.5,34.5, - 
2323, 73946,24032019,25102021 212820, 164, 27107.0, 24.600, 20.930,0.510457,359.7,299.169,3.87e-01, 19.0,10.5,913
2324, 73947,24032019,26102021 000119, 353, 27090.9, 24.773, 20.436,0.510908,359.7,302.852,2.89e-01, 16.7,33.3, - 
2325, 73948,24032019,25102021 211221, 746, 27063.6, 24.729, 23.541,0.499852,359.7,297.806,4.24e-01, 18.5,24.6, - 
2326, 73949,24032019,25102021 235728, 831, 27078.2, 24.997, 19.665,0.512826,359.7,297.784,1.25e-01, 18.2,23.4, - 
2327, 73950,24032019,25102021 212347, 614, 27067.0, 24.865, 18.152,0.520164,359.7,305.752,4.02e-01, 18.7,19.2, - 
2328, 73951,24032019,26102021 001703, 421, 27077.4, 24.678, 21.735,0.498953,359.7,301.162,4.28e-01, 18.5, 8.2, - 
2329, 73952,24032019,26102021 033010, 813, 27080.8, 24.662, 21.276,0.508998,359.7,301.811,2.92e-01, 19.3, 5.2, - 
2330, 73953,24032019,25102021 170658, 542, 27072.4, 24.663, 19.909,0.510603,359.7,302.285,3.20e-01, 18.7,10.0, - 
2331, 73954,26032019,25102021 183436, 582, 27068.3, 24.950, 14.896,0.541228,359.7,313.531,7.31e-01, 19.0,27.7, - 
2332, 73955,24032019,25102021 174452, 457, 27077.4, 24.931, 18.783,0.517038,359.7,303.712,7.24e-01, 17.7,14.4, - 
2333, 73956,24032019,26102021 080712, 665, 27075.0, 24.710, 21.502,0.506369,359.7,301.237,2.88e-01, 18.9,17.7, - 
2334, 73957,24032019,25102021 235704, 887, 27076.2, 24.891, 15.725,0.521458,359.7,306.527,3.96e-01, 19.3, 7.9, - 
2335, 73958,24032019,25102021 135907, 338, 27097.1, 25.042, 19.150,0.501231,359.7,303.002,4.55e-01, 17.9, 1.8,388
2336, 73959,24032019,25102021 231033, 576, 27078.8, 24.804, 19.063,0.517935,359.7,304.693,4.95e-01, 18.7,23.5, - 
2337, 73960,26032019,25102021 193318, 561, 27066.3, 24.620, 20.475,0.509071,359.7,300.399,5.97e-01, 18.6, 8.5, - 
2338, 73961,24032019,26102021 013704, 189, 27071.6, 24.761, 18.550,0.517020,359.7,303.843,3.41e-01, 18.3, 1.6,321
2339, 73962,24032019,25102021 224221, 168, 27070.9, 24.706, 20.559,0.502004,359.7,302.312,5.13e-01, 18.1, 7.4, - 
2340, 73963,24032019,25102021 153205, 383, 27061.7, 24.747, 20.780,0.507688,359.7,301.342,3.32e-01, 18.7, 5.7, - 
2341, 73964,24032019,26102021 041421, 836, 27066.2, 24.788, 17.584,0.516605,359.7,305.541,3.74e-01, 19.4,19.1, - 
2342, 73965,24032019,26102021 013243, 201, 27072.2, 24.596, 19.622,0.512543,359.7,303.968,3.14e-01, 18.4, 5.2, - 
2343, 73966,24032019,26102021 010201, 548, 27072.3, 24.645, 17.920,0.518773,359.7,306.846,3.25e-01, 18.2, 7.9, - 
2344, 73967,24032019,25102021 165447, 750, 27089.7, 25.270, 21.146,0.496013,359.7,297.530,3.92e-01, 18.9,30.1, - 
2345, 73968,24032019,25102021 222927, 558, 27067.6, 24.738, 19.881,0.509372,359.7,300.786,4.30e-01, 18.5,14.9, - 
2346, 73969,24032019,26102021 030129, 810, 27097.0, 26.018,  3.203,0.542283,359.7,322.872,5.38e-01, 19.0,18.4, - 
2347, 73970,24032019,25102021 232826, 810, 27069.7, 24.678, 13.290,0.538631,359.7,311.197,3.33e-01, 19.2,16.8, - 
2348, 73971,24032019,25102021 130010, 617, 27070.4, 24.572, 20.913,0.502592,359.7,301.419,6.32e-01, 18.2,15.5, - 
2349, 73972,24032019,25102021 215956, 440, 27077.7, 24.709, 20.481,0.506794,359.7,301.586,4.63e-01, 18.1, 7.6, - 
2350, 73973,03042019,25102021 220310, 756, 27063.1, 24.714, 31.922,0.450885,359.8,280.920,2.57e-01, 18.1, 3.2,553
2351, 73974,24032019,26102021 000527, 175, 27079.7, 24.831, 19.826,0.514674,359.7,302.907,3.65e-01, 18.9, 2.0,304
2352, 73975,03042019,25102021 232329, 814, 27089.8, 24.599, 19.858,0.513099,359.7,303.176,7.05e-01, 18.9,26.0, - 
2353, 73976,24032019,26102021 003426, 163, 27068.8, 24.887, 20.960,0.508636,359.7,298.451,4.30e-01, 17.8, 7.1, - 
2354, 73977,03042019,26102021 013813, 533, 27083.7, 24.759, 18.194,0.522876,359.7,306.417,5.67e-01, 18.2,42.5, - 
2355, 73978,24032019,25102021 192843, 568, 27074.9, 24.771, 20.141,0.510968,359.7,302.232,1.89e-01, 17.8, 9.4, - 
2356, 73979,03042019,25102021 162210, 225, 27082.4, 24.843, 19.534,0.516552,359.7,303.246,2.68e-01, 18.7, 6.3, - 
2357, 73980,03042019,25102021 232337, 730, 27087.9, 24.786, 21.010,0.508376,359.7,300.757,1.74e-01, 19.0,24.7, - 
2358, 73981,03042019,26102021 032452,  41, 27103.4, 24.666, 20.356,0.515670,359.7,300.898,4.17e-01, 16.7, 1.9,347
2359, 73982,24032019,26102021 040008, 851, 27080.2, 24.710, 21.761,0.499287,359.7,294.550,9.33e-01, 19.1,58.0, - 
2360, 73983,24032019,25102021 160335, 321, 27140.4, 25.757, 19.936,0.369571,359.7,280.808,5.81e-01, 17.3,17.2, - 
2361, 73984,04042019,25102021 151539, 402, 27061.4, 24.752, 19.825,0.512539,359.7,302.673,4.70e-01, 18.3, 3.8,861
2362, 73985,24032019,25102021 171749, 847, 27076.0, 24.759, 18.573,0.515199,359.7,304.647,3.45e-01, 18.8, 3.1,555
2363, 73986,24032019,25102021 222226, 550, 27089.6, 24.814, 18.272,0.524537,359.7,308.233,5.55e-01, 18.5,43.2, - 
2364, 73987,24032019,25102021 235045, 867, 27122.2, 27.260,339.884,0.545475,359.8,353.420,6.57e-01, 19.0, -  , - 
2365, 73988,30032019,25102021 231221, 165, 27096.7, 24.716, 20.431,0.495237,359.7,297.621,6.89e-01, 17.7,23.7, - 
2366, 73989,24032019,25102021 152118, 446, 27097.0, 24.738, 20.193,0.513357,359.7,301.987,5.54e-01, 20.0, 1.4,257
2367, 73991,24032019,25102021 174821, 577, 27076.0, 24.733, 19.708,0.513532,359.7,303.362,5.07e-01, 18.7,12.0, - 
2368, 73992,24032019,26102021 021910, 338, 27075.2, 24.802, 16.093,0.549308,359.7,307.633,4.57e-01, 17.3, 6.5, - 
2369, 73993,24032019,25102021 205251, 812, 27077.1, 24.732, 22.407,0.503185,359.7,300.127,8.80e-01, 18.6,54.2, - 
2370, 73994,24032019,25102021 163608, 635, 27081.9, 24.711, 20.397,0.511540,359.7,302.385,3.64e-01, 19.1,11.9, - 
2371, 73995,24032019,25102021 162150, 573, 27082.8, 24.904, 20.382,0.510786,359.7,301.650,2.53e-01, 19.1, 2.6,450
2372, 73996,24032019,25102021 202332, 520, 27091.5, 24.750, 17.489,0.524148,359.7,305.937,3.50e-01, 18.5,18.0, - 
2373, 73997,24032019,26102021 015059, 583, 27079.9, 24.862, 21.247,0.504651,359.7,299.776,3.21e-01, 18.8,11.6, - 
2374, 73998,24032019,25102021 223522, 704, 27078.7, 25.020, 22.353,0.496075,359.7,295.709,3.71e-01, 19.3,32.5, - 
2375, 73999,24032019,25102021 175644, 189, 27086.8, 24.705, 21.860,0.501582,359.7,298.635,5.51e-01, 17.4, 7.5, - 
2376, 74000,28082012,25102021 125508, 161, 27082.9, 27.458,156.236,0.740611,  0.2,245.876,1.54e-01, 16.4, 6.2,732
2377, 74001,06032013,26102021 012854, 901, 27116.0, 62.285,271.808,0.694600,360.0,266.915,3.48e-02, 15.9, 3.3,616
2378, 74002,10032015,26102021 050635,  21, 26851.2, 24.395, 76.539,0.747551,359.9,128.026,5.02e-02, 16.7,28.7, 14
2379, 74003,10092018,25102021 230415,1085, 27171.1, 21.301,306.289,0.435195,359.8,241.700,4.08e+00, 18.6,69.9, - 
2380, 74004,09092018,25102021 175111,1050, 27115.7, 20.869,284.050,0.530072,359.9,274.422,2.78e+00, 18.2, -  , - 
2381, 74005,11092018,25102021 191537,   2, 27106.8, 21.189,278.846,0.516275,360.0,287.577,2.04e-01, 16.0, 0.1,  7
2382, 74006,02042019,25102021 182148, 580, 27075.0, 24.756, 20.217,0.510472,359.7,301.987,3.82e-01, 18.7,20.2, - 
2383, 74007,24032019,25102021 154355, 166, 27086.1, 25.015, 19.641,0.518626,359.7,303.952,4.04e-01, 18.2, 6.9, - 
2384, 74008,24032019,26102021 002354, 533, 27079.2, 24.868, 20.004,0.510867,359.7,302.656,4.99e-01, 17.9,40.6, - 
2385, 74009,24032019,25102021 182917, 872, 27092.0, 25.094, 22.676,0.493866,359.7,290.280,3.03e-01, 19.2,12.0, - 
2386, 74010,24032019,25102021 134343, 161, 27080.7, 24.747, 19.953,0.512251,359.7,301.782,5.93e-01, 18.6, 8.3, - 
2387, 74011,24032019,25102021 202338, 588, 27087.3, 24.798, 19.761,0.512177,359.7,302.224,3.51e-01, 18.2, 6.4, - 
2388, 74012,24032019,25102021 194351, 546, 27085.8, 24.715, 19.411,0.516472,359.7,304.828,3.27e-01, 18.9,11.5, - 
2389, 74013,24032019,26102021 004113, 758, 27075.9, 24.742, 26.022,0.484929,359.7,294.607,4.95e-01, 18.6, -  , - 
2390, 74014,24032019,26102021 005448, 852, 27086.5, 25.019, 15.679,0.521987,359.7,307.521,2.50e-01, 17.4,20.6, - 
2391, 74015,24032019,26102021 020009, 563, 27091.1, 24.694, 19.566,0.514216,359.7,304.074,3.48e-01, 19.1,11.9, - 
2392, 74016,24032019,26102021 021307, 749, 27088.6, 24.635,358.038,0.586445,359.7,333.581,2.95e-01, 18.9, 8.9, - 
2393, 74017,24032019,25102021 144603, 641, 27082.0, 24.738, 17.374,0.523593,359.7,307.065,3.27e-01, 19.0,24.6, - 
2394, 74018,24032019,25102021 163608, 795, 27087.7, 24.991, 15.598,0.526547,359.7,307.187,7.16e-01, 17.8,17.2, - 
2395, 74019,24032019,26102021 070646, 874, 27083.7, 25.005, 19.310,0.507813,359.7,294.293,2.99e-01, 19.4, 2.8,556
2396, 74020,24032019,25102021 201541, 765, 27110.1, 24.709, 19.759,0.515738,359.7,302.925,3.56e-01, 19.0,36.5, - 
2397, 74021,24032019,25102021 193840, 814, 27086.9, 24.876, 19.407,0.512447,359.7,301.666,5.96e-01, 18.3,10.6, - 
2398, 74022,24032019,26102021 001920, 796, 27089.2, 24.817, 20.212,0.508582,359.7,301.621,1.78e-01, 19.5, 9.9, - 
2399, 74023,24032019,25102021 191221, 148, 27091.5, 24.544, 19.173,0.513090,359.7,302.025,5.31e-01, 18.4, 8.4, - 
2400, 74024,24032019,26102021 010438, 818, 27084.3, 24.579, 14.490,0.528647,359.7,309.758,6.22e-01, 18.8,27.3, - 
2401, 74025,24032019,25102021 224320, 581, 27089.8, 24.825, 19.461,0.515814,359.7,304.824,3.39e-01, 19.4, 6.1, - 
2402, 74026,03042019,26102021 005134, 583, 27076.6, 24.774, 25.669,0.483854,359.7,291.656,3.35e-01, 18.3,20.4, - 
2403, 74027,24032019,25102021 182928, 164, 27089.7, 24.770, 19.929,0.508745,359.7,300.586,5.72e-01, 18.4, 5.2, - 
2404, 74028,24032019,25102021 150239, 230, 27083.2, 24.717, 20.576,0.507557,359.7,301.754,5.28e-01, 16.1,14.1, - 
2405, 74029,24032019,26102021 023505, 727, 27100.5, 24.894, 10.427,0.546056,359.7,316.570,6.59e-01, 19.5,17.0, - 
2406, 74030,24032019,25102021 155051, 561, 27085.6, 24.886, 18.070,0.522936,359.7,306.158,3.31e-01, 18.6, 3.6,674
2407, 74031,24032019,26102021 041702, 331, 27082.9, 24.790, 19.742,0.512463,359.7,302.432,4.36e-01, 19.0, 8.2, - 
2408, 74032,24032019,25102021 230319, 818, 27088.4, 24.999, 24.225,0.494244,359.7,297.543,4.15e-01, 19.3,31.5, - 
2409, 74033,24032019,26102021 003732,  11, 27081.4, 24.649, 19.831,0.512346,359.7,302.836,6.84e-01, 17.7, 0.2, 40
2410, 74034,24032019,25102021 231858, 549, 27090.1, 24.758, 19.753,0.511096,359.7,302.160,4.61e-01, 18.9, 5.1,613
2411, 74035,24032019,25102021 164014, 533, 27054.1, 24.957, 19.790,0.510930,359.7,304.463,4.41e-01, 18.2, 4.1,500
2412, 74036,24032019,25102021 134303, 739, 27081.5, 24.637, 20.913,0.505876,359.7,300.587,6.36e-01, 18.6,36.4, - 
2413, 74037,24032019,25102021 165026, 850, 27073.8, 24.776, 19.784,0.512222,359.7,302.940,4.33e-01, 19.4,21.0, - 
2414, 74038,24032019,25102021 175845, 684, 27071.1, 24.701, 28.807,0.470826,359.7,292.102,4.03e-01, 19.4,11.3, - 
2415, 74039,24032019,25102021 135404, 817, 27074.1, 24.733, 15.833,0.523410,359.7,308.180,3.44e-01, 19.7,42.8, - 
2416, 74040,24032019,25102021 233746, 866, 27072.7, 24.785, 17.782,0.517474,359.7,306.666,4.60e-01, 19.4,14.5, - 
2417, 74041,26032019,25102021 154207, 761, 27076.6, 25.051, 18.310,0.511240,359.7,304.770,4.01e-01, 18.7,51.2, - 
2418, 74042,24032019,25102021 232612, 249, 27063.9, 24.622, 19.209,0.513754,359.7,303.371,3.71e-01, 17.6, 5.5,979
2419, 74043,24032019,26102021 063742, 319, 27087.6, 24.385, 19.248,0.499012,359.7,301.010,2.15e-01, 18.0, 8.4, - 
2420, 74044,24032019,25102021 160543, 648, 27087.3, 24.508, 22.570,0.494404,359.7,294.358,3.43e-01, 19.1,23.7, - 
2421, 74045,24032019,25102021 183610, 616, 27086.9, 24.360, 23.736,0.485261,359.7,289.218,3.55e-01, 19.2,26.2, - 
2422, 74046,24032019,26102021 033145, 287, 27063.6, 24.719, 19.618,0.504970,359.7,302.015,6.61e-01, 17.0, 7.5, - 
2423, 74047,24032019,25102021 210317, 872, 27080.6, 24.771, 18.202,0.515920,359.7,303.610,7.91e-01, 19.5,46.0, - 
2424, 74048,07042019,25102021 204215, 583, 27067.6, 24.758, 20.343,0.507518,359.7,301.472,6.04e-01, 19.1,16.3, - 
2425, 74049,08042019,25102021 172703, 607, 27097.7, 24.968, 16.312,0.537875,359.7,311.395,3.82e-01, 19.2, 7.9, - 
2426, 74050,08042019,25102021 193521, 603, 27055.4, 24.749, 19.778,0.505497,359.7,301.996,2.66e-01, 18.9,17.5, - 
2427, 74051,10042019,25102021 180522, 226, 27092.2, 24.928, 18.091,0.530060,359.7,304.941,6.65e-02, 18.0, 1.3,185
2428, 74052,06042019,25102021 222403, 163, 27068.1, 24.908, 18.689,0.515303,359.7,304.076,5.47e-01, 19.1, 7.8, - 
2429, 74053,07042019,25102021 164442, 163, 27083.8, 24.623, 20.310,0.516417,359.7,300.350,4.20e-01, 17.9, 1.1,244
2430, 74054,09042019,26102021 043708,  21, 27119.3, 15.689,287.808,0.721870,359.9,310.570,4.11e+00, 14.5, 7.3, - 
2431, 74055,10042019,26102021 081910,   4, 27013.2, 11.645,163.788,0.500746,  0.6, 69.847,1.21e+00, 16.3, 0.5,107
2432, 74056,06042019,25102021 222947, 871, 27065.1, 24.725, 16.902,0.518810,359.7,305.220,1.94e+00, 19.5, -  , - 
2433, 74057,26032019,25102021 175717, 811, 27067.9, 24.908, 17.598,0.516630,359.7,305.442,3.82e-01, 17.7, 6.8, - 
2434, 74058,24032019,25102021 165817, 561, 27094.2, 24.950, 18.831,0.521690,359.7,307.522,5.91e-01, 17.9, 2.1,474
2435, 74059,06042019,26102021 060310,   4, 27090.9, 11.155,191.933,0.469272,  0.6, 31.959,2.71e+00, 17.7, 0.2, 33
2436, 74060,26032019,26102021 072056, 167, 27061.1, 24.929, 19.129,0.518052,359.7,303.905,3.70e-01, 17.5, 0.9,180
2437, 74061,24032019,25102021 153850, 851, 27067.7, 24.719, 17.214,0.518570,359.7,306.079,7.96e-01, 18.8,39.4, - 
2438, 74062,24032019,26102021 023447,  16, 27071.5, 24.839, 20.652,0.508403,359.7,300.961,3.29e-01, 17.8, 0.2, 43
2439, 74063,24032019,25102021 223438, 202, 27064.9, 24.978, 19.498,0.522729,359.7,305.231,1.28e-01, 19.0, 6.7, - 
2440, 74064,24032019,25102021 225323,   7, 27069.9, 24.800, 19.651,0.512305,359.7,302.790,3.85e-01, 17.3, 0.1, 15
2441, 74065,24032019,25102021 193209, 551, 27066.4, 24.684, 19.631,0.516974,359.7,302.538,7.69e-01, 18.6,69.9, - 
2442, 74066,24032019,25102021 195346, 127, 27065.5, 24.739, 20.177,0.512341,359.7,301.592,3.94e-01, 18.1, 6.9, - 
2443, 74067,24032019,25102021 164806, 886, 27065.1, 24.811, 18.903,0.514179,359.7,303.560,2.88e-01, 19.5,40.5, - 
2444, 74068,24032019,25102021 234322, 601, 27062.1, 24.856, 15.901,0.529115,359.7,309.356,7.32e-01, 18.7,34.5, - 
2445, 74069,26032019,26102021 063726, 600, 27065.1, 24.768, 20.140,0.510633,359.7,302.486,3.64e-01, 19.4, 6.8,863
2446, 74070,24032019,25102021 212602,   9, 27077.1, 24.692, 20.090,0.513379,359.7,301.567,5.17e-01, 18.2, 0.3, 49
2447, 74071,24032019,25102021 232053, 589, 27070.1, 24.576, 21.918,0.497159,359.7,297.921,6.60e-01, 18.7,23.1, - 
2448, 74072,24032019,26102021 023131, 722, 27063.8, 24.888, 18.445,0.516298,359.7,304.368,1.05e+00, 19.3,25.2, - 
2449, 74073,24032019,25102021 165832, 601, 27064.4, 24.799, 19.288,0.514821,359.7,303.666,4.01e-01, 18.8,18.9, - 
2450, 74074,24032019,25102021 161355, 626, 27063.8, 24.738, 19.603,0.512344,359.7,303.020,4.36e-01, 19.1,19.7, - 
2451, 74075,24032019,25102021 204525, 563, 27069.4, 25.637, 15.401,0.541454,359.7,315.287,5.09e-01, 19.3, 9.2, - 
2452, 74076,24032019,25102021 161647, 586, 27063.9, 24.710, 19.889,0.511821,359.7,302.712,4.01e-01, 18.8, 4.9,506
2453, 74077,24032019,25102021 202505, 159, 27068.4, 24.825, 19.627,0.510214,359.7,302.220,6.29e-01, 18.0, 1.4,323
2454, 74078,24032019,26102021 033220, 582, 27060.0, 24.650, 22.856,0.492051,359.7,296.171,3.30e-01, 18.8, 5.6, - 
2455, 74079,01042019,26102021 023334, 551, 27049.5, 24.841, 19.895,0.510691,359.7,302.088,5.79e-01, 17.2,26.6, - 
2456, 74080,24032019,25102021 180708, 602, 27065.3, 24.867, 19.495,0.515052,359.7,304.385,1.40e-01, 18.6,52.3, - 
2457, 74081,24032019,25102021 201645, 581, 27087.3, 24.829, 20.244,0.508519,359.7,299.827,5.82e-01, 18.0,33.1, - 
2458, 74082,24032019,25102021 145033, 902, 27062.8, 24.802, 19.497,0.512247,359.7,302.787,7.06e-01, 18.9,51.0, - 
2459, 74083,24032019,25102021 203126, 565, 27067.2, 24.501, 19.142,0.513576,359.7,298.511,2.50e-01, 18.7, 8.0, - 
2460, 74084,24032019,25102021 174811, 869, 27070.1, 24.736, 16.924,0.522033,359.7,309.945,1.03e+00, 19.5, -  , - 
2461, 74085,24032019,25102021 235008, 174, 27071.8, 25.027, 18.535,0.526341,359.7,309.298,4.00e-01, 17.3, 6.3, - 
2462, 74086,24032019,25102021 164425, 606, 27084.3, 25.003, 10.156,0.566959,359.7,323.742,3.47e-01, 19.5,11.9, - 
2463, 74087,24032019,26102021 015036, 221, 27069.9, 24.754, 20.864,0.503345,359.7,298.544,7.20e-01, 18.0,12.9, - 
2464, 74088,01052019,26102021 083539, 585, 27063.5, 24.905, 11.138,0.552580,359.7,319.392,6.57e-01, 18.7, 1.8,399
2465, 74089,24032019,25102021 224608, 201, 27072.7, 24.653, 18.192,0.512987,359.7,303.042,4.02e-01, 18.5,13.4, - 
2466, 74090,24032019,26102021 063247, 669, 27064.5, 24.676, 19.515,0.510668,359.7,302.289,5.54e-01, 19.1,18.8, - 
2467, 74091,24032019,26102021 080847, 442, 27088.4, 24.631, 18.731,0.516870,359.7,304.473,1.02e+00, 17.2,56.6, - 
2468, 74092,24032019,25102021 225528, 756, 27066.3, 24.780, 24.509,0.494341,359.7,297.386,2.81e-01, 19.2,21.1, - 
2469, 74093,24032019,25102021 223104, 579, 27069.4, 24.673, 19.109,0.512778,359.7,303.500,4.58e-01, 19.5, 2.4,437
2470, 74094,30032019,25102021 191812, 696, 27066.0, 24.772, 17.706,0.521590,359.7,306.408,2.60e-01, 18.3, 4.1,641
2471, 74095,24032019,25102021 214728, 601, 27066.5, 24.761, 20.499,0.504022,359.7,301.160,3.15e-01, 19.4,45.2, - 
2472, 74096,24032019,25102021 220124, 607, 27068.9, 24.801, 19.341,0.512782,359.7,303.320,3.99e-01, 19.0,22.3,990
2473, 74097,24032019,25102021 192827, 810, 27070.1, 24.813, 16.963,0.519711,359.7,306.237,7.15e-01, 19.5, 3.0,598
2474, 74098,26032019,25102021 232845,  11, 27080.6, 24.886, 20.666,0.507400,359.7,301.184,5.73e-01, 18.6, 0.1, 23
2475, 74099,24032019,25102021 210823, 812, 27064.1, 24.799, 29.189,0.472656,359.7,293.689,4.65e-01, 19.2,35.8, - 
2476, 74100,24012015,25102021 183839,  14, 27142.7, 62.097,142.998,0.705170,  0.1,272.346,1.91e-01, 15.8, 0.3, 58
2477, 74101,24062016,26102021 004454,   0, 42165.6,  6.064,302.980,0.020252,359.4,230.740,1.00e-02,  9.7, 0.1,  1
2478, 74102,17102017,25102021 184617, 857, 27134.0, 19.295,  8.099,0.679634,359.6,117.814,8.72e-02, 17.9, 5.3, - 
2479, 74103,16022018,25102021 203616,1236, 27140.0, 62.807,299.953,0.714623,359.9,272.482,2.18e-01, 17.1,21.9, - 
2480, 74104,06092018,25102021 232017,  13, 27140.4, 20.962,285.993,0.537207,359.9,277.352,2.93e+00, 18.5, 1.3,291
2481, 74105,06092018,25102021 173708,   2, 27147.5, 21.178,276.526,0.514261,360.0,288.977,1.88e-02, 17.1, 0.1,  3
2482, 74106,06092018,25102021 133811,  13, 27142.6, 21.243,288.737,0.496677,359.9,272.434,2.15e-01, 17.3, 0.1,  6
2483, 74107,09092018,26102021 051949,1140, 27106.9, 20.872,287.654,0.522999,359.9,267.953,3.90e+00, 18.7,74.0, - 
2484, 74108,24032019,26102021 054607, 633, 27074.3, 24.927, 18.479,0.518195,359.7,304.976,2.98e-01, 18.6,27.3, - 
2485, 74109,25042019,25102021 145635, 292, 27117.0,  9.911,197.995,0.430000,  0.7, 18.966,2.07e+00, 15.0,72.9, - 
2486, 74110,30032019,26102021 005427, 468, 27069.6, 24.668, 20.595,0.501533,359.7,297.303,4.01e-01, 17.5, 9.6, - 
2487, 74111,24032019,25102021 215942, 524, 27110.4, 26.020,  6.840,0.554402,359.7,304.314,7.49e-01, 17.1,10.4, - 
2488, 74112,24032019,25102021 201015, 579, 27066.7, 24.647, 19.086,0.513704,359.7,304.779,3.96e-01, 19.5,42.1, - 
2489, 74113,24032019,26102021 014702, 223, 27078.1, 24.733, 19.598,0.507338,359.7,302.988,5.89e-01, 17.3,12.8, - 
2490, 74114,24032019,25102021 213219, 189, 27067.1, 24.838, 19.227,0.513079,359.7,303.049,2.66e-01, 20.5, 5.9, - 
2491, 74115,03042019,25102021 193251, 128, 27061.3, 24.652, 18.554,0.517601,359.7,302.994,1.00e+00, 17.8,13.9, - 
2492, 74116,26032019,26102021 004143, 256, 27080.2, 24.705, 18.844,0.517832,359.7,304.985,5.01e-01, 17.1, 6.3, - 
2493, 74117,01042019,25102021 200218, 582, 27067.8, 24.634, 19.974,0.508625,359.7,301.776,6.80e-01, 19.0,29.5, - 
2494, 74118,24032019,25102021 200754, 524, 27057.0, 24.780, 19.902,0.512429,359.7,303.458,1.05e-01, 19.7, 4.2,735
2495, 74119,24032019,25102021 202106, 551, 27070.7, 24.871, 17.205,0.533858,359.7,309.768,5.48e-01, 18.3,10.2, - 
2496, 74120,01052019,25102021 161316, 322, 27074.1, 24.858, 20.089,0.510048,359.7,302.075,5.60e-01, 18.2, 9.2, - 
2497, 74121,26032019,26102021 002647, 441, 27070.3, 24.874, 19.270,0.514578,359.7,304.391,5.77e-01, 18.7,27.6, - 
2498, 74122,24032019,25102021 154630, 812, 27073.2, 24.823, 19.490,0.512996,359.7,303.140,4.71e-01, 19.6,44.9, - 
2499, 74123,24032019,25102021 224315, 470, 27070.6, 24.883, 19.073,0.515751,359.7,303.425,7.79e-01, 18.1,11.3, - 
2500, 74124,30032019,25102021 171836, 230, 27051.3, 24.910, 19.440,0.511519,359.7,307.118,5.91e-01, 17.4,14.3, - 
2501, 74125,24032019,25102021 172924, 810, 27087.9, 25.550,  6.344,0.542929,359.7,318.574,3.99e-01, 19.5,24.6, - 
2502, 74126,05042019,25102021 193314, 177, 27064.1, 24.976, 19.346,0.513621,359.7,303.123,6.85e-01, 17.0,11.6, - 
2503, 74127,24032019,26102021 063639,  18, 27057.2, 24.966, 18.698,0.509593,359.7,304.763,5.08e-01, 18.1, 0.4, 97
2504, 74128,21042019,25102021 215534, 265, 27072.6, 24.963, 20.211,0.504660,359.7,301.286,6.16e-01, 17.5, 7.9, - 
2505, 74129,24032019,26102021 024616, 582, 27072.6, 24.686, 19.980,0.509230,359.7,301.733,6.58e-01, 19.4,32.3, - 
2506, 74130,26032019,25102021 134114, 703, 27070.7, 24.907, 20.340,0.509774,359.7,300.883,4.98e-01, 17.4,13.0, - 
2507, 74131,24032019,26102021 055124, 321, 27087.5, 25.236, 17.272,0.518708,359.7,303.893,4.08e-01, 17.9, 4.1,819
2508, 74132,26032019,26102021 005028, 371, 27069.8, 24.861, 18.874,0.517291,359.7,304.212,2.43e-01, 17.7, 7.9, - 
2509, 74133,26032019,25102021 171407, 782, 27079.5, 25.076, 17.680,0.514219,359.7,304.199,3.74e-01, 19.3,10.7, - 
2510, 74134,24032019,25102021 205224, 739, 27069.8, 24.814, 17.383,0.518665,359.7,305.649,8.04e-01, 19.4,61.2, - 
2511, 74135,30032019,25102021 130904, 778, 27068.7, 24.769, 23.990,0.494694,359.7,297.181,3.79e-01, 19.0,26.6, - 
2512, 74136,24032019,25102021 231304, 909, 27071.2, 24.800, 18.524,0.515241,359.7,303.891,6.07e-01, 19.8,85.9, - 
2513, 74137,24032019,25102021 130227, 778, 27070.6, 24.779, 21.085,0.507136,359.7,301.067,5.25e-01, 19.0,13.9,926
2514, 74138,03042019,25102021 214624, 320, 27070.8, 24.771, 19.128,0.511321,359.7,303.917,2.67e-01, 17.1, 2.4,514
2515, 74139,24032019,25102021 235715, 201, 27066.5, 24.779, 20.115,0.506031,359.7,301.254,6.81e-01, 18.4, 3.6,788
2516, 74140,30032019,25102021 223859, 751, 27067.9, 24.774, 21.585,0.504824,359.7,300.402,2.21e-01, 19.6,14.2, - 
2517, 74141,01042019,26102021 050631, 294, 27061.8, 24.671, 18.352,0.518187,359.7,305.404,3.93e-01, 17.2, 4.6, - 
2518, 74142,24032019,25102021 204440, 564, 27067.4, 24.904, 19.808,0.513254,359.7,304.625,5.30e-01, 17.8,37.6, - 
2519, 74143,03042019,25102021 155225, 222, 27047.3, 24.888, 18.680,0.517658,359.7,305.513,3.23e-01, 16.9,20.7, - 
2520, 74144,24032019,26102021 080635, 506, 27066.6, 24.797, 19.231,0.520505,359.7,304.472,5.85e-01, 17.1, 8.5, - 
2521, 74145,25032019,25102021 145831,   9, 27072.9, 24.750, 20.080,0.512066,359.7,301.679,5.29e-01, 17.4, 0.3, 52
2522, 74146,26032019,26102021 003247, 782, 27072.2, 24.903, 18.301,0.515225,359.7,304.793,7.78e-01, 18.0,34.6, - 
2523, 74147,01042019,25102021 143707, 331, 27059.8, 24.771, 17.495,0.533321,359.7,305.880,5.87e-01, 18.5,16.4, - 
2524, 74148,30032019,25102021 205258, 850, 27074.8, 25.160, 13.733,0.529673,359.7,309.108,6.42e-01, 19.1,46.6, - 
2525, 74149,25032019,26102021 080211, 195, 27096.5, 24.615, 22.301,0.488809,359.7,296.713,4.49e-01, 17.4,10.6, - 
2526, 74150,30032019,25102021 201329, 851, 27075.7, 25.257, 14.332,0.525975,359.7,308.506,4.84e-01, 18.9,60.0, - 
2527, 74151,26032019,26102021 080735, 636, 27077.0, 24.712, 19.480,0.512686,359.7,303.077,6.40e-01, 19.3, 6.7, - 
2528, 74152,26032019,25102021 172248, 817, 27077.6, 24.646, 15.883,0.521991,359.7,308.143,4.93e-01, 19.0,37.9, - 
2529, 74153,03042019,25102021 161221, 630, 27073.3, 24.893, 19.182,0.513890,359.7,303.427,3.75e-01, 19.0,35.8, - 
2530, 74154,24032019,25102021 162741, 166, 27083.0, 24.869, 19.644,0.517736,359.7,303.115,8.31e-01, 18.4, 9.1, - 
2531, 74155,26032019,25102021 191823, 736, 27068.0, 24.884, 18.772,0.513458,359.7,303.497,5.64e-01, 19.1,34.8, - 
2532, 74156,05042019,25102021 154650, 665, 27057.4, 24.545, 22.791,0.488454,359.7,293.440,2.03e+00, 18.1, -  , - 
2533, 74157,24032019,25102021 161332, 820, 27082.3, 24.658, 15.864,0.529501,359.7,308.306,5.41e-01, 18.8,25.7, - 
2534, 74158,24032019,25102021 165752, 727, 27086.2, 24.959, 19.372,0.510984,359.7,302.276,9.61e-01, 18.3,62.8, - 
2535, 74159,26032019,25102021 183256,   2, 27075.7, 24.776, 18.929,0.515290,359.7,303.601,5.41e-01, 16.2, 0.1,  4
2536, 74160,26032019,25102021 225606, 136, 27082.7, 24.822, 20.771,0.503290,359.7,301.479,6.46e-01, 18.5, 3.7,850
2537, 74161,24032019,25102021 162511, 867, 27075.5, 24.672, 18.663,0.515096,359.7,305.286,6.51e-01, 18.6,34.4, - 
2538, 74162,24032019,25102021 153726, 607, 27072.2, 24.562, 20.958,0.502700,359.7,300.332,6.99e-01, 19.4,30.3, - 
2539, 74163,28032019,26102021 003905, 890, 27063.3, 24.701, 18.211,0.515941,359.7,304.292,1.18e+00, 19.0, -  , - 
2540, 74164,09042019,25102021 160236, 471, 27072.7, 24.862, 19.235,0.514462,359.7,302.883,6.66e-01, 18.9,31.3, - 
2541, 74165,03042019,25102021 202818, 761, 27099.2, 25.289, 17.351,0.506786,359.7,303.510,5.95e-01, 19.0,38.8, - 
2542, 74166,24032019,25102021 153503, 546, 27074.4, 24.771, 18.826,0.517225,359.7,305.286,5.04e-01, 18.0,26.3, - 
2543, 74167,24032019,25102021 235357, 792, 27073.8, 24.810, 15.795,0.524636,359.7,307.850,6.72e-01, 19.3,71.9, - 
2544, 74168,24032019,26102021 023125, 810, 27072.3, 24.847, 18.938,0.514157,359.7,303.839,5.24e-01, 19.3, 7.7, - 
2545, 74169,24032019,26102021 005052, 927, 27071.2, 24.721, 19.370,0.513180,359.7,303.075,6.55e-01, 19.7, -  , - 
2546, 74170,24032019,25102021 235534, 164, 27070.7, 24.980, 19.574,0.510784,359.7,302.035,7.59e-01, 17.3, 8.2, - 
2547, 74171,24032019,25102021 125933, 232, 27086.5, 24.713, 19.029,0.516640,359.7,305.020,6.61e-01, 17.9,22.6, - 
2548, 74172,10042019,25102021 212256, 850, 27075.9, 25.099, 20.720,0.507961,359.7,297.395,1.94e-01, 19.1, -  , - 
2549, 74173,24032019,25102021 231638, 543, 27070.0, 24.803, 18.916,0.514519,359.7,304.633,6.61e-01, 17.1,16.7, - 
2550, 74175,24032019,26102021 081007, 200, 27050.4, 24.853, 18.478,0.520077,359.7,304.604,4.31e-01, 17.1, 3.0,488
2551, 74177,24032019,25102021 222805, 811, 27068.0, 25.018, 19.332,0.514047,359.7,304.074,4.18e-01, 17.8,64.5, - 
2552, 74179,24032019,25102021 175528, 529, 27074.6, 24.863, 21.453,0.504268,359.7,299.853,5.49e-01, 18.0,31.6, - 
2553, 74180,24032019,25102021 160618, 563, 27073.8, 24.779, 20.086,0.509790,359.7,301.601,7.34e-01, 19.1,23.3, - 
2554, 74181,26032019,25102021 133806, 160, 27072.0, 24.877, 20.266,0.509406,359.7,300.494,8.54e-01, 17.9, 8.4, - 
2555, 74182,24032019,25102021 234535, 869, 27077.8, 24.614, 22.176,0.503543,359.7,301.032,4.62e-01, 19.6,23.5, - 
2556, 74183,24032019,25102021 232033, 761, 27069.7, 24.692, 16.274,0.526431,359.7,306.369,3.73e-01, 19.4, 6.3, - 
2557, 74184,24032019,25102021 195613, 313, 27061.9, 24.778, 19.019,0.522397,359.7,303.357,1.55e-01, 18.3,20.0, - 
2558, 74185,26032019,25102021 145716, 195, 27076.7, 24.822, 21.166,0.501757,359.7,300.935,7.98e-01, 18.1,16.2, - 
2559, 74187,31052019,26102021 021204, 621, 27070.8, 10.791,179.681,0.483388,  0.6, 55.807,1.59e+00, 17.8,70.4, - 
2560, 74188,07042019,25102021 181248, 454, 27074.0, 24.372, 23.047,0.491819,359.7,300.620,2.78e-02, 17.0, 8.5, - 
2561, 74189,24032019,25102021 134143, 163, 27132.9, 24.802, 19.856,0.511006,359.7,302.690,2.89e-01, 18.1, 9.3,626
2562, 74190,24032019,25102021 212520, 586, 27054.1, 24.977, 17.236,0.530986,359.7,309.453,3.97e-01, 18.9, 2.2,397
2563, 74193,29032019,25102021 135006, 546, 27061.9, 24.756, 18.960,0.517586,359.7,305.317,4.97e-01, 18.3,38.2, - 
2564, 74194,30032019,25102021 214827, 659, 27067.6, 24.822, 20.562,0.509934,359.7,301.383,4.35e-01, 19.4,59.1, - 
2565, 74195,03042019,25102021 202231, 591, 27067.0, 24.741, 20.659,0.506256,359.7,300.134,6.43e-01, 19.3,28.5,413
2566, 74196,26032019,25102021 194003, 192, 27062.8, 24.648, 19.473,0.515464,359.7,304.614,5.96e-01, 17.2, 7.5, - 
2567, 74197,30032019,25102021 222145, 692, 27075.5, 24.951, 30.292,0.444831,359.8,283.076,9.78e-01, 19.3, -  , - 
2568, 74198,02042019,25102021 162532, 253, 27058.9, 24.736, 19.226,0.499132,359.7,301.243,4.78e+00, 18.0, -  , - 
2569, 74199,27052019,25102021 233218, 185, 27077.1, 24.880, 18.562,0.518391,359.7,303.791,6.11e-01, 16.8, 4.1,618
2570, 74200,27122013,25102021 160928,   7, 27173.6, 63.344, 98.365,0.716766,  0.0,270.753,1.71e-01, 14.1, 0.1, 27
2571, 74201,12092014,25102021 190620,   1, 27198.1, 26.284,294.209,0.720233,359.9, 60.652,7.99e-02, 13.3, 0.1,  4
2572, 74202,03102014,26102021 031638,   1, 27167.2, 56.367, 43.965,0.001687,359.9, 99.478,8.58e-03, 11.0, 0.1,  1
2573, 74203,06092018,25102021 231029, 984, 27157.7, 21.243,285.740,0.509058,359.9,278.924,1.00e-02, 19.2, 6.5, - 
2574, 74204,08092018,25102021 161111, 293, 27097.9, 20.813,297.677,0.476260,359.8,255.048,4.21e+00, 17.2,23.5, - 
2575, 74205,12102018,26102021 073730,   5, 27166.5, 67.032,298.323,0.517175,359.9,167.890,1.95e+00, 17.2, 0.1, 25
2576, 74206,07042019,26102021 040712,   1, 27061.4, 10.875,193.016,0.487716,  0.6, 39.300,1.21e+00, 14.8, 0.4, 93
2577, 74207,06042019,26102021 070438, 581, 27148.3, 12.068,165.680,0.556861,  0.6, 62.206,2.01e+00, 14.3, -  , - 
2578, 74208,06042019,26102021 034733,   2, 27179.2, 11.146,187.598,0.449596,  0.6, 33.415,7.96e-02, 16.8, 0.1,  7
2579, 74209,06042019,25102021 172835,   1, 27163.1, 11.087,192.985,0.477356,  0.6, 34.690,1.08e+00, 16.7, 0.2, 30
2580, 74210,06042019,25102021 225432,  17, 27252.7, 11.099,186.001,0.491567,  0.6, 43.270,3.97e+00, 17.9,17.7, - 
2581, 74211,30032019,26102021 010813, 140, 27082.2, 24.623, 18.308,0.516481,359.7,305.238,7.24e-01, 17.3, 2.7,564
2582, 74212,26032019,25102021 180030, 173, 27069.1, 24.717, 17.686,0.534814,359.7,308.662,4.34e-01, 17.6, 7.0, - 
2583, 74213,26032019,26102021 055047, 519, 27065.2, 25.249, 24.196,0.457453,359.7,287.152,3.13e-01, 17.3, -  , - 
2584, 74214,24032019,26102021 004115, 883, 27064.1, 24.814, 17.246,0.519494,359.7,306.718,1.14e+00, 19.4, -  , - 
2585, 74215,30032019,26102021 032654, 909, 27063.9, 24.778, 18.770,0.514849,359.7,304.112,7.27e-01, 19.7, -  , - 
2586, 74216,26032019,25102021 130212, 890, 27064.7, 24.765, 17.643,0.518975,359.7,306.609,1.11e+00, 19.4, 8.5, - 
2587, 74217,30032019,25102021 150104, 908, 27065.1, 24.785, 17.884,0.518896,359.7,306.813,7.70e-01, 19.6,92.5, - 
2588, 74218,24032019,26102021 005048, 275, 27071.7, 24.733, 18.766,0.517666,359.7,305.143,2.99e-01, 17.4,11.7, - 
2589, 74219,31032019,26102021 024805, 811, 27068.0, 24.564, 12.157,0.532703,359.7,312.037,1.35e-01, 18.3,53.9, - 
2590, 74220,30032019,25102021 201812, 586, 27067.4, 24.659, 20.939,0.505186,359.7,299.955,3.61e-01, 19.0,11.1, - 
2591, 74221,30032019,25102021 160719, 395, 27063.8, 24.922, 18.860,0.516789,359.7,304.692,3.32e-01, 18.3,11.7, - 
2592, 74222,26032019,25102021 155131, 810, 27063.4, 24.767, 19.419,0.513147,359.7,303.232,4.47e-01, 19.6, 2.6,382
2593, 74223,24032019,26102021 025351, 811, 27072.2, 25.724,  9.485,0.530716,359.7,314.433,6.31e-01, 19.5,70.5, - 
2594, 74224,24032019,25102021 150147, 719, 27073.5, 24.839, 19.185,0.512457,359.7,303.264,8.27e-01, 19.5, 6.7, - 
2595, 74225,24032019,25102021 215052, 795, 27077.4, 24.837, 20.702,0.510935,359.7,301.964,4.49e-01, 19.6,92.0, - 
2596, 74226,24032019,25102021 201434, 619, 27064.9, 24.771, 19.496,0.514832,359.7,303.400,2.17e-01, 19.3, 8.0, - 
2597, 74227,24032019,25102021 144807, 833, 27066.2, 24.860, 17.289,0.518020,359.7,305.994,9.29e-01, 19.1,15.0, - 
2598, 74228,26032019,25102021 190847, 551, 27064.5, 24.707, 21.138,0.500294,359.7,297.790,5.47e-01, 19.4,10.1, - 
2599, 74229,26032019,25102021 210144, 318, 27076.6, 24.756, 20.027,0.513713,359.7,302.139,3.35e-01, 18.1, 5.8, - 
2600, 74230,24032019,25102021 213140, 797, 27060.1, 24.889, 18.908,0.512101,359.7,304.247,9.48e-01, 18.7, -  , - 
2601, 74231,30032019,25102021 184320, 602, 27074.2, 24.773, 20.115,0.510511,359.7,302.366,4.93e-01, 18.7,25.6, - 
2602, 74232,24032019,25102021 220938, 818, 27082.6, 24.774, 15.835,0.522525,359.7,308.503,3.27e-01, 18.8,35.2, - 
2603, 74233,24032019,25102021 200121, 596, 27074.8, 24.900, 19.888,0.515660,359.7,303.239,1.50e-01, 19.3,12.2, - 
2604, 74234,24032019,25102021 152446, 541, 27082.0, 24.665, 21.347,0.504358,359.7,299.724,2.63e-01, 17.9,16.7, - 
2605, 74235,24032019,26102021 081350, 793, 27076.8, 24.773, 19.021,0.514885,359.7,303.381,4.67e-01, 18.5, 6.0,556
2606, 74236,24032019,25102021 221946, 556, 27078.8, 24.785, 18.412,0.521988,359.7,307.555,1.00e-02, 18.2,15.4, - 
2607, 74237,24032019,25102021 182857, 634, 27074.9, 24.873, 19.466,0.513315,359.7,303.309,4.53e-01, 19.0,16.8, - 
2608, 74238,26032019,25102021 174058, 761, 27074.8, 24.882, 19.923,0.510650,359.7,302.572,6.72e-01, 19.0,26.6, - 
2609, 74239,26032019,26102021 013554, 289, 27062.9, 24.929, 19.028,0.513196,359.7,303.941,5.46e-01, 17.0,13.5, - 
2610, 74240,30032019,26102021 033522, 573, 27075.1, 24.775, 17.188,0.524134,359.7,307.768,7.82e-01, 19.1,19.7, - 
2611, 74241,26032019,25102021 193523, 761, 27075.7, 24.831, 22.506,0.498896,359.7,298.286,5.25e-01, 19.6,36.2, - 
2612, 74242,24032019,25102021 204644, 582, 27076.6, 24.871, 18.538,0.520323,359.7,307.770,5.03e-01, 18.5,19.2, - 
2613, 74243,05042019,26102021 050001, 635, 27085.2, 24.940, 19.551,0.518501,359.7,303.100,2.96e-01, 19.3,32.3, - 
2614, 74244,09042019,26102021 005449, 537, 27028.4, 24.767, 18.153,0.516615,359.7,304.953,8.64e-01, 18.1,12.6, - 
2615, 74245,09042019,25102021 194148, 529, 27077.8, 24.737, 18.639,0.516315,359.7,304.930,5.08e-01, 17.0,31.8, - 
2616, 74246,24032019,26102021 055214, 616, 27072.8, 24.497, 21.008,0.502710,359.7,295.941,6.74e-01, 18.4,50.4, - 
2617, 74247,10042019,26102021 004931, 146, 27079.6, 24.696, 20.211,0.510358,359.7,301.520,4.40e-01, 17.9, 7.3, - 
2618, 74248,24032019,25102021 155813, 286, 27078.6, 24.994, 19.220,0.529080,359.7,305.129,2.76e-01, 18.2, 1.4,299
2619, 74249,24032019,25102021 151648, 172, 27082.9, 24.890, 20.229,0.511402,359.7,302.356,3.66e-01, 18.5,14.2, - 
2620, 74250,24032019,25102021 154548, 787, 27084.3, 24.348, 12.747,0.535019,359.7,311.732,1.50e-01, 18.7,12.7, - 
2621, 74251,24032019,25102021 171803, 592, 27083.0, 24.767, 21.977,0.503172,359.7,299.802,4.63e-01, 18.6,19.6, - 
2622, 74252,24032019,25102021 170555, 563, 27086.7, 24.952, 13.930,0.553536,359.7,319.508,3.90e-01, 18.6, 7.3, - 
2623, 74253,24032019,26102021 063259, 345, 27084.8, 24.779, 20.588,0.509294,359.7,301.361,4.52e-01, 17.4, 3.2,657
2624, 74254,24032019,25102021 175601, 648, 27085.8, 24.805, 21.737,0.504775,359.7,299.908,6.20e-01, 18.8,20.0, - 
2625, 74255,26032019,25102021 152832, 548, 27071.4, 24.892, 20.169,0.510115,359.7,301.054,1.12e+00, 18.4, 6.4,725
2626, 74256,24032019,25102021 165811, 585, 27083.0, 24.752, 20.820,0.508889,359.7,300.707,3.37e-01, 19.8, 7.2, - 
2627, 74257,24032019,25102021 151727, 561, 27067.1, 24.746, 23.006,0.489639,359.7,296.610,5.98e-01, 18.3,11.4, - 
2628, 74258,30032019,25102021 174146, 232, 27071.0, 24.834, 18.437,0.530541,359.7,304.852,1.89e-01, 17.6,21.0, - 
2629, 74259,24032019,25102021 230357, 851, 27081.5, 24.729, 18.702,0.519484,359.7,308.246,5.00e-01, 19.5, 9.8, - 
2630, 74260,24032019,26102021 032359, 726, 27081.5, 24.891, 22.360,0.496593,359.7,298.374,3.36e-01, 19.6,14.8, - 
2631, 74261,06042019,25102021 224946, 147, 27065.8, 24.979, 20.646,0.506217,359.7,301.423,3.05e-01, 18.5, 2.4,323
2632, 74262,24032019,25102021 134531, 178, 27082.0, 24.636, 21.471,0.501006,359.7,299.263,7.30e-01, 18.7, 1.2,240
2633, 74263,24032019,25102021 225159, 237, 27058.1, 24.691, 18.889,0.516052,359.7,304.425,3.89e-01, 17.0,20.5, - 
2634, 74264,24032019,25102021 184351, 652, 27075.2, 24.770, 19.369,0.513533,359.7,304.183,6.70e-01, 18.3,18.8, - 
2635, 74265,26032019,25102021 211032, 687, 27076.7, 24.744, 22.201,0.499714,359.7,298.232,6.43e-01, 19.2,20.8, - 
2636, 74266,06042019,25102021 130248, 738, 27082.0, 24.903, 21.910,0.500099,359.7,298.391,8.30e-01, 19.0,22.8, - 
2637, 74267,09042019,25102021 214546, 577, 27084.3, 24.964, 13.779,0.548258,359.7,315.372,5.53e-01, 18.0,28.7, - 
2638, 74268,24032019,26102021 002911, 738, 27081.0, 24.873, 19.628,0.511603,359.7,302.469,3.79e-01, 19.6, 4.0,863
2639, 74269,24032019,25102021 230429,  25, 27079.7, 24.862, 20.037,0.510404,359.7,302.303,5.33e-01, 17.9, 0.2, 52
2640, 74270,25032019,25102021 153412, 168, 27092.2, 24.951, 20.482,0.504116,359.7,301.398,5.59e-01, 17.9, 3.5,260
2641, 74271,06042019,25102021 184707, 151, 27081.0, 24.729, 20.031,0.511399,359.7,301.930,4.69e-01, 17.5, 1.8,210
2642, 74272,26032019,25102021 224315,  86, 27069.4, 24.500, 19.119,0.512159,359.7,303.176,7.10e-01, 18.9, 1.1,259
2643, 74273,24032019,25102021 184210, 550, 27086.6, 24.744, 18.878,0.520263,359.7,305.162,6.74e-01, 18.4, 1.7,384
2644, 74274,26032019,26102021 004741, 833, 27082.3, 24.521, 18.114,0.514862,359.7,304.473,6.28e-01, 19.0,12.6, - 
2645, 74275,24032019,26102021 022150, 764, 27081.8, 24.544, 20.106,0.512656,359.7,306.452,3.38e-01, 19.4,17.6, - 
2646, 74276,30032019,25102021 200936, 168, 27089.3, 24.658, 19.788,0.504199,359.7,300.951,6.12e-01, 16.1, 6.4, - 
2647, 74277,26032019,25102021 151707, 570, 27092.6, 24.689, 18.907,0.518719,359.7,305.166,1.83e-01, 18.8, 4.3,935
2648, 74278,24032019,25102021 182344, 751, 27094.4, 24.820, 22.752,0.499859,359.7,297.438,4.05e-01, 19.1,23.9, - 
2649, 74279,24032019,25102021 152914, 277, 27083.4, 24.994, 21.728,0.499132,359.7,298.266,4.19e-01, 17.9, 8.1, - 
2650, 74280,09042019,25102021 202737, 814, 27078.1, 24.788, 18.744,0.515007,359.7,304.446,6.44e-01, 19.0,55.1, - 
2651, 74281,30032019,25102021 135855, 810, 27074.2, 24.902, 18.063,0.515780,359.7,304.601,8.89e-01, 19.0,33.1, - 
2652, 74282,30032019,25102021 160847, 665, 27073.9, 24.990, 19.058,0.515098,359.7,301.981,8.24e-01, 19.2,28.6, - 
2653, 74283,24032019,25102021 231750, 636, 27078.8, 24.862, 23.024,0.497182,359.7,297.417,4.64e-01, 19.5,43.8, - 
2654, 74284,30032019,26102021 033106, 209, 27073.6, 24.852, 20.009,0.519893,359.7,306.393,1.00e-02, 15.7, 0.1, 26
2655, 74285,30032019,25102021 223929, 224, 27069.0, 24.720, 19.774,0.511220,359.7,302.847,4.13e-01, 17.7, 5.6, - 
2656, 74286,24032019,25102021 143409, 279, 27067.2, 24.834, 20.308,0.500998,359.7,300.790,6.55e-01, 16.8,14.1, - 
2657, 74287,24032019,26102021 000727, 127, 27081.6, 24.839, 20.369,0.510879,359.7,299.977,2.01e-01, 19.0, 6.6, - 
2658, 74288,24032019,25102021 161536, 613, 27070.3, 24.848, 22.869,0.500393,359.7,298.981,3.84e-01, 19.7,22.1, - 
2659, 74289,26032019,26102021 045851, 561, 27083.6, 24.850, 19.832,0.512341,359.7,302.635,3.93e-01, 19.4, 1.9,334
2660, 74290,24032019,25102021 233137, 812, 27090.2, 25.365, 14.508,0.520711,359.7,308.804,4.50e-01, 17.8,32.8, - 
2661, 74291,30032019,25102021 130443, 520, 27093.0, 24.946, 17.836,0.524410,359.7,308.742,4.60e-01, 18.2,62.8, - 
2662, 74292,24032019,25102021 153722, 929, 27092.3, 24.859, 20.118,0.511203,359.7,301.597,4.55e-01, 19.9, -  , - 
2663, 74293,24032019,25102021 183231, 602, 27093.8, 24.612, 22.799,0.493067,359.7,295.695,6.97e-01, 18.9,31.7, - 
2664, 74294,24032019,25102021 135331, 331, 27100.7, 24.785, 20.199,0.512423,359.7,301.922,3.96e-01, 17.8, 6.0, - 
2665, 74295,24032019,25102021 220031, 556, 27080.0, 24.770, 20.435,0.510858,359.7,301.888,6.03e-01, 17.8,26.6, - 
2666, 74296,24032019,25102021 223303, 557, 27101.6, 24.711, 20.430,0.512965,359.7,302.571,5.52e-01, 19.1, 4.4,977
2667, 74297,15032021,25102021 223919, 193, 27085.6, 24.887, 21.010,0.507261,359.7,299.669,6.11e-02, 17.7, 6.5, - 
2668, 74298,01042019,26102021 005058, 930, 27091.5, 24.618, 19.162,0.514152,359.7,303.607,8.52e-01, 18.9, -  , - 
2669, 74299,09042019,25102021 234301, 909, 27090.1, 24.801, 19.170,0.513439,359.7,301.088,9.73e-01, 19.8, -  , - 
2670, 74300,31012018,25102021 223538,  85, 27167.6, 26.280,166.934,0.741199,  0.3,255.108,2.46e-01, 15.4, 1.8,243
2671, 74301,08012013,25102021 211234,   3, 27261.8, 27.035,322.207,0.716359,359.8,  9.441,4.35e-02, 15.6, 0.1,  8
2672, 74302,05092018,26102021 060714,1051, 27189.1, 21.162,289.290,0.514111,359.9,269.559,2.59e+00, 18.5, -  , - 
2673, 74303,04092018,25102021 203833,   3, 27312.3, 21.187,286.569,0.511547,359.9,275.453,1.49e-01, 15.7, 0.1, 16
2674, 74304,04092018,26102021 070126,1114, 27167.8, 21.108,293.791,0.496460,359.9,260.220,3.62e+00, 19.1, -  , - 
2675, 74305,04092018,25102021 172527, 534, 27176.7, 21.209,288.487,0.509077,359.9,275.004,1.84e+00, 15.4,50.7, - 
2676, 74306,04092018,25102021 234819, 780, 27199.7, 21.166,288.476,0.509716,359.9,273.448,7.72e-01, 18.6,23.6, - 
2677, 74307,08082014,26102021 001544,   1, 27182.8, 27.004, 16.977,0.742816,359.7,112.168,2.21e-02, 17.2, 0.1,  3
2678, 74308,30012019,26102021 044220, 944, 27274.2, 59.561,239.880,0.574329,  0.1, 22.686,6.48e+00, 17.3, -  , - 
2679, 74309,09042019,26102021 014205,   1, 27176.4, 11.327,206.431,0.446989,  0.5, 13.108,4.86e-01, 16.3, 0.3, 33
2680, 74310,06042019,26102021 054343,  30, 27191.2, 11.172,177.211,0.488580,  0.6, 53.266,5.27e-02, 18.2, 0.1,  8
2681, 74311,30032019,25102021 214633, 597, 27089.4, 24.510, 20.010,0.510508,359.7,300.440,1.11e+00, 18.9,53.7, - 
2682, 74312,09042019,25102021 223844, 750, 27090.3, 24.788, 17.702,0.518285,359.7,304.844,6.49e-01, 19.3,26.2, - 
2683, 74313,30032019,25102021 205600, 765, 27089.8, 24.757, 15.179,0.527924,359.7,308.566,4.61e-01, 19.6, 1.9,371
2684, 74314,24032019,25102021 182244, 817, 27086.8, 24.769, 18.940,0.514389,359.7,302.757,1.07e+00, 19.8, -  , - 
2685, 74315,24032019,25102021 160943, 585, 27083.1, 24.731, 19.000,0.516406,359.7,303.847,3.68e-01, 19.6, 7.1, - 
2686, 74316,24032019,26102021 015716, 571, 27092.7, 24.762, 21.553,0.506066,359.7,301.514,6.85e-01, 17.8,24.1, - 
2687, 74317,26032019,25102021 223303, 129, 27078.8, 24.821, 19.520,0.513469,359.7,302.786,7.53e-01, 18.8, 5.6, - 
2688, 74318,24032019,26102021 015023, 577, 27082.3, 24.771, 18.912,0.517590,359.7,304.150,6.55e-01, 18.7,11.6,558
2689, 74319,26032019,25102021 231626, 602, 27081.0, 24.821, 18.799,0.515317,359.7,303.694,9.32e-01, 19.1,28.6, - 
2690, 74320,24032019,26102021 014754, 687, 27081.6, 24.804, 19.376,0.513107,359.7,302.906,5.53e-01, 19.6,11.2, - 
2691, 74321,24032019,25102021 185458, 550, 27076.0, 24.739, 18.147,0.520150,359.7,297.629,3.26e-01, 18.6,38.1, - 
2692, 74322,24032019,25102021 220639, 537, 27078.0, 24.930, 20.855,0.507725,359.7,303.898,4.38e-01, 18.5,13.9, - 
2693, 74323,24032019,25102021 223730, 766, 27080.0, 24.867, 18.993,0.513420,359.7,303.298,5.20e-01, 18.6,80.0, - 
2694, 74324,24032019,25102021 225212, 131, 27081.5, 25.126, 19.296,0.516130,359.7,302.131,6.23e-01, 17.3, 6.0, - 
2695, 74325,24032019,25102021 231903, 832, 27080.6, 24.788, 18.616,0.515932,359.7,304.861,4.75e-01, 19.4,52.3, - 
2696, 74326,24032019,26102021 013520, 614, 27080.3, 24.890, 20.925,0.506536,359.7,300.744,3.26e-01, 19.1,25.5, - 
2697, 74327,24032019,25102021 152655, 759, 27072.9, 24.727, 19.753,0.512341,359.7,302.852,4.43e-01, 20.0,12.6,359
2698, 74328,26032019,25102021 194357, 812, 27077.9, 24.725, 18.931,0.514607,359.7,303.405,8.65e-01, 19.7,73.1, - 
2699, 74329,30032019,26102021 020319, 793, 27129.3, 27.638, 11.359,0.501870,359.7,304.423,3.95e-01, 18.7,49.6, - 
2700, 74330,24032019,25102021 221337, 404, 27077.9, 24.846, 19.616,0.511612,359.7,303.271,3.47e-01, 18.2, 3.3,506
2701, 74331,30032019,25102021 200742, 586, 27077.0, 24.823, 21.234,0.508849,359.7,299.784,6.96e-01, 17.0,24.2, - 
2702, 74332,24032019,26102021 023448, 145, 27084.8, 24.750, 20.832,0.507178,359.7,300.075,3.18e-01, 18.3, 8.5, - 
2703, 74333,24032019,25102021 201333, 118, 27083.7, 25.040, 18.945,0.515516,359.7,304.145,1.92e-01, 17.2, 4.8,954
2704, 74334,24032019,26102021 063809, 614, 27074.9, 24.926, 19.482,0.512178,359.7,302.610,5.86e-01, 17.7,45.1, - 
2705, 74335,24032019,25102021 210108, 761, 27073.0, 25.014, 31.629,0.463689,359.8,289.822,3.63e-01, 19.5,28.3, - 
2706, 74336,26032019,25102021 234130, 129, 27070.1, 24.726, 20.069,0.511636,359.7,302.255,5.05e-01, 18.2, 3.0,673
2707, 74337,24032019,26102021 041533,  18, 27072.6, 24.817, 19.489,0.513643,359.7,303.438,2.02e-01, 18.2, 0.1, 14
2708, 74339,26032019,25102021 152854, 665, 27072.9, 24.786, 19.659,0.511165,359.7,302.706,7.24e-01, 19.5,15.8, - 
2709, 74340,26042019,25102021 182129, 571, 27045.6, 24.601, 19.280,0.506511,359.7,298.130,8.05e-01, 18.8,23.8, - 
2710, 74341,03042019,25102021 202451, 556, 27078.2, 24.869, 19.751,0.512386,359.7,302.906,3.24e-01, 19.7, 3.1,506
2711, 74342,26032019,25102021 143819, 795, 27076.0, 25.067, 18.126,0.513025,359.7,304.225,5.28e-01, 19.6,29.4, - 
2712, 74343,26032019,25102021 202429, 338, 27080.8, 24.727, 19.306,0.515299,359.7,303.552,8.20e-01, 17.3,17.1, - 
2713, 74344,24032019,26102021 023714, 585, 27071.4, 24.854, 19.098,0.516863,359.7,305.378,4.20e-01, 19.5,11.7, - 
2714, 74345,24032019,25102021 233631, 761, 27071.2, 24.898, 18.241,0.515594,359.7,304.849,9.67e-01, 16.0,51.0, - 
2715, 74346,11042019,26102021 081926, 908, 27065.6, 24.810, 15.052,0.523584,359.7,308.661,2.08e+00, 18.8, -  , - 
2716, 74347,24032019,25102021 233908, 140, 27080.9, 24.801, 19.666,0.508216,359.7,302.022,8.10e-01, 17.3, 4.8, - 
2717, 74348,26032019,25102021 161116, 694, 27063.9, 24.837, 19.917,0.510958,359.7,302.704,6.11e-01, 19.6,31.3, - 
2718, 74349,24032019,25102021 230831, 810, 27063.4, 24.799, 17.398,0.517338,359.7,306.124,1.15e+00, 19.7,56.3, - 
2719, 74350,26032019,26102021 071830, 669, 27075.1, 24.914, 20.346,0.509351,359.7,301.723,5.33e-01, 17.7,32.7, - 
2720, 74351,24032019,25102021 155142, 586, 27063.5, 24.842, 18.745,0.516829,359.7,304.807,5.73e-01, 17.8,16.8, - 
2721, 74352,26032019,25102021 230421, 374, 27059.4, 24.773, 19.521,0.510902,359.7,302.493,2.59e-01, 18.2, 6.8,649
2722, 74353,24032019,25102021 195505, 577, 27085.3, 24.812, 19.762,0.511131,359.7,301.737,7.03e-01, 18.3, 9.4, - 
2723, 74354,24032019,25102021 231150, 372, 27061.1, 24.821, 20.254,0.508761,359.7,302.007,4.96e-01, 18.0,16.3, - 
2724, 74355,24032019,26102021 020306, 774, 27063.3, 24.877, 17.347,0.520531,359.7,307.126,6.13e-01, 18.2,27.6, - 
2725, 74356,26032019,26102021 032531, 225, 27062.7, 24.566, 20.348,0.501009,359.7,301.096,7.14e-01, 15.8, 3.9,811
2726, 74357,24032019,25102021 161741, 276, 27065.8, 24.723, 22.749,0.484943,359.7,299.874,6.60e-01, 17.7,24.7, - 
2727, 74358,24032019,26102021 004051, 148, 27062.4, 24.780, 20.391,0.505041,359.7,301.916,6.58e-01, 18.5, 6.8, - 
2728, 74359,26032019,26102021 015808, 930, 27062.1, 24.698, 19.408,0.512974,359.7,303.350,8.15e-01, 18.1,72.3, - 
2729, 74360,26032019,25102021 171736, 189, 27085.6, 24.712, 19.801,0.510875,359.7,301.774,5.64e-01, 17.5,11.8, - 
2730, 74361,24032019,25102021 191117, 151, 27085.4, 24.815, 20.454,0.509649,359.7,301.360,3.78e-01, 17.8, 3.5,739
2731, 74362,28032019,26102021 013242, 604, 27059.2, 24.634, 21.693,0.496494,359.7,297.907,4.93e-01, 18.7, 2.1,460
2732, 74363,24032019,25102021 232411, 810, 27061.4, 24.822, 18.122,0.516023,359.7,305.113,5.35e-01, 19.1,48.6, - 
2733, 74364,02042019,25102021 130452, 527, 27062.1, 24.717, 17.806,0.518859,359.7,306.411,3.23e-01, 19.0, 0.8,180
2734, 74365,24032019,26102021 011149, 569, 27059.3, 24.871, 20.430,0.511329,359.7,303.497,1.48e-01, 17.9,23.9, - 
2735, 74366,01042019,25102021 165716, 604, 27065.3, 24.514, 20.324,0.505990,359.7,300.488,6.52e-01, 18.4,48.8, - 
2736, 74367,26032019,25102021 203423, 166, 27052.0, 24.646, 20.635,0.499438,359.7,302.749,1.54e-01, 18.2, 7.1, - 
2737, 74368,24032019,25102021 154948, 174, 27052.5, 24.824, 19.589,0.514904,359.7,302.903,5.58e-01, 17.9, 8.8, - 
2738, 74369,26032019,25102021 162900, 320, 27093.9, 24.862, 21.592,0.500316,359.7,299.286,3.86e-01, 17.8, 2.4,550
2739, 74370,10042019,25102021 221354, 908, 27088.7, 24.850, 19.535,0.512615,359.7,302.055,6.89e-01, 18.5,16.3, - 
2740, 74371,26032019,25102021 214935, 763, 27078.5, 24.915, 19.583,0.511582,359.7,302.590,4.50e-01, 19.1,11.7, - 
2741, 74372,12042019,25102021 223027, 766, 27079.4, 24.799, 18.266,0.517600,359.7,304.009,4.03e-01, 19.3,18.7, - 
2742, 74373,26042019,25102021 193248, 585, 27076.9, 24.891, 20.575,0.512391,359.7,300.804,8.96e-01, 18.4,31.0, - 
2743, 74374,24032019,25102021 235113, 150, 27109.3, 24.783, 22.105,0.504695,359.7,296.952,6.62e-01, 17.5,15.2, - 
2744, 74375,01042019,25102021 200223, 421, 27076.6, 24.644, 18.937,0.517166,359.7,305.242,2.03e-01, 18.5,16.7, - 
2745, 74376,30042019,25102021 223459, 720, 27083.0, 24.840, 13.862,0.535182,359.7,310.185,3.82e-01, 19.0,16.5, - 
2746, 74377,24032019,25102021 202128, 224, 27076.5, 24.747, 18.932,0.519679,359.7,303.645,6.63e-01, 18.3, 2.5,385
2747, 74379,06042019,25102021 154847, 832, 27076.4, 24.789, 17.485,0.517163,359.7,306.681,1.07e+00, 18.4,31.0, - 
2748, 74380,30032019,25102021 210457,  55, 27079.7, 24.839, 20.427,0.513564,359.7,303.102,4.65e-01, 15.7, 1.8,401
2749, 74381,27032019,25102021 185303, 349, 27074.8, 25.052, 20.492,0.513314,359.7,301.807,3.67e-01, 17.9,12.6, - 
2750, 74382,26032019,25102021 134358, 164, 27071.1, 24.763, 20.539,0.508968,359.7,301.501,6.35e-01, 18.5, 2.0,387
2751, 74383,11042019,25102021 232750, 672, 27078.3, 24.849, 21.133,0.505873,359.7,300.649,2.91e-01, 19.0, 7.8, - 
2752, 74384,24032019,25102021 231350, 221, 27004.6, 25.096, 13.561,0.585656,359.7,324.896,3.41e-01, 18.1,14.5, - 
2753, 74385,24032019,25102021 201929, 151, 27080.5, 24.731, 18.742,0.513758,359.7,302.152,6.49e-01, 18.3,12.0, - 
2754, 74386,26042019,25102021 154348, 756, 27081.8, 24.823, 23.220,0.495113,359.7,297.012,3.77e-01, 18.1,12.0, - 
2755, 74387,24032019,25102021 224839, 251, 27062.9, 24.807, 19.367,0.504353,359.7,301.913,7.18e-01, 18.0,31.6, - 
2756, 74388,25032019,25102021 135151, 810, 27072.4, 24.842, 18.849,0.514612,359.7,304.082,4.85e-01, 19.3,21.8, - 
2757, 74389,24032019,25102021 134749, 324, 27073.7, 24.614, 18.554,0.517288,359.7,305.362,6.29e-01, 19.2, 7.3, - 
2758, 74390,30032019,25102021 162646, 525, 27084.7, 24.838, 18.996,0.514392,359.7,302.401,6.00e-01, 18.1, 4.0,884
2759, 74391,25032019,25102021 233607, 908, 27071.5, 24.781, 18.422,0.515312,359.7,303.767,9.94e-01, 19.2,10.1, - 
2760, 74392,24032019,25102021 150104,   7, 27076.6, 24.750, 19.550,0.511640,359.7,303.019,3.43e-01, 17.7, 0.1, 23
2761, 74393,26032019,25102021 204515, 285, 27078.9, 24.571, 20.663,0.509030,359.7,302.143,3.58e-01, 17.7, 3.7,810
2762, 74394,24032019,26102021 054254, 347, 27074.3, 24.961, 16.520,0.545627,359.7,306.193,6.33e-01, 17.8,18.6, - 
2763, 74395,25032019,25102021 214830, 570, 27079.4, 24.818, 20.020,0.512422,359.7,301.884,6.00e-01, 18.0,33.2, - 
2764, 74396,24032019,25102021 160756, 285, 27072.9, 24.914, 19.880,0.513719,359.7,303.145,7.13e-01, 18.6,12.5, - 
2765, 74397,30032019,25102021 223649, 582, 27055.0, 24.966, 21.593,0.506950,359.7,299.737,4.32e-01, 19.0, 8.3, - 
2766, 74398,26032019,25102021 203131, 645, 27068.0, 24.697, 19.166,0.512963,359.7,303.419,5.45e-01, 17.9,25.3, - 
2767, 74399,21042019,25102021 225748, 808, 27062.7, 24.816, 17.872,0.515761,359.7,305.566,6.92e-01, 18.5,48.7, - 
2768, 74400,01062012,25102021 235258,   3, 27225.3, 63.067,212.192,0.640017,  0.1,272.460,3.56e-02, 16.2, 0.1,  2
2769, 74401,05092018,25102021 171852,1132, 27210.5, 21.187,282.529,0.505852,359.9,278.971,2.37e-01, 18.8, 3.9,436
2770, 74402,04092018,25102021 171341,   6, 27202.0, 21.246,283.254,0.494407,359.9,275.563,1.21e-01, 16.4, 0.1, 20
2771, 74403,04092018,25102021 180703,   2, 27210.9, 21.253,292.933,0.484604,359.9,264.698,2.73e-01, 14.5, 0.1,  9
2772, 74404,04092018,25102021 170722,1076, 27216.7, 20.971,282.234,0.544194,359.9,278.851,3.19e+00, 19.1,53.1, - 
2773, 74405,04092018,26102021 002656,1090, 27223.6, 21.075,282.482,0.536632,359.9,279.911,2.29e+00, 19.1,38.6, - 
2774, 74406,04092018,26102021 012223,   1, 27223.9, 21.204,283.610,0.496110,359.9,275.722,5.98e-02, 15.0, 0.1,  3
2775, 74407,04092018,25102021 165819,   2, 27219.7, 21.817,284.131,0.458764,359.9,264.414,1.13e+00, 17.9, 0.2, 36
2776, 74408,07092018,25102021 203121, 651, 27240.6, 21.359,292.875,0.502427,359.9,264.690,2.26e+00, 16.8,85.6, - 
2777, 74409,07092018,25102021 154205,1144, 27194.7, 21.060,288.090,0.523484,359.9,270.601,2.38e+00, 19.1, -  , - 
2778, 74410,06042019,26102021 054433, 248, 27111.4, 11.313,173.970,0.467682,  0.6, 58.824,3.63e+00, 15.3, -  , - 
2779, 74411,14052019,26102021 001633,  54, 27206.3, 11.250,175.010,0.488447,  0.6, 54.956,7.83e-02, 18.0, 0.6,125
2780, 74412,05062019,26102021 043641,  74, 27229.4, 11.041,186.229,0.474624,  0.6, 30.608,1.13e+00, 16.9,14.1, - 
2781, 74413,26032019,26102021 033332, 541, 27063.8, 24.540, 19.058,0.515458,359.7,304.871,7.59e-01, 17.2,11.5, - 
2782, 74414,24032019,26102021 023353, 591, 27059.3, 24.536, 22.209,0.494054,359.7,293.914,4.04e-01, 18.5,24.6, - 
2783, 74415,26032019,25102021 145648, 429, 27062.5, 24.785, 19.657,0.512935,359.7,303.402,3.82e-01, 17.9,24.3, - 
2784, 74416,28032019,26102021 024641, 774, 27063.3, 24.834, 18.510,0.514773,359.7,304.382,3.78e-01, 19.6,18.4, - 
2785, 74417,30042019,25102021 220847, 798, 27089.6, 24.952, 18.355,0.515647,359.7,303.309,8.39e-01, 18.3,13.3, - 
2786, 74418,24042019,25102021 232920, 530, 27079.2, 24.813, 19.673,0.511569,359.7,301.780,6.42e-01, 18.3,14.5, - 
2787, 74419,25032019,26102021 040836, 758, 27079.9, 24.884, 26.951,0.479582,359.7,292.507,4.07e-01, 18.8,15.6, - 
2788, 74420,24032019,25102021 125546, 698, 27078.8, 24.793, 25.633,0.481027,359.7,294.480,6.27e-01, 18.3,15.5, - 
2789, 74421,26032019,26102021 005345, 561, 27080.9, 24.952, 20.208,0.510042,359.7,302.495,6.22e-01, 18.8,12.2, - 
2790, 74422,24032019,25102021 202721, 580, 27076.4, 24.657, 20.805,0.506367,359.7,300.144,6.44e-01, 18.2,15.8, - 
2791, 74424,26032019,26102021 063630,  10, 27085.4, 24.836, 20.604,0.508385,359.7,301.270,4.51e-01, 17.8, 0.1, 16
2792, 74425,25032019,25102021 211551, 633, 27082.5, 24.756, 15.568,0.529104,359.7,310.185,4.46e-01, 18.0,12.8, - 
2793, 74426,26032019,26102021 064625, 764, 27078.9, 24.705, 12.730,0.537503,359.7,312.453,3.99e-01, 18.8, 7.3, - 
2794, 74427,26032019,25102021 210734, 765, 27072.5, 25.452, 35.796,0.451641,359.8,285.177,3.34e-02, 19.3, 5.5, - 
2795, 74428,24032019,25102021 174001, 836, 27075.2, 24.789, 19.216,0.512304,359.7,301.926,7.31e-01, 19.2,98.4, - 
2796, 74429,24032019,25102021 174318, 761, 27073.1, 24.800, 22.449,0.502476,359.7,299.328,1.97e-01, 18.9, 8.5, - 
2797, 74432,24032019,26102021 081208, 232, 27068.0, 24.566, 19.616,0.505672,359.7,301.711,6.15e-01, 18.5, 7.9, - 
2798, 74433,24032019,25102021 195859, 750, 27080.2, 25.093,  7.627,0.548201,359.7,319.684,4.03e-01, 19.0, -  , - 
2799, 74435,26032019,25102021 213327, 305, 27198.1, 24.889, 21.537,0.494249,359.7,299.676,6.00e-01, 17.5,10.4, - 
2800, 74436,24032019,26102021 002915,  86, 27061.5, 24.849, 18.682,0.519753,359.7,304.728,3.95e-01, 18.2, 0.9,186
2801, 74437,24032019,25102021 153045, 909, 27063.4, 24.787, 19.364,0.512851,359.7,303.207,4.86e-01, 19.8, -  , - 
2802, 74439,24032019,25102021 153009, 365, 27092.0, 24.648, 21.777,0.503156,359.7,300.824,1.16e-01, 18.7, 7.3, - 
2803, 74440,26032019,25102021 195046, 555, 27075.0, 24.808, 18.670,0.519821,359.7,307.160,4.63e-01, 17.1,14.4, - 
2804, 74441,26032019,26102021 081314, 764, 27079.0, 25.135, 14.095,0.539783,359.7,310.183,3.14e-01, 19.4,35.4, - 
2805, 74442,30032019,25102021 175326, 544, 27075.9, 24.781, 19.577,0.512899,359.7,302.757,6.35e-01, 18.1,22.0, - 
2806, 74443,24032019,25102021 205530, 657, 27100.9, 24.912,  7.624,0.561444,359.7,330.363,3.40e-01, 17.0,35.5, - 
2807, 74444,26032019,25102021 225237, 163, 27073.8, 24.893, 20.383,0.507735,359.7,302.640,6.73e-01, 17.7, 7.0, - 
2808, 74445,24032019,25102021 144144, 229, 27076.0, 24.796, 20.930,0.513079,359.7,302.738,3.59e-01, 17.6, 5.7, - 
2809, 74447,26032019,25102021 172145, 549, 27084.5, 24.809, 20.023,0.515155,359.7,303.371,3.04e-01, 19.0,30.0, - 
2810, 74448,24032019,25102021 163037, 812, 27057.3, 24.657, 16.186,0.522153,359.7,308.076,8.14e-01, 18.3,47.3, - 
2811, 74449,24032019,25102021 161129, 620, 27053.1, 24.818, 18.180,0.520863,359.7,306.444,7.29e-01, 18.3,43.4, - 
2812, 74450,26032019,26102021 080707, 604, 27078.4, 24.735, 18.879,0.515346,359.7,302.698,6.16e-01, 18.0,11.7, - 
2813, 74451,24032019,25102021 191723, 583, 27082.4, 24.822, 23.599,0.481868,359.7,292.521,2.63e-01, 19.3, 5.4, - 
2814, 74452,01042019,25102021 224917, 580, 27077.6, 24.726, 20.628,0.507665,359.7,302.083,3.68e-01, 18.9,17.5, - 
2815, 74453,30032019,25102021 130617, 257, 27076.8, 24.691, 20.607,0.510790,359.7,305.348,1.00e-02, 17.3, 3.6,780
2816, 74454,24032019,25102021 200418, 698, 27090.7, 24.749, 21.020,0.502668,359.7,300.170,1.62e+00, 18.6,62.9, - 
2817, 74455,26032019,25102021 184103, 852, 27078.0, 24.753, 18.350,0.515771,359.7,303.487,1.18e+00, 19.1, 6.1, - 
2818, 74458,26032019,25102021 204406, 375, 27078.7, 24.371, 19.098,0.509134,359.7,303.083,3.24e-01, 15.5,12.8, - 
2819, 74459,24032019,25102021 230031,  16, 27068.6, 24.788, 19.549,0.512820,359.7,302.743,4.53e-01, 18.3, 0.5, 37
2820, 74461,07042019,26102021 041613, 115, 27075.8, 24.819, 19.988,0.506260,359.7,300.848,6.53e-01, 17.7, 4.7,951
2821, 74462,29032019,25102021 204436, 755, 27065.5, 24.880, 24.232,0.490827,359.7,296.508,8.87e-01, 18.2, -  , - 
2822, 74465,29032019,25102021 225538,  87, 27078.2, 24.789, 19.820,0.512467,359.7,302.277,5.10e-01, 18.0, 1.9,408
2823, 74467,24032019,25102021 224617, 751, 27067.6, 24.743, 22.115,0.504020,359.7,299.521,2.21e-01, 19.1, 9.2, - 
2824, 74469,24032019,25102021 202557, 146, 27066.0, 24.682, 20.414,0.513055,359.7,302.300,2.64e-01, 18.2, 1.1,141
2825, 74471,09042019,25102021 173907, 582, 27064.6, 24.692, 20.289,0.509514,359.7,301.935,4.18e-01, 19.2, 7.8, - 
2826, 74472,09042019,25102021 173133, 320, 27080.1, 24.801, 23.162,0.377637,359.7,316.676,5.85e-01, 17.9,20.0, - 
2827, 74473,24032019,26102021 003926, 547, 27080.3, 24.564, 20.243,0.508857,359.7,301.807,5.06e-01, 18.9, 4.8, - 
2828, 74474,26032019,25102021 211626, 852, 27087.7, 24.545, 20.568,0.511032,359.7,302.650,7.03e-01, 19.7,31.8, - 
2829, 74475,26032019,25102021 235101, 235, 27089.3, 24.839, 22.020,0.495510,359.7,299.320,3.54e-01, 17.9,19.2, - 
2830, 74476,24032019,26102021 013634, 277, 27040.1, 24.612, 18.006,0.520322,359.7,305.680,6.55e-01, 15.6, 8.2, - 
2831, 74477,26032019,25102021 174947, 632, 27072.0, 24.784, 16.355,0.529875,359.7,310.812,8.33e-01, 18.7,61.6, - 
2832, 74478,30032019,25102021 144233, 149, 27081.5, 24.718, 21.073,0.501390,359.7,299.836,6.07e-01, 18.4, 2.7,570
2833, 74479,28032019,26102021 014930, 194, 27073.2, 24.639, 21.102,0.495789,359.7,296.252,3.14e-01, 16.5, 0.7,127
2834, 74481,26032019,25102021 203757, 834, 27081.5, 24.887, 17.264,0.518925,359.7,307.175,1.04e+00, 18.4, -  , - 
2835, 74482,24032019,25102021 135215, 727, 27078.6, 24.744, 24.307,0.493928,359.7,297.636,5.20e-02, 18.8,17.6, - 
2836, 74483,24032019,26102021 002005, 618, 27081.8, 24.787, 19.689,0.513433,359.7,302.746,4.72e-01, 18.3,38.4, - 
2837, 74485,24032019,25102021 211803, 139, 27075.1, 24.637, 19.135,0.520146,359.7,304.606,2.57e-01, 18.3, 4.1,929
2838, 74486,26062019,25102021 190805, 345, 27101.8, 11.018,186.770,0.497775,  0.6, 45.863,4.81e-01, 18.5,10.4, - 
2839, 74489,24032019,26102021 013436, 151, 27084.2, 24.708, 20.430,0.506790,359.7,302.448,4.28e-01, 18.3, 7.3,750
2840, 74490,03042019,26102021 010903, 314, 27082.3, 25.198, 19.703,0.513585,359.7,302.547,3.15e-01, 18.6,13.0, - 
2841, 74493,30032019,25102021 222023, 665, 27095.6, 24.962, 18.574,0.510679,359.7,301.919,8.48e-01, 19.4,64.7, - 
2842, 74494,25032019,25102021 180050, 580, 27075.0, 24.608, 19.931,0.509590,359.7,299.489,6.38e-01, 19.2,16.7, - 
2843, 74495,26032019,25102021 222629, 307, 27081.8, 24.792, 19.969,0.508027,359.7,301.875,5.32e-01, 18.5, 8.4, - 
2844, 74497,01042019,25102021 165154, 720, 27075.3, 24.874, 18.122,0.516451,359.7,304.757,6.90e-01, 18.4,38.8, - 
2845, 74498,30032019,25102021 214256, 850, 27075.5, 24.922, 25.267,0.492090,359.7,295.841,1.00e-02, 19.0, 1.1,192
2846, 74500,04092011,26102021 024230,   1, 27242.3, 14.340,119.194,0.486872,  0.2, 67.700,1.21e-02, 17.0, 0.1,  1
2847, 74501,22072011,26102021 044438,   3, 27266.5, 27.513,207.709,0.732798,  0.2,164.106,4.95e-02, 16.4, 0.1,  8
2848, 74502,28012014,26102021 002202,   1, 27170.2, 26.983,  1.801,0.744944,359.7,137.662,3.45e-02, 15.1, 0.1,  2
2849, 74503,22072017,26102021 024547, 296, 27253.5, 66.943,302.517,0.536951,359.9,160.236,2.53e+00, 15.7,41.4, - 
2850, 74504,03092018,25102021 235339, 414, 27311.0, 21.308,289.263,0.509245,359.9,272.033,2.16e-01, 16.1,12.4, - 
2851, 74505,03092018,25102021 145300,  11, 27216.8, 21.274,290.777,0.513435,359.9,267.255,1.24e+00, 17.8, 0.8,190
2852, 74506,03092018,26102021 021418,   1, 27233.2, 21.201,284.303,0.507774,359.9,277.882,5.25e-02, 16.0, 0.1,  8
2853, 74507,04092018,25102021 125152,   8, 27249.1, 21.251,290.077,0.501746,359.9,270.489,2.15e-01, 18.0, 0.1, 17
2854, 74508,03092018,25102021 203329,1090, 27205.4, 21.214,297.341,0.514542,359.9,257.452,1.96e+00, 18.7,64.2, - 
2855, 74509,05092018,25102021 132328, 774, 27247.5, 21.163,282.514,0.490617,359.9,275.102,2.64e-01, 17.5,20.1, - 
2856, 74510,24032019,25102021 164353, 812, 27073.3, 24.591, 14.794,0.533768,359.7,309.290,5.45e-01, 19.9,63.9, - 
2857, 74512,24032019,25102021 225239, 338, 27082.5, 24.669, 18.771,0.521147,359.7,303.476,2.78e-01, 17.9, 7.8, - 
2858, 74514,24032019,26102021 014404, 756, 27070.0, 25.158, 23.622,0.483123,359.7,294.735,5.80e-01, 18.8,18.9, - 
2859, 74517,09062019,25102021 202636, 544, 27059.2, 24.654, 18.467,0.516634,359.7,300.043,4.68e-01, 18.0,26.5, - 
2860, 74519,24032019,25102021 234637, 764, 27089.6, 24.792,  8.786,0.549559,359.7,318.648,9.20e-01, 15.9,29.2, - 
2861, 74520,30062019,25102021 175445, 754, 27259.1, 11.340,172.940,0.520162,  0.6, 54.650,3.94e-01, 17.0,46.5, - 
2862, 74522,30062019,26102021 033220, 358, 27101.0, 13.045,148.646,0.520491,  0.5, 85.977,1.23e+00, 15.9,35.3, - 
2863, 74523,01072019,25102021 152948,   1, 27091.1, 11.109,190.724,0.487151,  0.6, 41.352,1.12e-01, 16.6, 0.1,  1
2864, 74525,24032019,26102021 001439, 787, 27056.2, 25.033, 28.890,0.466384,359.8,289.661,4.63e-01, 19.4,37.4, - 
2865, 74528,30032019,26102021 014145, 163, 27081.8, 25.100, 19.875,0.509911,359.7,302.396,6.02e-01, 18.6, 4.1,806
2866, 74530,24032019,26102021 000701, 755, 27078.5, 24.844, 23.438,0.499314,359.7,297.841,6.11e-01, 18.6,38.7, - 
2867, 74531,26032019,25102021 161730, 607, 27069.2, 24.843, 22.635,0.500031,359.7,296.718,1.02e+00, 19.7,19.1, - 
2868, 74532,08072019,26102021 102156,   4, 27133.6, 10.843,182.397,0.517971,  0.6, 51.164,2.26e+00, 16.8, 0.1, 29
2869, 74535,24032019,25102021 220307, 177, 27057.5, 24.790, 19.630,0.507904,359.7,301.510,3.68e-01, 16.7,11.0, - 
2870, 74536,30032019,25102021 174827, 669, 27069.2, 24.153, 27.979,0.455416,359.7,286.041,1.08e+00, 18.7,11.7, - 
2871, 74537,24032019,26102021 050745, 572, 27074.2, 25.278, 19.417,0.516044,359.7,305.905,8.32e-01, 19.3,42.8, - 
2872, 74538,24032019,25102021 143449, 818, 27077.0, 25.244, 35.198,0.452112,359.8,284.362,4.34e-01, 19.6,88.8, - 
2873, 74540,28032019,25102021 211236, 635, 27060.6, 24.716, 18.055,0.516547,359.7,305.101,9.72e-01, 19.4,96.7, - 
2874, 74542,23032019,26102021 001830, 669, 27080.9, 24.876, 18.964,0.513086,359.7,303.067,5.24e-01, 19.1,46.7, - 
2875, 74543,24032019,25102021 221546, 818, 27081.0, 24.817, 17.002,0.519844,359.7,306.133,6.41e-01, 19.4,58.1, - 
2876, 74546,23032019,25102021 135138, 834, 27082.5, 24.566, 16.172,0.524862,359.7,307.548,2.77e-01, 18.4,33.1, - 
2877, 74556,26032019,25102021 224150, 808, 27060.6, 24.870, 18.774,0.513331,359.7,304.210,6.32e-01, 19.1,84.1, - 
2878, 74557,22072019,26102021 001458,   0, 27158.1, 11.073,193.980,0.452026,  0.6, 28.006,1.28e-02, 14.4, 0.1,  1
2879, 74558,23032019,25102021 220111, 795, 27085.7, 24.648, 22.638,0.503768,359.7,299.367,1.38e-02, 19.0, 5.8, - 
2880, 74559,26032019,25102021 125902, 421, 27084.0, 24.931, 14.952,0.547731,359.7,304.016,4.33e-01, 18.4,13.9, - 
2881, 74560,25072019,26102021 005001,   2, 27218.1, 11.272,173.662,0.490193,  0.6, 56.990,7.34e-02, 14.6, 0.1,  6
2882, 74561,02042019,26102021 041422, 315, 27103.1, 24.859, 21.069,0.505102,359.7,300.903,4.48e-01, 17.4,14.4, - 
2883, 74562,26072019,26102021 045147,   1, 27113.1, 14.176,181.167,0.509047,  0.5, 48.971,5.78e+00, 15.0, 0.4, 86
2884, 74565,08062019,25102021 130529, 164, 27069.2, 24.713, 19.277,0.510743,359.7,302.270,6.54e-01, 17.9, 2.7,595
2885, 74567,24032019,25102021 194515, 614, 27047.2, 24.730, 19.649,0.510507,359.7,303.259,3.97e-01, 18.9,25.3, - 
2886, 74568,24032019,25102021 194219, 563, 27091.6, 24.871, 14.938,0.542959,359.7,314.193,3.73e-01, 17.9,14.9, - 
2887, 74569,24032019,25102021 144754, 672, 27069.7, 24.638, 18.016,0.522282,359.7,305.431,4.92e-01, 19.0, 9.7, - 
2888, 74570,24032019,26102021 000545, 160, 27069.9, 24.661, 19.698,0.513069,359.7,303.010,6.37e-01, 18.9, 7.2, - 
2889, 74571,24032019,25102021 131016, 810, 27063.9, 24.992, 17.410,0.517670,359.7,305.380,5.86e-01, 18.9,90.8, - 
2890, 74572,24032019,25102021 185106, 629, 27076.8, 24.857, 18.112,0.520945,359.7,305.152,2.59e-01, 19.0,20.6, - 
2891, 74574,24032019,25102021 215441, 786, 27071.9, 24.612,  0.628,0.566836,359.7,330.018,7.31e-01, 19.3,59.4, - 
2892, 74575,31032019,25102021 170850, 810, 27076.5, 24.848, 17.956,0.517105,359.7,304.781,7.38e-01, 19.1,50.9, - 
2893, 74576,26032019,25102021 203039, 136, 27076.6, 24.844, 19.980,0.511493,359.7,302.182,3.38e-01, 17.4, 4.3,960
2894, 74578,24032019,25102021 160858, 608, 27063.0, 24.614, 20.246,0.509585,359.7,302.556,7.33e-01, 19.8, 6.4,572
2895, 74579,30032019,26102021 022446, 374, 27073.1, 24.876, 18.084,0.516810,359.7,304.577,7.16e-01, 19.0,65.3, - 
2896, 74580,13082019,25102021 162719,  18, 27250.2, 11.071,196.256,0.445320,  0.6, 23.196,1.39e-01, 17.2, 0.4, 75
2897, 74581,02072019,25102021 202710, 846, 27185.0, 26.161,250.908,0.724300,  0.1,119.318,6.98e-01, 17.0,42.2,697
2898, 74583,24032019,25102021 215941, 582, 27069.0, 24.733, 18.602,0.517185,359.7,305.369,6.00e-01, 19.0,45.2, - 
2899, 74584,24032019,26102021 072616, 794, 27066.4, 24.714, 19.614,0.512299,359.7,303.587,4.21e-01, 19.8,14.1, - 
2900, 74585,25082019,25102021 205722, 353, 27101.2, 11.295,180.367,0.466735,  0.6, 44.230,8.55e-01, 17.4,12.3, - 
2901, 74586,12082019,26102021 025113,  12, 27179.6, 11.035,195.595,0.441089,  0.6, 24.361,9.01e-02, 17.8, 0.2, 37
2902, 74587,27082019,25102021 173238, 372, 27278.0, 11.199,168.483,0.543480,  0.6, 67.470,5.80e+00, 16.2,50.0, - 
2903, 74588,26032019,26102021 015455, 787, 27059.3, 24.636, 21.791,0.505801,359.7,300.924,5.84e-01, 18.0,48.6, - 
2904, 74589,29082019,26102021 075445, 330, 27138.4, 70.563,157.958,0.559330,  0.1, 41.473,1.86e+00, 16.1,40.1, - 
2905, 74590,24082019,26102021 005040,   2, 27140.7, 20.795,298.815,0.441709,359.8,260.459,4.57e+00, 16.8, 0.2, 37
2906, 74591,26032019,25102021 204420, 765, 27090.4, 24.739, 17.304,0.520678,359.7,306.188,4.34e-01, 19.0, 7.6,640
2907, 74593,24032019,26102021 000535, 739, 27107.4, 24.775, 22.719,0.503276,359.7,298.852,2.41e-02, 19.3, 1.0,167
2908, 74594,21092019,25102021 125407, 763, 27337.4, 12.999,270.497,0.614974,360.0,320.924,9.29e+00, 17.7,32.7, - 
2909, 74595,30092019,26102021 000054, 182, 27156.2, 11.085,191.163,0.456236,  0.6, 31.496,1.75e-01, 17.7, 2.4,539
2910, 74597,02102019,25102021 134846, 252, 27026.1, 57.904,292.693,0.701023,359.9,258.139,2.60e+00, 16.0,21.2, - 
2911, 74598,29092019,25102021 194710, 710, 27165.8, 21.576,270.616,0.507892,360.0,289.946,2.98e-01, 16.2, 5.1,999
2912, 74599,04102019,26102021 012122, 353, 27078.0, 11.493,183.805,0.405168,  0.6, 33.228,2.84e+00, 17.8, -  , - 
2913, 74600,09092012,25102021 195001, 500, 27307.0, 17.688, 74.769,0.664213,359.9,  9.107,1.37e-01, 16.3, 5.0, - 
2914, 74601,30082016,26102021 054614,1801, 27288.1,  8.071, 43.279,0.731679,359.4,280.329,5.54e-01, 17.6, -  , - 
2915, 74602,22012018,26102021 084812, 722, 27319.5, 13.876, 93.662,0.539163,  0.0, 31.626,1.81e+00, 17.7, -  , - 
2916, 74603,04042018,25102021 174236,1274, 27208.2, 29.406,352.544,0.727123,359.8,264.502,2.20e+00, 17.6, -  , - 
2917, 74604,22022018,25102021 213149,1205, 27239.0, 28.287,106.679,0.736646,  0.1,272.248,1.30e+00, 17.0, -  , - 
2918, 74605,03092018,25102021 172452,  13, 27195.8, 20.893,282.021,0.567563,359.9,276.121,3.48e+00, 18.7, 2.0,385
2919, 74606,03092018,25102021 195755,1118, 27251.3, 21.044,283.388,0.537893,359.9,277.922,3.01e+00, 18.8, -  , - 
2920, 74607,03102018,25102021 135628,1078, 27190.6, 20.774,292.958,0.540082,359.9,258.447,5.10e+00, 18.1,89.6, - 
2921, 74608,06042019,26102021 023946,   9, 27257.6, 11.102,194.865,0.458121,  0.6, 26.260,6.49e-01, 17.3, 0.2, 43
2922, 74609,06042019,25102021 231918, 779, 26993.5,  8.406,119.952,0.606330,  0.4,146.818,1.08e+01, 16.3,72.3, - 
2923, 74610,06042019,26102021 061705, 248, 27277.7, 11.396,194.093,0.474645,  0.6, 23.413,1.34e+00, 17.0,49.2, - 
2924, 74611,12062019,26102021 021942, 748, 27267.6, 10.355,186.472,0.520796,  0.7, 41.441,6.01e+00, 16.2, -  , - 
2925, 74612,26062019,25102021 194744,   3, 27297.1, 11.152,195.488,0.446221,  0.6, 24.180,1.93e+00, 17.6, 0.2, 37
2926, 74613,14082019,26102021 003609,  23, 27307.7, 11.058,194.983,0.439214,  0.6, 21.592,1.38e-01, 18.1, 0.3, 60
2927, 74615,01112019,25102021 191600, 374, 27180.9, 21.178,283.480,0.509223,359.9,280.021,2.13e-01, 16.9, 3.8,842
2928, 74616,19112019,26102021 005713, 375, 27261.0, 11.037,185.820,0.541083,  0.6, 38.973,4.96e+00, 13.9,74.6, - 
2929, 74617,21112019,25102021 180314, 583, 27131.2, 11.287,179.907,0.464183,  0.6, 44.671,1.94e-01, 15.3, 4.5,980
2930, 74619,23112019,26102021 055616, 408, 27232.0, 11.083,190.514,0.460983,  0.6, 32.796,5.82e-02, 16.7, 0.4, 65
2931, 74620,28112019,25102021 170043, 662, 27138.5, 11.277,181.199,0.508212,  0.6, 54.554,8.21e-01, 17.9,11.4, - 
2932, 74621,04122019,25102021 203837, 624, 16095.8, 26.917,130.331,0.543728,  0.2,282.337,2.15e+00, 16.3,11.0, - 
2933, 74630,29042020,26102021 080944, 543, 27199.9, 10.800,112.343,0.561783,  0.2,  1.611,5.84e-01, 18.3,96.9, - 
2934, 74631,10052020,26102021 003312, 505, 27161.8, 64.642,325.859,0.657512,359.9, 39.447,1.31e+00, 15.2,13.5, - 
2935, 74632,18062020,26102021 015535, 292, 27231.5, 11.625,169.655,0.528194,  0.6, 79.650,1.72e+00, 13.4,68.5, - 
2936, 74633,20012019,26102021 054108,   3, 27220.9, 71.503,173.845,0.530074,  0.1,  2.488,1.81e-01, 15.0, 0.2, 36
2937, 74634,22092020,25102021 222820, 291, 27116.8, 11.227,202.350,0.451727,  0.6, 20.237,5.46e-02, 16.5, 2.1,466
2938, 74635,07102020,25102021 234241, 365, 27290.5, 20.821,286.623,0.539637,359.9,265.351,6.40e+00, 17.5,10.6, - 
2939, 74636,13102020,25102021 214256, 270, 27201.6, 65.953,143.167,0.686116,  0.1, 21.975,1.09e+00, 16.7, 3.3,506
2940, 74637,20102020,26102021 082653, 293, 27097.0, 10.629,179.770,0.515738,  0.6, 55.614,4.75e+00, 13.2,89.1, - 
2941, 74638,11112020,26102021 013411,   9, 27087.2, 21.457,296.764,0.487242,359.9,263.112,2.40e-01, 17.2, 0.4, 89
2942, 74639,30122018,25102021 220118,  90, 26815.3, 25.920,223.377,0.722238,  0.2,185.125,6.04e-02, 16.8, 2.0,373
2943, 74640,09072021,26102021 100119,   3, 27259.3, 11.389,178.565,0.476789,  0.6, 44.523,1.68e+00, 13.8, 0.8,176
2944, 74641,12092021,25102021 225825,   3, 27252.7, 28.008,314.234,0.712243,359.8,320.264,1.99e+00, 16.4, 0.1, 17
2945, 74700,09092013,26102021 030347,2964, 27216.4, 21.160,131.030,0.651796,  0.2, 84.007,2.83e+00, 17.0, -  , - 
2946, 74701,07032016,26102021 002841, 897, 27294.2, 56.620,253.385,0.505788,  0.0, 27.729,9.53e-01, 17.3,69.9, - 
2947, 74702,21042013,25102021 213804,   1, 27298.8, 27.301,205.021,0.733648,  0.2,175.933,5.06e-02, 13.6, 0.1,  6
2948, 74703,03092018,25102021 132753,1082, 27288.7, 21.359,294.749,0.491796,359.9,263.402,1.78e-02, 18.8,85.9, - 
2949, 74704,07092018,25102021 153232, 534, 27281.3, 21.128,283.624,0.540708,359.9,277.768,1.31e+00, 14.4, -  , - 
2950, 74705,03092018,25102021 133701, 795, 27282.4, 20.655,273.620,0.581549,360.0,281.395,1.20e-01, 18.8,16.1, - 
2951, 74707,09082019,26102021 021418,   9, 27352.1, 10.830,198.645,0.483618,  0.6, 29.059,3.97e+00, 17.3, 2.9,653
2952, 74709,29082019,25102021 181525, 369, 27281.5, 10.863,197.757,0.509893,  0.6, 12.390,3.97e+00, 19.2, -  , - 
2953, 74710,30082019,26102021 074150,  42, 27288.4, 14.631,135.599,0.565965,  0.3, 95.192,5.71e+00, 15.5,14.3, - 
2954, 74711,02122019,26102021 005246, 135, 27327.4, 26.731, 80.318,0.736140,360.0,  2.737,7.37e-01, 17.5,11.0,506
2955, 74712,14102020,25102021 214341,  86, 27289.7, 11.130,188.747,0.445934,  0.6, 31.146,2.28e-02, 18.9, 0.1,  3
2956, 74801,03092018,25102021 151958,   1, 27307.4, 21.349,288.105,0.520275,359.9,276.059,2.60e-01, 15.9, 0.1, 10
2957, 74802,03092018,25102021 191954, 718, 27306.2, 21.573,298.669,0.490908,359.8,255.917,1.95e-01, 18.8,90.6, - 
2958, 74803,03092018,25102021 212559, 809, 27181.0, 21.106,286.752,0.494863,359.9,276.344,1.74e-01, 16.8,34.0, - 
2959, 74804,03092018,26102021 071202,   3, 27299.0, 21.432,293.926,0.506567,359.9,266.581,2.09e-01, 16.2, 0.1, 13
2960, 74805,03092018,26102021 012840, 834, 27296.6, 21.430,284.985,0.518072,359.9,277.826,9.29e-02, 18.9,10.0, - 
2961, 74806,03092018,26102021 043559, 774, 27315.6, 21.288,289.455,0.510321,359.9,271.638,2.88e-01, 16.7,10.4, - 
2962, 74807,06112018,26102021 030035,   1, 27313.1, 11.105,190.548,0.448841,  0.6, 28.469,5.82e-02, 17.2, 0.2,  9
2963, 74808,06122018,25102021 201702,1049, 27244.6, 21.043,292.744,0.524283,359.9,261.995,3.22e+00, 19.2,39.7, - 
2964, 74810,01072019,25102021 225941, 239, 27326.2, 11.693,172.589,0.535338,  0.6, 58.561,1.59e+00, 16.6,25.1, - 
2965, 74811,01072019,25102021 223152, 400, 27309.5, 11.235,174.103,0.502490,  0.6, 56.693,7.18e-01, 17.8,17.3, - 
2966, 74900,06072011,26102021 023243,   1, 27404.6, 26.757,308.255,0.722121,359.8, 32.273,6.64e-02, 14.3, 0.1,  4
2967, 74901,02102008,25102021 125618,   2, 27351.6, 62.693,238.330,0.674300,  0.1,265.931,1.31e-01, 13.0, 0.1,  4
2968, 74902,17102012,26102021 112257,   1, 27395.0, 26.312, 47.737,0.740626,359.8, 76.028,3.98e-02, 13.3, 0.1,  3
2969, 74903,19102017,26102021 005649,  85, 27422.6, 18.366, 71.960,0.655609,359.9,  5.579,1.64e+00, 17.1, 1.4,305
2970, 74904,03092018,25102021 130809,   1, 27338.2, 21.215,287.153,0.511421,359.9,274.195,2.41e-01, 16.7, 0.1,  9
2971, 74905,03092018,25102021 160752,  14, 27337.9, 21.274,296.120,0.474742,359.9,257.448,1.92e-02, 17.7, 0.2, 10
2972, 74906,03092018,25102021 225634, 763, 27350.1, 21.204,284.215,0.523392,359.9,278.682,1.55e-01, 18.3, 3.3,244
2973, 74907,07092018,25102021 203519, 754, 27333.0, 21.007,282.966,0.517552,359.9,282.184,9.78e-01, 17.1,60.0, - 
2974, 74908,07092018,26102021 053835,   2, 27344.0, 21.154,280.940,0.524675,359.9,284.332,1.96e-01, 17.0, 0.1,  9
2975, 74909,08042019,26102021 004218,   3, 27284.2, 11.142,191.717,0.465096,  0.6, 29.282,5.53e-01, 15.9, 0.3, 73
2976, 74910,08042019,26102021 041236, 331, 27413.8, 11.068,186.663,0.478073,  0.6, 38.192,3.90e-02, 17.9, 4.0,658
2977, 74911,09042019,25102021 195921,  39, 27273.4, 11.076,194.873,0.445929,  0.6, 24.417,8.40e-01, 17.8, 3.4,779
2978, 74912,03062019,26102021 091519, 790, 27340.7, 11.663,188.326,0.414500,  0.6, 23.290,3.53e+00, 17.7, -  , - 
2979, 74913,23052019,25102021 234958,  15, 27340.9, 11.095,188.627,0.473445,  0.6, 33.437,1.21e+00, 17.3, 0.4, 89
2980, 74914,24072019,25102021 204356,  13, 27383.1, 20.687,287.287,0.535621,359.9,271.246,2.85e+00, 17.8, 1.3,283
2981, 74916,23102020,25102021 171830,   1, 27324.6, 10.982,180.979,0.491428,  0.6, 47.063,1.71e+00, 16.6, 0.2, 41
2982, 74917,03062021,25102021 205946,   1, 27322.9, 68.445,243.102,0.335564,  0.1,230.827,2.97e+00, 15.3, 0.1, 13
2983, 75000,07012014,26102021 035136, 345, 27436.5, 25.937,243.320,0.696451,  0.1, 84.618,2.03e+00, 15.6,12.2, - 
2984, 75001,18082017,25102021 183712, 564, 27416.4, 26.613, 75.774,0.734938,359.9, 17.669,3.34e-01, 14.1,44.1, - 
2985, 75002,30032018,26102021 040014, 292, 27292.3, 25.108,147.436,0.719150,  0.2,255.770,1.88e+00, 16.1,47.0, - 
2986, 75003,03092018,25102021 231140, 795, 27387.4, 20.585,266.991,0.573316,  0.0,299.923,9.99e-01, 17.4,46.1, - 
2987, 75004,03092018,25102021 164044,  12, 27355.8, 21.178,288.629,0.504495,359.9,270.333,2.32e-01, 18.5, 0.1, 25
2988, 75006,23082019,25102021 214542,   3, 27379.9, 21.149,284.781,0.509145,359.9,273.902,9.91e-01, 17.8, 0.3, 53
2989, 75007,29082019,25102021 190347, 757, 27352.0, 13.299,160.701,0.460622,  0.5, 57.204,1.88e-01, 18.1,50.1, - 
2990, 75008,22102019,25102021 163853, 732, 27376.0, 13.471,254.149,0.431888,  0.1,346.073,9.03e+00, 17.5, -  , - 
2991, 75100,17102012,25102021 212515,3258, 27392.2, 59.838,161.463,0.618893,  0.1,206.873,3.04e+00, 16.5,70.7, - 
2992, 75101,20112016,26102021 063622,   4, 27393.3, 13.147,168.928,0.487821,  0.5,258.254,8.12e-03, 17.2, 0.1,  1
2993, 75102,14022018,25102021 200556, 949, 27395.3, 62.656,199.504,0.625856,  0.1,266.239,1.61e-01, 16.3, 9.8, - 
2994, 75103,02092018,25102021 190356,1086, 27337.2, 21.011,298.716,0.529754,359.8,252.694,2.14e+00, 18.1, -  , - 
2995, 75104,03092018,25102021 232120,  14, 27378.0, 21.151,286.429,0.505560,359.9,273.102,2.57e-02, 18.5, 0.1, 14
2996, 75105,02092018,25102021 185413,   1, 27381.8, 21.238,290.895,0.504087,359.9,267.896,8.25e-02, 16.4, 0.1,  6
2997, 75106,02092018,25102021 223725,   3, 27382.7, 21.132,281.923,0.515371,359.9,279.213,1.34e-01, 13.4, 0.1, 21
2998, 75107,05092018,26102021 052022,  26, 27382.0, 21.407,278.832,0.498200,360.0,276.921,1.46e-01, 14.4, 0.2, 48
2999, 75108,06092018,26102021 051447,   1, 27372.0, 22.086,300.372,0.515013,359.8,260.291,4.11e-02, 17.0, 0.1,  1
3000, 75109,09042019,25102021 230231, 423, 27481.4, 11.061,201.547,0.429903,  0.6, 10.971,6.34e-01, 16.8,46.4, - 
3001, 75110,22062019,26102021 003738,   8, 27393.8, 11.077,196.862,0.450173,  0.6, 21.212,1.16e-01, 16.5, 0.2, 39
3002, 75111,04072019,25102021 162021, 418, 27421.5, 20.995,292.033,0.510380,359.9,262.752,3.05e+00, 14.5,44.9, - 
3003, 75112,23072019,26102021 004113, 794, 27433.1, 21.160,311.662,0.500387,359.8,236.641,5.73e+00, 17.1,25.3, - 
3004, 75113,26082019,26102021 015507,  13, 27318.1, 10.961,178.144,0.510948,  0.6, 57.481,8.05e-01, 17.8, 1.3,266
3005, 75115,10122020,25102021 224033, 314, 27507.8, 28.000,320.763,0.706725,359.8,307.774,1.81e+00, 16.4, -  , - 
3006, 75200,13092012,26102021 085538,   1, 27414.9, 69.876,265.127,0.402166,  0.0,114.008,2.28e+00, 14.8, 0.1,  3
3007, 75201,15092014,26102021 011722,   1, 27541.5, 26.338, 85.934,0.740206,360.0,  0.992,8.36e-02, 13.0, 0.1,  4
3008, 75202,03022014,26102021 091302, 152, 27347.8, 26.228,250.932,0.728148,  0.1,129.739,2.13e+00, 17.4,66.0, - 
3009, 75203,28072016,25102021 214006,   1, 42164.9,  2.585,352.200,0.000245,357.4,210.550,3.12e-02, 10.3, 0.1,  1
3010, 75204,16062014,26102021 015124, 651, 27423.7, 26.353, 54.432,0.739983,359.8, 64.086,2.88e-01, 17.1,31.5,961
3011, 75206,08072018,25102021 194510, 580, 27418.3, 67.088,344.913,0.582400,359.9, 67.651,1.32e+00, 14.9, -  , - 
3012, 75207,06092018,25102021 192355,  13, 27397.9, 21.908,299.689,0.514345,359.8,260.394,7.73e-02, 17.9, 0.1, 16
3013, 75208,06092018,25102021 170453,   2, 27389.3, 21.065,291.674,0.517411,359.9,264.339,1.89e+00, 17.7, 0.1,  6
3014, 75209,06092018,25102021 171430,1136, 27384.2, 21.198,294.749,0.503333,359.9,260.574,1.09e+00, 18.5,42.7, - 
3015, 75210,07092018,25102021 192148,1078, 27387.1, 21.177,294.158,0.502374,359.9,261.975,1.46e+00, 18.8, -  , - 
3016, 75211,07092018,26102021 010647,  21, 27417.1, 21.110,290.574,0.516507,359.9,268.420,1.06e+00, 18.2, 1.1,112
3017, 75212,04092018,26102021 010600,1052, 27416.2, 21.048,295.228,0.510222,359.9,257.064,9.94e-01, 18.8,66.4, - 
3018, 75213,14092018,26102021 024122, 690, 27409.8, 20.294,296.850,0.441312,359.8,256.021,1.36e-01, 17.2,22.6, - 
3019, 75214,14092018,25102021 164318,1065, 27348.5, 20.838,278.568,0.581024,360.0,278.919,3.71e+00, 18.7, -  , - 
3020, 75215,30082018,25102021 222524, 735, 27334.2, 20.622,293.244,0.537517,359.9,258.396,3.90e+00, 18.3, -  , - 
3021, 75216,11112018,26102021 000523, 723, 27375.8, 21.368,299.463,0.491184,359.8,249.435,2.07e+00, 17.7, -  , - 
3022, 75217,09042019,26102021 040836,  27, 27413.7, 11.069,186.664,0.478042,  0.6, 38.256,3.50e-02, 17.6, 0.1,  6
3023, 75218,09042019,26102021 084741,   3, 27429.8, 11.128,179.459,0.491977,  0.6, 48.152,6.01e-01, 17.2, 0.2, 53
3024, 75219,09042019,26102021 051209, 319, 27392.5, 11.256,184.913,0.504232,  0.6, 39.576,1.52e+00, 19.0,25.2, - 
3025, 75220,24082019,25102021 181110,   3, 27414.0, 21.171,287.418,0.505226,359.9,271.026,7.95e-02, 16.8, 0.1,  5
3026, 75222,03102019,26102021 000013,   3, 27402.5, 21.339,292.647,0.465407,359.9,257.268,1.98e-01, 15.2, 0.1, 26
3027, 75300,12092012,25102021 165409, 959, 27544.3, 17.743, 95.250,0.645498,  0.0,320.847,2.00e+00, 17.2,27.0, - 
3028, 75301,07122012,25102021 210649,   2, 27513.9, 26.246,116.492,0.737985,  0.1,297.197,2.72e-02, 15.2, 0.1,  2
3029, 75302,31012014,26102021 112509,   2, 27560.9, 26.207, 79.367,0.740009,359.9, 19.086,2.43e-02, 16.4, 0.1,  2
3030, 75303,26122013,25102021 151136,   2, 27566.1, 26.444, 91.517,0.740156,  0.0,345.358,1.27e-01, 15.8, 0.1,  8
3031, 75304,22082017,25102021 124922, 262, 27381.7, 25.837,261.736,0.748591,  0.0,243.674,4.84e-02, 15.8,21.1,317
3032, 75305,05092018,26102021 000525,1054, 27397.1, 21.354,305.310,0.507576,359.8,245.077,2.94e+00, 18.3,59.2, - 
3033, 75306,03092018,26102021 065230, 374, 27484.7, 20.617,294.236,0.506171,359.9,255.187,6.99e-01, 16.5,71.3, - 
3034, 75307,17072017,26102021 011457, 817, 27391.4, 22.321,256.447,0.728289,  0.1,213.925,9.21e-02, 18.3,27.4, - 
3035, 75308,09112018,25102021 132819,1051, 27419.2, 21.139,295.712,0.507398,359.9,257.441,1.58e+00, 18.7,53.4, - 
3036, 75309,08042019,26102021 043525, 747, 27421.8, 11.396,176.630,0.472672,  0.6, 44.508,2.60e-01, 17.2,13.8, - 
3037, 75310,15052019,25102021 223107, 374, 27463.1, 13.789,158.254,0.614295,  0.5, 98.797,2.98e-01, 18.4, 5.5, - 
3038, 75313,03012020,25102021 191202,   3, 27424.8, 11.552,170.033,0.494354,  0.6, 57.950,2.42e-01, 16.1, 0.1,  7
3039, 75400,15102012,25102021 190258,   1, 27580.6, 26.213,101.413,0.740638,  0.1,329.491,1.00e-02, 15.0, 0.1,  1
3040, 75401,04082016,26102021 022434,  17, 27397.6, 24.054,  9.536,0.749437,359.7,194.385,1.34e-01, 17.0,14.6, 28
3041, 75402,02092018,25102021 192352,  13, 27467.2, 21.212,291.539,0.495044,359.9,264.518,4.70e-02, 16.5, 0.1, 12
3042, 75403,02092018,25102021 205349,  45, 27469.5, 21.708,303.522,0.497298,359.8,251.569,2.36e-01, 18.1, 0.5,110
3043, 75404,08042019,25102021 200757, 569, 27446.3, 11.592,177.389,0.464859,  0.6, 42.140,2.82e-01, 17.5,15.4, - 
3044, 75405,08042019,25102021 203921,   2, 27458.4, 11.153,186.313,0.463424,  0.6, 34.072,2.15e-02, 17.0, 0.1,  3
3045, 75406,07042019,26102021 003230, 273, 27449.5, 11.182,193.368,0.414333,  0.6, 16.690,1.48e-01, 18.0, 8.3, - 
3046, 75407,06042019,26102021 083908,   3, 27459.5, 11.053,201.226,0.429045,  0.6, 11.725,1.00e-01, 17.1, 0.1, 20
3047, 75408,24082019,25102021 195739, 731, 27472.7, 21.136,294.694,0.506039,359.9,262.096,1.65e+00, 17.6,46.9, - 
3048, 75500,19092012,26102021 023213,   1, 27126.9, 25.980,338.439,0.749795,359.7,194.421,1.90e-03, 15.0, 0.1,  1
3049, 75501,11102012,26102021 094511,   1, 27345.2, 25.901, 11.417,0.746089,359.7,147.859,3.07e-02, 17.7, 0.1,  1
3050, 75502,24122016,26102021 103844, 222, 27416.3, 27.623,215.474,0.739028,  0.2,149.265,1.81e-02, 15.8, 1.0,109
3051, 75503,02092018,26102021 042602, 150, 27467.3, 21.252,293.291,0.506589,359.9,264.239,1.84e-01, 15.4, 4.7, - 
3052, 75504,03092018,25102021 133158,  17, 27468.5, 21.356,296.929,0.496777,359.9,259.103,1.08e-01, 17.8, 0.1, 20
3053, 75505,03092018,26102021 061138,  10, 27391.1, 20.926,291.078,0.524173,359.9,266.203,2.17e+00, 18.3, 0.6,141
3054, 75506,02092018,26102021 002932,  27, 27457.1, 21.722,303.771,0.493797,359.8,251.255,9.78e-02, 17.6, 0.4, 96
3055, 75507,02092018,25102021 211320,1116, 27408.5, 21.023,306.028,0.518438,359.8,240.254,5.26e+00, 18.0,68.0, - 
3056, 75508,07092018,25102021 134830,1044, 27434.9, 21.013,271.283,0.591153,360.0,291.168,2.52e+00, 17.8, -  , - 
3057, 75509,06122018,25102021 154741,   1, 27467.0, 21.266,293.549,0.505280,359.9,263.569,1.73e-01, 16.4, 0.1, 15
3058, 75510,06042019,26102021 110333,   1, 27463.7, 11.339,183.191,0.466976,  0.6, 36.496,8.26e-01, 16.5, 0.1, 23
3059, 75511,07042019,25102021 193709,   1, 27487.9, 11.307,184.416,0.455058,  0.6, 33.048,8.40e-02, 13.8, 0.1,  4
3060, 75512,06042019,26102021 065058,   2, 27477.1, 11.065,195.999,0.447547,  0.6, 20.437,9.69e-02, 17.1, 0.1,  6
3061, 75513,27062019,25102021 150710, 375, 27484.6, 11.050,199.978,0.441606,  0.6, 15.318,1.63e-02, 17.8, 0.8,126
3062, 75514,18112019,25102021 212838,   9, 27457.2, 21.079,278.951,0.561684,360.0,280.026,4.00e+00, 18.3, 0.2, 38
3063, 75515,21102020,25102021 232315, 276, 27467.9, 11.624,201.084,0.465337,  0.6, 24.314,5.56e+00, 16.2,43.0, - 
3064, 75600,18102012,25102021 233657,   6, 27596.3, 25.733,104.860,0.739719,  0.1,334.692,1.19e-02, 16.1, 0.1,  2
3065, 75601,30012014,26102021 031120, 693, 27522.8, 24.885,249.354,0.665973,  0.1, 91.709,3.45e+00, 15.1, -  , - 
3066, 75602,21032018,25102021 180317,1176, 27415.3, 15.233, 46.594,0.676290,359.7,153.617,5.52e+01, 17.9, -  , - 
3067, 75603,02092018,25102021 163405,   1, 27503.5, 21.295,298.539,0.480832,359.8,253.527,4.35e-02, 16.4, 0.1,  1
3068, 75604,02092018,25102021 161803, 789, 27523.5, 21.101,290.795,0.491204,359.9,254.332,1.26e-01, 17.8, 9.5, - 
3069, 75605,02092018,25102021 191528,  11, 27491.1, 21.015,295.279,0.521572,359.9,257.584,3.05e+00, 18.7, 2.8,630
3070, 75606,03102018,25102021 131607,1078, 27493.8, 21.043,300.350,0.502547,359.8,248.492,2.70e+00, 17.4, -  , - 
3071, 75607,07042019,26102021 000303,   0, 27502.6, 11.072,195.925,0.446523,  0.6, 19.826,6.35e-02, 13.9, 0.1,  2
3072, 75608,08042019,25102021 232341,   2, 27503.2, 11.780,176.049,0.455730,  0.6, 40.979,2.05e-01, 14.9, 0.1, 14
3073, 75609,15052019,26102021 063552, 863, 27407.7,  9.604, 90.405,0.643787,  0.0,153.259,6.66e+00, 17.0, -  , - 
3074, 75610,03072019,26102021 073944, 396, 27519.0, 11.538,166.971,0.525927,  0.6, 63.106,1.26e+00, 16.7, -  , - 
3075, 75612,30062019,26102021 082103,  23, 27531.5, 11.110,189.968,0.469547,  0.6, 30.126,6.91e-01, 16.9, 1.3,293
3076, 75613,10072019,26102021 050820, 735, 27525.1, 11.804,157.278,0.512610,  0.5, 79.744,4.12e+00, 16.8, -  , - 
3077, 75614,29082019,25102021 222606,  55, 27502.8, 14.581,156.839,0.478520,  0.4, 61.564,6.15e+00, 15.4,24.9, - 
3078, 75615,02092019,25102021 193752,  54, 27519.4, 11.055,196.129,0.446882,  0.6, 19.753,3.57e-02, 18.3, 0.1,  5
3079, 75616,05102019,25102021 150934, 278, 27527.0, 10.942,190.882,0.482723,  0.6, 37.856,3.27e+00, 16.3, -  , - 
3080, 75617,24122019,26102021 073155, 564, 27515.7, 11.651,167.957,0.501959,  0.6, 60.199,1.67e-01, 16.5, 9.9, - 
3081, 75700,02092018,26102021 030120, 292, 27533.0, 21.551,308.881,0.460396,359.8,239.039,6.43e-02, 17.9, 1.8,398
3082, 75701,02092018,26102021 070328,   3, 27531.1, 21.197,292.370,0.492577,359.9,261.731,3.31e-03, 16.4, 0.1,  1
3083, 75702,02092018,25102021 212157,   1, 27507.0, 21.377,296.146,0.536173,359.9,252.175,1.41e-01, 17.0, 0.1, 16
3084, 75703,02092018,26102021 035951, 937, 27437.5, 21.647,301.257,0.499186,359.8,251.648,2.31e-01, 16.9,35.9, - 
3085, 75704,02092018,25102021 193722,1008, 27463.3, 21.075,300.293,0.503136,359.8,251.109,7.28e-01, 16.1,24.3, - 
3086, 75705,06092018,25102021 150805,  16, 27535.1, 21.883,308.345,0.488023,359.8,244.063,7.79e-02, 18.4, 0.1,  7
3087, 75706,05102018,25102021 215418,1116, 27515.1, 21.548,299.207,0.507666,359.8,257.526,2.78e-01, 19.0,92.7, - 
3088, 75707,03112018,26102021 004941, 412, 27490.7, 21.042,301.419,0.506323,359.8,247.849,2.92e+00, 18.3,25.7, - 
3089, 75708,03112018,26102021 062604, 124, 27510.5, 21.756,295.808,0.503278,359.9,257.774,2.54e+00, 14.2, 1.8,327
3090, 75709,11112018,25102021 224353,   3, 27505.1, 21.258,299.050,0.489070,359.8,252.979,6.59e-01, 16.9, 0.1, 28
3091, 75710,03072019,26102021 011449,  15, 27584.4, 10.997,198.658,0.440699,  0.6, 14.772,2.47e-01, 17.7, 0.3, 67
3092, 75711,12072019,25102021 153615,   1, 27519.5, 21.677,303.788,0.497079,359.8,251.162,1.96e-01, 16.9, 0.1,  9
3093, 75712,20072019,25102021 221551, 429, 27458.2, 11.345,197.597,0.436494,  0.6, 14.896,5.28e+00, 14.9, -  , - 
3094, 75713,21042019,26102021 010635, 369, 27451.1, 11.930,181.776,0.487228,  0.6, 35.302,5.60e+00, 16.1, -  , - 
3095, 75714,31072019,26102021 022243, 705, 27554.1, 11.676,224.848,0.378180,  0.4,357.915,1.56e+00, 17.6,95.3, - 
3096, 75716,29082019,26102021 053235, 749, 27562.9, 12.045,221.778,0.435401,  0.4,344.609,3.64e+00, 17.9, -  , - 
3097, 75717,31082019,25102021 142034, 373, 27547.6, 11.349,194.576,0.440333,  0.6, 16.116,6.07e-01, 16.7,20.6, - 
3098, 75718,19092019,26102021 102511, 398, 27512.9, 10.409,153.545,0.631477,  0.6, 83.760,1.28e+01, 16.7,85.8, - 
3099, 75719,27032020,26102021 023312, 228, 27523.6, 72.338,326.424,0.365257,359.9, 86.437,3.25e-01, 15.1,11.0, - 
3100, 75720,29042020,25102021 202327, 541, 27554.3, 70.228,358.531,0.557496,359.9,341.940,2.00e+00, 16.3, 5.1, - 
3101, 75721,10072021,25102021 203902,  85, 27496.0, 80.950,273.363,0.492837,360.0,251.665,1.94e+01, 16.5,39.4, - 
3102, 75722,20072021,26102021 004645,   1, 27523.0, 11.810,191.843,0.510209,  0.6, 31.716,2.14e+00, 16.7, 0.4,100
3103, 75800,18092012,26102021 005852,   1, 27599.4, 26.703,293.904,0.729818,359.9, 49.764,3.57e-02, 15.8, 0.1,  1
3104, 75801,05082013,25102021 235609,   2, 27616.3, 26.962,308.549,0.726831,359.8, 27.359,1.02e-01, 15.9, 0.1,  5
3105, 75802,18082014,26102021 023026,   3, 27537.4, 14.050,354.364,0.581815,359.5,176.664,3.48e+00, 14.9, 0.6,108
3106, 75803,03092018,26102021 030130,   1, 27541.5, 21.373,299.581,0.492431,359.8,253.910,1.13e-01, 15.4, 0.1,  6
3107, 75804,02092018,25102021 201928,1119, 27557.0, 20.964,288.777,0.526752,359.9,265.004,1.23e+00, 18.7, -  , - 
3108, 75805,06092018,25102021 203101, 296, 27569.5, 21.686,310.894,0.467195,359.8,236.928,2.22e-01, 17.5, 4.4,680
3109, 75806,08042019,25102021 221328,   1, 27563.3, 11.229,184.451,0.464953,  0.6, 34.783,1.51e-02, 16.3, 0.1,  1
3110, 75807,09042019,25102021 203521,  53, 27509.8, 11.679,186.391,0.541785,  0.6, 39.587,1.07e+00, 12.0,14.1, - 
3111, 75808,27062019,26102021 083154, 257, 27562.7, 10.804,209.744,0.459927,  0.6,  6.778,2.61e+00, 16.6,78.0, - 
3112, 75809,28072019,26102021 004506, 481, 27510.7, 12.863,121.303,0.645648,  0.3,125.575,4.56e+00, 17.2, -  , - 
3113, 75810,04082019,26102021 052301,   1, 27558.5, 11.288,177.989,0.486266,  0.6, 46.655,2.36e-01, 14.9, 0.1,  6
3114, 75811,21082019,25102021 175637, 663, 27595.0, 20.735,304.173,0.498257,359.8,254.112,2.35e+00, 18.0,15.3, - 
3115, 75812,23092019,26102021 095228,   3, 27664.0, 11.219,198.910,0.473492,  0.6, 13.782,3.93e+00, 17.1, 1.7,385
3116, 75813,26092019,25102021 194154,   5, 27559.6, 64.159,155.386,0.524252,  0.1,311.102,1.30e+00, 15.5, 0.1,  9
3117, 75814,02102019,26102021 084106,  47, 27551.3, 11.047,189.113,0.482190,  0.6, 35.062,7.21e-02, 17.8, 0.1, 12
3118, 75815,29092019,26102021 035627,  13, 27943.0, 26.733, 19.339,0.594248,359.7,181.464,5.56e+01, 17.9, -  , - 
3119, 75901,24102017,26102021 074020, 845, 27530.1, 59.505,223.409,0.654021,  0.1,303.739,4.65e+00, 16.4,28.1, - 
3120, 75902,02092018,25102021 220010, 618, 27583.3, 21.192,299.446,0.483390,359.8,251.756,7.48e-02, 17.6,13.6, - 
3121, 75903,02092018,25102021 195113, 359, 27586.9, 21.093,282.786,0.526203,359.9,278.560,2.95e-01, 16.3, 8.0, - 
3122, 75904,05092018,26102021 000338, 723, 27569.8, 21.816,293.983,0.519917,359.9,267.862,4.98e-02, 18.3, 1.2,234
3123, 75905,05092018,25102021 135501, 757, 27558.7, 21.188,302.929,0.482653,359.8,244.282,1.52e+00, 18.8,40.1, - 
3124, 75906,05092018,25102021 201438,1084, 27571.8, 21.267,294.736,0.502369,359.9,259.762,1.32e-01, 18.8,28.3, - 
3125, 75907,14092018,26102021 003214, 719, 27569.3, 21.734,293.690,0.515025,359.9,267.323,9.75e-02, 15.7, 5.0,966
3126, 75908,08112018,25102021 223716,   2, 27527.1, 21.040,305.250,0.533022,359.8,250.289,4.01e+00, 17.3, 0.2, 30
3127, 75909,10112018,25102021 154220,   1, 27703.9, 21.266,299.664,0.490038,359.8,250.676,2.26e-01, 14.2, 0.1, 13
3128, 75910,03042019,25102021 164144, 793, 27557.7, 21.423,307.744,0.504400,359.8,240.958,2.45e+00, 17.8, -  , - 
3129, 75911,20062019,25102021 150938, 457, 27615.4, 10.929,196.834,0.455268,  0.6, 16.702,4.23e-01, 17.8,51.7, - 
3130, 75912,26082019,25102021 235143, 400, 27574.4, 10.993,188.653,0.493766,  0.6, 42.869,1.72e+00, 17.6, -  , - 
3131, 76000,28092012,26102021 023604,   2, 27609.9, 63.676, 24.984,0.706850,359.9,262.612,1.53e-01, 13.5, 0.1, 10
3132, 76001,31012014,25102021 130807, 155, 27648.9, 25.506,147.340,0.733726,  0.2,257.448,3.22e-02, 14.6, 1.0,115
3133, 76002,15012015,25102021 222615,1077, 27576.2, 73.895,339.098,0.514092,359.9,246.660,2.81e-01, 14.9,17.9, - 
3134, 76003,10032016,25102021 160319,1295, 27713.5, 28.040,332.222,0.694534,359.8,290.381,1.61e+00, 15.7,31.8, - 
3135, 76004,08112016,26102021 052541,   2, 27593.9, 12.645,197.154,0.465364,  0.5,169.467,7.96e-03, 17.1, 0.1,  1
3136, 76005,30042017,26102021 001121, 256, 27606.5, 11.808, 56.606,0.507936,359.7,200.027,3.67e-01, 15.2,12.5, - 
3137, 76007,31082018,26102021 032429,   1, 27602.8, 21.314,301.356,0.472569,359.8,247.588,8.34e-02, 15.6, 0.1,  5
3138, 76008,02092018,25102021 213852,   1, 27599.4, 21.309,299.261,0.487826,359.8,252.884,3.17e-02, 14.7, 0.1,  1
3139, 76009,02092018,25102021 192220,   2, 27588.4, 21.281,297.793,0.492690,359.8,255.177,9.19e-02, 15.7, 0.1,  5
3140, 76010,02092018,25102021 212636,  52, 27599.0, 20.834,303.844,0.485676,359.8,243.113,2.79e+00, 17.1, 5.3, - 
3141, 76011,02092018,25102021 235135, 554, 27611.1, 21.087,290.855,0.500948,359.9,264.204,9.06e-02, 18.9,10.4, - 
3142, 76012,02092018,26102021 061819,  22, 27599.0, 21.245,298.941,0.499171,359.8,253.937,1.17e+00, 18.2, 1.2,257
3143, 76013,05092018,25102021 222636,  11, 27642.8, 21.193,291.483,0.493472,359.9,260.708,1.07e-01, 18.2, 0.2, 45
3144, 76014,02102018,26102021 055415,1113, 27561.3, 21.371,305.137,0.431921,359.8,230.455,1.14e+00, 19.0,67.3, - 
3145, 76015,29102018,26102021 010217,   2, 27593.4, 21.287,298.710,0.486589,359.8,253.129,4.34e-02, 16.1, 0.1,  5
3146, 76016,09112018,25102021 210414,  12, 27553.3, 21.077,301.424,0.505639,359.8,248.044,2.79e+00, 18.3, 1.9,431
3147, 76017,25072019,26102021 005227,  16, 27597.3, 11.057,189.160,0.474070,  0.6, 32.229,2.14e-02, 18.1, 0.1,  2
3148, 76018,03072019,26102021 103321, 361, 27536.1, 10.138,196.857,0.494745,  0.6, 23.959,5.15e+00, 15.0,65.8, - 
3149, 76019,12072019,25102021 132703, 782, 27654.1, 20.903,305.933,0.510883,359.8,238.184,4.93e+00, 17.6,75.5, - 
3150, 76020,10092019,25102021 222207, 136, 27573.9, 21.238,297.274,0.490813,359.9,255.424,4.96e-01, 15.4,21.1, - 
3151, 76021,20102019,26102021 065404, 369, 27720.0, 11.282,195.791,0.478659,  0.6,  4.468,4.87e+00, 17.6,84.1, - 
3152, 76022,19102019,25102021 235142,  57, 27617.0, 59.488,125.234,0.601533,  0.1,  0.030,1.49e+00, 17.2, 0.7,102
3153, 76100,20122009,26102021 024318,  42, 27708.6,  6.676,146.128,0.743652,  0.9, 80.525,1.40e-01, 17.4, 0.6,113
3154, 76101,25122013,26102021 003449,   3, 27673.4, 25.186,150.445,0.733172,  0.2,258.553,5.27e-02, 15.0, 0.1,  4
3155, 76102,11052015,25102021 205918, 101, 27620.8, 25.775,150.373,0.731881,  0.2,247.603,7.43e-02, 15.6, 0.7,149
3156, 76103,08102016,25102021 232203,   1, 27605.8, 15.688,142.193,0.538829,  0.3,287.525,6.02e-03, 12.5, 0.1,  1
3157, 76104,05092018,26102021 063117, 465, 27630.7, 21.324,299.076,0.490209,359.8,252.808,6.49e-02, 17.2, 4.0,890
3158, 76105,14102018,25102021 221307, 381, 27546.9, 27.882,315.278,0.711760,359.8,319.195,2.25e+00, 16.8,31.3, - 
3159, 76106,07042019,26102021 000454,  12, 27566.1, 21.211,296.982,0.490771,359.9,255.776,1.30e-01, 16.3, 0.3, 55
3160, 76107,06042019,26102021 081113,   2, 27614.5, 11.459,180.635,0.469064,  0.6, 36.732,1.54e+00, 16.0, 0.3, 58
3161, 76108,06062019,26102021 064043, 752, 27594.2,  9.643,161.404,0.541042,  0.7, 91.095,1.83e+00, 17.8, -  , - 
3162, 76109,02072019,25102021 212104,   2, 27655.9, 11.839,177.439,0.464184,  0.6, 39.041,1.57e+00, 16.4, 0.2, 46
3163, 76110,30082019,25102021 152258, 743, 27649.6, 69.762,160.834,0.588437,  0.1,337.866,4.70e-01, 15.9,10.1, - 
3164, 76111,13102019,25102021 220059, 727, 27622.2, 21.125,304.643,0.500659,359.8,240.703,2.05e+00, 18.1,28.9, - 
3165, 76112,25042014,26102021 002530,   2, 27597.3, 22.767,345.044,0.755538,359.7,266.912,4.93e-02, 15.4, 0.1,  4
3166, 76200,19072015,25102021 191638, 773, 27653.7, 62.677,101.149,0.700642,  0.0,269.789,9.22e-02, 15.2, 9.8, - 
3167, 76201,20042016,25102021 213913, 102, 27630.8, 26.535,191.152,0.719467,  0.3,164.832,5.62e-02, 17.0, 0.5,111
3168, 76202,11032016,25102021 160004,1507, 27724.7, 54.810,275.430,0.372802,360.0, 29.177,7.94e+00, 16.2, -  , - 
3169, 76203,08072009,26102021 000138,   3, 27712.9, 22.941,290.047,0.747340,359.9,324.285,9.13e-02, 15.6, 0.1,  9
3170, 76204,02092018,25102021 223417,  52, 27638.1, 21.436,303.463,0.487561,359.8,247.427,2.73e-01, 16.7, 1.4,310
3171, 76205,02092018,25102021 204738, 782, 27645.1, 21.303,277.873,0.538939,360.0,270.185,6.21e-02, 17.7, 6.5,629
3172, 76206,02092018,25102021 202710,   2, 27631.9, 21.399,303.433,0.484448,359.8,247.220,1.61e-01, 16.0, 0.1,  5
3173, 76207,02092018,25102021 205726,  14, 27647.1, 21.261,297.359,0.503552,359.9,249.729,7.97e-01, 16.4, 0.5, 41
3174, 76208,05092018,26102021 054831, 370, 27646.8, 21.331,300.963,0.485252,359.8,250.000,3.06e-02, 17.9, 0.5,112
3175, 76209,07042019,26102021 031756, 291, 27659.1, 11.451,179.734,0.470341,  0.6, 39.018,2.23e-01, 17.2, 4.3,957
3176, 76210,07042019,25102021 230221,   2, 27658.0, 11.059,194.772,0.452338,  0.6, 20.513,1.69e-02, 15.6, 0.1,  1
3177, 76211,08042019,25102021 231221,   4, 27647.5, 11.151,185.362,0.475887,  0.6, 35.339,1.71e-01, 15.9, 0.1, 25
3178, 76212,01072019,25102021 172602,   2, 27653.9, 11.131,200.294,0.480828,  0.6, 22.188,4.42e-02, 16.8, 0.1,  1
3179, 76214,30082019,26102021 001112,  14, 27773.8, 11.538,181.893,0.451524,  0.6, 31.117,9.20e-01, 17.2, 2.9,649
3180, 76215,26092019,26102021 010248, 338, 27649.3, 11.036,197.521,0.448158,  0.6, 17.115,1.63e-01, 15.6, 6.3, - 
3181, 76216,22102019,26102021 070534,  12, 27670.6, 11.061,186.918,0.487758,  0.6, 31.620,4.84e+00, 17.2, 0.7,155
3182, 76218,11102021,25102021 211004,   2, 27645.1, 21.025,295.364,0.500247,359.9,256.468,7.64e-01, 16.4, 0.1,  2
3183, 76300,14092012,26102021 032949,   1, 27675.0, 25.893,279.992,0.731588,360.0, 89.915,4.71e-02, 15.8, 0.1,  2
3184, 76301,02092018,25102021 202903,   2, 27675.5, 21.203,294.507,0.499807,359.9,259.053,1.63e-02, 16.4, 0.1,  1
3185, 76302,02092018,25102021 223226,  46, 27663.6, 21.436,304.634,0.483885,359.8,245.150,2.35e-01, 16.0, 1.6,360
3186, 76303,02092018,25102021 132843,   1, 27671.4, 21.331,300.391,0.492837,359.8,251.622,1.92e-01, 15.3, 0.1,  9
3187, 76304,02092018,25102021 133839,   1, 27663.2, 21.281,301.030,0.482025,359.8,249.352,7.27e-02, 16.3, 0.1,  3
3188, 76305,02092018,25102021 221105,   3, 27666.9, 21.307,301.509,0.478726,359.8,247.527,1.04e-01, 14.3, 0.1, 13
3189, 76306,02092018,25102021 152600, 701, 27516.3, 20.773,299.203,0.528992,359.8,246.669,4.75e+00, 18.0,68.4, - 
3190, 76307,02092018,25102021 214800, 727, 27667.4, 21.530,299.486,0.485506,359.8,252.936,7.49e-03, 18.0, 1.5,108
3191, 76308,05092018,26102021 022315, 775, 27628.2, 20.884,314.455,0.450784,359.8,233.611,2.40e+00, 17.9,89.5, - 
3192, 76309,11092018,26102021 053827,   1, 27712.0, 21.162,303.640,0.487033,359.8,243.135,2.04e+00, 17.0, 0.2, 35
3193, 76310,11092018,25102021 225818, 790, 27673.8, 21.832,296.256,0.505806,359.9,259.501,7.74e-01, 18.3,50.4, - 
3194, 76311,12122018,26102021 070200, 246, 27654.5, 21.723,314.198,0.460569,359.8,230.850,1.34e-01, 15.5,18.9, - 
3195, 76312,08042019,25102021 225106,   1, 27682.7, 11.045,197.455,0.444364,  0.6, 15.581,1.79e-01, 14.2, 0.1, 11
3196, 76315,14102019,26102021 082234, 350, 27543.7, 11.150,183.416,0.493021,  0.6, 42.251,3.37e+00, 17.8,16.0, - 
3197, 76316,21102019,25102021 232918,   4, 27657.8, 10.416,187.987,0.515141,  0.7, 38.166,1.78e+00, 17.9, 0.1, 32
3198, 76317,20072020,26102021 053651, 457, 27634.8, 11.163,181.656,0.579202,  0.6, 36.511,1.29e+01, 15.6, -  , - 
3199, 76318,12092020,25102021 213600, 383, 27718.7, 22.842,280.664,0.549187,359.9,260.236,8.35e+00, 15.4, -  , - 
3200, 76319,13102020,25102021 223902, 373, 27671.8, 11.217,192.717,0.471946,  0.6, 23.907,1.40e+00, 18.8, 2.4,532
3201, 76320,05122020,25102021 163727,   7, 27662.2, 21.349,302.139,0.485120,359.8,247.899,4.15e-01, 17.5, 0.1,  8
3202, 76400,09062015,25102021 231320,1230, 27446.4,  7.714,124.079,0.470605,  0.5,102.873,5.90e+00, 15.6, -  , - 
3203, 76401,02092018,25102021 193825,   8, 27685.8, 21.296,304.665,0.480980,359.8,244.454,2.59e+00, 18.4, 3.6,810
3204, 76402,02092018,25102021 153246,   1, 27706.2, 21.209,295.686,0.496237,359.9,256.576,8.10e-03, 17.7, 0.1,  2
3205, 76403,02092018,25102021 131326, 314, 27585.3, 21.077,302.995,0.500325,359.8,234.192,8.78e-02, 18.8, 3.0,376
3206, 76404,11092018,25102021 194337,   2, 27580.4, 21.449,301.275,0.495958,359.8,252.199,2.72e-01, 15.4, 0.1, 15
3207, 76405,30082018,25102021 231709,   9, 27684.8, 21.278,299.998,0.484107,359.8,249.920,6.32e-02, 16.5, 0.1,  3
3208, 76406,11092018,25102021 210705,1140, 27682.3, 21.260,299.431,0.487916,359.8,250.702,2.55e-01, 19.1,87.8, - 
3209, 76407,08042019,26102021 110632,   4, 27698.3, 11.219,185.502,0.471848,  0.6, 33.074,2.80e-01, 17.3, 0.2, 34
3210, 76408,24082019,25102021 230953,  13, 27700.4, 11.185,184.042,0.477529,  0.6, 36.569,1.34e-02, 18.2, 0.1,  1
3211, 76409,26082019,25102021 233426, 371, 27673.5, 10.638,197.124,0.477723,  0.6, 27.666,1.14e+00, 17.7, -  , - 
3212, 76410,26082019,25102021 143756, 375, 27887.0, 10.541,186.397,0.504185,  0.6, 27.314,1.76e+00, 19.0, -  , - 
3213, 76411,23102019,26102021 084247, 321, 27736.9, 11.314,177.976,0.492363,  0.6, 45.496,2.17e-01, 15.9, 0.4, 74
3214, 76412,23102019,25102021 182411, 716, 27676.1, 23.822, 90.930,0.576292,  0.0,122.988,1.97e+00, 16.4,18.9, - 
3215, 76413,17112019,26102021 022422, 600, 27691.8, 11.164,181.969,0.490976,  0.6, 42.094,2.63e-01, 16.4, 4.1,878
3216, 76414,20102020,26102021 043043, 296, 27706.2, 11.238,199.561,0.452707,  0.6, 15.979,8.71e-01, 17.1,22.8, - 
3217, 76415,14102020,26102021 045559, 347, 27709.2, 10.900,184.375,0.474873,  0.6, 38.938,1.49e+00, 19.0, -  , - 
3218, 76500,06022016,25102021 234523,  90, 27746.8, 26.520,233.094,0.721250,  0.2, 86.693,5.28e-02, 16.7, 0.6,117
3219, 76501,13122017,25102021 211708, 251, 27729.8, 62.919,213.128,0.630119,  0.1,267.081,1.57e-01, 14.6, 2.0,441
3220, 76503,04092018,26102021 070136,   2, 27724.4, 21.212,295.902,0.491233,359.9,254.726,2.87e-02, 16.2, 0.1,  3
3221, 76504,10092018,25102021 235253, 369, 27812.5, 21.320,304.911,0.495552,359.8,243.693,1.08e+00, 17.5,23.7, - 
3222, 76505,10092018,25102021 192841,   1, 27724.5, 21.317,302.118,0.481527,359.8,246.554,8.58e-02, 15.6, 0.1,  6
3223, 76506,10092018,25102021 221909,   1, 27678.1, 20.965,301.266,0.526947,359.8,246.115,3.83e+00, 17.9, 0.1, 12
3224, 76507,10092018,26102021 063153,   2, 27757.6, 21.403,304.889,0.485991,359.8,244.183,1.53e-01, 16.9, 0.1,  9
3225, 76508,12092018,25102021 214716,  11, 27627.5, 20.959,298.848,0.506051,359.8,251.911,2.00e+00, 18.3, 1.0,219
3226, 76509,12092018,25102021 205648,1139, 27469.1, 18.404,297.070,0.516794,359.8,228.626,1.57e+01, 17.9, -  , - 
3227, 76510,07102018,25102021 211840,  10, 27600.6, 20.842,306.015,0.497480,359.8,236.974,4.67e+00, 18.9, 0.6,127
3228, 76511,27112018,25102021 190854,   2, 27706.0, 21.352,303.393,0.476214,359.8,244.392,1.08e-01, 15.4, 0.1, 14
3229, 76513,08042019,26102021 025024,   1, 27734.4, 11.243,185.879,0.462928,  0.6, 30.559,1.33e-02, 16.2, 0.1,  1
3230, 76514,05042019,25102021 211842,  15, 27698.5, 11.094,187.575,0.474836,  0.6, 32.716,5.96e-01, 18.6, 0.7,161
3231, 76516,01092019,25102021 145603,   2, 27728.5, 11.025,202.528,0.439416,  0.6,  8.844,1.58e-01, 16.3, 0.1, 16
3232, 76517,26092019,25102021 192732, 408, 27749.9, 11.034,200.649,0.445168,  0.6,  7.792,8.88e-01, 17.7,36.4, - 
3233, 76518,04102019,26102021 045525, 748, 27703.9,  9.873,134.509,0.620190,  0.5,133.525,1.09e+00, 18.0, -  , - 
3234, 76520,09092021,25102021 230956,  14, 27734.8, 17.376,288.090,0.534805,359.9,266.714,5.38e-01, 17.3, 0.1,  8
3235, 76601,31082018,26102021 040834,   1, 27737.8, 21.297,299.070,0.500635,359.8,253.214,1.53e-01, 13.3, 0.1,  7
3236, 76602,04092018,25102021 231841,1108, 27586.0, 19.411,303.863,0.496821,359.8,223.355,9.99e+00, 16.7,90.7, - 
3237, 76603,04092018,25102021 133217, 815, 27736.5, 21.361,311.180,0.447442,359.8,234.217,1.24e-01, 18.8, 1.9,365
3238, 76604,04092018,26102021 053824,  15, 27748.7, 21.258,299.918,0.488790,359.8,250.023,7.47e-02, 18.1, 0.1, 11
3239, 76605,04092018,26102021 013147, 605, 27721.7, 21.241,305.061,0.476911,359.8,241.233,2.01e+00, 16.9,70.3, - 
3240, 76606,06102018,26102021 060848, 936, 27744.3, 21.208,314.271,0.468138,359.8,231.132,4.07e-01, 18.1,34.8, - 
3241, 76607,07112018,25102021 210427,1077, 27682.2, 20.909,299.358,0.521004,359.8,246.738,3.34e+00, 18.3,93.6, - 
3242, 76608,08042019,26102021 103427,   4, 27762.4, 11.259,183.155,0.479332,  0.6, 36.769,5.59e-02, 16.7, 0.1, 12
3243, 76609,09042019,25102021 230334,   2, 27765.0, 11.106,196.132,0.433594,  0.6, 13.431,2.13e-01, 13.8, 0.1, 11
3244, 76610,06042019,26102021 004831,  23, 27744.3, 11.046,191.609,0.472093,  0.6, 27.398,8.70e-03, 18.0, 0.1,  2
3245, 76611,06042019,26102021 021323,  51, 27744.7, 11.120,188.237,0.471344,  0.6, 30.255,9.95e-02, 18.5, 0.4, 62
3246, 76612,16052019,26102021 104350, 263, 27740.6, 11.024,196.935,0.468667,  0.6, 20.967,1.58e-01, 16.5, 2.5,527
3247, 76614,21082019,25102021 194452, 751, 27794.1, 21.001,306.169,0.501487,359.8,237.488,4.49e+00, 16.0,87.9, - 
3248, 76615,27112019,26102021 085649, 694, 27686.8, 11.470,214.228,0.477452,  0.5,348.821,6.45e+00, 18.4,20.4, - 
3249, 76617,02042020,25102021 215847, 539, 27757.0,  6.583,233.746,0.737272,  0.6,269.732,2.13e-01, 18.1,11.0,803
3250, 76700,30092012,25102021 140432,   1, 27785.3, 21.103,179.368,0.742827,  0.3, 17.394,4.04e-01, 14.2, 0.1,  9
3251, 76702,03092018,25102021 133843,   1, 27782.9, 21.107,303.355,0.488120,359.8,245.040,9.84e-01, 17.2, 0.1, 21
3252, 76703,04092018,26102021 035627, 196, 27701.6, 21.040,302.903,0.501184,359.8,245.370,8.83e-01, 17.9, 5.4, - 
3253, 76704,04092018,26102021 011038, 709, 27730.9, 21.583,300.460,0.500623,359.8,244.470,1.72e-01, 17.0,30.3, - 
3254, 76705,04092018,25102021 142627, 425, 27772.3, 21.345,307.030,0.471441,359.8,241.273,1.18e-01, 17.1, 9.6,690
3255, 76706,04092018,26102021 004741, 369, 27771.0, 21.315,302.948,0.480093,359.8,244.899,5.25e-02, 18.2, 4.4,547
3256, 76707,06042019,25102021 192041,  38, 27538.9, 10.753,193.610,0.496139,  0.6, 29.929,1.04e+01, 16.3,27.6, - 
3257, 76708,06062019,26102021 072251, 786, 27767.1, 10.057,178.490,0.509462,  0.7, 49.599,5.57e+00, 17.0, -  , - 
3258, 76709,25072019,25102021 223241,   2, 27777.2, 10.979,188.556,0.502716,  0.6, 36.995,1.20e+00, 17.5, 0.1, 29
3259, 76710,30072019,25102021 220400, 784, 27749.3, 10.486,127.265,0.548336,  0.4, 86.552,1.13e+01, 16.2, -  , - 
3260, 76711,30072019,25102021 155929, 425, 27765.0, 11.398,170.100,0.541413,  0.6, 48.181,1.93e-01, 17.6, 3.2,724
3261, 76712,21082019,26102021 055641, 636, 27784.0, 21.256,303.956,0.482507,359.8,244.084,9.63e-01, 17.3,39.4, - 
3262, 76713,20112019,26102021 021511,   9, 27805.5, 27.874,287.204,0.709153,359.9,353.829,1.31e-02, 17.1, 0.1,  2
3263, 76714,02012020,26102021 091240,  21, 27656.9,  9.123,174.254,0.569390,  0.8, 73.301,6.58e+00, 16.4, 2.9,504
3264, 76715,15022020,25102021 235315, 614, 27764.1, 63.820,191.102,0.458754,  0.1,123.765,8.78e+00, 17.4, -  , - 
3265, 76716,06062021,26102021 014252,  10, 27813.4, 20.964,299.345,0.462008,359.8,258.372,4.83e-02, 16.9, 1.0,169
3266, 76800,25082014,25102021 191854, 103, 27802.8, 63.115, 25.035,0.729446,359.9,276.177,8.03e-02, 14.9, 1.0,209
3267, 76801,01072015,26102021 014004, 640, 27593.1, 26.380, 72.093,0.743822,359.9, 20.343,1.62e-01, 14.6,18.7, - 
3268, 76802,06032018,26102021 034614,1327, 27933.7, 18.638,331.425,0.373893,359.7,175.621,2.97e+01, 17.9, -  , - 
3269, 76803,31082018,26102021 054601,   1, 27796.7, 21.320,303.152,0.481646,359.8,244.180,8.28e-02, 15.9, 0.1,  4
3270, 76804,03092018,25102021 200428, 605, 27775.4, 21.454,297.883,0.527739,359.8,260.176,8.31e-02, 17.6, 8.2, - 
3271, 76805,03092018,26102021 043627, 534, 27799.2, 21.420,299.858,0.511793,359.8,254.163,1.40e-01, 18.3, 4.0,871
3272, 76806,03092018,25102021 220445, 445, 27819.6, 21.318,304.416,0.477127,359.8,241.915,1.38e-01, 14.4,15.8, - 
3273, 76807,03092018,25102021 133334,  15, 27797.4, 21.271,301.125,0.473597,359.8,244.867,6.15e-02, 18.1, 0.1, 15
3274, 76808,03092018,25102021 214457, 705, 27795.7, 20.524,295.048,0.543471,359.9,252.113,4.40e+00, 18.8, -  , - 
3275, 76809,03092018,25102021 224903, 758, 27774.7, 20.703,298.302,0.495482,359.8,244.071,8.03e-02, 16.4,14.2, - 
3276, 76810,13102018,25102021 230659,1147, 27775.6, 21.172,297.515,0.506376,359.8,253.704,7.34e-01, 19.2, -  , - 
3277, 76811,08042019,25102021 192727, 258, 27796.4, 21.769,306.756,0.510355,359.8,244.934,4.09e-01, 16.2, 2.5,511
3278, 76812,08042019,26102021 035825,  40, 27809.1, 11.303,183.220,0.472378,  0.6, 34.436,4.38e-02, 17.7, 0.1, 21
3279, 76813,06042019,26102021 075930, 288, 27789.8, 11.020,201.047,0.436017,  0.6,  8.962,2.18e-01, 16.7, 4.9, - 
3280, 76814,08052019,26102021 022629, 877, 27784.3, 10.183,167.909,0.582715,  0.7, 67.249,5.62e+00, 17.4,48.2, - 
3281, 76815,05082019,25102021 151505,  46, 27778.7, 11.034,181.418,0.519782,  0.6, 38.543,4.53e-02, 17.9, 0.9,  6
3282, 76817,15082019,25102021 143301,   5, 27812.4, 11.223,199.695,0.509050,  0.6, 28.201,2.49e-01, 16.0, 0.1, 17
3283, 76820,29082019,25102021 160739, 198, 27809.2, 11.892,180.367,0.458687,  0.6, 32.299,4.91e-02, 17.1, 5.7, - 
3284, 76900,30102016,25102021 210552,   2, 27862.3, 23.191,190.583,0.746725,  0.3,295.305,7.56e-02, 17.2, 0.1,  7
3285, 76901,03092018,25102021 181313,  13, 27806.0, 21.295,304.391,0.496748,359.8,244.957,1.16e+00, 17.9, 1.5,347
3286, 76902,03092018,25102021 234134,1063, 27793.6, 21.110,303.506,0.487713,359.8,240.549,3.18e+00, 17.3,64.1, - 
3287, 76903,03092018,25102021 154535, 808, 27799.5, 21.372,306.110,0.489378,359.8,240.424,1.20e+00, 17.5,32.7, - 
3288, 76904,03092018,25102021 134619, 811, 27808.7, 19.878,280.483,0.579795,359.9,281.992,2.43e-01, 17.7,31.6, - 
3289, 76905,03092018,25102021 191822,   2, 27758.5, 21.451,305.919,0.481520,359.8,242.481,5.14e-02, 17.3, 0.1,  4
3290, 76906,03092018,25102021 224729,  13, 27819.0, 21.803,304.588,0.475383,359.8,243.969,2.51e+00, 17.5, 0.6,111
3291, 76907,03092018,25102021 124844,  11, 27809.4, 21.279,301.518,0.489960,359.8,245.856,5.76e-01, 18.4, 0.5,115
3292, 76908,10042019,25102021 231303,   1, 27836.9,  9.647,200.397,0.493267,  0.7, 34.130,2.49e+00, 14.1, 1.1,249
3293, 76909,06042019,26102021 010501,   5, 27713.9, 11.392,184.988,0.450685,  0.6, 28.627,1.37e-01, 16.0, 0.1, 24
3294, 76910,01052019,26102021 092330,   3, 27812.9, 10.786,193.849,0.523735,  0.6, 38.590,1.67e+00, 16.3, 0.3, 75
3295, 76911,06042019,26102021 004741, 720, 27892.2, 11.947,190.188,0.485375,  0.6, 16.741,1.10e+00, 18.0, -  , - 
3296, 76912,02062019,25102021 223357, 809, 27821.3, 21.784,316.620,0.386738,359.8,217.750,1.03e+00, 17.6, -  , - 
3297, 76913,05072019,26102021 005542,   6, 27819.4, 11.116,199.395,0.495298,  0.6, 24.556,8.01e-02, 15.0, 0.2, 35
3298, 76914,05082019,25102021 181917,   2, 27950.7, 20.505,282.617,0.605862,359.9,263.473,9.75e+00, 17.3, 0.1, 30
3299, 76915,24082019,25102021 185035, 693, 27846.8, 21.082,297.176,0.504565,359.9,246.606,2.46e+00, 17.9,60.0, - 
3300, 76916,20102019,26102021 010013, 278, 27933.7, 10.743,208.392,0.442168,  0.6,  8.432,1.94e-01, 16.6, 6.5, - 
3301, 76917,21122019,26102021 001955, 665, 27850.5, 26.371,264.675,0.706458,  0.0, 45.692,1.49e+00, 19.1, -  , - 
3302, 76918,26042020,26102021 023323,  37, 27421.0,  7.414,111.204,0.322822,  0.3,116.554,3.08e+01, 16.5, 9.7, - 
3303, 77000,25032014,26102021 085212,1715, 27851.5, 16.218,196.016,0.499175,  0.4,  8.790,5.76e-01, 16.8,78.3, - 
3304, 77001,25022017,26102021 022052,   7, 27900.0, 27.677,336.889,0.726682,359.8,338.142,4.70e-02, 17.2, 0.1,  6
3305, 77002,24092017,26102021 004308,1237, 27907.0, 22.616,188.937,0.745867,  0.3,320.224,1.24e-01, 17.4, -  , - 
3306, 77003,31082018,26102021 060729, 406, 27836.3, 21.078,306.422,0.455254,359.8,234.946,8.64e-02, 17.5,12.7, - 
3307, 77004,03092018,25102021 225810,1052, 27793.8, 21.022,305.967,0.507870,359.8,237.417,2.27e+00, 18.7, -  , - 
3308, 77005,03092018,26102021 054304,  23, 27791.3, 21.300,302.957,0.479953,359.8,244.525,5.27e-02, 18.5, 0.2, 34
3309, 77006,10092018,25102021 203653, 693, 27876.0, 20.692,311.351,0.473207,359.8,225.163,6.11e+00, 18.3, -  , - 
3310, 77007,28102018,26102021 111601, 141, 27837.9, 26.113,221.297,0.721860,  0.2,116.290,3.80e-02, 17.4, 0.8,151
3311, 77008,06112018,26102021 000924,   9, 27825.5,  9.878, 15.647,0.523484,359.3,249.595,3.71e-01, 17.7, 0.1, 14
3312, 77009,11112018,25102021 221641, 729, 27843.3, 21.752,315.225,0.466189,359.8,228.567,3.32e-01, 17.7,13.4, - 
3313, 77010,07042019,26102021 053616,   2, 27823.3, 11.213,191.025,0.457402,  0.6, 22.402,1.75e-01, 16.4, 0.1, 22
3314, 77011,08042019,25102021 234921,   3, 27838.6, 11.105,189.165,0.471226,  0.6, 28.151,5.35e-03, 17.2, 0.1,  2
3315, 77012,06042019,26102021 053254, 346, 27979.7, 10.842,180.920,0.542401,  0.6, 57.305,5.66e+00, 15.6, -  , - 
3316, 77013,19032020,26102021 074803,  99, 27827.3, 66.721,166.823,0.695881,  0.1,141.188,1.45e+00, 16.7, 0.9,147
3317, 77100,16032015,26102021 040404, 551, 27896.1, 23.141,268.035,0.728540,  0.0,177.489,6.69e-01, 16.3,19.2, - 
3318, 77101,04092018,26102021 030748, 785, 27738.1, 19.991,299.711,0.535624,359.8,236.036,9.71e+00, 18.2, -  , - 
3319, 77102,04092018,26102021 035052,  11, 27867.3, 21.326,305.244,0.477130,359.8,240.737,1.86e-01, 18.3, 0.1, 28
3320, 77103,04092018,26102021 035828, 705, 27856.9, 21.200,293.410,0.513325,359.9,258.934,2.76e-01, 17.4, 6.1, - 
3321, 77104,04092018,25102021 222107, 716, 27870.6, 21.099,305.312,0.480417,359.8,239.169,5.57e-01, 17.9,49.1, - 
3322, 77105,11092018,25102021 130123, 796, 27806.9, 20.921,307.494,0.507955,359.8,233.535,2.36e+00, 19.0, -  , - 
3323, 77106,02102018,25102021 141306,  11, 27832.4, 21.323,303.171,0.484949,359.8,244.648,2.11e-01, 17.1, 0.4, 87
3324, 77107,02102018,26102021 064319,  10, 27871.0, 21.243,301.276,0.505965,359.8,245.249,8.19e-01, 17.4, 1.1,259
3325, 77108,30102018,25102021 180307, 591, 27731.3, 25.786,297.465,0.754017,359.9,199.994,4.28e-02, 17.9, -  , - 
3326, 77109,09112018,25102021 153827,  11, 27837.5, 21.327,309.268,0.505799,359.8,242.710,2.92e+00, 18.3, 0.4, 77
3327, 77110,06042019,25102021 214728,  47, 27877.8, 11.616,182.566,0.501657,  0.6, 44.999,1.75e+00, 17.8, 6.4, - 
3328, 77111,30062019,26102021 054436, 318, 27891.8, 12.213,181.205,0.529034,  0.6, 33.087,1.86e-01, 16.8, 5.6, - 
3329, 77112,15052019,26102021 094145, 746, 27879.3, 10.278,172.228,0.561168,  0.7, 63.896,5.10e+00, 14.8, -  , - 
3330, 77113,29072019,25102021 155915,   7, 27885.2, 11.152,187.615,0.474259,  0.6, 29.680,6.20e-01, 16.4, 0.8,180
3331, 77114,31072019,26102021 060204, 632, 27908.8, 10.299,196.371,0.411927,  0.6,  6.295,3.68e+00, 17.0,26.7, - 
3332, 77115,28082019,26102021 084521, 706, 27863.4,  9.577,156.718,0.602397,  0.7, 78.967,7.02e+00, 17.3, -  , - 
3333, 77116,31082019,25102021 145211, 723, 27887.5, 11.239,186.149,0.497237,  0.6, 30.658,4.90e+00, 16.9, -  , - 
3334, 77118,02112019,26102021 072411, 720, 27813.6, 11.824,152.029,0.574406,  0.5, 89.049,5.75e+00, 17.3,69.5, - 
3335, 77121,13102020,26102021 061048,   1, 27881.4, 11.118,188.577,0.480478,  0.6, 29.856,3.39e-01, 17.1, 0.1, 13
3336, 77200,04092018,25102021 164315,  13, 27877.1, 21.441,306.625,0.486640,359.8,240.881,1.53e-01, 18.1, 0.2, 35
3337, 77201,04092018,25102021 125124, 296, 27883.2, 21.299,303.089,0.484147,359.8,243.885,4.56e-02, 17.9, 0.8,153
3338, 77202,04092018,26102021 000756, 660, 27891.5, 21.472,300.084,0.500764,359.8,249.379,4.95e-02, 18.7, 4.4,206
3339, 77203,04092018,25102021 191427, 810, 27874.9, 21.501,304.426,0.507417,359.8,242.464,1.73e+00, 18.0,18.9, - 
3340, 77205,13112018,26102021 032602,  11, 27854.3, 21.240,301.011,0.486417,359.8,244.689,2.26e+00, 18.0, 2.8,632
3341, 77206,05122018,26102021 031238, 754, 27893.4, 20.667,300.708,0.448011,359.8,236.818,7.06e-02, 15.7,16.7, - 
3342, 77207,06122018,25102021 224444,  81, 27821.5, 21.307,304.412,0.476247,359.8,241.896,2.70e-01, 15.4, 0.6,132
3343, 77208,07042019,25102021 210506, 375, 27933.0, 10.889,177.002,0.492219,  0.6, 47.849,5.92e-01, 18.8,41.1, - 
3344, 77209,08042019,25102021 210314,   1, 27885.0, 11.107,196.385,0.462883,  0.6, 16.824,9.71e-01, 16.9, 0.1,  4
3345, 77210,06042019,26102021 013705, 743, 27874.3, 10.559,168.973,0.519115,  0.6, 65.052,2.69e+00, 17.9, -  , - 
3346, 77211,22092019,25102021 235309,   2, 27892.7, 21.206,294.562,0.489034,359.9,252.726,1.26e-01, 16.3, 0.1, 11
3347, 77212,05102019,26102021 014409, 368, 27950.6, 17.672,279.115,0.460455,359.9,245.098,1.36e+01, 14.5, -  , - 
3348, 77300,02012012,25102021 211705,   3, 27772.3, 29.441,201.543,0.755032,  0.2,100.434,5.06e-02, 16.1, 0.2,  4
3349, 77301,08052016,26102021 053428, 281, 27880.4, 24.909,204.886,0.721331,  0.3,172.208,3.05e-02, 16.3, 3.9,323
3350, 77302,04092018,25102021 214725, 258, 27889.3, 21.248,301.993,0.490696,359.8,245.704,6.80e-01, 16.5,27.1, - 
3351, 77303,04092018,25102021 184730,   3, 27901.1, 22.535,305.233,0.543406,359.8,238.400,4.07e+00, 16.3, 0.3, 58
3352, 77304,04092018,25102021 171817, 345, 27904.5, 21.186,296.546,0.495305,359.9,252.253,3.31e-02, 19.2, 0.2, 20
3353, 77306,16102018,26102021 071149, 432, 27921.0, 21.652,300.169,0.443741,359.8,237.813,1.58e-01, 17.7, 5.5,844
3354, 77307,07112018,25102021 212851,1081, 27664.6, 19.222,288.374,0.570563,359.9,249.738,8.89e+00, 18.5, -  , - 
3355, 77308,11122018,25102021 185620, 702, 27845.9, 20.961,303.775,0.517166,359.8,239.195,1.18e+00, 17.2,58.3, - 
3356, 77309,06042019,25102021 235526, 369, 27889.3, 11.051,196.511,0.458486,  0.6, 16.421,5.94e-01, 19.1,10.1, - 
3357, 77310,05082019,25102021 210150,  51, 27976.5, 12.098,178.409,0.449023,  0.6, 29.727,1.50e+00, 16.6, 6.5, - 
3358, 77400,18042014,25102021 172852,   1, 27937.9, 12.273, 36.317,0.487583,359.5,352.188,9.32e-03, 10.7, 0.1,  1
3359, 77401,09052016,25102021 225003,  89, 27891.0, 25.759,160.061,0.734007,  0.3,232.886,9.69e-03, 18.1, 0.1, 20
3360, 77402,19042017,25102021 204138, 503, 27929.9,  5.984,120.407,0.498316,  0.6, 57.085,5.64e-01, 16.0,21.5, - 
3361, 77403,04092018,25102021 145249, 409, 27837.0, 21.283,297.762,0.485578,359.8,249.988,1.50e-01, 18.4, 7.3, - 
3362, 77404,09092018,26102021 023553,  11, 27937.3, 22.012,307.449,0.518701,359.8,245.225,2.67e-01, 17.6, 0.3, 64
3363, 77405,09092018,25102021 192958, 823, 27946.2, 21.355,306.367,0.476313,359.8,240.759,4.07e-01, 18.6, 5.7,747
3364, 77406,09092018,25102021 225850,  13, 27933.2, 21.343,305.075,0.483410,359.8,241.146,3.70e-02, 17.9, 0.1,  2
3365, 77407,11092018,25102021 143027,  13, 27944.8, 21.312,303.597,0.469187,359.8,239.472,8.83e-03, 18.4, 0.1,  6
3366, 77408,10092018,25102021 204558,   7, 27939.3, 21.907,315.316,0.479735,359.8,229.702,5.06e-02, 18.3, 0.1,  1
3367, 77409,10092018,25102021 214400,   2, 27946.3, 21.886,312.307,0.460173,359.8,227.000,3.01e-02, 17.5, 0.1,  6
3368, 77410,08042019,25102021 161217,  14, 27937.5, 11.108,187.216,0.478692,  0.6, 31.297,2.05e-01, 16.3, 0.2, 37
3369, 77411,08042019,26102021 055027,   1, 27938.1, 11.458,180.896,0.474865,  0.6, 35.327,4.14e-02, 15.4, 0.1,  2
3370, 77412,10042019,26102021 010042,  15, 27946.2, 11.106,190.365,0.470164,  0.6, 25.236,6.41e-02, 17.3, 0.1,  9
3371, 77413,06042019,26102021 015041, 372, 28039.8, 10.930,195.931,0.502277,  0.6, 26.640,8.95e-01, 18.2,65.5, - 
3372, 77414,04062019,26102021 101049,  24, 27950.4, 11.784,174.861,0.483063,  0.6, 41.489,8.97e-01, 17.2, 3.3,701
3373, 77415,30072019,26102021 031556, 409, 28001.6, 11.919,211.012,0.517856,  0.5, 20.558,2.38e+00, 17.6, -  , - 
3374, 77416,26072019,26102021 061726, 794, 27897.1, 17.437,278.224,0.604122,359.9,  0.942,3.27e+00, 16.6,37.1, - 
3375, 77417,14082019,26102021 021230, 379, 27919.6, 11.084,181.978,0.506285,  0.6, 48.157,1.98e-01, 17.6, 3.0,552
3376, 77418,03072019,26102021 041227, 781, 27982.1,  9.116,144.599,0.537991,  0.6, 58.214,4.26e+00, 17.1,83.4, - 
3377, 77420,02072020,26102021 101602, 374, 27940.3, 11.294,181.882,0.519294,  0.6, 38.961,1.54e-01, 16.3, 1.4, 90
3378, 77421,08042021,26102021 005447,  29, 27935.8, 11.070,196.122,0.465283,  0.6, 17.061,7.61e-01, 18.4, 2.6,588
3379, 77422,11102021,26102021 005153,   9, 27945.4, 23.620,264.282,0.590774,  0.0,273.996,1.52e+01, 17.6, 0.6,143
3380, 77500,27052009,25102021 192130,2477, 27974.4,  4.482,312.642,0.730565,359.0,285.216,1.08e-01, 14.1, -  , - 
3381, 77501,27062013,26102021 010249,  55, 28010.6,  4.231, 71.579,0.720188,359.5, 28.897,1.81e-01, 14.3, 0.6,134
3382, 77502,03042016,25102021 201613,   5, 27961.9, 23.388,226.653,0.745381,  0.2,232.254,9.16e-02, 17.2, 0.1, 10
3383, 77503,04092018,26102021 054442,   1, 27971.9, 21.529,312.198,0.465079,359.8,230.303,1.00e-02, 16.7, 0.1,  1
3384, 77504,04092018,25102021 233705,   4, 27967.7, 21.313,304.765,0.481552,359.8,240.268,1.12e-01, 16.8, 0.1, 17
3385, 77505,04092018,26102021 055346,1048, 27931.9, 21.047,301.175,0.502356,359.8,243.394,2.33e+00, 18.5,92.9, - 
3386, 77506,09092018,25102021 202202, 719, 27957.5, 20.901,309.155,0.445717,359.8,225.288,1.03e-01, 17.8, 1.4,186
3387, 77507,09092018,26102021 011156, 617, 27959.3, 21.352,306.713,0.482129,359.8,238.315,1.93e-01, 17.2,10.4, - 
3388, 77508,11092018,25102021 140700,1106, 27953.0, 21.271,302.822,0.485972,359.8,243.242,1.38e-01, 19.0, 5.4, - 
3389, 77509,03062008,25102021 215117,   4, 27960.3,  8.131,222.776,0.478734,  0.6,202.559,1.00e-02, 17.7, 0.1,  3
3390, 77510,08042019,25102021 164133,   1, 27957.2, 11.067,196.601,0.461851,  0.6, 15.974,8.95e-01, 16.6, 0.1,  4
3391, 77511,08042019,25102021 232547, 328, 27975.9, 11.166,192.261,0.452867,  0.6, 18.619,1.61e-01, 18.0, 1.7,381
3392, 77512,06042019,25102021 163400,  84, 28066.3, 10.870,185.711,0.497351,  0.6, 34.239,2.40e+00, 17.3, 5.5,756
3393, 77513,28072019,25102021 225628, 737, 27912.9, 11.006,185.625,0.519094,  0.6, 36.614,5.06e+00, 17.8, -  , - 
3394, 77520,19042020,26102021 014025,   1, 27988.9, 20.943,113.758,0.737381,  0.1, 62.156,1.81e-01, 15.4, 0.1,  6
3395, 77522,15102020,26102021 000445, 369, 27961.3, 11.235,187.892,0.476844,  0.6, 26.978,1.34e+00, 19.0, 8.0, - 
3396, 77600,04092018,25102021 181952,   2, 27991.0, 21.314,305.125,0.478389,359.8,239.205,2.69e-02, 16.8, 0.1,  2
3397, 77601,04092018,26102021 034011,   1, 27997.1, 21.442,309.438,0.472744,359.8,233.951,1.19e-02, 16.9, 0.1,  1
3398, 77602,09092018,25102021 232724, 852, 27994.3, 21.305,304.433,0.483799,359.8,240.764,8.16e-02, 19.2, 1.5,329
3399, 77603,09092018,26102021 021031,1080, 27972.6, 21.471,320.082,0.397485,359.8,210.943,6.34e+00, 16.1, -  , - 
3400, 77604,08092018,25102021 230314,  45, 27967.2, 21.369,305.263,0.480238,359.8,240.043,6.64e-02, 18.5, 1.2,191
3401, 77605,03092018,25102021 172016, 796, 27970.2, 20.814,284.525,0.573726,359.9,266.685,1.11e+00, 18.0, -  , - 
3402, 77607,08092018,25102021 214337,   8, 27984.9, 21.260,301.369,0.480498,359.8,243.357,1.00e-02, 18.8, 0.1,  7
3403, 77608,07102018,25102021 133418, 907, 27973.0, 20.904,288.277,0.543513,359.9,268.936,1.37e-01, 17.9,18.8, - 
3404, 77609,09112018,25102021 163818, 438, 27972.1, 21.281,303.665,0.485020,359.8,242.050,1.29e-01, 18.0, 4.9,886
3405, 77610,10012019,26102021 002344, 426, 27901.8, 21.103,310.150,0.469931,359.8,220.698,3.80e+00, 16.3,19.3, - 
3406, 77611,06042019,25102021 224941,   9, 27980.1, 10.822,180.909,0.480448,  0.6, 43.089,1.59e-01, 17.6, 0.3, 44
3407, 77612,06042019,26102021 061251,   1, 28001.3, 11.046,193.234,0.500826,  0.6, 28.235,7.20e-01, 14.1, 0.1, 27
3408, 77613,02072019,26102021 035025, 544, 28003.4, 11.119,198.706,0.507842,  0.6, 26.608,1.06e-01, 16.2, 4.2,844
3409, 77614,23072019,26102021 012953,  13, 27992.6, 21.237,305.462,0.476379,359.8,237.391,7.05e-01, 17.6, 0.2, 37
3410, 77615,26072019,25102021 132719, 786, 28057.4, 20.564,304.785,0.513356,359.8,233.426,5.93e+00, 16.2, -  , - 
3411, 77700,08042016,25102021 234135, 346, 27967.2, 18.207,297.347,0.606555,359.8,314.985,3.43e+00, 17.0,59.1, - 
3412, 77701,02072018,25102021 174009,  71, 27961.9, 25.068,206.365,0.746879,  0.3,221.694,1.01e-01, 17.3, 1.7,214
3413, 77702,04092018,26102021 010251,1108, 27984.1, 21.021,305.951,0.497367,359.8,235.426,2.48e+00, 18.8,55.2, - 
3414, 77703,08092018,25102021 151223,  10, 27996.5, 21.293,304.891,0.483121,359.8,239.590,1.55e-01, 17.2, 0.1, 12
3415, 77705,09092018,26102021 064043,  11, 28002.0, 21.373,308.928,0.490122,359.8,235.540,5.80e-01, 18.3, 0.3, 54
3416, 77706,09092018,25102021 201919,  22, 28002.8, 21.079,293.621,0.515381,359.9,258.817,2.55e-01, 16.3, 1.0,104
3417, 77707,09092018,25102021 131739,   1, 28003.5, 21.305,304.638,0.485343,359.8,240.494,1.11e-01, 17.2, 0.1,  3
3418, 77708,09092018,25102021 204409,   8, 28002.4, 21.289,304.490,0.482755,359.8,240.587,1.95e-01, 18.1, 0.1, 12
3419, 77709,09092018,25102021 201830, 945, 28003.6, 22.060,297.294,0.504663,359.9,241.158,5.10e-01, 18.1,10.6, - 
3420, 77710,09092018,25102021 201518, 257, 28136.4, 20.691,284.596,0.587430,359.9,265.566,5.19e+00, 18.3, 8.3, - 
3421, 77711,09092018,25102021 185733, 635, 28006.6, 21.405,306.473,0.493665,359.8,242.158,6.83e-01, 17.5,99.6, - 
3422, 77712,09092018,26102021 062659,1142, 28008.3, 21.162,296.709,0.512230,359.9,254.046,2.53e-01, 19.2,87.9, - 
3423, 77713,08092018,25102021 222703, 235, 28021.7, 21.267,299.742,0.510219,359.8,250.784,2.48e-01, 16.9, 3.8,837
3424, 77714,08092018,26102021 062920, 741, 27865.5, 20.468,315.925,0.442592,359.8,212.375,7.55e-01, 17.2, -  , - 
3425, 77715,09092018,25102021 194835,1104, 28007.1, 21.439,303.496,0.455365,359.8,235.081,2.05e-01, 19.1,28.5, - 
3426, 77716,07042019,26102021 061227, 366, 27997.1, 11.553,179.644,0.503397,  0.6, 42.120,6.36e-01, 17.7,23.6, - 
3427, 77717,08042019,26102021 023533,  25, 28023.0, 11.127,190.190,0.469996,  0.6, 24.357,1.35e-02, 18.2, 0.1, 19
3428, 77719,06042019,26102021 070902, 814, 27918.8,  8.762,167.386,0.561821,  0.8, 53.263,1.30e+01, 17.6, -  , - 
3429, 77720,05082019,25102021 222626, 812, 28076.2, 20.801,299.797,0.531883,359.8,244.533,4.08e+00, 18.4,26.8, - 
3430, 77721,22082019,26102021 093202,  15, 28174.1, 12.643,191.758,0.527193,  0.5, 26.700,9.71e+00, 18.0,10.3, - 
3431, 77722,29082019,26102021 040457, 787, 28040.7, 16.065,273.995,0.507086,360.0,313.247,1.15e+00, 17.4, -  , - 
3432, 77724,30082019,25102021 144757, 760, 28109.5,  8.956,156.759,0.483040,  0.7, 34.781,3.94e+00, 18.3,47.5, - 
3433, 77725,31082019,25102021 150246, 367, 28011.0, 11.062,201.192,0.419472,  0.6,  2.342,7.50e-02, 18.3, 4.0,869
3434, 77726,03082019,25102021 214149, 138, 27974.9, 10.925,201.964,0.435959,  0.6,  5.595,2.22e-01, 17.9, 0.6,123
3435, 77727,19092019,25102021 153539, 340, 28021.1, 11.335,182.432,0.495136,  0.6, 32.985,5.38e+00, 15.4,72.8, - 
3436, 77729,21102020,26102021 011201,  57, 28001.0, 10.847,189.040,0.503493,  0.6, 30.912,3.80e+00, 18.6,37.2, - 
3437, 77730,14122020,26102021 011557, 294, 27997.7, 11.551,215.062,0.512062,  0.5,357.846,5.18e+00, 15.6,49.2, - 
3438, 77800,31082018,25102021 234843,   1, 28039.9, 21.200,298.992,0.503579,359.8,249.975,1.63e-02, 15.0, 0.1,  1
3439, 77801,08092018,25102021 134345, 818, 28021.7, 21.405,306.711,0.484753,359.8,238.753,1.37e-01, 18.8,10.6, - 
3440, 77802,11092018,25102021 182847, 406, 27955.5, 20.904,307.103,0.485236,359.8,235.927,7.10e+00, 17.5, -  , - 
3441, 77803,08092018,26102021 065805, 427, 28029.8, 20.859,315.108,0.416522,359.8,220.836,4.55e+00, 15.7, -  , - 
3442, 77804,09092018,25102021 233624, 412, 28031.7, 21.326,306.017,0.480145,359.8,237.368,1.04e-01, 17.7, 5.9,932
3443, 77805,08092018,26102021 054648, 312, 27857.6, 20.191,302.295,0.549825,359.8,233.923,5.93e+00, 17.0,21.2, - 
3444, 77806,06102018,26102021 033131,   2, 28031.8, 21.321,305.333,0.482733,359.8,239.243,4.73e-02, 17.4, 0.1,  2
3445, 77807,07112018,25102021 235851, 658, 28020.8, 20.630,302.483,0.492942,359.8,244.628,2.15e-01, 18.3,11.8, - 
3446, 77808,07112018,26102021 025059, 314, 28031.8, 21.293,305.491,0.481689,359.8,238.754,1.73e-01, 17.2, 5.4, - 
3447, 77809,03122018,26102021 013746,   1, 28022.2, 21.565,310.984,0.486582,359.8,234.234,3.03e-01, 15.2, 0.1, 10
3448, 77810,17042019,25102021 154839,  28, 28046.5, 11.044,190.638,0.485907,  0.6, 27.780,1.46e-01, 17.7, 0.2, 32
3449, 77811,06042019,26102021 085501, 411, 28027.5, 11.446,176.129,0.499844,  0.6, 45.471,3.87e-01, 17.2,29.7, - 
3450, 77812,06042019,25102021 233031,  18, 28049.1, 11.254,187.409,0.486460,  0.6, 34.706,2.95e+00, 16.9, 8.1, - 
3451, 77813,26072019,25102021 175740,   1, 28135.1, 11.194,190.577,0.485484,  0.6, 22.874,3.02e-01, 17.3, 0.1,  6
3452, 77815,29072019,26102021 025922,  18, 28053.2, 10.737,177.950,0.533724,  0.6, 46.252,3.81e+00, 17.2, 2.3,474
3453, 77816,24072019,26102021 011516,  17, 28044.1, 11.133,184.192,0.489540,  0.6, 35.863,7.26e-02, 16.6, 0.2, 34
3454, 77817,04082019,26102021 065615,  52, 28047.8, 11.144,190.581,0.477891,  0.6, 24.878,1.47e-01, 17.7, 0.6,118
3455, 77818,07082019,26102021 094044, 311, 28032.6, 11.023,196.190,0.484798,  0.6, 17.063,3.37e+00, 18.5,30.0, - 
3456, 77820,26092019,26102021 095503,   2, 28004.8, 11.413,182.358,0.493949,  0.6, 36.305,6.67e-02, 17.7, 0.1, 21
3457, 77821,01112019,26102021 041312, 291, 28040.5, 21.276,304.046,0.484826,359.8,240.336,1.95e-01, 18.2, 2.7,612
3458, 77900,03092018,26102021 011944, 276, 28060.8, 21.135,296.624,0.515609,359.9,252.496,4.55e-01, 18.7, 4.8, - 
3459, 77901,03092018,25102021 145901, 321, 28073.7, 21.265,305.849,0.476128,359.8,238.692,1.35e+00, 18.5,52.2, - 
3460, 77902,10092018,25102021 194646, 745, 28052.3, 21.279,305.273,0.485663,359.8,239.372,1.55e-01, 18.4, 1.8,371
3461, 77903,10092018,25102021 154342, 782, 28049.8, 21.636,302.550,0.495128,359.8,243.871,5.91e-02, 18.7,18.0, - 
3462, 77904,14092018,25102021 225403,   2, 27989.3, 20.148,312.761,0.448795,359.8,216.667,7.12e+00, 16.1, 3.1,696
3463, 77905,13102018,26102021 012243, 240, 28052.4, 61.700,287.460,0.549164,360.0,203.353,1.69e+01, 16.2,18.3, - 
3464, 77906,10122018,25102021 192831,1000, 28045.1, 21.264,304.734,0.479516,359.8,238.627,2.88e-01, 18.0,18.4, - 
3465, 77908,07042019,26102021 072000,   1, 28059.1, 11.104,191.147,0.470177,  0.6, 23.060,3.18e-02, 15.2, 0.1,  1
3466, 77909,08042019,26102021 025351,   4, 28084.2, 10.974,188.174,0.507615,  0.6, 31.322,2.62e+00, 16.6, 0.2, 21
3467, 77910,06042019,25102021 145843,   1, 28067.6, 11.111,190.301,0.473516,  0.6, 24.561,1.16e-02, 16.8, 0.1,  1
3468, 77911,06042019,26102021 022422,   1, 28082.2, 11.081,190.779,0.475487,  0.6, 23.639,3.28e-01, 16.1, 0.1, 12
3469, 77912,25042019,26102021 082136, 798, 28047.4,  9.683,170.280,0.577164,  0.7, 55.573,4.30e+00, 16.9, -  , - 
3470, 77914,06042019,25102021 203904, 351, 28090.1, 11.289,182.849,0.485555,  0.6, 35.972,1.51e-01, 17.7, 4.8,365
3471, 77915,06062019,26102021 005853,  79, 28081.0, 11.305,191.155,0.501039,  0.6, 27.674,2.67e+00, 18.8, -  , - 
3472, 77916,10072019,25102021 142832,  23, 28057.0, 10.993,196.251,0.479757,  0.6, 20.616,5.80e-02, 17.4, 0.2, 34
3473, 77919,13082010,25102021 160258,  60, 28067.3, 26.905,111.790,0.733351,  0.1,228.670,1.29e-03, 16.4, 0.1, 22
3474, 77920,14102020,26102021 022856, 367, 28076.5, 11.139,190.623,0.470724,  0.6, 23.214,1.58e-01, 19.0,17.5, - 
3475, 78000,27122014,26102021 033241,   1, 27980.1, 21.321,305.003,0.481516,359.8,240.249,9.65e-03, 12.3, 0.1,  1
3476, 78002,31082018,25102021 192636,   3, 28079.6, 21.196,297.424,0.494045,359.9,248.003,1.17e-01, 14.0, 0.1, 11
3477, 78003,03092018,25102021 135523,   2, 28075.4, 21.425,309.396,0.478052,359.8,233.806,2.13e-02, 16.3, 0.1,  1
3478, 78004,03092018,25102021 143517, 309, 28110.7, 21.450,306.658,0.450101,359.8,230.482,2.89e+00, 18.6,98.5, - 
3479, 78005,03092018,26102021 004208,  15, 28083.1, 21.327,306.305,0.479111,359.8,236.957,2.63e-01, 18.5, 1.2,271
3480, 78006,03092018,26102021 001615,1105, 28080.4, 21.684,316.366,0.435518,359.8,215.315,7.49e-02, 18.8, 6.8,580
3481, 78007,03092018,26102021 020819,1117, 28080.2, 21.723,319.853,0.426875,359.8,211.151,6.09e-01, 19.1, -  , - 
3482, 78008,03092018,26102021 022246, 648, 28082.1, 20.332,311.353,0.397411,359.8,206.748,5.87e-03, 18.1, 1.8,333
3483, 78009,14092018,26102021 021129,1115, 28072.6, 21.229,302.333,0.478950,359.8,236.923,1.55e+00, 17.6,50.0, - 
3484, 78010,09042019,26102021 025145, 377, 28077.9, 10.726,201.122,0.462993,  0.6,354.315,6.66e-01, 18.9,11.6,689
3485, 78011,07042019,26102021 011413,  17, 28087.0, 11.102,191.465,0.469997,  0.6, 22.312,3.51e-02, 17.6, 0.1,  2
3486, 78012,07042019,25102021 213413,  39, 28152.8,  9.793,187.691,0.570231,  0.7, 45.609,7.78e+00, 15.5,36.4, - 
3487, 78013,08042019,26102021 024148,   0, 28087.9, 11.080,190.746,0.476888,  0.6, 24.571,5.16e-01, 14.2, 0.1,  3
3488, 78014,06042019,25102021 183948, 377, 28073.8, 11.036,189.608,0.510676,  0.6, 28.617,2.72e+00, 16.4, 5.2, - 
3489, 78015,06042019,26102021 050318,  12, 28079.1, 11.099,190.223,0.476127,  0.6, 25.204,3.53e-02, 17.2, 0.1,  4
3490, 78016,06042019,25102021 203641, 272, 28097.5, 10.883,180.494,0.532626,  0.6, 43.937,3.47e+00, 18.2,15.4, - 
3491, 78018,06042019,26102021 035034, 374, 28081.4, 11.045,183.608,0.514292,  0.6, 39.048,1.85e+00, 19.1,39.4, - 
3492, 78019,14052019,25102021 232016, 426, 28081.5, 11.245,201.220,0.370002,  0.6,351.461,1.32e-01, 16.5, 5.5, - 
3493, 78020,06042019,26102021 034957, 787, 27998.8, 11.384,173.035,0.553656,  0.6, 46.151,5.22e+00, 16.3,43.6, - 
3494, 78021,26062019,26102021 040451, 763, 28076.0,  9.583,161.066,0.590758,  0.7, 84.402,8.73e+00, 16.6, -  , - 
3495, 78023,25072019,25102021 232302, 797, 28125.5, 20.839,308.327,0.490387,359.8,227.471,3.33e+00, 18.4, -  , - 
3496, 78024,02082019,26102021 012914, 783, 28025.7, 11.369,126.521,0.599207,  0.4,100.841,1.02e+01, 16.4, -  , - 
3497, 78025,05082019,25102021 181448,  11, 28104.3, 21.280,306.401,0.481229,359.8,237.141,1.31e+00, 18.1, 1.0,225
3498, 78026,09082019,25102021 135225,  38, 28185.5, 11.387,187.730,0.431800,  0.6, 11.040,1.67e+00, 16.2, 8.6, - 
3499, 78028,02112019,26102021 033252,  14, 28056.3, 11.680,195.946,0.501938,  0.6, 13.749,4.54e+00, 17.4, 1.0,211
3500, 78029,02112019,26102021 001629, 677, 28092.0,  9.661,164.508,0.580945,  0.7, 76.886,5.07e+00, 17.4, -  , - 
3501, 78030,09032021,26102021 053918, 225, 28112.4, 17.483,230.431,0.606525,  0.3, 70.433,2.67e+00, 15.2, 2.8,610
3502, 78100,24072009,26102021 083232,   3, 28179.2,  4.589, 11.451,0.726907,358.5,157.269,2.35e-01, 15.4, 0.1, 16
3503, 78101,14082018,25102021 223848,1130, 28173.0, 28.208,359.782,0.453661,359.7,188.477,3.79e+01, 18.1, -  , - 
3504, 78102,03092018,25102021 135649,  13, 28101.6, 21.408,309.598,0.479767,359.8,232.792,3.60e-01, 17.6, 0.3, 58
3505, 78103,03092018,25102021 191658, 900, 28078.7, 21.155,302.418,0.496637,359.8,241.824,1.58e+00, 15.4,72.7, - 
3506, 78104,03092018,25102021 131411,1118, 28077.8, 21.325,313.369,0.479203,359.8,226.206,1.57e+00, 19.0,32.3, - 
3507, 78105,03092018,25102021 183458,  10, 28180.5, 20.843,306.757,0.498030,359.8,237.735,2.53e+00, 17.5, 0.9,207
3508, 78106,03092018,25102021 213511, 317, 28068.8, 20.798,314.059,0.415017,359.8,225.751,4.27e+00, 17.6,95.3, - 
3509, 78107,10092018,25102021 164207,   2, 28109.5, 21.241,303.553,0.487618,359.8,239.943,7.57e-01, 15.9, 0.2, 53
3510, 78108,30082018,26102021 021639,  46, 28092.4, 21.332,306.922,0.478337,359.8,235.818,7.35e-02, 17.4, 0.3, 71
3511, 78109,30082018,26102021 045449,1116, 28026.6, 20.669,309.289,0.500396,359.8,225.887,5.26e+00, 19.1,93.2, - 
3512, 78110,30082018,25102021 230348,  10, 28099.5, 21.099,300.964,0.487837,359.8,245.335,6.88e-01, 16.9, 1.5,328
3513, 78111,03092018,25102021 190734,  27, 28129.2, 21.273,306.379,0.479365,359.8,237.310,4.92e-02, 17.4, 0.7, 45
3514, 78112,03092018,25102021 205740, 745, 28115.0, 21.372,307.499,0.478376,359.8,235.265,1.04e-01, 18.8, 2.3,504
3515, 78113,10092018,25102021 214756,1135, 28056.4, 20.937,310.026,0.497469,359.8,227.959,3.14e+00, 19.1, -  , - 
3516, 78115,30082018,26102021 021752, 876, 28092.8, 21.345,306.874,0.478829,359.8,235.977,7.27e-02, 16.9, 9.5, - 
3517, 78116,07042019,25102021 204744,   2, 28104.9, 11.112,190.745,0.472929,  0.6, 23.493,4.22e-02, 16.4, 0.1,  4
3518, 78117,06042019,26102021 091321, 400, 28086.6, 11.242,189.119,0.488572,  0.6, 25.146,1.23e+00, 18.4, -  , - 
3519, 78118,10042019,25102021 230439,  10, 28118.1, 11.117,190.176,0.475153,  0.6, 24.423,2.55e-02, 17.2, 0.1,  4
3520, 78119,08042019,26102021 013826, 791, 28080.8,  8.358,105.558,0.676777,  0.2,180.782,3.92e-02, 17.5, 1.3,208
3521, 78120,08042019,26102021 015526,  17, 28119.8, 11.216,189.771,0.461870,  0.6, 21.417,5.59e-02, 17.9, 0.1, 10
3522, 78121,06042019,25102021 175259,  25, 28125.1, 10.988,196.001,0.486038,  0.6, 21.918,5.27e-02, 18.1, 0.1, 12
3523, 78122,06042019,26102021 012610, 366, 28116.1, 10.550,196.996,0.476832,  0.6, 13.566,1.19e+00, 17.7, 9.6, - 
3524, 78123,30072019,26102021 105701,  29, 28117.2, 11.056,193.163,0.471801,  0.6, 20.875,3.66e-02, 18.6, 0.1, 12
3525, 78124,31072019,25102021 210326, 372, 28160.8, 12.080,172.341,0.506408,  0.6, 43.314,1.21e+00, 17.2,75.4, - 
3526, 78125,28082019,25102021 193950,   2, 28112.6, 10.980,206.360,0.424943,  0.6,356.921,1.01e-01, 17.9, 0.1,  4
3527, 78200,03092018,25102021 205848,   2, 28134.7, 21.178,303.543,0.501682,359.8,241.625,9.74e-01, 16.9, 0.4, 78
3528, 78201,03092018,25102021 174944,  10, 28113.5, 21.100,297.717,0.516990,359.8,252.020,6.00e-01, 18.2, 0.2, 48
3529, 78202,14092018,25102021 130456,1081, 28104.6, 21.103,307.841,0.490023,359.8,233.112,1.76e+00, 18.6, -  , - 
3530, 78203,14092018,26102021 003755,   2, 28127.1, 21.332,306.857,0.479220,359.8,235.806,7.63e-03, 16.6, 0.1,  1
3531, 78204,10092018,25102021 221141, 811, 28113.8, 21.786,308.336,0.478163,359.8,232.713,2.02e-01, 18.8,34.3, - 
3532, 78206,14092018,25102021 231046, 794, 28096.5, 21.207,308.184,0.478654,359.8,231.892,1.02e+00, 18.7, -  , - 
3533, 78207,07042019,25102021 145057,   0, 28132.8, 11.099,191.939,0.469697,  0.6, 21.184,5.80e-03, 12.8, 0.1,  1
3534, 78208,07042019,25102021 144153,   1, 28142.5, 11.095,190.928,0.476789,  0.6, 23.239,2.94e-01, 15.6, 0.1,  2
3535, 78209,07042019,26102021 082952, 360, 28136.6, 11.202,188.957,0.469831,  0.6, 23.829,7.96e-02, 15.6, 0.9,193
3536, 78210,05042019,26102021 023803,  83, 28131.6, 11.100,191.819,0.470599,  0.6, 21.550,8.07e-01, 17.7, 3.0,610
3537, 78211,08042019,25102021 140736,   2, 28131.3, 11.020,190.479,0.476268,  0.6, 25.040,1.83e-01, 17.3, 0.1,  2
3538, 78212,06042019,26102021 001627, 374, 28033.8, 10.887,176.208,0.571943,  0.6, 54.834,2.67e+00, 17.9,27.8, - 
3539, 78213,06042019,26102021 011629,   1, 28152.5, 11.103,192.122,0.469884,  0.6, 20.658,1.06e-01, 17.3, 0.1,  4
3540, 78214,06042019,26102021 031423, 376, 28135.5, 11.021,183.570,0.471031,  0.6, 37.831,3.40e+00, 18.2, -  , - 
3541, 78215,03072019,26102021 033226, 369, 28158.2, 11.005,190.568,0.509993,  0.6, 21.766,2.63e+00, 18.9, -  , - 
3542, 78218,25082019,25102021 173212, 375, 28136.5, 11.465,190.454,0.461952,  0.6, 18.589,3.00e+00, 18.8,22.7, - 
3543, 78219,28082019,26102021 090017, 422, 28085.8, 10.326,158.038,0.614495,  0.6, 89.873,1.76e+01, 16.6, -  , - 
3544, 78220,29092019,26102021 081809,   2, 28136.2, 11.198,188.949,0.468992,  0.6, 23.817,8.46e-02, 15.8, 0.1,  5
3545, 78300,11102012,25102021 130630,   4, 27858.9, 22.740,351.975,0.758039,359.7,255.521,2.01e-02, 15.1, 0.1,  1
3546, 78301,31082018,26102021 001248,   2, 28128.9, 21.468,307.225,0.486285,359.8,235.244,5.36e-01, 14.4, 0.1,  8
3547, 78302,31082018,25102021 211234,   1, 28142.3, 21.342,307.429,0.477817,359.8,234.754,6.75e-03, 12.8, 0.1,  1
3548, 78303,31082018,26102021 013953,   1, 28154.1, 21.297,305.088,0.476666,359.8,236.458,4.52e-02, 15.7, 0.1,  2
3549, 78304,01092018,25102021 212219,   1, 28139.0, 21.307,308.674,0.475487,359.8,232.119,3.65e-01, 15.7, 0.1,  4
3550, 78305,03092018,25102021 205822,  60, 28024.9, 20.928,305.693,0.524276,359.8,227.388,4.83e+00, 14.7,15.1, - 
3551, 78306,01092018,25102021 205104,   2, 28141.5, 21.338,307.471,0.477999,359.8,234.697,4.20e-02, 16.6, 0.1,  6
3552, 78307,04092018,25102021 131533, 347, 28140.9, 21.098,304.295,0.495979,359.8,239.758,4.85e-01, 17.1,13.6, - 
3553, 78308,31082018,26102021 022259, 114, 28198.7, 21.285,305.173,0.476339,359.8,235.571,1.58e+00, 16.8,48.8, - 
3554, 78309,08092018,26102021 062013,   9, 28049.5, 20.655,310.609,0.498473,359.8,223.027,5.78e+00, 18.1, 0.3, 59
3555, 78310,08092018,25102021 235110, 118, 28161.7, 21.345,307.727,0.477423,359.8,234.035,3.03e-02, 18.5, 0.2, 41
3556, 78311,30082018,26102021 014606,  10, 28162.7, 21.335,307.905,0.477336,359.8,233.786,6.97e-02, 17.9, 0.1,  6
3557, 78312,08092018,25102021 202027, 904, 28159.1, 21.346,307.786,0.477640,359.8,234.029,5.92e-02, 19.2, 2.4,522
3558, 78313,30082018,26102021 001249,   1, 28128.9, 21.470,307.229,0.486320,359.8,235.233,5.44e-01, 14.2, 0.1,  4
3559, 78314,30082018,25102021 182926,  13, 28172.8, 21.140,309.440,0.476499,359.8,230.961,9.13e-01, 18.2, 0.2, 31
3560, 78315,03092018,26102021 014412, 623, 28139.4, 21.209,308.059,0.480550,359.8,232.346,8.90e-01, 17.2,28.7, - 
3561, 78316,16092018,26102021 002230,1118, 27961.8, 19.477,305.344,0.521818,359.8,222.747,1.16e+01, 17.8, -  , - 
3562, 78317,02102018,25102021 235134,  14, 28129.6, 21.153,308.847,0.481759,359.8,231.366,1.35e+00, 18.0, 0.2, 41
3563, 78318,28102018,25102021 133029, 183, 28147.6, 21.334,307.236,0.476713,359.8,234.665,8.37e-02, 16.8, 1.5,344
3564, 78319,06042019,26102021 034413, 371, 28154.8, 10.991,191.709,0.487606,  0.6, 14.867,8.24e-02, 16.9,11.5, - 
3565, 78320,08042019,25102021 231140,   3, 28150.4, 11.499,181.186,0.477648,  0.6, 33.040,1.02e-01, 14.8, 0.1, 17
3566, 78322,06042019,26102021 021401, 711, 28160.3, 11.773,190.199,0.384345,  0.6, 16.344,2.77e+00, 18.4, -  , - 
3567, 78323,06042019,25102021 235329, 373, 28143.2, 11.037,193.716,0.449041,  0.6, 16.251,2.95e-02, 18.4, 0.7, 68
3568, 78324,06042019,26102021 002804, 420, 28117.1, 11.079,179.275,0.562026,  0.6, 42.103,3.15e+00, 17.1,89.2, - 
3569, 78326,06042019,26102021 085235, 695, 28170.9, 11.118,178.338,0.521358,  0.6, 42.995,1.00e-02, 18.3, 1.9,409
3570, 78327,03072019,25102021 234137,   1, 28174.2, 11.076,203.602,0.487613,  0.6, 13.938,5.86e-02, 14.3, 0.1,  1
3571, 78328,28072019,25102021 225926,   3, 28162.2, 21.204,300.487,0.498138,359.8,245.292,1.49e-01, 16.5, 0.1, 12
3572, 78329,30082019,26102021 012709, 369, 28156.0, 10.838,198.863,0.431840,  0.6,  2.186,9.34e+00, 17.0, -  , - 
3573, 78334,02042020,26102021 061257, 570, 28051.0, 11.134,164.433,0.622598,  0.6, 62.600,8.31e+00, 17.1,91.4, - 
3574, 78401,31082018,26102021 061339,   1, 28183.8, 21.314,306.193,0.475626,359.8,234.826,1.99e-02, 16.8, 0.1,  1
3575, 78402,08092018,26102021 035500,   9, 28163.8, 21.333,307.705,0.476025,359.8,233.619,8.00e-02, 17.2, 0.1, 24
3576, 78403,08092018,26102021 055418,   2, 28237.1, 21.174,299.824,0.500800,359.8,245.364,1.45e-01, 17.3, 0.1,  5
3577, 78404,08092018,26102021 021653, 810, 28110.4, 20.659,306.734,0.501760,359.8,228.159,3.65e+00, 17.9,49.0, - 
3578, 78405,09092018,25102021 190731,  46, 28194.4, 20.953,306.129,0.493596,359.8,233.538,2.06e+00, 17.1, 7.8, - 
3579, 78406,09092018,25102021 175023, 783, 28152.8, 21.343,297.608,0.521432,359.9,241.897,9.07e-01, 18.9,77.0, - 
3580, 78407,09092018,25102021 232517, 353, 28177.5, 21.443,312.171,0.456708,359.8,225.676,1.50e-01, 18.1, 6.1, - 
3581, 78408,09092018,25102021 195345,1082, 28070.5, 20.490,304.124,0.531660,359.8,232.736,3.65e+00, 19.0,89.3, - 
3582, 78409,09092018,26102021 032635,   2, 28174.9, 21.345,303.406,0.512198,359.8,245.551,1.08e-01, 15.8, 0.1,  8
3583, 78410,09092018,26102021 041411,   7, 28179.5, 20.781,302.160,0.538107,359.8,238.701,4.80e+00, 17.4, 5.6, - 
3584, 78411,19102018,25102021 193709, 554, 28212.3, 21.427,311.498,0.463336,359.8,227.137,3.29e-01, 16.6,24.1, - 
3585, 78413,09112018,26102021 024833,  15, 28224.2, 20.102,297.228,0.542460,359.8,245.786,7.23e+00, 18.2,10.1, - 
3586, 78414,27012019,25102021 212444,  14, 28172.1,  7.643,212.689,0.492542,  0.8,223.585,4.44e-02, 18.1, 0.1,  5
3587, 78415,07042019,25102021 182649,   0, 28176.8, 11.089,193.676,0.465960,  0.6, 17.863,1.02e-01, 15.1, 0.1,  4
3588, 78416,06042019,25102021 185446, 375, 28194.5, 11.246,193.461,0.480667,  0.6, 21.679,1.09e-01, 18.2, 0.9,175
3589, 78417,06042019,26102021 015411, 187, 28164.0, 11.100,192.222,0.469838,  0.6, 20.337,5.45e-02, 18.1, 3.2,514
3590, 78418,08042019,25102021 144145,  13, 28165.7, 11.108,190.145,0.478054,  0.6, 24.605,1.65e-02, 17.0, 0.1,  2
3591, 78419,06042019,25102021 222445, 375, 28179.7, 11.132,190.597,0.485781,  0.6, 23.760,3.87e-01, 19.0,13.1, - 
3592, 78420,06042019,25102021 150720, 571, 28186.5, 11.432,187.550,0.473348,  0.6, 18.115,1.46e+00, 17.6,14.6, - 
3593, 78421,06042019,26102021 052856, 371, 28176.4, 11.200,192.638,0.459251,  0.6, 18.565,2.88e-01, 18.0, 5.5, - 
3594, 78422,06042019,26102021 004656, 350, 28189.7, 10.798,194.961,0.470778,  0.6, 11.128,6.21e-03, 18.4, 3.5,105
3595, 78423,06042019,25102021 160258, 382, 28129.0, 11.068,182.949,0.538994,  0.6, 35.769,3.77e+00, 17.9,99.4, - 
3596, 78424,04082019,25102021 182806, 795, 28174.7, 21.317,305.132,0.501268,359.8,240.877,2.33e-01, 18.2, 9.2,204
3597, 78425,12082019,26102021 022640,   2, 28180.1, 11.145,186.247,0.496678,  0.6, 32.150,1.64e+00, 16.8, 0.2, 50
3598, 78426,12082019,25102021 231036, 710, 28198.5, 11.311,195.501,0.480293,  0.6, 16.895,1.29e+00, 17.1,37.5, - 
3599, 78428,29092019,26102021 012837,   2, 28361.8, 10.759,210.704,0.471575,  0.6,358.438,7.67e+00, 13.9, 1.9,434
3600, 78429,04102019,25102021 135504, 752, 28200.5, 11.216,204.412,0.498148,  0.6, 10.418,2.82e+00, 18.0, -  , - 
3601, 78430,27112019,26102021 081736, 697, 28143.9, 10.080,173.077,0.555296,  0.7, 59.554,3.67e+00, 17.8, -  , - 
3602, 78431,16102020,25102021 190754, 328, 28169.5, 11.159,194.863,0.477226,  0.6, 15.073,3.04e-01, 18.6, 5.2, - 
3603, 78500,10092012,26102021 060431, 168, 28266.6, 25.175, 66.371,0.745217,359.9, 24.782,1.08e-01, 17.1, 3.0,572
3604, 78501,01022014,25102021 171307,  28, 28243.3, 24.136,190.395,0.733104,  0.3,213.962,8.44e-02, 16.9, 0.2, 43
3605, 78502,30072014,26102021 002020,   2, 28215.2,  7.834,226.761,0.488875,  0.6,198.151,1.28e-01, 17.1, 0.1,  3
3606, 78503,31082018,26102021 020648,   1, 28208.2, 21.381,311.889,0.459270,359.8,225.966,9.16e-01, 13.9, 0.1, 27
3607, 78504,07092018,25102021 225059, 134, 28176.5, 21.104,309.658,0.484473,359.8,231.373,9.86e-01, 17.4, 2.8,599
3608, 78505,09092018,25102021 222915, 377, 28196.5, 21.116,307.923,0.483668,359.8,232.544,1.71e-02, 18.8, 1.9,401
3609, 78506,09092018,26102021 044107, 211, 28200.8, 21.160,306.287,0.491479,359.8,233.390,6.70e-01, 17.1, 4.0,805
3610, 78507,09092018,26102021 003715, 117, 28188.6, 21.340,307.968,0.477158,359.8,233.368,4.35e-02, 18.6, 0.1, 19
3611, 78508,09092018,25102021 192000, 340, 28202.6, 21.572,313.396,0.487072,359.8,229.253,3.74e-01, 16.5, 9.2, - 
3612, 78509,09092018,25102021 172149,1135, 27829.7, 11.866,256.549,0.519944,  0.1,262.545,2.41e+01, 17.6, -  , - 
3613, 78510,09092018,26102021 031119, 401, 28328.3, 20.866,307.877,0.501350,359.8,232.475,2.93e+00, 14.8,54.1, - 
3614, 78511,02102018,25102021 131657, 690, 28132.5, 21.335,312.316,0.482131,359.8,223.264,4.35e+00, 17.2,83.1, - 
3615, 78512,07102018,25102021 124841, 786, 28188.9, 21.687,309.098,0.433577,359.8,245.214,2.04e-02, 18.1, 2.0,125
3616, 78513,25092018,26102021 063623,  10, 28289.7, 21.479,311.895,0.485307,359.8,229.616,3.68e-01, 17.2, 0.7,156
3617, 78514,17102018,26102021 022754,   0, 28252.3, 11.103,193.489,0.464009,  0.6, 16.817,6.95e-03, 12.6, 0.1,  1
3618, 78515,07042019,26102021 005902,   1, 28218.2, 11.116,191.817,0.470567,  0.6, 20.369,3.95e-02, 16.2, 0.1,  1
3619, 78516,06042019,25102021 192441, 376, 28149.2, 10.188,193.719,0.481908,  0.7, 16.170,1.40e-01, 19.0,25.0, - 
3620, 78517,07042019,26102021 090826,   1, 28214.1, 11.100,192.959,0.465260,  0.6, 18.147,2.87e-02, 16.7, 0.1,  1
3621, 78518,08042019,26102021 082223,   1, 28212.9, 11.103,192.788,0.466992,  0.6, 18.666,3.00e-02, 15.8, 0.1,  2
3622, 78519,06042019,25102021 230600, 330, 28206.4, 10.928,188.198,0.494309,  0.6, 29.535,3.26e-01, 19.1,39.9, - 
3623, 78520,08042019,26102021 023527, 727, 28188.6, 11.376,184.520,0.511943,  0.6, 34.520,1.76e+00, 16.7,67.1, - 
3624, 78521,09042019,25102021 175128, 375, 28211.4, 11.078,192.129,0.468383,  0.6, 20.132,1.99e-01, 18.7, 1.4, 80
3625, 78522,06042019,25102021 155748, 606, 28207.1, 11.221,194.146,0.461022,  0.6, 15.602,5.20e-01, 18.5, 9.0, - 
3626, 78523,06042019,26102021 082028,  82, 28169.3, 11.098,191.960,0.470427,  0.6, 20.926,2.78e-01, 19.0, 0.4, 69
3627, 78524,06042019,26102021 102854, 928, 28192.5, 11.099,193.160,0.466107,  0.6, 18.177,1.59e-01, 18.5,44.1, - 
3628, 78525,06042019,26102021 101620, 345, 28202.0, 11.056,192.801,0.500640,  0.6, 22.505,1.00e-02, 19.1, 5.4, - 
3629, 78526,06042019,25102021 192402, 462, 28104.0, 11.012,192.040,0.490902,  0.6, 26.785,1.25e-01, 17.2, 2.9,550
3630, 78527,06042019,26102021 015318, 439, 28196.6, 11.211,186.119,0.485434,  0.6, 25.444,6.02e-02, 16.9, 2.1,440
3631, 78528,06042019,25102021 181735, 761, 28225.9,  9.022,114.488,0.423214,  0.3, 92.963,2.59e-01, 17.6, -  , - 
3632, 78529,12042019,26102021 003323, 383, 28215.5, 11.999,175.713,0.483280,  0.6, 36.775,1.94e-01, 16.1, 4.9,987
3633, 78530,06042019,25102021 201618, 728, 28213.2, 11.098,193.484,0.463616,  0.6, 18.287,2.35e-01, 18.3, 7.9, - 
3634, 78531,06052019,25102021 164148,   1, 28211.8, 11.497,183.854,0.467943,  0.6, 27.114,1.04e-01, 13.1, 0.1,  6
3635, 78533,06042019,26102021 013550, 369, 28216.8, 11.173,188.275,0.500575,  0.6, 28.440,1.86e+00, 17.5,33.4, - 
3636, 78534,27062019,25102021 204118, 800, 28215.3, 21.115,289.573,0.518544,359.9,259.006,2.20e-01, 15.0, 1.0,180
3637, 78535,12082019,25102021 221910, 328, 28216.0, 11.112,193.044,0.467705,  0.6, 18.532,3.74e-01, 17.8, 6.4, - 
3638, 78536,06082019,25102021 192935, 436, 28221.6, 11.184,192.142,0.476632,  0.6, 19.437,3.24e+00, 17.1, -  , - 
3639, 78537,29082019,26102021 011438,  81, 28214.1, 11.321,198.112,0.521312,  0.6, 17.726,4.64e+00, 16.6,20.6, - 
3640, 78538,28082019,26102021 065843, 396, 28345.9, 11.327,183.482,0.528668,  0.6, 36.503,4.80e+00, 17.1, -  , - 
3641, 78539,23092019,25102021 154127,  98, 28181.0, 11.493,190.849,0.495833,  0.6, 21.676,1.55e+00, 17.6, 2.4,489
3642, 78541,29112019,25102021 215227, 454, 28171.0, 20.333,298.933,0.540796,359.8,258.085,1.68e+00, 17.2, -  , - 
3643, 78544,19012021,25102021 234633,   9, 28214.3, 12.012,176.978,0.475849,  0.6, 34.528,1.75e-01, 16.0, 0.2, 39
3644, 78545,14102021,25102021 184649,   9, 28202.3, 23.244,244.313,0.576699,  0.1,315.126,1.03e+00, 18.0, 2.8,628
3645, 78601,26032017,26102021 021739, 968, 28237.2, 25.173,325.923,0.734128,359.8, 46.052,2.76e-02, 18.3, 2.9, 76
3646, 78602,19112017,26102021 015217,1274, 28267.3, 59.282,201.252,0.639323,  0.1,359.465,1.87e+00, 16.5, -  , - 
3647, 78603,31082018,25102021 183610,   1, 28221.4, 21.193,300.881,0.507607,359.8,246.098,8.16e-02, 13.4, 0.1,  3
3648, 78604,31082018,26102021 004811,  10, 28235.0, 21.165,300.968,0.504859,359.8,245.312,9.84e-02, 16.9, 0.2, 33
3649, 78605,09092018,25102021 230440, 639, 28217.1, 21.021,304.150,0.513355,359.8,240.135,2.66e+00, 17.1,42.9, - 
3650, 78606,09092018,25102021 205017, 678, 28170.1, 20.685,309.189,0.501421,359.8,225.131,4.22e+00, 18.0, -  , - 
3651, 78607,25092018,25102021 134707,   4, 28201.6, 21.200,306.600,0.480786,359.8,233.423,9.60e-01, 17.5, 0.4, 81
3652, 78608,18102018,25102021 190320,   2, 28185.1, 21.392,307.369,0.459863,359.8,230.587,6.13e-02, 17.1, 0.1,  3
3653, 78609,18102018,25102021 164904, 369, 28225.0, 11.378,193.887,0.464694,  0.6, 15.830,2.38e-01, 18.7, 2.2,410
3654, 78610,18102018,25102021 195927, 774, 28227.4, 11.457,194.524,0.466407,  0.6, 15.147,4.76e-01, 18.0,18.2, - 
3655, 78611,06112018,26102021 001717,1065, 28016.8, 19.755,316.853,0.384798,359.7,191.328,2.21e+01, 17.9, -  , - 
3656, 78612,10012019,25102021 225336, 365, 28206.2, 21.316,309.722,0.474405,359.8,229.607,2.87e-02, 18.0, 1.2,259
3657, 78613,03022019,26102021 051300, 957, 28006.3, 23.159,317.236,0.457480,359.8,227.214,3.76e+01, 17.8, -  , - 
3658, 78615,09042019,25102021 195332, 637, 28225.7, 10.374,187.233,0.510100,  0.7, 35.383,4.68e-02, 17.8, 1.3, 78
3659, 78616,09042019,25102021 163126,  13, 28243.6, 11.068,194.110,0.467964,  0.6, 17.237,5.97e-02, 17.4, 0.1, 23
3660, 78617,08042019,25102021 180644, 400, 28234.2, 11.068,195.411,0.450513,  0.6, 14.381,1.53e-02, 18.1, 0.3, 27
3661, 78618,06042019,26102021 084818, 865, 28223.8, 10.998,192.635,0.472068,  0.6, 19.420,2.29e-01, 18.2, 1.4,301
3662, 78619,09042019,26102021 080317, 412, 28245.2, 11.157,192.853,0.469700,  0.6, 17.854,1.49e-01, 15.9, 1.7,332
3663, 78620,06042019,25102021 160023, 312, 28193.9, 11.541,195.185,0.493412,  0.6,  7.978,1.25e+00, 17.7,89.0, - 
3664, 78621,06042019,26102021 020038, 376, 28235.2, 11.121,193.857,0.470201,  0.6, 15.953,4.00e-01, 17.9,32.1, - 
3665, 78622,06042019,26102021 080921, 365, 28198.1, 11.534,187.058,0.482709,  0.6, 32.951,5.87e+00, 16.5,48.0, - 
3666, 78623,06042019,26102021 024940,   2, 28230.2, 11.124,193.442,0.465512,  0.6, 17.306,1.52e-01, 16.7, 0.1,  4
3667, 78624,06042019,25102021 155024, 372, 28220.3, 11.153,193.762,0.466077,  0.6, 16.775,2.77e-01, 18.6, 7.6, - 
3668, 78627,06042019,25102021 183601,  83, 28213.3,  9.757,189.142,0.494628,  0.7, 33.164,1.12e+00, 18.8,22.6, - 
3669, 78628,06042019,25102021 141558, 848, 28241.2, 11.209,193.847,0.464976,  0.6, 16.555,2.20e-01, 18.7, 6.2, - 
3670, 78629,06042019,26102021 102708,  20, 28225.8, 11.097,192.742,0.468477,  0.6, 18.939,4.43e-02, 18.2, 0.1, 13
3671, 78630,06042019,25102021 220913, 823, 28265.4, 11.209,177.392,0.561051,  0.6, 30.141,5.21e-01, 18.3, 2.9,493
3672, 78631,26062019,26102021 052634, 470, 28263.0, 20.469,306.944,0.507825,359.8,237.441,1.25e+00, 16.9, -  , - 
3673, 78632,25082019,26102021 073318,   1, 28360.5, 11.853,228.743,0.492284,  0.4,346.746,3.68e+00, 17.0, 1.0,219
3674, 78634,30092019,25102021 233240, 736, 28243.8, 11.579,192.212,0.480748,  0.6, 18.526,2.19e+00, 16.4,47.9, - 
3675, 78635,02102019,26102021 083432, 374, 28257.0, 11.306,190.681,0.474765,  0.6, 23.296,6.26e+00, 17.4,21.7, - 
3676, 78700,12092012,25102021 230627,   2, 28217.3, 24.094,211.306,0.753330,  0.3,238.307,8.52e-02, 16.7, 0.1,  6
3677, 78701,30062016,26102021 022249, 347, 28219.9, 23.841,241.417,0.747823,  0.1,202.856,5.68e-02, 16.8, 6.7,497
3678, 78702,12012018,25102021 221229,   4, 28255.6,  8.282,246.211,0.484620,  0.3,160.914,8.96e-02, 17.7, 0.1,  4
3679, 78703,31082018,25102021 194353,   1, 28248.0, 21.225,302.135,0.505979,359.8,244.055,1.03e-01, 12.5, 0.1,  3
3680, 78704,02092018,26102021 015108, 974, 28222.8, 21.216,308.068,0.484076,359.8,231.749,9.74e-01, 18.1,51.4, - 
3681, 78705,14092018,26102021 034833,  13, 28249.3, 21.321,303.195,0.477767,359.8,236.018,2.12e-01, 17.6, 0.2, 52
3682, 78706,14092018,26102021 070856, 423, 28226.9, 21.207,307.857,0.471510,359.8,230.532,1.89e+00, 16.1, -  , - 
3683, 78708,14092018,25102021 194416, 783, 28251.9, 21.153,310.806,0.470664,359.8,225.735,3.44e+00, 17.0, -  , - 
3684, 78709,17102018,26102021 060930, 782, 28239.4, 10.567,186.671,0.499703,  0.6, 37.600,4.87e-01, 18.5,14.0, - 
3685, 78710,18102018,26102021 000009, 374, 28259.8, 12.478,183.609,0.536179,  0.6, 46.786,7.93e-01, 18.8,45.8, - 
3686, 78711,07042019,25102021 155558,  43, 28255.6, 11.098,193.510,0.466160,  0.6, 16.908,1.46e-01, 17.9, 1.7,373
3687, 78712,07042019,26102021 054529, 467, 28253.1, 11.452,195.888,0.457655,  0.6,  9.282,2.00e-01, 17.7, 3.8,654
3688, 78713,08042019,26102021 101641,  21, 28258.7, 11.397,185.017,0.472563,  0.6, 26.737,1.00e-02, 17.2, 0.1,  6
3689, 78714,08042019,26102021 015045,   4, 28250.5, 11.297,187.377,0.481254,  0.6, 25.307,6.13e-01, 17.5, 0.1, 25
3690, 78715,06042019,25102021 222247, 732, 28248.5, 11.107,193.321,0.464513,  0.6, 17.095,9.98e-02, 17.2, 1.7,229
3691, 78716,06042019,26102021 035323, 902, 28172.2, 10.597,171.120,0.569633,  0.6, 54.725,7.24e+00, 16.5,29.8, - 
3692, 78717,07042019,26102021 015035,   1, 28250.5, 11.291,190.758,0.452615,  0.6, 16.294,1.71e-01, 14.8, 0.1, 10
3693, 78718,06042019,25102021 161431, 881, 28252.9, 11.105,193.279,0.469860,  0.6, 17.898,4.61e-01, 17.3, 3.0,650
3694, 78719,06042019,25102021 181332, 369, 28255.3, 11.119,193.121,0.467782,  0.6, 17.671,2.92e-01, 17.4, 0.9,163
3695, 78720,06042019,26102021 001601,  10, 28250.0, 11.100,193.653,0.465353,  0.6, 16.716,5.02e-02, 16.7, 0.1,  9
3696, 78721,09042019,26102021 015335, 375, 28250.8, 11.036,198.608,0.450663,  0.6, 12.451,9.27e-02, 18.5, 7.2, - 
3697, 78722,10042019,26102021 105214, 369, 28213.8, 11.116,192.399,0.471152,  0.6, 19.517,1.83e-01, 19.2, 2.9,577
3698, 78723,06042019,26102021 005859, 292, 28198.7, 11.081,191.792,0.409434,  0.6,359.239,4.83e-01, 18.4, 6.0,734
3699, 78724,06042019,25102021 163910, 375, 28256.6, 10.630,188.126,0.535731,  0.6, 31.921,2.45e-01, 17.9,11.3,859
3700, 78725,06042019,26102021 111129,  16, 28248.2, 11.111,193.320,0.463596,  0.6, 16.992,9.69e-02, 17.1, 0.4, 13
3701, 78726,06042019,25102021 165244, 345, 28329.4, 11.063,193.095,0.479532,  0.6, 17.436,4.23e-01, 18.1, 4.0,833
3702, 78727,06042019,25102021 182230, 353, 28455.4, 11.864,189.022,0.500533,  0.6, 28.396,3.53e-01, 17.0,37.3, - 
3703, 78728,06042019,25102021 233734, 369, 28250.1, 10.816,192.013,0.452454,  0.6, 19.120,2.62e-02, 18.5,12.8, - 
3704, 78729,06042019,25102021 141514, 369, 28252.2, 11.106,193.108,0.468745,  0.6, 17.962,2.85e-01, 18.9, 3.5,493
3705, 78730,06042019,26102021 023230, 372, 28343.2, 11.270,189.477,0.482969,  0.6, 20.686,8.60e-01, 18.7,79.4, - 
3706, 78731,06042019,26102021 000411, 102, 28251.3, 10.945,192.550,0.467645,  0.6, 16.725,1.76e-01, 18.8, 0.6,101
3707, 78732,06042019,25102021 150900,  46, 28253.0, 11.111,193.048,0.467360,  0.6, 17.794,1.97e-01, 18.6, 0.3, 71
3708, 78733,06042019,26102021 031909, 376, 28252.6, 11.274,197.032,0.469517,  0.6, 10.086,3.71e-01, 18.2, 8.4, - 
3709, 78734,06042019,26102021 095912, 926, 28173.1, 10.272,168.276,0.580334,  0.7, 59.425,6.73e+00, 16.4, -  , - 
3710, 78736,06042019,25102021 221807, 403, 28253.3, 11.104,183.636,0.508312,  0.6, 32.900,1.93e-01, 17.7,18.9, - 
3711, 78737,06042019,25102021 224108, 310, 28259.1, 11.133,193.243,0.465724,  0.6, 17.112,1.95e-01, 18.7, 2.2,477
3712, 78738,06042019,26102021 110144,  18, 28072.6, 11.108,191.353,0.470103,  0.6, 22.542,1.36e-02, 18.2, 0.1,  5
3713, 78739,06042019,25102021 145434,  53, 28240.2, 11.159,192.742,0.466928,  0.6, 16.063,6.07e-01, 18.0, 1.2,160
3714, 78740,06042019,26102021 004658, 375, 28249.8, 11.041,194.105,0.468133,  0.6, 17.459,3.41e-01, 18.8,23.1, - 
3715, 78742,06042019,25102021 194424, 429, 28262.4, 11.593,181.573,0.527742,  0.6, 34.341,1.68e-01, 16.8,59.2, - 
3716, 78743,06042019,26102021 005419, 813, 28268.6, 11.529,191.880,0.494430,  0.6, 26.475,9.01e-01, 17.4,13.2, - 
3717, 78744,06042019,25102021 152715, 294, 28204.5, 10.855,187.457,0.515983,  0.6, 34.005,3.31e+00, 17.7,68.8, - 
3718, 78745,06042019,26102021 051809, 742, 28224.4, 11.381,198.622,0.367655,  0.6,  5.434,5.97e-01, 17.9,51.6, - 
3719, 78746,06042019,26102021 075513,   2, 28255.3, 11.137,192.832,0.469040,  0.6, 18.131,2.89e-01, 17.4, 0.1,  3
3720, 78747,06042019,26102021 043056, 210, 28252.7, 11.149,193.235,0.468179,  0.6, 17.415,1.71e-01, 17.6, 1.1,101
3721, 78748,06042019,26102021 011933, 388, 28244.9, 11.156,196.480,0.457963,  0.6, 13.728,1.66e+00, 16.2,84.0, - 
3722, 78749,31052019,26102021 040101, 325, 28249.7, 11.420,191.263,0.476270,  0.6, 29.111,2.40e-01, 18.1, 6.7, - 
3723, 78750,31052019,26102021 030434, 437, 28138.7, 11.385,134.793,0.676822,  0.4, 87.754,2.53e-01, 17.7, 6.4,383
3724, 78751,29072019,26102021 002723, 778, 28247.6, 12.045,227.201,0.455603,  0.4,339.916,2.83e+00, 16.8, -  , - 
3725, 78752,25082019,26102021 111558, 316, 28276.7, 11.139,188.682,0.499000,  0.6, 27.579,1.48e+00, 18.3, 2.3,477
3726, 78754,23112020,25102021 211940,  40, 28127.6, 21.052,302.073,0.515309,359.8,241.869,2.64e-01, 17.6, 3.3, 92
3727, 78755,03022007,26102021 092839,   2, 28256.0,  8.391,249.861,0.482825,  0.3,152.838,1.02e-01, 18.3, 0.1,  3
3728, 78800,10122007,26102021 041236,   1, 28272.6,  8.957,250.908,0.482455,  0.3,143.718,3.93e-02, 17.5, 0.1,  4
3729, 78801,28042017,25102021 193047,1235, 28347.3, 66.122,207.254,0.723777,  0.1,339.345,5.15e-01, 16.8,38.2, - 
3730, 78802,20112017,26102021 044920,   9, 28348.2,  8.569,266.994,0.476039,  0.0,120.260,1.00e-02, 17.7, 0.3, 15
3731, 78803,03122017,25102021 224717, 462, 28285.6, 24.164,292.749,0.735860,359.9,122.139,3.02e-01, 14.2,15.9, - 
3732, 78804,14092018,25102021 165807,   2, 28281.6, 21.386,310.332,0.473524,359.8,229.140,7.24e-03, 17.4, 0.1,  1
3733, 78805,14092018,25102021 201456,   1, 28276.8, 21.338,309.342,0.481186,359.8,231.734,3.24e-01, 14.7, 0.1, 12
3734, 78806,17102018,25102021 224502, 294, 28202.6, 21.317,311.040,0.495347,359.8,224.856,1.86e+00, 17.7,44.2, - 
3735, 78807,06042019,26102021 071001, 369, 28283.7, 11.333,191.327,0.479707,  0.6, 19.033,5.49e-01, 19.1,17.8, - 
3736, 78808,08042019,26102021 095852,   1, 28279.4, 11.465,182.112,0.480665,  0.6, 31.589,1.18e-01, 16.5, 0.1,  7
3737, 78809,12042019,25102021 213306, 370, 28279.5, 11.174,191.320,0.484193,  0.6, 22.786,1.55e+00, 18.2,40.9, - 
3738, 78810,06042019,26102021 001643, 365, 28217.0, 11.116,193.065,0.468972,  0.6, 18.370,3.70e-01, 19.0, 1.0,158
3739, 78811,06042019,26102021 085758, 373, 28269.2, 11.131,191.960,0.473479,  0.6, 19.104,1.03e-01, 18.0, 4.0,609
3740, 78812,06042019,25102021 234158, 392, 28271.2, 11.196,195.405,0.412567,  0.6,  9.480,1.00e-02, 16.0, 3.1,546
3741, 78813,06042019,26102021 020454, 377, 28247.3, 10.723,194.828,0.499500,  0.6, 12.606,4.14e+00, 16.9,93.8, - 
3742, 78814,06042019,25102021 234354, 748, 28316.5, 11.584,196.625,0.473857,  0.6,  0.528,2.18e-01, 18.3,11.2,477
3743, 78815,06042019,26102021 023006,  56, 28272.7, 11.119,192.823,0.467011,  0.6, 19.145,4.56e-01, 18.0, 0.8,131
3744, 78816,06042019,26102021 060620, 708, 28266.5, 10.913,177.998,0.539838,  0.6, 45.045,1.75e-01, 18.2, 7.5,271
3745, 78817,06042019,26102021 083926, 375, 28311.3, 11.123,194.379,0.466131,  0.6, 15.369,5.94e-01, 19.1,16.6, - 
3746, 78818,05052019,25102021 230028, 810, 28280.5, 20.708,308.856,0.475554,359.8,228.630,7.44e-01, 15.7, -  , - 
3747, 78819,06042019,25102021 214519, 763, 28275.8, 11.843,169.269,0.534031,  0.6, 52.060,9.26e-01, 18.1, 3.5,726
3748, 78820,06042019,25102021 160707, 444, 28248.2, 11.185,189.018,0.515970,  0.6, 31.233,2.69e+00, 17.5,35.9, - 
3749, 78821,06042019,25102021 174910, 397, 28301.5, 11.519,195.348,0.551946,  0.6, 27.335,1.13e-01, 17.7, 7.1, - 
3750, 78822,06042019,25102021 165931, 375, 28276.8, 11.212,190.981,0.467208,  0.6, 19.135,2.01e-01, 19.4, 1.6,111
3751, 78823,06042019,25102021 235541, 763, 28279.1, 11.414,195.924,0.471275,  0.6, 11.910,1.05e-01, 18.1,58.8, - 
3752, 78824,25082019,26102021 025554, 729, 28274.6, 12.087,188.490,0.370074,  0.6, 24.784,1.78e+00, 17.6,32.3, - 
3753, 78826,13012020,25102021 183503,   9, 28218.9, 21.412,303.125,0.464754,359.8,234.621,1.08e+00, 18.9, 2.5,557
3754, 78827,28062020,26102021 052641, 479, 28195.4, 10.899,149.304,0.654435,  0.5,108.678,5.15e+00, 17.3, -  , - 
3755, 78828,16122020,26102021 024213, 276, 28276.4, 21.678,321.122,0.436599,359.8,212.915,1.22e-01, 16.8, 0.3, 35
3756, 78900,19022015,25102021 210822,   2, 28344.2, 24.754,323.353,0.735968,359.8, 59.525,1.42e-01, 14.9, 0.1,  4
3757, 78901,23122016,26102021 083636,   1, 28309.9,  8.512,261.262,0.480440,  0.1,131.104,5.74e-02, 17.5, 0.1,  1
3758, 78902,31082018,26102021 063608,   1, 28289.5, 21.732,320.111,0.458657,359.8,216.742,6.91e-02, 15.6, 0.1,  6
3759, 78903,01092018,25102021 184644,   1, 28300.6, 21.390,310.633,0.469944,359.8,227.860,3.83e-02, 16.7, 0.1,  2
3760, 78904,02092018,25102021 181520, 579, 28292.0, 20.864,312.381,0.493534,359.8,233.787,1.00e-02, 17.6, 1.3,105
3761, 78905,14092018,25102021 202520,   2, 28100.8, 21.093,308.922,0.528263,359.8,222.462,7.27e+00, 17.8, 0.2, 31
3762, 78906,13112018,25102021 214448, 702, 28301.2, 22.465,301.216,0.524930,359.8,252.385,5.11e-01, 17.9,66.8, - 
3763, 78907,06042019,26102021 074455, 372, 28299.9, 10.963,194.964,0.462012,  0.6, 15.387,1.15e-01, 17.1,17.1, - 
3764, 78908,06042019,25102021 144151,  28, 28333.8, 11.094,194.729,0.466654,  0.6, 14.978,5.55e-01, 18.6, 0.3, 76
3765, 78909,06042019,26102021 054104, 660, 28297.6, 11.224,193.065,0.473205,  0.6, 18.093,3.89e-01, 18.8, 5.3, - 
3766, 78910,06042019,26102021 004752, 376, 28294.3, 11.209,194.957,0.456632,  0.6, 16.415,6.09e-01, 17.2,22.4, - 
3767, 78912,06042019,26102021 024355, 873, 28308.0, 11.723,192.059,0.490438,  0.6, 14.425,4.76e-01, 17.9,63.4, - 
3768, 78913,26062019,25102021 220846, 807, 28306.3, 10.475,165.376,0.609673,  0.6, 84.751,5.01e+00, 16.8, -  , - 
3769, 78914,26062019,26102021 050802,  79, 28391.7, 21.246,309.425,0.477979,359.8,228.017,2.61e+00, 16.6,15.3, - 
3770, 78915,25072019,26102021 023037, 332, 28297.1, 10.999,196.271,0.481931,  0.6, 18.359,8.31e-02, 16.9, 1.2,247
3771, 78916,31082019,25102021 232311, 373, 28329.7, 11.094,186.944,0.504460,  0.6, 29.732,8.69e-01, 19.3, 7.1, - 
3772, 78917,22102019,25102021 211556, 687, 28191.8, 20.946,286.671,0.516483,359.9,243.283,8.29e+00, 15.0, -  , - 
3773, 78918,31102019,25102021 195837, 613, 28317.1, 21.419,311.772,0.441970,359.8,221.819,2.72e-01, 17.0,19.9, - 
3774, 78920,01092020,25102021 202717,  13, 28283.6, 22.902,207.101,0.753375,  0.3,271.753,2.63e-02, 17.8, 0.1,  1
3775, 79000,22062010,25102021 230001,   2, 28363.6,  8.478,276.618,0.475745,359.9,104.631,2.13e-01, 16.6, 0.1,  5
3776, 79001,27062012,25102021 215516,  51, 28315.9,  8.309,268.820,0.479164,  0.0,120.497,5.18e-02, 17.4, 0.4, 86
3777, 79002,13122017,26102021 021325, 148, 28311.4, 24.216,289.248,0.737318,359.9,126.918,1.73e-01, 16.9, 3.5,680
3778, 79003,07092018,26102021 072135,   1, 28327.3, 21.548,315.671,0.474557,359.8,223.221,1.51e-01, 16.6, 0.1, 18
3779, 79004,07092018,25102021 204952,1025, 28314.9, 20.870,300.488,0.519719,359.8,242.124,1.62e+00, 18.3,34.0, - 
3780, 79005,07092018,26102021 061448, 561, 28307.4, 21.469,309.888,0.481189,359.8,228.870,2.80e-01, 17.5,11.4, - 
3781, 79006,08092018,25102021 192653, 425, 28322.2, 21.066,307.040,0.489930,359.8,234.814,4.73e-01, 18.3,20.4, - 
3782, 79007,08112018,26102021 021523, 545, 28430.4, 26.985, 52.733,0.752214,359.8,346.382,3.34e-01, 17.0,24.8, - 
3783, 79008,06122018,26102021 002749, 824, 28414.2, 21.496,137.013,0.739748,  0.2,  3.793,6.10e-02, 17.5, 7.1,320
3784, 79009,07042019,25102021 233151,   2, 28327.2, 11.087,194.937,0.462414,  0.6, 14.028,1.82e-02, 16.4, 0.1,  2
3785, 79010,08042019,25102021 230706,   3, 28338.0, 11.184,191.310,0.466693,  0.6, 18.327,4.65e-02, 18.0, 0.1,  1
3786, 79011,08042019,25102021 173658, 867, 28332.0, 11.085,194.532,0.469157,  0.6, 15.347,3.00e-01, 17.6,17.7, - 
3787, 79012,06042019,25102021 215928, 436, 28296.1, 11.573,193.413,0.421250,  0.6, 25.200,1.41e-01, 17.6,26.5, - 
3788, 79013,26042019,26102021 011736,   4, 28318.2, 10.979,200.125,0.476797,  0.6, 12.722,5.50e-02, 17.2, 0.1,  7
3789, 79014,26042019,25102021 181339,   1, 28322.3, 11.150,191.527,0.463007,  0.6, 17.361,5.39e-02, 17.1, 0.1,  1
3790, 79015,06042019,26102021 073750, 808, 28332.0, 11.132,196.682,0.444769,  0.6,  8.480,4.13e-01, 18.2, 4.3,796
3791, 79016,06042019,25102021 162210, 375, 28340.2, 11.166,194.490,0.471403,  0.6, 20.387,2.95e-01, 17.3, 2.4,463
3792, 79017,06042019,25102021 224953,  50, 28337.2, 11.075,194.616,0.468749,  0.6, 15.348,4.11e-01, 18.0, 0.4, 74
3793, 79018,06042019,25102021 232745, 792, 28315.4, 11.154,197.548,0.440981,  0.6, 15.546,1.22e+00, 16.5, -  , - 
3794, 79020,06042019,26102021 073634, 426, 28319.3, 11.104,189.576,0.480592,  0.6, 22.474,9.88e-01, 18.6, 2.4,531
3795, 79021,30072019,25102021 135816,  46, 28329.5, 11.074,199.110,0.486072,  0.6, 14.956,5.87e-02, 17.2, 0.3, 66
3796, 79022,30082019,25102021 161207, 348, 28339.8, 10.413,194.170,0.533998,  0.6, 10.983,6.27e-01, 17.6,21.0, - 
3797, 79024,23092019,25102021 220646,   2, 28326.1, 11.062,194.552,0.470068,  0.6, 16.243,7.90e-02, 16.6, 0.1,  5
3798, 79025,30092019,25102021 153526, 338, 28331.0, 11.082,194.245,0.468039,  0.6, 15.604,2.03e-01, 18.8, 1.2,245
3799, 79027,12072020,26102021 101450, 417, 27430.8, 10.776,168.623,0.542276,  0.6, 66.028,4.39e+00, 17.2,51.1, - 
3800, 79028,15102020,25102021 173847, 332, 28333.7, 11.175,191.546,0.465847,  0.6, 17.931,9.09e-02, 18.5, 0.9,207
3801, 79101,01082017,25102021 231456, 217, 28358.4,  8.880,291.657,0.466191,359.7, 74.019,2.91e-01, 17.6, 9.5, - 
3802, 79102,26102017,26102021 012648,  60, 28345.3,  8.880,278.804,0.474808,359.9, 97.259,3.83e-01, 15.7, 1.3,279
3803, 79103,05062008,25102021 153807, 105, 28393.3,  7.162,242.309,0.466605,  0.4,174.209,1.84e-02, 17.2, 0.8,124
3804, 79104,23022018,25102021 211421,1285, 28293.7, 71.005,275.203,0.532671,360.0,262.166,7.19e+00, 16.7, -  , - 
3805, 79105,31082018,26102021 001449, 810, 28344.9, 21.444,321.200,0.397753,359.7,205.736,1.45e+00, 17.3, -  , - 
3806, 79106,02092018,25102021 193532, 377, 28343.5, 21.801,326.230,0.396483,359.7,202.862,6.65e-02, 17.3, 4.8,937
3807, 79107,07092018,25102021 144236,   7, 28342.5, 21.394,311.671,0.474449,359.8,224.981,9.94e-01, 17.3, 0.4, 80
3808, 79108,07092018,26102021 055625,1143, 28332.0, 21.402,312.480,0.466748,359.8,224.376,3.46e-01, 18.7,16.3, - 
3809, 79109,07092018,25102021 210119,   9, 28325.4, 21.356,311.804,0.485427,359.8,227.873,7.35e-01, 17.9, 0.5, 96
3810, 79111,08042019,26102021 103147,   1, 28348.7, 11.546,182.287,0.476197,  0.6, 28.849,7.63e-02, 14.1, 0.1,  6
3811, 79112,08042019,26102021 055548,  17, 28348.7, 11.087,190.326,0.490744,  0.6, 22.527,1.61e+00, 17.3, 0.3, 74
3812, 79113,08042019,26102021 101412,  14, 28326.0, 11.077,194.234,0.465907,  0.6, 15.480,3.73e-01, 17.9, 0.3, 57
3813, 79114,08042019,26102021 053206,   1, 28354.1, 11.171,192.333,0.462775,  0.6, 16.240,1.66e-02, 17.1, 0.1,  1
3814, 79115,06042019,26102021 001004, 372, 28349.9, 11.244,189.787,0.476437,  0.6, 21.399,2.25e-01, 18.2, 7.1, - 
3815, 79116,06042019,26102021 091558, 369, 28299.8, 11.022,198.657,0.476180,  0.6,  0.122,2.47e-01, 19.1,13.8,714
3816, 79117,06042019,26102021 050903,  98, 28363.6, 11.494,189.411,0.485347,  0.6,  1.248,1.00e-02, 17.3, 2.3,237
3817, 79119,30082019,26102021 111038, 332, 28348.4, 11.151,192.949,0.464405,  0.6, 15.835,2.92e-01, 17.9, 4.4,989
3818, 79120,29082019,25102021 215556, 785, 28390.1, 20.428,240.368,0.584648,  0.2,294.739,1.35e+01, 17.3, -  , - 
3819, 79122,31102019,26102021 030817, 531, 28341.6, 21.214,307.501,0.491587,359.8,229.291,1.34e+00, 17.0, -  , - 
3820, 79123,12032014,25102021 202356,  10, 28345.4, 25.953, 84.929,0.747198,360.0,306.359,1.93e-02, 16.5, 0.1,  4
3821, 79200,02092015,25102021 163537,   1, 42165.0,  2.584,  0.641,0.005107,357.3,352.832,5.00e-02,  9.2, 0.1,  1
3822, 79201,31082018,25102021 181006,   0, 28373.4, 21.223,303.602,0.503457,359.8,240.824,9.66e-02, 14.0, 0.1,  2
3823, 79202,02092018,25102021 203412,   1, 28364.8, 21.475,312.814,0.481252,359.8,227.012,2.09e-02, 16.2, 0.1,  1
3824, 79203,18102018,26102021 013212, 821, 28391.8, 11.290,197.628,0.457258,  0.6,  9.064,4.92e-01, 18.1,38.4, - 
3825, 79204,03042019,25102021 220215,   3, 28314.0, 21.711,304.560,0.455941,359.8,225.515,7.58e-01, 15.6, 0.6,134
3826, 79205,07042019,25102021 214433, 722, 28383.2, 11.506,182.121,0.484138,  0.6, 28.827,6.28e-02, 15.1,28.8, - 
3827, 79206,06042019,25102021 143633, 374, 28374.8, 11.105,195.094,0.465586,  0.6, 13.718,1.99e-01, 18.8, 3.0,352
3828, 79207,06042019,26102021 014004,   3, 28363.7, 11.143,190.420,0.477982,  0.6, 21.800,5.50e-02, 13.3, 0.1,  5
3829, 79208,06042019,26102021 030319, 684, 28362.7, 10.991,190.993,0.489026,  0.6, 24.328,3.83e-01, 18.4,12.9, - 
3830, 79209,06042019,26102021 031418, 376, 28345.4, 11.255,189.511,0.483080,  0.6, 20.812,5.67e+00, 19.3, -  , - 
3831, 79210,06042019,26102021 013814, 930, 28200.0,  9.091,145.818,0.631822,  0.6, 89.517,9.82e+00, 18.2, -  , - 
3832, 79211,06042019,26102021 005703, 674, 28366.7, 11.375,205.178,0.360457,  0.5,354.852,1.03e-01, 18.3, 4.3,524
3833, 79212,20062019,25102021 172549,  28, 28524.0, 11.198,191.415,0.472241,  0.6, 17.165,5.00e-02, 18.9, 0.1, 21
3834, 79213,02072019,25102021 143412,   1, 28374.9, 11.392,186.324,0.470557,  0.6, 23.542,9.15e-02, 14.0, 0.1,  4
3835, 79214,12082019,25102021 144341,  42, 28376.4, 10.984,198.010,0.482802,  0.6, 15.486,1.85e-02, 17.3, 0.2, 28
3836, 79215,12082019,25102021 174409, 372, 28363.6, 11.915,192.403,0.476460,  0.6, 17.549,3.62e+00, 17.9,84.7, - 
3837, 79217,28082019,25102021 182131,   1, 28412.6, 11.122,194.546,0.468884,  0.6, 14.433,1.39e+00, 17.0, 0.1, 22
3838, 79218,29092019,26102021 015120, 372, 28423.4, 11.261,189.692,0.485764,  0.6, 20.987,4.70e+00, 17.0,79.0, - 
3839, 79219,18102019,25102021 191706,   2, 28358.7, 22.094,312.564,0.407803,359.8,211.881,2.61e+00, 15.5, 1.0,224
3840, 79220,19032020,26102021 042708, 209, 28344.5, 22.714, 41.156,0.759574,359.8,166.466,4.32e-02, 14.7, -  ,129
3841, 79222,14102020,26102021 034100, 292, 28385.4, 11.051,193.029,0.460410,  0.6, 15.778,6.72e-02, 19.1, 1.5, 37
3842, 79223,12102021,25102021 191930,   9, 28372.2, 22.300,324.309,0.478085,359.7,213.730,1.51e-01, 17.5, 0.1, 10
3843, 79300,14042018,26102021 100349, 347, 28406.8,  3.020,218.411,0.734541,  1.7,112.367,2.73e-01, 17.0, 5.7,600
3844, 79301,07092018,26102021 005455,   1, 28396.2, 21.138,303.097,0.505585,359.8,241.093,6.54e-02, 14.9, 0.1,  5
3845, 79302,17102018,26102021 015310, 702, 28391.1, 11.297,197.177,0.464250,  0.6, 10.164,6.80e-01, 18.8,69.1, - 
3846, 79303,12122018,25102021 212529, 293, 28313.6, 21.125,311.336,0.326429,359.8,205.793,4.44e-01, 17.7,22.1, - 
3847, 79304,03022019,26102021 070705, 994, 28455.0, 24.687,340.518,0.733905,359.7, 36.912,1.38e-01, 16.7, 9.1,139
3848, 79305,09042019,25102021 152947, 369, 28300.7, 11.144,191.134,0.492836,  0.6, 21.291,1.79e+00, 17.2, 5.0, - 
3849, 79306,13042019,25102021 231842, 588, 28425.7, 10.753,199.044,0.412652,  0.6,  8.339,1.01e+00, 17.3,47.6, - 
3850, 79307,06042019,26102021 014303, 360, 28410.8, 11.208,184.583,0.508964,  0.6, 28.264,1.02e+00, 17.5, 3.4,593
3851, 79308,07062019,25102021 205313, 373, 28470.5, 11.054,192.987,0.480800,  0.6, 15.345,9.94e-02, 17.4, 9.1, - 
3852, 79309,03072019,25102021 211244, 467, 28409.3, 11.223,189.642,0.504981,  0.6, 28.956,2.04e+00, 17.2,37.1, - 
3853, 79310,25072019,26102021 004428,  10, 28467.6, 21.297,306.850,0.482635,359.8,231.385,7.90e-01, 17.8, 1.5,327
3854, 79311,28072019,25102021 182229,  15, 28218.2, 21.132,311.662,0.472250,359.8,219.374,2.43e+00, 18.6, 4.1,920
3855, 79312,27082019,26102021 003003, 671, 28401.4, 11.797,176.260,0.509771,  0.6, 34.774,6.80e+00, 17.2,62.6, - 
3856, 79314,04102019,25102021 213503, 371, 28423.2, 10.978,193.386,0.509139,  0.6, 24.979,2.05e+00, 18.3,30.5, - 
3857, 79315,16102020,25102021 174006, 369, 28399.7, 11.538,186.346,0.461174,  0.6, 20.696,1.78e-01, 18.8,19.6, - 
3858, 79400,22122009,25102021 201351,   1, 28470.7, 11.509, 23.039,0.553413,359.4,208.630,2.02e+00, 15.9, 0.3, 64
3859, 79401,08102013,25102021 171858,   1, 28465.6, 30.693,305.855,0.747268,359.9,301.896,6.69e-02, 15.5, 0.1,  4
3860, 79402,01092018,25102021 142325,   0, 28404.7, 21.759,321.709,0.455344,359.7,213.335,9.39e-02, 13.4, 0.1,  1
3861, 79403,02092018,25102021 212921, 762, 28421.5, 20.984,326.326,0.413074,359.7,203.094,4.03e-02, 15.6,23.0,662
3862, 79404,07092018,25102021 153107,  11, 28392.0, 21.367,312.374,0.463709,359.8,221.426,1.12e+00, 17.1, 1.6,357
3863, 79405,09092018,26102021 012828,   3, 28416.5, 21.362,317.458,0.452790,359.8,216.924,1.39e+00, 16.3, 0.2, 53
3864, 79406,07092018,25102021 204844,  82, 28380.3, 21.398,311.352,0.489761,359.8,229.878,7.59e-01, 17.8, 7.7, - 
3865, 79407,12092018,26102021 000527, 257, 27926.3, 19.928,277.633,0.632096,360.0,268.104,9.16e+00, 17.3, -  , - 
3866, 79408,13102018,25102021 152740,1033, 28023.0, 25.743,137.972,0.747625,  0.2,215.379,1.04e+00, 16.0, -  , - 
3867, 79409,06042019,26102021 065526, 292, 28421.8, 11.225,188.864,0.496378,  0.6, 23.539,5.11e-01, 16.7, 8.2, - 
3868, 79410,06042019,26102021 020347,   4, 28496.1, 11.372,189.679,0.458317,  0.6, 15.846,8.80e-02, 17.5, 0.1,  7
3869, 79411,06042019,25102021 214857,   2, 28423.0, 11.323,191.631,0.475858,  0.6, 17.491,9.43e-01, 17.5, 0.1,  3
3870, 79412,06042019,26102021 002735, 688, 28460.5, 12.244,198.948,0.536399,  0.5,358.421,1.71e+00, 18.3, -  , - 
3871, 79413,28062019,26102021 090132, 813, 28438.3, 11.976,176.087,0.515180,  0.6, 39.674,3.88e+00, 16.8,67.3, - 
3872, 79414,24082019,26102021 120539, 780, 28357.3,  7.976,152.485,0.652105,  0.8,102.611,9.71e+00, 17.5, -  , - 
3873, 79415,30092019,25102021 235124,   2, 28420.1, 21.592,317.384,0.460552,359.8,218.044,4.66e-02, 14.4, 0.1,  4
3874, 79417,17012020,26102021 053947, 608, 28371.7, 21.745, 30.397,0.261790,359.7,219.109,1.42e+01, 17.0,64.8, - 
3875, 79418,08062008,26102021 015741,   1, 28429.2,  8.986,286.874,0.477317,359.8, 78.930,1.00e-02, 17.7, 0.1,  3
3876, 79500,18122009,26102021 114455, 157, 28480.5,  8.371,296.285,0.465449,359.6, 71.265,4.84e-01, 15.5, 4.2,428
3877, 79501,22052012,26102021 073612, 981, 28445.2,  9.006,312.239,0.475008,359.5, 36.839,9.86e-02, 15.7, 5.9, - 
3878, 79502,07092018,25102021 200629,  22, 28493.0, 21.873,325.851,0.356746,359.7,193.172,1.91e+00, 17.4, 2.8,534
3879, 79503,07092018,25102021 133930, 277, 28427.6, 21.410,311.187,0.473213,359.8,224.471,3.62e-01, 17.9,10.6, - 
3880, 79504,07092018,25102021 192646, 344, 28455.0, 21.167,310.415,0.490802,359.8,230.883,6.27e-02, 18.0,21.6,625
3881, 79505,08092018,25102021 224440, 999, 28432.2, 21.439,313.716,0.466315,359.8,219.631,6.32e-01, 16.7, -  , - 
3882, 79506,03102018,25102021 154950, 487, 28442.2, 21.821,314.839,0.504828,359.8,228.432,1.07e-01, 17.8, 4.4,913
3883, 79507,09122018,25102021 170815,   2, 27302.5,  5.667,210.371,0.547290,  1.0,  8.584,3.01e+01, 16.6, 0.7,151
3884, 79508,07042019,25102021 152111,   1, 28440.9, 11.114,195.425,0.460496,  0.6, 11.381,1.36e-01, 14.1, 0.1,  4
3885, 79509,06042019,26102021 084129, 225, 28451.8, 12.535,184.312,0.521496,  0.5, 22.791,7.65e-01, 17.2,25.1, - 
3886, 79511,01072019,25102021 163939,  27, 28511.5, 11.228,186.867,0.498519,  0.6, 37.158,5.84e+00, 17.5, 6.7, - 
3887, 79513,21082019,25102021 235039, 295, 28461.7, 10.148,190.855,0.623445,  0.7, 50.887,5.96e+00, 17.5,26.5, - 
3888, 79514,23082019,26102021 002656, 787, 28442.5, 21.021,317.539,0.455667,359.8,206.363,5.91e+00, 18.0, -  , - 
3889, 79515,27092019,25102021 184037, 626, 28437.7, 21.409,314.741,0.460609,359.8,216.386,7.66e-01, 16.4,85.4, - 
3890, 79517,18102019,26102021 074214, 330, 28442.4, 11.134,203.395,0.394174,  0.6,348.719,4.31e-01, 17.1, 3.2,677
3891, 79518,10122020,26102021 062725, 292, 28447.0, 12.639,225.257,0.496917,  0.4,344.011,1.31e+00, 17.4, 2.7,403
3892, 79519,20122020,25102021 224311,   1, 28426.8, 22.404,324.689,0.484759,359.7,214.001,1.53e-01, 13.0, 0.1,  3
3893, 79600,25082012,26102021 082438,   1, 28339.9, 22.133, 42.148,0.759547,359.8,176.955,4.83e-02, 14.2, 0.1,  3
3894, 79601,02092018,26102021 013825,   3, 28445.8, 21.798,322.480,0.456554,359.7,211.869,6.60e-02, 15.1, 0.1, 10
3895, 79602,17092018,25102021 224328, 398, 28518.3, 20.917,308.176,0.500087,359.8,232.324,2.25e-02, 15.7, 2.4, 66
3896, 79603,02102018,26102021 033014, 663, 28527.9, 27.162,298.366,0.719410,359.9,357.499,2.07e+00, 17.6,36.7, - 
3897, 79604,08042019,25102021 181812,   1, 28479.2, 11.287,189.764,0.467467,  0.6, 18.197,5.05e-02, 15.6, 0.1,  2
3898, 79605,06042019,26102021 105711,   2, 28473.6, 11.404,189.812,0.487033,  0.6, 19.871,1.52e+00, 16.2, 0.3, 59
3899, 79606,06042019,26102021 103528,   9, 28470.6, 11.336,188.999,0.465118,  0.6, 18.364,6.10e-02, 17.7, 0.1, 19
3900, 79607,06042019,26102021 034429,  17, 28336.8, 10.804,178.106,0.546575,  0.6, 44.752,4.83e+00, 17.2, 1.3,261
3901, 79608,15052019,25102021 222013, 369, 28405.2, 10.986,200.386,0.492360,  0.6, 15.207,2.94e-01, 17.1, 9.6, - 
3902, 79609,19102019,26102021 093853, 736, 28464.6, 10.756,202.129,0.531108,  0.6, 11.009,5.38e+00, 17.1, -  , - 
3903, 79610,15072020,26102021 074546, 405, 28450.3, 11.972,163.414,0.570313,  0.6, 65.417,3.98e+00, 17.3,41.1, - 
3904, 79612,01072012,25102021 144706,  60, 28374.7, 26.429,114.625,0.739710,  0.1,238.310,1.21e-02, 18.0, 0.1,  6
3905, 79614,10092021,25102021 222934,  14, 28476.2, 11.698,185.453,0.477889,  0.6, 20.664,8.02e-02, 17.8, 1.7,341
3906, 79700,15102012,26102021 025518,   3, 28260.7, 23.500, 37.889,0.759094,359.8,155.244,4.15e-02, 15.6, 0.7,  3
3907, 79701,03022017,25102021 181515, 756, 28490.0,  7.307,164.010,0.513478,  0.9,315.486,2.55e-01, 16.9,43.3, - 
3908, 79702,19092017,26102021 070516, 593, 28576.1, 23.246,335.052,0.732230,359.7, 75.387,3.08e-01, 13.6,14.7, - 
3909, 79703,03102018,25102021 133148,  10, 28442.1, 21.387,310.664,0.489713,359.8,229.706,5.49e-02, 17.8, 0.1, 12
3910, 79704,02102018,25102021 211110, 784, 28458.3, 20.798,308.655,0.482906,359.8,229.231,1.52e+00, 18.5, -  , - 
3911, 79705,02112018,25102021 143050, 797, 28470.8, 21.634,312.514,0.497585,359.8,225.015,7.63e-01, 18.0,30.5, - 
3912, 79706,09122018,26102021 072409, 325, 28471.5, 21.946,316.613,0.454794,359.8,216.668,2.52e-02, 17.5, 1.2,235
3913, 79707,25022019,25102021 193246, 616, 28504.6,  6.326,288.021,0.480010,359.7,100.097,3.81e-01, 17.7,23.1, - 
3914, 79708,11042019,25102021 181541, 370, 28529.7, 11.293,190.705,0.451925,  0.6, 14.129,6.97e-02, 17.3, 2.7,455
3915, 79709,06042019,26102021 063435, 738, 28507.6, 11.181,209.636,0.420148,  0.5,353.587,5.59e-01, 17.9,11.5, - 
3916, 79710,06042019,25102021 144200, 372, 28476.1, 10.766,192.850,0.576742,  0.6, 40.179,3.45e+00, 18.9,44.7, - 
3917, 79711,08052019,25102021 163605,  10, 28545.7, 10.944,195.957,0.491557,  0.6, 17.080,8.24e-01, 16.9, 2.6,548
3918, 79712,25072019,25102021 181051,  16, 28471.9, 21.025,306.275,0.507015,359.8,232.785,2.09e+00, 16.7, 5.5, - 
3919, 79713,30072019,26102021 000924,  26, 28377.2, 10.726,189.718,0.560589,  0.6, 26.861,9.59e-01, 17.2, 9.1,615
3920, 79714,31072019,26102021 105657, 369, 28494.5, 10.984,203.329,0.483475,  0.6,  8.908,1.20e-01, 18.1, 1.7,321
3921, 79716,14102020,25102021 154256, 372, 28495.7, 11.199,190.912,0.481190,  0.6, 18.745,1.41e+00, 19.0,22.3, - 
3922, 79717,24102020,25102021 191507, 282, 28504.4, 11.464,188.251,0.473527,  0.6, 18.006,1.44e-01, 16.4, 2.2, 63
3923, 79718,21112020,26102021 074747, 287, 28484.7, 11.133,189.355,0.487162,  0.6, 22.984,2.41e+00, 18.3,20.9, - 
3924, 79800,12092018,26102021 012225,   3, 28495.7, 20.545,305.936,0.509223,359.8,235.142,2.59e+00, 14.4, 0.9,194
3925, 79801,11092018,26102021 041349,  10, 28490.5, 21.427,314.877,0.480498,359.8,220.798,1.02e+00, 16.6, 1.0,224
3926, 79802,02102018,25102021 195642, 770, 28497.6, 21.603,322.350,0.429801,359.7,208.347,1.73e-01, 18.4, 3.4,681
3927, 79803,08042019,25102021 164201, 274, 28521.5, 11.112,192.332,0.465278,  0.6, 16.337,3.75e-02, 16.8, 2.8,619
3928, 79804,08042019,26102021 000513,   1, 28506.8, 11.176,192.687,0.465698,  0.6, 14.648,1.83e-02, 15.0, 0.1,  1
3929, 79805,09042019,26102021 033032, 426, 28509.4, 11.164,193.732,0.461444,  0.6, 12.736,5.06e-02, 17.8, 3.2,678
3930, 79806,09042019,25102021 213139, 369, 28584.2, 11.182,189.045,0.491966,  0.6, 24.195,5.34e-01, 18.0,18.0, - 
3931, 79807,06042019,26102021 013107, 296, 28529.0, 11.250,185.900,0.497316,  0.6, 27.545,1.28e+00, 18.1,33.7, - 
3932, 79808,06042019,25102021 144204,  25, 28522.3, 10.995,197.904,0.486060,  0.6, 14.396,1.11e-01, 18.2, 0.2, 31
3933, 79809,06042019,26102021 030240, 371, 28519.1, 11.021,201.164,0.458832,  0.6,  7.313,1.48e-02, 18.3, 1.0, 70
3934, 79810,26052019,26102021 075133,  39, 28474.9, 10.899,173.062,0.628033,  0.6, 55.045,7.71e+00, 17.7, 7.8, - 
3935, 79811,06072019,26102021 095314,   3, 28514.6, 12.335,176.114,0.484146,  0.6, 32.918,1.40e+00, 16.1, 0.5,112
3936, 79812,27062019,26102021 001728, 838, 28541.6, 20.702,312.237,0.469254,359.8,216.326,3.84e+00, 17.1, -  , - 
3937, 79813,06082019,26102021 102627,   1, 28447.0, 12.904,170.132,0.683115,  0.5, 63.447,5.54e+00, 16.4, 0.6,136
3938, 79814,23092019,26102021 050308,   2, 28515.2, 11.029,190.023,0.516491,  0.6, 28.573,8.21e-02, 17.3, 0.1, 11
3939, 79815,25092019,25102021 191601, 398, 28521.3, 11.151,183.303,0.504236,  0.6, 30.415,3.22e-01, 18.1, 1.5,245
3940, 79816,02102019,25102021 214356, 729, 28318.5, 19.194,313.402,0.350332,359.8,193.418,1.94e+01, 14.7, -  , - 
3941, 79817,05102019,25102021 223709, 264, 28536.7, 10.776,189.786,0.441210,  0.6, 20.557,6.72e-01, 18.2, 2.4,473
3942, 79818,26102019,26102021 045258,  46, 28494.6, 11.281,197.765,0.481733,  0.6,  8.434,1.72e+00, 16.0,14.4, - 
3943, 79819,16102020,26102021 092904, 260, 28506.6, 12.531,175.479,0.500391,  0.5, 32.306,2.01e+00, 16.9, -  , - 
3944, 79820,13102020,25102021 212100, 367, 28481.4, 11.144,194.872,0.486897,  0.6,  8.915,8.19e+00, 19.0, -  , - 
3945, 79900,23012010,25102021 203437,   1, 28632.9,  8.050,276.725,0.468261,359.9,100.680,1.91e+00, 15.6, 0.1,  6
3946, 79901,10092016,26102021 003552, 866, 28531.1, 21.942, 72.917,0.755968,359.9,117.587,4.46e-02, 16.6,17.2,481
3947, 79902,11092018,25102021 183334,  16, 28536.0, 21.473,315.171,0.468749,359.8,220.153,1.15e-02, 18.1, 0.1,  3
3948, 79903,08092018,25102021 130913,   3, 28494.5, 21.457,314.833,0.470449,359.8,221.087,2.12e-01, 16.7, 0.1, 22
3949, 79904,11092018,26102021 043154, 871, 28554.0, 21.373,314.164,0.474592,359.8,214.919,1.98e-01, 16.7,16.0,341
3950, 79905,12092018,25102021 185100,   5, 28547.8, 20.908,286.489,0.542595,359.9,264.780,1.62e+00, 17.3, 0.3, 68
3951, 79906,08092018,26102021 012906,   3, 28523.3, 21.585,304.819,0.460664,359.8,227.557,4.90e-02, 17.9, 0.1,  8
3952, 79907,09042019,25102021 211553,  13, 28568.7, 11.302,189.595,0.480150,  0.6, 18.990,3.39e-02, 17.9, 0.1, 22
3953, 79908,09042019,26102021 034547,  10, 28544.1, 11.283,190.191,0.467855,  0.6, 17.114,3.76e-02, 16.7, 0.1, 10
3954, 79909,09042019,25102021 232857,   2, 28551.7, 11.407,188.219,0.469627,  0.6, 19.091,4.08e-02, 15.5, 0.1,  3
3955, 79910,09042019,26102021 032257, 419, 28493.7, 10.250,177.947,0.557520,  0.7, 31.153,1.96e+00, 14.9,80.2, - 
3956, 79911,06042019,25102021 233754,   1, 28521.3, 11.072,195.543,0.473315,  0.6, 12.961,4.50e-01, 16.8, 0.1, 19
3957, 79912,06042019,26102021 093722, 374, 28527.9, 11.199,189.049,0.509407,  0.6, 22.708,2.38e+00, 16.9,79.3, - 
3958, 79913,29052019,26102021 001646, 397, 28538.9, 10.939,211.733,0.428373,  0.5,347.144,1.12e-01, 17.1, 4.5,981
3959, 79914,23082019,26102021 064528, 374, 28541.8, 11.420,182.243,0.577881,  0.6, 40.706,4.36e+00, 18.3,53.2, - 
3960, 79915,25082019,26102021 095042, 784, 28539.1, 10.637,169.777,0.606635,  0.6, 68.416,6.24e+00, 17.4,94.1, - 
3961, 79916,27092019,26102021 031748, 312, 28523.4, 13.625,161.723,0.498850,  0.5, 47.737,8.17e+00, 16.8,81.5, - 
3962, 79917,27112019,25102021 211058, 663, 28481.0, 10.750,185.480,0.576001,  0.6, 37.874,5.22e+00, 18.4,41.7, - 
3963, 80000,12092018,25102021 200057,   7, 28402.0, 21.203,306.872,0.475632,359.8,228.594,1.23e+00, 17.1, 1.2,241
3964, 80001,07102018,25102021 225941,1103, 28555.9, 21.860,321.224,0.479123,359.8,215.362,1.13e-01, 18.3,11.0, - 
3965, 80002,11042019,25102021 142340, 160, 28567.6, 11.410,187.486,0.516558,  0.6, 22.206,1.31e+00, 17.7, 7.2, - 
3966, 80003,09042019,25102021 133016, 368, 28565.2, 11.177,194.366,0.463912,  0.6, 11.852,1.57e-01, 17.9,23.6, - 
3967, 80004,06042019,25102021 142213,  10, 28574.0, 11.114,189.665,0.481524,  0.6, 20.449,8.74e-01, 18.2, 0.2, 33
3968, 80005,06062019,26102021 073342,   1, 28555.0, 12.096,178.260,0.505564,  0.6, 42.228,1.08e+00, 15.4, 0.3, 61
3969, 80006,26082019,26102021 021300, 281, 28570.6, 10.837,190.121,0.526417,  0.6, 30.678,1.31e+00, 17.1,33.9, - 
3970, 80007,25092019,26102021 013455, 373, 28516.1, 11.075,194.049,0.494302,  0.6, 15.001,1.56e+00, 17.9,16.2, - 
3971, 80008,02102019,26102021 045550, 729, 28561.3, 11.555,202.803,0.350602,  0.6,354.238,3.71e+00, 18.1, -  , - 
3972, 80009,02102019,26102021 111931, 324, 28669.9, 11.231,168.375,0.557222,  0.6, 49.171,8.51e+00, 18.3, -  , - 
3973, 80010,28072020,25102021 181914, 423, 28529.7, 20.704,323.713,0.244676,359.7,246.243,1.50e+01, 14.3, -  , - 
3974, 80011,13102020,25102021 182421,  21, 28550.8, 11.343,190.010,0.462144,  0.6, 15.657,6.06e-01, 18.7, 0.3, 59
3975, 80012,21102020,26102021 055810,  99, 28569.1, 10.958,200.259,0.481529,  0.6, 10.679,8.96e-03, 19.0, 0.1,  9
3976, 80013,12052021,26102021 004331,  47, 28579.7,  7.859,172.052,0.509105,  0.9,290.886,8.42e-01, 18.2, 1.1,219
3977, 80100,16042016,25102021 171713,   9, 28585.1, 11.123,273.006,0.413249,360.0,154.761,1.42e-02, 19.1, 0.1,  3
3978, 80101,07092018,26102021 002603,1134, 28557.9, 21.420,318.167,0.445219,359.8,209.697,2.51e+00, 19.0, -  , - 
3979, 80102,09042019,26102021 071902, 376, 28583.9, 10.838,182.618,0.447993,  0.6, 30.512,8.18e-02, 17.2, 3.4,368
3980, 80103,25042019,26102021 045544, 266, 28252.8, 11.545,151.811,0.625888,  0.5,103.299,4.51e+00, 15.0, -  , - 
3981, 80104,06042019,26102021 023121,   3, 28634.9, 11.536,184.925,0.483250,  0.6, 22.362,2.36e+00, 15.2, 1.3,293
3982, 80105,06042019,25102021 174920, 842, 28575.4, 12.184,207.181,0.378207,  0.5,356.040,1.35e+00, 18.1,73.0, - 
3983, 80106,03062019,26102021 091711, 301, 28576.3, 11.331,190.039,0.501228,  0.6, 21.879,2.01e+00, 17.5,12.1, - 
3984, 80107,09082019,25102021 140557, 370, 28694.7, 11.707,191.643,0.462040,  0.6, 16.471,1.57e+00, 17.3,43.2, - 
3985, 80108,28082019,25102021 162405, 731, 28596.9, 10.923,187.220,0.568212,  0.6, 41.722,2.92e+00, 18.0,19.7, - 
3986, 80109,02112019,26102021 031520, 700, 28553.9, 11.047,192.405,0.590626,  0.6, 34.091,5.47e+00, 17.5,61.9, - 
3987, 80111,13102020,26102021 014920,  20, 28598.4, 11.243,193.070,0.458187,  0.6, 11.337,7.50e-02, 17.6, 0.1, 23
3988, 80112,13102020,26102021 001810,  25, 28596.1, 11.132,197.360,0.457375,  0.6,  8.811,1.60e+00, 18.4, 3.4,760
3989, 80200,02012015,26102021 052612,   2, 28689.1, 25.310,303.715,0.720178,359.8, 14.821,7.81e-02, 13.0, 0.1,  8
3990, 80201,07092018,26102021 020629,  46, 28614.3, 21.647,318.051,0.484957,359.8,219.234,1.25e-01, 14.8, 0.5,112
3991, 80202,07092018,25102021 212807,1057, 28557.2, 21.119,319.336,0.472080,359.8,209.984,3.84e+00, 17.9, -  , - 
3992, 80203,03092018,25102021 202212,1140, 28582.9, 21.146,312.479,0.508577,359.8,225.032,1.45e+00, 19.0, -  , - 
3993, 80204,11092018,25102021 153939,1088, 28570.6, 21.257,313.437,0.477484,359.8,218.662,5.69e-01, 18.6,33.8, - 
3994, 80205,25092018,25102021 225016, 338, 28634.7, 21.399,308.775,0.438378,359.8,223.443,2.98e+00, 16.7,25.3, - 
3995, 80206,07092018,26102021 053823, 617, 28545.3, 21.643,314.439,0.467374,359.8,216.772,1.97e-01, 16.5,21.4, - 
3996, 80207,07042019,25102021 233802,   0, 28620.0, 11.178,193.039,0.467937,  0.6, 13.508,1.79e-02, 13.7, 0.1,  1
3997, 80208,11042019,26102021 085738, 425, 28636.4, 11.128,189.360,0.496658,  0.6, 17.215,9.74e-03, 17.8, 3.9,139
3998, 80209,03062019,25102021 173011, 532, 28624.0, 11.000,190.748,0.474652,  0.6, 14.762,6.41e-01, 17.9,18.8, - 
3999, 80210,19072019,26102021 002233, 328, 28624.4, 12.636,176.055,0.476037,  0.5, 44.123,4.75e+00, 15.5, -  , - 
4000, 80211,02082019,26102021 015220,   2, 28621.7, 11.242,192.123,0.464125,  0.6, 13.396,1.37e-02, 16.7, 0.1,  1
4001, 80212,02082019,25102021 225811,   2, 28714.0, 13.353,171.124,0.458644,  0.5, 37.768,6.48e+00, 16.5, 0.9,207
4002, 80213,26012020,26102021 033007, 600, 28691.4, 69.287,293.218,0.371759,360.0, 18.240,1.05e+01, 17.2,28.4, - 
4003, 80215,16122020,25102021 230851, 290, 28635.1,  2.088, 83.508,0.394068,359.6,225.558,3.64e+00, 17.7,34.4, - 
4004, 80300,16012016,25102021 164544,   1, 28624.8, 11.132,273.194,0.415311,360.0,154.351,9.55e-03, 15.7, 0.1,  1
4005, 80301,27122016,25102021 162330,   4, 28660.1, 71.692,168.949,0.569994,  0.1,355.733,1.95e+00, 15.6, 0.1,  8
4006, 80302,03092018,25102021 184331,   1, 28637.1, 21.537,316.672,0.479925,359.8,219.357,2.77e-02, 16.6, 0.1,  1
4007, 80303,03092018,26102021 011116,1116, 28587.7, 21.251,323.906,0.441979,359.7,202.557,5.96e+00, 17.2, -  , - 
4008, 80304,17102018,26102021 080138,  45, 28663.0, 11.003,199.556,0.465490,  0.6,  6.204,2.76e-01, 16.6, 1.5,328
4009, 80306,02082019,26102021 013358, 372, 28658.0, 11.469,194.001,0.515687,  0.6, 15.911,3.74e+00, 18.9,64.2, - 
4010, 80307,19102019,25102021 184152, 261, 28629.7, 11.688,237.207,0.529498,  0.3,315.441,9.44e+00, 16.4,82.4, - 
4011, 80308,13102020,25102021 200418, 310, 28454.1, 21.072,312.402,0.438187,359.8,192.458,7.35e+00, 15.7, -  , - 
4012, 80309,19102020,25102021 140510, 336, 28635.2, 11.089,193.855,0.480949,  0.6, 15.880,1.29e-01, 18.0, 2.3,407
4013, 80400,16102012,25102021 224626,  74, 28432.0,  5.801,156.069,0.517158,  1.1,328.884,2.78e+00, 16.4,20.1, - 
4014, 80401,14082018,26102021 003026, 204, 28656.1,  5.434,195.341,0.719637,  1.2,188.195,7.72e-02, 17.6, 1.1,138
4015, 80402,02092018,25102021 200930,  45, 28628.2, 20.684,314.068,0.510216,359.8,228.744,6.79e+00, 16.9, 6.6, - 
4016, 80403,06092018,26102021 065855,1145, 28640.8, 21.524,318.307,0.448164,359.8,211.581,4.49e-01, 19.0, -  , - 
4017, 80404,07042019,25102021 195520,   1, 28659.7, 11.142,197.671,0.444795,  0.6,  2.859,1.81e-01, 13.6, 0.1,  8
4018, 80405,11042019,26102021 034333,   1, 28656.6, 11.235,192.038,0.467830,  0.6, 13.759,7.17e-02, 13.9, 0.1,  3
4019, 80406,09042019,25102021 221851, 370, 28647.8, 11.184,194.193,0.481776,  0.6, 13.227,8.25e-01, 18.6,20.0, - 
4020, 80407,06042019,26102021 024825,  20, 28668.0, 11.177,193.454,0.473585,  0.6, 13.874,3.74e-01, 17.7, 0.4, 86
4021, 80409,24082019,25102021 191632, 734, 28700.2, 13.015,201.666,0.599275,  0.5, 11.375,2.06e+00, 17.6,46.8, - 
4022, 80410,21092019,25102021 192721,  15, 28660.5, 11.304,190.368,0.494515,  0.6, 19.571,5.38e-01, 17.3, 1.1,245
4023, 80411,21112019,25102021 225002, 315, 28652.3, 11.285,191.282,0.464269,  0.6, 13.594,2.78e-01, 17.3, 4.7, - 
4024, 80413,13102021,26102021 000025,   9, 28647.8, 22.036,290.583,0.630524,359.9,254.134,5.85e+00, 18.2, 0.3, 73
4025, 80500,02092018,25102021 191121,   2, 28675.5, 21.133,302.263,0.511837,359.8,239.384,8.42e-02, 15.7, 0.1,  8
4026, 80501,03092018,25102021 192340,1056, 28618.9, 21.083,320.230,0.474448,359.7,206.930,4.22e+00, 18.1,36.6, - 
4027, 80502,03092018,26102021 063133, 289, 28697.0, 21.541,315.224,0.502880,359.8,223.285,3.89e-01, 17.5, 5.8, - 
4028, 80503,11112018,26102021 043217,  12, 28663.0, 21.385,312.302,0.476406,359.8,222.480,1.21e-02, 18.2, 0.1,  1
4029, 80504,09042019,25102021 195541,   3, 28627.5, 11.229,191.969,0.466362,  0.6, 14.104,7.84e-02, 15.1, 0.1, 18
4030, 80505,09042019,26102021 094847,   1, 28685.6, 11.234,192.515,0.466045,  0.6, 12.668,6.83e-02, 17.0, 0.1,  5
4031, 80506,29042019,26102021 023146,   3, 28635.5, 11.533,184.953,0.482750,  0.6, 22.351,1.73e+00, 16.9, 0.6,122
4032, 80507,01052019,25102021 233609, 292, 28684.5, 11.644,222.335,0.486230,  0.4,345.686,1.35e+00, 16.5,30.2, - 
4033, 80508,06042019,26102021 014805, 846, 28677.3, 11.262,193.175,0.474408,  0.6, 14.187,5.92e-01, 18.7, 3.0,668
4034, 80509,01122019,25102021 154143, 200, 28692.5, 11.294,192.514,0.468207,  0.6, 12.833,2.08e-01, 16.2, 6.0, - 
4035, 80510,14122020,25102021 231032, 290, 28665.7,  9.588,160.181,0.686000,  0.7,113.944,8.01e+00, 14.8,63.3, - 
4036, 80600,03092018,26102021 002003,   1, 28708.7, 21.073,315.028,0.482937,359.8,217.307,2.78e+00, 17.1, 0.5, 98
4037, 80601,06092018,26102021 021056,1093, 28686.7, 21.412,313.586,0.468872,359.8,219.029,3.09e-01, 18.0, 8.7, - 
4038, 80602,03092018,25102021 181123,   3, 28717.5, 20.933,311.788,0.438221,359.8,225.056,1.41e+00, 16.6, 0.8,155
4039, 80603,03092018,26102021 000738,  13, 28694.8, 21.637,319.525,0.478183,359.8,215.121,8.16e-02, 15.3, 0.3, 55
4040, 80604,07042019,26102021 094921,   1, 28719.9, 11.223,192.748,0.467002,  0.6, 12.289,6.13e-02, 14.6, 0.1,  1
4041, 80605,09042019,25102021 232706,  12, 28680.1, 11.542,187.101,0.482125,  0.6, 19.162,3.55e-01, 15.9, 0.9,192
4042, 80606,07042019,26102021 092630,   2, 28719.2, 11.040,196.272,0.458323,  0.6,  7.920,6.99e-02, 17.4, 0.2, 11
4043, 80607,12042019,26102021 111339,   9, 28693.4, 11.389,187.250,0.483197,  0.6, 21.242,4.93e-01, 17.1, 0.3, 65
4044, 80608,06042019,26102021 041114, 789, 28712.3, 12.373,190.038,0.464647,  0.5,358.291,2.52e+00, 16.5, -  , - 
4045, 80609,27062019,26102021 031652,   6, 28702.9, 11.024,202.236,0.441522,  0.6,357.240,1.08e-01, 16.4, 0.1, 19
4046, 80610,25072019,26102021 074155,   1, 28843.9, 20.662,312.198,0.469862,359.8,226.207,5.82e+00, 16.1, 0.9,192
4047, 80611,25072019,26102021 095308, 369, 28721.8, 11.593,160.919,0.579236,  0.6, 71.678,5.15e-02, 17.7, 5.9, - 
4048, 80612,23092019,26102021 012710,  17, 28701.4, 11.261,192.615,0.465718,  0.6, 12.410,5.67e+00, 18.1, 1.2,216
4049, 80613,18112019,26102021 021458,  41, 28704.7, 10.987,190.653,0.555812,  0.6, 19.644,9.44e-01, 17.9,88.8,143
4050, 80700,27102016,26102021 000440, 664, 27865.7,  8.510,100.190,0.352864,  0.1,128.004,3.10e+01, 16.4, -  , - 
4051, 80701,18102018,26102021 001936,  13, 28734.5, 10.975,199.545,0.475269,  0.6,  7.784,1.13e-01, 17.8, 0.4, 83
4052, 80702,30082018,25102021 222233, 974, 28710.3, 21.604,324.999,0.420570,359.7,200.206,1.72e-01, 16.4,19.8, - 
4053, 80703,27062019,26102021 025029,  39, 28802.6, 10.702,179.035,0.633234,  0.6, 60.899,3.42e+00, 17.3,13.7, - 
4054, 80705,29092019,26102021 024705, 734, 28732.5, 10.818,192.406,0.504612,  0.6, 19.389,1.38e+00, 18.3,29.9, - 
4055, 80706,16102020,25102021 160744, 369, 28737.8, 11.418,182.010,0.510015,  0.6, 32.728,5.58e-01, 18.8,61.8, - 
4056, 80800,06092018,26102021 012204,   4, 28666.6, 21.358,307.297,0.488094,359.8,224.813,1.86e+00, 14.9, 0.6,142
4057, 80801,06092018,25102021 200820,1101, 28720.1, 21.067,315.789,0.483141,359.8,213.784,2.78e+00, 17.8,37.1, - 
4058, 80802,10092018,25102021 231458,1141, 28707.5, 21.114,318.367,0.492815,359.8,212.230,3.14e+00, 19.0, -  , - 
4059, 80803,06042019,26102021 095439, 310, 28723.8, 11.455,189.200,0.477692,  0.6, 15.733,1.80e+00, 17.0,21.1, - 
4060, 80804,12082019,25102021 233643, 353, 28748.6,  9.761,192.637,0.529981,  0.7, 25.642,5.25e+00, 17.2,85.8, - 
4061, 80900,23062012,25102021 224910,   3, 28773.0, 26.619, 27.037,0.702219,359.8,228.227,2.38e-02, 16.1, 0.1,  2
4062, 80901,03092018,26102021 011324,   1, 28784.3, 21.201,306.859,0.500481,359.8,231.315,1.23e-01, 16.5, 0.1,  3
4063, 80902,06092018,25102021 175527,1140, 28824.5, 21.218,307.459,0.515173,359.8,236.312,1.14e-01, 19.2,86.4,148
4064, 80903,10092018,25102021 194704, 356, 28824.3, 20.789,313.418,0.470705,359.8,218.643,6.71e+00, 16.1, -  , - 
4065, 80904,09112018,25102021 192557,1067, 28652.8, 20.830,311.308,0.518031,359.8,219.090,5.41e+00, 17.5,76.2, - 
4066, 80905,08042019,26102021 101603,   1, 28791.1, 11.131,195.560,0.465118,  0.6,  8.372,9.59e-02, 15.8, 0.1,  6
4067, 80906,06042019,25102021 133509,  17, 28791.8, 10.968,197.974,0.478479,  0.6, 14.722,1.63e+00, 16.5, 2.4,474
4068, 80907,06042019,25102021 141108,   4, 28751.2, 10.962,199.380,0.494850,  0.6, 10.320,3.15e-01, 17.5, 0.2, 27
4069, 80909,24042019,26102021 064253, 791, 28793.4, 11.225,203.806,0.416342,  0.6,355.766,2.32e+00, 17.5,89.6, - 
4070, 80910,14052019,26102021 103319, 410, 28779.5, 11.342,193.102,0.484430,  0.6, 15.137,4.39e+00, 17.3, -  , - 
4071, 80911,03072019,25102021 150043,   2, 28802.2, 10.974,197.632,0.497954,  0.6, 14.539,1.61e+00, 16.0, 0.2, 53
4072, 80912,29092019,26102021 003656,  13, 28792.9, 11.279,191.617,0.469479,  0.6, 13.109,1.61e-01, 17.5, 0.1, 24
4073, 81000,16012016,26102021 063959,   1, 28785.8, 11.031,273.673,0.416779,360.0,151.150,5.35e-03, 16.8, 0.1,  1
4074, 81001,02092018,26102021 023147,  90, 28782.2, 21.517,317.896,0.466619,359.8,213.893,6.02e-03, 19.1, 0.1,  5
4075, 81002,07092018,26102021 000134, 329, 28662.5, 20.701,314.684,0.514150,359.8,213.945,4.44e+00, 16.3, -  , - 
4076, 81003,11092018,25102021 223058,1104, 28741.5, 21.117,314.475,0.461515,359.8,207.883,4.90e+00, 18.0,24.5, - 
4077, 81004,28082019,25102021 221241, 674, 28834.3, 13.357,163.891,0.565335,  0.5, 44.986,7.03e+00, 17.2, -  , - 
4078, 81005,12072020,26102021 031328, 395, 26442.6, 14.383,141.481,0.538839,  0.4,104.888,9.69e+00, 16.2, -  , - 
4079, 81100,09032018,25102021 195200,1325, 28824.1,  6.458,128.092,0.520681,  0.7, 22.381,3.15e+00, 18.6,38.3, - 
4080, 81101,02092018,25102021 190827, 344, 28860.7, 21.601,319.019,0.488000,359.8,215.304,1.49e-01, 17.6, 2.1,407
4081, 81102,07042019,25102021 140008,   2, 28818.6, 11.117,195.504,0.469385,  0.6,  9.074,1.07e-02, 15.5, 0.1,  1
4082, 81103,12042019,25102021 180534,   1, 28832.8, 11.304,191.142,0.474068,  0.6, 13.207,4.41e-02, 16.4, 0.1,  4
4083, 81104,06042019,25102021 181748, 340, 28833.6, 11.489,187.564,0.474142,  0.6, 17.434,5.95e-02, 17.3, 2.6,532
4084, 81107,27082021,25102021 202515,  19, 28821.0, 11.126,192.332,0.563570,  0.6, 30.010,1.55e+00, 17.6, 0.7,118
4085, 81200,22122009,26102021 012941,   1, 28838.4,  7.892,112.215,0.455470,  0.3,145.564,2.76e-01, 15.5, 0.1,  7
4086, 81201,02092018,26102021 065157,   1, 28850.6, 21.746,323.024,0.470597,359.7,208.676,1.87e-02, 16.7, 0.1,  4
4087, 81202,11092018,25102021 193018, 758, 28764.5, 21.256,324.970,0.480186,359.7,203.062,4.12e+00, 16.5,50.3, - 
4088, 81203,08102018,25102021 184232,  10, 28833.0, 21.398,313.228,0.477681,359.8,219.403,2.96e-02, 17.8, 0.1,  7
4089, 81204,09042019,26102021 101848,   1, 28848.0, 11.258,192.441,0.469302,  0.6, 11.564,8.84e-02, 15.9, 0.1,  3
4090, 81205,12042019,25102021 160514,  14, 28854.5, 11.047,195.808,0.478917,  0.6, 10.387,3.09e-01, 18.4, 0.2, 33
4091, 81206,06042019,25102021 160007, 352, 28840.6, 11.008,194.329,0.460776,  0.6,  9.321,2.48e-01, 15.7,10.7, - 
4092, 81207,06042019,25102021 224818,   1, 28863.9, 10.934,205.500,0.450560,  0.6,354.432,8.61e-01, 15.5, 0.2, 41
4093, 81208,30062019,25102021 220018, 761, 28881.5,  9.929,221.667,0.376391,  0.5,337.951,4.02e+00, 15.2, -  , - 
4094, 81210,30082019,26102021 024621,   1, 28835.1, 11.275,192.257,0.467768,  0.6, 11.678,2.79e-01, 14.6, 0.1,  4
4095, 81211,21092019,26102021 065316,   1, 28852.7, 11.185,193.524,0.472296,  0.6, 11.608,9.26e-02, 16.1, 0.1,  9
4096, 81212,28092019,26102021 021214,  85, 28852.0, 11.154,195.472,0.472096,  0.6,  9.035,2.83e-02, 17.7, 0.1, 23
4097, 81214,06122019,25102021 204918, 667, 28798.0,  4.695, 86.373,0.383748,359.9,136.325,1.41e+01, 16.8, -  , - 
4098, 81215,27012020,25102021 194440,  15, 28619.2,  3.791,356.839,0.281336,358.2,198.403,1.63e+01, 18.1, 1.3,259
4099, 81216,02102021,26102021 060124,   9, 28821.7,  3.145,136.245,0.308839,  1.6,109.498,1.72e+01, 16.7, 0.8,158
4100, 81300,31012016,26102021 020537,   5, 28865.1, 11.372,279.961,0.415241,359.9,142.394,2.15e-02, 16.9, 0.1,  2
4101, 81301,02092018,25102021 224645,   1, 28855.3, 21.379,316.236,0.472787,359.8,215.334,5.89e-01, 13.7, 0.1, 21
4102, 81302,02092018,25102021 234914,  28, 28864.9, 21.482,317.100,0.474444,359.8,214.703,5.33e-02, 16.6, 0.2, 27
4103, 81303,14092018,26102021 022535, 347, 28863.7, 21.746,326.072,0.428818,359.7,199.317,8.97e-02, 17.4, 5.9, - 
4104, 81305,06122018,26102021 043147, 368, 28856.6, 21.755,326.376,0.417064,359.7,197.796,1.95e-01, 16.2, 2.9,583
4105, 81306,09042019,25102021 173753,  28, 28890.8, 11.118,190.173,0.500860,  0.6, 21.372,9.82e-02, 17.4, 0.5,105
4106, 81307,06042019,25102021 232907, 792, 28884.3, 11.141,201.001,0.468345,  0.6,  3.936,7.32e-01, 17.6, 5.0, - 
4107, 81309,25072019,26102021 020229,   3, 28890.1, 10.957,204.178,0.447443,  0.6,354.595,2.42e-01, 16.2, 0.1, 21
4108, 81310,25092019,25102021 223202, 753, 28882.3, 11.198,190.294,0.490753,  0.6, 15.006,4.93e+00, 17.7,55.9, - 
4109, 81311,14072020,25102021 184249, 375, 28887.5, 10.593,209.082,0.430785,  0.6,348.976,4.64e+00, 16.7, -  , - 
4110, 81312,13122020,25102021 173410,   2, 28877.6, 11.256,192.846,0.469911,  0.6, 10.875,1.02e-01, 15.8, 0.1,  8
4111, 81400,09092018,25102021 203601,  10, 28890.3, 21.778,322.831,0.480522,359.7,210.030,3.82e-02, 18.0, 0.1,  6
4112, 81401,10092018,25102021 224535, 795, 28882.6, 20.633,317.153,0.473445,359.8,220.843,1.39e-01, 18.0, 9.2, - 
4113, 81402,24012019,25102021 234910,   3, 28864.8, 21.479,317.096,0.474652,359.8,214.712,1.56e-01, 16.7, 0.1, 19
4114, 81403,27042019,25102021 162221,  83, 28910.0, 10.682,209.302,0.439723,  0.6,352.809,1.96e+00, 16.6,19.1, - 
4115, 81404,03072019,26102021 013131,   2, 28897.4, 11.099,199.763,0.445574,  0.6,358.374,1.33e-01, 15.2, 0.1,  6
4116, 81405,25072019,26102021 000905,   2, 28892.0, 11.046,200.790,0.452452,  0.6,359.500,3.14e-01, 17.0, 0.1, 15
4117, 81406,06042019,26102021 075036, 353, 29084.8, 11.441,196.039,0.491956,  0.6,  1.192,7.27e+00, 19.1,43.7, - 
4118, 81407,03102019,25102021 234118, 734, 28949.7, 10.475,205.886,0.505987,  0.6,348.407,7.82e+00, 16.5, -  , - 
4119, 81408,18102019,25102021 190711,   2, 28882.0, 21.350,310.027,0.480987,359.8,222.308,2.14e-01, 16.2, 0.1,  5
4120, 81500,30012016,26102021 031044,   1, 28921.6, 11.392,281.100,0.415690,359.9,140.051,1.07e-02, 17.5, 0.1,  1
4121, 81501,16082010,26102021 023044, 571, 28907.9, 25.200,127.002,0.747521,  0.2,245.102,7.25e-02, 17.6,13.4, - 
4122, 81502,02092018,25102021 200000,   1, 28909.1, 21.742,325.016,0.454788,359.7,203.655,4.14e-02, 17.2, 0.1,  2
4123, 81503,18022018,26102021 014953,  15, 28905.7, 11.519,283.618,0.409772,359.9,136.091,3.01e-02, 17.7, 0.1,  3
4124, 81504,03072019,26102021 015625, 430, 28930.7, 10.684,186.456,0.600434,  0.6, 43.790,1.20e-01, 16.9, 1.7, 81
4125, 81600,18012012,26102021 042846,   1, 28948.4, 20.584,254.016,0.565351,  0.1,269.423,9.90e-03, 12.0, 0.1,  1
4126, 81601,21112016,26102021 095550, 723, 29051.1,  4.661,287.199,0.344175,359.6,123.295,4.88e+00, 13.6, -  , - 
4127, 81602,22102017,26102021 031356,1307, 28976.4,  4.335,  4.836,0.299866,358.4,190.842,1.53e+01, 18.8, -  , - 
4128, 81603,08102018,25102021 200111,1023, 28891.0, 21.350,321.333,0.492216,359.7,208.665,2.08e+00, 17.6, -  , - 
4129, 81604,13052019,26102021 090722, 870, 28942.9,  9.424,156.226,0.612433,  0.7, 76.468,6.57e-01, 17.2,59.6, - 
4130, 81605,01072019,25102021 152301, 318, 28959.6, 11.446,180.904,0.518384,  0.6, 33.889,1.38e+00, 16.2, -  , - 
4131, 81606,26072019,25102021 223312, 424, 28903.1, 10.789,186.150,0.490620,  0.6, 21.169,6.81e-02, 16.8, 7.5,620
4132, 81607,25082019,26102021 051219, 701, 28942.9, 21.667,324.841,0.432702,359.7,200.232,6.05e-02, 17.8, 1.3,285
4133, 81608,21062021,26102021 051916,  75, 28866.0, 27.299, 78.372,0.717337,359.9,114.249,4.22e+00, 17.1, 5.4, - 
4134, 81700,23122009,25102021 221432,   2, 28944.3,  7.383,154.091,0.446894,  0.8, 68.753,2.18e-01, 14.2, 0.1, 15
4135, 81702,02092018,25102021 234745,   2, 28949.3, 21.669,321.958,0.480338,359.7,210.059,1.12e-01, 16.6, 0.1, 10
4136, 81704,09042019,25102021 223221, 264, 28984.1, 11.975,189.996,0.475845,  0.6, 17.653,7.49e-02, 17.0, 9.5,324
4137, 81705,25042019,25102021 173321, 377, 28961.8, 10.783,196.309,0.502701,  0.6,356.577,1.67e-01, 17.2, 5.7,864
4138, 81706,29052019,26102021 011330,  23, 29050.1, 11.199,196.735,0.455285,  0.6,  1.698,4.29e-02, 18.4, 0.1, 19
4139, 81707,30062019,26102021 102831, 375, 28952.3, 11.307,194.625,0.523858,  0.6, 10.998,2.33e-01, 16.2,11.8,508
4140, 81708,25072019,26102021 015332, 369, 28897.3, 19.757,310.214,0.539211,359.8,217.069,2.66e+00, 17.3, 4.7,979
4141, 81709,26082019,26102021 064836,   1, 28961.3, 11.288,193.364,0.465883,  0.6,  8.714,1.43e-01, 17.7, 0.1,  1
4142, 81710,21102019,25102021 124332,   3, 28937.6, 10.915,214.349,0.477102,  0.5,348.075,1.61e+00, 16.6, 0.9,207
4143, 81711,21102020,26102021 111134,  30, 28965.1, 11.221,193.901,0.470652,  0.6,  9.007,1.64e-02, 15.4, 0.1, 19
4144, 81712,14122020,25102021 162023,   8, 28968.3, 11.042,203.622,0.435181,  0.6,351.003,1.99e-01, 15.6, 0.2, 38
4145, 81713,04092021,25102021 171446,  30, 28962.3, 21.322,307.452,0.550065,359.8,221.845,5.89e+00, 16.7, 4.0,841
4146, 81800,11082016,26102021 030517, 734, 29221.4, 12.362,187.199,0.374435,  0.6, 20.864,7.69e+00, 17.2, -  , - 
4147, 81801,28042019,26102021 002907, 680, 28978.4, 12.730,170.018,0.540308,  0.5, 41.726,2.34e+00, 17.6,45.6, - 
4148, 81802,30062019,25102021 133256, 374, 29082.1, 11.197,192.835,0.482107,  0.6, 12.661,2.82e-01, 16.6, 4.0,698
4149, 81803,20072019,26102021 004857, 247, 29007.4, 11.545,197.274,0.549557,  0.6, 22.006,2.20e+00, 17.0,37.6, - 
4150, 81804,29072019,25102021 235749,   1, 29047.8, 11.128,201.015,0.482350,  0.6,359.161,3.45e+00, 14.5, 0.4, 92
4151, 81805,30092019,26102021 104242, 692, 28998.3, 11.045,204.443,0.457568,  0.6,354.102,5.62e-01, 18.3,18.4, - 
4152, 81900,23012017,26102021 003107,   1, 29000.7, 10.985,281.067,0.413623,359.9,137.251,1.33e-02, 17.1, 0.1,  1
4153, 81901,02092018,25102021 234952,   1, 28995.6, 21.914,327.050,0.466223,359.7,202.171,5.62e-02, 16.3, 0.1,  3
4154, 81902,10092018,25102021 225552,1133, 28998.2, 21.638,323.290,0.481148,359.7,207.039,6.72e-01, 19.0,28.3, - 
4155, 81903,14092018,26102021 042323, 767, 28651.5, 18.155,319.917,0.378770,359.7,186.756,8.57e+00, 17.5, -  , - 
4156, 81904,05102018,25102021 225854, 367, 28984.3, 21.908,327.417,0.465732,359.7,201.674,3.43e-01, 16.7, 0.9,126
4157, 81905,06042019,26102021 022425,   1, 29029.1, 11.109,196.947,0.477445,  0.6,  6.096,8.33e-01, 16.7, 0.1, 20
4158, 81907,16012020,25102021 193503, 619, 28975.8, 11.399,190.891,0.596853,  0.6, 40.573,2.54e+00, 16.4,31.4, - 
4159, 81908,02032020,25102021 160206, 532, 29030.0, 72.741, 72.639,0.542337,360.0,167.577,4.23e+01, 16.4, -  , - 
4160, 81909,15102020,26102021 091915, 325, 28968.9, 10.703,191.055,0.439043,  0.6, 21.514,4.93e+00, 16.8, -  , - 
4161, 82000,09092018,26102021 004002,   1, 29033.6, 21.903,327.517,0.466191,359.7,200.712,1.54e-01, 10.5, 0.1,  6
4162, 82001,09092018,26102021 074209, 771, 28969.3, 20.616,321.080,0.476829,359.7,195.354,8.46e+00, 17.6, -  , - 
4163, 82002,09092018,26102021 015025, 788, 29050.1, 21.251,316.388,0.478387,359.8,218.340,3.28e-01, 18.2,18.8, - 
4164, 82003,07042019,26102021 073427,   1, 29032.4, 11.084,197.596,0.467499,  0.6,  4.097,1.79e-02, 16.3, 0.1,  1
4165, 82004,04042019,26102021 061551, 877, 29029.6, 21.575,314.545,0.458989,359.8,211.922,1.12e-01, 16.6, 2.3,474
4166, 82005,06042019,25102021 134041,   3, 28957.1, 11.355,189.685,0.479628,  0.6, 15.001,5.20e-02, 16.4, 0.1, 15
4167, 82006,06042019,25102021 132317,  28, 29040.8, 11.322,192.217,0.466456,  0.6,  8.859,1.50e-01, 15.9, 0.1, 19
4168, 82007,10052019,26102021 095345, 177, 29050.3, 11.580,192.031,0.486716,  0.6, 12.962,2.02e-01, 16.3, 3.6,770
4169, 82008,10052019,26102021 051055, 332, 28975.9, 12.062,187.089,0.537347,  0.6, 10.211,2.10e+00, 17.9,68.2, - 
4170, 82009,07102020,26102021 012249,   1, 29073.0, 11.930,188.035,0.462992,  0.6, 12.316,1.20e+00, 16.0, 0.1, 18
4171, 82010,20072019,26102021 103439, 728, 29064.6, 11.203,204.695,0.458525,  0.6,348.309,3.24e+00, 15.4, -  , - 
4172, 82011,24082019,26102021 000943,  27, 29065.3, 11.014,196.901,0.524215,  0.6, 10.084,3.68e+00, 18.0, 6.6, - 
4173, 82012,29092019,26102021 064015,   4, 29031.0, 21.561,314.581,0.458295,359.8,211.882,1.58e-01, 16.9, 0.2, 18
4174, 82013,29082019,26102021 095911,   2, 28916.8, 11.233,183.918,0.519096,  0.6, 26.609,2.94e+00, 17.4, 0.5,115
4175, 82014,21122019,25102021 234502, 672, 28968.4, 21.955,322.389,0.403826,359.7,195.347,2.36e+00, 17.1, -  , - 
4176, 82100,02092018,25102021 232500,   2, 29069.0, 21.882,326.894,0.465386,359.7,201.020,1.60e-01, 15.9, 0.1, 10
4177, 82101,30082018,25102021 181201, 841, 29021.3, 21.626,323.445,0.480268,359.7,226.609,1.14e+00, 18.6, -  , - 
4178, 82102,25072019,25102021 221633,   3, 29071.9, 11.191,194.702,0.471288,  0.6,  7.401,1.39e-01, 15.9, 0.1,  9
4179, 82103,22102019,26102021 085854, 372, 29082.8, 10.881,194.701,0.569949,  0.6, 29.945,4.96e+00, 17.4,80.3, - 
4180, 82200,19032017,25102021 235852,   1, 42165.2,  0.113, 94.146,0.000058, 90.0,162.517,1.00e-02, 11.8, 0.1,  1
4181, 82201,10092018,25102021 194112, 814, 29046.5, 21.232,323.609,0.462328,359.7,200.834,2.05e+00, 17.9,28.7, - 
4182, 82202,17042019,26102021 013810,   1, 29086.6, 11.349,192.990,0.463382,  0.6,  6.750,4.11e-02, 16.5, 0.1,  1
4183, 82203,06042019,25102021 154805,  50, 29095.6, 11.104,198.959,0.567836,  0.6, 19.063,3.25e-01, 15.9, 4.9,490
4184, 82204,23082019,26102021 022350,   1, 29070.4, 10.720,205.029,0.534363,  0.6, 23.466,6.58e+00, 17.5, 0.1, 17
4185, 82206,29082019,25102021 153703,  50, 29113.3, 11.731,178.169,0.472702,  0.6, 21.143,4.01e+00, 17.6,44.3, - 
4186, 82207,19102019,26102021 001622,   2, 29106.6, 10.986,202.706,0.456021,  0.6,355.413,2.31e-01, 16.4, 0.1, 16
4187, 82208,18102020,25102021 221050, 371, 29095.4, 11.234,194.499,0.468989,  0.6,  6.530,9.06e-02, 18.6,12.0, - 
4188, 82300,09092018,25102021 135606, 297, 29108.2, 21.559,325.345,0.454682,359.7,200.130,1.44e+00, 16.7,35.1, - 
4189, 82301,09092018,26102021 045901,1082, 29080.3, 21.903,335.994,0.358341,359.7,179.169,3.06e+00, 18.4,72.1, - 
4190, 82302,11042019,26102021 085935,  10, 29117.0, 11.412,189.921,0.475168,  0.6, 12.425,1.41e-01, 17.1, 0.2, 33
4191, 82303,06062019,25102021 230959,  10, 29121.6, 10.906,205.627,0.463312,  0.6,352.156,1.72e-01, 15.2, 0.3, 53
4192, 82304,13082019,26102021 092941, 338, 29096.5, 10.960,203.813,0.458702,  0.6,357.064,3.68e-01, 15.8,22.9, - 
4193, 82306,26102019,26102021 013001,  44, 29004.4, 11.217,192.616,0.482529,  0.6, 12.845,1.99e-01, 16.2, 0.8,152
4194, 82308,19122020,25102021 162135, 293, 29093.4, 13.637,160.973,0.538443,  0.5, 50.708,3.15e+00, 17.1,16.8, - 
4195, 82400,19032018,25102021 135254, 230, 29219.9,  5.057,235.517,0.327385,  0.8,206.924,7.35e+00, 18.2,11.2, - 
4196, 82402,03042019,25102021 163708, 900, 29113.8, 21.872,328.559,0.459569,359.7,197.992,2.86e-01, 17.1, 9.5, - 
4197, 82403,20042019,25102021 185350, 372, 29183.3, 11.007,197.658,0.473031,  0.6,352.625,2.60e-01, 18.5,17.1,848
4198, 82404,14052019,26102021 004634,  42, 29133.5, 11.220,194.397,0.471753,  0.6,  6.958,9.45e-02, 17.0, 0.1, 11
4199, 82405,31072019,26102021 061504,   1, 29189.8, 10.930,219.758,0.458380,  0.5,337.805,1.40e+00, 14.3, 0.2, 33
4200, 82407,25122019,25102021 134919, 369, 29075.5, 12.221,199.450,0.387836,  0.5,  4.561,2.31e-01, 15.7, 4.9,679
4201, 82408,15102020,26102021 044312,   9, 29119.4, 11.204,195.555,0.465697,  0.6,  3.642,2.34e-01, 16.2, 0.2, 36
4202, 82500,30112018,26102021 045154, 429, 29256.9, 21.106,308.590,0.542491,359.8,223.024,1.40e-01, 17.7,92.1, - 
4203, 82501,24062019,26102021 070734,   1, 29177.3, 10.994,203.653,0.445268,  0.6,351.457,2.00e-01, 13.8, 0.1,  8
4204, 82502,14082019,26102021 023113,   0, 29166.9, 11.173,197.674,0.457836,  0.6,359.830,1.86e-01, 13.6, 0.1,  5
4205, 82503,03102019,25102021 194936, 565, 29152.5, 10.898,208.184,0.478764,  0.6,354.645,5.29e-01, 17.4, 7.9, - 
4206, 82600,24032018,25102021 123443, 462, 29176.8,  7.140,229.681,0.427903,  0.6,288.566,7.02e-02, 18.4, 3.8,799
4207, 82601,08062018,25102021 172316,1200, 29158.2, 19.232,293.521,0.636761,359.9,314.908,3.90e+00, 17.4, -  , - 
4208, 82602,09092018,25102021 141712,1115, 29128.7, 21.966,321.759,0.460718,359.8,202.501,2.78e+00, 17.5, -  , - 
4209, 82603,06092018,25102021 233841,1050, 29196.0, 22.414,343.333,0.377217,359.7,178.127,5.45e-01, 16.9,83.9, - 
4210, 82604,06092018,26102021 075830,   9, 29137.5, 21.683,323.898,0.470342,359.7,204.181,5.72e-01, 17.6, 0.3, 73
4211, 82605,07042019,25102021 201843, 438, 29193.6, 10.664,201.359,0.540955,  0.6, 27.394,2.26e-01, 16.2,13.8, - 
4212, 82606,09082019,26102021 092346,   2, 29358.2, 11.647,188.480,0.504774,  0.6, 18.509,1.24e+00, 15.0, 0.6,141
4213, 82607,30092019,25102021 150938, 367, 29225.8, 11.431,244.282,0.450529,  0.3,306.475,1.71e+00, 17.3, -  , - 
4214, 82700,16012018,25102021 203819,   3, 29227.1, 55.467,134.905,0.059680,  0.1,117.455,5.67e+00, 15.3, 0.4, 60
4215, 82702,05092018,26102021 072639,  11, 29239.7, 21.326,319.026,0.475096,359.8,206.715,8.25e-01, 18.1, 2.7,594
4216, 82703,29102018,25102021 215438,   4, 29194.2, 21.709,318.194,0.443928,359.8,203.890,1.42e-01, 16.9, 0.1, 20
4217, 82704,22102019,26102021 082330, 672, 29256.9, 11.710,252.500,0.408501,  0.2,301.857,7.40e+00, 16.4, -  , - 
4218, 82705,18082020,25102021 154346, 375, 29195.9, 11.021,204.488,0.432113,  0.6,347.464,1.82e-01, 17.7, 7.5,958
4219, 82706,28092020,25102021 202740,   2, 29204.3, 11.614,188.082,0.479783,  0.6, 12.038,2.33e+00, 16.1, 0.5, 87
4220, 82707,21102020,26102021 013517, 368, 29195.6, 10.824,212.315,0.419907,  0.5,334.062,1.35e+00, 17.6, -  , - 
4221, 82708,14062021,26102021 035924, 105, 29229.6, 13.207, 32.126,0.518727,359.6,344.634,1.99e+00, 17.2, 1.6,294
4222, 82800,02102018,25102021 211201, 398, 29103.0, 20.209,317.339,0.419841,359.7,232.978,1.07e-01, 14.8,24.9, - 
4223, 82801,02102018,25102021 224228, 957, 29236.2, 21.457,317.394,0.475490,359.8,211.819,2.54e-01, 17.4, 9.8, - 
4224, 82802,02112018,26102021 001455,1080, 29125.8, 21.602,326.240,0.439669,359.7,191.128,5.70e+00, 17.8, -  , - 
4225, 82804,27112019,25102021 161609, 695, 29152.8,  9.505,187.546,0.579908,  0.7, 30.149,6.20e+00, 18.3, -  , - 
4226, 82805,17072020,25102021 163942, 374, 29233.7, 11.978,184.508,0.481950,  0.6, 17.111,1.48e+00, 17.3,20.3, - 
4227, 82900,25032009,25102021 225018,   1, 29248.6, 12.420, 63.392,0.436634,359.7,281.359,7.71e-03, 12.0, 0.1,  1
4228, 82901,31012014,26102021 113114, 283, 29304.8, 16.186,218.687,0.669895,  0.3,100.367,3.17e+00, 16.4,41.2, - 
4229, 82902,05092018,25102021 215817,  32, 29218.2, 21.430,313.903,0.479246,359.8,213.934,9.83e-02, 16.5, 0.6,136
4230, 82903,19102018,25102021 223328, 476, 29240.5, 21.941,332.619,0.406395,359.7,185.951,2.75e-01, 16.9, 9.9, - 
4231, 82904,06042019,26102021 013034,   1, 29253.5, 11.173,196.260,0.469698,  0.6,  3.340,7.08e-02, 17.3, 0.1,  1
4232, 82905,26072019,26102021 054629,   4, 29327.8, 11.108,200.516,0.453745,  0.6,354.522,1.66e-01, 16.2, 0.1, 14
4233, 82906,30092019,26102021 012452, 338, 29181.0, 11.128,193.798,0.486275,  0.6,  8.078,1.02e+00, 18.9,96.8, - 
4234, 82907,22062020,26102021 104746,   2, 29257.1, 10.778,189.681,0.627868,  0.6, 27.244,2.57e+00, 16.8, 1.6,359
4235, 83000,16032010,25102021 150914, 912, 29395.5, 12.853, 66.376,0.437679,359.8,273.434,1.17e-01, 17.0,11.5, - 
4236, 83001,12092018,25102021 135706,1016, 29257.4, 21.801,327.257,0.470877,359.7,199.293,2.40e-01, 17.8, 4.2,801
4237, 83002,12092018,25102021 193317, 676, 29218.9, 21.283,318.518,0.482892,359.8,206.654,1.86e+00, 17.4,86.1, - 
4238, 83003,14062019,26102021 111610, 604, 29301.4, 12.452,194.886,0.449973,  0.5,357.903,1.86e+00, 15.0, -  , - 
4239, 83100,05052019,26102021 083543, 531, 29298.1,  6.540, 41.755,0.715702,359.2,143.175,1.32e-02, 17.5, 0.7,113
4240, 83101,15052019,26102021 044411, 729, 29317.0,  9.270,202.218,0.501755,  0.7, 14.163,5.04e+00, 14.5, -  , - 
4241, 83102,04072019,25102021 210350, 462, 29309.0, 11.426,191.957,0.476556,  0.6,  8.026,2.47e-01, 16.8,10.2, - 
4242, 83103,26082019,26102021 034219,   1, 29305.0, 10.965,203.446,0.456491,  0.6,352.642,3.29e-01, 15.8, 0.1,  9
4243, 83104,18062020,26102021 084405, 372, 29305.6, 10.516,190.240,0.581209,  0.6, 34.898,7.16e+00, 14.9, -  , - 
4244, 83105,10122020,26102021 060153,  97, 29294.4, 11.085,192.602,0.457672,  0.6,  8.116,1.66e-01, 14.1, 1.7,217
4245, 83200,02022016,26102021 034225, 903, 29607.4, 12.627, 60.274,0.278655,359.7, 82.437,2.22e+01, 17.4, -  , - 
4246, 83201,12092018,26102021 053650,1002, 29243.9, 20.963,314.050,0.521106,359.8,217.693,1.43e+00, 18.4, -  , - 
4247, 83202,12092018,26102021 065414,   2, 29312.2, 21.489,316.672,0.474558,359.8,209.400,5.02e-02, 15.5, 0.1,  4
4248, 83203,17022019,25102021 111004, 428, 29344.7, 19.420,193.431,0.749709,  0.4,284.451,7.14e-02, 17.0, 3.4,422
4249, 83204,30072019,26102021 011104, 478, 29383.7, 11.884,224.206,0.487829,  0.4,332.195,3.38e+00, 17.1, -  , - 
4250, 83301,09092018,25102021 173936, 776, 29337.7, 21.727,319.515,0.475889,359.8,207.188,4.31e-02, 18.6, 3.1,176
4251, 83302,15052019,26102021 052903,  90, 29340.4, 10.905,210.309,0.489033,  0.5,353.515,1.89e-01, 12.9, 0.5,103
4252, 83303,23082019,25102021 221423, 371, 29425.4, 11.375,225.898,0.480356,  0.4,338.015,2.03e+00, 16.8,97.8, - 
4253, 83304,25082019,25102021 155541, 321, 29426.6, 10.181,193.877,0.569565,  0.7, 26.375,4.92e+00, 17.2, -  , - 
4254, 83305,01122019,26102021 093628, 232, 29340.4, 10.791,211.619,0.390998,  0.5,330.158,1.13e-01, 16.4, 1.6,341
4255, 83400,04032019,25102021 160834, 667, 29366.0, 21.614,329.005,0.438947,359.7,192.384,2.67e-01, 17.3, 5.7,994
4256, 83401,07042019,25102021 232531,   1, 29360.2, 10.908,205.288,0.460338,  0.6,351.119,1.40e-02, 15.0, 0.1,  1
4257, 83402,30072019,26102021 113459, 413, 29394.0, 10.852,203.985,0.518996,  0.6,  2.407,2.58e-01, 16.1, 9.4, - 
4258, 83403,03082019,25102021 192955, 293, 29385.9, 11.547,197.907,0.503200,  0.6,  0.605,1.65e+00, 17.8, 5.9,539
4259, 83404,26082019,26102021 011700, 297, 29366.0, 12.062,175.382,0.535567,  0.6, 37.047,6.20e-01, 16.9,12.0, - 
4260, 83405,21082019,26102021 054143, 791, 29368.1, 21.387,311.539,0.515451,359.8,213.050,3.35e+00, 18.2, -  , - 
4261, 83406,02102019,25102021 142204, 101, 29377.1, 11.049,201.578,0.452105,  0.6,354.224,1.19e+00, 18.1, 4.0,862
4262, 83408,12082020,25102021 232448,  10, 29373.2, 10.806,211.744,0.452666,  0.5,343.129,1.98e-01, 16.9, 0.1, 11
4263, 83501,11042019,25102021 234225, 843, 29382.0, 11.827,167.959,0.563304,  0.6, 50.345,1.71e+00, 16.3,68.5, - 
4264, 83502,15052019,25102021 125835,  11, 29401.3, 10.894,204.941,0.480794,  0.6,355.867,1.70e-01, 17.3, 0.4, 87
4265, 83503,26052019,25102021 212004,  39, 29409.3, 11.133,198.185,0.476875,  0.6,  0.148,1.72e+00, 18.5, 3.6,755
4266, 83504,29052019,25102021 235041,   2, 29408.8, 11.095,200.664,0.464472,  0.6,355.187,8.05e-01, 17.0, 0.1,  5
4267, 83506,11072019,25102021 201958, 425, 29406.3, 12.086,177.975,0.523287,  0.6, 31.717,1.76e+00, 16.4,25.7, - 
4268, 83507,26082019,26102021 024012, 345, 29384.0, 11.214,197.738,0.475938,  0.6,359.854,2.04e+00, 18.8,11.1, - 
4269, 83508,30092019,25102021 181523,  27, 29400.1, 11.153,199.802,0.467970,  0.6,356.705,1.36e+00, 17.6, 0.3, 55
4270, 83510,07092021,25102021 155849,  12, 29401.0, 11.286,194.118,0.475357,  0.6,  4.918,2.51e-01, 17.0, 0.1,  5
4271, 83600,19022012,26102021 013515,   1, 29430.9,  1.322,331.039,0.386447,355.7,283.262,9.38e-03, 17.3, 0.1,  1
4272, 83601,06032017,25102021 232656,   3, 29362.1, 10.080,134.680,0.457121,  0.5,  9.330,9.49e-01, 16.5, 0.3, 75
4273, 83602,06042019,25102021 133143,   1, 29405.8, 10.943,206.978,0.478220,  0.6,351.061,1.33e+00, 16.1, 0.1, 26
4274, 83603,24042019,26102021 013343,   1, 29406.9, 11.181,199.000,0.473564,  0.6,358.226,1.41e+00, 16.8, 0.1,  9
4275, 83605,04082019,26102021 100219,  23, 29470.4, 11.346,220.724,0.518107,  0.5,350.345,1.91e+00, 17.0, 9.9, - 
4276, 83606,05082019,25102021 230422,   2, 29298.2, 13.440,169.563,0.511441,  0.5, 40.646,4.40e+00, 16.1, 1.2,266
4277, 83607,29082019,25102021 154435,  46, 29437.6, 11.168,198.985,0.475715,  0.6,358.333,1.60e+00, 18.2, 1.2,248
4278, 83608,22102019,26102021 004049, 429, 29514.7, 11.225,205.318,0.447354,  0.6,351.961,7.42e+00, 17.0, -  , - 
4279, 83700,06122015,26102021 044347,2145, 29435.2, 11.001,136.005,0.434747,  0.5,172.098,5.16e-01, 18.0, 8.1, - 
4280, 83701,12092018,25102021 152533,   3, 29412.1, 21.923,337.029,0.381690,359.7,177.671,2.47e+00, 15.1, 0.4, 75
4281, 83702,08092018,25102021 191608, 793, 29430.9, 21.835,327.406,0.459210,359.7,197.410,1.67e-01, 17.8,15.5, - 
4282, 83703,07042019,25102021 224245,   1, 29432.7, 10.867,206.944,0.466316,  0.6,350.579,1.06e+00, 16.2, 0.2, 39
4283, 83704,12062019,26102021 081327,   1, 29461.0, 10.540,209.172,0.479585,  0.6,353.499,1.20e+00, 16.0, 0.1,  4
4284, 83705,21082019,25102021 201809, 649, 29417.8, 21.678,325.296,0.469922,359.7,198.579,1.52e-01, 16.9, 5.4, - 
4285, 83706,24082019,25102021 231413,  23, 29530.9, 12.241,183.211,0.460123,  0.6, 19.459,8.16e+00, 18.2,14.1, - 
4286, 83707,02102019,26102021 090902, 734, 29439.8, 11.078,196.865,0.485497,  0.6,  2.271,1.57e+00, 18.3,20.6, - 
4287, 83800,30062017,26102021 012517,   2, 29425.4, 13.267,  2.102,0.545868,359.5,248.382,1.60e+00, 17.1, 0.1,  8
4288, 83801,06042019,25102021 164530, 335, 29423.6, 11.132,197.766,0.482319,  0.6,  0.982,1.16e+00, 18.4,94.5, - 
4289, 83802,08062019,25102021 134559,  24, 29502.9, 10.951,208.775,0.465963,  0.6,346.315,7.59e-01, 16.2, 1.8,398
4290, 83803,14082019,26102021 014125,  82, 29461.3, 21.841,330.271,0.427341,359.7,187.892,2.38e-01, 16.3, 2.4,300
4291, 83804,17102020,25102021 142250, 373, 29443.9, 11.106,200.413,0.466284,  0.6,354.970,3.41e+00, 19.2, -  , - 
4292, 83805,04092021,26102021 082932,  13, 29465.5, 10.826,210.744,0.490656,  0.5,343.734,5.54e+00, 15.0, 0.5, 78
4293, 83900,31012017,26102021 042634,  13, 29480.3,  9.049,337.665,0.378982,359.3, 70.589,8.81e-02, 18.1, 0.1, 14
4294, 83901,07042019,25102021 181902,   1, 29477.6, 10.890,219.854,0.461902,  0.5,336.075,9.62e-02, 14.9, 0.1,  5
4295, 83902,07052019,25102021 204624,   2, 29493.8, 10.826,209.062,0.452831,  0.6,343.591,6.58e-02, 16.4, 0.1, 13
4296, 83903,25042019,25102021 232657,   1, 29491.9, 10.785,212.751,0.508286,  0.5,350.391,2.02e+00, 15.9, 0.1, 15
4297, 83904,30062019,26102021 003524,   4, 29603.9,  8.261,212.389,0.447416,  0.7,354.059,1.02e+00, 16.6, 0.7,160
4298, 83905,01072019,25102021 192100,   1, 29592.9,  9.964,224.336,0.423867,  0.5,331.005,3.07e+00, 15.1, 0.7,143
4299, 83906,25072019,25102021 123941,   2, 29497.1, 11.181,198.991,0.456836,  0.6,354.825,1.40e-01, 14.6, 0.1, 11
4300, 83907,29072019,26102021 064529,   4, 29484.7, 10.929,204.467,0.477113,  0.6,353.376,1.28e+00, 17.4, 0.1,  8
4301, 83908,26082019,26102021 095003,  95, 29500.0, 11.119,207.942,0.518469,  0.5,  0.207,1.97e+00, 17.3, 1.5,276
4302, 83909,25082019,25102021 170647, 369, 29535.6, 11.402,166.118,0.436298,  0.6, 49.320,1.38e+00, 19.0, 3.2,509
4303, 83910,28082019,26102021 101108,  25, 29496.2, 11.628,169.469,0.564638,  0.6, 47.681,1.26e+00, 17.4, 0.6,129
4304, 83911,29032020,25102021 164034, 571, 29464.4, 12.148,276.839,0.420200,359.9,260.325,5.30e-01, 18.5,90.3, - 
4305, 84000,30082019,26102021 015443,  14, 29517.2, 11.468,199.996,0.485798,  0.6,357.298,2.27e+00, 17.8, 1.1,231
4306, 84002,14102020,26102021 111822, 345, 29503.6, 11.003,200.918,0.460419,  0.6,354.444,8.76e-01, 18.8, 9.8, - 
4307, 84100,09092018,25102021 224304, 912, 29531.9, 21.742,327.276,0.449201,359.7,192.928,7.05e-02, 17.9, 2.1,443
4308, 84101,14052019,25102021 145642,   3, 29544.0, 11.370,203.473,0.499068,  0.6,351.090,1.25e+00, 16.0, 0.7,129
4309, 84102,19062019,26102021 000843,   2, 29545.2, 11.341,194.863,0.468000,  0.6,  0.987,9.13e-02, 16.8, 0.1,  5
4310, 84103,03072019,26102021 022037, 128, 29502.1, 11.444,192.964,0.474974,  0.6,  2.176,1.95e-01, 17.5, 1.9,367
4311, 84105,13112020,25102021 230802,  39, 29467.9, 21.420,217.181,0.749990,  0.3,214.724,4.32e-02, 18.7, 0.1, 19
4312, 84106,17122020,26102021 013312,   3, 29535.1, 21.223,239.140,0.744585,  0.2,184.741,1.01e-01, 17.3, 0.1, 11
4313, 84200,04032016,25102021 213118,   5, 29612.3, 23.388,336.475,0.726302,359.7,359.805,1.27e-01, 14.2, 0.1, 19
4314, 84201,02082019,26102021 093446, 412, 29522.2, 10.789,200.113,0.439106,  0.6,332.068,1.40e-01, 17.7, 6.5,257
4315, 84202,29072021,26102021 000742,  45, 29558.8, 10.813,210.945,0.492966,  0.5,352.176,1.15e-01, 17.2, 0.4, 61
4316, 84300,07042019,26102021 010446, 100, 29718.4, 10.943,215.485,0.438041,  0.5,343.440,5.87e-01, 14.1, 3.6,711
4317, 84302,24082019,25102021 202204, 758, 29582.7, 10.569,173.344,0.580153,  0.6, 57.684,1.00e-02, 17.9, -  , - 
4318, 84303,21092019,25102021 183514, 760, 29674.3, 11.639,232.328,0.532284,  0.4,318.915,1.02e+01, 17.5, -  , - 
4319, 84400,04022019,25102021 214211, 986, 29736.0, 12.074,357.420,0.413827,359.4,162.218,2.51e+01, 18.0, -  , - 
4320, 84401,07042019,26102021 085638,   0, 29600.0, 10.875,207.110,0.451491,  0.6,344.748,1.84e-01, 14.1, 0.1,  7
4321, 84402,30052019,26102021 080737,  53, 29593.2, 11.340,213.066,0.491940,  0.5,347.503,1.44e+00, 17.8, 5.1, - 
4322, 84403,20062019,25102021 142150, 645, 29610.9, 11.991,183.808,0.496135,  0.6, 17.251,1.37e-01, 16.2, 4.0,340
4323, 84404,25092019,26102021 020023,   1, 29612.8, 10.864,215.688,0.432793,  0.5,341.477,8.13e-01, 14.0, 0.1,  3
4324, 84405,27112019,25102021 145235, 399, 29564.9, 10.925,202.778,0.497337,  0.6,356.961,2.65e+00, 18.7,47.4, - 
4325, 84500,28102018,25102021 105714,1020, 29619.0, 26.020,116.229,0.760420,  0.1,241.693,9.57e-02, 16.9,14.7,560
4326, 84501,14122018,25102021 160829, 300, 29609.4, 21.697,325.628,0.453763,359.7,194.185,1.30e-01, 16.2, 4.7,933
4327, 84502,03022019,25102021 141822, 616, 29667.4, 25.968, 88.499,0.769268,360.0,292.149,5.10e-02, 14.4,31.7, - 
4328, 84503,14062019,26102021 095128,  24, 29666.0, 11.954,181.612,0.483163,  0.6, 17.501,4.04e+00, 13.5, 9.9, - 
4329, 84504,15042019,25102021 185052,   1, 29844.9, 10.552,221.806,0.452715,  0.5,342.192,6.64e+00, 15.3, 0.7,142
4330, 84505,14072019,26102021 003135, 374, 29647.9, 11.845,187.371,0.479350,  0.6, 11.098,1.65e+00, 17.9,18.8, - 
4331, 84506,29092019,26102021 073050, 266, 29529.0, 11.055,201.811,0.453573,  0.6,354.233,1.31e+00, 18.5,10.2, - 
4332, 84507,25102019,25102021 163843,   9, 29656.1, 12.199,242.000,0.475454,  0.3,319.065,8.12e+00, 17.1, 3.1,676
4333, 84509,03102021,26102021 092633,  13, 29591.6, 28.115, 11.527,0.157004,359.8,131.854,1.61e+01, 12.9, 6.1, - 
4334, 84600,19092009,25102021 182051,1048, 29710.8, 26.369,127.363,0.759328,  0.2,213.210,2.36e-02, 18.3, 8.6,220
4335, 84601,17102017,25102021 204333,1373, 29089.7, 31.965,352.811,0.711392,359.8,207.464,3.03e+01, 17.1, -  , - 
4336, 84602,12092018,26102021 012220, 597, 29635.2, 21.794,329.308,0.428718,359.7,186.158,4.48e-02, 16.4,11.6, - 
4337, 84603,04052019,25102021 200846,   3, 29666.0, 10.808,208.453,0.488986,  0.6,349.301,1.42e+00, 16.0, 0.1, 18
4338, 84604,04072019,25102021 160144,  60, 29648.1, 10.798,212.412,0.462119,  0.5,341.131,8.93e-02, 15.7, 0.8,177
4339, 84605,21092019,25102021 212454, 209, 29653.8, 10.889,191.682,0.527949,  0.6, 19.921,6.67e-01, 17.2,15.0, - 
4340, 84606,21102019,26102021 031804, 100, 29630.6, 10.469,209.502,0.504732,  0.6,336.397,1.61e-01, 15.6, 3.5,597
4341, 84607,21102019,25102021 232312,  16, 29655.4, 11.157,199.420,0.466502,  0.6,354.695,4.49e-02, 17.2, 0.1, 11
4342, 84608,13012020,25102021 143321, 411, 29642.8, 11.612,192.020,0.495105,  0.6,  9.367,2.01e+00, 17.2,22.4, - 
4343, 84700,05082016,26102021 072057, 236, 29624.7, 21.637,265.476,0.738662,  0.0,135.290,3.19e-01, 15.1, 7.2, - 
4344, 84701,27042019,26102021 022814,   0, 29670.7,  9.454,193.877,0.567924,  0.7, 19.185,3.41e+00, 13.4, 0.1, 16
4345, 84703,01062019,25102021 132530, 396, 29635.3, 12.135,179.815,0.493188,  0.6, 23.142,7.02e+00, 15.6, -  , - 
4346, 84706,29092019,26102021 040559,   3, 29669.4, 10.779,165.079,0.519377,  0.6, 48.021,2.43e+00, 16.4, 0.3, 70
4347, 84707,16102019,26102021 043117, 713, 29690.2, 26.444, 32.156,0.747829,359.8,274.716,7.85e-01, 16.3,20.0,654
4348, 84708,07022020,25102021 232839, 613, 29610.7, 12.787,169.265,0.569686,  0.5, 35.743,6.06e+00, 16.1,31.0, - 
4349, 84709,16062020,26102021 024922,  53, 29684.2, 11.459,193.167,0.474706,  0.6,  2.283,1.45e-01, 16.4, 0.4, 71
4350, 84710,26072020,26102021 115318, 427, 29668.2, 11.118,180.806,0.578412,  0.6, 45.350,1.49e+00, 17.6,64.1, - 
4351, 84711,14092021,26102021 061349,   1, 29675.7, 20.462,261.726,0.740003,  0.1,161.834,3.51e-01, 14.9, 0.1,  2
4352, 84800,17032015,26102021 111255,   1, 29754.9, 22.154,338.156,0.727756,359.7, 14.793,2.64e-02, 15.7, 0.1,  4
4353, 84801,27042017,25102021 201114,   4, 29740.1, 10.763,295.121,0.408916,359.7,243.651,2.21e+00, 17.4, 0.3, 40
4354, 84802,04082018,25102021 221527, 378, 29682.5, 25.905,109.258,0.763990,  0.1,256.433,8.87e-02, 17.0, 7.7,608
4355, 84803,06102018,26102021 020836,  12, 29712.8, 20.791,295.746,0.734852,359.9,101.464,1.21e-01, 16.2, 0.1, 24
4356, 84804,10042019,25102021 184320, 926, 29700.4, 10.788,212.533,0.464568,  0.5,341.031,2.40e-01, 15.4, 3.3,697
4357, 84805,27072019,25102021 155903, 615, 29705.9, 11.587,206.603,0.529565,  0.5,352.092,1.15e+00, 15.6, -  , - 
4358, 84900,02032019,26102021 032919, 604, 29713.0, 21.763,328.541,0.459236,359.7,190.278,1.76e-01, 17.6, 8.9, - 
4359, 84901,09062019,25102021 121418,  58, 29580.3, 10.872,210.579,0.510140,  0.5,341.249,1.44e-01, 16.7, 3.8,325
4360, 84902,05072019,25102021 221211,   4, 29716.3, 10.697,213.528,0.457421,  0.5,338.967,5.77e-01, 16.6, 0.3, 65
4361, 85000,12062012,25102021 235117,   3, 29764.1, 24.475, 20.920,0.718306,359.7,273.046,4.92e-02, 15.2, 0.1,  7
4362, 85002,04092018,25102021 164915,1077, 29710.7, 21.800,326.438,0.465787,359.7,194.983,7.24e-01, 18.7,55.6, - 
4363, 85004,22062019,25102021 125645, 338, 29732.8, 10.810,219.611,0.465458,  0.5,333.931,7.68e-02, 16.4, 2.0,417
4364, 85005,11072019,25102021 225458,  11, 29753.9, 10.763,213.344,0.461978,  0.5,339.044,1.02e-01, 16.4, 0.1, 12
4365, 85006,24102019,26102021 095752,   3, 29751.1, 10.872,217.022,0.491701,  0.5,338.358,5.12e-01, 15.7, 0.6,106
4366, 85100,02092018,25102021 161017,1079, 29561.5, 20.648,321.651,0.462174,359.7,184.020,6.72e+00, 16.7, -  , - 
4367, 85101,02092018,25102021 154810, 472, 29747.6, 21.983,337.208,0.415554,359.7,175.132,8.77e-02, 16.5, 5.4, - 
4368, 85102,08112018,26102021 042406, 543, 29745.2, 22.294,343.667,0.395153,359.7,168.798,1.79e-01, 17.1, 4.8,996
4369, 85103,10042019,26102021 013756,   0, 29769.2, 10.753,213.956,0.462037,  0.5,338.445,7.86e-02, 14.1, 0.1,  1
4370, 85104,10042019,25102021 115531,   1, 29769.4, 10.767,214.414,0.460298,  0.5,337.303,6.69e-02, 14.8, 0.1,  3
4371, 85105,30092019,25102021 203708,   4, 29777.3, 10.770,213.000,0.461904,  0.5,340.970,1.07e-01, 13.7, 0.1,  6
4372, 85106,16082020,25102021 193751,  86, 29882.6, 22.164,342.906,0.280509,359.7,179.205,1.22e+01, 14.8,37.1, - 
4373, 85107,09122020,25102021 231936, 315, 29740.0, 10.108,192.232,0.650841,  0.7, 43.773,4.74e+00, 12.6,89.3, - 
4374, 85200,30062019,25102021 165813, 768, 29793.2, 11.625,193.307,0.561432,  0.6,  9.685,3.16e-01, 17.3,20.0,497
4375, 85201,23082019,26102021 015702, 732, 29784.7, 10.898,204.876,0.497027,  0.6,355.878,2.42e-01, 16.9, 4.6,848
4376, 85202,20102019,26102021 100326, 119, 29814.6, 10.789,211.838,0.466909,  0.5,341.128,1.48e-01, 17.2, 1.2,264
4377, 85301,07042019,26102021 090255,   1, 29826.2, 10.757,212.679,0.459480,  0.5,338.467,8.01e-02, 13.1, 0.1,  2
4378, 85302,25042019,26102021 024704, 124, 29810.5, 10.720,214.042,0.464515,  0.5,339.083,8.53e-02, 13.3, 0.9,187
4379, 85303,23082019,26102021 063356,   3, 29836.7, 10.731,214.383,0.462281,  0.5,337.343,1.08e-01, 16.6, 0.1,  4
4380, 85304,30082019,26102021 014445, 763, 29837.4, 11.190,206.857,0.527428,  0.5,353.647,3.03e-01, 18.1, 4.3,866
4381, 85305,25092019,26102021 013406, 742, 29807.7, 12.985,169.719,0.534101,  0.5, 36.407,8.08e-01, 17.9,46.6, - 
4382, 85400,10092010,25102021 214047,   1, 29836.3, 10.631, 33.489,0.358606,359.5,309.777,2.34e-01, 13.7, 0.1,  6
4383, 85402,09042019,25102021 233204,  57, 29938.5, 10.628,215.135,0.470317,  0.5,337.982,1.48e-01, 15.9, 6.4,211
4384, 85403,12082019,26102021 030037,  32, 29852.2, 11.416,186.857,0.521731,  0.6, 19.080,1.69e-01, 14.9, 0.7,148
4385, 85404,04092021,25102021 225922,  38, 29533.6, 27.801, 12.131,0.496363,359.7,107.014,1.68e+01, 12.9,30.1, - 
4386, 85500,02092018,25102021 212004,1019, 29836.7, 22.047,343.519,0.311746,359.7,165.393,5.19e+00, 17.5,88.0, - 
4387, 85502,01082019,26102021 001526,  70, 29903.8, 24.637,167.284,0.655989,  0.3,358.733,3.61e+00, 16.8, 7.0, - 
4388, 85503,21102019,26102021 093524, 716, 29849.3, 25.859,152.833,0.759411,  0.2,174.427,8.80e-02, 16.9,27.9, - 
4389, 85504,13092020,25102021 124147,   3, 29858.3, 10.725,217.771,0.456061,  0.5,332.193,8.68e-02, 16.9, 0.1,  6
4390, 85700,26102019,26102021 062336, 115, 29898.4, 10.898,209.803,0.436413,  0.5,337.060,3.00e-02, 18.2, 0.1,  8
4391, 85800,10032010,26102021 000106,   2, 29916.9, 58.314, 72.078,0.072171,360.0,189.246,2.90e+00, 14.3, 0.1,  8
4392, 85801,14072017,25102021 180918, 179, 29969.6, 21.958, 20.115,0.719526,359.7,308.603,9.31e-02, 15.7, 1.6,346
4393, 85802,04012018,26102021 035224,   8, 29933.4, 10.566, 48.843,0.356876,359.6,275.821,5.48e-02, 17.2, 0.1,  7
4394, 85803,25012019,25102021 223352,   4, 29927.9, 21.948,334.753,0.440527,359.7,180.155,1.38e-01, 14.3, 0.1,  8
4395, 85805,29082019,25102021 223743, 424, 30088.5, 10.977,162.801,0.657699,  0.6, 65.842,5.69e+00, 17.2,16.6, - 
4396, 85806,15062020,26102021 011932, 428, 29885.1, 23.128, 76.491,0.736511,359.9,175.910,2.38e+00, 14.9,36.7, - 
4397, 85807,14082020,26102021 091613, 420, 29927.7, 10.714,211.904,0.462090,  0.5,338.892,2.07e-01, 17.0, 0.7,116
4398, 85900,10012019,26102021 032814, 804, 29939.8, 21.843,331.774,0.449362,359.7,183.787,3.76e-01, 17.5,34.0, - 
4399, 85901,16092020,26102021 014615, 100, 29961.5, 10.695,216.526,0.422701,  0.5,341.455,3.34e-01, 17.5, 1.0, 92
4400, 86000,10042019,26102021 034753,   1, 29746.2, 10.757,213.695,0.459018,  0.5,338.376,4.51e-02, 13.3, 0.1,  2
4401, 86100,21122009,26102021 032245,  55, 29671.2, 25.768,114.346,0.763360,  0.1,250.201,9.66e-02, 15.4, 0.8,107
4402, 86101,02092018,25102021 190253, 812, 29717.6, 22.335,344.456,0.290013,359.7,175.805,6.01e+00, 17.7, -  , - 
4403, 86102,26062019,25102021 223756, 255, 29983.5, 11.458,185.445,0.508642,  0.6, 15.966,3.87e+00, 15.9, 6.8, - 
4404, 86103,04012020,26102021 023732, 627, 29935.4, 12.325,174.245,0.592566,  0.6, 31.740,5.98e+00, 15.7,36.2, - 
4405, 86104,15102020,26102021 084406, 340, 29988.4, 16.742,153.019,0.698719,  0.4,153.635,4.34e+00, 16.1,24.8, - 
4406, 86105,17082021,25102021 125506,  10, 30011.8, 20.873,324.123,0.711348,359.7,217.474,2.84e+00, 16.4, 0.5,106
4407, 86200,15032016,25102021 143817,  93, 30019.6, 23.842, 36.959,0.718666,359.8,253.495,3.64e-02, 16.3, 0.7,126
4408, 86201,02072019,25102021 135414,  30, 30047.7, 10.778,214.884,0.573349,  0.5,  3.172,6.86e+00, 17.3, 7.8, - 
4409, 86300,28042017,26102021 015149,1119, 30003.2, 20.947,324.771,0.709797,359.7,215.829,2.74e+00, 16.7,83.7, - 
4410, 86301,17102018,25102021 230420,   0, 42166.8,  2.814,314.658,0.000322,358.4,265.612,1.00e-02, 11.8, 0.1,  1
4411, 86302,25072019,25102021 130713,  18, 30051.7, 11.710,189.850,0.488377,  0.6,  5.372,5.29e-01, 17.4, 1.5,330
4412, 86303,17032020,26102021 013650, 575, 30028.9, 17.467, 73.705,0.322647,359.9,104.666,2.59e+01, 17.9, -  , - 
4413, 86304,02042020,25102021 210129, 552, 30031.7, 11.036,202.619,0.460791,  0.6,357.409,3.71e-01, 18.1,33.9, - 
4414, 86305,21102020,25102021 194329, 100, 30025.3, 11.073,212.273,0.481801,  0.5,342.967,6.27e+00, 16.9, 2.8,614
4415, 86400,05082015,26102021 002826,1292, 30432.1,  7.846,302.214,0.615812,359.5,262.968,2.99e+01, 16.7, -  , - 
4416, 86401,17062015,26102021 064407,1382, 30053.2, 12.007,159.388,0.672412,  0.5,244.548,2.61e+00, 17.6, -  , - 
4417, 86403,12062019,26102021 082744,   4, 30093.4, 10.735,212.507,0.469439,  0.5,338.138,1.17e+00, 16.8, 0.4, 70
4418, 86404,26062019,26102021 084649,  53, 30058.5, 21.879,332.937,0.449606,359.7,181.466,1.00e-02, 14.5, 0.2, 25
4419, 86500,05072019,25102021 214918, 397, 30084.1, 11.251,171.784,0.584443,  0.6, 49.894,6.73e+00, 16.1, -  , - 
4420, 86501,26082019,26102021 080233, 347, 30094.5, 11.157,200.993,0.463190,  0.6,348.004,1.48e-01, 17.8, 4.2,874
4421, 86502,26082019,25102021 194924, 377, 30114.5, 10.802,180.259,0.631836,  0.6, 44.281,4.84e+00, 16.2, -  , - 
4422, 86600,12042019,26102021 105730,   4, 30113.2, 11.740,184.249,0.519710,  0.6, 18.232,1.42e-01, 15.8, 0.1,  7
4423, 86701,20062019,26102021 045317, 776, 30397.8, 26.151, 38.516,0.332604,359.8,150.437,1.87e+00, 15.3, -  , - 
4424, 86702,13092019,25102021 174801,   2, 30188.5, 11.090,210.078,0.466442,  0.5,342.535,1.27e+00, 15.5, 0.3, 58
4425, 86800,28052019,26102021 020956, 400, 30191.8, 13.922,132.531,0.622606,  0.3,104.732,5.27e+00, 17.0, -  , - 
4426, 86801,01072019,26102021 083216, 235, 30286.6, 10.950,222.350,0.519305,  0.5,330.319,4.53e+00, 15.0,75.6, - 
4427, 86802,30072019,26102021 042418, 375, 30175.5, 10.320,194.319,0.532396,  0.6,357.639,2.74e+00, 17.2, -  , - 
4428, 86803,24082019,26102021 013709,  11, 30369.7, 10.430,223.048,0.481267,  0.5,329.934,6.26e+00, 14.8, 9.3, - 
4429, 87000,24032015,25102021 115153, 783, 30100.0, 24.446,192.682,0.654905,  0.3,300.651,3.71e+00, 15.6, -  , - 
4430, 87001,10022015,26102021 033740,1623, 30087.9, 22.761,112.507,0.731290,  0.1,106.624,3.33e+00, 16.0, -  , - 
4431, 87002,06042019,25102021 214037,   2, 30267.1, 10.760,227.676,0.454831,  0.4,323.483,1.93e+00, 15.6, 1.0,223
4432, 87003,15082019,25102021 124037, 730, 30209.4, 11.128,196.327,0.509723,  0.6,  3.026,1.20e-01, 16.6, 1.6,240
4433, 87004,26082019,26102021 074357, 733, 30222.4, 11.474,198.297,0.466827,  0.6,350.323,1.92e+00, 17.4,24.7, - 
4434, 87005,25092019,26102021 004214, 297, 30227.4, 10.908,231.491,0.473719,  0.4,314.726,1.49e+00, 17.2,31.5, - 
4435, 87006,02102019,26102021 005136, 312, 30219.5, 11.018,199.032,0.506998,  0.6,359.371,1.96e-01, 15.8, 5.9, - 
4436, 87100,07042019,25102021 151352, 407, 30247.0, 10.893,201.821,0.423646,  0.6,359.764,2.88e-01, 17.1,18.5, - 
4437, 87101,31072019,25102021 223136,  88, 30294.5, 10.898,226.593,0.490762,  0.4,329.654,3.51e+00, 14.6,31.9, - 
4438, 87102,28082019,26102021 011118, 684, 30256.8, 10.739,213.149,0.477661,  0.5,336.440,2.30e+00, 17.7,10.5, - 
4439, 87200,01022019,26102021 004344,  82, 30280.7, 11.474, 31.781,0.320102,359.5,258.189,8.58e+00, 18.0, 3.9,687
4440, 87201,14072019,25102021 230208,   2, 30260.7, 11.519,188.092,0.518628,  0.6, 12.896,1.80e-01, 14.3, 0.1,  6
4441, 87202,25082019,26102021 065536,  18, 30219.8, 11.608,195.828,0.489691,  0.6,353.739,9.68e-01, 18.0, 0.4, 88
4442, 87204,08092020,26102021 112043, 382, 30204.8, 21.764,121.967,0.751166,  0.2,155.931,3.26e+00, 16.0, -  , - 
4443, 87300,16092013,26102021 044850, 252, 30178.2, 24.765, 72.557,0.741989,359.9,168.716,2.60e+00, 15.0,36.9, - 
4444, 87301,30072019,25102021 211314, 373, 30296.2, 11.892,189.653,0.481188,  0.6,  1.294,4.99e-01, 18.6,11.7, - 
4445, 87302,30072019,26102021 034604,  25, 30271.1, 11.903,199.597,0.389011,  0.5,331.058,3.76e-01, 17.5, 0.2, 38
4446, 87303,25092019,26102021 012831, 424, 30302.2, 10.941,212.845,0.489424,  0.5,332.296,3.71e+00, 17.9, 9.2, - 
4447, 87304,21112019,26102021 021015,  17, 30254.0, 11.560,194.325,0.485111,  0.6,356.703,1.43e+00, 17.7, 0.5, 98
4448, 87500,04082008,26102021 102119,  24, 30035.5,  5.205,356.866,0.354284,358.7,122.795,1.38e+00, 17.7,10.0, - 
4449, 87501,04082018,25102021 204022,1174, 29976.7, 22.193,  5.865,0.622956,359.7,180.170,1.65e+01, 16.7, -  , - 
4450, 87502,27062019,26102021 064504,   3, 30331.8, 10.694,218.150,0.470026,  0.5,329.688,1.05e+00, 16.6, 0.3, 65
4451, 87503,21102019,25102021 191838, 427, 30310.4, 11.484,215.074,0.593122,  0.5,359.893,3.30e+00, 17.2, -  , - 
4452, 87504,13102020,26102021 054424, 374, 30295.1, 22.561,305.159,0.526537,359.8,217.174,4.66e+00, 16.4, -  , - 
4453, 87600,07102018,26102021 051001, 867, 30326.3, 22.276,336.702,0.448754,359.7,165.428,2.67e-01, 17.1,17.6, - 
4454, 87700,08082016,26102021 063543,  11, 30305.6, 25.268,183.665,0.770163,  0.3,117.296,3.26e-02, 17.9, 0.1,  6
4455, 87701,11122019,25102021 215248, 662, 30353.2, 22.835, 53.889,0.739734,359.8,223.190,1.16e+00, 17.7,26.4, - 
4456, 87800,30072019,25102021 182837, 374, 30383.2, 12.715,166.264,0.576861,  0.5, 43.245,2.28e+00, 16.0,67.4, - 
4457, 87801,27112019,25102021 192827, 657, 30377.9, 20.550, 76.068,0.720211,359.9,214.472,1.77e+00, 16.7,23.4, - 
4458, 87900,30052019,26102021 041054,  41, 30377.8, 13.070,175.017,0.575783,  0.5, 32.355,2.51e+00, 15.5,26.6, - 
4459, 87901,04062019,25102021 170951,  15, 30424.2, 11.385,191.463,0.515062,  0.6,  6.754,1.55e-01, 16.8, 0.3, 62
4460, 87902,17072019,25102021 164203,   1, 30437.2, 11.919,188.832,0.478113,  0.6,  1.283,3.11e+00, 14.8, 1.0,226
4461, 87903,28082019,25102021 135113, 784, 30458.2, 10.714,207.778,0.482464,  0.6,339.193,4.27e+00, 17.8,48.8, - 
4462, 87904,21092020,25102021 132815, 374, 30454.6, 11.355,262.116,0.355507,  0.1,256.553,7.09e+00, 17.4,48.8, - 
4463, 88000,22082012,26102021 081215,3122, 30444.2,  8.740,350.391,0.365491,359.2, 34.205,5.83e-01, 16.7,47.2, - 
4464, 88001,04122018,26102021 041655,1048, 30606.8, 13.514, 22.649,0.268853,359.5,101.691,2.06e+01, 17.6, -  , - 
4465, 88002,10012019,26102021 071755, 680, 30415.1, 22.108,341.011,0.423248,359.7,165.988,3.63e-03, 17.7, 1.1,176
4466, 88004,12102021,26102021 021833,   1, 30430.4, 10.860,200.470,0.459256,  0.6,352.404,5.57e+00, 16.0, 0.1, 10
4467, 88100,09102012,26102021 035606,  80, 30212.9, 21.677,124.898,0.721942,  0.2, 99.220,1.94e+00, 15.8, 4.0,818
4468, 88101,05112018,25102021 200941,1077, 30171.7, 20.504,313.012,0.526643,359.8,192.709,8.69e+00, 14.3, -  , - 
4469, 88102,11122020,26102021 010649, 264, 30467.8, 29.118,194.644,0.735953,  0.2,123.427,3.12e+00, 14.2,16.7, - 
4470, 88300,22092019,26102021 074455, 321, 30550.4, 10.803,216.786,0.557619,  0.5,345.222,9.79e+00, 17.7, -  , - 
4471, 88400,01042019,25102021 183256,  46, 30132.8, 13.598,336.905,0.429581,359.5,264.070,1.18e+01, 18.7, 2.5,552
4472, 88401,20062019,25102021 144907, 125, 30525.9, 10.720,212.213,0.498601,  0.5,341.199,1.10e-01, 14.3, 0.9,187
4473, 88500,27062019,25102021 195327,  17, 30560.0, 10.513,227.982,0.445926,  0.4,313.565,8.31e-01, 16.8, 0.7,126
4474, 88600,22112020,26102021 032303, 304, 27430.6, 11.142,194.098,0.423415,  0.6, 16.934,3.33e-01, 18.2, 2.1,334
4475, 88700,14072019,26102021 073451, 381, 30623.9, 10.670,222.603,0.472283,  0.5,325.061,1.00e+00, 16.1,42.3, - 
4476, 88701,27102019,25102021 144448, 725, 30608.5, 18.979, 71.433,0.710539,359.9,242.079,1.37e+01, 18.1, -  , - 
4477, 88702,27102019,26102021 001005, 722, 30585.8, 11.150,207.415,0.558006,  0.5,335.178,2.39e+01, 17.9, -  , - 
4478, 88800,21092017,25102021 142201,   1, 29597.5, 11.912,219.951,0.418708,  0.4, 10.109,2.62e+01, 16.9, 0.2, 48
4479, 88802,12022021,25102021 214502, 108, 30640.4,  2.942, 32.569,0.412797,358.0,271.010,1.40e+01, 17.3,48.5, - 
4480, 89000,19062013,26102021 102807,1850, 30737.3, 18.663, 28.141,0.325502,359.7,137.397,2.74e+01, 18.1, -  , - 
4481, 89001,06092018,25102021 151415, 740, 30664.8, 22.146,342.199,0.427961,359.7,163.402,1.91e-01, 16.8,16.0, - 
4482, 89002,14092018,25102021 163304,1132, 30585.0, 21.444,331.638,0.470323,359.7,174.316,6.03e+00, 18.4, -  , - 
4483, 89200,23062020,26102021 013213,  45, 30701.8, 10.656,210.188,0.507519,  0.6,339.695,3.10e+00, 15.6, 8.2, - 
4484, 89300,04052019,26102021 004501, 623, 30683.0, 10.631,205.272,0.557366,  0.6,347.330,2.40e+00, 15.7, -  , - 
4485, 89400,14082019,26102021 012534,   2, 30749.2, 10.654,224.956,0.485519,  0.5,321.403,1.03e+00, 16.2, 0.6,126
4486, 89500,22012021,26102021 013931, 237, 30725.2, 27.078, 35.708,0.760211,359.8,203.566,3.98e+00, 12.4,82.3, - 
4487, 89601,03112018,25102021 205352,  15, 30804.9, 22.010,337.491,0.443773,359.7,168.846,2.60e-01, 15.2, 0.3, 70
4488, 89602,05042021,25102021 234351, 202, 30575.1, 22.694, 29.906,0.468505,359.7,196.381,2.15e+01, 18.6, -  , - 
4489, 89700,03072019,25102021 235348, 747, 30837.3,  9.505,252.485,0.373018,  0.2,302.225,6.09e+00, 15.4, -  , - 
4490, 89701,26082019,26102021 025122, 409, 30831.4,  8.980,218.044,0.487635,  0.6,338.549,2.28e+00, 17.7, -  , - 
4491, 89800,23082019,25102021 123934,   2, 31026.6, 10.132,225.047,0.445264,  0.5,324.087,8.75e+00, 16.5, 1.6,331
4492, 89801,25102020,26102021 101123, 250, 30830.3,  9.070,209.557,0.566076,  0.7,341.533,9.40e+00, 16.2,70.5, - 
4493, 89900,10092018,26102021 074718,  69, 30865.4, 56.881,132.102,0.215473,  0.1, 89.289,9.70e+00, 16.4,15.6, - 
4494, 89901,14052019,25102021 233343, 409, 30884.7, 10.618,221.184,0.439498,  0.5,335.712,2.98e-01, 15.0, 2.2,160
4495, 89902,20102019,25102021 221319, 616, 30818.3, 10.562,236.624,0.555726,  0.4,315.595,1.47e+00, 17.0, -  , - 
4496, 90100,22112019,25102021 114650, 647, 30814.6, 10.108,190.919,0.623565,  0.7,  2.946,9.27e+00, 16.0, -  , - 
4497, 90200,15092017,25102021 225835, 756, 30931.3,  6.915,142.348,0.393547,  0.8, 84.551,2.07e+00, 17.8,38.7, - 
4498, 90201,20072019,26102021 081634, 343, 30938.1, 11.142,198.736,0.505702,  0.6,352.082,9.05e-02, 16.5, 2.0,402
4499, 90300,13082019,26102021 013931,  46, 30972.5, 10.548,214.260,0.450469,  0.5,324.835,1.53e+00, 18.0, 2.0,432
4500, 90301,27082019,25102021 202620,   2, 30951.2, 11.650,255.353,0.410550,  0.2,290.502,2.37e+00, 16.5, 1.5,307
4501, 90400,22092019,25102021 112523,  13, 30928.2, 11.065,243.778,0.511409,  0.3,309.796,5.69e+00, 15.7,13.8, - 
4502, 90500,29082019,26102021 003752, 380, 31011.5, 11.135,204.699,0.449935,  0.6,331.457,1.36e-01, 14.6, 1.7,177
4503, 90600,01072019,26102021 105633,  18, 31050.4, 10.353,213.424,0.494592,  0.6,341.340,1.33e+00, 16.9, 4.5,904
4504, 90700,09082016,26102021 010856, 579, 30584.6,  0.838,113.263,0.535426,  3.6,251.629,1.38e+01, 17.3, -  , - 
4505, 90701,04032019,26102021 095529,  47, 31073.1, 11.869,107.475,0.331831,  0.2,  5.800,9.32e+00, 15.6, 2.1,428
4506, 90800,26082019,25102021 225137, 369, 31137.5, 11.573,199.762,0.512255,  0.6,343.767,2.23e+00, 17.9, -  , - 
4507, 90900,01072019,25102021 162328,  13, 31099.8, 10.379,227.761,0.455420,  0.4,309.778,2.26e-01, 17.2, 0.2, 47
4508, 91000,15062019,25102021 235439,  43, 31123.2, 10.459,221.631,0.481582,  0.5,322.059,1.32e-01, 17.5, 0.2, 42
4509, 91002,19042020,26102021 020828, 167, 31132.3,  6.035,358.484,0.356289,358.9, 87.361,2.27e+00, 18.2, 1.9,366
4510, 91100,30072019,25102021 103924, 296, 31145.7, 10.251,232.565,0.472869,  0.4,312.323,2.30e+00, 16.8,67.9, - 
4511, 91200,23052006,25102021 135047,2422, 31172.6,  4.770,221.491,0.385763,  1.1,359.487,3.07e+01, 16.5, -  , - 
4512, 91201,11052019,26102021 024548, 501, 31145.2,  9.614,223.753,0.530321,  0.5,327.977,8.10e+00, 16.1, -  , - 
4513, 91300,01052019,25102021 141942,   0, 31358.9, 11.231,198.968,0.483973,  0.6,355.717,2.33e+00, 13.8, 0.4, 94
4514, 91400,12082019,25102021 120919, 267, 31125.7, 10.078,239.396,0.478435,  0.3,301.165,8.47e+00, 16.4,73.2, - 
4515, 91600,15082019,25102021 182649, 728, 31272.7, 11.022,206.620,0.456512,  0.6,328.838,2.18e-01, 17.1,11.7, - 
4516, 92000,12062021,26102021 041233,  46, 31348.5, 11.184,199.637,0.449550,  0.6,341.570,2.72e-01, 14.7, 6.9, - 
4517, 92100,16072019,26102021 053122,   2, 31383.5, 10.428,221.479,0.485188,  0.5,320.478,3.42e-02, 17.0, 0.1,  2
4518, 92200,01062008,26102021 011942, 586, 31425.0,  7.728, 66.752,0.302348,359.6,236.353,3.93e+00, 17.7,23.3, - 
4519, 92301,15102019,25102021 112028, 311, 31473.5,  9.877,203.999,0.548325,  0.6,338.505,2.90e+00, 16.7, -  , - 
4520, 92400,08122016,25102021 235853,   0, 42165.4,  0.108, 92.339,0.000014,290.0, 41.881,9.81e-03, 11.7, 0.1,  1
4521, 92401,15082018,25102021 193827,1046, 31407.5,  5.908, 92.656,0.344171,  0.0,163.962,5.07e+00, 18.2, -  , - 
4522, 92500,02102018,25102021 221212,1081, 31490.9, 22.778,356.851,0.247383,359.7,124.896,9.32e+00, 16.2, -  , - 
4523, 92501,29082020,26102021 093446, 422, 31517.8, 10.944,272.647,0.397914,360.0,266.772,1.18e+01, 17.3, -  , - 
4524, 92600,14092018,26102021 004421, 962, 31478.2, 22.366,349.348,0.419659,359.7,147.238,1.15e+00, 17.4, -  , - 
4525, 92800,20102019,26102021 100606,  41, 31533.6, 10.458,219.060,0.501713,  0.5,325.741,8.56e+00, 17.8,13.9, - 
4526, 92900,31072019,25102021 120743,  13, 31596.4, 12.182,190.357,0.492270,  0.6,353.390,1.53e+00, 17.9, 0.2, 35
4527, 93000,25032018,25102021 150555,1295, 31625.6,  1.978,151.744,0.405919,  3.1,  6.169,7.67e+00, 18.1,44.9, - 
4528, 93001,26082019,26102021 011553, 345, 31624.8, 11.535,197.928,0.507065,  0.6,346.998,1.82e+00, 17.4,57.7, - 
4529, 93002,30082019,25102021 204204, 296, 31581.8, 10.576,214.257,0.521553,  0.5,335.656,2.07e-01, 14.9, 4.0,823
4530, 93100,10092018,25102021 160602, 544, 31599.3, 22.157,345.479,0.446158,359.7,159.059,1.71e+00, 16.0, -  , - 
4531, 93101,12112018,25102021 145540, 345, 31592.7, 22.195,345.393,0.453497,359.7,151.589,1.29e+00, 16.2, -  , - 
4532, 93200,26032017,25102021 192737,1587, 31547.5, 17.690,287.736,0.613509,359.9,208.689,2.58e+00, 17.1, -  , - 
4533, 93201,28042017,25102021 195014,1289, 31672.5, 11.016,345.190,0.362462,359.4,200.973,1.43e+01, 18.0, -  , - 
4534, 93202,22092019,25102021 130355, 403, 31630.2,  6.964,160.206,0.334247,  0.9, 22.242,7.93e+00, 17.8,20.2, - 
4535, 93300,15042018,25102021 174524, 910, 31645.5,  6.590,264.516,0.323931,  0.1,192.348,1.07e+00, 18.2, 9.0, - 
4536, 93302,28082019,26102021 015750,   2, 31639.6, 10.485,215.163,0.470136,  0.5,323.163,1.47e+00, 17.4, 0.3, 57
4537, 93400,29062020,25102021 234322,   9, 31712.4,  9.963,217.612,0.510503,  0.5,328.452,6.25e+00, 16.2, 9.9, - 
4538, 93500,14092018,25102021 232940, 938, 31676.9, 22.345,342.506,0.471377,359.7,155.395,3.24e-01, 15.7,32.0, - 
4539, 93501,07102020,26102021 030523, 314, 31637.4, 12.087,181.023,0.689312,  0.6, 68.459,7.96e+00, 17.5,44.7, - 
4540, 93600,07092018,26102021 093210,1049, 31704.6, 22.894,359.485,0.392805,359.7,133.607,1.76e+00, 17.6,22.3, - 
4541, 93700,03092018,26102021 111344, 157, 31721.1, 22.698,357.103,0.400506,359.7,135.855,2.20e-01, 16.1, 3.6,745
4542, 93800,23122009,26102021 041036,   5, 31749.7,  6.938,263.521,0.331982,  0.1,193.705,1.49e+00, 17.0, 0.1, 16
4543, 93801,18092018,26102021 042713, 527, 31741.5, 22.582,353.594,0.427233,359.7,142.725,2.48e-01, 16.8, 4.4,908
4544, 93802,21092019,25102021 170919, 735, 31761.6,  9.893,226.443,0.421572,  0.5,303.435,1.52e+00, 17.7, -  , - 
4545, 93900,07082019,25102021 130420, 763, 31874.2,  5.010,172.349,0.432346,  1.4,  5.475,1.15e+01, 17.7, -  , - 
4546, 93901,26092019,25102021 183654, 377, 31798.1, 11.386,200.710,0.481955,  0.6,336.188,5.54e-01, 17.5,14.1, - 
4547, 94000,02102018,26102021 015124,1116, 31849.8, 22.730,355.468,0.311542,359.7,126.319,5.61e+00, 18.1,29.9, - 
4548, 94100,26082019,25102021 200545, 729, 31845.3, 10.490,218.380,0.526125,  0.5,330.233,2.30e-01, 16.7, 2.3,433
4549, 94101,05112019,25102021 130135, 436, 31824.8, 10.541,217.599,0.527812,  0.5,331.466,1.71e-01, 17.4, 9.5, - 
4550, 94500,29072019,26102021 034218,   2, 31947.4,  9.937,227.994,0.526082,  0.5,309.745,2.92e+00, 16.3, 0.4, 74
4551, 94501,26082019,26102021 074438, 750, 31939.6, 11.321,213.674,0.595319,  0.5,341.053,3.75e+00, 17.3, -  , - 
4552, 94600,22092019,25102021 220608, 760, 32324.2, 25.343, 34.615,0.273182,359.8,126.434,3.71e+01, 17.4, -  , - 
4553, 94800,23082019,26102021 004440,   4, 31993.6, 10.255,221.068,0.480238,  0.5,313.939,3.80e-01, 16.8, 0.1, 26
4554, 94801,27102019,25102021 211232, 722, 31967.9,  9.881,237.555,0.468908,  0.4,292.140,9.63e+00, 17.3, -  , - 
4555, 94900,20102019,25102021 195857, 720, 31991.8, 10.284,227.856,0.459993,  0.4,303.144,1.25e+01, 17.4, -  , - 
4556, 94901,10012020,25102021 211740, 650, 31948.2, 13.063,236.894,0.594655,  0.3,330.379,6.17e+00, 15.5, -  , - 
4557, 95101,03112019,25102021 194312,  14, 32091.9, 10.041,232.839,0.446056,  0.4,299.020,3.07e+00, 17.1, 7.3, - 
4558, 95200,21102019,26102021 001322, 641, 32059.5, 11.243,200.464,0.491023,  0.6,335.045,2.96e+00, 18.4,78.4, - 
4559, 95300,23032018,25102021 124409,1271, 32102.7,  1.139,233.849,0.381069,  3.3,274.028,6.32e+00, 16.9,68.1, - 
4560, 95400,18082020,25102021 161302, 431, 32066.7,  5.499,108.886,0.356212,  0.4,111.434,6.97e+00, 18.4, -  , - 
4561, 95500,28042017,26102021 100323,  83, 32032.6,  5.799,354.455,0.301026,358.8, 51.633,2.13e+00, 13.2, 2.7,553
4562, 95600,16032012,26102021 023054, 551, 32740.1,  4.088, 72.608,0.126749,359.5,242.049,2.55e+01, 18.2, -  , - 
4563, 95601,02112018,26102021 054600,1076, 32169.5, 22.551,348.643,0.447548,359.7,141.513,4.68e+00, 16.9, -  , - 
4564, 95700,07092018,25102021 214841,1060, 32175.3, 22.795,  2.922,0.370368,359.7,122.633,4.80e-01, 18.0,84.6, - 
4565, 95701,27072019,25102021 183136,   2, 32185.5, 11.096,202.860,0.496550,  0.6,334.495,1.26e-01, 16.4, 0.1,  9
4566, 95800,07092018,26102021 023957, 963, 32214.4, 22.375,352.771,0.408730,359.7,136.183,4.27e+00, 18.2,34.5, - 
4567, 95801,14062019,25102021 133129, 372, 32329.1, 10.887,199.429,0.665568,  0.6,329.770,6.46e+00, 15.9, -  , - 
4568, 95900,07092016,25102021 184435, 404, 32205.6,  6.615,139.841,0.348392,  0.8,147.996,9.44e-01, 17.0,20.4, - 
4569, 96000,26082019,26102021 064754,   2, 32294.6, 10.001,217.480,0.529074,  0.5,326.799,2.13e+00, 17.0, 0.1, 13
4570, 96100,27062021,25102021 213831,  41, 32283.0, 10.722,199.755,0.481349,  0.6,338.793,6.18e+00, 15.9,12.3, - 
4571, 96200,03062019,25102021 202044, 841, 32396.1,  4.478,196.021,0.632503,  1.5,  4.976,1.18e+01, 15.7, -  , - 
4572, 96201,11102021,25102021 121858,   2, 32284.5,  9.724,216.501,0.519932,  0.6,322.970,6.33e+00, 14.8, 0.4, 76
4573, 96300,12072010,26102021 010843,4101, 32133.3, 10.477,314.722,0.330285,359.5,325.177,1.72e+01, 15.2, -  , - 
4574, 96301,11042015,26102021 025133,   2, 32255.8, 14.088,205.558,0.716265,  0.4, 28.666,4.74e+00, 16.1, 0.6,112
4575, 96400,26082012,25102021 233221, 396, 32405.1,  6.513,188.285,0.312717,  1.0, 64.441,1.31e+01, 17.1, -  , - 
4576, 96402,28112016,26102021 001438, 253, 32322.4,  2.426,201.144,0.254819,  2.6,153.754,3.06e+00, 17.5,38.2, - 
4577, 96502,23102019,25102021 232814,  12, 32365.1,  9.135,222.571,0.449417,  0.6,311.676,8.88e+00, 16.7, 7.9, - 
4578, 96600,11052019,25102021 130104, 167, 32388.9, 11.848,190.380,0.680916,  0.6,353.961,7.06e+00, 14.5, -  , - 
4579, 96703,24032020,26102021 061423,  42, 32249.6,  3.626,129.349,0.525556,  1.2,109.602,1.17e+01, 17.1,19.0, - 
4580, 96800,18032018,25102021 143425,1315, 32440.0,  6.069,283.901,0.322492,359.7,154.004,2.63e+00, 17.3,17.7, - 
4581, 96801,03092018,26102021 013723,1133, 32552.1, 23.474,353.542,0.262328,359.7,115.923,3.94e+00, 17.0, -  , - 
4582, 96802,12062019,26102021 070820,   1, 32467.1, 10.130,226.263,0.500031,  0.5,310.824,1.17e+00, 15.9, 0.2, 33
4583, 96803,27082021,26102021 113237,  52, 32403.4, 18.333,121.628,0.332623,  0.2, 80.867,1.81e+01, 16.7, 7.8, - 
4584, 97000,05092016,25102021 175207,1858, 32098.9, 21.022, 14.442,0.598268,359.7,174.490,2.70e+01, 17.2, -  , - 
4585, 97100,02112015,25102021 114627, 543, 42441.9, 24.799, 15.940,0.484639,359.7,216.084,1.64e+01, 15.7,47.7, - 
4586, 97101,09022016,26102021 095557,1699, 35822.1, 23.434, 12.744,0.428610,359.7,193.550,5.07e+01, 16.9, -  , - 
4587, 97201,03092018,26102021 042801,1055, 32446.9, 21.794,334.874,0.552454,359.7,169.728,2.19e+00, 17.1, -  , - 
4588, 97202,08092018,26102021 085731,1120, 32587.4, 23.048,357.495,0.256349,359.7,114.345,7.56e+00, 18.7, -  , - 
4589, 97204,25082019,25102021 194845,  19, 32513.6, 10.981,206.084,0.474872,  0.6,322.472,8.28e-02, 17.8, 0.1, 18
4590, 97206,10092021,26102021 013122,   9, 32521.9, 22.305,345.009,0.501905,359.7,152.688,9.29e-01, 17.0, 0.6,106
4591, 97300,25122011,25102021 221801,   2, 32778.0,  8.013, 79.821,0.185362,359.8,132.945,1.30e+01, 16.3, 0.4, 91
4592, 97501,08092018,26102021 033625,1044, 32568.3, 22.455,356.715,0.406973,359.7,131.083,1.64e+00, 17.4, -  , - 
4593, 97502,26082019,25102021 122246, 784, 32643.2,  9.548,199.394,0.468273,  0.7,334.821,1.18e+01, 18.0, -  , - 
4594, 97503,14012021,26102021 041615, 281, 32577.4,  5.393, 31.140,0.161277,358.9,269.695,6.72e-01, 17.4, 1.3,178
4595, 97600,22102008,26102021 082606, 159, 32583.3,  5.182,  5.164,0.298271,358.7,  6.965,2.72e-01, 17.1, 3.4,692
4596, 97800,26082019,25102021 103807, 262, 32647.0, 10.595,212.807,0.545976,  0.5,333.465,5.67e-01, 16.3,10.4, - 
4597, 97900,05022011,26102021 065135,3911, 32340.5, 13.660,278.753,0.272166,359.9,353.022,3.63e+01, 17.0, -  , - 
4598, 97901,22082019,25102021 205211,   5, 32685.3, 10.110,220.908,0.485063,  0.5,308.918,3.55e-01, 17.3, 0.1, 15
4599, 98000,11062019,26102021 025253,  84, 32669.1,  9.337,241.536,0.476086,  0.4,288.809,5.77e+00, 15.1,36.1, - 
4600, 98001,21092019,26102021 095951,   1, 32764.7, 10.245,236.776,0.489781,  0.4,297.404,6.23e+00, 15.4, 0.5,101
4601, 98100,26062019,25102021 185201, 841, 33027.0, 22.293,359.464,0.328145,359.7,121.220,1.27e+01, 14.7, -  , - 
4602, 98101,29082019,25102021 151203, 784, 32769.6, 13.386,173.474,0.449661,  0.5,355.189,8.39e+00, 17.7,38.1, - 
4603, 98102,23092019,25102021 234942, 705, 32731.9,  9.788,213.911,0.550171,  0.6,332.515,4.86e+00, 17.2,51.5, - 
4604, 98300,16122017,26102021 084404, 555, 33487.2, 25.193,  0.193,0.366565,359.7,141.517,2.72e+01, 15.8, -  , - 
4605, 98500,28082019,25102021 131215, 691, 32860.6,  9.748,182.208,0.632938,  0.7,349.459,5.78e+00, 16.0, -  , - 
4606, 98600,20012008,25102021 134622,   1, 32820.0,  6.895,222.567,0.319258,  0.7,353.253,6.31e-01, 16.0, 0.1,  5
4607, 98700,06102015,26102021 024657,1055, 33008.3,  2.231,105.190,0.259205,  0.8,205.555,1.10e+01, 18.1, -  , - 
4608, 98800,12082016,25102021 132524, 689, 32892.2,  6.751,238.032,0.317288,  0.5,299.552,2.74e+00, 17.9, 8.9, - 
4609, 98801,27092016,25102021 133355,  13, 32877.4,  6.945,215.215,0.329007,  0.8,  7.813,6.53e-02, 17.8, 0.1,  4
4610, 98900,07092016,25102021 144149,  11, 33049.3,  7.165,221.497,0.319020,  0.7,347.560,2.66e+00, 17.6, 0.4, 62
4611, 98901,17122017,25102021 191247,1406, 32902.0, 20.141, 44.580,0.582549,359.7,172.709,4.93e+01, 18.0, -  , - 
4612, 98902,09032018,25102021 183506, 909, 32913.9,  3.248,120.347,0.210939,  1.1,337.495,7.54e+00, 17.7, -  , - 
4613, 98905,21092020,25102021 132625,  55, 32752.6,  3.452,116.062,0.410821,  0.9,337.020,8.05e+00, 17.4,32.4, - 
4614, 99000,26062019,26102021 035459, 801, 33038.1, 22.882,353.230,0.437824,359.7,129.345,8.39e+00, 15.9, -  , - 
4615, 99100,16102021,26102021 021723,   7, 32915.5, 10.177,329.648,0.236246,359.4,268.244,1.64e+01, 18.4,35.2, - 
4616, 99300,24122016,26102021 072648, 404, 32487.3, 26.906, 99.036,0.444716,  0.0, 37.124,1.82e+01, 16.6,81.8, - 
4617, 99500,03082016,26102021 022656, 814, 33023.6,  6.603,236.772,0.307628,  0.6,326.565,1.72e-01, 18.1,16.1, - 
4618, 99700,19092015,25102021 211316,  14, 33075.2,  6.166,238.599,0.303070,  0.6,319.393,2.42e-01, 17.2, 0.1, 19
4619, 99800,26082016,25102021 234735, 314, 33104.0,  6.923,248.716,0.310127,  0.4,298.983,6.06e-01, 16.8, 3.9,707
4620, 99802,26082019,26102021 105815, 410, 33210.8,  8.412,221.118,0.514472,  0.6,315.988,1.08e+01, 14.8, -  , - 
4621, 99803,01082021,26102021 002830,  48, 33164.5,  5.140,259.209,0.279803,  0.3,215.188,8.18e+00, 18.5, 2.1,392
4622,100000,07032010,26102021 021929,   3, 33140.7,  7.203,249.561,0.303999,  0.3,297.763,1.85e-01, 15.7, 0.2, 22
4623,100001,25102016,25102021 230934, 450, 33006.3,  5.192, 36.511,0.464679,358.9,201.351,6.36e+00, 17.4,37.6, - 
4624,100100,27042019,26102021 081926, 279, 33128.2,  9.637,229.106,0.500444,  0.5,305.593,8.06e+00, 16.3,67.2, - 
4625,100101,20012020,25102021 224411, 615, 32758.9, 18.703,  6.044,0.640192,359.6,212.037,3.07e+01, 17.4,84.4, - 
4626,100200,24032006,25102021 191358,   4, 33115.4,  6.374,228.538,0.324857,  0.7,304.102,3.92e+00, 16.3, 0.2, 26
4627,100201,16042021,26102021 031001, 190, 33153.9,  2.228,104.991,0.260323,  0.8,205.712,1.11e+01, 18.0, -  , - 
4628,100300,29032009,26102021 011814,   2, 33182.3,  6.369,245.543,0.319935,  0.4,278.244,3.60e+00, 15.7, 0.1,  8
4629,100301,22072015,26102021 052903, 345, 33165.3,  7.329,254.409,0.302923,  0.3,285.960,2.57e+00, 18.0, -  , - 
4630,100302,06112016,25102021 123033,1799, 32841.1, 36.617,341.279,0.729862,359.8,225.643,1.90e+01, 14.6, -  , - 
4631,100401,16092017,25102021 222309, 161, 33355.9,  2.877,144.967,0.288325,  2.0,343.857,5.83e+00, 18.4,28.2, - 
4632,100600,01042016,25102021 163058, 793, 33389.0, 22.229,339.739,0.529895,359.7,145.876,4.26e+00, 18.1, -  , - 
4633,100700,02102018,26102021 001703,1072, 33310.2, 22.834,  3.775,0.244746,359.7,102.924,5.94e+00, 17.0, -  , - 
4634,100800,23052018,25102021 232008,1246, 33348.9,  1.932,307.639,0.286610,358.0,182.963,4.35e+00, 18.3,27.2, - 
4635,100901,29102019,25102021 225536,   2, 33234.3, 35.998,311.509,0.694194,359.9,225.102,2.01e+01, 15.5, 4.5,937
4636,101000,21042009,25102021 185846,   1, 33336.9,  7.198,268.852,0.297535,  0.0,257.606,6.63e-03, 16.0, 0.1,  1
4637,101100,18092019,26102021 020340, 370, 33492.7, 12.470,183.842,0.521412,  0.6,350.763,1.07e+01, 15.4,95.6, - 
4638,101300,11092018,25102021 222327,1070, 33441.9, 22.648,  4.796,0.239676,359.7, 97.547,5.90e+00, 16.0, -  , - 
4639,101400,18022018,25102021 223112,1341, 33573.1, 43.465,  0.447,0.593032,359.8,216.946,6.37e+01, 17.9, -  , - 
4640,101500,19072017,25102021 220444,1371, 33136.9, 33.553,  3.517,0.616075,359.8,232.127,2.54e+01, 15.8, -  , - 
4641,101501,02042021,25102021 235426,  13, 33284.9,  3.669, 11.708,0.556333,358.2,200.774,2.78e+01, 17.4, 1.7,338
4642,101800,04112012,25102021 171706,   0, 33545.8, 16.423,351.271,0.277270,359.6,274.343,1.09e-03, 13.5, 0.1,  1
4643,101801,02092018,26102021 034904,1140, 33620.6, 22.320,347.452,0.465221,359.7,135.692,6.58e+00, 18.4,74.4, - 
4644,101802,08042019,25102021 234618, 218, 33474.4, 28.140,167.288,0.639511,  0.2,313.790,3.51e+00, 13.4,42.9, - 
4645,101900,07062015,25102021 122752, 530, 33550.1,  8.714,293.498,0.291265,359.7,204.918,1.20e-01, 15.8,12.3, - 
4646,101901,04092018,25102021 220341,1051, 33580.3, 22.348,349.409,0.478384,359.7,138.220,2.13e+00, 17.9,48.5, - 
4647,101902,25102019,25102021 204046, 728, 33553.0,  7.840,290.876,0.296601,359.7,211.701,2.53e-01, 17.6, 3.1,374
4648,102200,07102019,25102021 135928, 492, 33607.3,  6.727, 99.469,0.374869,  0.2, 46.738,6.61e+00, 17.4,34.0, - 
4649,102300,06092018,25102021 233525, 807, 33658.0, 22.089,348.148,0.483830,359.7,136.039,4.68e+00, 17.7, -  , - 
4650,102301,28082019,25102021 224733, 374, 33652.5, 11.006,196.554,0.424373,  0.6,331.410,5.95e+00, 18.6,91.2, - 
4651,102600,22112019,26102021 093455, 309, 33698.3,  1.028,160.141,0.266477,  6.5,105.691,2.64e-01, 17.5, 0.9,170
4652,102800,29052013,25102021 230906,   4, 33743.5,  9.181,308.337,0.289631,359.5,174.904,3.02e-01, 16.4, 0.1,  7
4653,102801,16052018,25102021 204041,1187, 33805.2,  8.086, 13.889,0.182342,359.2,105.763,3.86e+00, 16.6,21.7, - 
4654,103000,21092019,25102021 163225, 762, 33795.1,  6.644,237.460,0.282218,  0.6,318.831,1.32e+01, 17.8, -  , - 
4655,103100,06102020,26102021 012447, 108, 30356.6, 28.036, 11.882,0.503942,359.8, 82.272,1.98e+01, 13.3,14.4, - 
4656,103200,12082019,26102021 050904, 109, 33863.4, 10.927,206.130,0.497903,  0.6,317.148,5.60e-01, 17.5, 3.6,746
4657,103300,20042017,25102021 195407, 113, 33985.8,  7.722,316.407,0.278471,359.4,149.441,3.00e-01, 15.0, 4.9,991
4658,103301,14082019,26102021 091147,   1, 33877.3,  4.112, 37.900,0.436769,358.7,170.115,2.11e+01, 16.2, 0.3, 60
4659,103400,01082019,25102021 151140, 269, 33891.3,  9.528,232.302,0.542961,  0.4,300.630,1.29e+00, 16.1,34.8, - 
4660,103500,01112019,25102021 175254, 544, 33499.7, 33.079, 26.595,0.660116,359.8,151.412,3.36e+01, 17.3, -  , - 
4661,103601,08102021,26102021 124700,  14, 33894.4,  3.479,203.930,0.259040,  1.8,354.016,1.50e+01, 17.9,63.1, - 
4662,103900,10042018,25102021 192340, 431, 34138.1,  2.724,246.617,0.252238,  1.0,239.365,2.68e+00, 18.3,69.8, - 
4663,103901,10092018,26102021 100438, 638, 33769.5, 22.965,  4.940,0.412037,359.7,111.203,2.40e+00, 16.4, -  , - 
4664,103903,03062021,25102021 143433, 131, 33974.8,  3.261,286.799,0.239762,359.4,180.019,1.04e+00, 18.5,36.4, - 
4665,104100,22122016,25102021 152541,  69, 34542.5,  2.661,336.280,0.282346,357.7,265.146,5.87e+00, 17.0,10.6, - 
4666,104101,29032017,26102021 064143,   3, 33914.6, 23.437,296.528,0.585795,359.9,271.521,4.54e+01, 17.1, 1.6,277
4667,104300,22122017,25102021 233947,1400, 34434.5,  8.489,120.698,0.563111,  0.4, 65.240,4.74e+01, 17.9, -  , - 
4668,104301,28112019,25102021 192003,  59, 34038.3, 11.047,208.733,0.470669,  0.5,301.883,1.52e+00, 16.3,27.7, - 
4669,104400,11072013,26102021 001602,   0, 34105.4, 17.214,  5.687,0.257111,359.6,243.370,8.27e-03, 11.5, 0.1,  1
4670,104401,30122016,26102021 122423, 869, 34100.9, 20.852,350.519,0.427296,359.7,143.156,7.83e+00, 15.1, -  , - 
4671,104600,07092018,26102021 064712,1080, 34188.8, 23.359,  3.752,0.368296,359.7,108.474,3.09e+00, 16.2, -  , - 
4672,104601,02112018,26102021 103041, 754, 34164.2, 24.513,  3.606,0.384251,359.7,107.971,5.25e+00, 14.5, -  , - 
4673,104700,30092019,25102021 171840, 368, 34739.1,  7.920,252.423,0.433951,  0.3,262.130,7.60e+00, 16.8, -  , - 
4674,105001,06122018,25102021 121830, 960, 34114.2, 16.538,274.435,0.581228,360.0,292.169,6.25e+01, 16.8, -  , - 
4675,105100,06022008,25102021 194306,   1, 34262.6,  2.953,268.479,0.235972,  0.1,313.128,1.16e-02, 14.6, 0.1,  1
4676,105101,22072015,26102021 001552, 264, 34272.4,  6.201,326.193,0.289728,359.1,351.451,5.62e+00, 16.7,48.9, - 
4677,105102,31082016,25102021 132731, 854, 33762.5,  3.564,258.960,0.368390,  0.4,288.020,1.94e+01, 16.3, -  , - 
4678,105103,01072019,25102021 152430, 485, 34177.9,  9.791,211.727,0.598931,  0.6,327.656,2.80e+00, 15.4, -  , - 
4679,105104,23092019,26102021 040924, 246, 34293.5, 10.195,211.360,0.597768,  0.6,333.228,1.91e+00, 17.5,11.6,807
4680,105300,09112020,26102021 065442, 345, 34264.8,  8.968,235.379,0.501797,  0.4,286.604,7.33e+00, 16.1, -  , - 
4681,105500,12102021,25102021 144607,  10, 34363.5, 27.506,345.256,0.452835,359.8,208.937,1.90e+01, 17.6,62.3, - 
4682,105600,30072019,26102021 011128,  12, 34460.3,  9.777,210.833,0.588715,  0.6,331.492,5.02e+00, 17.9, 1.7,340
4683,105900,28082019,26102021 042648, 430, 34447.6,  2.856,242.541,0.268525,  1.1,249.346,3.01e+00, 17.7,57.2, - 
4684,106000,16112017,25102021 172818,1281, 34458.1, 45.549, 17.914,0.742658,359.8,195.888,6.26e+01, 16.3, -  , - 
4685,106100,03102018,26102021 082907,1118, 34513.9, 23.158,  8.364,0.197406,359.7, 83.962,4.53e+00, 18.5, -  , - 
4686,106200,08102015,25102021 152638, 156, 34585.0, 16.050,313.658,0.121329,359.7,269.742,1.00e+01, 17.3, 9.4, - 
4687,106202,08082020,25102021 183948, 323, 34889.1,  9.640, 50.962,0.180576,359.5, 75.033,2.61e+01, 17.0,37.8, - 
4688,106400,26082016,25102021 225121,   1, 34574.1, 18.886,322.502,0.322517,359.7,266.897,1.89e+01, 17.3, 0.2, 38
4689,106402,29082019,25102021 223009,  51, 34563.0,  7.970,331.425,0.225637,359.3,245.950,8.10e+00, 18.1, 9.4, - 
4690,106501,14072020,26102021 040151, 465, 34616.6,  5.428,357.015,0.208538,358.7,138.808,6.76e+00, 17.9, -  , - 
4691,106600,30062019,26102021 085614,  14, 34752.5,  9.143,224.683,0.539474,  0.5,316.004,5.02e+00, 15.9, 8.8, - 
4692,107000,28062019,25102021 141605, 545, 34992.1, 21.681,  9.270,0.328737,359.7,116.535,1.28e+01, 15.1, -  , - 
4693,107201,01112019,26102021 022325,   8, 34469.9, 17.423, 57.242,0.529233,359.8,144.726,3.01e+01, 17.4, 1.5,254
4694,107500,06122016,25102021 212738,1736, 34839.8, 17.885,355.996,0.188058,359.6,273.092,8.37e+00, 18.0,68.1, - 
4695,107501,13062017,25102021 212833, 135, 34576.5,  2.335,  9.932,0.105709,357.1,260.090,9.41e+00, 17.8,26.3, - 
4696,107701,15052021,25102021 133206, 128, 35671.3, 13.592, 24.124,0.399876,359.5,170.754,4.79e+01, 17.9,28.5, - 
4697,107800,19042018,25102021 212029,  52, 34856.6,  5.376,221.581,0.234377,  0.9,245.226,3.84e+00, 14.5,15.7, - 
4698,107900,09122015,25102021 201429,  17, 35989.0,  5.028,256.628,0.120106,  0.3,283.492,1.52e+01, 17.4, 1.4,266
4699,107901,11092017,26102021 071927,1281, 35017.2, 40.651,  7.328,0.236421,359.8,183.624,3.06e+01, 17.5, -  , - 
4700,108000,29062018,25102021 220521, 387, 34945.8,  2.845,233.678,0.273706,  1.4,269.242,4.93e+00, 14.6,81.2, - 
4701,108001,28082019,25102021 223535, 403, 34969.2, 11.546,195.007,0.566183,  0.6,338.966,4.07e+00, 18.4,17.7, - 
4702,108300,07012018,26102021 030804,1310, 34769.7, 21.777, 48.278,0.532024,359.8,149.081,3.04e+01, 17.3, -  , - 
4703,108301,23082020,25102021 174325,  45, 35014.7,  6.365,213.672,0.292556,  0.9,309.269,2.04e+01, 17.2, 4.5,888
4704,108600,25112016,26102021 004611,  43, 34865.4,  4.031,222.838,0.233398,  1.2, 12.716,1.25e+01, 17.6, 5.3, - 
4705,108601,21042018,26102021 024211, 571, 34960.8,  5.364,210.760,0.268558,  1.1,275.196,5.61e+00, 17.0, -  , - 
4706,109000,11072016,25102021 115627,   2, 34974.7,  2.047, 21.919,0.277892,356.8,173.023,1.55e+01, 16.6, 0.3, 40
4707,109001,21022018,25102021 205304, 614, 34826.3,  3.112,332.469,0.165080,358.1,138.872,2.51e+01, 17.5, -  , - 
4708,109002,16082018,25102021 161155,   4, 35160.4,  3.680,353.784,0.108111,358.2,137.994,6.07e+00, 17.5, 0.8,155
4709,109100,12042018,26102021 105459, 746, 35107.2,  4.317,238.572,0.158890,  0.8,284.684,4.35e+00, 15.4, -  , - 
4710,109102,25092019,26102021 051447, 366, 35132.9,  7.355,234.200,0.485013,  0.5,288.966,2.88e+00, 16.8, -  , - 
4711,109200,25032014,26102021 105242,   3, 35292.1,  7.741,289.193,0.277279,359.7,107.001,4.49e+00, 16.3, 0.1, 19
4712,109201,23092019,26102021 021529, 299, 35184.0,  8.989,224.703,0.535498,  0.5,306.948,4.77e+00, 14.9, -  , - 
4713,109400,10012011,26102021 093109,   2, 35337.4,  6.435,143.468,0.378811,  0.9, 35.192,2.19e+01, 16.7, 0.5, 53
4714,109500,31012014,26102021 044331,   2, 35182.7,  7.043, 16.263,0.165249,359.1,313.420,2.96e+00, 17.2, 0.1, 15
4715,109600,10112013,26102021 055917,  85, 35003.6,  9.993, 73.456,0.068648,359.8,235.901,5.00e+00, 16.7, 2.8,533
4716,109700,14052009,25102021 235036,  83, 35276.1,  8.475,357.092,0.213281,359.2,171.655,5.03e+00, 15.1,22.2, - 
4717,109701,17092017,26102021 023023, 564, 36576.5, 15.261,320.932,0.252344,359.7,219.630,3.26e+01, 17.1, -  , - 
4718,109801,17042018,26102021 030519, 345, 35170.5,  2.937,259.919,0.251852,  0.4,219.657,5.50e+00, 18.3, -  , - 
4719,110000,26062008,25102021 161814,   1, 35237.6, 13.930, 29.327,0.109874,359.6,308.429,6.55e+00, 15.8, 0.1,  6
4720,110001,10022018,26102021 055613,   0, 30275.9, 24.053,298.676,0.781127,359.9, 45.249,6.32e-03,  9.8, 0.1,  1
4721,110100,25022018,26102021 092620, 932, 35424.7, 26.599, 51.511,0.284238,359.8,185.980,3.60e+01, 17.1, -  , - 
4722,110101,14082018,25102021 232450,1138, 35347.4,  3.602,232.947,0.248274,  1.1,251.282,3.65e+00, 17.9,86.4, - 
4723,110600,26062019,25102021 115825, 480, 35349.9,  9.317,228.117,0.596066,  0.5,296.754,9.61e-01, 15.9,64.2, - 
4724,110800,09022016,25102021 151900,  51, 35409.2,  8.049, 20.229,0.164493,359.2,334.342,2.55e+00, 15.2, 3.1,573
4725,111000,13022016,25102021 231251, 541, 35532.0,  6.831, 28.689,0.140540,359.1,265.683,5.58e+00, 17.6, -  , - 
4726,111001,26032018,25102021 204738, 897, 35528.9,  6.640,227.609,0.248220,  0.7,224.621,6.96e-01, 18.5,31.5, - 
4727,111501,27022016,25102021 141150, 932, 39517.4, 16.640,311.054,0.510085,359.7,285.734,3.25e+01, 16.6, -  , - 
4728,111502,18082020,25102021 212204,   8, 35769.4, 13.485, 72.683,0.275429,359.8,167.381,3.82e+01, 16.9, 1.5,302
4729,111601,11012020,26102021 065345, 633, 35635.9, 21.586,  7.679,0.364082,359.7,101.654,9.10e-01, 12.8,88.6, - 
4730,111700,08112018,26102021 061050,1082, 35683.5, 22.212, 11.576,0.362295,359.7, 91.321,8.12e-01, 18.1, -  , - 
4731,111701,20102019,25102021 181416, 661, 35631.7, 13.178,208.022,0.075035,  0.5,118.954,1.55e+01, 16.4,47.0, - 
4732,111800,09102007,26102021 044409,1287, 36918.3, 30.909, 42.053,0.585286,359.8,173.877,7.68e+00, 17.9, -  , - 
4733,111801,17082013,25102021 141511,2759, 35703.5, 12.764,240.269,0.597789,  0.3,334.266,3.91e+01, 16.1, -  , - 
4734,111802,25032018,26102021 011124, 900, 35722.4,  4.877,221.245,0.254114,  1.0,244.876,3.04e+00, 17.3, -  , - 
4735,111900,12052017,25102021 230333, 902, 36092.2, 11.694, 45.314,0.411303,359.6, 93.391,2.29e+01, 16.6, -  , - 
4736,112300,17042020,25102021 160439,   1, 35788.8,  3.925, 51.135,0.172415,358.9,324.703,9.14e-02, 17.5, 0.1,  3
4737,112600,17032010,26102021 074501,3675, 35033.2, 26.477,305.066,0.550036,359.8,233.131,5.12e+01, 15.6, -  , - 
4738,112800,07112016,26102021 092216,1724, 35811.6, 34.664, 11.969,0.570871,359.8,181.523,5.08e+01, 17.1, -  , - 
4739,112801,15012018,25102021 151653,  95, 36000.9, 25.887, 28.983,0.420166,359.8,131.638,2.35e+01, 16.6,68.7, - 
4740,112802,05102020,25102021 163805, 277, 35961.5,  6.648,232.080,0.582682,  0.6,320.278,2.31e+01, 17.8,54.2, - 
4741,112900,09072012,25102021 213241, 821, 35778.5, 24.057, 23.550,0.607908,359.7,216.192,3.09e+01, 15.6, -  , - 
4742,113001,25102016,26102021 002232,  18, 35320.8, 18.747,  1.789,0.170961,359.6,180.223,9.88e+00, 16.4, 1.1,176
4743,113002,23032017,26102021 000707,1670, 35896.6, 13.575, 20.540,0.238772,359.5,227.904,1.03e+01, 18.1, -  , - 
4744,113100,15042009,25102021 202709, 114, 35747.9,  8.013, 30.971,0.151088,359.3, 96.521,5.59e+00, 16.2,27.8, - 
4745,113300,03052014,25102021 181355,  88, 35708.7, 14.629, 57.451,0.437945,359.7,215.876,1.61e+01, 17.2,12.2, - 
4746,113301,24032020,26102021 030419,  87, 35863.5, 11.109, 27.351,0.393661,359.4,215.848,1.46e+01, 16.6,24.0, - 
4747,113302,24032020,25102021 212351, 576, 36025.2, 11.219,  6.279,0.254943,359.4,324.677,9.41e-01, 17.9, -  , - 
4748,113500,06082008,25102021 114410,   1, 36299.5, 28.295,  5.336,0.200421,359.7,165.245,2.65e+01, 16.1, 0.2, 31
4749,113501,14112018,26102021 031203, 669, 36042.2, 11.490,  7.091,0.172143,359.4,218.589,6.30e+00, 17.5,19.2, - 
4750,113600,09042016,26102021 011231,  10, 36036.7,  8.156, 43.062,0.202593,359.4,131.019,4.42e+00, 17.3, 3.3,625
4751,113601,29042020,25102021 201638, 541, 36123.6,  8.259,210.890,0.322511,  0.7,260.990,7.08e+00, 16.9, -  , - 
4752,113700,17082018,26102021 002629,1133, 36109.0,  2.633,252.519,0.164696,  0.8,214.800,5.31e+00, 17.8,41.8, - 
4753,113900,21032018,25102021 111126, 345, 36112.8,  2.598,326.689,0.213148,357.9,152.010,4.60e+00, 17.2, -  , - 
4754,114000,07042016,26102021 052129,  71, 35967.6, 27.274, 24.709,0.402377,359.8,197.038,1.81e+01, 17.2, 6.1, - 
4755,114100,05082007,26102021 003809, 369, 35854.3,  8.504,234.496,0.499017,  0.5,282.609,3.09e+01, 16.9,72.6, - 
4756,114101,27012020,25102021 190758,   2, 35944.8, 25.620,359.035,0.590054,359.7,225.104,3.25e+01, 15.8, 0.3, 59
4757,114200,31082016,25102021 202555,   9, 37833.3, 31.817,324.268,0.162133,359.8,267.327,2.94e+01, 18.2, 1.4,240
4758,114201,02112019,25102021 212742, 670, 36184.0,  3.817,192.844,0.239590,  1.7,272.457,9.05e+00, 18.1,79.6, - 
4759,114300,28012017,26102021 113016, 376, 36262.9, 16.735, 58.946,0.518813,359.8,182.124,2.74e+01, 17.9, -  , - 
4760,114400,20062020,25102021 210238, 456, 36326.9, 16.121, 93.486,0.405412,  0.0, 87.581,2.79e+01, 16.5, -  , - 
4761,114500,24082019,25102021 181632, 369, 36364.0, 10.605,200.659,0.412355,  0.6,301.157,6.96e+00, 16.8, -  , - 
4762,114600,01092014,25102021 160200,   1, 36253.6,  5.261, 89.326,0.555888,360.0,153.162,3.31e+01, 15.9, 0.7,148
4763,114601,23042020,25102021 081106, 399, 36083.0, 25.242,  1.240,0.564672,359.7,227.358,2.48e+01, 16.3, -  , - 
4764,114604,22062021,25102021 123310,  48, 36309.1,  8.435,222.662,0.624878,  0.6,321.856,7.40e+00, 16.3,12.0, - 
4765,114700,19102019,25102021 103412, 140, 36227.2,  8.935,231.181,0.549010,  0.5,294.629,6.33e+00, 14.6,40.0, - 
4766,114800,04122018,25102021 201316,1052, 36539.4, 23.711,353.896,0.228089,359.7,138.727,1.84e+01, 17.4, -  , - 
4767,114902,13102020,26102021 051146, 351, 44345.9,  3.586,130.871,0.358421,  1.3,163.275,3.97e+00, 17.1, -  , - 
4768,114903,05042021,25102021 103621, 136, 36288.9, 23.748, 51.220,0.504770,359.8,193.746,2.92e+01, 17.0,59.8, - 
4769,115000,26082016,25102021 191330, 723, 36093.1, 10.686,177.990,0.476883,  0.6, 11.876,2.80e+01, 16.4, -  , - 
4770,115100,15032015,25102021 233315, 520, 36388.0,  6.224, 95.864,0.103296,  0.1,266.325,4.37e+00, 16.7,87.2, - 
4771,115101,19112019,26102021 042026, 325, 36311.8,  9.079,187.351,0.590589,  0.8,329.768,9.87e+00, 17.3,78.2, - 
4772,115201,27072014,26102021 043809,  44, 36476.8,  6.696, 45.439,0.148238,359.3,100.427,3.12e+00, 16.6,11.2, - 
4773,115202,05082019,26102021 085711,   9, 36654.4,  2.569,295.727,0.124408,358.9,177.068,4.06e+00, 17.9, 2.8,526
4774,115203,27092019,26102021 051935, 635, 36433.3, 24.090, 27.083,0.044916,359.7, 15.704,1.98e+01, 13.3,56.8, - 
4775,115300,21102019,25102021 111052, 731, 36407.8, 10.140,148.557,0.211323,  0.6,351.215,2.12e+01, 17.8, -  , - 
4776,115500,08052016,25102021 171638,  12, 36285.5, 17.177,357.111,0.129008,359.6,211.374,9.47e+00, 17.5, 1.1,221
4777,115600,07052019,25102021 194718, 728, 36370.4, 23.396, 51.500,0.490676,359.8,197.164,2.91e+01, 17.0,96.0, - 
4778,115700,17082017,25102021 134545,1488, 36441.5,  8.719, 64.309,0.389665,359.6,190.250,1.01e+01, 16.7, -  , - 
4779,115701,18092018,26102021 070403,  75, 36611.8,  4.165,241.008,0.156059,  0.8,272.048,4.68e+00, 17.0,19.3, - 
4780,115703,23022021,25102021 172640, 182, 36517.9,  8.207,226.405,0.265106,  0.6,223.533,2.25e+00, 16.4, 5.1,977
4781,115800,09032018,26102021 012320,  10, 36421.7,  8.548,225.864,0.410031,  0.6,315.430,2.15e+01, 17.1, 1.1,207
4782,115802,12092020,26102021 101101, 398, 36655.2,  7.064,217.561,0.614094,  0.8,315.473,8.92e+00, 17.1,72.8, - 
4783,115900,02052019,26102021 015916, 777, 36559.2,  2.601,243.518,0.136270,  1.1,231.279,5.63e+00, 17.6,39.5, - 
4784,115901,16102020,26102021 051210, 371, 36584.5,  7.503,241.431,0.498765,  0.4,259.802,8.20e+00, 17.5, -  , - 
4785,116000,14072016,26102021 120835,   2, 36370.4,  8.165,206.231,0.168199,  0.8, 31.568,1.57e+01, 16.3, 0.3, 57
4786,116100,25082009,26102021 060158, 249, 36358.5, 32.940, 45.840,0.512061,359.8,127.999,3.04e+01, 16.1, -  , - 
4787,116101,17092017,26102021 001355,1404, 36715.6, 35.284, 20.135,0.274502,359.8,241.089,2.43e+01, 18.0, -  , - 
4788,116200,14042007,25102021 123914, 369, 37670.1, 55.959, 36.866,0.542170,359.9,185.621,3.19e+01, 16.5, -  , - 
4789,116300,29102013,25102021 210251,   1, 36442.7, 28.278, 19.206,0.574803,359.8,223.249,2.72e+01, 15.6, 0.1, 29
4790,116302,17022020,25102021 220655, 251, 36645.9,  5.621,108.049,0.246973,  0.4,323.077,3.99e+00, 17.5,66.1, - 
4791,116401,18042020,26102021 024631, 549, 36001.6, 12.655, 38.259,0.742305,359.6,194.472,2.82e+01, 17.8, -  , - 
4792,116500,29092017,26102021 000923,1466, 36440.2, 36.781, 20.241,0.651673,359.8,218.578,3.33e+01, 17.3, -  , - 
4793,116700,03032017,26102021 130412,1257, 36781.6,  8.694, 26.375,0.117124,359.3,261.375,7.07e+00, 17.9,80.2, - 
4794,116900,18072009,26102021 024057, 409, 37169.5,  8.800, 25.046,0.026394,359.3,127.609,3.49e+00, 14.2,90.6, - 
4795,116901,02092016,25102021 125531,   2, 36760.7,  5.461,104.167,0.092687,  0.3,220.324,4.11e+00, 16.4, 0.1, 18
4796,117300,20042018,25102021 141827, 700, 36840.8,  5.606,236.421,0.208434,  0.7,223.829,2.13e+00, 17.4, -  , - 
4797,117601,26082019,25102021 144630, 275, 36940.9, 10.418,204.142,0.507882,  0.6,302.393,4.20e+00, 17.2, -  , - 
4798,117602,17032021,25102021 213235, 145, 36920.6,  8.786, 26.990,0.122118,359.3,256.209,6.90e+00, 17.8,12.5, - 
4799,117800,27022017,25102021 193427,   2, 36996.5, 16.783,310.723,0.137721,359.7,213.152,1.18e+01, 16.9, 0.2, 29
4800,118000,23022018,26102021 072654, 304, 37060.7, 31.374,339.525,0.600837,359.8,265.812,2.77e+01, 17.6,81.3, - 
4801,118100,02032016,25102021 103114, 992, 37859.8,  9.587, 74.345,0.139078,359.8,159.803,6.03e+00, 18.2, -  , - 
4802,118200,25102013,26102021 101326,1609, 37142.6, 30.930,333.021,0.508727,359.8,243.464,2.12e+01, 16.9, -  , - 
4803,118201,04122015,25102021 195411, 135, 36898.4, 17.051,338.310,0.242788,359.6,197.684,1.08e+01, 16.8, 6.6, - 
4804,118300,30112008,26102021 010836,   9, 37054.6,  2.674,125.634,0.155756,  1.5,222.240,1.14e-01, 16.6, 0.1, 21
4805,118301,19042018,25102021 222301,1239, 37059.3,  5.220,235.810,0.158697,  0.7,238.683,1.33e+00, 17.8,53.6, - 
4806,118302,19042018,26102021 044639,  28, 37061.6,  5.762,238.365,0.184156,  0.6,220.245,8.44e-01, 17.9, 1.5,281
4807,118400,01022016,26102021 030414, 232, 37081.2,  1.574, 39.488,0.136410,356.5,292.176,1.06e-01, 16.5, 2.2,416
4808,118402,25112019,25102021 230833, 695, 37163.1, 29.841,325.128,0.475796,359.8,207.443,4.03e+01, 17.3, -  , - 
4809,118500,25112016,25102021 201328,1754, 37047.7, 33.698, 18.892,0.253387,359.8,157.668,2.48e+01, 17.3, -  , - 
4810,118503,28022019,25102021 230218, 640, 37211.5, 29.468, 18.513,0.171692,359.8,146.995,1.96e+01, 13.4,62.8, - 
4811,118600,28112016,25102021 080422,1726, 37062.3, 37.869,  1.001,0.381594,359.8,232.912,2.68e+01, 17.1, -  , - 
4812,118601,25112017,26102021 005906, 984, 37091.3, 33.904, 18.474,0.259753,359.8,157.551,2.45e+01, 17.2, -  , - 
4813,118700,09032018,25102021 130708, 158, 37155.0,  8.644, 41.249,0.280471,359.4,293.635,3.68e+00, 16.6,15.0, - 
4814,119000,08092018,25102021 105745,1095, 37038.7, 20.489,300.120,0.403842,359.8,244.443,3.87e+01, 17.3, -  , - 
4815,119100,13032018,26102021 063916,  40, 37293.5,  3.165,265.172,0.138678,  0.2,203.335,2.65e+00, 17.1,12.6, - 
4816,119101,02092018,25102021 233659,   1, 37025.3,  5.938,206.830,0.199017,  1.0, 43.759,1.42e+01, 16.7, 0.1, 17
4817,119201,09072018,26102021 084646, 984, 37286.9,  9.896, 53.762,0.362381,359.6,113.937,1.15e+01, 17.2, -  , - 
4818,119400,25112008,26102021 121142,  16, 37296.7, 12.298, 67.894,0.139875,359.8,196.247,8.62e-01, 16.6, 0.2, 35
4819,119500,21112016,25102021 235806, 912, 37408.7,  5.074,356.639,0.049086,358.7, 17.087,1.29e+01, 17.2, -  , - 
4820,119503,27032020,25102021 215108, 570, 37491.2, 13.530, 10.313,0.233521,359.5, 71.137,1.22e+01, 17.9, -  , - 
4821,119700,09042018,26102021 052101,  19, 37279.4,  3.103,278.248,0.164361,359.7,182.775,5.54e+00, 18.1, 3.5,650
4822,119701,18052018,26102021 130142, 559, 37539.6,  5.753, 63.221,0.045395,359.4, 74.730,1.69e+01, 18.8,58.3, - 
4823,119702,27072019,26102021 075922, 135, 37340.8,  6.101,235.562,0.157567,  0.6,273.302,4.15e+00, 14.6,33.0, - 
4824,120000,01112015,25102021 202447,1552, 37311.0, 19.802, 44.693,0.393134,359.7,183.124,2.66e+01, 18.0, -  , - 
4825,120001,27042017,26102021 064711, 162, 37351.8,  8.524, 42.629,0.219749,359.4,117.150,4.90e+00, 15.9,30.4, - 
4826,120100,05022019,26102021 110326,   9, 37397.6, 16.057,309.711,0.193405,359.7,252.502,1.48e+01, 17.1, 1.0,151
4827,120200,02082019,26102021 015319,  10, 37522.1,  5.138,110.280,0.199353,  0.5, 37.741,1.01e+01, 16.8, 3.0,560
4828,120201,26092019,26102021 034244, 695, 37460.5,  2.725,188.610,0.231440,  2.5,344.285,7.23e+00, 17.4, -  , - 
4829,120300,13032018,26102021 020703,   2, 37524.4,  4.837,249.759,0.061013,  0.5,277.464,2.60e+00, 16.7, 0.9,149
4830,120400,05022016,25102021 133058,  18, 37521.9,  2.167,124.016,0.080509,  1.8,261.064,1.36e+00, 17.5, 2.2,339
4831,120401,23122017,25102021 133242,1401, 37525.8,  8.157, 20.941,0.088196,359.2,258.499,9.14e+00, 18.2,63.1, - 
4832,120500,24012017,25102021 112852,  24, 37522.5,  4.886, 83.832,0.073700,359.8,191.329,4.91e+00, 17.4, 0.7,110
4833,120501,16052018,25102021 221349, 819, 37513.2,  4.484,178.450,0.088008,  1.5,165.244,1.76e+00, 16.9,27.8, - 
4834,120601,20042020,26102021 043027, 540, 37969.1, 29.995, 19.539,0.322545,359.8,185.525,4.29e+01, 17.9, -  , - 
4835,120800,06112016,26102021 041202, 928, 37867.7, 22.883, 70.547,0.350235,359.9,173.386,3.96e+01, 16.5, -  , - 
4836,120801,16092020,26102021 063625,  82, 38096.3,  9.311,104.450,0.238071,  0.2,120.555,3.91e+01, 16.5,26.5, - 
4837,120900,08092016,26102021 014924,1814, 32308.5, 25.624, 23.168,0.761331,359.7,265.428,4.79e+00, 16.4, -  , - 
4838,121101,13032019,25102021 204403,  14, 37653.6,  2.078,197.448,0.098664,  3.1, 94.064,2.45e+00, 17.8, 1.2,236
4839,121200,10092020,25102021 104916,  88, 37830.6, 18.387, 51.969,0.249088,359.8,176.811,3.55e+01, 16.8,16.0, - 
4840,121400,01052013,26102021 000214,  16, 37717.1,  5.235, 50.217,0.146222,359.1,299.859,1.82e+00, 16.7, 0.6, 90
4841,121401,09102020,25102021 115121, 376, 37722.4,  6.297,246.163,0.458451,  0.4,261.379,3.14e+00, 17.6, -  , - 
4842,121500,21092012,26102021 110432,   1, 37830.2, 20.745,235.785,0.821434,  0.2, 46.343,8.81e-03, 11.2, 0.1,  1
4843,121501,11062017,26102021 121643,1588, 37736.6,  5.680, 96.863,0.236101,  0.1, 71.861,4.00e+00, 16.7, -  , - 
4844,121502,05012018,25102021 152446,1348, 37747.8, 34.757, 14.060,0.360520,359.8,213.540,2.27e+01, 17.6, -  , - 
4845,121503,28072019,26102021 083956,  55, 37732.7,  2.695,282.382,0.115019,359.5,187.126,4.37e-01, 17.7, 2.5,315
4846,121504,15042020,25102021 163341, 548, 37728.3,  7.002, 52.445,0.077713,359.4,200.210,9.89e+00, 17.7,24.5, - 
4847,121600,13042020,26102021 000432, 549, 37661.6, 22.007,356.043,0.250362,359.7,219.109,1.25e+01, 17.3,40.4, - 
4848,121700,14042020,25102021 181729, 217, 37761.2,  3.056,  6.941,0.086432,357.8,310.898,4.28e+00, 17.8,11.4, - 
4849,121800,09022007,25102021 135212,3689, 37806.4,  6.227, 53.268,0.036235,359.3,289.893,5.38e+00, 17.5, -  , - 
4850,121900,09032016,26102021 001623, 167, 37793.8,  3.806, 64.466,0.027748,359.2,278.523,4.64e+00, 17.5,37.9, - 
4851,121902,07102021,25102021 154029,  16, 37810.7, 27.340, 29.979,0.268762,359.8,118.524,2.10e+01, 18.2, -  , - 
4852,122000,17102009,26102021 050831, 555, 37963.5, 15.879, 15.622,0.165662,359.6,129.653,7.78e+00, 17.4, -  , - 
4853,122001,14032018,26102021 034752,1270, 37701.2, 10.557,117.188,0.447461,  0.3, 49.910,2.74e+01, 17.2, -  , - 
4854,122002,13102018,25102021 142112,  11, 37565.5,  5.508,271.347,0.234553,360.0,337.458,3.35e+01, 17.9,13.2, - 
4855,122003,15052021,26102021 035550,  93, 37838.0,  5.022,235.242,0.131833,  0.8,255.909,3.94e+00, 16.1, 1.9,336
4856,122300,12122015,26102021 015325,   7, 37056.8, 21.845, 27.818,0.327893,359.7,134.206,2.01e+01, 16.7, 0.7,130
4857,122301,20022018,26102021 134150, 614, 37984.6, 18.723,309.382,0.106626,359.8,174.508,2.41e+01, 17.1, -  , - 
4858,122303,14042020,25102021 232526, 553, 37918.9, 20.802, 45.777,0.443722,359.8,134.014,2.65e+01, 18.2, -  , - 
4859,122401,15062018,25102021 201915,1151, 37911.0,  4.088,223.463,0.077919,  1.2,294.253,3.66e+00, 15.9, -  , - 
4860,122402,05092018,25102021 232508, 428, 37901.7,  3.215,275.448,0.142984,359.8,185.329,1.11e+00, 17.5,22.2, - 
4861,122404,27032020,26102021 012954,  18, 37852.9,  2.820, 92.922,0.057569,  0.1,153.093,6.92e+00, 16.3, 6.3, - 
4862,122500,10042018,26102021 104414,1284, 38059.7,  5.060, 31.215,0.358639,358.8,181.556,5.01e+01, 17.1, -  , - 
4863,122501,06062018,26102021 005639,  42, 37834.7, 11.498,108.806,0.446447,  0.2, 58.093,2.82e+01, 17.0,29.1, - 
4864,122600,20092017,25102021 163746, 369, 38205.3,  6.784,252.339,0.533929,  0.3,254.918,9.66e+00, 16.6, -  , - 
4865,122800,02042017,26102021 021525, 577, 38159.3, 11.472, 47.963,0.149911,359.6,176.342,7.29e+00, 17.3,90.1, - 
4866,122801,24092017,26102021 011133,  41, 37983.6,  2.254, 87.456,0.075990,359.8, 15.190,1.61e+00, 17.8, 2.8,301
4867,122803,08072019,25102021 151023, 789, 38040.9,  7.114,256.594,0.424629,  0.2,240.068,4.48e+00, 17.1, -  , - 
4868,122804,01022020,26102021 043839, 235, 38027.1,  4.035, 16.293,0.144125,358.4,212.041,7.01e+00, 17.4,46.2, - 
4869,122900,04112015,25102021 085753, 191, 37920.5,  1.594, 97.658,0.014475,  0.6,263.433,6.73e+00, 13.8,77.4, - 
4870,122901,13092017,25102021 173444, 872, 37987.6,  8.277, 77.843,0.289542,359.8,146.823,1.57e+00, 17.7,58.1, - 
4871,123000,21112019,25102021 164718, 702, 38100.2, 25.585, 38.324,0.573551,359.8,191.879,3.64e+01, 17.8, -  , - 
4872,123103,10052021,26102021 085158, 164, 39209.0, 25.904, 11.833,0.256064,359.7,134.801,3.12e+01, 18.2, -  , - 
4873,123200,06022016,25102021 105321, 550, 37998.9, 13.308, 42.191,0.103847,359.6,198.393,6.86e+00, 17.7, -  , - 
4874,123300,09042018,26102021 042019,  45, 38169.8,  2.845,286.006,0.094679,359.4,212.883,4.40e+00, 14.5, 9.4, - 
4875,123400,21072015,26102021 083642, 918, 38344.6,  8.724,252.751,0.168145,  0.2,335.689,1.60e+01, 16.5, -  , - 
4876,123500,09122007,26102021 050328,   2, 38025.7,  4.959, 56.650,0.152893,359.2,189.548,5.19e+00, 15.5, 0.1, 11
4877,123502,27032020,25102021 203346, 195, 38125.6,  1.845, 79.727,0.082501,359.3,324.420,4.03e+00, 17.1,19.8, - 
4878,123601,14092017,25102021 210813,1346, 39642.5, 25.357,322.181,0.482174,359.8,220.990,3.17e+01, 17.7, -  , - 
4879,123602,11012018,26102021 053403,   3, 38156.4, 30.040,306.404,0.072785,359.9,145.407,1.91e-02, 16.9, 0.1,  3
4880,123700,25022011,26102021 042606,  48, 38169.9,  7.171, 48.921,0.140144,359.4,171.322,5.68e+00, 17.9, 6.2,991
4881,123701,04102016,25102021 125428,   1, 38062.7, 15.309, 30.998,0.444456,359.6,214.579,1.84e+01, 16.5, 0.2, 40
4882,123702,14042018,25102021 183722,  45, 38131.2,  6.801, 52.281,0.065194,359.4,135.647,5.61e+00, 16.8, 9.8, - 
4883,123703,01102021,25102021 162132,  24, 38172.5,  2.927,298.099,0.125601,359.0,154.114,3.15e+00, 18.1, 3.4,629
4884,123800,22102017,26102021 141811,  38, 38109.5,  2.040, 75.867,0.023355,359.1,224.253,4.13e+00, 17.2, 2.9,431
4885,123801,04032019,26102021 151451, 173, 38211.9,  4.250,161.354,0.078495,  1.5, 33.297,5.45e+00, 17.9, 6.8, - 
4886,123900,10032010,26102021 035959,   1, 38331.8,  9.184,296.916,0.226015,359.7,236.693,2.09e+01, 16.2, 0.1, 26
4887,123901,05092011,25102021 123152, 252, 38203.3, 15.057,358.020,0.162397,359.5,226.316,7.15e+00, 17.1,53.7, - 
4888,123903,30122016,25102021 092208, 808, 38093.3, 20.893, 90.120,0.209625,360.0, 54.320,1.61e+01, 16.8,69.2, - 
4889,123904,23032017,26102021 055744,  51, 38353.9,  6.979, 68.110,0.225165,359.6,143.134,4.32e+00, 17.1,15.3, - 
4890,124000,05032013,25102021 160109, 948, 38393.9,  9.125, 36.977,0.175808,359.4, 26.352,3.97e+00, 15.7,90.8, - 
4891,124001,19072015,26102021 022512,   4, 38371.9,  7.379, 43.297,0.142412,359.3,119.030,4.80e+00, 16.7, 0.8,140
4892,124200,18022012,26102021 032947,  18, 38276.7,  6.481, 43.969,0.089858,359.2,194.592,5.40e+00, 17.6, 0.5, 86
4893,124201,12122017,26102021 084544, 908, 38289.3,  7.769, 80.191,0.176254,359.8,136.255,5.96e+00, 18.1, -  , - 
4894,124202,13012019,25102021 173013, 490, 38292.8,  1.325, 93.875,0.098694,  0.3,284.077,1.78e+00, 18.2,36.8, - 
4895,124300,08042016,26102021 083629, 915, 38294.4, 11.936, 21.529,0.264461,359.5,179.122,9.35e+00, 17.7,75.5, - 
4896,124301,14112017,26102021 004749,1409, 38292.2,  1.020,183.081,0.057173,  6.6,138.530,2.14e+00, 17.9, -  , - 
4897,124400,02082019,26102021 035720, 374, 38278.4,  6.756, 47.887,0.149613,359.3,172.386,6.06e+00, 17.8, -  , - 
4898,124500,16082012,26102021 101547,1502, 38244.7,  3.735, 71.897,0.011247,359.4,134.844,4.13e+00, 17.3, -  , - 
4899,124501,10012013,25102021 152557,  13, 38394.7, 23.928,337.311,0.137014,359.7,213.119,1.09e+01, 16.8, 2.3,388
4900,124600,27072006,26102021 021645, 404, 38834.6,  8.103,344.739,0.229241,359.2,172.432,2.27e+01, 17.8,41.8, - 
4901,124601,12042018,25102021 193815, 939, 38355.1,  2.906,280.331,0.152404,359.6,202.907,1.57e+00, 18.1,71.7, - 
4902,124602,12092018,26102021 134427,1088, 38605.9, 24.338, 12.735,0.330845,359.7, 61.692,7.85e+00, 18.3, -  , - 
4903,124603,04072019,26102021 002639,   1, 38287.2,  4.313,194.804,0.351032,  1.5, 21.290,1.58e+01, 16.4, 0.2, 40
4904,124604,01052021,25102021 125833, 158, 38274.4, 19.300, 56.113,0.549132,359.8,157.365,3.40e+01, 17.0,63.0, - 
4905,124701,02092016,25102021 143939, 409, 38109.0,  4.526,332.209,0.153413,358.7,244.842,4.62e+00, 16.9,26.6, - 
4906,124704,27082019,25102021 171432, 787, 38348.8, 12.437,333.259,0.264122,359.5,245.550,1.10e+01, 18.6,57.2, - 
4907,124901,21022018,25102021 231813,  45, 38445.6,  5.017,350.475,0.138583,358.7,236.305,5.14e+00, 18.1, 2.3,325
4908,124902,22092019,25102021 213054,  16, 38497.1,  6.866,235.898,0.536389,  0.6,261.081,4.79e+00, 16.9,12.1, - 
4909,125000,14112010,26102021 024303, 955, 37247.1, 24.171,  7.207,0.536871,359.7,237.107,2.80e+01, 16.1, -  , - 
4910,125001,11102014,25102021 225459, 183, 38707.8, 33.287, 16.394,0.615720,359.8,208.106,1.72e+01, 15.1,33.2, - 
4911,125002,19052015,26102021 035720,1072, 38473.3,  3.431, 75.097,0.046337,359.5, 24.688,4.29e+00, 17.1, -  , - 
4912,125003,02102018,26102021 023115, 906, 38460.7, 27.734,  6.222,0.188065,359.7, 73.791,1.12e+01, 17.1, -  , - 
4913,125005,25102020,25102021 094912, 353, 38398.9,  7.160,237.310,0.631451,  0.5,292.705,1.06e+01, 15.0,58.8, - 
4914,125100,21012012,26102021 015502,   1, 38275.5, 24.218, 37.874,0.822359,359.8,177.801,7.95e-03, 10.5, 0.1,  1
4915,125102,10022019,26102021 030643, 390, 38464.8,  3.161, 79.257,0.092357,359.6,140.327,4.14e+00, 16.6, -  , - 
4916,125103,10112020,26102021 004534,  14, 38452.5,  2.598, 75.332,0.045593,359.3, 26.850,4.01e+00, 17.0, 4.6,887
4917,125200,17102017,25102021 170631,1429, 38308.3, 11.976,280.483,0.600997,359.9,284.308,4.24e+01, 17.5, -  , - 
4918,125201,26032019,25102021 182113, 937, 38493.2,  3.134,244.685,0.113778,  0.9, 47.602,1.00e-02, 18.1, 2.2, 37
4919,125300,01032016,25102021 172222, 134, 38543.2, 10.030, 37.775,0.102836,359.4,145.623,7.55e+00, 17.7, 7.3, - 
4920,125400,09032015,25102021 195536,  85, 38864.4, 12.476, 14.631,0.169048,359.5, 96.542,7.13e+00, 17.1,15.0, - 
4921,125401,28022017,26102021 040050,1700, 38519.7,  1.763, 80.821,0.152529,359.3,134.214,3.33e+00, 18.4,25.4, - 
4922,125501,11082018,25102021 111716, 227, 38664.1,  1.803,265.631,0.224931,  0.3,235.657,4.95e+00, 14.5, -  , - 
4923,125502,10032019,25102021 191115, 106, 38566.5, 13.574, 47.982,0.033234,359.7,342.973,4.35e+00, 17.3,20.9, - 
4924,125503,07052019,25102021 162744, 898, 38689.5, 23.705, 49.575,0.412760,359.8,109.210,2.48e+01, 17.5, -  , - 
4925,125600,11032018,25102021 180716, 551, 38598.3,  1.684,289.567,0.148656,358.8,205.930,5.84e+00, 16.3,89.9, - 
4926,125601,11072019,25102021 200946, 604, 38575.3,  1.909, 90.071,0.119590,360.0,136.705,2.33e-01, 13.8, 3.0,154
4927,125700,30082016,26102021 014929,  57, 38533.1,  4.357,119.947,0.214954,  0.8,  5.154,5.35e+00, 17.6, 2.3,270
4928,125802,25102019,25102021 220346, 492, 39353.3, 32.138,357.696,0.693206,359.8,188.936,4.71e+01, 16.4, -  , - 
4929,125803,31102019,26102021 124646, 721, 38455.7, 12.117,253.854,0.611785,  0.2,350.268,1.81e+01, 18.9, -  , - 
4930,125900,09102021,26102021 010301,  13, 38657.8,  4.850,248.016,0.789793,  0.5,303.376,3.12e+01, 17.6, -  , - 
4931,126000,04112015,25102021 223201,1719, 38818.4, 27.962,339.083,0.579845,359.8,197.575,1.83e+01, 17.2, -  , - 
4932,126001,30082021,25102021 182318,  26, 38683.8,  3.221,276.448,0.148819,359.8,191.272,3.35e+00, 14.5, 8.4, - 
4933,126100,02102007,26102021 012858,   4, 38603.0,  2.924, 85.416,0.244519,359.8,219.569,2.57e+00, 15.4, 1.5,296
4934,126300,09042018,25102021 125006, 102, 38691.8,  3.249,332.269,0.106523,358.2,153.345,1.46e+00, 17.7,10.3, - 
4935,126301,03012019,25102021 211152, 941, 38720.8, 17.728, 33.984,0.215409,359.7,139.233,2.00e+01, 17.7, -  , - 
4936,126302,20032021,26102021 154816, 217, 38573.4,  5.082,132.751,0.682289,  0.9, 85.043,4.08e+01, 17.6, -  , - 
4937,126303,02102021,25102021 102205,   8, 38744.1,  4.684,352.817,0.348885,358.6,220.231,4.90e+01, 17.1, 2.0,381
4938,126400,14092006,25102021 211918,   3, 38754.4,  2.797,233.297,0.041843,  1.4, 89.663,2.36e+00, 16.2, 0.5,103
4939,126401,15092015,25102021 235448, 179, 38752.1,  3.585, 93.640,0.083282,  0.1, 53.333,1.36e-01, 17.5, 2.9,372
4940,126402,17122017,26102021 075445,1298, 39008.9, 26.179, 20.220,0.721309,359.7,187.085,2.45e+01, 17.4, -  , - 
4941,126500,19112006,25102021 114912,  13, 38752.5, 10.087,245.684,0.075171,  0.3, 33.538,1.62e+00, 16.5, 0.2, 42
4942,126501,21092017,25102021 230955, 578, 38750.1,  4.231,247.641,0.125711,  0.6, 41.572,8.53e-01, 17.9,21.5, - 
4943,126502,26092019,26102021 025608,  70, 38818.3,  3.981, 53.256,0.237032,358.9,202.475,2.33e+01, 17.8, 9.2, - 
4944,126601,11032018,26102021 032526,   7, 38761.1,  5.329,245.936,0.137595,  0.5,207.854,1.13e-01, 15.7, 0.3, 28
4945,126700,10082015,25102021 203011,  39, 38870.7, 15.711, 44.211,0.090276,359.7,188.337,1.11e+01, 16.9, 2.8,522
4946,126701,17042018,26102021 012650,1285, 38799.0,  9.627, 68.328,0.324882,359.7,119.359,1.54e+01, 17.8, -  , - 
4947,126800,21062019,26102021 130346, 515, 38788.5, 10.106,188.200,0.580368,  0.7,326.090,3.58e+00, 16.6,84.7, - 
4948,126801,17112020,25102021 205820,   6, 38901.1, 27.630,352.593,0.171614,359.7,225.064,1.29e+01, 17.0, 0.8,143
4949,126900,16122015,25102021 151401, 571, 38826.1, 17.761, 12.080,0.216712,359.6,174.934,1.26e+01, 17.1, -  , - 
4950,126901,04032016,25102021 203052,1058, 38572.5, 27.331, 12.789,0.553365,359.7,182.297,2.30e+01, 17.3, -  , - 
4951,126902,05062016,26102021 052542,  59, 38788.5,  0.662,170.573,0.083199, 10.4, 97.735,4.88e+00, 16.7,17.2, - 
4952,126903,22102019,26102021 075708, 170, 38796.5, 12.661, 33.136,0.169922,359.5,162.048,2.28e+01, 16.3,17.5, - 
4953,126904,23012020,25102021 151035, 636, 38654.8, 32.821,353.899,0.518539,359.8,210.105,2.49e+01, 18.7,71.2, - 
4954,126905,07112020,25102021 174005, 347, 38793.1,  7.452,282.683,0.518593,359.8,216.476,8.61e+00, 16.4,69.4, - 
4955,127000,08122007,25102021 223759,  55, 38677.5,  0.310,210.506,0.019137, 15.6, 82.675,1.47e+00, 18.0, 6.9, - 
4956,127001,20042018,25102021 171027,1474, 38849.0,  1.511,268.592,0.110141,  0.1,330.044,4.28e+00, 17.6,29.9, - 
4957,127004,22042020,26102021 134551,  20, 38850.6,  3.817, 70.905,0.068229,359.4, 77.511,2.83e+00, 17.5, 3.1,535
4958,127101,12092016,25102021 150515,  29, 38927.6,  3.824,215.072,0.109209,  1.4, 52.406,5.25e+00, 17.0, 8.8, - 
4959,127102,24032020,25102021 174507, 576, 38844.0,  2.031,163.031,0.142998,  3.3, 79.875,5.59e+00, 18.1, -  , - 
4960,127103,12122020,25102021 091544, 315, 41844.1, 26.295,  9.569,0.339668,359.7,172.968,1.28e+01, 17.7, -  , - 
4961,127200,14032018,26102021 020253, 338, 38896.9,  2.604,244.199,0.083862,  1.1,107.171,3.13e-02, 18.0, 3.5,647
4962,127201,04102019,25102021 150519, 476, 38901.5,  9.189,117.396,0.232336,  0.3,227.048,4.83e+00, 17.2,16.9, - 
4963,127300,17102017,25102021 193331, 571, 38999.3,  7.493, 89.409,0.044669,360.0,172.632,1.77e+01, 16.7,48.4, - 
4964,127301,19122017,25102021 151725, 100, 38877.4,  3.661,276.683,0.111117,359.8,  5.458,3.71e+00, 17.6, 9.4, - 
4965,127401,05052016,25102021 105918, 364, 39354.6, 19.596,329.090,0.520341,359.7,279.320,3.10e+01, 17.2, -  , - 
4966,127402,22092017,26102021 114911,  21, 38917.2,  2.895,245.399,0.052184,  1.0, 35.348,2.13e+00, 17.7, 4.6,875
4967,127403,23012018,26102021 004423,1366, 38851.4,  5.617,267.620,0.225064,  0.1,281.472,2.91e+01, 17.6, -  , - 
4968,127404,18052018,25102021 203041, 107, 38926.0,  5.361,247.769,0.131656,  0.5,192.640,1.10e-01, 15.6, 3.2,613
4969,127405,11122018,26102021 020854,1043, 38946.9,  3.659,275.206,0.103068,359.8, 13.507,4.23e-02, 18.6, 6.7, 42
4970,127500,21032010,26102021 011409, 542, 39120.0,  2.967, 67.789,0.312668,359.1,115.366,2.37e+01, 17.5,72.6, - 
4971,127501,21032015,25102021 194655, 118, 38926.4,  6.500, 58.686,0.229296,359.4,310.754,5.05e+00, 16.6,57.9, - 
4972,127502,18072017,25102021 085523,  14, 38968.5,  1.862, 23.487,0.235651,356.5,214.421,5.13e+00, 17.6, 0.7,100
4973,127504,23102019,25102021 125850, 344, 38937.7,  5.747,227.681,0.105144,  0.8, 73.908,2.94e+00, 17.7,51.1, - 
4974,127505,23102019,26102021 032559, 726, 38951.3,  6.621,254.161,0.535196,  0.3,246.361,3.02e+00, 17.5, -  , - 
4975,127506,14082020,25102021 153307,   3, 39060.6,  7.904, 87.991,0.049735,360.0,167.227,1.77e+01, 16.7, 0.3, 52
4976,127700,19082014,25102021 211955,   2, 38994.1,  2.682,102.033,0.077634,  0.5,112.713,1.58e+00, 16.7, 0.1, 15
4977,127701,26072014,26102021 160136,  13, 38999.2,  3.647,247.953,0.039699,  0.7, 76.663,1.71e+00, 16.8, 0.4, 71
4978,127702,25112017,26102021 135319,  52, 39008.6,  3.659, 94.125,0.061612,  0.1, 95.629,1.19e+00, 17.5, 2.6,491
4979,127703,17032018,25102021 183023,1170, 38831.8, 33.794, 12.177,0.611930,359.8,193.359,2.45e+01, 18.0, -  , - 
4980,127704,20082020,25102021 172623,  29, 39003.8,  3.026,211.914,0.061314,  1.9,330.445,8.68e-01, 18.0, 1.5,202
4981,127800,31102015,25102021 213806,   5, 39027.9,  3.314,313.941,0.098926,358.6,256.116,8.61e-01, 17.4, 0.1, 11
4982,127801,21102015,25102021 101654, 948, 39238.2, 32.258,  1.872,0.732331,359.8,186.228,4.69e+01, 16.7, -  , - 
4983,127802,30042017,25102021 131406,1412, 39034.4,  4.291, 59.965,0.105763,359.2,182.591,3.94e+00, 17.5, -  , - 
4984,127803,13032018,26102021 012651,  13, 39054.3,  1.396, 19.221,0.195675,355.2,134.870,1.10e+01, 18.0, 0.7,126
4985,127804,13102018,25102021 180822,   2, 39037.3,  1.760, 52.128,0.106443,357.5,218.804,4.09e+00, 17.4, 0.2, 43
4986,127901,20072020,26102021 073655,   5, 39038.0,  2.120,119.632,0.069218,  1.7, 15.242,9.94e-01, 16.3, 0.4, 69
4987,128001,09112008,25102021 204557, 487, 39011.8,  3.376, 95.411,0.211296,  0.2,317.033,9.83e-01, 16.3,43.1, - 
4988,128002,07082013,25102021 235845, 148, 41486.7,  9.387,  4.024,0.266653,359.3,316.760,9.23e+00, 17.3,35.1, - 
4989,128100,03042013,26102021 024751,  14, 39029.3, 23.825, 36.853,0.280851,359.8,170.187,8.15e+00, 16.6, 0.6,110
4990,128101,29042017,26102021 023621,1411, 39090.6,  3.601, 98.197,0.086037,  0.3, 68.903,1.74e-01, 17.6,35.8, - 
4991,128103,27032020,25102021 140017, 559, 39481.8, 26.073, 33.094,0.124347,359.8,158.684,2.95e+01, 17.9, -  , - 
4992,128104,18032021,25102021 235550, 214, 39177.3, 33.351, 19.083,0.318563,359.8,155.344,6.13e+01, 18.1, -  , - 
4993,128200,02082014,25102021 134935,  31, 39135.4,  6.478, 46.215,0.140593,359.3,120.661,4.77e+00, 17.2, 1.8,273
4994,128301,03102019,25102021 135559, 735, 39304.7,  6.340,135.161,0.562365,  0.8, 36.825,2.04e+01, 17.0,69.3, - 
4995,128400,02102016,26102021 003643,  14, 39228.3,  2.373,312.645,0.084142,358.1,240.738,4.16e+00, 17.7, 1.1,209
4996,128401,06122015,25102021 203128, 190, 39095.0,  4.368,284.110,0.063087,359.6,  7.521,3.02e+00, 18.1,64.2, - 
4997,128402,10112017,25102021 234534,1340, 39222.7, 28.901, 39.995,0.342832,359.8,214.341,2.56e+01, 17.4, -  , - 
4998,128500,09022007,25102021 221410,   5, 39191.1,  3.518,316.429,0.063103,358.6,333.791,4.14e+00, 16.8, 1.4,264
4999,128501,11062021,25102021 160033, 134, 39159.2,  4.496,278.051,0.080609,359.8,343.846,2.24e+00, 17.0,36.9, - 
5000,128600,13022007,25102021 160101,  47, 39191.2,  1.875,126.296,0.070927,  2.3, 24.143,9.51e-01, 17.9, 3.2,589
5001,128604,02102019,26102021 004433, 753, 39168.2, 13.857,230.009,0.138733,  0.3,291.944,4.16e+00, 17.7, -  , - 
5002,128700,18012015,26102021 043601,  14, 39351.8,  7.840, 29.422,0.152350,359.2,142.301,5.85e+00, 17.0, 2.6,459
5003,128701,20072015,25102021 131521,  13, 39245.8,  8.557, 41.016,0.164337,359.4,155.340,7.81e+00, 16.7, 1.9,268
5004,128703,03022019,25102021 234040, 988, 39121.8, 29.703, 44.215,0.452763,359.8,133.931,1.68e+01, 17.9,76.2, - 
5005,128801,07022011,25102021 121950,3601, 39230.4,  9.744, 40.442,0.135515,359.5,122.605,7.90e+00, 16.9, -  , - 
5006,128802,10012019,26102021 054746, 895, 39213.7,  3.593,269.838,0.113980,  0.0,180.740,3.22e-01, 17.6, 8.7, - 
5007,128900,01102008,26102021 074308,   2, 39239.5,  4.079, 44.074,0.212992,358.8,205.681,3.57e+00, 16.1, 0.1,  8
5008,128901,09032018,25102021 174000, 229, 39240.4,  2.999,309.358,0.195292,358.6,146.241,1.96e+00, 17.3,57.5, - 
5009,129000,29122017,26102021 064433,  45, 39300.3,  2.694,192.557,0.131392,  2.5, 36.138,6.42e+00, 17.2,19.4, - 
5010,129001,09042018,26102021 130233,1271, 39242.8,  7.601, 55.351,0.280920,359.5,139.350,1.54e+01, 17.6, -  , - 
5011,129100,09082019,26102021 014426, 783, 39265.8,  8.816, 88.705,0.295254,360.0,161.153,9.23e+00, 17.0, -  , - 
5012,129202,30012019,26102021 021632, 824, 39171.1, 34.358,337.853,0.302201,359.8,237.812,2.46e+01, 17.4, -  , - 
5013,129300,09112018,26102021 034702, 158, 39243.4,  4.716,171.157,0.153651,  1.4,  5.239,1.17e+01, 17.3,25.2, - 
5014,129400,08042016,26102021 074358, 906, 39224.3,  8.740, 59.679,0.102463,359.6, 17.392,7.42e+00, 17.6, -  , - 
5015,129401,23092020,26102021 003616, 371, 39232.7, 42.333,347.452,0.584036,359.8,214.642,4.81e+01, 16.7,89.1, - 
5016,129402,12022021,26102021 150206, 247, 39366.7, 10.854, 51.877,0.265295,359.6,120.957,2.08e+01, 16.7,26.3, - 
5017,129500,09062007,25102021 195223,  87, 39072.2,  1.164,145.582,0.076850,  5.1,102.895,4.94e+00, 15.3,24.9, - 
5018,129501,22092008,26102021 160403,   1, 39366.8,  1.432,145.261,0.062733,  4.1,  4.801,8.22e-02, 14.6, 0.1,  2
5019,129502,13112010,26102021 090918, 717, 39358.6,  6.933,256.203,0.116901,  0.2, 37.552,2.41e-01, 17.5, 8.7, - 
5020,129503,20092015,25102021 231205,1620, 39398.6,  4.746, 57.681,0.190108,359.2, 58.447,3.01e+00, 17.0, -  , - 
5021,129504,04022016,25102021 204036, 533, 39358.9, 16.728, 28.440,0.152441,359.6,153.542,9.45e+00, 17.1,47.1, - 
5022,129600,27032019,25102021 144009, 941, 39252.7, 35.433, 20.976,0.612100,359.8,200.942,2.69e+01, 18.0, -  , - 
5023,129700,28042009,25102021 114909,   1, 39608.2, 13.914,  4.140,0.292091,359.5,106.546,6.57e+00, 14.9, 0.1, 12
5024,129702,21042018,26102021 065027,1280, 39439.4,  5.835, 75.378,0.361713,359.7, 87.427,5.19e+00, 17.4,44.9, - 
5025,129704,19052020,25102021 222645, 498, 39366.7, 18.910, 53.349,0.264832,359.8,185.016,1.07e+01, 17.5, -  , - 
5026,129900,12041993,26102021 005004,   0, 39454.1,  9.756,335.856,0.063575,359.4, 52.270,1.51e-02, 12.7, 0.1,  1
5027,129901,25012018,26102021 001157,  39, 38804.8, 16.282,275.650,0.354234,360.0,230.733,1.99e+01, 17.2,12.8, - 
5028,129902,23032018,25102021 201426,  44, 39399.9,  2.799,301.776,0.111930,358.8,291.990,4.50e+00, 16.9,24.3, - 
5029,129903,24032018,25102021 200653,  46, 39486.4,  3.003,325.109,0.042167,358.2, 96.075,4.59e+00, 17.5,18.3, - 
5030,130002,22012018,26102021 065334,1224, 39470.8,  2.517, 62.224,0.149725,358.7,246.790,1.33e+00, 18.5,22.6, - 
5031,130003,19012020,26102021 085405, 103, 39467.4,  2.446, 94.309,0.091492,  0.2,103.586,1.29e+00, 11.8, 2.5,475
5032,130005,16052021,26102021 111300,   9, 39441.9,  2.260,279.219,0.063705,359.6,319.817,5.17e+00, 16.9, 1.8,339
5033,130100,15042016,25102021 232016, 993, 39503.9,  6.684, 55.370,0.164039,359.4,154.882,4.01e+00, 18.3,68.2, - 
5034,130101,26072017,25102021 181137,  99, 40046.7,  7.020,  0.600,0.184854,359.0,186.406,2.96e+01, 17.5,97.3, - 
5035,130103,12102021,25102021 074037,  10, 39452.5, 33.544,333.450,0.336987,359.8,286.040,2.97e+01, 17.8,92.9, - 
5036,130200,30012006,25102021 153148,  40, 39526.0,  2.764,266.141,0.065437,  0.2,149.858,1.18e+00, 17.4, 3.3,283
5037,130201,26042014,25102021 172058,  14, 39169.2, 25.392,339.187,0.532132,359.7,230.651,2.10e+01, 16.9,14.3, - 
5038,130202,28022017,26102021 042745, 886, 39509.3,  4.168, 50.465,0.193098,358.9,313.311,3.95e+00, 17.3, -  , - 
5039,130203,27102017,26102021 004814, 309, 39604.3,  6.081, 26.020,0.099268,359.0,295.328,5.03e+00, 17.6,55.3, - 
5040,130204,11122018,26102021 044204, 111, 39315.8,  2.886,245.490,0.533171,  1.0,161.386,5.29e+00, 17.2,56.6, - 
5041,130300,07062010,26102021 052834,4156, 39520.4,  6.697,313.947,0.179914,359.3,265.337,1.00e-02, 19.4, -  , - 
5042,130400,22112013,26102021 020507, 293, 39398.5,  4.550,199.434,0.126579,  1.4, 45.344,6.39e+00, 17.1,56.2, - 
5043,130401,03102015,26102021 083633, 252, 39347.4, 12.640,334.462,0.612066,359.5,250.823,2.41e+01, 17.7, -  , - 
5044,130402,06112015,25102021 204218, 101, 39551.4, 32.531, 44.049,0.043660,359.8,133.058,2.13e+01, 16.5,24.6, - 
5045,130403,24032017,25102021 134737,   2, 39707.2, 14.142,332.459,0.159473,359.6,206.714,1.61e+01, 17.1, 0.5, 87
5046,130404,24102017,26102021 094740,1327, 38725.4, 19.878,316.652,0.752409,359.7,244.359,3.83e+01, 16.8, -  , - 
5047,130405,16022018,26102021 055632,1145, 40013.2, 34.878,351.935,0.265874,359.8,132.441,3.90e+01, 16.9, -  , - 
5048,130406,20022021,25102021 211012, 221, 39504.6,  7.166,328.262,0.457729,359.2,215.913,1.63e+01, 17.3,25.8, - 
5049,130500,15022007,25102021 191315,   0, 39484.5,  0.993,346.989,0.200928,353.5,320.911,2.18e+00, 14.2, 0.2, 31
5050,130501,28012017,25102021 235851,   1, 42165.5,  0.144, 97.116,0.000095, 30.2, 89.871,3.88e-03, 11.5, 0.1,  1
5051,130600,08102015,26102021 000906, 551, 39522.0,  0.224,190.588,0.157182, 25.6,345.925,5.53e+00, 15.4, -  , - 
5052,130602,23112019,25102021 122845, 367, 39581.8,  4.024,  3.142,0.461573,358.3,233.687,2.24e+01, 17.2,37.7, - 
5053,130605,18022021,26102021 111548, 104, 39559.4,  4.818, 83.565,0.540247,359.8,136.808,2.21e+01, 17.8,10.6, - 
5054,130700,24022017,25102021 085118, 375, 39504.0,  9.052,333.696,0.247509,359.3,259.429,1.02e+01, 17.4,70.6, - 
5055,130800,19072010,25102021 181721,   7, 39365.7,  5.555,  7.401,0.146628,358.8,188.737,9.10e+00, 16.3, 0.6, 69
5056,130802,28112016,25102021 221123,  11, 39576.0,  2.765,252.387,0.083745,  0.7,321.732,5.10e+00, 17.0, 2.5,445
5057,130900,18082017,26102021 000744,1493, 39453.3,  3.458,320.632,0.439143,358.5,271.203,2.16e+01, 17.9, -  , - 
5058,131000,06022016,25102021 232137, 219, 39871.4, 12.342,  5.478,0.197469,359.4,202.720,1.06e+01, 17.3,68.0, - 
5059,131100,26092013,26102021 045939,   0, 39712.3, 24.427,314.667,0.820859,359.8,262.392,9.26e-03, 11.1, 0.1,  1
5060,131200,11102013,26102021 111437,  10, 39721.6,  2.399,236.553,0.045401,  1.5,273.132,1.75e-01, 16.3, 0.5, 63
5061,131201,02052013,25102021 135000,   1, 39903.4, 14.050,315.653,0.251267,359.7,256.949,2.10e+01, 15.0, 0.1, 24
5062,131300,19112016,25102021 215425, 126, 39902.1, 28.174, 43.654,0.417170,359.8,192.075,2.15e+01, 16.5,12.5, - 
5063,131302,23032021,25102021 163540,  39, 39582.6,  3.969,  2.886,0.460539,358.3,233.145,2.25e+01, 17.3, 4.4,766
5064,131400,13012008,26102021 042226,   4, 39777.5,  1.659,301.546,0.057095,358.0,353.177,1.97e+00, 16.3, 0.2, 33
5065,131500,12032018,26102021 160557, 221, 39790.0,  3.952,267.677,0.096337,  0.1,354.703,2.28e+00, 18.3, 9.4, - 
5066,131501,22032018,26102021 130735, 974, 39836.1,  6.622, 91.344,0.212666,  0.0, 43.472,7.17e+00, 17.6, -  , - 
5067,131502,04022019,26102021 013035, 198, 39845.3,  6.000, 75.663,0.092040,359.7,125.774,7.17e+00, 17.6,39.2, - 
5068,131503,03062019,25102021 231254, 689, 39784.4, 11.199, 73.979,0.141493,359.8,208.250,7.01e+00, 17.8, -  , - 
5069,131600,26092009,25102021 080502,  88, 39705.7,  4.305,302.673,0.124784,359.2,331.063,5.04e+00, 17.3,14.7, - 
5070,131601,31032014,26102021 003801, 349, 40203.9, 24.454, 13.316,0.291595,359.7,185.820,1.89e+01, 18.2,36.7, - 
5071,131602,26102014,26102021 054818,  23, 39738.0, 11.317,108.533,0.158405,  0.2,136.835,7.50e+00, 17.1, 1.3,157
5072,131701,02032016,25102021 171251,  80, 39811.0, 14.038, 39.993,0.254095,359.6,161.867,1.00e+01, 16.3,44.7, - 
5073,131800,15112012,25102021 154827,  10, 39864.7,  5.368,298.084,0.068915,359.4,356.013,1.08e-01, 17.3, 0.3, 43
5074,131801,03082016,25102021 191559,   9, 39832.7,  5.721,290.859,0.059885,359.6,341.633,6.78e-02, 17.9, 0.2, 33
5075,131804,02032021,25102021 190400,   5, 39179.3, 29.449,347.540,0.626703,359.8,193.416,4.69e+01, 16.7, 1.3,242
5076,131900,05082007,26102021 115727,  30, 39863.2,  2.474, 98.425,0.078092,  0.4, 85.454,2.00e-01, 15.5, 0.8,111
5077,131901,28042017,25102021 210944, 262, 39840.1,  2.079, 71.207,0.044007,358.9,123.087,2.66e+00, 17.8,10.7, - 
5078,131902,11102018,26102021 004111,1040, 40072.0, 10.410, 54.793,0.635968,359.6,139.302,3.43e+01, 17.2, -  , - 
5079,131904,03022019,25102021 123222,  11, 39864.0, 26.008,336.932,0.142785,359.8,283.263,1.08e+01, 17.6, 4.8,789
5080,132000,01032016,26102021 101020,  99, 39916.4, 24.922,337.523,0.477433,359.7,243.927,3.77e+01, 15.9,34.9, - 
5081,132001,27012017,25102021 190410, 340, 39878.8,  5.710,289.914,0.040796,359.6,297.924,1.52e+00, 17.9,47.0, - 
5082,132002,04012020,26102021 011123,   7, 39889.5, 18.565, 56.529,0.100396,359.8,207.856,5.66e+00, 16.3, 0.3, 37
5083,132100,25082016,26102021 011730,  10, 40000.8,  8.907, 24.852,0.038167,359.3,104.427,8.31e+00, 17.0, 1.4,129
5084,132101,23122017,25102021 200946,1288, 39881.9,  4.202, 95.951,0.229253,  0.2, 38.557,5.72e+00, 18.0,38.7, - 
5085,132102,11032018,25102021 230316,1021, 39940.1,  3.918,206.127,0.122197,  1.6, 41.694,1.46e+01, 17.4, -  , - 
5086,132103,09092018,25102021 214043, 130, 39920.6,  2.084, 84.345,0.084065,359.6,158.698,5.78e+00, 17.8,19.9,881
5087,132106,27102019,26102021 125201, 348, 39833.6,  8.966,108.305,0.343343,  0.2,123.543,1.50e+01, 17.3,44.9, - 
5088,132203,09102021,26102021 015654,  14, 39912.2, 25.776,313.165,0.150975,359.8,196.552,1.85e+01, 16.4,78.2, - 
5089,132300,04102018,26102021 101304, 374, 39939.5,  4.456,259.339,0.115741,  0.3,192.464,5.92e-01, 16.8,34.2, - 
5090,132302,21062021,25102021 111738,  56, 39658.5,  2.131, 37.078,0.458308,357.3,206.667,3.62e+01, 17.6,22.4, - 
5091,132402,12102020,25102021 213757,   1, 39904.2,  6.168, 56.536,0.222912,359.4,228.296,4.55e+00, 15.4, 0.5, 90
5092,132500,26102011,26102021 025006,  16, 39923.1,  6.391,294.989,0.068582,359.6,184.133,7.90e-01, 17.5, 1.4,265
5093,132501,21022017,25102021 192332, 137, 40256.9, 29.593,  8.219,0.240755,359.8,180.500,3.25e+01, 16.8,98.8, - 
5094,132502,21082017,26102021 023916,1463, 39735.9,  3.906,348.111,0.453880,358.3,248.425,2.24e+01, 17.4, -  , - 
5095,132503,15032018,26102021 110606, 186, 39580.7, 26.794,340.046,0.502692,359.8, 38.198,3.17e+01, 16.4, -  , - 
5096,132600,14022013,25102021 153301,  10, 40037.5,  2.886,274.159,0.121704,359.9,156.866,3.38e+00, 14.9, 0.5, 88
5097,132601,23112006,26102021 155020,  14, 39989.1,  5.161,269.000,0.067773,  0.0, 68.576,4.37e-01, 17.5, 1.1,111
5098,132602,08112010,25102021 152545, 572, 40217.7, 13.410, 53.440,0.495489,359.7,162.178,8.47e+00, 16.1, -  , - 
5099,132603,16032015,25102021 212923,   1, 40333.1,  4.991, 87.458,0.410139,359.9,136.843,1.58e+01, 16.0, 0.1, 18
5100,132604,19092017,26102021 021309,  17, 40005.4,  3.083,256.044,0.045743,  0.5,144.938,2.03e+00, 17.6, 1.3,229
5101,132605,08102018,26102021 043149, 365, 39955.5,  2.071, 90.172,0.097454,360.0,177.001,2.07e+00, 17.2,76.4, - 
5102,132700,19092017,26102021 033837,  23, 39723.4,  3.634,215.944,0.034510,  1.5,318.253,6.10e+00, 17.5, 1.4,173
5103,132702,16022021,26102021 043046,   4, 40016.6,  3.056,259.010,0.092498,  0.4, 11.373,2.21e+00, 18.1, 0.2, 43
5104,132800,11092017,26102021 025805,1501, 40025.3,  4.367, 13.722,0.084438,358.5,259.554,5.35e+00, 18.2, -  , - 
5105,132802,13112020,25102021 170304, 342, 40014.1,  4.202, 73.843,0.397303,359.5,114.094,5.33e+00, 17.7, -  , - 
5106,132901,20102017,25102021 202912,  18, 40054.4,  4.575, 71.386,0.044016,359.5,149.479,1.74e-02, 18.4, 0.3, 16
5107,132902,15042018,26102021 034303,   0, 40052.8,  2.896, 84.566,0.043649,359.7,155.876,1.00e-02, 10.5, 0.1,  1
5108,133000,19102015,25102021 184249,  10, 40057.9,  5.160,273.865,0.051998,359.9,308.470,4.33e+00, 18.1, 0.5, 89
5109,133002,09012018,25102021 191604,1347, 40103.1, 42.670, 19.101,0.612265,359.8,166.891,2.13e+01, 16.9, -  , - 
5110,133003,19022018,26102021 042636, 632, 39926.7, 24.965,311.925,0.152982,359.8,195.999,1.86e+01, 16.2,80.7, - 
5111,133101,14032018,25102021 152445, 134, 40003.0,  2.440,232.833,0.246615,  1.7,345.082,1.41e+01, 17.4, -  , - 
5112,133102,20062018,26102021 095950,  65, 40101.4,  5.038,251.566,0.089030,  0.4,209.471,2.46e-01, 14.4, 1.7,286
5113,133202,11022021,25102021 233845, 163, 18134.1, 24.970, 50.015,0.587678,359.8,151.864,3.74e+01, 17.5,18.6, - 
5114,133300,19052006,25102021 173637,  10, 40154.3,  6.394,292.678,0.046842,359.6,255.401,1.74e+00, 16.0, 0.5, 82
5115,133302,30042017,26102021 154349,  56, 40160.7,  6.655, 93.570,0.180132,  0.1,140.327,8.80e+00, 17.5, 9.5, - 
5116,133303,14022018,25102021 143721,  11, 40261.0, 38.387, 14.765,0.589330,359.8,178.774,3.21e+01, 17.5, 1.6,304
5117,133304,04032018,26102021 042619,   3, 40135.1,  3.219,281.357,0.091798,359.6,183.469,1.54e-01, 14.3, 0.1, 13
5118,133307,28122019,26102021 025839, 165, 40118.6, 18.165, 57.322,0.173940,359.8,129.115,6.86e+00, 15.7,93.4, - 
5119,133400,01012008,25102021 231038, 815, 40156.3,  4.509,306.670,0.206185,359.1,272.548,2.34e+00, 16.9,52.1, - 
5120,133402,11102018,25102021 234259, 284, 40083.1,  2.267,251.834,0.010617,  0.9,166.916,2.86e+00, 16.5, -  , - 
5121,133403,03082019,26102021 154540,   9, 40169.1,  5.636,303.965,0.083028,359.3,268.507,2.35e+00, 16.7, 1.0,174
5122,133501,20052007,25102021 220352,3694, 40223.1,  3.998, 67.258,0.107024,359.3,115.091,2.56e+00, 14.7, -  , - 
5123,133503,26082016,25102021 224830,  10, 40096.1,  1.804,355.409,0.169972,356.2,251.526,7.87e+00, 18.0, 0.8,148
5124,133504,30072016,26102021 044607,  49, 40177.1,  6.745,292.437,0.057189,359.6,339.024,3.45e-02, 17.9, 1.0,125
5125,133506,16092017,25102021 153053,  10, 40161.3,  5.625,242.806,0.159198,  0.6,265.476,5.00e+00, 17.5, 0.4, 48
5126,133507,17092017,26102021 032228, 698, 40083.5,  5.944,334.369,0.102042,359.0, 13.858,3.01e+00, 18.0, -  , - 
5127,133509,10012021,25102021 181110,  11, 40186.5,  6.419,285.400,0.256775,359.7,330.307,2.40e+01, 17.2, 1.3,229
5128,133600,08032016,25102021 213222, 642, 40146.9,  2.133, 65.497,0.039308,358.6,164.099,2.86e+00, 17.7,45.1, - 
5129,133601,07092016,25102021 205843,  10, 40197.0,  6.689,294.359,0.052042,359.6,317.246,5.45e-02, 18.1, 0.3, 34
5130,133603,20032018,25102021 193356,  10, 40175.1,  3.186,282.804,0.093367,359.6,181.340,2.22e-01, 17.4, 0.4, 65
5131,133700,17092015,25102021 185853, 728, 40016.0, 21.119, 27.474,0.424468,359.7,186.795,6.92e+00, 17.4, -  , - 
5132,133701,18022018,25102021 211425,  14, 40287.6,  5.172, 34.750,0.096528,358.9,350.461,4.93e+00, 17.5, 1.6,265
5133,133703,08022021,26102021 051918, 200, 40221.9,  3.164, 87.891,0.098650,359.9,167.468,1.18e+00, 17.7, 3.9,648
5134,133801,07122016,25102021 214222,1755, 40274.9, 21.410,326.445,0.671405,359.7,293.078,4.37e+00, 16.6, -  , - 
5135,133900,26042006,25102021 233151,1286, 40410.4, 15.181,  1.213,0.469998,359.5,181.950,1.34e+01, 16.9, -  , - 
5136,133901,20102006,25102021 150545,   1, 40479.5, 27.227,343.766,0.139382,359.7,277.836,1.18e+01, 15.8, 0.1, 13
5137,133902,04112011,26102021 012618,   3, 40090.5,  3.641,251.987,0.181869,  0.6,300.875,5.98e+00, 15.8, 2.3,333
5138,133903,27092013,25102021 153632, 391, 39982.2,  6.123, 55.457,0.191497,359.3,224.320,4.58e+00, 15.5, -  , - 
5139,133905,30082016,25102021 194501,  45, 40173.5,  2.660,130.037,0.184288,  1.7,129.504,7.52e+00, 17.4, 4.5,674
5140,133906,14032018,25102021 122351,  27, 40224.7,  1.979,232.075,0.132925,  2.1, 14.754,4.17e+00, 17.9, 1.7,308
5141,134000,08122007,25102021 233441,   2, 40217.1,  5.272, 75.203,0.055402,359.7, 47.719,3.92e+00, 15.6, 0.9,165
5142,134001,23012017,26102021 092956,  18, 40246.5, 13.354, 16.144,0.302486,359.5,199.543,1.21e+01, 17.1, 2.8,413
5143,134002,24032017,26102021 052012, 158, 40281.6,  7.864,281.398,0.101012,359.8, 16.583,8.33e-02, 17.6, 3.0,231
5144,134100,11062012,25102021 091445, 638, 40397.1,  5.325, 69.826,0.116288,359.5,111.755,2.59e+00, 17.5, -  , - 
5145,134102,12032018,25102021 095016,   1, 40285.0,  3.604,268.432,0.068935,  0.1,195.957,1.33e+00, 15.9, 0.1, 24
5146,134103,12062018,25102021 170207,1230, 40280.5,  1.727,241.789,0.197704,  1.8,304.475,6.27e+00, 18.0,36.1, - 
5147,134104,15102018,25102021 091718,1104, 40285.2, 19.423,353.313,0.203277,359.6,311.634,7.56e-02, 16.7, 3.1,245
5148,134105,30112018,25102021 190405,1024, 40243.1,  2.264,256.455,0.097305,  0.7,249.021,9.14e+00, 16.8, -  , - 
5149,134106,09012019,25102021 154422, 568, 40289.6,  3.469,291.546,0.019741,359.3,264.651,1.97e+00, 16.2,20.3, - 
5150,134107,12102021,26102021 044346,   9, 40209.6, 18.114,292.678,0.516566,359.9,235.346,3.79e+01, 16.8, 9.9, - 
5151,134200,19102006,25102021 070524, 340, 40358.5,  6.977,295.617,0.053343,359.6,328.712,3.84e-01, 16.8,18.7, - 
5152,134300,27072014,25102021 143207,  13, 40330.4,  3.017,265.180,0.081630,  0.2,167.556,2.38e+00, 17.2, 0.7,137
5153,134302,11072016,26102021 035002,1516, 40348.8,  5.198, 68.440,0.153312,359.5,153.163,1.84e+00, 17.3, -  , - 
5154,134303,14092017,26102021 033905,1317, 38872.6, 24.707, 20.026,0.342706,359.7,165.630,3.66e+01, 17.4, -  , - 
5155,134304,16012018,25102021 115812, 703, 40318.7,  1.081,149.851,0.099598,  5.8,346.990,4.67e+00, 18.0,18.6, - 
5156,134305,17042020,25102021 131752, 368, 40323.0, 12.298, 51.836,0.354031,359.6,176.585,7.13e+00, 16.1, -  , - 
5157,134306,08112020,25102021 202349, 348, 40321.1, 24.139, 12.410,0.316602,359.7,201.756,2.06e+01, 18.1, -  , - 
5158,134400,31072006,26102021 131907,  55, 40405.4,  0.506,259.836,0.038372,  2.0,306.935,5.50e+00, 17.5,12.6, - 
5159,134402,28092011,26102021 084256,   4, 40324.8,  6.837,296.577,0.061170,359.6,318.704,6.76e-01, 16.3, 0.7,104
5160,134403,04122013,26102021 013749, 202, 40348.1,  3.879,299.823,0.282914,359.2,297.891,4.17e+00, 17.0,56.4, - 
5161,134404,16122015,25102021 114733,  51, 40377.0,  5.835, 45.287,0.057034,359.2, 12.722,4.53e+00, 17.4, 3.5,496
5162,134406,30112017,26102021 022159,   9, 40245.4,  4.091, 81.592,0.243325,359.7,121.234,1.81e+00, 14.5, 1.3,254
5163,134408,03062021,26102021 041451,  49, 40362.8,  2.111,298.678,0.080466,358.5,321.027,3.94e+00, 17.3,10.3, - 
5164,134500,28102016,26102021 025407,  20, 40306.6,  7.988,333.612,0.113111,359.2,260.164,7.43e+00, 17.2, 1.4,198
5165,134501,14122018,26102021 143415, 443, 40362.4,  0.534,236.055,0.043962,  6.1,282.461,1.59e-01, 17.2, 5.6,971
5166,134502,03102021,26102021 174858,   1, 40364.3, 10.201, 78.264,0.558252,359.9, 69.887,9.51e+00, 16.6, 0.4, 37
5167,134600,17012008,26102021 135604,   1, 40352.9,  2.468,  5.161,0.045970,357.2,150.854,4.53e+00, 15.3, 0.1,  5
5168,134602,26072014,26102021 025233,   7, 40492.8, 21.643, 40.037,0.077542,359.7,177.194,1.05e+01, 16.1, 0.4, 65
5169,134604,08062016,25102021 133420,  45, 40333.7, 25.881, 53.772,0.484872,359.8,154.711,1.78e+01, 16.5, 3.8,694
5170,134605,30072016,26102021 033739,  29, 40413.9,  0.529, 51.750,0.006786,350.3,300.499,3.12e+00, 18.4, 1.5,266
5171,134608,08102020,26102021 071654,   3, 40261.3, 14.357,297.626,0.317043,359.8,302.452,2.44e+01, 17.0, 0.4, 72
5172,134609,14042021,25102021 203915, 163, 40395.2,  5.692,272.152,0.086292,360.0,338.119,1.87e+00, 18.2,37.2, - 
5173,134610,11052021,25102021 181324, 137, 40358.7, 11.527, 51.639,0.319425,359.6,180.205,5.90e+00, 16.1,46.5, - 
5174,134700,16062007,26102021 041142, 207, 40453.9,  1.846,275.371,0.042215,359.7,133.612,1.46e+00, 15.8,38.9, - 
5175,134701,05092016,26102021 024741,  45, 40151.7,  2.641,258.593,0.077518,  0.5,335.057,5.27e+00, 17.8, 2.2,329
5176,134702,17092017,26102021 034439,  22, 40416.7,  6.073,273.936,0.078263,359.9,  9.770,3.68e+00, 17.8, 1.3,248
5177,134704,15032018,25102021 143104,   2, 40369.1, 23.730,306.779,0.534761,359.8,266.141,2.87e+01, 17.1, 0.3, 55
5178,134705,14082018,26102021 023415,  24, 40423.3,  0.211,321.567,0.057958,342.0,303.749,2.68e+00, 17.7, 6.3, - 
5179,134707,12052021,25102021 233937, 123, 40461.8, 20.871, 30.830,0.013296,359.7,219.689,9.49e+00, 16.8, 6.0,991
5180,134708,20012020,25102021 094125, 641, 40393.3, 22.436,319.862,0.133991,359.8,195.959,1.52e+01, 18.2, -  , - 
5181,134800,30012016,26102021 073058, 423, 40422.6, 12.777, 10.360,0.056231,359.5,113.281,2.35e-01, 16.9,14.5, - 
5182,134801,16012018,25102021 205505, 931, 38895.2, 24.358,350.044,0.517032,359.7,191.530,5.06e+01, 16.1, -  , - 
5183,134802,13042020,26102021 080233, 558, 40428.2,  2.986, 67.532,0.089600,359.1,211.582,2.10e+00, 18.1, -  , - 
5184,134901,10102010,26102021 154804,  13, 40457.1,  7.197,298.025,0.043372,359.6,303.945,3.61e-02, 16.1, 0.4, 44
5185,134902,18082014,26102021 042617,   7, 40447.9,  5.174,276.034,0.028648,359.9,  4.179,1.38e+00, 17.0, 0.7, 96
5186,134903,09092016,25102021 110330, 218, 40522.0,  5.484,276.142,0.063998,359.9,312.265,1.96e+00, 17.6,24.0, - 
5187,134904,19022020,25102021 222324, 612, 40263.5, 35.765,359.968,0.586861,359.8,212.533,2.76e+01, 18.2,79.8, - 
5188,134906,31032021,26102021 042858,   5, 40456.3,  1.892,276.884,0.039010,359.6, 94.476,1.53e+00, 15.6, 0.5, 96
5189,135001,27042012,25102021 221708,2568, 40370.8, 13.570, 29.292,0.282437,359.6,254.256,8.83e+00, 16.0, -  , - 
5190,135003,13032018,25102021 141017,   2, 40641.0, 21.137,326.079,0.129925,359.7,186.310,1.14e+01, 16.9, 0.4, 48
5191,135101,08062008,26102021 114830, 615, 41064.2, 20.228, 33.679,0.384569,359.7,119.454,4.14e+00, 17.2, -  , - 
5192,135103,12062016,25102021 205638,   0, 41129.1,  6.223,349.959,0.021655,358.9,229.439,1.00e-02, 10.8, 0.1,  1
5193,135105,12092020,25102021 234053,  10, 40337.5,  8.311,312.431,0.298504,359.5,303.936,2.02e+01, 17.5, 1.1,179
5194,135200,23042011,25102021 221632, 121, 40575.1,  1.781, 74.503,0.078907,358.9,  9.807,4.54e-01, 13.1,15.9, - 
5195,135201,16022013,25102021 210048,   3, 40511.7,  2.083, 76.340,0.038076,359.2, 42.545,2.00e+00, 16.4, 0.5, 84
5196,135203,30092019,26102021 151735, 314, 40592.3,  9.546,184.376,0.593917,  0.7,319.990,7.37e+00, 15.1, -  , - 
5197,135204,19042020,26102021 031420, 549, 40127.8, 15.836, 61.281,0.716382,359.8,194.628,2.07e+01, 17.9,52.8, - 
5198,135300,26062009,26102021 035847,   3, 40534.4,  7.492,229.580,0.098025,  0.6,296.255,5.79e+00, 17.1, 0.2, 25
5199,135302,30082016,25102021 220534,   9, 40528.5,  1.890,244.565,0.054190,  1.5,129.754,4.81e+00, 18.1, 0.2, 41
5200,135303,29062017,26102021 024337, 437, 40530.1,  7.369,298.922,0.038382,359.6,292.725,5.89e-02, 17.5, 3.5,620
5201,135400,04112007,26102021 000526,   1, 40277.1,  2.642, 86.976,0.007486,359.8,110.177,1.13e+00, 16.9, 0.1, 20
5202,135401,02072017,25102021 031518,1521, 40676.4, 25.253,340.467,0.708960,359.7,249.600,3.14e+01, 17.2, -  , - 
5203,135402,16122017,26102021 073211, 957, 41043.6,  4.560, 61.617,0.249456,359.3,108.165,2.55e+01, 16.8, -  , - 
5204,135403,15062018,26102021 022540, 908, 40516.6,  3.015,268.924,0.053956,  0.1,232.991,3.37e+00, 18.2, -  , - 
5205,135404,15082018,25102021 071804, 370, 40216.0, 12.466, 40.256,0.414641,359.6,210.859,2.10e+01, 17.2, -  , - 
5206,135406,21012020,26102021 092001, 544, 40523.2, 13.456, 79.377,0.270561,359.9,110.893,1.67e+01, 17.6,83.0, - 
5207,135407,25022020,25102021 175527, 593, 40440.2, 19.940, 62.639,0.727128,359.8, 97.002,1.21e+01, 13.1, -  , - 
5208,135500,03052011,25102021 191859,  13, 40573.3,  7.398,292.040,0.045802,359.7,309.482,2.98e+00, 17.2, 0.5, 63
5209,135502,22052018,25102021 181710, 132, 40564.6,  1.782,269.619,0.029948,  0.1,202.270,1.79e-01, 16.4, 5.6,917
5210,135503,04112018,26102021 082742, 998, 40570.3, 41.881, 20.442,0.490669,359.8,250.360,3.21e+01, 16.6, -  , - 
5211,135600,05072016,25102021 114904, 108, 40579.8,  0.455, 69.141,0.037801,352.8, 24.230,1.61e-01, 12.6, 4.4,467
5212,135601,20072020,25102021 194724,  73, 40595.2,  0.237, 85.258,0.022101,354.7,183.779,1.72e-01, 17.4, 2.2,367
5213,135702,15112019,25102021 095349, 131, 40526.0,  4.230, 87.228,0.307425,359.9, 44.044,1.93e+00, 14.5,37.3, - 
5214,135704,12102021,25102021 202735,  11, 40590.2, 21.483,321.992,0.336839,359.7,225.878,1.55e+01, 17.4, 2.1,343
5215,135800,09052016,26102021 025102, 280, 40585.7,  4.372, 77.651,0.065054,359.6,230.246,1.59e-02, 17.3, 3.1,471
5216,135801,28042017,25102021 201138, 403, 40321.4,  3.367, 56.810,0.183127,358.8,179.936,7.39e+00, 17.9,97.4, - 
5217,135802,14072017,25102021 175201,  18, 40632.6,  4.629, 75.434,0.039225,359.6,124.406,6.39e-02, 17.4, 0.3, 44
5218,135803,24022018,25102021 090316,1199, 40635.6,  7.559,300.997,0.046128,359.5,300.773,4.50e-02, 18.0, 4.1,658
5219,135804,15032018,25102021 163849, 533, 40614.2,  2.223,258.131,0.197639,  0.6, 54.140,3.12e+00, 16.9, -  , - 
5220,135805,03042019,26102021 084907, 409, 40628.3,  2.785, 99.975,0.207108,  0.4,103.944,3.22e+00, 14.4, -  , - 
5221,135806,09082019,26102021 134925, 753, 40547.2, 20.404, 82.449,0.061427,360.0,186.938,1.69e+01, 17.1,60.8, - 
5222,135807,14102020,25102021 074709, 375, 40645.7,  5.625,237.837,0.511324,  0.6,266.377,7.95e+00, 18.1, -  , - 
5223,135901,31012017,26102021 021509, 819, 40614.5,  3.468,265.267,0.126916,  0.2,272.678,5.41e+00, 17.2,37.8, - 
5224,135902,13032018,26102021 043106, 390, 40609.3,  7.013,297.900,0.058062,359.6,197.907,1.77e+00, 17.8,10.1, - 
5225,135904,01102019,25102021 120704,   3, 40662.2,  3.023, 58.178,0.111852,358.7,258.240,1.65e+00, 15.9, 1.0,145
5226,135906,17042020,26102021 041415, 544, 40880.3, 22.791, 52.132,0.355194,359.8,100.222,2.69e+01, 16.9,78.6, - 
5227,136000,08102013,26102021 120305, 560, 40672.1,  5.051, 33.299,0.136551,358.8,241.287,1.77e+00, 17.6, -  , - 
5228,136002,27072015,26102021 011721,  27, 40686.3,  1.555,274.781,0.020724,359.7,249.076,8.40e-02, 17.9, 0.9,148
5229,136004,21012018,25102021 215110,  10, 40665.2,  4.645,279.722,0.029379,359.8, 97.494,6.22e-02, 17.8, 0.2, 25
5230,136005,20012020,26102021 155038, 175, 40609.2, 20.615, 62.612,0.036983,359.8,223.027,7.06e+00, 15.7, -  , - 
5231,136007,10102020,25102021 112540, 319, 40712.8,  5.196,231.720,0.593908,  0.8,277.301,4.52e+00, 16.7,96.0, - 
5232,136100,30112015,25102021 064318, 667, 40692.8,  7.246,305.712,0.042698,359.5,290.958,1.00e-02, 17.3,13.0, - 
5233,136101,22032018,26102021 162637, 874, 40631.3, 14.765, 76.310,0.288924,359.9,114.994,1.69e+01, 17.4,72.9, - 
5234,136103,03072019,25102021 030819, 523, 40743.6,  9.352,194.813,0.588610,  0.7,313.295,2.48e+00, 16.6,32.2, - 
5235,136104,10082019,26102021 101830, 314, 40688.2, 12.398, 73.882,0.328669,359.8,187.096,2.58e+01, 16.5, -  , - 
5236,136200,02082008,25102021 102300,   7, 40703.3, 13.221,  8.123,0.064109,359.5,100.019,2.00e+00, 17.1, 0.2, 22
5237,136201,03032011,25102021 181730,  15, 40709.8,  0.797,292.587,0.037421,357.2,245.699,9.18e-01, 17.2, 2.3,434
5238,136202,19122011,26102021 041714,   1, 40403.6,  4.844,291.812,0.177077,359.5,255.735,5.83e+00, 16.2, 0.1, 10
5239,136203,25112011,26102021 004445,  83, 40601.7,  1.654,292.332,0.011247,358.6,  5.431,2.62e+00, 16.4,15.9, - 
5240,136205,13022016,26102021 083616,   1, 40716.2,  4.614, 79.025,0.029786,359.7,122.708,7.52e-03, 16.2, 0.1,  6
5241,136206,19032018,26102021 092204,1199, 40694.1,  3.466, 83.418,0.183856,359.7, 52.980,2.36e+00, 14.1, -  , - 
5242,136300,03102011,26102021 153713,   6, 40737.5,  5.537,160.242,0.262722,  1.2, 45.191,5.27e+00, 15.6, 0.2, 36
5243,136301,02082014,26102021 041103,  77, 40784.9,  2.220, 79.068,0.177176,359.4,163.806,1.95e+00, 17.3,17.6, - 
5244,136302,05092015,25102021 080537,   4, 40733.9,  7.188,304.825,0.014094,359.5,304.330,1.55e+00, 17.6, 0.2, 21
5245,136303,14022016,26102021 071019, 440, 40725.6,  4.694, 80.549,0.060989,359.7,125.448,1.35e-02, 17.4, 0.6, 89
5246,136400,01052011,25102021 200111,   1, 40463.8,  4.160, 31.057,0.054001,358.6,269.376,5.78e+00, 14.7, 0.3, 60
5247,136401,13092017,25102021 214716,1461, 40631.9, 12.450,271.131,0.167458,360.0,346.099,2.27e+01, 16.6, -  , - 
5248,136402,20092017,26102021 043734,1058, 40756.8,  7.592,298.505,0.025747,359.6,340.318,1.94e+00, 18.7,26.6, - 
5249,136406,18042021,26102021 005817, 165, 40758.9,  0.776, 10.707,0.168069,351.1,132.234,3.17e+00, 18.3, -  , - 
5250,136500,25112011,25102021 202257,  12, 40614.9,  2.091,265.322,0.182253,  0.3, 31.636,3.13e+00, 17.0, 0.7,126
5251,136501,27072012,25102021 162139,   2, 40780.8,  1.169,282.614,0.026051,358.9,194.309,3.25e-03, 16.6, 0.1,  6
5252,136502,26082019,26102021 143549, 340, 40712.2,  9.320,197.823,0.601408,  0.7,309.206,2.29e+00, 16.6,87.1, - 
5253,136504,28082016,25102021 233046, 156, 40771.4,  4.157,  0.897,0.063194,358.3,258.267,4.54e+00, 18.1,13.8, - 
5254,136505,14032021,26102021 060020, 201, 41027.3, 20.293,356.536,0.106273,359.7,340.456,8.38e+00, 16.4,20.5, - 
5255,136600,19102006,25102021 082818,   3, 40792.6,  8.076,298.967,0.048953,359.6,104.801,9.43e-01, 15.9, 0.2, 40
5256,136601,04062010,26102021 033603,1257, 40804.1, 14.450, 39.177,0.171717,359.6,159.651,1.07e+01, 17.2, -  , - 
5257,136604,14052021,25102021 184755,  18, 40576.0,  2.380, 34.775,0.510425,357.6,242.333,2.42e+01, 17.7,10.2, - 
5258,136701,10032016,26102021 050244,  14, 40810.2,  4.649, 77.455,0.025357,359.7,123.787,9.45e-03, 17.4, 0.2, 22
5259,136702,16022018,25102021 224159,1344, 40877.2, 22.370, 58.147,0.159098,359.8,250.008,1.72e+01, 17.4, -  , - 
5260,136703,17022018,25102021 182435, 613, 40801.4,  7.044,310.256,0.048079,359.4,253.105,1.62e+00, 18.4,19.4, - 
5261,136704,04072019,25102021 144520,  48, 40842.1,  1.776, 67.028,0.146137,358.4, 40.636,2.09e+00, 17.1, 9.9, - 
5262,136705,21102019,25102021 170240, 368, 40914.8,  8.042,203.202,0.510205,  0.8,294.104,4.32e+00, 17.6, -  , - 
5263,136706,29042020,25102021 114322, 540, 40633.8, 13.244, 61.665,0.521512,359.7,177.830,2.06e+01, 18.2, -  , - 
5264,136707,06092021,25102021 061504,  12, 40776.1, 28.473,358.981,0.197488,359.7,244.973,1.18e+01, 17.4, 1.4,190
5265,136800,18102006,26102021 073450, 409, 40623.0, 10.172, 75.274,0.484352,359.8,167.370,1.76e+00, 12.1, -  , - 
5266,136801,23112006,25102021 234857,2590, 40373.1,  7.583, 64.475,0.411128,359.6,214.084,2.83e+00, 15.5, -  , - 
5267,136803,15012016,26102021 040041, 303, 40772.3, 28.919, 12.904,0.124444,359.8,150.022,9.63e+00, 16.8,17.7, - 
5268,136805,29102017,25102021 155859, 230, 40888.4,  9.675,  7.026,0.022727,359.3,234.647,9.73e+00, 16.5,90.1, - 
5269,136806,21102020,25102021 161916,  14, 40795.3, 23.040,312.637,0.280817,359.8,281.958,1.35e+01, 17.4, 1.1,162
5270,136807,29072021,26102021 012727,  68, 40718.1, 58.640,311.340,0.767553,359.9,166.675,1.89e+01, 13.7,30.8, - 
5271,136900,22032009,26102021 035045,1532, 40788.6,  1.902, 72.271,0.105333,358.8, 56.031,1.83e+00, 17.6, -  , - 
5272,136902,18102014,26102021 051332,   8, 40847.1,  5.113,282.178,0.029137,359.7, 88.393,3.21e-02, 17.4, 0.1, 16
5273,136903,21112016,26102021 072458,1794, 40844.5,  6.109,294.743,0.027648,359.5,221.253,6.38e+00, 17.9,59.0, - 
5274,136904,22092020,25102021 100118, 347, 40863.6, 23.045,328.303,0.353861,359.7,238.460,1.22e+01, 17.1, -  , - 
5275,137000,18102004,26102021 090624, 161, 40995.9,  2.106,285.921,0.012113,359.2,180.434,1.14e-01, 18.3, 5.3,646
5276,137001,23042009,26102021 094727,   9, 40892.4,  2.206, 63.987,0.047205,358.5,104.139,1.89e+00, 16.3, 0.2, 33
5277,137002,05092011,25102021 203715,   2, 40887.7,  5.668, 51.151,0.225860,359.2, 67.026,2.15e+00, 16.1, 0.2, 38
5278,137004,14092020,25102021 215629, 364, 40847.6,  8.014,275.607,0.133987,359.9,322.058,6.87e+00, 18.0,31.5, - 
5279,137100,09112007,26102021 114845,3687, 40999.3, 19.951, 18.206,0.369344,359.7,242.549,7.30e+00, 16.0, -  , - 
5280,137101,25042009,26102021 012200, 586, 40796.6, 33.373,331.854,0.225260,359.8,284.977,2.81e+01, 16.0,91.6, - 
5281,137103,08102015,25102021 181052,   3, 40892.7,  1.974, 60.969,0.025455,358.2,244.617,1.88e+00, 17.5, 0.1, 11
5282,137104,09072016,26102021 065742,  45, 40899.0,  2.637,279.813,0.021436,359.6,190.736,9.17e-03, 17.4, 1.7,223
5283,137105,06092016,26102021 172009, 176, 40896.2,  1.693,296.950,0.076230,358.3, 97.984,1.53e-02, 17.6, 2.3,326
5284,137106,09122017,25102021 114306, 257, 40891.2,  3.742,250.303,0.128962,  0.6,319.673,3.65e+00, 18.0, 8.2, - 
5285,137110,02102019,26102021 115416, 315, 40815.0,  8.453, 93.805,0.283121,  0.0,161.609,1.87e+01, 17.3,30.5, - 
5286,137113,23032021,25102021 173107,  40, 40898.4,  1.087,290.526,0.016745,358.0,241.135,1.00e-02, 17.8, 0.8,109
5287,137300,21032010,25102021 165433, 686, 41614.9, 10.103,336.956,0.414222,359.4, 24.854,8.19e+00, 15.5, -  , - 
5288,137301,26102017,25102021 184414, 365, 40924.2,  1.391,288.794,0.015919,358.6,235.253,8.58e-02, 18.2, 4.2,763
5289,137302,12032018,25102021 075042,  11, 40936.3,  2.917,298.458,0.047841,358.9,169.261,1.16e+00, 17.8, 0.3, 30
5290,137303,12032018,26102021 055803, 147, 40930.2,  2.871,299.272,0.041700,358.9,224.472,1.10e+00, 18.0,23.6, - 
5291,137304,21092019,26102021 014840,   2, 40932.9, 14.740, 67.130,0.417489,359.8,133.158,1.22e+01, 14.2, 0.6,106
5292,137305,04102019,26102021 075233, 733, 40905.2,  6.709,215.615,0.122253,  0.8,318.403,5.69e+00, 18.7,82.8, - 
5293,137400,18022012,26102021 040444, 175, 41125.3,  1.529,245.444,0.347974,  1.8,204.510,3.48e-02, 16.6, 4.6,738
5294,137404,26012018,26102021 062749, 636, 40948.5,  6.635,301.243,0.239289,359.5,343.117,5.67e-01, 18.2,53.8, - 
5295,137405,18102018,26102021 041206,  10, 41005.2,  1.448,299.389,0.024518,357.9,296.716,1.40e+00, 18.1, 0.1, 19
5296,137500,18042010,26102021 010647,  26, 40972.7,  2.219, 44.130,0.069891,357.7,185.376,2.52e+00, 16.2, 0.9,159
5297,137503,22092017,26102021 152243, 133, 40979.4,  5.525,284.525,0.037594,359.7,314.931,2.14e+00, 17.4, 9.9, - 
5298,137601,16022016,26102021 081908,  13, 40985.6,  4.655, 80.937,0.023937,359.8,109.460,8.45e-03, 17.2, 0.2, 20
5299,137602,22092017,26102021 021424,  15, 41012.2,  0.739,314.792,0.099645,354.2,238.626,7.68e+00, 17.3, 4.0,739
5300,137700,01122011,25102021 174204,  18, 41018.1,  5.542,296.178,0.047164,359.5,136.259,1.94e+00, 17.4, 1.2, 82
5301,137701,05072016,25102021 132128,  98, 41004.2,  0.438, 25.256,0.023060,344.4,213.390,2.26e-01, 16.6, 2.7,463
5302,137702,06112016,25102021 131536, 750, 41088.8, 22.938, 14.806,0.157770,359.7,213.957,1.16e+01, 17.3,83.1, - 
5303,137703,12012018,25102021 212704, 750, 41834.1,  5.040, 98.076,0.156889,  0.2,193.053,2.24e+01, 17.1, -  , - 
5304,137704,11012019,25102021 165034, 155, 40937.8,  5.368,274.459,0.146043,359.9,288.944,3.80e+00, 17.5, 6.4, - 
5305,137708,14072021,26102021 005536,  18, 40824.1,  4.139, 62.361,0.460279,359.2,195.945,1.97e+01, 17.5, 2.3,325
5306,137800,23112012,25102021 185959,  10, 40501.3,  2.058,223.382,0.211682,  2.3, 22.639,7.44e+00, 16.1, 0.7,116
5307,137802,24082016,26102021 122441, 374, 41017.9,  6.668,292.578,0.010557,359.6, 60.101,8.02e-03, 18.2, 5.3,291
5308,137803,06112016,26102021 013044,1812, 41077.5,  8.356, 49.337,0.491181,359.5,273.808,2.47e+00, 17.3, -  , - 
5309,137804,21042017,25102021 112923, 754, 41024.2,  4.670, 82.405,0.028144,359.8,103.496,4.64e-02, 18.3, 9.8, - 
5310,137805,28042017,26102021 015101,   9, 40929.4, 26.893,349.041,0.079533,359.7,334.889,1.78e+01, 17.4, 3.7,693
5311,137806,14072018,25102021 072755, 651, 41054.9, 18.359,  8.664,0.052130,359.6,140.360,1.24e+01, 17.6,36.7, - 
5312,137900,20092011,26102021 174002,   2, 40958.8,  4.199, 52.679,0.268382,359.0,141.243,2.74e+00, 15.6, 0.1, 10
5313,137901,21022007,25102021 142834,   0, 41047.6,  0.657,318.284,0.020193,353.1,274.379,5.80e-02, 14.8, 0.1,  2
5314,137903,17072017,26102021 083402,1366, 40954.3, 38.713,  6.067,0.521148,359.8,191.412,3.13e+01, 17.4, -  , - 
5315,137904,04052019,26102021 110209, 372, 41047.2,  2.153, 53.036,0.069795,358.0,288.137,3.61e+00, 18.1, -  , - 
5316,137906,27042020,25102021 082502, 364, 40855.3,  3.992, 62.201,0.458248,359.2,195.716,1.96e+01, 17.5,33.1, - 
5317,137907,11092020,25102021 192942,   1, 41125.1, 14.592,  7.382,0.168397,359.5,133.747,5.21e+00, 15.6, 0.2, 38
5318,137909,16042021,25102021 191217, 162, 41059.5, 10.529, 57.116,0.522448,359.6,285.752,1.00e-02, 17.0, 1.5,231
5319,137910,12072021,26102021 133843,  13, 40999.7,  4.935,107.287,0.289148,  0.4,134.316,2.30e+01, 16.8, 1.5,269
5320,138000,20082007,25102021 184610,4472, 41095.2,  5.566, 56.642,0.313734,359.3,271.572,2.57e+00, 16.3, -  , - 
5321,138001,30122007,25102021 162201, 786, 41129.5,  1.779,315.109,0.158158,357.4,247.615,7.12e+00, 17.0, -  , - 
5322,138002,21032010,25102021 160532,   2, 41080.1,  7.914,310.100,0.011173,359.5,160.635,8.75e-01, 17.2, 0.2, 20
5323,138003,23082014,26102021 041325,  10, 41073.7,  3.872,297.075,0.053263,359.2,228.316,2.89e+00, 16.7, 0.6, 96
5324,138004,08022016,26102021 060945, 318, 40774.8, 32.484,  4.968,0.128843,359.8, 69.060,1.80e+01, 16.7,27.0, - 
5325,138005,16032018,25102021 193048, 198, 41120.2,  6.107,355.444,0.079078,358.9,205.734,8.32e+00, 17.4, -  , - 
5326,138006,14042018,26102021 105331, 431, 41031.7,  2.558,278.682,0.013698,359.6,225.164,1.39e-01, 17.4, 4.5,545
5327,138101,31012017,26102021 163848,  73, 41110.3,  6.139,292.234,0.047391,359.6,330.387,2.02e+00, 17.7, 6.1, - 
5328,138102,16092017,25102021 234358, 344, 41089.9,  5.572,285.031,0.022824,359.7, 77.333,5.15e-02, 17.9,16.8,467
5329,138104,09012019,25102021 203830, 671, 41173.6, 26.141,  2.585,0.162418,359.7,231.708,1.28e+01, 17.9, -  , - 
5330,138105,03062019,26102021 162338,  87, 41116.7, 18.530, 63.305,0.089823,359.8,201.503,2.99e+00, 15.2,26.7, - 
5331,138106,07082019,25102021 100054,   1, 41005.4, 17.064,296.387,0.303789,359.8,290.664,2.17e+01, 16.4, 0.1, 24
5332,138107,29122019,26102021 134443, 664, 41098.8, 17.822, 60.098,0.035044,359.8,176.308,1.67e+00, 17.6,48.2, - 
5333,138109,11052021,26102021 115647, 164, 41090.6,  6.142,352.296,0.077060,358.9,227.452,5.67e+00, 17.5, 9.2,788
5334,138200,07022011,25102021 224735, 619, 41131.7,  8.646,308.342,0.106493,359.5,278.639,2.17e+00, 17.3, -  , - 
5335,138202,22042017,25102021 115802, 496, 41070.3, 10.533, 39.810,0.533732,359.5,332.219,3.32e+00, 17.7,42.5, - 
5336,138203,21092017,25102021 141645, 900, 41063.1,  9.869, 84.364,0.161848,359.9,122.369,5.56e+00, 17.9,53.5, - 
5337,138204,18092017,26102021 063107,  10, 41127.7,  1.552,295.643,0.013666,358.2,269.353,5.32e-02, 16.6, 0.2, 34
5338,138205,11032018,26102021 041341,1296, 41122.1,  6.607,307.323,0.080818,359.4,293.699,1.91e+00, 18.1,40.5, - 
5339,138300,22112010,26102021 140622,   2, 41142.6,  5.413,117.683,0.023128,  0.6,357.686,1.19e-02, 11.2, 0.1,  1
5340,138301,04042014,26102021 032023,1132, 41132.3, 11.893, 81.508,0.059766,359.9,134.644,5.71e+00, 17.3,78.2, - 
5341,138302,23032017,25102021 214748,1289, 41096.5,  0.331, 66.409,0.027122,347.6,219.224,9.53e-01, 18.2, -  , - 
5342,138304,17022018,26102021 155211,  31, 41130.6,  8.557,305.752,0.024049,359.5,292.796,4.68e-02, 18.1, 0.6, 63
5343,138306,17092018,25102021 235858, 934, 41134.6,  9.727,309.994,0.125222,359.6,141.499,2.93e+00, 17.4, -  , - 
5344,138307,03022019,26102021 033223, 787, 41133.4,  6.478,110.464,0.109965,  0.4, 62.986,4.71e+00, 16.5, -  , - 
5345,138308,25032019,25102021 172012,  25, 41007.1,  6.061, 21.367,0.215133,358.9,182.757,9.20e+00, 17.3,20.7, - 
5346,138309,02082019,26102021 032453, 381, 41402.9,  6.522,356.385,0.113994,359.0,253.366,4.66e+00, 17.0,40.8, - 
5347,138313,12102020,25102021 235918, 197, 41178.2,  9.395, 40.348,0.180240,359.4,106.080,2.35e+01, 16.4,32.2, - 
5348,138400,17012007,25102021 223848, 173, 40808.5,  4.038, 56.613,0.272725,359.0,250.601,3.63e+00, 15.9,50.5, - 
5349,138401,02062007,26102021 093000,   1, 41143.1,  9.817, 32.844,0.000489,359.4,138.977,1.00e-02, 13.1, 0.1,  1
5350,138402,19122012,25102021 083300,  79, 40983.7,  3.661,270.331,0.183571,  0.0,283.083,5.50e+00, 16.5,21.6, - 
5351,138403,24032014,25102021 192325,2765, 41153.1,  8.738, 89.449,0.129004,360.0,124.321,5.43e+00, 16.4, -  , - 
5352,138404,03022016,26102021 055317,1633, 41000.5, 36.522,359.849,0.593927,359.8,253.486,3.00e+01, 16.1, -  , - 
5353,138405,01022016,26102021 005425,1706, 41124.6, 18.905,298.130,0.456993,359.8,267.566,2.49e+01, 17.1, -  , - 
5354,138406,12062017,25102021 141151,  29, 41139.4,  1.479,295.717,0.013094,358.2,297.259,8.51e-02, 17.8, 0.9,108
5355,138407,11092017,26102021 074510,   9, 41142.9,  1.154,310.452,0.037328,356.5,284.480,8.82e-01, 17.9, 0.4, 43
5356,138408,10032018,26102021 160355,1322, 41157.7,  4.173,257.839,0.060284,  0.3,228.909,1.79e+00, 18.4, -  , - 
5357,138409,02112018,25102021 154013, 313, 40987.5,  3.994,113.325,0.240465,  0.7,139.045,2.27e+01, 16.8,69.6, - 
5358,138410,03022019,25102021 192118,  22, 41067.8,  8.961,308.568,0.052237,359.5,271.425,2.37e+00, 17.4, 2.9,470
5359,138411,11022019,25102021 203556, 642, 41122.2,  7.956,309.971,0.070791,359.5,343.973,3.87e+00, 17.6, -  , - 
5360,138412,26032019,25102021 173034, 416, 41144.9,  5.955,117.516,0.067189,  0.5, 59.552,2.81e+00, 17.0,33.7, - 
5361,138413,26032019,25102021 163411, 599, 41150.0,  8.938, 99.145,0.206423,  0.1, 77.352,8.12e+00, 17.6, -  , - 
5362,138416,02102019,26102021 025351,  16, 41119.5,  6.271,356.234,0.120847,358.9,255.580,6.53e+00, 17.7, 3.2,497
5363,138417,07112019,26102021 055231, 503, 41148.8,  8.963, 46.268,0.341611,359.5,113.182,2.36e+01, 16.3,55.0, - 
5364,138501,20092011,25102021 091232,  13, 41168.9,  1.678, 42.646,0.060342,356.8,223.271,1.96e+00, 16.9, 0.2, 39
5365,138503,26022016,26102021 055836,  10, 41160.3,  1.619,296.255,0.013893,358.3,202.026,1.29e-01, 17.7, 0.2, 20
5366,138504,07092016,26102021 020228,  15, 41173.8,  3.145,271.529,0.042528,360.0,323.285,2.93e+00, 17.8, 0.5, 97
5367,138505,12032018,26102021 061753,1049, 41165.4,  9.114,252.730,0.193346,  0.2,268.757,2.59e+01, 16.7, -  , - 
5368,138507,09082019,26102021 012326, 780, 41165.7,  2.311,325.272,0.090163,357.6,252.379,5.41e+00, 16.8,74.7, - 
5369,138600,18121998,26102021 103140,   1, 41190.0, 11.941, 43.488,0.107269,359.6,201.577,1.00e-02, 12.4, 0.1,  1
5370,138601,25052006,26102021 002428,  15, 41186.9,  2.462,290.053,0.032855,359.1,159.348,1.46e-01, 17.5, 0.5, 73
5371,138602,09122007,25102021 104108,   1, 41196.8,  7.215,289.971,0.094426,359.7,219.601,3.21e+00, 15.6, 0.2, 27
5372,138604,20092017,26102021 005532,  98, 41184.7,  5.832,296.432,0.029844,359.5,351.239,8.61e-01, 17.5,15.0, - 
5373,138606,21022018,26102021 050308, 843, 41141.9, 12.937, 48.218,0.368173,359.6,123.541,2.37e+01, 16.4, -  , - 
5374,138607,17032018,26102021 082033,1315, 41183.1,  8.840,305.001,0.026891,359.6,319.220,1.74e-02, 18.6, 3.4,544
5375,138611,12102021,26102021 031924,  10, 41196.2, 34.944,350.138,0.392557,359.8,243.351,1.84e+01, 17.0,45.0, - 
5376,138701,04022008,25102021 073043,  10, 41205.1,  8.632,306.357,0.052985,359.5,344.336,1.50e-02, 16.8, 0.1, 22
5377,138702,27092011,25102021 231306,  16, 41151.4,  8.079,306.720,0.046547,359.5, 97.003,1.76e+00, 17.1, 0.6,102
5378,138703,02022016,26102021 015627, 555, 41503.9, 21.184, 26.689,0.166017,359.7,199.538,1.05e+01, 16.5, -  , - 
5379,138705,01042017,26102021 044919,  39, 41127.3,  0.605, 12.185,0.037519,348.6, 84.357,2.99e-01, 18.1, 4.5,574
5380,138706,03032017,26102021 125725,  45, 41210.0,  5.302, 89.028,0.127575,360.0,129.060,9.47e-03, 17.9, 0.8, 62
5381,138707,13082017,26102021 035548,   8, 40993.8, 36.494,359.387,0.596204,359.8,253.604,2.99e+01, 16.1, 1.2,223
5382,138708,08032018,25102021 181858,  52, 41193.3,  5.695,282.982,0.116511,359.7,162.820,1.10e+00, 17.8, 3.6,651
5383,138709,22032021,25102021 174055, 215, 41118.4,  3.806,317.971,0.453627,358.7,281.802,2.13e+01, 18.1, -  , - 
5384,138800,08062008,26102021 013736,1735, 41146.5,  2.791, 66.230,0.132972,359.0, 49.578,3.73e+00, 17.2,83.6, - 
5385,138801,22102011,25102021 071025,   7, 41106.4,  7.320,293.844,0.051954,359.6,293.397,9.15e-01, 16.1, 1.2,217
5386,138802,16032012,25102021 173405,  10, 41380.9,  2.902, 65.572,0.155430,359.0,167.244,2.24e+00, 16.0, 4.0,709
5387,138803,14062015,25102021 092125,   7, 41117.1, 16.667,  9.831,0.107023,359.6,203.621,3.54e+00, 16.8, 0.5, 80
5388,138804,27092016,25102021 115550,   9, 41237.1,  1.528, 52.343,0.038972,357.1,214.857,1.46e+00, 17.8, 0.2, 34
5389,138805,26082017,26102021 084404,  15, 41219.8,  7.842, 12.694,0.060327,359.1, 49.824,6.41e+00, 17.3, 1.0,176
5390,138806,16092017,25102021 200432, 692, 41228.4,  7.493,288.245,0.057634,359.7,253.391,2.32e+00, 18.5, 7.8, - 
5391,138807,24092017,25102021 081646,1142, 40967.4, 19.325, 85.626,0.029122,360.0,180.202,1.70e+01, 16.8, -  , - 
5392,138808,19092017,25102021 214814,1490, 41212.0,  2.743,291.955,0.078215,359.1,227.912,7.55e+00, 18.1, -  , - 
5393,138809,04102021,26102021 011326,  19, 41204.9,  3.049,260.658,0.073839,  0.4,262.642,6.29e+00, 18.1, 1.8,289
5394,138901,03082016,26102021 071847, 437, 40928.3, 13.522, 67.491,0.501182,359.8, 14.583,4.21e-02, 17.6,27.7,453
5395,138902,09042018,25102021 151535,1242, 41298.2,  5.273,316.559,0.825901,359.1,261.676,1.27e+00, 17.6, -  , - 
5396,138903,22042018,26102021 022458, 555, 41270.0, 12.187, 26.097,0.320797,359.5,291.128,7.31e+00, 17.1, -  , - 
5397,138904,19102018,25102021 072459, 280, 41140.0,  2.383, 40.332,0.368356,357.7,191.787,2.85e+00, 15.2,52.8, - 
5398,138905,27082019,26102021 042941,  15, 41247.3,  1.420,303.355,0.008000,357.6,224.253,3.72e-02, 18.0, 0.1, 24
5399,138907,08112020,26102021 133904, 348, 41294.8, 16.581, 52.354,0.551728,359.7,180.658,3.00e+01, 17.5, -  , - 
5400,139000,20082007,26102021 120235,   2, 41219.3,  4.304, 35.122,0.186615,358.7,230.811,4.20e+00, 14.3, 0.1,  9
5401,139001,22052007,25102021 150734,   0, 41161.1,  7.541,292.954,0.034863,359.7,265.281,1.42e+00, 13.8, 0.1, 26
5402,139002,03022017,25102021 194549, 628, 41172.9, 30.100,354.073,0.393119,359.8,225.457,1.52e+01, 18.1,88.4, - 
5403,139003,09092017,25102021 161030,  20, 41258.6,  1.482,302.796,0.024575,357.7,137.892,1.59e-01, 17.8, 0.6,101
5404,139004,14092017,25102021 211035,   2, 41258.7,  1.114, 35.410,0.011465,354.6,306.820,1.36e+00, 17.7, 0.1,  8
5405,139005,24082021,25102021 235825,   1, 42160.8,  0.148,134.311,0.001237, 74.2,211.480,1.00e-02, 10.4, 0.1,  1
5406,139006,03102018,25102021 210336,1002, 41265.8, 14.564,329.937,0.224772,359.6,253.779,6.92e+00, 17.5,50.3, - 
5407,139008,31012020,25102021 062919, 118, 41217.8,  2.452, 78.738,0.238496,359.4,301.676,1.22e+00, 17.4, -  , - 
5408,139009,17082020,26102021 130301, 372, 41263.7,  1.325, 33.234,0.094969,355.4,235.495,1.79e+00, 18.2, 6.8, - 
5409,139100,02102007,26102021 014700,  10, 41324.8,  1.939, 60.277,0.052364,358.1,189.846,1.50e+00, 16.2, 0.7, 66
5410,139101,22112006,26102021 071948,  14, 41193.3,  0.601,352.819,0.022892,349.1, 74.501,1.05e-01, 17.3, 0.6, 67
5411,139102,24112008,26102021 052308,   3, 41253.3,  5.839,286.272,0.014775,359.7, 35.550,5.12e-01, 14.2, 0.1, 19
5412,139103,22102008,26102021 062535,   3, 40510.1,  6.777,292.352,0.064147,359.6,292.601,2.90e+00, 17.4, 0.2, 45
5413,139104,08032011,26102021 015510,  15, 41284.3,  8.853,307.359,0.024089,359.5,305.606,1.54e-02, 16.3, 0.3, 36
5414,139105,29102015,25102021 212715,2176, 41153.3, 10.454,334.793,0.244311,359.4,264.277,1.78e+01, 15.3, -  , - 
5415,139106,01032016,26102021 070101, 399, 41296.6,  4.726, 80.257,0.022841,359.7, 89.342,1.18e-02, 17.9, 0.8,130
5416,139107,21072017,26102021 011618, 841, 41153.2, 39.297,  8.497,0.588904,359.8,179.164,3.17e+01, 16.5, -  , - 
5417,139108,26012019,26102021 061702, 334, 40415.9, 30.278,  2.307,0.156659,359.8,225.739,1.16e+01, 16.9, -  , - 
5418,139109,22092019,26102021 033036,  17, 41230.4,  9.701,345.825,0.171160,359.3,248.464,7.29e+00, 17.2, 3.6,277
5419,139110,24092019,25102021 222703, 707, 41234.5,  9.790, 87.835,0.340717,360.0,152.192,1.79e+01, 17.2,60.8, - 
5420,139200,28012008,26102021 104402,  38, 41305.2,  2.000,297.526,0.011265,358.5,209.612,1.50e-01, 14.8, 0.5, 87
5421,139201,14022013,25102021 120916, 276, 41183.6, 15.075, 15.187,0.095059,359.6,160.455,2.71e+00, 13.2,68.6, - 
5422,139202,01012014,26102021 070157,   4, 41302.8, 12.243,292.029,0.124310,359.8,178.932,1.37e+00, 17.1, 0.2, 28
5423,139206,02032016,25102021 220634, 760, 41285.4,  8.537, 75.809,0.288849,359.8,171.407,8.58e+00, 17.3,44.2, - 
5424,139209,21122019,26102021 045220, 671, 41303.2, 13.680,356.394,0.038123,359.5,265.571,4.94e-01, 18.5,56.4, - 
5425,139210,28032020,25102021 210719,   8, 41230.9,  9.361, 89.245,0.338380,360.0,151.497,1.78e+01, 17.2, 0.7,134
5426,139211,27032020,26102021 012137, 454, 41235.1,  5.335, 51.711,0.164773,359.2,172.168,8.14e+00, 18.1,26.2, - 
5427,139300,07112007,26102021 090508,   5, 41332.6,  1.570,304.555,0.004478,357.7,232.779,9.41e-03, 17.5, 0.1,  6
5428,139301,20092011,26102021 011058,  17, 41335.0,  7.085, 11.399,0.145319,359.0,258.497,7.77e+00, 16.7, 0.9,119
5429,139302,07022011,26102021 160610,   1, 41350.7,  1.226,341.672,0.051940,354.9,275.073,1.84e+00, 17.0, 0.2, 39
5430,139303,09082016,26102021 042622,  44, 41328.2,  2.818,292.217,0.014558,359.1,158.744,1.28e-01, 18.1, 1.0,153
5431,139305,25012019,25102021 172353, 750, 41332.6,  3.205, 68.610,0.163620,359.2, 49.685,4.68e+00, 17.2,17.1, - 
5432,139400,17082007,26102021 014108,   9, 41365.5,  8.669,307.639,0.048608,359.5,  0.007,3.29e+00, 16.5, 0.4, 43
5433,139401,16012007,26102021 133511,   8, 41346.8,  3.396,350.261,0.030944,358.0,307.932,3.99e+00, 17.4, 0.9, 62
5434,139403,05022016,26102021 103305,   9, 41353.7, 12.520, 33.856,0.110669,359.5,160.169,4.54e+00, 17.2, 0.4, 64
5435,139404,24012017,25102021 180156,   2, 41345.5, 12.275,334.296,0.015345,359.5,217.151,1.05e+00, 17.1, 0.1, 14
5436,139405,07012018,25102021 103321,  41, 41410.6,  0.889,238.264,0.069932,  3.7, 93.766,3.66e+00, 17.6, 4.0,676
5437,139406,12032018,25102021 224929, 548, 41341.8,  3.315,274.703,0.061042,359.9,242.013,1.32e+00, 17.2,61.0, - 
5438,139407,25122019,26102021 005036, 237, 41356.9,  1.188, 95.280,0.001284,  0.5,223.172,3.57e-01, 17.2,14.3, - 
5439,139408,19032021,25102021 231128,   3, 41292.8,  8.375, 77.218,0.293030,359.8,170.292,8.61e+00, 17.3, 0.5, 63
5440,139501,01032011,25102021 072728,   8, 41284.6, 25.053, 13.988,0.406356,359.7,201.826,1.17e+01, 16.4, 0.7, 95
5441,139502,27072009,25102021 211505,   2, 41409.0, 11.118, 54.902,0.201160,359.6,126.236,4.31e+00, 15.7, 0.1, 15
5442,139503,01122011,26102021 033422,   9, 41359.9, 10.789,322.331,0.023679,359.5,253.370,3.57e-01, 17.1, 0.3, 30
5443,139504,14022013,25102021 183023,  18, 41092.3,  6.098, 24.462,0.182630,359.0,191.978,5.08e+00, 16.8, 2.7,477
5444,139505,17102015,25102021 211536,1351, 41315.2,  6.451, 12.024,0.245048,359.0,177.654,7.47e+00, 17.4,65.8, - 
5445,139506,10032016,25102021 220009,   3, 41368.8,  4.721, 81.647,0.025844,359.8, 83.759,3.42e-03, 17.5, 0.1, 11
5446,139507,24082016,25102021 193011, 843, 41791.3, 25.422,342.681,0.181249,359.7,144.322,1.32e+01, 17.0,61.3, - 
5447,139508,25112016,26102021 070132,  20, 41369.3,  8.222,100.248,0.144128,  0.1, 87.491,8.40e+00, 16.9, 1.1,155
5448,139600,12012008,25102021 214505,   2, 41409.8,  8.141,308.801,0.115837,359.5,303.190,2.71e+00, 15.5, 0.3, 30
5449,139601,04072012,25102021 185933,   0, 41378.6,  3.182, 70.392,0.017983,359.2,137.711,1.01e-02, 11.2, 0.1,  1
5450,139603,24112016,25102021 183020,1372, 41308.0,  2.733, 38.990,0.327822,358.0,199.208,2.36e+00, 15.4, -  , - 
5451,139604,07012017,25102021 170327,1722, 41338.1, 14.774,349.372,0.453136,359.5,205.919,1.36e+01, 17.7, -  , - 
5452,139605,21092017,25102021 192207,1461, 41383.3, 35.240, 19.825,0.133739,359.8,132.448,2.01e+01, 17.2, -  , - 
5453,139607,13032018,25102021 212442,   2, 41377.8,  3.414,276.594,0.057052,359.8,171.736,3.72e-01, 16.9, 0.5, 54
5454,139608,13032018,26102021 005137,   1, 41447.4,  2.737,305.090,0.054618,358.6,201.062,2.38e+00, 15.5, 0.6, 90
5455,139609,12032018,25102021 183006, 542, 41399.4,  5.334,276.890,0.093807,359.9,288.779,2.83e+00, 17.7,14.6, - 
5456,139612,09022019,26102021 010559, 912, 41414.5,  2.774, 96.010,0.096126,  0.3, 32.610,4.36e+00, 17.6, -  , - 
5457,139614,21082019,26102021 152242, 729, 41219.8, 23.052,  8.485,0.486086,359.7,178.795,1.64e+01, 16.2, -  , - 
5458,139616,06122019,26102021 094804, 555, 41406.0,  3.915, 66.930,0.233335,359.3,249.105,9.67e-01, 11.0,24.0, - 
5459,139617,28122019,26102021 000324,   3, 41397.3,  1.204, 95.016,0.017639,  0.5,104.677,1.53e+00, 17.5, 0.2, 38
5460,139618,17042021,26102021 063854,  10, 41801.1, 11.683, 52.194,0.452824,359.6,133.536,4.22e+01, 15.6, 2.3,424
5461,139700,10012011,25102021 173707, 242, 41489.3,  1.553, 58.943,0.084349,357.5,242.117,2.22e+00, 14.2,54.8, - 
5462,139702,07102012,26102021 050221, 138, 41386.0,  3.489,144.378,0.159382,  1.6, 48.275,5.49e+00, 17.2,32.7, - 
5463,139703,16112014,25102021 094715,   1, 41405.3,  3.179,293.126,0.019440,359.2,145.877,1.70e-01, 17.2, 0.1,  8
5464,139705,05102015,26102021 040954,  19, 41404.2,  9.283,307.285,0.018126,359.6,267.021,2.94e-02, 17.6, 0.1, 18
5465,139707,13102014,26102021 011025,1061, 41357.3,  3.094, 63.206,0.165300,358.9,174.625,2.70e+00, 15.5,86.9, - 
5466,139708,09032016,26102021 015510,1345, 41378.4,  9.037, 66.634,0.169186,359.7,130.928,9.59e+00, 17.3, -  , - 
5467,139710,19102016,25102021 123720,   4, 41401.6,  1.680,306.042,0.010823,357.8,343.777,1.87e-01, 17.7, 0.1, 24
5468,139711,09042018,25102021 210845, 549, 41380.4,  2.931,304.636,0.022843,358.7,342.382,1.72e+00, 18.0,15.2, - 
5469,139713,25022019,25102021 080511, 956, 41408.2,  1.909, 55.095,0.330221,357.8,181.188,4.23e+00, 17.5,25.0, - 
5470,139715,30102019,25102021 100939, 365, 41410.0,  5.150,252.948,0.066799,  0.4,165.156,4.46e-02, 17.1, 4.8,866
5471,139716,17022020,26102021 080747, 272, 41399.8,  3.608, 66.222,0.239861,359.2,265.294,2.83e+00, 15.8,75.8, - 
5472,139718,21032020,25102021 105122, 347, 41421.3,  0.918, 64.161,0.132025,356.3, 24.617,2.40e+00, 12.9,36.7, - 
5473,139800,26082011,25102021 175733,   1, 41425.8,  1.662, 33.684,0.050453,356.4,240.673,1.85e+00, 15.6, 0.1,  3
5474,139801,26112013,26102021 011354,  14, 41418.7,  5.791,284.671,0.051090,359.7,335.828,2.13e+00, 15.9, 1.7,313
5475,139802,04122007,26102021 154003,   2, 41400.6,  7.794,306.109,0.075215,359.5,295.192,4.89e+00, 16.2, 0.2, 33
5476,139803,25032011,25102021 155404,   3, 41418.8,  4.129, 40.765,0.254195,358.7,290.634,2.18e+00, 16.3, 0.1, 23
5477,139804,25022014,26102021 053340, 365, 41467.4,  7.454,305.070,0.120243,359.5,232.579,4.39e+00, 17.8,49.1, - 
5478,139805,09102015,25102021 215329,  24, 41424.0,  1.765,305.173,0.001142,357.9, 85.385,5.84e-02, 18.0, 0.2, 20
5479,139806,19042017,25102021 204350, 663, 41420.4,  1.551,318.598,0.031392,356.9, 20.534,2.68e-02, 17.6,10.8, - 
5480,139807,09102017,25102021 232956, 570, 41332.8, 10.767, 36.095,0.096835,359.5,186.330,3.84e+00, 17.6, -  , - 
5481,139808,13032018,26102021 030354,  45, 41363.9,  1.088,184.387,0.254017,  6.2, 62.556,7.79e+00, 17.8,14.6, - 
5482,139810,26122019,25102021 195018, 351, 41426.3,  1.256, 89.458,0.057769,359.9, 51.657,8.65e-01, 16.8,43.6, - 
5483,139811,26122019,25102021 132227,   2, 41407.9,  1.216, 95.207,0.015426,  0.5, 48.094,5.77e-01, 15.1, 0.4, 57
5484,139812,25122019,25102021 201937, 245, 41427.9,  1.279, 96.196,0.032626,  0.6,350.260,1.24e+00, 16.3, 7.8, - 
5485,139814,27082020,26102021 011236, 423, 41415.8, 10.802,322.889,0.013814,359.5,244.312,2.86e-01, 17.3,12.1, - 
5486,139816,20032021,26102021 000556,  39, 41955.1, 21.845,319.590,0.450186,359.8,  1.844,1.54e+01, 16.3, 3.0,513
5487,139900,07012014,25102021 215817, 228, 41447.1,  7.118, 55.759,0.012381,359.4,  6.780,8.67e-02, 17.0, 9.2,263
5488,139901,27042017,25102021 220913, 931, 41363.7,  5.527, 72.221,0.162815,359.6,138.575,6.47e+00, 17.6, -  , - 
5489,139902,06022018,25102021 232840, 612, 41449.4,  8.954,310.453,0.009212,359.5,  5.385,9.88e-02, 17.8, 8.3, - 
5490,139903,21042018,26102021 104407, 472, 41367.6,  1.408,150.768,0.187922,  4.4, 14.229,5.82e+00, 17.8, -  , - 
5491,139904,15082018,25102021 070443, 443, 41443.9, 10.809,324.871,0.001810,359.5,319.431,4.13e-01, 18.0, 2.8,471
5492,139908,22102020,25102021 110802, 356, 41452.3,  1.246, 96.164,0.010578,  0.6, 91.536,1.28e+00, 14.8, 3.3,532
5493,139909,07062021,26102021 001417,  22, 41430.2,  8.198,284.761,0.058479,359.8,301.338,5.15e+00, 17.4, 0.7, 98
5494,140001,03032006,26102021 004517,  39, 41593.1,  2.566,352.668,0.105514,357.4,294.271,3.94e+00, 17.6,10.5, - 
5495,140002,10012008,26102021 124713,   1, 41449.3,  6.731,287.726,0.019007,359.7,339.514,8.45e-01, 16.6, 0.1, 11
5496,140003,02082005,25102021 075105,   4, 41383.2,  3.422,275.475,0.042165,359.8,192.389,1.88e+00, 16.8, 4.2,791
5497,140004,19072011,25102021 181519,   2, 41464.2,  1.348,316.213,0.011074,356.6,285.461,1.14e-02, 16.9, 0.1,  6
5498,140005,15072012,26102021 162355,  29, 41442.8,  7.525,296.397,0.024801,359.6,270.121,6.85e-01, 17.0, 4.6,756
5499,140008,14032018,25102021 231025,   1, 41461.1,  3.476,275.072,0.055564,359.8,170.513,1.00e-02, 16.5, 0.1,  5
5500,140010,20022020,26102021 022818, 288, 41425.8, 20.188, 63.373,0.232650,359.8,187.208,5.75e+00, 17.4,10.1, - 
5501,140100,25032011,26102021 105642,   9, 41456.2,  1.551,312.452,0.008364,357.2,293.825,3.50e-01, 17.3, 0.7,120
5502,140101,05052011,25102021 134954, 943, 41529.1,  3.078,100.632,0.252353,  0.4,119.682,5.60e+00, 17.5, -  , - 
5503,140102,29072008,25102021 132002,   1, 41460.8,  8.800,307.931,0.036355,359.5,285.610,3.46e+00, 15.5, 0.5, 70
5504,140103,14032012,26102021 010458,  25, 41518.5, 21.354, 22.997,0.268687,359.7,150.400,9.47e+00, 16.2, 2.8,481
5505,140104,22072015,25102021 094251,   2, 41489.7,  5.746, 75.340,0.009480,359.7,178.743,3.33e-02, 17.3, 0.1,  7
5506,140105,01032011,25102021 215611,   2, 41490.8,  2.033,303.823,0.012178,358.2,302.165,3.09e-02, 17.4, 0.1,  6
5507,140106,04102015,25102021 081945,  15, 41496.6,  4.381,  9.884,0.012029,358.4,357.253,4.37e+00, 17.2, 0.7,112
5508,140107,06102015,25102021 062108,  14, 41485.3,  8.782,307.527,0.051458,359.5,333.466,2.08e+00, 17.2, 0.6,104
5509,140108,08102005,25102021 105530,   9, 41503.6,  9.460,308.380,0.013555,359.6, 18.702,2.35e-01, 17.6, 0.6,100
5510,140110,19042017,26102021 080130, 244, 41610.8, 13.409, 48.576,0.127192,359.7,123.355,9.91e+00, 15.6,50.2, - 
5511,140111,14092017,25102021 195439,  41, 41397.6,  3.802, 70.293,0.031204,359.4,183.090,5.42e+00, 18.1,47.9, - 
5512,140112,16092017,25102021 095341,  11, 41482.7,  9.188,309.712,0.016502,359.5,279.219,2.76e-02, 18.1, 0.1, 12
5513,140113,14032018,25102021 211758,  23, 41479.0,  3.469,275.154,0.055433,359.8,174.960,4.26e-02, 16.6, 0.6, 99
5514,140114,30112018,25102021 195421, 545, 41911.5, 18.427, 80.444,0.267269,359.9, 74.093,2.96e+01, 16.4, -  , - 
5515,140116,24032020,26102021 110535, 574, 41483.7,  1.596, 30.900,0.107879,356.2,240.953,9.19e-01, 18.3, -  , - 
5516,140200,29112007,25102021 140223,   3, 41513.4,  9.593,306.320,0.024940,359.6,211.238,1.29e+00, 15.7, 0.2, 43
5517,140201,22062007,26102021 155754,   2, 41508.9,  9.029,311.211,0.023372,359.5,226.647,4.99e-02, 16.2, 0.1,  7
5518,140202,04102012,26102021 024403, 338, 41445.5,  5.708,286.764,0.062487,359.7,263.160,5.17e+00, 17.2,14.1, - 
5519,140203,24072015,25102021 195939,   2, 41509.9,  2.908,113.851,0.009009,  1.0,131.652,3.39e-02, 17.3, 0.1,  6
5520,140204,07102015,25102021 215547,2139, 41569.5, 35.369, 23.947,0.360712,359.8,232.468,1.99e+01, 17.3, -  , - 
5521,140206,14042018,26102021 015620, 166, 41500.5,  5.772,328.799,0.089502,359.0, 40.921,6.00e+00, 18.0,27.4, - 
5522,140208,26082019,25102021 172042, 722, 41299.6, 16.675, 52.086,0.553379,359.7,180.133,2.99e+01, 17.6,97.0, - 
5523,140211,13062021,25102021 202653,  47, 41501.6,  1.548, 59.534,0.089641,357.6,222.022,2.17e+00, 15.1,14.3, - 
5524,140300,03112010,25102021 211818, 324, 40924.0, 13.383,291.377,0.641458,359.8,240.478,3.42e+01, 16.8,52.0, - 
5525,140301,01022016,26102021 155555,1633, 41451.8, 18.933, 37.572,0.302507,359.7,161.446,9.71e+00, 17.5, -  , - 
5526,140302,04102016,25102021 131126,1345, 41528.3,  9.010, 60.734,0.129763,359.6,221.149,9.99e+00, 17.5, -  , - 
5527,140303,01022017,26102021 025418,  28, 41500.2,  1.365, 42.909,0.044181,356.1,255.017,1.18e+00, 17.0, 1.0,187
5528,140304,01022019,26102021 141119, 150, 41555.2,  8.782, 44.264,0.022993,359.4,188.905,6.61e+00, 16.9,55.2, - 
5529,140305,13022019,25102021 172711,   9, 41527.9,  2.128,310.056,0.002011,358.0,154.588,1.09e+00, 17.2, 0.7, 84
5530,140306,26072019,26102021 000307,  15, 41501.8,  1.899,289.362,0.066419,358.9,270.519,4.18e+00, 16.2, 8.9, - 
5531,140400,02042008,26102021 135750,   3, 41560.8,  1.697,318.842,0.024917,357.1,287.422,1.14e+00, 17.4, 0.1, 14
5532,140403,23082014,26102021 002155,2530, 41541.6, 12.471,293.349,0.046066,359.8,206.003,2.46e+00, 17.7, -  , - 
5533,140405,01082016,26102021 070204,1168, 41517.5,  2.417,351.473,0.232500,357.2,155.798,1.12e+00, 17.6,80.4, - 
5534,140406,24092017,26102021 034216, 438, 41452.7, 16.713, 33.129,0.294474,359.6,176.065,1.07e+01, 15.9, -  , - 
5535,140407,22032018,26102021 002247, 167, 41485.8,  2.379,294.555,0.160624,358.9,140.072,5.17e+00, 16.2,71.9, - 
5536,140408,15022021,25102021 185847, 106, 41541.8,  3.040, 99.458,0.233247,  0.4,122.334,5.52e+00, 17.6, 6.4,494
5537,140409,08092021,25102021 140814,   2, 41541.0,  3.156,296.435,0.013936,359.1, 95.742,1.18e-01, 18.3, 0.1,  5
5538,140500,22102008,25102021 234901,  15, 41542.1,  0.997,343.015,0.054168,353.7,256.003,2.42e-01, 15.0, 0.5, 86
5539,140501,25102013,25102021 155358,1873, 41555.8, 36.715,  7.193,0.484468,359.8,249.160,4.07e+00, 17.3, -  , - 
5540,140502,09102012,25102021 102313,1759, 41447.9, 13.236, 37.712,0.089957,359.6,136.192,4.89e+00, 17.1, -  , - 
5541,140505,12052015,25102021 112719, 381, 41508.6, 23.676,303.790,0.354687,359.8,341.905,2.10e+01, 17.2,40.0, - 
5542,140506,30062017,25102021 225214, 642, 41581.0,  8.595, 63.303,0.054053,359.6, 96.255,9.11e+00, 17.8, -  , - 
5543,140507,15092017,26102021 124921,  45, 41562.4,  3.491,295.279,0.023365,359.2,127.226,1.35e-01, 18.2, 1.7, 72
5544,140508,19092017,25102021 214108, 425, 41544.4,  7.644,290.584,0.034984,359.7, 72.249,2.10e+00, 17.7,14.4, - 
5545,140509,21102017,26102021 135659,   8, 41558.0,  9.205,311.155,0.015906,359.5,262.959,2.76e-02, 17.9, 0.3, 30
5546,140510,13112017,26102021 164243,1423, 41568.9, 10.762, 65.951,0.073026,359.7, 55.836,1.03e+01, 16.2, -  , - 
5547,140511,17082018,25102021 165631, 734, 41572.2,  8.887,295.572,0.114377,359.7,185.118,9.50e-01, 17.7, 7.6, - 
5548,140514,21122019,25102021 075402, 669, 41267.9, 17.561,356.943,0.562321,359.6,202.864,1.63e+01, 17.4, -  , - 
5549,140515,21032020,25102021 184858, 464, 41546.7,  0.895,157.385,0.212637,  7.4,203.843,5.87e+00, 17.5,20.8, - 
5550,140600,07112007,25102021 093021,  13, 41553.9,  1.509,325.419,0.028143,356.4,317.741,1.00e+00, 17.8, 0.4, 53
5551,140601,23112008,26102021 095856,  10, 41620.5,  2.532,302.693,0.004675,358.6,355.403,9.95e-02, 17.0, 0.2, 33
5552,140603,03082017,25102021 065120,  17, 41582.6,  2.853,298.741,0.010761,358.9,  8.443,6.12e-02, 17.6, 0.5, 56
5553,140605,17032018,26102021 042503, 844, 41585.5,  9.414,310.379,0.010510,359.5,281.333,1.00e-02, 18.6,24.8, - 
5554,140606,20032018,25102021 184150, 168, 41573.9,  3.125,297.390,0.024003,359.0,130.671,9.19e-02, 18.0, 2.4,363
5555,140608,13022020,25102021 070754, 161, 41581.1, 19.686, 64.554,0.084739,359.8,222.411,6.82e+00, 16.8, -  , - 
5556,140610,21092020,25102021 215112,   9, 41545.8,  1.424,332.769,0.185767,355.9,202.224,9.28e+00, 14.5, 4.7,866
5557,140700,02112003,26102021 110412,   1, 41602.3, 12.103,264.166,0.117267,  0.1,111.945,8.73e-03, 12.7, 0.1,  1
5558,140701,05051997,26102021 043629,   1, 41595.6,  8.842,334.480,0.151325,359.3,144.139,9.98e-03, 12.9, 0.1,  1
5559,140702,02012008,26102021 073417,   2, 41605.3,  9.303,310.806,0.087774,359.5,274.165,1.09e+00, 16.1, 0.1, 12
5560,140703,16112006,25102021 225549,  18, 41589.8,  6.187,289.697,0.057884,359.6,352.713,1.54e+00, 16.5, 1.7,309
5561,140704,20102011,25102021 214319,2208, 41630.3,  6.458,291.067,0.156828,359.6, 23.653,7.64e-01, 17.2, -  , - 
5562,140705,10032016,25102021 111014,  14, 41594.8,  6.333,  1.733,0.197073,358.9,249.666,4.76e+00, 17.8, 1.4,231
5563,140707,01122015,26102021 085515,   1, 41557.3,  7.163,285.426,0.093000,359.8,303.837,1.88e+00, 17.0, 0.3, 63
5564,140708,20092017,26102021 075848,  45, 41597.1,  4.099,238.578,0.048604,  0.9, 50.678,5.24e+00, 17.6, 7.2,442
5565,140709,20012018,26102021 130104, 986, 41607.0,  3.744,287.570,0.168229,359.5,244.738,3.38e+00, 18.0, -  , - 
5566,140710,15042018,26102021 082459,   1, 41601.1,  3.049, 86.207,0.001942,359.8,118.426,1.67e-02, 14.7, 0.1,  3
5567,140711,29062018,25102021 140450, 321, 41020.6, 37.284, 15.273,0.299072,359.8,175.285,2.86e+01, 15.6,90.4, - 
5568,140713,09042021,25102021 222001,  38, 41599.4,  2.368,303.755,0.018653,358.5,337.885,2.29e-01, 18.2, 1.2,203
5569,140801,07112007,25102021 215335,  18, 41661.3,  5.536,288.187,0.006164,359.6, 50.299,6.89e-01, 15.5, 1.5,265
5570,140802,30122007,26102021 032240, 142, 41590.0,  0.858,340.920,0.259546,352.8,258.543,1.97e-01, 15.4, 8.5,329
5571,140804,09012007,26102021 000456,   1, 41630.0,  3.240,298.265,0.018968,359.0,117.147,1.53e-01, 17.0, 0.1,  6
5572,140805,09122007,26102021 052145,   1, 41634.1,  0.937,  7.948,0.021202,352.7,248.156,7.16e-02, 14.0, 0.1,  5
5573,140806,08092013,26102021 040958,   9, 41792.5,  7.195,287.400,0.075630,359.7,306.437,1.88e+00, 16.5, 2.0,282
5574,140808,07022016,26102021 072807,2082, 41769.0, 36.208,359.343,0.360774,359.8,168.066,2.39e+01, 17.4, -  , - 
5575,140809,10032016,26102021 004845,  39, 41624.9, 13.302, 12.916,0.020600,359.5,141.193,1.64e-01, 17.4, 1.5,169
5576,140812,09052018,26102021 062759,   7, 42499.0,  2.103, 87.322,0.011089,359.8,353.084,3.68e-03, 13.5, 0.1,  1
5577,140813,28062018,25102021 173554,1212, 41604.3,  4.527, 50.944,0.186635,359.0,232.276,4.79e+00, 19.0, -  , - 
5578,140815,06012019,26102021 135732, 970, 41619.3,  9.451,310.278,0.040651,359.5,250.837,1.39e-01, 17.8,20.6, - 
5579,140816,01042019,25102021 104641,  73, 41597.0, 11.789, 52.982,0.196636,359.6,112.536,8.81e+00, 14.4,36.8, - 
5580,140819,26082020,26102021 005045, 236, 41822.4,  8.769, 49.094,0.286753,359.5,125.899,2.26e+01, 17.0,24.0, - 
5581,140820,23012014,25102021 205442,  20, 41626.0, 10.249, 41.449,0.002532,359.5,341.901,5.73e-02, 17.9, 0.1, 12
5582,140900,18031994,25102021 234927,   0, 41649.4, 13.941,350.720,0.008753,359.5, 98.843,2.00e-02, 12.1, 0.1,  1
5583,140901,10102007,25102021 152115,   9, 41840.3,  2.640,312.468,0.018344,358.3,329.298,1.06e+00, 17.7, 0.3, 38
5584,140902,20112011,26102021 000019, 402, 41577.0,  1.113,304.845,0.283709,356.8,208.166,8.18e+00, 14.7, -  , - 
5585,140903,20012009,26102021 005804, 136, 41648.1,  2.602,303.538,0.003149,358.6, 93.203,6.11e-02, 17.3, 0.9, 78
5586,140904,21042011,26102021 161643,   2, 41642.9,  9.615,310.289,0.012790,359.5,270.006,2.25e-02, 17.4, 0.3, 19
5587,140906,11092015,25102021 203955,   1, 41633.3,  5.511, 67.074,0.038473,359.5, 84.607,4.74e-01, 15.0, 0.1, 14
5588,140908,17102012,25102021 182918,1830, 41639.4,  7.056,294.102,0.063125,359.6,247.659,3.89e-01, 17.7, 4.7,627
5589,140909,09022016,25102021 221624,   2, 41637.7,  4.941, 70.417,0.036768,359.5, 86.100,9.72e-03, 16.1, 0.1,  3
5590,140911,20082017,26102021 154414,1319, 41673.3, 18.735, 60.030,0.124703,359.8,230.979,1.64e+01, 16.9, -  , - 
5591,140912,15042018,26102021 080321,   0, 42704.8,  2.093, 90.600,0.000628,  0.0,354.973,5.00e-02, 14.2, 0.1,  4
5592,140913,15042018,25102021 235845,   1, 42165.4,  0.104, 92.942,0.000127, 75.5,180.005,2.73e-02, 10.4, 0.1,  1
5593,140914,15042018,26102021 023348, 425, 41636.6,  3.058, 85.204,0.008944,359.8,132.205,3.32e-01, 18.0, 3.0,512
5594,140916,15042018,25102021 130650,1187, 41554.2,  5.332, 78.049,0.196121,359.7,189.356,1.32e+00, 17.1, -  , - 
5595,140917,16042018,26102021 144351,1099, 41625.8,  3.044, 77.432,0.021789,359.5,211.621,5.61e-01, 19.0,19.7, - 
5596,140918,01072018,26102021 054427, 285, 41613.1, 13.089, 52.979,0.153845,359.7,109.458,8.44e+00, 14.0,87.9, - 
5597,140919,02122018,26102021 051908, 294, 41651.4,  2.699,290.147,0.145629,359.2, 33.541,4.19e-01, 17.2,33.4, - 
5598,140920,27082019,26102021 020419,  20, 41649.6,  2.114,312.903,0.036641,357.9, 24.065,2.53e+00, 17.7, 1.6,298
5599,141000,01102005,25102021 173514,   0, 41664.3, 13.248,271.898,0.127793,360.0, 71.747,7.68e-03, 13.0, 0.1,  1
5600,141001,19092006,26102021 002551,   0, 41666.7,  2.551,304.131,0.004600,358.6, 81.462,7.49e-02, 13.9, 0.1,  2
5601,141002,13082013,26102021 064207, 158, 41559.1, 16.545, 32.977,0.229224,359.6,174.681,7.77e+00, 16.1,80.4, - 
5602,141003,25102016,25102021 231925, 158, 41812.2,  3.780,315.189,0.177773,358.8,162.857,9.03e+00, 16.8, -  , - 
5603,141004,03102016,25102021 061732,  24, 41652.2,  9.794,309.459,0.013106,359.6,267.492,2.18e-02, 18.2, 0.8, 44
5604,141006,19092017,26102021 155110,1466, 41651.0,  8.719,315.278,0.025303,359.4, 17.541,2.00e+00, 18.1,19.3, - 
5605,141007,15122017,26102021 035039,1291, 41615.5, 16.612, 71.426,0.260267,359.9, 87.875,1.56e+01, 17.5, -  , - 
5606,141008,17032018,25102021 062541,1313, 41657.6,  6.932,291.336,0.003928,359.7,343.018,1.31e-02, 19.2, 0.5, 15
5607,141009,22032018,26102021 085647,1311, 41670.8,  9.032,296.168,0.057349,359.7,288.254,1.33e+00, 18.6, -  , - 
5608,141010,09052018,25102021 234559,   2, 41656.9,  3.058, 85.628,0.000826,359.8,103.924,4.08e-03, 17.0, 0.1,  1
5609,141011,03052018,26102021 014717,   1, 41657.6,  3.060, 85.654,0.000881,359.8, 97.140,4.87e-03, 16.9, 0.2,  7
5610,141012,16032019,25102021 224029, 630, 41446.8, 10.016, 87.776,0.489774,360.0,107.478,1.91e+01, 17.3, -  , - 
5611,141014,29032020,26102021 042732, 348, 41650.7,  3.015,310.165,0.042753,358.6,320.053,2.92e+00, 17.6, -  , - 
5612,141015,16102020,26102021 005752, 365, 41670.7,  4.140, 12.865,0.107204,358.4,115.824,2.18e+00, 18.2, -  , - 
5613,141016,14022021,25102021 171153, 134, 41657.1,  2.144,105.730,0.169096,  0.9, 71.446,6.29e+00, 17.8, 7.2, - 
5614,141100,07082007,25102021 225629,  19, 41693.1,  5.638,287.485,0.082796,359.7,343.420,1.74e+00, 15.8, 3.8,693
5615,141101,21062009,26102021 162227,  73, 41669.6,  1.797,314.653,0.016852,357.5, 93.566,1.42e-01, 15.7, 0.9,164
5616,141102,15042009,26102021 033807,   1, 41668.7,  1.409,325.175,0.026849,356.2, 79.513,9.41e-02, 13.5, 0.1,  7
5617,141104,29102014,25102021 102226,   9, 41555.1,  5.647,279.580,0.057193,359.8,271.400,4.27e+00, 17.2, 1.3,115
5618,141105,10112013,25102021 165944,  46, 41678.2,  2.241,307.558,0.010166,358.2,320.074,9.81e-02, 16.0, 1.1,197
5619,141106,07122015,26102021 075508, 251, 41687.1,  9.460,310.525,0.075519,359.5,238.194,1.09e+00, 17.6,16.7, - 
5620,141107,09022016,26102021 113342,   3, 41626.8,  3.220,322.410,0.065242,358.4,224.501,2.87e+00, 17.2, 0.2, 37
5621,141109,11092016,25102021 173422, 560, 41620.4, 18.726, 68.505,0.592252,359.9,121.576,6.23e+00, 17.8,71.7, - 
5622,141111,20122017,25102021 225200,1400, 41683.4, 10.195,307.388,0.048291,359.6,327.654,2.91e-01, 19.4, -  , - 
5623,141112,25032018,26102021 094415,   1, 41731.2,  2.449,307.054,0.006988,358.4,  9.919,1.06e-01, 16.8, 0.1,  7
5624,141113,15022019,26102021 061102, 980, 41657.1,  9.335,353.778,0.283667,359.3,206.140,9.85e+00, 18.4, -  , - 
5625,141200,01102007,26102021 131832, 136, 41698.4,  9.762, 33.213,0.043994,359.4, 30.991,4.16e-01, 16.6, 7.5, - 
5626,141201,25072011,25102021 192439,   9, 41694.4,  6.859,291.846,0.028138,359.6,249.021,1.11e+00, 17.3, 0.2, 28
5627,141203,18012007,25102021 072358,  21, 41673.9,  1.857, 56.628,0.077771,357.8,312.780,1.33e+00, 16.5, 1.9,290
5628,141205,19102017,25102021 091345,   8, 41701.0,  2.616,304.284,0.006743,358.6,  5.669,1.22e-01, 17.2, 0.7, 61
5629,141206,21012018,25102021 141227, 229, 41697.6,  2.648,303.540,0.003996,358.6, 36.115,7.51e-02, 17.1, 1.2,137
5630,141207,09032018,26102021 075434,  45, 41701.4,  7.685, 44.504,0.244799,359.4,143.177,1.92e+01, 17.0,66.7, - 
5631,141208,17052018,25102021 094927,  42, 41686.9,  4.367, 73.405,0.019957,359.5,256.081,3.88e+00, 17.6, 3.4,568
5632,141211,03042021,26102021 003452, 115, 41697.1,  2.304,306.975,0.005098,358.3,231.393,4.52e-02, 17.2, 2.6,380
5633,141300,02032001,25102021 125437,   1, 41716.7,  1.110,346.926,0.024301,354.2,268.462,5.46e-02, 13.4, 0.1,  1
5634,141301,24052006,25102021 235547, 396, 41836.6,  7.733,293.761,0.004372,359.7, 41.842,1.74e+00, 18.2, 4.7,853
5635,141302,14072007,25102021 211335,   2, 41732.6,  9.641,311.413,0.017183,359.5,201.398,3.29e-01, 15.8, 0.4, 38
5636,141303,16102009,25102021 153231,   2, 41643.1,  4.607,297.488,0.131879,359.3,315.879,1.68e+00, 17.9, 0.5, 89
5637,141304,03042012,26102021 094020, 842, 41774.6, 10.395, 37.761,0.101701,359.5,101.036,2.42e+00, 16.2, -  , - 
5638,141306,07092016,26102021 015242, 556, 41605.7,  7.679, 27.829,0.351925,359.2,230.826,1.01e+01, 17.2,47.4, - 
5639,141307,17102016,25102021 201240,  17, 42564.4, 11.436,317.725,0.226251,359.6,203.526,4.16e+01, 16.9, 6.5,918
5640,141308,06032017,25102021 172252,1682, 42440.3,  8.722,348.712,0.359353,359.2,330.570,1.47e+01, 16.4, -  , - 
5641,141309,21112017,26102021 011425,  70, 41922.9, 27.732,329.309,0.524936,359.8,224.349,1.79e+01, 14.3,26.7, - 
5642,141310,19022018,25102021 075938,  18, 41730.5,  1.534,284.481,0.135907,359.0,254.684,6.36e+00, 17.5, 0.8,105
5643,141311,08032018,26102021 083014,  15, 41722.7,  8.284,298.980,0.042167,359.6,273.153,1.43e+00, 17.3, 1.6,283
5644,141312,14032018,26102021 101029, 607, 41665.9, 14.781,331.421,0.052983,359.6,168.465,9.07e+00, 17.2, -  , - 
5645,141313,20032018,26102021 141835, 846, 41652.8,  1.013, 31.942,0.252418,353.9,151.326,8.65e+00, 14.6, -  , - 
5646,141314,21032018,26102021 051552, 542, 41611.8,  1.180,150.549,0.214678,  5.3,216.971,2.81e+00, 11.3,91.6, - 
5647,141315,12042018,25102021 070958, 140, 41721.6,  3.160,301.141,0.007715,358.9, 85.365,1.87e-01, 18.2, 2.4,426
5648,141316,14082018,25102021 132051,   9, 41728.3,  9.708,310.697,0.019953,359.5,317.863,1.04e+00, 18.2, 0.2, 33
5649,141317,30092021,25102021 125525,  13, 41704.2,  2.529, 82.341,0.599925,359.6,199.713,7.70e+01, 14.5,52.5, - 
5650,141400,09111993,25102021 085912,   1, 41749.4,  8.611,293.829,0.109551,359.7,206.640,9.22e-03, 12.2, 0.1,  1
5651,141402,21102011,25102021 101835,  13, 41749.6, 10.097,309.720,0.009277,359.6,265.213,4.37e-02, 17.1, 0.1, 20
5652,141403,14032007,25102021 175538,2618, 41745.7,  9.037,302.588,0.011492,359.6,266.650,4.08e-01, 17.9, 6.6, - 
5653,141404,23102014,25102021 111340,  20, 41829.2,  9.904, 36.699,0.049337,359.4,159.391,3.37e+00, 16.3,12.4, - 
5654,141406,03102013,25102021 162809,   2, 41745.9,  9.618,311.417,0.015983,359.5,254.757,1.24e+00, 17.4, 0.1,  5
5655,141407,21122017,25102021 051320,1371, 41462.6, 35.425,346.513,0.640821,359.8,250.002,2.77e+01, 17.1, -  , - 
5656,141409,21052018,25102021 135858,  28, 41685.8,  2.757,348.404,0.067322,357.6, 36.320,5.44e+00, 17.7, 8.9, - 
5657,141410,07052019,26102021 004404,   0, 41734.3, 18.773, 66.156,0.012963,359.8,252.989,2.88e-02, 12.6, 0.1,  1
5658,141411,16022020,25102021 201436, 303, 41897.0, 21.684, 62.584,0.128619,359.8,112.790,6.69e+00, 16.2, -  , - 
5659,141412,17022017,25102021 064101,  28, 41740.2,  3.899,297.561,0.020788,359.2,111.600,1.98e-01, 18.0, 0.7,125
5660,141500,16122006,26102021 063225,   1, 41766.9,  9.985,184.929,0.137422,  0.7,113.537,9.36e-03, 12.7, 0.1,  1
5661,141501,25092011,25102021 195448, 487, 41769.2,  2.405,300.356,0.156957,358.6, 58.973,1.41e+00, 17.7,18.3, - 
5662,141502,17072014,26102021 131504, 103, 41792.3,  6.436, 60.570,0.030463,359.5, 17.372,3.59e-01, 16.1, 5.0,369
5663,141503,08102015,26102021 161419,   8, 41689.6,  2.777,352.912,0.044398,357.6,157.869,5.62e+00, 18.1, 3.7,412
5664,141505,31102016,25102021 232923, 536, 42602.8, 22.380,  3.070,0.255022,359.7, 65.860,1.70e+01, 16.2,58.8, - 
5665,141507,21072017,25102021 151959,  56, 41800.6,  2.861,272.201,0.133072,359.9,311.548,6.25e+00, 17.2,13.8, - 
5666,141508,15082017,25102021 054631,  14, 41684.2,  1.416,257.778,0.136445,  1.0,286.781,6.66e+00, 17.6, 0.5, 78
5667,141509,18082017,26102021 044059,  11, 41761.0,  9.089, 37.269,0.091237,359.4,139.311,8.26e-01, 15.3, 1.8,300
5668,141510,22032018,26102021 043926, 365, 41751.6,  3.650,298.924,0.008046,359.1, 67.826,7.42e-02, 18.0, 1.7,285
5669,141511,26032018,26102021 024719,  26, 41769.2,  3.354,277.860,0.041624,359.7,175.113,1.67e-02, 18.4, 0.7, 24
5670,141514,27072020,25102021 163031, 289, 42225.8, 26.132, 32.975,0.250409,359.8,162.584,3.80e+01, 16.6,59.9, - 
5671,141600,24052001,25102021 223417,   1, 41783.1, 13.757,347.521,0.001816,359.5, 59.193,1.46e-02, 13.7, 0.1,  2
5672,141601,24092012,25102021 122440,  19, 41783.3,  6.392, 61.148,0.014242,359.5,290.549,5.94e-01, 15.3, 0.6, 61
5673,141602,01022016,26102021 121923,  15, 41862.7, 18.120, 44.435,0.172065,359.7,152.812,7.70e+00, 16.7, 2.5,387
5674,141603,12032018,25102021 193538,1017, 41787.2,  7.671,293.959,0.100773,359.6,340.531,8.54e-01, 18.2, 7.0, - 
5675,141605,19022020,26102021 075846, 554, 41781.4, 14.722,  0.535,0.010836,359.5,  4.996,2.77e-01, 14.5,54.8, - 
5676,141606,16092020,25102021 170401, 395, 41468.1, 32.955,332.578,0.608779,359.8,235.655,3.89e+01, 16.7, -  , - 
5677,141607,24092020,25102021 064043, 394, 41784.1,  7.800,335.150,0.039115,359.2,339.798,2.48e+00, 19.3, -  , - 
5678,141608,07102020,26102021 080358, 234, 42149.9, 20.502,300.508,0.540090,359.8,253.606,2.66e+01, 16.4, -  , - 
5679,141609,19122020,26102021 113242,  23, 41815.0,  5.054, 98.112,0.159855,  0.2,193.533,2.22e+01, 17.0, 2.7,442
5680,141700,26122011,25102021 210942, 492, 41816.7, 12.175,332.367,0.013239,359.5,238.014,4.25e-01, 17.6, 5.3,950
5681,141703,25072012,25102021 225944,   4, 41819.9,  5.839, 75.651,0.002558,359.7,236.096,4.26e-02, 17.1, 0.2, 13
5682,141704,16042015,25102021 095142, 193, 41809.5,  4.124,298.280,0.023147,359.2,119.775,3.89e-02, 18.5, 2.8,325
5683,141705,01112015,25102021 101704,  10, 41796.7,  9.823,312.223,0.008833,359.5,256.547,1.26e-02, 17.6, 0.2, 15
5684,141706,30112015,26102021 163346,   2, 41797.8,  7.637,291.957,0.007541,359.7,327.495,5.40e-02, 17.1, 0.3, 19
5685,141707,03022016,26102021 045807,1726, 41830.7, 18.224, 10.322,0.045523,359.6,208.951,9.30e+00, 17.1, -  , - 
5686,141708,08112016,26102021 002242,1617, 41790.4,  1.370, 42.342,0.039908,356.1,266.452,1.88e+00, 16.7, -  , - 
5687,141710,16102018,26102021 090850, 403, 41802.1,  2.674,306.690,0.021474,358.5,339.036,7.42e-01, 18.1,64.8, - 
5688,141711,31102018,26102021 021716,1072, 41808.6, 32.193,349.531,0.079304,359.8, 48.068,5.38e+00, 16.6, -  , - 
5689,141714,04032019,26102021 015834, 344, 41805.3,  2.577,307.411,0.015157,358.5,  9.477,4.32e-02, 18.2, 1.8,308
5690,141718,19012020,26102021 104258,   1, 41800.7, 13.702,302.926,0.171068,359.7, 79.106,9.86e-03, 15.7, 0.1,  1
5691,141801,21112011,26102021 025239,  38, 41825.9, 10.045,311.459,0.012538,359.6,210.123,2.23e-02, 17.4, 0.7, 50
5692,141802,26072015,25102021 122512,   2, 41814.6,  2.951,113.584,0.002663,  0.9,209.724,3.36e-02, 17.0, 0.1,  6
5693,141804,31052017,25102021 151358,1198, 41848.9,  2.311, 45.167,0.446097,357.8,143.432,5.59e+00, 16.7, -  , - 
5694,141805,21072017,25102021 225337,1473, 41826.5,  8.401,294.566,0.162409,359.7,250.348,1.09e+00, 17.3, -  , - 
5695,141806,19092017,26102021 145952,1487, 41810.9,  9.778,312.836,0.011981,359.5,316.357,9.66e-02, 18.1,26.4, - 
5696,141807,22022018,26102021 072539, 837, 41824.1,  6.570,288.978,0.044819,359.7,270.124,2.05e+00, 18.0,33.5, - 
5697,141900,18022010,25102021 182226,   3, 41663.4,  1.951, 47.979,0.157011,357.5,353.077,2.40e+00, 14.3, 0.6,105
5698,141901,21092009,26102021 055544,  20, 41796.9, 11.818,324.049,0.011677,359.5,211.724,6.94e-01, 17.3, 1.0,143
5699,141902,14092006,25102021 231430,   1, 41838.3,  2.952, 10.637,0.038546,357.7,143.202,3.06e+00, 14.9, 0.1, 18
5700,141903,31012013,25102021 233919,  26, 41762.7, 13.115,284.558,0.150656,359.9,283.203,4.09e+00, 15.8, 7.0, - 
5701,141904,26072016,25102021 075250,1371, 41851.5, 31.204,  1.340,0.541783,359.8,249.076,2.93e+01, 17.1, -  , - 
5702,141906,20092017,26102021 163412,   2, 41835.2,  7.550,293.316,0.005068,359.7,359.096,4.41e-02, 18.2, 0.1,  8
5703,141907,21072017,25102021 195205,  14, 41831.8,  2.699,307.166,0.010963,358.5,338.206,4.59e-02, 18.0, 0.2, 34
5704,141908,22092017,26102021 071900,1340, 41839.0,  2.896, 46.404,0.186709,358.3,107.409,6.80e+00, 18.2,56.6, - 
5705,141909,18032018,26102021 130531,  75, 41826.7,  1.932, 40.890,0.133390,357.2,221.327,8.63e+00, 17.7,11.8,652
5706,141910,03062019,26102021 054806, 500, 41864.1, 21.995, 61.788,0.254491,359.8,162.647,5.94e+00, 16.0, -  , - 
5707,141914,13042021,26102021 102913, 134, 41801.8, 10.554, 37.328,0.595525,359.5,156.505,2.18e+01, 16.1, -  , - 
5708,141915,02082021,25102021 193056,  16, 41801.8,  6.601,301.079,0.338293,359.5,287.528,6.51e+00, 16.1,14.6, - 
5709,141916,14092021,26102021 020839,  28, 41803.9,  8.377,301.242,0.108816,359.6,341.097,6.82e+00, 18.0,23.4, - 
5710,142000,21012007,26102021 075937, 648, 42314.9,  2.271, 72.293,0.072511,359.0, 94.240,7.55e+00, 17.9, -  , - 
5711,142001,08102005,26102021 012055, 208, 41822.6,  9.889,312.289,0.004852,359.5,189.247,9.46e-02, 17.3, 4.6,708
5712,142002,05062008,25102021 230050,  14, 41864.0,  2.023, 11.310,0.095997,356.6, 86.352,1.96e+00, 16.8, 0.4, 56
5713,142003,11102007,25102021 105658,   1, 41853.3,  2.567,309.111,0.009009,358.4,357.112,5.11e-03, 17.1, 0.1,  6
5714,142004,05062011,25102021 234058, 101, 41844.2,  6.953,285.934,0.077714,359.7,244.989,2.52e+00, 17.6,39.3, - 
5715,142005,30112008,25102021 083628,  23, 41794.5,  9.001,299.532,0.020010,359.6,203.487,1.56e+00, 16.9, 2.5,347
5716,142006,30112008,25102021 161431,   8, 41865.7, 10.278,314.002,0.022236,359.5,201.163,1.57e-01, 17.2, 0.4, 40
5717,142007,23032011,25102021 091952,  17, 41858.1,  3.505,301.933,0.013987,359.0, 25.580,4.52e-02, 17.3, 0.3, 43
5718,142008,07052014,26102021 031936,1492, 41858.1, 15.679, 47.455,0.209007,359.7,105.698,8.57e+00, 17.7,61.9, - 
5719,142010,21102015,25102021 112845, 678, 41860.2, 10.885,320.448,0.017694,359.5,229.410,4.09e-01, 18.3,13.7, - 
5720,142011,24082016,25102021 232510,  38, 41787.1,  3.640,280.710,0.157193,359.7,351.277,7.04e+00, 17.6, 1.5,258
5721,142013,23012017,25102021 195147,1400, 41956.3, 18.674,352.777,0.229754,359.6,241.239,7.39e+00, 16.6, -  , - 
5722,142014,30072017,26102021 041125,  41, 41866.8,  2.661,325.262,0.028710,357.9,274.757,1.96e+00, 18.4, 0.5, 85
5723,142015,22102017,26102021 040630,1138, 41445.6, 15.083, 65.802,0.091295,359.8,266.591,7.43e+00, 17.1, -  , - 
5724,142017,10022018,25102021 115028,  15, 41856.2,  9.957,312.530,0.012015,359.5,321.488,2.67e-03, 18.3, 0.1, 17
5725,142018,21042018,26102021 025205,1237, 41859.0, 13.656, 11.704,0.008144,359.5,118.658,6.69e-02, 17.3,22.9, 92
5726,142100,09051995,26102021 070732,   1, 41884.7, 14.530,356.443,0.002037,359.5,316.857,8.57e-03, 13.8, 0.1,  1
5727,142101,08021994,25102021 193221,   0, 41870.5, 10.281,314.189,0.005181,359.5,280.157,1.00e-02, 13.2, 0.1,  1
5728,142102,19121998,25102021 185549,   1, 41878.5, 13.589,351.068,0.004395,359.5,334.834,8.98e-03, 13.6, 0.1,  1
5729,142103,01022003,25102021 164347,   1, 41887.2, 14.566,359.027,0.001820,359.5,255.195,2.17e-02, 12.2, 0.1,  1
5730,142104,22092011,25102021 194217, 615, 41850.6, 14.562,356.194,0.024130,359.5,201.082,4.88e-01, 17.2,16.5, - 
5731,142105,11122012,25102021 182603,1415, 41829.2,  8.859,321.373,0.048944,359.4,  6.371,2.12e+00, 17.3, -  , - 
5732,142106,18092015,26102021 124451,  15, 41875.0, 13.612,350.896,0.028081,359.5,132.884,1.47e-01, 17.1, 1.6,206
5733,142107,22092015,25102021 164053,   7, 41859.6, 10.005, 65.296,0.055738,359.7,192.574,8.86e+00, 16.7, 0.3, 53
5734,142108,09102015,25102021 215636,  38, 41767.5,  2.142,320.004,0.053791,357.6,212.765,2.07e+00, 17.8, 1.9,241
5735,142110,28012017,26102021 045205, 253, 41860.6, 10.128,311.664,0.012028,359.6,332.691,2.95e-02, 18.3, 5.4,948
5736,142111,30072017,25102021 081326, 461, 41883.9,  2.784,334.562,0.069858,357.8,249.328,2.52e+00, 17.8,23.8, - 
5737,142112,16092017,26102021 051105, 161, 41875.5,  2.694,308.868,0.013901,358.5,353.232,4.84e-02, 18.0, 1.8,211
5738,142113,15102017,26102021 105557,   8, 41988.3, 33.387,350.292,0.257023,359.8,267.856,9.72e+00, 17.6, 0.7,115
5739,142116,07032018,26102021 051706, 232, 41879.5,  6.430,270.782,0.020446,360.0,212.209,2.23e-01, 15.6, 7.6, - 
5740,142117,21052018,26102021 032000,  46, 41880.4,  2.390,312.705,0.019911,358.1,337.981,4.58e-01, 18.0, 0.3, 33
5741,142118,11122018,25102021 102818, 232, 41889.8,  2.539,318.858,0.047636,358.0,248.174,2.27e+00, 16.5,37.8, - 
5742,142200,06031989,26102021 084535,   1, 41897.0, 12.600,345.308,0.000514,359.5,205.717,7.60e-03, 13.1, 0.1,  1
5743,142201,15011994,25102021 182347,   0, 41891.9, 11.025,317.184,0.001365,359.5,104.969,1.00e-02, 13.2, 0.1,  1
5744,142202,14021994,25102021 133142,   1, 41893.6, 13.222,340.833,0.006792,359.5,306.441,8.37e-03, 13.0, 0.1,  1
5745,142203,11042007,26102021 152818,   2, 41895.6, 10.306,311.286,0.006131,359.6,259.995,5.46e-02, 17.1, 0.1,  5
5746,142204,21022007,25102021 201743,1441, 41892.0,  8.501,291.759,0.018829,359.7, 76.203,2.94e+00, 18.0, -  , - 
5747,142205,15012010,25102021 153852, 328, 41909.6, 14.391,  6.697,0.006289,359.5, 34.760,9.76e-02, 12.0, 7.1, - 
5748,142207,08032008,25102021 230644,  35, 41881.3,  8.823,300.300,0.022988,359.6,263.272,9.20e-01, 15.4, 0.6, 95
5749,142208,21122011,26102021 130713, 173, 41839.8,  8.538,213.604,0.766049,  0.7,179.744,3.48e-02, 18.0, 4.7,279
5750,142209,26102013,25102021 173258,   4, 41902.5, 10.544,310.639,0.004371,359.6,276.817,1.02e+00, 17.3, 0.6, 81
5751,142210,25112013,25102021 211953,1249, 41518.3, 28.768, 32.426,0.534992,359.8,178.371,7.27e+00, 15.1, -  , - 
5752,142211,09042015,26102021 033417, 197, 41904.0,  2.628,309.801,0.009892,358.4, 15.116,6.83e-02, 17.7, 4.1,660
5753,142212,06112015,25102021 200751,  80, 41903.6, 10.865,315.338,0.042196,359.6, 81.546,1.41e-01, 17.9, 3.4,560
5754,142213,13122015,25102021 094611,  11, 41905.1, 12.612,335.340,0.009825,359.5, 14.789,4.15e-01, 17.5, 0.5, 42
5755,142214,10092016,25102021 161643,1485, 41832.8,  9.232, 73.591,0.135153,359.8,150.253,8.51e+00, 17.5, -  , - 
5756,142215,13072017,26102021 031414, 563, 41565.5, 37.636,349.222,0.707695,359.8,196.252,2.72e+01, 15.6, -  , - 
5757,142216,12012018,26102021 130633, 790, 41792.9, 15.149,331.323,0.099326,359.6,237.804,7.88e+00, 17.9,86.5, - 
5758,142217,09042018,26102021 112118, 141, 41897.7,  3.320,278.837,0.048461,359.7,175.584,1.46e-01, 17.6, 2.4,367
5759,142218,23022017,26102021 103500,  24, 41889.6, 10.085,312.451,0.008570,359.5,309.568,6.65e-03, 18.2, 0.1, 25
5760,142219,01022019,25102021 112036, 991, 41887.6, 13.907,335.252,0.163839,359.6,212.561,8.66e+00, 17.0,39.6, - 
5761,142300,16031996,25102021 181148,   1, 41919.1, 13.147,330.796,0.000604,359.5,170.719,9.38e-03, 12.9, 0.1,  1
5762,142301,26101986,26102021 163146,   1, 41917.1, 11.898,325.332,0.002816,359.5,282.247,9.03e-03, 12.9, 0.1,  1
5763,142302,04061995,25102021 225652,   1, 41912.9, 14.373,  6.772,0.000542,359.5, 70.066,1.00e-02, 13.7, 0.1,  1
5764,142303,28012003,26102021 111827,   1, 41913.0, 13.521, 14.549,0.005539,359.5,236.161,1.70e-02, 13.1, 0.1,  1
5765,142304,29062003,26102021 001053,   0, 41913.0, 13.826, 12.739,0.001412,359.5,292.088,1.00e-02, 13.4, 0.1,  1
5766,142305,20092003,26102021 142411,   1, 41929.5, 12.368, 22.608,0.002228,359.5,190.439,1.29e-02, 12.5, 0.1,  1
5767,142306,23112008,25102021 093503,  47, 42001.5,  3.713,304.455,0.010639,359.0, 49.228,9.07e-02, 18.2, 1.2,181
5768,142307,25092008,25102021 184240,   4, 42004.2,  2.837, 13.945,0.064498,357.6,329.738,2.76e+00, 16.4, 0.1, 18
5769,142308,08112009,26102021 155808,   1, 41838.8,  4.495,302.740,0.053895,359.2,  8.202,1.74e+00, 15.6, 0.3, 57
5770,142309,09112009,26102021 060344,  28, 41926.1, 10.834,309.405,0.014064,359.6,191.473,8.94e-02, 17.2, 0.5, 75
5771,142310,09092010,26102021 095734,  24, 41919.3,  3.346,304.403,0.009617,358.9,  2.594,1.05e-01, 16.7, 0.5, 91
5772,142312,16012012,26102021 033151,  20, 41929.1,  8.336,296.552,0.027109,359.6, 65.713,2.32e-02, 15.1, 0.2, 35
5773,142313,18022012,26102021 000427,   1, 41918.2,  2.354,314.328,0.022839,358.1,320.087,3.86e-01, 17.4, 0.1,  8
5774,142317,07102015,25102021 211828, 205, 41924.4,  3.413,283.542,0.130603,359.6,220.627,5.42e+00, 17.6,11.0, - 
5775,142318,26102011,25102021 144756, 101, 41904.2,  1.695,328.199,0.055171,356.7,317.361,2.16e-01, 16.5, 3.2,546
5776,142319,31072016,25102021 220640, 756, 41924.1,  9.200,282.871,0.049284,359.8,147.154,2.90e+00, 16.2,24.4, - 
5777,142321,19112016,26102021 060052,  20, 41918.5,  7.929,280.505,0.090811,359.9, 18.272,2.79e+00, 17.3, 0.5, 84
5778,142324,16012018,25102021 152941,  10, 41909.2, 14.374,  6.708,0.005588,359.5,348.157,7.60e-02, 16.6, 0.1, 14
5779,142325,16022018,26102021 102716,1341, 41939.7, 13.010, 51.044,0.151493,359.7, 46.667,8.28e+00, 17.2,58.7, - 
5780,142326,18042018,25102021 212421, 128, 41923.4,  3.287,305.126,0.013192,358.8, 24.037,1.21e-01, 17.9, 2.1,307
5781,142328,21052018,25102021 105656,  74, 41853.4,  2.558,309.084,0.010119,358.4,347.620,2.66e-02, 17.4, 0.9,127
5782,142329,16082018,26102021 032038, 786, 41908.9,  6.811, 21.756,0.106213,359.1,242.535,5.82e+00, 17.7,24.6, - 
5783,142330,14032019,25102021 142225, 823, 41900.1, 15.452, 88.979,0.300742,360.0, 54.585,1.74e+01, 16.7,95.5, - 
5784,142333,06052019,25102021 161251, 902, 41834.4, 12.768, 72.405,0.447314,359.8,136.069,1.60e+01, 17.8, -  , - 
5785,142334,28072019,26102021 010819,  70, 41908.5,  2.792,308.422,0.017897,358.5,341.332,3.73e-02, 17.9, 5.3,211
5786,142339,22092020,25102021 180949,  25, 41873.7,  2.557,232.056,0.095952,  1.6,251.689,5.46e+00, 17.9, 2.1,360
5787,142400,11022007,26102021 061839,1291, 41971.4, 32.319,330.714,0.614672,359.8,237.486,3.70e+01, 17.1, -  , - 
5788,142401,04031986,25102021 191904,   0, 41939.2, 12.962,329.609,0.006030,359.5,136.821,1.00e-02, 13.9, 0.1,  1
5789,142402,12022007,25102021 105119,1288, 41673.4, 18.674,354.157,0.243743,359.6,207.193,7.34e+00, 16.7, -  , - 
5790,142403,17082007,26102021 125021,   1, 41999.3,  4.989,285.716,0.067963,359.6,113.535,1.23e+00, 13.6, 0.1,  7
5791,142404,15012007,25102021 193217,3293, 41535.0, 35.271,344.766,0.448424,359.8,253.720,1.80e+01, 17.2, -  , - 
5792,142406,09112007,25102021 181310,   4, 41957.1,  2.673,315.186,0.011296,358.3, 42.753,1.12e+00, 17.1, 0.5, 25
5793,142407,18122004,25102021 174911,   1, 41941.7,  7.587,293.950,0.008486,359.6,117.431,1.68e-03, 16.0, 0.1,  4
5794,142408,04082011,25102021 151539,1374, 42027.2, 16.811, 40.429,0.173072,359.7,154.773,8.44e+00, 16.7, -  , - 
5795,142409,03102011,25102021 213529,  50, 41882.2,  9.106,305.509,0.113000,359.6,246.646,2.95e+00, 16.2, 1.2,209
5796,142410,14102012,26102021 160630, 164, 41814.1,  9.762,317.318,0.031480,359.5,270.335,9.00e-01, 16.8,30.4, - 
5797,142411,18012012,25102021 200440,  14, 41948.3,  7.592,292.974,0.024390,359.7,285.621,9.49e-01, 17.3, 0.3, 54
5798,142413,01082015,25102021 205002,   9, 42022.8, 25.842, 49.340,0.523386,359.8,224.468,2.56e+01, 15.5, 7.1, - 
5799,142414,09022016,25102021 225529, 821, 41992.9, 14.079,349.079,0.002488,359.5,297.157,3.63e-01, 18.2, 9.9, - 
5800,142415,31122016,26102021 085146, 109, 41973.0, 14.417,277.283,0.369688,359.9, 97.751,1.07e+01, 15.1, 7.3, - 
5801,142416,01032016,25102021 104446,  24, 41933.2,  2.745,308.447,0.017507,358.5,337.449,1.41e-01, 18.0, 0.7,124
5802,142417,13122017,25102021 235740, 575, 41811.1,  7.336,355.346,0.146856,359.1, 45.966,4.63e+00, 16.8,60.3, - 
5803,142501,22112008,25102021 191408, 478, 41984.2,  3.200,320.426,0.102369,358.4,356.515,1.99e+00, 17.4,43.5, - 
5804,142502,25072009,26102021 070430,   1, 41763.5,  6.840,285.139,0.148514,359.7,355.021,5.53e+00, 16.8, 0.1, 10
5805,142503,20032010,26102021 002017,  39, 41949.8,  8.976,301.566,0.006954,359.6,338.122,1.47e-02, 16.8, 0.6, 58
5806,142504,05112011,25102021 133536, 393, 42107.5, 16.258,350.606,0.389939,359.6,195.679,1.45e+01, 15.5,82.6, - 
5807,142505,03022011,26102021 021839,  50, 41993.8,  7.680,  3.734,0.235561,359.1,191.729,7.96e+00, 16.8, 3.3,592
5808,142506,25022009,26102021 065130, 166, 41904.8,  3.926,287.781,0.113374,359.5,233.186,2.57e+00, 18.0,12.8, - 
5809,142507,09122015,25102021 222054,  54, 41973.4,  9.525,297.301,0.070354,359.7,341.476,3.65e+00, 17.2, 3.2,451
5810,142508,03082016,25102021 200933, 134, 41982.9,  2.309,  5.333,0.007943,357.0,304.221,2.45e+00, 17.6,12.1, - 
5811,142509,19102016,26102021 120057,  27, 41966.6,  2.931,334.711,0.021402,357.9,270.469,2.79e+00, 18.0, 0.5, 72
5812,142510,26102016,25102021 112021, 440, 41910.5,  8.972,300.957,0.010198,359.6,321.268,2.85e-01, 18.0, 6.9, - 
5813,142511,18022017,25102021 145620, 422, 41957.0,  8.999,321.298,0.017239,359.4,200.119,1.48e-01, 17.2,14.8, - 
5814,142513,24092017,25102021 083230,  41, 41929.4,  3.564, 82.830,0.284887,359.7, 89.839,3.34e+00, 16.2, 8.8, - 
5815,142514,08032018,26102021 175702, 321, 41947.0,  8.516,296.405,0.154794,359.7,345.548,4.53e-02, 17.9, 6.8,909
5816,142515,11032018,26102021 062427,1322, 41942.5,  8.451,289.606,0.056377,359.7,229.983,2.32e+00, 18.3, -  , - 
5817,142517,12042019,26102021 082357, 416, 41959.0,  2.503, 93.164,0.069080,  0.1,151.170,1.41e+00, 15.2,89.5, - 
5818,142518,29082019,25102021 122832, 251, 41948.4,  2.891,353.331,0.030579,357.7,142.354,6.45e+00, 17.8, 9.7, - 
5819,142519,31082019,26102021 003334,   6, 41936.4, 18.852,299.809,0.309222,359.8,226.387,3.15e+01, 16.3, 0.9,167
5820,142520,27012020,25102021 234541,   4, 42013.5,  2.334, 90.456,0.026832,  0.0,132.095,1.64e+00, 14.9, 0.7,134
5821,142600,23042007,25102021 103323,  10, 41978.9,  7.942,294.836,0.003774,359.6, 62.333,2.19e-02, 16.0, 0.1, 15
5822,142601,11102007,26102021 125546,   1, 41984.5,  2.778,311.300,0.019566,358.4,344.047,4.93e-01, 17.0, 0.1, 11
5823,142602,02082008,25102021 201609,  25, 41958.8,  3.256,233.555,0.091477,  1.2,232.773,4.83e+00, 15.4, 0.6,102
5824,142603,08012008,26102021 004631,  41, 41975.3, 10.202,310.748,0.023096,359.6,232.027,3.80e-01, 16.8, 1.0, 98
5825,142605,23122011,26102021 115144, 574, 41992.6, 14.089,352.157,0.069591,359.5,190.967,3.54e-01, 17.1,17.5, - 
5826,142606,22122011,25102021 075011,   9, 41984.7,  9.226,301.765,0.006060,359.6,  0.151,2.77e-02, 17.8, 0.3, 25
5827,142607,12062012,26102021 053632, 534, 40734.0, 22.732, 22.072,0.077166,359.7,152.947,1.02e+01, 16.8,97.5, - 
5828,142608,18112014,26102021 035541,   9, 42003.3,  9.121,301.786,0.018228,359.6,254.262,7.05e-01, 16.8, 0.5, 36
5829,142609,05092015,25102021 062726,  39, 42008.1,  9.232,301.114,0.031315,359.6,238.129,6.42e-01, 17.2, 3.3,541
5830,142610,01032016,25102021 205244,  14, 41984.2,  3.136,322.140,0.052743,358.3,269.826,1.26e+00, 17.5, 5.2,962
5831,142611,31082016,25102021 153400,   2, 41914.3, 12.514,303.487,0.169756,359.7,143.183,1.55e+01, 16.0, 0.2, 40
5832,142613,22122016,26102021 070141,1230, 41930.3, 18.070, 80.652,0.251732,359.9, 70.517,1.64e+01, 16.7, -  , - 
5833,142614,01072017,26102021 024945,   6, 41679.2, 37.110,  0.215,0.685069,359.8,195.253,2.66e+01, 15.8, 1.3,155
5834,142615,31082017,25102021 112429,  43, 41901.0,  3.990, 85.277,0.088624,359.8,241.431,4.76e+00, 14.0,21.7, - 
5835,142616,20092017,26102021 063609,  14, 41973.3,  7.599,291.463,0.042688,359.7,277.376,1.41e+00, 18.1, 0.1, 18
5836,142617,11102018,26102021 150636,1090, 41968.4,  9.070,301.015,0.016326,359.6,255.213,6.21e-01, 19.2, -  , - 
5837,142700,06022005,25102021 074729,   0, 42002.3, 12.520, 55.659,0.003694,359.7, 59.996,1.59e-02, 10.7, 0.1,  1
5838,142701,26082006,26102021 013104,  37, 41988.6, 12.672,337.859,0.003896,359.5,190.794,1.01e-01, 15.5, 0.7, 72
5839,142703,31052006,25102021 174745,   7, 42004.6, 10.840,317.603,0.032785,359.5,226.895,4.62e-01, 17.6, 0.3, 28
5840,142704,06102011,25102021 233651, 212, 42016.6, 12.140,330.358,0.023687,359.5,160.348,6.57e-01, 17.9,15.7, - 
5841,142705,07112004,26102021 135422,   9, 42000.1,  8.995,300.246,0.064455,359.6,263.965,7.94e-01, 16.7, 0.4, 67
5842,142706,25092009,25102021 065626,  13, 41997.0,  8.105,295.219,0.004307,359.6, 21.872,1.07e-01, 16.4, 0.3, 38
5843,142707,23122011,26102021 083410,  13, 42004.2,  2.842,310.388,0.010024,358.5,348.518,4.17e-02, 16.9, 0.2, 22
5844,142708,12022013,26102021 034007,1165, 42057.2,  8.516,339.292,0.086422,359.3,260.061,1.37e+01, 18.1, -  , - 
5845,142709,15122011,26102021 022803,  47, 41996.6, 10.326,313.153,0.013499,359.6,324.107,3.06e-01, 17.3, 1.3,181
5846,142711,28102014,26102021 154457, 185, 41991.6,  8.861,297.886,0.015036,359.6, 12.294,4.23e-01, 17.6, 7.8, - 
5847,142713,28042017,25102021 095704,1618, 41990.1,  1.710, 17.402,0.072957,356.1,298.708,2.13e+00, 18.6, -  , - 
5848,142714,18092017,26102021 102122, 325, 41997.6, 10.126,312.517,0.039047,359.5,334.845,8.80e-01, 17.6,30.1, - 
5849,142717,06032018,25102021 221640,1326, 41991.9,  6.729, 78.807,0.102912,359.8, 98.979,6.91e+00, 17.5,49.3, - 
5850,142718,20092017,26102021 000123, 678, 42004.3,  3.381,306.091,0.020179,358.9, 24.696,1.72e-01, 18.4,16.6, - 
5851,142720,12082018,26102021 145319, 781, 41989.0, 10.918,309.928,0.016235,359.6,342.081,9.98e-03, 17.3,19.8, - 
5852,142721,14122018,25102021 121045,1028, 42254.3, 38.053, 39.357,0.783161,359.8,200.049,2.78e+01, 16.7, -  , - 
5853,142727,01012020,25102021 173933, 135, 42122.4, 23.571, 55.765,0.473036,359.8,107.179,1.70e+01, 16.7,18.5, - 
5854,142728,08102020,26102021 044416, 213, 41627.4, 22.594,313.037,0.679695,359.8,242.177,2.85e+01, 12.4, -  , - 
5855,142729,12102020,26102021 012157, 172, 42039.0,  6.346, 59.712,0.304396,359.4, 84.585,2.44e+01, 17.2,61.0, - 
5856,142732,05042021,25102021 193126,  17, 41896.2, 18.415, 32.599,0.483530,359.7,234.376,1.11e+01, 17.8, 1.1,166
5857,142733,03062021,26102021 010956,  74, 41990.5,  2.410,317.701,0.012992,358.0,286.266,8.02e-02, 16.9, 1.0,130
5858,142800,25012001,26102021 104901,   1, 42014.3, 15.736,330.283,0.002572,359.6,251.479,1.00e-02, 13.5, 0.1,  1
5859,142801,25092007,26102021 022431,   1, 42024.2,  3.116,308.530,0.012653,358.7,  1.917,5.61e-02, 16.8, 0.1,  4
5860,142803,24102009,25102021 224244,  28, 42252.7,  8.556,297.082,0.016086,359.6,308.315,1.53e-01, 18.1, 0.7, 41
5861,142805,04042010,25102021 094507,   1, 41988.7,  4.177,259.437,0.069607,  0.3, 16.471,5.62e+00, 16.1, 0.2, 38
5862,142806,26102011,26102021 165724,   4, 42024.7,  8.026,295.141,0.003873,359.6,350.863,1.98e-01, 17.5, 0.2, 19
5863,142807,21102015,26102021 035231,1311, 42009.0,  2.243, 80.576,0.225982,359.4,153.735,8.27e+00, 18.3,52.3, - 
5864,142808,08042016,25102021 203347,  20, 42020.8,  2.825,310.792,0.018910,358.5,340.565,1.02e-01, 17.6, 0.5, 87
5865,142809,01102016,25102021 082647,  13, 42030.3,  2.491,238.462,0.181678,  1.4,312.821,4.74e+00, 17.3, 0.8, 87
5866,142810,07102016,25102021 152833, 139, 41974.8,  4.949,281.833,0.139901,359.7,299.432,2.19e+00, 18.1,23.5, - 
5867,142811,27112016,25102021 222542,1614, 42013.3,  9.736,304.515,0.028610,359.6,356.011,3.88e+00, 17.8,41.9, - 
5868,142813,05052017,26102021 025812, 791, 42047.6,  8.379, 76.391,0.149997,359.8, 86.903,7.23e+00, 16.3, -  , - 
5869,142814,17092017,25102021 125904,1257, 42313.2,  5.463,226.090,0.553569,  0.9,303.397,3.39e+01, 16.3, -  , - 
5870,142815,12072017,25102021 105531, 289, 42012.2,  3.858,303.683,0.023823,359.1, 82.527,1.67e-01, 17.7, 7.5, - 
5871,142816,26112017,25102021 100133,  28, 42017.3, 10.419,312.942,0.011673,359.6,239.181,1.23e-01, 18.0, 0.6,110
5872,142817,19032018,25102021 172145, 952, 42012.5,  2.527,302.168,0.088840,358.6,223.620,1.60e+00, 18.1, -  , - 
5873,142818,21022018,25102021 093353,1288, 42009.7,  9.108,298.411,0.035602,359.6,304.533,1.57e+00, 18.3, 9.4, - 
5874,142819,10122018,25102021 100537, 560, 42004.0,  4.679,285.480,0.047881,359.6,244.059,3.01e+00, 17.6,25.4, - 
5875,142822,16102020,26102021 171737, 217, 42015.2,  3.162,322.716,0.033618,358.3,316.569,2.36e+00, 18.3,12.6, - 
5876,142824,13042021,25102021 183533,  36, 42013.1,  0.717,106.181,0.085643,  3.1,120.055,4.01e+00, 15.5,15.2, - 
5877,142825,07092021,26102021 132101,  39, 42015.9, 17.979,357.899,0.155005,359.6,201.037,8.90e+00, 17.1, 6.7,625
5878,142900,12041993,26102021 135952,   1, 42035.1, 17.982,357.566,0.028431,359.6, 69.363,3.76e-02,  9.8, 0.1,  1
5879,142901,26112003,26102021 023008,   0, 42034.8, 12.122, 24.438,0.000787,359.5,281.098,1.80e-02, 13.2, 0.1,  1
5880,142902,23012012,25102021 233344,   0, 42041.4,  2.439,316.141,0.020285,358.1,325.013,3.04e-02, 14.3, 0.1,  1
5881,142903,07122010,25102021 085312,  20, 42294.1,  5.144, 37.491,0.190911,358.9,185.892,7.99e+00, 16.1, 0.8,137
5882,142904,21112012,26102021 071221, 368, 42008.8,  8.941,303.003,0.071416,359.6,211.418,3.74e-01, 16.8,36.8, - 
5883,142905,13032015,26102021 014703,  81, 42044.7,  8.056,295.286,0.005391,359.6,264.173,1.16e-01, 17.3, 1.3,173
5884,142906,18102015,25102021 100916, 954, 42034.9,  6.400,288.111,0.026244,359.7,214.344,3.82e-01, 13.1,13.8, - 
5885,142907,09012016,25102021 204453,  41, 42040.7, 12.686,338.661,0.018886,359.5,270.102,1.23e-01, 17.7, 0.8,110
5886,142908,09082016,25102021 110445, 165, 41713.3,  9.016,359.464,0.321599,359.2,263.908,1.85e+01, 16.6,16.6, - 
5887,142909,29082016,25102021 172647,   2, 42032.6,  3.952,312.833,0.028756,358.9, 35.764,1.96e+00, 18.3, 0.1, 11
5888,142910,19112015,25102021 214026,1349, 41916.8, 12.898,343.582,0.158166,359.5,100.932,1.74e+01, 16.9, -  , - 
5889,142911,04102016,26102021 073417, 103, 42030.2,  9.187,302.185,0.004442,359.6,315.323,5.44e-02, 17.1, 2.0,193
5890,142912,20102016,26102021 120348, 954, 42392.8, 10.339, 54.242,0.163979,359.6, 21.899,4.23e+01, 16.3, -  , - 
5891,142913,21022017,26102021 155354,   2, 42038.7, 10.681,312.052,0.003077,359.6,233.265,2.62e-02, 18.4, 0.1,  5
5892,142914,11082018,26102021 172139,   7, 42073.1,  6.275, 70.882,0.047494,359.6,169.693,3.17e+00, 16.8, 1.0,183
5893,142915,06102018,26102021 033749,  43, 42031.1,  6.372,286.867,0.010386,359.7,169.449,3.78e-01, 17.4, 1.8,295
5894,142917,21102019,25102021 173405, 602, 43373.6, 32.949, 30.899,0.535537,359.8,216.683,2.19e+01, 14.7, -  , - 
5895,142920,28072020,26102021 013453, 454, 42040.6,  5.309, 81.149,0.120054,359.8,167.467,7.19e+00, 16.3, -  , - 
5896,142921,09032021,26102021 020757, 174, 42005.2,  2.280, 80.132,0.219026,359.4,154.444,8.31e+00, 18.1,28.3, - 
5897,143000,03051981,25102021 202009,   0, 42055.2,  3.336,283.942,0.006072,359.5,116.752,1.00e-02, 13.1, 0.1,  1
5898,143001,15022007,25102021 220557,  14, 41965.6,  9.750,316.105,0.021618,359.5,278.079,1.74e+00, 16.9, 0.6, 57
5899,143002,30052006,25102021 220144,  12, 42093.9,  4.647,302.052,0.017396,359.2, 56.654,2.57e-01, 18.1, 0.6,113
5900,143003,20092006,26102021 005718, 108, 41991.2,  2.418,315.420,0.025970,358.1,315.280,7.44e-02, 16.9, 2.4,371
5901,143004,03112008,25102021 182815, 178, 42173.8,  7.015,281.362,0.287578,359.8,290.547,8.96e-01, 16.3,55.7, - 
5902,143006,17082009,25102021 072634,  20, 42058.6, 10.339,314.122,0.005988,359.5,332.321,7.48e-02, 16.6, 0.2, 31
5903,143007,06022011,26102021 050434,1051, 42051.5, 13.739,345.679,0.043263,359.5,247.794,7.14e-01, 18.1,11.0, - 
5904,143008,13052010,25102021 093224,   1, 42048.6, 14.738,  7.712,0.002044,359.5, 71.890,2.72e-02, 15.9, 0.1,  5
5905,143009,27062012,25102021 210428,  18, 42069.8,  2.422,344.865,0.078320,357.3,285.248,3.02e+00, 16.9, 3.6,613
5906,143010,18102015,25102021 143357, 374, 42027.0, 10.665,314.129,0.045835,359.6,200.161,1.67e+00, 17.5,44.5, - 
5907,143012,25112016,26102021 130010,  23, 42051.9, 10.196,314.098,0.017327,359.5,345.346,9.48e-01, 17.7, 0.7,114
5908,143013,01052017,25102021 170710,1299, 42025.9, 34.236,348.276,0.497370,359.8,236.852,2.64e+01, 15.8, -  , - 
5909,143014,14112017,26102021 064215,1047, 42057.9,  7.316,294.103,0.118926,359.6, 84.134,2.63e+00, 17.9,36.2, - 
5910,143015,17042018,26102021 141758,  48, 42131.6, 19.174,357.859,0.220810,359.6,157.935,5.94e+00, 16.3, 6.0, - 
5911,143016,02012019,26102021 020447, 310, 41888.3, 13.349,  2.757,0.141461,359.5,141.799,1.74e+01, 16.8,31.2, - 
5912,143017,01022019,25102021 173833, 997, 42054.5,  2.464,318.103,0.015957,358.0,136.526,5.32e-01, 18.1, 2.8,441
5913,143018,03032019,25102021 121403, 902, 42296.1, 38.573, 38.550,0.787154,359.8,199.961,2.80e+01, 17.1, -  , - 
5914,143020,11042019,25102021 230100,   2, 42067.1,  2.383, 89.392,0.044173,359.9,140.373,1.27e+00, 17.4, 0.4, 30
5915,143021,27042019,26102021 063553, 148, 42048.6,  3.213, 86.779,0.136864,359.9,133.000,4.70e+00, 17.3, 5.0,780
5916,143022,03062019,26102021 114626,  70, 42050.1, 19.125, 64.116,0.168950,359.8,131.129,3.46e+00, 15.7, 6.3, - 
5917,143023,09082019,26102021 110804, 760, 42032.9, 22.642, 45.670,0.515835,359.8,232.968,2.58e+01, 13.9, -  , - 
5918,143024,30012020,25102021 143007,  19, 42050.2,  4.733, 84.082,0.098371,359.8,135.549,5.77e+00, 16.8, 2.3,349
5919,143026,02042020,26102021 084337, 456, 42073.3,  5.966, 82.277,0.109133,359.8,161.092,6.08e+00, 15.7,88.8, - 
5920,143029,18082020,26102021 055448, 224, 42055.3,  4.128, 93.723,0.227796,  0.1, 96.100,1.08e+01, 15.8, -  , - 
5921,143030,12092020,25102021 130502, 372, 42085.9,  9.389,204.660,0.570941,  0.7,288.342,3.58e+00, 17.3, -  , - 
5922,143032,09042018,25102021 232800, 166, 42056.6,  3.986,303.927,0.013854,359.1, 16.985,1.05e-01, 18.3, 3.5,639
5923,143033,06082021,26102021 082011,  76, 42064.9,  5.036,340.683,0.075069,358.7,116.059,2.85e+00, 18.3,65.0, - 
5924,143034,06102021,25102021 145523,   4, 42046.6,  9.327,302.330,0.005112,359.6,357.942,1.66e-01, 18.0, 0.1, 12
5925,143100,29102005,25102021 110509,   1, 42080.2,  9.221, 31.890,0.002025,359.4,243.184,9.38e-03, 10.7, 0.1,  1
5926,143101,01121997,25102021 190024,   0, 42072.3, 14.632, 39.560,0.000990,359.6,187.134,9.72e-03, 11.2, 0.1,  1
5927,143102,06081981,26102021 005240,   0, 42086.0,  6.949,289.848,0.001016,359.7,207.989,1.00e-02, 13.1, 0.1,  1
5928,143103,26071998,25102021 184956,   1, 42072.6, 14.162, 12.034,0.003261,359.5,174.116,1.35e-02, 11.2, 0.1,  1
5929,143104,02092005,26102021 021755,  17, 42074.2,  7.055,289.442,0.013049,359.7,234.565,1.35e+00, 11.8, 0.3, 28
5930,143105,13032007,25102021 095537,   6, 42068.5,  9.329,302.497,0.007867,359.6,293.714,9.96e-02, 15.7, 0.1, 17
5931,143106,05102007,25102021 061037,  19, 42155.3,  3.491,306.933,0.018154,358.9,343.234,1.72e-01, 14.9, 0.7, 92
5932,143108,01032011,25102021 191517,3805, 42087.9, 39.549,358.255,0.064430,359.8,185.248,2.14e+01, 14.9, -  , - 
5933,143109,24112008,25102021 203017,   1, 42080.5,  3.342,307.967,0.017797,358.8,355.539,9.59e-02, 15.9, 0.1,  8
5934,143110,20112011,25102021 173923, 352, 42064.6,  9.734,298.684,0.003107,359.7, 21.839,3.45e-01, 14.8,11.4, - 
5935,143111,24122013,25102021 221240, 130, 42041.0,  4.338,305.169,0.289746,359.1,291.098,4.79e+00, 16.5,53.9, - 
5936,143112,04122013,26102021 095009, 173, 42148.5,  2.513,290.254,0.112909,359.1,316.463,6.71e+00, 16.4, -  , - 
5937,143114,09122013,25102021 204436, 262, 41973.3,  3.670,307.859,0.482204,358.9,289.199,5.67e+00, 16.3,72.2, - 
5938,143115,22012015,26102021 064838, 344, 42113.8, 39.224,353.537,0.044823,359.8,206.948,2.16e+01, 14.9,76.2, - 
5939,143118,12062016,26102021 141140,   0, 42165.5,  6.259,353.876,0.004404,358.9, 52.125,1.04e-02,  7.9, 0.1,  1
5940,143120,31082016,26102021 024611, 175, 42060.3,  2.152,316.158,0.076812,357.8, 61.100,5.83e-01, 17.9, 4.6,758
5941,143123,24112016,25102021 072517,  28, 42083.7,  2.318,320.796,0.026561,357.8,315.678,5.83e-01, 17.7, 0.9, 94
5942,143126,15022018,26102021 012707,1340, 42032.4,  6.673, 59.166,0.304300,359.5, 85.149,2.43e+01, 17.4, -  , - 
5943,143128,11082018,25102021 195401, 611, 42070.2,  8.316,296.736,0.048942,359.6,280.990,1.55e+00, 18.0,26.0, - 
5944,143200,03022003,25102021 182627,   0, 42083.4, 17.323, 23.019,0.000727,359.6,335.719,1.27e-02, 11.1, 0.1,  1
5945,143201,15111998,25102021 202545,   0, 42090.9,  6.493,288.563,0.001367,359.7,160.840,1.00e-02, 13.1, 0.1,  1
5946,143202,15021983,25102021 220530,   0, 42105.9,  6.518,288.427,0.003120,359.7,329.852,1.30e-02, 13.4, 0.1,  1
5947,143203,28032011,25102021 232154, 905, 42116.1,  3.881,319.554,0.049701,358.7,266.705,3.97e+00, 17.1,64.2, - 
5948,143204,02112011,26102021 000358,   2, 42130.0,  9.142, 32.713,0.268272,359.4,166.462,9.00e+00, 16.5, 0.2, 28
5949,143205,18082012,26102021 131505,  25, 42093.7, 13.551,341.126,0.019792,359.5,101.535,1.98e-01, 14.1, 0.5, 64
5950,143207,01082013,26102021 152132,  96, 41973.6, 10.979,298.746,0.090615,359.7,274.885,1.89e+00, 15.7,18.3, - 
5951,143209,26032014,26102021 141213, 687, 42002.4,  7.787, 14.184,0.304132,359.1,149.069,6.07e+00, 16.2,23.2, - 
5952,143211,10112014,26102021 162633, 571, 42199.8,  9.497,313.686,0.126087,359.5,165.538,2.26e+00, 16.8,74.7, - 
5953,143212,18072015,25102021 152947, 429, 41977.9,  2.825,309.808,0.009239,358.5, 75.367,1.29e-01, 17.5,19.1, - 
5954,143213,09032016,26102021 080212,  54, 42094.4, 12.702,334.740,0.017401,359.5, 79.481,3.20e-01, 17.0, 0.7, 89
5955,143215,24112016,26102021 075335, 665, 42102.6,  9.488,302.806,0.005590,359.6,218.149,2.11e-01, 18.9,14.8, - 
5956,143216,30122016,26102021 065818, 670, 42043.9, 18.730, 34.785,0.350570,359.7,153.700,1.15e+01, 16.8, -  , - 
5957,143217,14092017,26102021 063529,1498, 42117.3,  5.946,334.733,0.207986,359.0,222.106,1.12e+01, 17.4, -  , - 
5958,143218,16092017,25102021 085524,  28, 42096.0,  8.773,299.551,0.008296,359.6, 59.524,1.04e+00, 17.9, 8.7, - 
5959,143219,09122017,26102021 125541,  29, 42105.8, 10.262,312.019,0.043954,359.6,168.020,2.63e+00, 16.8, 4.4,787
5960,143220,18012018,25102021 204621,  10, 42096.0,  4.287, 84.137,0.014330,359.8,291.856,3.08e+00, 17.6, 2.7,478
5961,143222,12032018,25102021 070833,  79, 42061.4,  9.318,302.346,0.003969,359.6,334.221,5.18e-02, 18.4, 0.5, 77
5962,143224,01052019,25102021 152042, 322, 42059.5,  2.804, 88.239,0.132761,359.9, 66.208,7.09e+00, 15.1, -  , - 
5963,143225,22102019,25102021 204122,  22, 42099.2, 10.818,312.394,0.002083,359.6,227.324,1.33e-02, 17.9, 0.5, 48
5964,143226,07102019,25102021 103322, 675, 42171.0, 11.793,  6.127,0.124048,359.4,258.815,1.08e+01, 17.0,41.9, - 
5965,143227,23042020,25102021 235208, 283, 42431.9,  1.469, 99.836,0.155768,  0.8,102.922,5.79e+00, 17.2, -  , - 
5966,143229,04052021,26102021 045929,  47, 42097.1,  7.714,291.619,0.030799,359.7,231.549,7.21e-01, 16.7, 3.4,600
5967,143230,16102021,26102021 155347,   8, 42097.8,  9.890,312.372,0.012055,359.5,311.948,3.58e+00, 17.8, 0.3, 62
5968,143300,03121994,25102021 165217,   0, 42129.7,  2.558,283.222,0.003058,359.4, 77.412,5.51e-03, 12.8, 0.1,  1
5969,143301,09101999,26102021 020343,   0, 42138.7, 10.237, 55.585,0.093643,359.6,148.632,3.05e-02, 12.9, 0.1,  1
5970,143302,14102001,26102021 083751,   1, 42106.6, 11.421, 22.928,0.001713,359.4, 88.126,1.00e-02, 10.7, 0.1,  1
5971,143303,20091993,26102021 015454,   0, 42101.9,  6.610,318.611,0.001937,359.2,253.613,3.48e-02, 11.6, 0.1,  1
5972,143304,13012008,25102021 154307,   1, 42637.0,  4.306, 77.338,0.001011,359.6,202.287,1.26e-02, 14.7, 0.1,  1
5973,143305,05092008,26102021 082547,   1, 42114.8, 13.152,339.164,0.002034,359.5,238.628,2.85e-02, 15.9, 0.1,  7
5974,143307,29112007,26102021 113146, 121, 42100.9,  9.687,310.854,0.080020,359.5,294.578,2.31e+00, 16.8,18.2, - 
5975,143308,22042011,25102021 093710,  20, 42094.9,  2.166,345.572,0.049138,357.0,293.301,1.58e+00, 16.5, 2.4,449
5976,143309,24092011,26102021 005846, 311, 42096.9,  6.278,288.780,0.139445,359.7,353.370,6.33e+00, 17.0,34.0, - 
5977,143310,21042007,26102021 023806,  74, 42115.9,  8.930,305.410,0.095348,359.6,336.401,3.04e+00, 16.8, 1.4,246
5978,143311,25072009,26102021 144753,   3, 42105.5,  9.988,313.305,0.016383,359.5, 77.971,1.40e+00, 16.8, 0.2, 35
5979,143312,31102012,25102021 143622,   3, 41963.9, 16.650, 46.097,0.110082,359.7,213.816,6.45e+00, 15.9, 0.2, 22
5980,143313,04082008,25102021 075719,  15, 42127.4,  5.766,281.384,0.093537,359.8,284.096,4.29e+00, 17.1, 0.7,100
5981,143314,04082013,25102021 211831, 163, 42083.0,  5.782,290.498,0.109588,359.6,321.183,6.29e+00, 17.1,14.2, - 
5982,143315,07102012,26102021 033223, 292, 42115.1,  6.847,289.834,0.025678,359.7,263.446,2.17e-01, 17.4,13.3, - 
5983,143318,23072015,26102021 094814,  38, 42070.8, 19.622, 39.522,0.159265,359.7,224.289,1.04e+01, 16.6, 2.3,336
5984,143319,05062016,25102021 193309,   1, 42113.7, 29.531, 28.812,0.235725,359.8,127.334,1.83e+01, 15.5, 0.7,138
5985,143321,25022017,25102021 075153,  22, 42131.9, 14.445,344.685,0.032377,359.5,348.497,4.18e-01, 17.3, 1.4,255
5986,143322,23072017,25102021 182934,   7, 42109.4, 10.336,309.177,0.023360,359.6,299.475,2.19e+00, 17.7, 0.8,134
5987,143323,26072017,25102021 224808, 571, 42149.6, 14.828, 62.840,0.543468,359.8,123.634,2.04e+00, 17.2,62.7, - 
5988,143324,21042018,25102021 220445,  18, 41964.3,  1.655,264.286,0.143193,  0.4,256.407,5.12e+00, 15.7,12.4, - 
5989,143325,15082018,25102021 184608,1159, 42857.5, 19.290,344.342,0.033124,359.7,153.257,4.12e+01, 15.4, -  , - 
5990,143326,29092018,25102021 233124, 941, 42157.9, 35.857, 32.301,0.514959,359.8,193.377,2.88e+01, 17.0, -  , - 
5991,143327,19102018,26102021 120848, 990, 42121.8, 24.687, 46.588,0.361242,359.8,112.493,1.11e+01, 15.5, -  , - 
5992,143328,12042019,26102021 165330, 247, 42123.3,  3.543, 85.382,0.172143,359.8,144.568,9.49e-02, 18.0, -  , - 
5993,143330,23082019,25102021 123026,  40, 42084.3,  2.874,318.568,0.092821,358.3,280.498,5.90e+00, 17.2, 1.6,202
5994,143332,09112019,26102021 141758,  25, 42157.1,  5.440, 80.217,0.063488,359.8,201.104,6.53e+00, 14.8, 1.2,159
5995,143333,01022020,25102021 235336,   2, 42113.3,  1.722, 91.704,0.002859,  0.1,100.472,1.66e-01, 17.2, 0.1,  5
5996,143335,07042021,25102021 132330, 193, 42210.5, 14.131,  5.941,0.029717,359.5, 77.385,9.89e+00, 15.5,26.6, - 
5997,143400,18092006,25102021 170647,   3, 42130.5,  3.493,307.936,0.012964,358.8, 67.447,3.54e-02, 17.6, 0.1, 10
5998,143401,20052007,26102021 112825,  39, 42259.6,  2.246,331.078,0.019199,357.4,267.285,1.44e+00, 17.1, 1.4,240
5999,143404,29032009,26102021 145212,   2, 42121.5, 14.821,359.559,0.002058,359.5, 76.755,1.74e-01, 13.7, 0.1,  8
6000,143405,11062009,25102021 204420,   0, 42194.9, 10.720,208.793,0.094310,  0.6, 39.248,3.61e-02, 13.0, 0.1,  1
6001,143407,15022012,25102021 163426,  36, 42129.4,  2.419,284.291,0.008196,359.4,274.493,4.59e-01, 16.6, 3.4,594
6002,143408,25102009,25102021 071354,  26, 42171.8,  8.882,303.236,0.143757,359.6,298.952,1.97e+00, 16.6, 1.3,203
6003,143409,19102014,25102021 194503,  47, 42146.0,  8.329,296.092,0.006074,359.6,342.563,7.07e-02, 17.5, 0.6, 55
6004,143410,18102014,25102021 182653,   2, 42169.5,  1.803,318.394,0.080679,357.3,253.187,7.90e+00, 16.8, 0.1, 15
6005,143412,17102015,26102021 033506, 248, 42118.6,  3.104,305.694,0.006094,358.8,260.786,4.64e-03, 17.0, 5.1,137
6006,143413,13122015,26102021 152838, 443, 42104.5, 11.043,310.019,0.074350,359.6, 62.948,1.27e+00, 17.7,22.4, - 
6007,143415,30072016,25102021 083106,   9, 42150.8,  9.752,304.698,0.050589,359.6,331.263,4.40e+00, 17.2, 0.3, 43
6008,143416,21102016,25102021 190928,1458, 41939.6, 19.633, 74.858,0.174877,359.9,279.281,1.58e+01, 16.4, -  , - 
6009,143417,25112016,26102021 051900, 973, 42014.6, 18.221, 76.409,0.316034,359.9, 83.418,1.64e+01, 17.1,76.4, - 
6010,143418,23122016,25102021 063041, 375, 42132.1, 10.374,314.968,0.002193,359.5, 18.054,2.96e-02, 16.7, 3.9,656
6011,143419,30062017,26102021 082747,1106, 42148.0, 10.821,304.458,0.107809,359.6, 24.231,1.58e+00, 18.1,13.5, - 
6012,143421,24092017,25102021 173606,1348, 42136.7, 15.298,287.377,0.433470,359.9,281.622,2.11e-02, 16.6, 7.9, 31
6013,143422,14102017,26102021 024034,1129, 42123.0, 11.828, 68.657,0.043052,359.8,165.898,1.09e+01, 16.9, -  , - 
6014,143423,17102017,25102021 134605, 198, 42143.3,  9.532,296.850,0.087215,359.7,264.946,3.09e+00, 17.5,47.3, - 
6015,143424,14112017,25102021 093754,  20, 42107.4,  3.261,317.357,0.040645,358.5,327.539,1.96e+00, 17.3, 1.4,259
6016,143426,26032018,25102021 234402,1117, 42128.9,  2.370,289.924,0.249285,359.1,236.856,5.33e+00, 18.6,27.2, - 
6017,143428,19082018,26102021 045721, 193, 41958.1, 16.874, 48.686,0.060884,359.7,138.911,7.67e+00, 17.1,91.4, - 
6018,143429,03122018,25102021 170245,1032, 41940.2, 35.535,351.742,0.513240,359.8,227.661,2.74e+01, 12.1, -  , - 
6019,143432,24082019,26102021 022209, 758, 42136.1,  5.643, 77.527,0.053659,359.7,335.834,4.83e+00, 17.4, -  , - 
6020,143436,20112019,25102021 152110,  25, 42162.7,  4.563,293.834,0.017305,359.4,246.368,4.00e+00, 13.4, 1.1,201
6021,143437,19012020,25102021 231244,  45, 42118.2,  0.498, 97.611,0.062630,  2.3,161.027,1.95e+00, 17.0,18.1, - 
6022,143439,04082021,25102021 071550,  45, 42124.2,  0.877, 97.908,0.064140,  1.2,148.261,6.37e+00, 17.4, 2.1,349
6023,143440,04082021,26102021 072214,  14, 42152.4,  2.328, 89.812,0.006868,360.0, 73.167,2.03e-01, 17.6, 3.9,672
6024,143500,27121984,26102021 141411,   1, 42181.7, 10.760,314.619,0.002992,359.6, 67.732,7.02e-02, 13.2, 0.1,  2
6025,143501,24102006,25102021 072530,   0, 42166.1, 10.841, 33.114,0.000133,359.5,305.578,6.37e-03, 12.2, 0.1,  1
6026,143502,15021993,26102021 112924,   1, 42470.8, 14.885,358.350,0.000748,359.5, 63.074,1.37e-02, 13.0, 0.1,  1
6027,143503,24092001,26102021 024440,   0, 42166.8, 11.264, 27.398,0.000195,359.5,215.047,2.77e-04, 11.8, 0.1,  1
6028,143504,03042005,26102021 074926,   0, 42166.3,  9.840, 28.467,0.000275,359.4,179.513,8.84e-03, 10.2, 0.1,  1
6029,143505,15011994,26102021 031926,   0, 42191.7,  6.442,353.383,0.086821,358.9,  0.812,1.88e-02, 10.6, 0.1,  1
6030,143506,05092000,25102021 080004,   1, 42179.1, 14.442,280.498,0.139426,359.9,  9.459,2.74e-02, 13.4, 0.1,  1
6031,143507,03071992,25102021 072634,   0, 42580.3, 13.151, 21.494,0.001000,359.5, 11.195,1.16e-02, 13.1, 0.1,  1
6032,143508,16102004,26102021 064235,   0, 42165.8, 15.045, 45.584,0.000358,359.7,155.482,1.03e-02,  9.7, 0.1,  1
6033,143509,17121998,25102021 174648,   1, 42166.3,  8.751,354.373,0.036844,359.2,277.554,5.00e-02, 10.0, 0.1,  1
6034,143510,14052007,26102021 141628,   1, 42165.8,  9.848, 41.867,0.000292,359.5,164.007,1.00e-02, 10.3, 0.1,  1
6035,143511,04062004,25102021 181701,   1, 42166.2,  9.851, 36.737,0.000089,359.4,169.139,2.18e-02, 11.8, 0.1,  1
6036,143512,04102006,25102021 163120,   1, 42164.7, 11.921, 26.761,0.000209,359.5,200.874,1.86e-02, 12.3, 0.1,  1
6037,143513,01021995,25102021 202102,   1, 42161.6, 12.314, 22.055,0.003212,359.5,117.753,1.79e-03, 10.1, 0.1,  1
6038,143514,18012004,26102021 100142,   0, 42164.6,  7.670, 56.185,0.000215,359.5, 44.571,9.99e-03, 12.4, 0.1,  1
6039,143515,08092007,26102021 173924,   1, 42165.2, 11.603, 40.711,0.000515,359.5,174.997,1.00e-02, 10.9, 0.1,  1
6040,143516,29042006,26102021 043423,   0, 42164.3,  6.981, 61.539,0.000359,359.5,131.895,1.01e-02, 12.1, 0.1,  2
6041,143517,13092003,25102021 202649,   0, 42165.1, 12.265, 49.287,0.004686,359.6,216.197,2.28e-02,  7.9, 0.1,  1
6042,143518,26082001,26102021 123102,   1, 42166.3,  9.244, 43.949,0.000184,359.5,163.271,9.93e-03, 12.2, 0.1,  1
6043,143519,04061995,26102021 144516,   1, 42164.6, 15.339, 23.057,0.005423,359.6,146.005,1.00e-02,  8.0, 0.1,  1
6044,143520,17022001,26102021 161035,   1, 42164.8,  9.572, 28.883,0.000785,359.4,180.482,1.00e-02, 11.1, 0.1,  1
6045,143521,07112000,26102021 101424,   1, 42167.6, 11.954, 23.216,0.000246,359.5,174.958,1.03e-02, 11.7, 0.1,  5
6046,143522,15011994,25102021 203758,   1, 42164.8, 11.432, 12.663,0.000655,359.4,201.789,3.41e-02, 11.9, 0.1,  1
6047,143523,29082002,25102021 222319,   1, 42164.4,  9.316, 30.215,0.000200,359.4,188.373,3.26e-02, 10.1, 0.1,  1
6048,143524,20011985,25102021 194757,   1, 42146.8,  9.391,303.080,0.001561,359.6,300.475,5.95e-03, 14.0, 0.1,  2
6049,143525,01031989,26102021 113943,   0, 42160.3,  2.002,280.317,0.001121,359.4,223.421,3.86e-02, 11.5, 0.1,  1
6050,143526,31102006,26102021 021458,   0, 42194.7, 14.207,300.273,0.002041,359.8,312.416,3.66e-02, 11.2, 0.1,  1
6051,143527,09012005,25102021 143950,   2, 42166.5,  9.286,303.889,0.003882,359.6,251.509,5.94e-03, 16.0, 0.1,  4
6052,143528,21072006,26102021 125736,   1, 42183.0,  9.387,305.073,0.018612,359.6, 25.587,6.44e-03, 14.3, 0.1,  1
6053,143529,18072006,26102021 131151,  10, 42182.6, 10.640,315.215,0.001709,359.5,  2.292,4.09e-03, 16.1, 0.1, 17
6054,143530,30012008,26102021 153019,   1, 42180.2, 12.450,331.669,0.002355,359.5, 93.135,2.84e-02, 15.4, 0.1,  6
6055,143531,11102008,26102021 131434,   2, 42097.2,  3.502,320.968,0.044845,358.5,316.366,2.02e+00, 16.4, 0.1,  8
6056,143533,21072009,25102021 212025, 196, 42188.0, 10.650,312.628,0.015955,359.6,210.355,8.55e-02, 17.5, 2.5,436
6057,143534,19072009,25102021 181529, 148, 42143.6,  6.845, 56.044,0.032861,359.4,340.653,1.05e-01, 16.9, 4.6,374
6058,143535,22112010,25102021 230923,   0, 42165.5,  5.283,116.642,0.004197,  0.6,176.921,1.19e-03,  7.9, 0.1,  1
6059,143536,03112010,26102021 121922,   3, 42144.8, 10.543,315.500,0.003675,359.5,341.211,8.49e-02, 17.6, 0.1,  3
6060,143537,28032011,25102021 195331, 531, 42138.6,  2.099, 73.329,0.345141,359.0,159.588,6.76e+00, 18.0, -  , - 
6061,143538,21032009,25102021 160723,   2, 42149.5, 14.762, 10.497,0.008347,359.5,354.325,1.42e-01, 16.9, 0.1, 12
6062,143539,24082011,26102021 124426, 266, 42179.8, 10.564,315.241,0.000964,359.5,267.686,5.89e-01, 17.3, 4.3,574
6063,143540,28072009,25102021 152407, 234, 42180.0, 10.217,311.942,0.170590,359.6, 68.793,1.36e+00, 16.3,26.3, - 
6064,143541,26102011,26102021 095319,  15, 42137.6,  5.596,285.945,0.038737,359.7,328.515,2.46e-01, 17.3, 0.3, 38
6065,143542,28012008,26102021 114121,1413, 42181.6, 10.653,316.643,0.101116,359.5,211.534,2.04e+00, 17.6,41.9, - 
6066,143543,22062012,26102021 062430,   0, 42166.8,  3.713,106.515,0.000357,  0.5,195.602,1.34e-02, 11.3, 0.1,  1
6067,143545,15022012,25102021 184748,   3, 42170.5,  5.232, 72.519,0.016994,359.6,247.281,1.05e-01, 16.5, 0.1, 10
6068,143546,15112012,25102021 171931,   2, 42141.8,  5.336,358.973,0.139557,358.7,224.154,6.61e+00, 16.7, 0.1, 13
6069,143547,10112008,25102021 202449,  96, 42130.9,  9.689,303.045,0.005980,359.6,242.924,1.93e-01, 16.0, 2.3,382
6070,143548,19122011,26102021 100639,  45, 42157.4, 10.780,313.704,0.031646,359.6,154.376,6.64e-02, 18.0, 3.3, 56
6071,143549,29072012,25102021 224037,   3, 42160.9,  7.455,291.968,0.002714,359.7,176.702,1.03e-01, 16.9, 0.1,  9
6072,143551,27102014,25102021 141426,2410, 42176.8, 14.258, 70.422,0.175682,359.8, 41.059,7.91e+00, 17.4,98.6, - 
6073,143552,28102014,25102021 144127,   8, 42151.0,  9.634,303.696,0.000690,359.6,290.033,1.00e-02, 17.6, 0.1,  5
6074,143553,14092015,26102021 060203,  23, 42139.1,  2.737, 36.322,0.220699,357.9,136.771,2.37e+00, 17.0, 1.0,147
6075,143554,07102015,26102021 040113,1507, 42080.6, 12.030, 60.709,0.040631,359.7,208.145,7.58e+00, 17.0, -  , - 
6076,143555,12012016,25102021 225422,1022, 38690.5, 31.199, 16.856,0.108496,359.8,131.693,1.89e+01, 13.5, -  , - 
6077,143556,10022016,25102021 200443, 602, 42165.7, 13.625, 19.043,0.003310,359.5, 56.899,5.91e-02, 17.1, 6.3,970
6078,143557,12032016,25102021 183936, 172, 42550.0,  8.665, 63.113,0.215673,359.6,101.531,6.26e+00, 16.4, -  , - 
6079,143558,25052016,26102021 021019,   1, 42225.4, 19.469, 53.582,0.498512,359.8,171.507,1.46e+01, 12.7, 0.9,157
6080,143559,09072016,26102021 114332,  14, 42152.0,  3.280,299.662,0.140336,359.0,310.625,6.46e+00, 17.7, 0.7, 88
6081,143560,08092016,26102021 010746, 374, 42131.0,  7.549,313.847,0.139480,359.4,253.534,4.79e+00, 16.8,19.2, - 
6082,143561,22102016,25102021 122257,  88, 42141.3,  9.485,302.206,0.068135,359.6,242.377,1.11e+00, 17.8, 8.1, - 
6083,143563,22112016,26102021 154935,1315, 42137.5, 20.674,355.829,0.173371,359.7,217.889,9.14e+00, 16.4, -  , - 
6084,143564,22112016,26102021 092354, 172, 42193.3,  3.727,338.054,0.160425,358.3,294.027,6.39e+00, 17.0, 7.4, - 
6085,143565,02092016,25102021 111058, 645, 42155.2,  8.350,296.765,0.022533,359.6,247.818,2.12e-01, 17.8, 7.5, - 
6086,143567,22072017,25102021 142208,   1, 42148.5, 11.013, 22.839,0.314077,359.4,192.097,1.15e+01, 15.9, 0.4, 36
6087,143568,17082017,26102021 013113, 730, 42151.4,  9.504,305.579,0.042559,359.6,236.891,7.49e-01, 17.4,78.8, - 
6088,143569,10092017,25102021 142816,   3, 42107.9,  9.531,301.667,0.019324,359.6,202.518,1.23e+00, 16.0, 0.4, 77
6089,143570,21092017,26102021 142750,   3, 42153.9, 10.680,315.119,0.001912,359.5,160.329,3.48e-02, 17.2, 0.1,  8
6090,143571,15102017,26102021 025450,1317, 42173.4, 10.275,309.622,0.014040,359.6,236.673,2.66e-01, 17.5,55.7, - 
6091,143572,19102017,26102021 065026, 574, 42164.6,  3.766, 25.629,0.252347,358.3,145.005,4.97e+00, 16.6,29.0, - 
6092,143573,15112017,25102021 190344,   9, 42094.2,  4.127,211.824,0.395081,  1.4, 52.239,1.00e+01, 16.9, 8.1, - 
6093,143575,09012018,26102021 145340, 161, 42159.9, 12.000,327.247,0.011953,359.5,256.250,7.81e-01, 16.9, 8.8, - 
6094,143576,26012018,26102021 033533,  18, 42184.3, 14.427,350.542,0.018747,359.5,305.294,1.33e+00, 17.0, 0.7,118
6095,143577,18022018,26102021 025215,  56, 42184.6, 14.426,350.518,0.034892,359.5,252.364,1.18e+00, 17.7, 1.8,294
6096,143578,18022018,26102021 040901, 246, 42178.6, 14.259,350.558,0.039199,359.5, 34.555,1.80e+00, 17.2, 5.2,917
6097,143579,11032018,25102021 232638,  73, 42180.1,  4.750,280.701,0.016644,359.7,281.077,8.94e-02, 18.0, 1.4,120
6098,143580,19032018,25102021 235858, 227, 42170.6, 14.428,350.508,0.006391,359.5, 26.513,1.96e+00, 17.7,62.8, - 
6099,143581,22062018,26102021 011120,   1, 42165.6,  0.656,101.941,0.003795,  2.5,240.509,8.11e-02, 15.3, 0.1,  6
6100,143583,09122018,26102021 082200, 310, 41881.2, 31.241,  4.555,0.523644,359.8,248.652,1.56e+01, 17.2, -  , - 
6101,143586,27072019,25102021 213028, 249, 42139.0,  7.342, 94.278,0.364999,  0.1, 83.200,2.57e+00, 16.5, -  , - 
6102,143588,03102018,25102021 201501,  10, 42151.9, 10.996, 30.822,0.005766,359.5, 61.030,6.41e-02, 16.9, 0.2, 39
6103,143589,13042020,26102021 052041, 319, 42166.9,  4.638,283.165,0.150416,359.7,245.521,4.29e+00, 17.1,81.9, - 
6104,143593,10112020,26102021 045703, 189, 42130.9,  3.838,357.448,0.135084,358.2,120.202,8.62e+00, 15.8,22.6, - 
6105,143595,14112020,26102021 091323, 329, 42197.9, 17.244, 12.660,0.282204,359.6,250.173,1.02e+01, 14.7,22.9, - 
6106,143596,19022021,25102021 234546,  42, 42177.3,  0.728,101.985,0.055898,  2.2,198.753,2.00e+00, 15.9, 3.6,636
6107,143597,18052021,25102021 214706,   0, 42089.7,  7.679,327.465,0.000249,359.3,229.701,7.97e-03, 12.4, 0.1,  1
6108,143598,03082021,25102021 224821,  40, 42153.0,  7.036,320.755,0.064501,359.3,284.604,3.53e+00, 17.5, 0.8,141
6109,143599,03082021,26102021 133718,  40, 42151.6,  9.678,303.654,0.007432,359.6,305.888,5.21e-01, 17.8, 2.3,411
6110,143600,15011996,25102021 182432,   1, 42661.1, 12.282, 26.775,0.000832,359.5,355.088,1.59e-02, 13.0, 0.1,  1
6111,143601,04111999,25102021 200402,   1, 42156.7,  9.153,344.582,0.005006,359.3,141.509,1.15e-02, 10.7, 0.1,  1
6112,143602,29072009,25102021 213526,   0, 42164.3,  7.607,292.893,0.001538,359.7,358.836,9.43e-03, 13.0, 0.1,  1
6113,143603,15081999,25102021 225408,   0, 42165.1,  8.097,352.262,0.003900,359.2,274.635,1.00e-02,  8.1, 0.1,  1
6114,143604,23091998,26102021 131847,   1, 42592.3, 10.252, 22.215,0.000618,359.4,116.347,1.59e-02, 12.7, 0.1,  1
6115,143605,10032004,25102021 191512,   1, 42165.6,  6.727, 38.290,0.000133,359.2, 99.384,2.24e-02, 11.7, 0.1,  1
6116,143606,29061997,26102021 113909,   1, 42515.9, 13.833, 15.983,0.000806,359.5,293.688,1.24e-02, 12.1, 0.1,  1
6117,143607,28042005,26102021 112436,   1, 42164.5,  9.928, 19.042,0.000441,359.3,142.074,2.84e-02, 12.0, 0.1,  1
6118,143608,28031995,26102021 155949,   0, 42165.3,  7.857,  6.434,0.094861,359.1,310.758,3.13e-02,  9.9, 0.1,  1
6119,143609,12062001,26102021 154926,   1, 42166.5,  8.784, 47.267,0.000098,359.5,141.278,1.22e-02, 12.3, 0.1,  1
6120,143610,22122000,25102021 121936,   1, 42165.0,  9.229, 31.091,0.000458,359.4,169.173,1.00e-02, 11.9, 0.1,  1
6121,143611,30031995,26102021 043959,   0, 42164.1, 14.601,  7.801,0.000154,359.5,147.719,1.00e-02, 12.1, 0.1,  1
6122,143612,23111997,26102021 064604,   0, 42165.4, 13.462, 16.190,0.000313,359.5,190.915,2.69e-02, 10.6, 0.1,  1
6123,143613,10031997,26102021 005828,   0, 42169.6,  9.656, 24.797,0.000793,359.3, 69.253,1.57e-02, 12.8, 0.1,  1
6124,143614,04012005,26102021 082140,   1, 42545.2, 14.056,351.923,0.003743,359.5,290.395,1.36e-02, 12.7, 0.1,  1
6125,143615,18091980,26102021 125134,   1, 42179.9,  5.758,357.481,0.127851,358.8, 62.120,2.27e-02, 10.4, 0.1,  1
6126,143616,24021992,25102021 170243,   1, 42164.9, 12.926,  2.029,0.000441,359.5,141.583,1.00e-02, 12.4, 0.1,  1
6127,143617,30011993,25102021 212237,   0, 42643.6, 15.756,348.348,0.001277,359.6,235.031,1.00e-02, 13.1, 0.1,  1
6128,143618,06022000,26102021 012651,   0, 42167.1,  8.488, 34.461,0.000438,359.3,166.826,5.00e-02, 11.6, 0.1,  1
6129,143619,19032001,25102021 191945,   0, 42601.3,  9.691, 40.856,0.000651,359.5,123.174,1.00e-02, 11.4, 0.1,  1
6130,143620,10101993,25102021 145541,   1, 42162.7,  9.680,336.248,0.128033,359.4, 97.751,2.72e-02, 13.2, 0.1,  1
6131,143621,28011995,26102021 012430,   0, 42190.5,  6.132,349.479,0.100021,358.9, 22.535,2.21e-02, 10.3, 0.1,  1
6132,143622,24021987,26102021 114604,   1, 42165.0,  4.572,286.402,0.002548,359.6,223.033,3.65e-02, 11.4, 0.1,  1
6133,143623,14102006,26102021 032724,   0, 42181.2, 14.430,350.515,0.004791,359.5,245.038,1.45e-02, 13.1, 0.1,  1
6134,143624,23101992,26102021 155130,   1, 42174.2, 10.540,315.592,0.004738,359.5,320.872,7.20e-02, 12.9, 0.1,  1
6135,143625,30042006,26102021 133927,   5, 42151.9,  9.552,303.728,0.003033,359.6,350.687,1.58e-01, 17.1, 0.1, 12
6136,143626,17122004,26102021 124940,  10, 42133.7,  8.298,296.412,0.001558,359.6,174.552,1.24e-02, 16.8, 0.1, 19
6137,143627,13032007,26102021 072258, 309, 42164.4,  1.928,334.966,0.115105,356.9,183.134,1.62e+00, 16.0,36.0, - 
6138,143628,31122007,26102021 150829,   2, 42128.0, 12.884,339.143,0.017786,359.5,269.337,6.97e-02, 15.6, 0.1,  6
6139,143629,08122007,25102021 235853,   0, 42166.0,  0.117, 96.237,0.000023,304.1,127.962,1.67e-02, 11.6, 0.1,  1
6140,143630,04032008,25102021 211417, 425, 42157.9, 13.801,350.222,0.018865,359.5,135.516,1.91e-01, 17.3,12.0, - 
6141,143631,01082008,25102021 115543,   7, 42187.2,  9.602,303.624,0.005581,359.6,144.751,1.88e-01, 16.5, 0.1, 24
6142,143632,20082007,25102021 200242,   3, 42173.4,  8.710, 49.383,0.004060,359.5,  6.659,7.49e-02, 16.5, 0.2, 13
6143,143633,18012009,25102021 210247,   1, 42165.1,  6.482, 35.029,0.000620,359.1,285.737,2.13e-02,  8.0, 0.1,  1
6144,143634,23112008,25102021 223614,   1, 42172.3, 13.935, 12.688,0.008937,359.5,147.717,1.95e-01, 13.9, 0.1,  4
6145,143635,25042009,25102021 235854,   0, 42166.4,  0.117, 95.395,0.000555,310.6,147.088,8.44e-05, 10.8, 0.1,  1
6146,143636,03092008,25102021 104359, 235, 42168.4, 10.506,316.233,0.057858,359.5,204.574,1.99e+00, 17.4,10.3, - 
6147,143637,20052009,25102021 235852,   1, 42166.3,  0.114, 94.226,0.000029,357.6,269.713,1.69e-02, 11.8, 0.1,  1
6148,143638,19052009,26102021 153609, 952, 42164.0, 11.301,316.703,0.066414,359.6,158.046,1.20e-02, 16.6,16.8,700
6149,143639,16092009,25102021 235906,   1, 42164.3,  0.151,129.671,0.001431,319.0,220.332,5.00e-02, 11.1, 0.1,  1
6150,143641,26102009,26102021 143627,   3, 42154.4, 10.724,314.870,0.001648,359.6, 50.895,5.25e-03, 17.4, 0.1,  2
6151,143642,15062010,25102021 235850,   0, 42165.5,  0.139, 93.679,0.000226,178.7,174.498,5.25e-03, 11.8, 0.1,  1
6152,143643,12082010,26102021 112041,   1, 42167.8,  9.179,295.594,0.060267,359.7,234.066,2.79e+00, 16.9, 0.1,  8
6153,143644,26082010,26102021 032353,   0, 42166.3,  4.046, 89.690,0.000429,360.0, 56.479,1.00e-02, 11.2, 0.1,  1
6154,143645,15122010,26102021 002943,   1, 42178.6,  7.488,292.364,0.014971,359.7,  3.275,1.64e-01, 16.7, 0.1,  4
6155,143646,02022011,26102021 025407,  51, 42203.3,  7.525,298.833,0.130499,359.6,323.802,5.87e+00, 16.8, 2.2,253
6156,143647,29032011,26102021 081107,   1, 42165.9,  4.692, 18.276,0.000871,358.6,192.200,1.80e-02, 10.8, 0.6, 29
6157,143648,08052011,26102021 175109,   1, 42165.1,  1.823, 13.044,0.000235,356.3,203.490,2.56e-02, 12.3, 0.1,  1
6158,143649,02092005,26102021 133714,  10, 42184.1,  8.327,296.103,0.027735,359.6,299.250,5.57e-01, 17.2, 0.1, 16
6159,143650,17022012,25102021 235852,   0, 42165.8,  0.104, 95.785,0.000018, 26.9,143.603,1.00e-02, 11.5, 0.1,  1
6160,143651,12032012,25102021 060318,   0, 42165.4,  2.746, 26.732,0.005095,357.7,356.300,1.18e-02,  9.5, 0.1,  1
6161,143652,18052012,25102021 075202,   0, 42166.9,  2.949, 59.231,0.000269,358.8,170.073,1.77e-02, 11.1, 0.1,  1
6162,143653,01072012,25102021 224721,   1, 42166.6,  3.466, 69.357,0.003997,359.3,  4.181,1.19e-02,  8.0, 0.1,  1
6163,143655,01042013,25102021 205013,   1, 42165.0,  1.880, 11.375,0.000231,356.4,198.676,1.00e-02, 12.1, 0.1,  1
6164,143656,22062013,25102021 235853,   0, 42165.3,  0.103, 96.248,0.000070,245.6,170.645,1.00e-02, 11.5, 0.1,  1
6165,143657,20072013,26102021 102523,   1, 42164.9,  2.591, 16.646,0.005717,357.4,178.408,1.00e-02,  9.3, 0.1,  1
6166,143658,20062013,26102021 164725,  42, 42235.1,  9.597,302.801,0.011685,359.6,230.893,2.51e-01, 17.3, 0.5, 93
6167,143659,16092013,25102021 235853,   1, 42166.5,  0.094, 97.296,0.000083,161.8,162.258,1.00e-02, 11.7, 0.1,  4
6168,143660,24102013,25102021 122250,   1, 42167.0,  1.258, 66.842,0.005653,357.6,181.745,1.00e-02, 10.9, 0.1,  2
6169,143662,18042014,25102021 184135,   0, 42166.2,  1.751, 39.897,0.000321,356.8,163.368,1.37e-02, 10.4, 0.1,  1
6170,143664,22012015,25102021 214659,   2, 42180.9,  3.378, 88.251,0.014139,359.9,216.455,9.07e-02, 16.4, 0.1,  7
6171,143665,02052015,25102021 235848,   1, 42166.8,  0.103, 93.682,0.000221,337.6,111.873,1.47e-02, 10.6, 0.1,  1
6172,143667,28102015,26102021 004659, 637, 42350.2, 18.555, 54.323,0.231258,359.8,152.596,3.15e+01, 16.4,99.3, - 
6173,143673,31032016,25102021 182300,   4, 42173.0, 10.944, 31.469,0.007432,359.5,165.560,3.02e-01, 16.8, 0.1, 18
6174,143674,20082016,25102021 235959,   1, 42132.6,  0.178,101.098,0.000076,339.4,322.232,8.36e-03, 13.6, 0.1,  1
6175,143676,07102016,26102021 120937, 173, 42148.2,  8.291,296.225,0.050574,359.6,318.367,1.67e-01, 17.6,11.0,601
6176,143678,18012017,25102021 094415,   3, 42162.7, 12.420,312.374,0.177735,359.6,254.408,1.21e+01, 16.8, 0.8,140
6177,143679,03022017,26102021 110035, 136, 42138.3, 13.804, 58.817,0.101464,359.7, 94.760,8.43e+00, 16.3, 7.9,964
6178,143680,24112016,26102021 145637,  86, 42171.3, 11.716,324.327,0.014008,359.5,235.212,3.52e-01, 17.3, 1.1,176
6179,143681,02062017,25102021 112850, 313, 42155.6,  7.736, 70.916,0.081353,359.7,135.913,5.57e+00, 16.4,80.4, - 
6180,143682,28062017,26102021 061134, 278, 42180.7,  6.451,350.158,0.046176,359.0,227.739,6.49e+00, 17.5, 9.3, - 
6181,143683,02062017,26102021 015337, 309, 42153.6,  5.483,285.557,0.029779,359.7,235.131,1.38e+00, 16.7,18.9, - 
6182,143686,15032018,26102021 143027, 410, 42139.8,  6.256,287.151,0.031406,359.7, 75.005,4.59e+00, 15.1,16.1, - 
6183,143687,17032018,26102021 122737,1314, 42148.5,  8.501,296.997,0.007737,359.6,180.539,1.10e-01, 19.2, 8.8,454
6184,143692,16112019,25102021 232018,   3, 42137.4,  2.001, 89.859,0.010363,360.0,347.815,1.79e+00, 16.4, 0.1, 18
6185,143696,23112020,25102021 073046, 294, 42128.4,  3.020,101.706,0.237360,  0.5,228.690,6.44e+00, 14.5, -  , - 
6186,143697,16032019,25102021 235853,   0, 42166.3,  0.113, 93.712,0.000010,  0.9,336.462,2.66e-02, 11.6, 0.1,  1
6187,143698,02092021,25102021 232920,   1, 42170.4,  0.714,101.933,0.031708,  2.3,218.869,2.21e+00, 16.2, 0.2, 37
6188,143699,30092021,25102021 234742,   3, 42167.7,  1.486, 92.466,0.008337,  0.2,123.517,4.07e+00, 17.7, 0.2, 23
6189,143700,26082003,26102021 005609,   0, 42181.0,  7.828, 36.688,0.005359,359.3, 92.633,1.00e-02, 10.7, 0.1,  1
6190,143701,01021995,25102021 232056,   0, 42163.5, 11.712, 15.644,0.000121,359.4,136.440,1.75e-02, 12.7, 0.1,  1
6191,143702,22112005,25102021 190457,   1, 42168.6,  9.484,303.268,0.001621,359.6,190.998,2.08e-02, 13.7, 0.1,  1
6192,143703,12092001,25102021 160804,   1, 42171.0, 12.970,273.243,0.136303,360.0, 46.179,2.70e-02, 13.3, 0.1,  1
6193,143704,09102005,25102021 170930,1374, 42259.8,  4.580,281.033,0.383902,359.7,306.131,6.36e+00, 18.4, -  , - 
6194,143706,10012008,26102021 004425,   1, 42154.8,  7.322, 62.234,0.000110,359.5, 49.400,1.40e-02, 12.5, 0.1,  1
6195,143707,30122007,26102021 154555, 103, 42133.2, 10.589,312.384,0.044610,359.6,124.884,2.97e-01, 15.4, 4.4,785
6196,143708,07062008,26102021 123058,1353, 42058.2,  4.808,336.645,0.076071,358.7,147.726,6.54e+00, 18.3, -  , - 
6197,143709,02082008,25102021 111514,   5, 42278.4,  6.692, 27.241,0.132266,359.1,155.884,9.46e+00, 15.2, 0.3, 44
6198,143712,17032010,26102021 024933, 590, 42277.0, 15.022,359.612,0.002321,359.5,220.326,7.73e-01, 17.7, 2.6,377
6199,143715,04022011,25102021 210210, 156, 42264.2, 26.554, 42.672,0.064142,359.8,320.183,7.05e+00, 14.5, -  , - 
6200,143716,29092011,26102021 060117,   2, 42136.2,  9.252,301.765,0.047457,359.6,335.828,1.06e+00, 16.3, 0.2, 20
6201,143717,26102011,26102021 021822, 232, 42074.6,  9.086,302.662,0.002055,359.6, 56.671,4.45e-01, 17.8,38.0, - 
6202,143718,16012012,26102021 072635,   2, 42190.3, 12.223,328.072,0.019336,359.5,175.582,2.71e-01, 16.1, 0.2, 20
6203,143719,17022012,25102021 180823,  80, 42185.7,  2.943,314.519,0.061852,358.4,344.894,1.80e-01, 16.1, 1.8,259
6204,143720,13062007,25102021 223736, 101, 42198.7,  8.222,294.706,0.082216,359.7,288.724,1.81e-01, 14.1, 6.0,318
6205,143721,12102013,25102021 081741,  18, 42186.2,  9.538,303.501,0.003595,359.6,218.885,1.28e-01, 17.5, 0.3, 26
6206,143722,17112013,25102021 052623, 928, 42482.5, 16.630,359.270,0.308089,359.6,307.363,5.58e+00, 16.7, -  , - 
6207,143725,09032015,26102021 065546,   1, 42315.6,  9.201,283.499,0.138441,359.8,290.067,4.70e+00, 16.0, 0.5, 93
6208,143726,07042015,26102021 052420, 641, 42164.4, 34.484, 30.291,0.578742,359.8,152.466,9.13e+00, 16.9, -  , - 
6209,143727,09052015,25102021 112432,   1, 42187.4,  3.273,335.384,0.047140,358.1, 23.722,3.31e+00, 16.4, 0.4, 33
6210,143728,24072015,25102021 235854,   1, 42165.6,  0.103, 96.457,0.000098,112.9,151.606,1.00e-02, 12.0, 0.1,  1
6211,143729,19092015,25102021 142917, 963, 42134.5, 14.306,353.203,0.308613,359.5,245.145,1.74e+01, 15.6, -  , - 
6212,143732,14042016,25102021 102032, 629, 42282.6,  2.270,291.772,0.129301,359.0,227.014,5.20e+00, 17.4, -  , - 
6213,143733,28022016,26102021 141954, 755, 42347.9, 11.295,314.275,0.006094,359.6,113.684,2.39e-01, 17.7,18.5, - 
6214,143734,25112016,25102021 222552,  51, 42040.2, 21.463,358.768,0.196471,359.7,205.506,9.98e+00, 16.4, 6.5,961
6215,143735,02022017,26102021 024807,   8, 42083.1, 17.129, 59.343,0.121812,359.8,162.971,1.40e+01, 14.4, 0.9,106
6216,143736,01072017,26102021 013228, 173, 42151.4,  4.110, 81.204,0.154872,359.7,350.407,1.11e+01, 16.2, -  , - 
6217,143737,12092017,26102021 084852, 703, 42198.5,  8.677,297.347,0.121248,359.6,176.478,3.10e+00, 17.7,17.0, - 
6218,143740,29112017,25102021 101658, 627, 42160.8,  7.550, 61.729,0.027946,359.6, 86.731,8.60e+00, 16.8, -  , - 
6219,143741,15012018,25102021 120408,   3, 42155.1, 10.813,314.371,0.001639,359.6,111.840,1.02e-02, 16.3, 0.1,  8
6220,143743,19022018,25102021 233256, 134, 42074.3, 11.788, 16.593,0.117765,359.4, 66.205,1.22e+01, 16.1,43.8, - 
6221,143745,29012019,25102021 190738,  23, 42299.8, 13.531,333.525,0.105511,359.5,226.965,9.84e+00, 17.1, 9.0, - 
6222,143746,22092019,26102021 023756, 751, 42162.2,  5.561,234.938,0.172447,  0.7, 70.942,9.63e-03, 17.1, 0.8, 46
6223,143749,29062020,25102021 215346, 391, 42037.1, 11.349, 80.247,0.446272,359.9,110.806,1.14e+01, 13.1, -  , - 
6224,143800,19091993,25102021 193245,   1, 42216.8,  8.947, 22.921,0.148580,359.3, 30.058,2.37e-02, 10.6, 0.1,  1
6225,143803,16122011,25102021 221937, 330, 42183.7, 13.190,343.434,0.011281,359.5,218.041,2.22e-01, 13.4, 5.2,864
6226,143804,12122012,25102021 191956,  14, 42196.4,  7.327,240.975,0.180778,  0.5,323.376,2.93e+00, 16.2, 0.5, 50
6227,143805,09072013,25102021 090225,   1, 42207.3,  8.541,296.689,0.098830,359.6,223.090,3.28e-01, 15.4, 0.1, 13
6228,143806,01022014,26102021 083721,1314, 43393.7, 24.538, 12.831,0.365332,359.7, 61.986,1.00e+01, 16.0, -  , - 
6229,143807,20102014,26102021 032204, 175, 42429.6, 35.184,359.985,0.311259,359.8,234.525,2.03e+01, 16.6,22.2, - 
6230,143809,20082016,25102021 220554,   0, 42116.6,  0.679, 93.315,0.000918,  0.6,256.207,1.00e-02, 13.5, 0.1,  1
6231,143811,17082017,26102021 042856, 246, 42205.3,  9.414,301.619,0.034103,359.6,250.471,3.29e-01, 17.2, 3.4,487
6232,143814,20092017,25102021 080326,1225, 42193.4,  8.238,295.342,0.024290,359.7,253.548,1.00e+00, 18.2,30.2, - 
6233,143815,14112017,25102021 223458, 533, 42216.8,  9.131,310.004,0.020401,359.5,261.074,8.33e-01, 17.3,14.4, - 
6234,143817,06032018,25102021 202442, 193, 42245.8,  2.885,256.880,0.256004,  0.5,304.214,2.09e-01, 15.6, 7.0, - 
6235,143818,08032018,26102021 011339, 465, 42227.6,  9.585,303.862,0.002260,359.6,180.072,5.42e-03, 13.2, 1.0,138
6236,143820,14102018,25102021 190516,1105, 42189.7, 10.682,314.666,0.002745,359.6,350.391,1.41e-01, 19.0,10.3, - 
6237,143821,09112018,26102021 033530,   1, 42204.1,  3.495,309.646,0.016399,358.8,  4.077,1.52e-02, 15.6, 0.1,  5
6238,143822,06012019,25102021 185747,   0, 41665.3, 20.646, 16.554,0.362401,359.7,207.624,1.81e+01, 13.2, 0.1, 20
6239,143823,13012019,26102021 033425, 133, 42198.9,  7.369,294.601,0.003048,359.6,316.709,6.88e-03, 18.2, 1.5,162
6240,143824,28022019,26102021 173110,   2, 42293.7,  9.762,304.428,0.003678,359.6,167.092,7.50e-02, 17.8, 0.1,  7
6241,143825,09032019,26102021 023743, 874, 42175.5,  4.389, 87.799,0.179913,359.9,123.798,5.18e+00, 15.8, -  , - 
6242,143828,07082019,26102021 051024,  37, 42215.3,  8.374,  9.372,0.117245,359.2,187.523,1.07e+01, 16.3,10.9, - 
6243,143829,02032020,26102021 011556, 600, 42136.9, 14.647, 74.329,0.396580,359.9, 99.929,2.01e+01, 17.4, -  , - 
6244,143832,09032021,26102021 073146, 156, 42199.3,  4.173,305.798,0.025900,359.1, 50.804,2.36e-01, 18.3, 4.7,794
6245,143833,10092021,25102021 231951,  41, 42221.1,  2.754, 87.598,0.029903,359.9,315.315,1.22e+01, 17.2, -  , - 
6246,143900,07082007,25102021 180340,   4, 42238.5, 10.758,315.171,0.002873,359.6,116.153,6.10e-03, 16.6, 0.1,  5
6247,143902,07102005,26102021 123611,   1, 42261.6,  3.840,267.955,0.055668,  0.1,304.441,2.23e+00, 16.7, 0.1, 25
6248,143903,07052008,25102021 141435, 374, 42176.0, 19.578, 20.159,0.263947,359.7,227.019,1.29e+01, 16.9,35.2, - 
6249,143904,27092011,26102021 035124, 148, 42240.8, 10.337,318.874,0.019130,359.5,142.668,3.68e-01, 17.6, 6.7, - 
6250,143906,07102005,26102021 154040,   2, 42172.3,  9.638,303.548,0.010000,359.6,250.528,1.68e-01, 17.9, 0.1,  8
6251,143908,10012013,25102021 182935,1044, 42135.9, 11.857, 33.667,0.009323,359.5,280.066,6.07e+00, 17.9, -  , - 
6252,143910,17102015,25102021 151009,  28, 42228.2, 10.622,315.233,0.031747,359.5,137.936,1.11e+00, 17.7, 2.4,392
6253,143912,10022016,26102021 033546, 544, 42226.1, 15.026,349.236,0.079927,359.5,311.175,4.37e+00, 16.8,40.4, - 
6254,143913,27102016,26102021 003006,1280, 41766.0, 38.292, 12.982,0.292062,359.8,179.080,2.88e+01, 15.9, -  , - 
6255,143914,28022017,26102021 082543, 116, 42225.5,  2.391,328.882,0.041517,357.6,259.762,1.16e+00, 18.0, 3.0,465
6256,143915,31082017,25102021 184308,1498, 42219.2,  5.078, 82.147,0.054778,359.8,200.460,5.35e+00, 17.5,93.8, - 
6257,143916,14102017,26102021 033342,  16, 36963.1,  9.749,242.605,0.316810,  0.3,340.888,1.44e+01, 17.1, 2.5,459
6258,143917,26012018,26102021 043002, 639, 42232.6,  9.581,303.249,0.020146,359.6,311.861,3.87e+00, 18.0, -  , - 
6259,143919,11032018,25102021 061744,1084, 42231.7, 11.576,320.772,0.009165,359.5,295.860,3.81e-01, 18.3, 4.4,686
6260,143920,13032018,25102021 195959,  82, 42223.1,  3.596,308.812,0.026751,358.8,349.604,2.65e-01, 17.2, 2.3,391
6261,143921,11062018,25102021 093111,   0, 42224.4,  0.612,104.845,0.008308,  3.4,266.070,1.11e-02, 14.5, 0.1,  1
6262,143922,09102018,25102021 063527,  57, 42225.7,  2.304,334.535,0.038382,357.4,300.137,1.35e+00, 17.4, 3.0,375
6263,143923,01112018,26102021 101351,1022, 42322.5, 36.627,351.016,0.404782,359.8,218.396,4.21e+01, 16.0, -  , - 
6264,143925,16022020,26102021 055703, 226, 42045.7,  1.747,105.268,0.201700,  1.1, 79.253,1.57e+01, 16.9, -  , - 
6265,143927,20042020,25102021 173117, 146, 42186.2,  2.841, 97.722,0.234617,  0.3, 96.609,8.89e+00, 17.1,28.1, - 
6266,143928,14082020,25102021 084839, 430, 42042.7,  7.497,354.025,0.467924,359.1,260.785,1.15e+01, 16.7,47.3, - 
6267,143929,16102021,25102021 192902,   7, 42228.6, 14.818,356.277,0.023294,359.5,198.623,4.08e-01, 17.7, 0.1, 10
6268,143930,15102021,25102021 144506,   2, 42223.0,  9.890,303.754,0.007273,359.6,212.088,2.01e-01, 17.4, 0.1, 25
6269,144000,12031997,25102021 181358,   0, 42250.5, 14.916,355.481,0.006581,359.5, 62.732,1.85e-02, 11.9, 0.1,  1
6270,144001,06082007,25102021 212144, 908, 42263.7,  6.111,284.554,0.276930,359.7,343.680,4.26e+00, 15.7,30.2, - 
6271,144002,27062006,26102021 014933, 176, 42412.1, 15.401, 12.141,0.094956,359.6,222.915,3.03e+00, 17.1,30.5, - 
6272,144003,23112009,25102021 101343,   1, 42259.8, 10.882,314.924,0.006420,359.6, 13.985,1.06e-02, 16.3, 0.2, 11
6273,144004,25022011,26102021 071217,  20, 42277.3,  5.412, 15.733,0.057322,358.8,303.252,7.02e+00, 17.7, 2.3,393
6274,144005,15082012,26102021 101548,1869, 42096.9, 13.749, 35.537,0.617256,359.6,141.209,3.01e+00, 12.4, -  , - 
6275,144006,27112006,25102021 173813,   2, 42272.8,  5.058,344.819,0.060395,358.7,237.487,4.42e+00, 16.6, 0.1, 11
6276,144007,08012013,25102021 220401, 984, 42251.5,  8.959,299.245,0.120440,359.6,259.146,1.09e+00, 17.7,51.0, - 
6277,144008,30082013,25102021 195352,   2, 42232.0, 13.042, 12.017,0.221972,359.5,176.871,9.11e+00, 15.9, 0.1, 17
6278,144009,18082014,25102021 153130, 115, 42226.1,  6.627, 80.243,0.014570,359.8, 64.175,8.24e+00, 16.8, 5.8,805
6279,144011,02022016,26102021 143241,   1, 42357.0, 26.505, 16.530,0.121325,359.7,257.246,1.04e+01, 16.0, 0.1, 12
6280,144012,24062016,26102021 004620,  29, 42276.7,  3.927,  1.175,0.307687,358.3,188.586,3.22e+00, 17.1, 0.8,102
6281,144014,22112016,25102021 193240,1626, 42280.1, 27.552,349.874,0.363046,359.7,181.852,1.40e+01, 17.2, -  , - 
6282,144015,24052017,26102021 052003,1515, 42283.8, 17.246, 32.869,0.370259,359.7,157.900,6.00e+00, 16.6, -  , - 
6283,144017,25102017,25102021 113928, 911, 42253.9, 10.567,316.177,0.008317,359.5,340.668,7.66e-01, 18.5, 4.5,683
6284,144018,21012018,26102021 050314, 406, 42251.0,  8.856,296.888,0.018702,359.7,223.718,6.77e-03, 16.8, 0.6, 60
6285,144019,12022018,26102021 060907,  19, 42653.4,  6.603,274.676,0.464637,359.9,262.854,1.94e+01, 16.1, 3.1,567
6286,144023,14032019,26102021 121615,  12, 41972.7, 10.029, 80.841,0.460524,359.9,118.243,1.08e+01, 13.0, 2.3,424
6287,144024,30082019,26102021 100541,   1, 42255.4,  4.926,269.638,0.091716,  0.0,287.693,4.31e+00, 15.6, 0.1, 12
6288,144100,26032006,26102021 002326,   0, 42268.8, 11.357, 27.666,0.000904,359.5,  1.174,9.27e-03, 13.8, 0.1,  1
6289,144101,15032005,25102021 184424,   3, 42274.6,  9.739,304.283,0.003261,359.6,149.003,1.08e-02, 16.4, 0.1,  4
6290,144102,28102008,26102021 000459,   9, 42250.4,  3.971,308.205,0.019999,359.0, 42.824,1.37e-01, 16.7, 0.2, 34
6291,144103,30112008,25102021 234223, 261, 42100.9,  7.496,278.249,0.073296,359.9,139.985,5.50e+00, 16.0,45.8, - 
6292,144104,28092011,25102021 223805,  52, 42267.8,  9.605,304.203,0.005240,359.6, 87.250,5.47e-02, 17.6, 0.9,102
6293,144105,15082017,26102021 100037,1382, 42312.0,  9.227, 67.248,0.151282,359.7, 19.079,6.42e+00, 17.0,44.7, - 
6294,144108,10082015,25102021 173741,   3, 42245.8,  8.136,296.586,0.039973,359.6,272.594,1.93e+00, 17.3, 0.1, 10
6295,144109,09092015,25102021 232801, 224, 42324.8,  3.310,302.342,0.587165,358.9,245.074,2.56e-01, 16.6,10.9,739
6296,144110,23092015,25102021 104257, 144, 42427.0, 12.543, 21.680,0.375931,359.5,229.623,1.35e+01, 16.3,33.6, - 
6297,144113,17112015,26102021 151407, 580, 42244.7, 13.568,342.484,0.138078,359.5,217.805,5.65e-01, 17.3,14.9, - 
6298,144114,18112016,26102021 025909, 926, 42223.8, 13.899,336.242,0.064145,359.5,163.456,9.30e+00, 17.1,52.8, - 
6299,144115,24032017,26102021 101823,  45, 42263.8,  8.114,294.022,0.037187,359.7,264.720,1.50e+00, 17.8, 1.4,220
6300,144116,25032017,26102021 043429,   5, 42163.5, 13.556,322.265,0.563532,359.6,259.480,8.04e+00, 14.8, 2.5,428
6301,144119,16052018,26102021 122016,1234, 42248.7, 18.297,358.650,0.129961,359.6,212.901,4.89e+00, 18.3, -  , - 
6302,144120,09082018,26102021 133720, 786, 42237.1, 12.387,343.182,0.081326,359.5,171.283,1.07e+01, 17.4,75.5, - 
6303,144121,06112018,25102021 162854, 637, 42277.3, 17.266, 24.606,0.108189,359.6,124.216,7.54e+00, 16.6,25.6, - 
6304,144129,11122020,26102021 142913,   0, 42164.2,  7.204,303.571,0.004475,359.5,188.628,1.00e-02,  7.9, 0.1,  1
6305,144130,14092021,26102021 032825,  31, 42252.1, 14.003,297.817,0.189125,359.8,293.654,8.59e+00, 16.7,14.7, - 
6306,144131,11102021,25102021 142726,   2, 42173.2, 13.794,290.082,0.557494,359.8,279.060,5.24e+01, 16.3, 2.3,251
6307,144200,09052004,25102021 085038,   1, 42293.9,  9.933, 36.928,0.000827,359.4, 13.269,1.00e-02, 13.9, 0.1,  1
6308,144201,15121998,26102021 004229,   0, 42294.7,  5.007,281.770,0.000614,359.7,334.597,1.22e-02, 12.7, 0.1,  1
6309,144202,14101985,25102021 110028,   1, 42292.6, 15.619,330.690,0.012645,359.6,  5.735,4.30e-02,  9.8, 0.1,  1
6310,144204,16122011,26102021 110429,   1, 42267.1, 15.532, 12.878,0.041533,359.6,180.697,2.95e+00, 14.0, 0.2, 24
6311,144205,05052008,25102021 204544,   3, 42474.5, 26.719,349.187,0.243358,359.7,208.733,1.49e+01, 15.8, 0.2, 41
6312,144208,08082011,25102021 235835,  14, 42308.3,  5.972,300.612,0.081006,359.4,250.621,5.83e+00, 16.5, 0.5, 73
6313,144209,14062012,25102021 133307, 111, 42294.4,  3.578,311.504,0.034366,358.8,337.034,1.78e-01, 17.5, 2.4,396
6314,144210,04102012,25102021 192832, 877, 42296.1,  9.337,305.299,0.039060,359.6,261.558,1.09e-02, 17.8, 5.8,646
6315,144211,18102012,26102021 043217,   1, 42273.4,  3.268,287.560,0.182226,359.4,200.921,5.81e+00, 16.1, 0.1, 19
6316,144212,16012013,25102021 173640, 198, 42264.7,  6.138,277.020,0.088947,359.9,264.816,3.88e+00, 17.6, 6.6, - 
6317,144215,18112015,26102021 010547, 264, 42299.1, 10.978,314.970,0.007651,359.6, 74.890,1.36e-01, 16.8, 2.0,343
6318,144217,08032016,25102021 201716, 295, 42381.1, 13.131,338.832,0.105412,359.5,256.771,1.02e+01, 17.2,47.3, - 
6319,144218,10092016,26102021 015843, 344, 42295.6,  8.799,296.491,0.017654,359.7,299.550,1.17e+00, 17.8,21.6, - 
6320,144219,30102016,26102021 024528, 612, 42311.4, 14.277,334.437,0.158394,359.6,233.640,6.93e+00, 16.5,80.7, - 
6321,144221,04082017,25102021 071020,  47, 42294.0, 11.043,314.722,0.003057,359.6, 68.915,3.36e-02, 17.5, 0.2, 33
6322,144222,14112017,26102021 023508,  68, 42336.7,  3.759,296.371,0.037692,359.2,287.608,2.37e+00, 17.3, 5.3,819
6323,144223,07122017,25102021 175701,1011, 42349.1, 13.153, 35.165,0.232263,359.6,210.541,5.51e+00, 15.7, -  , - 
6324,144225,06032018,25102021 180944,   2, 42291.3,  3.831,304.938,0.218436,359.0,284.063,8.28e+00, 17.7, 0.5, 79
6325,144226,09042018,25102021 180459, 390, 42230.9,  1.642,332.601,0.234124,356.4,180.638,5.05e+00, 14.4, -  , - 
6326,144227,15072018,26102021 053150,1116, 42283.5, 10.598, 78.915,0.167210,359.9,178.700,7.53e+00, 15.6, -  , - 
6327,144231,10122020,25102021 232808,  20, 42295.4,  3.824,267.837,0.071913,  0.1,306.720,2.64e+00, 17.4, 0.6, 74
6328,144300,13032005,25102021 195600,   0, 42304.8,  3.880,285.782,0.000800,359.5,323.006,1.50e-02, 13.2, 0.1,  1
6329,144301,18082007,25102021 124254,   1, 42303.6,  6.125,275.121,0.106793,359.9,311.349,4.03e+00, 15.3, 0.1,  5
6330,144303,21112011,25102021 095410,  11, 42302.0,  2.800,338.169,0.062821,357.8,297.665,1.94e+00, 16.7, 0.6, 62
6331,144304,09092013,26102021 174626,   1, 42249.7,  7.426, 62.030,0.019628,359.6, 74.357,6.00e-01, 12.1, 0.1,  6
6332,144306,05092016,26102021 111952,   1, 42265.5,  9.549,300.516,0.062403,359.6,261.918,9.24e-01, 16.7, 0.4, 44
6333,144310,30092017,25102021 125632,   1, 42208.7, 18.216,290.688,0.281827,359.9,289.092,3.44e+01, 16.3, 1.6,216
6334,144311,16042018,26102021 045431,  16, 41981.9, 13.711, 13.220,0.406626,359.5,178.304,2.21e+01, 15.8,48.6, - 
6335,144313,04022019,26102021 170506, 443, 42300.9, 10.890,314.261,0.027968,359.6, 35.343,9.54e-03, 17.8,12.6, - 
6336,144314,04082019,25102021 122148, 401, 42227.5, 10.083,281.478,0.707488,359.9,320.840,7.21e+00, 17.2,89.3, - 
6337,144400,14032001,26102021 111705,   1, 42322.8, 12.063, 23.803,0.000720,359.5, 98.274,1.00e-02, 13.8, 0.1,  3
6338,144401,22052001,25102021 193427,   1, 42332.8,  5.772,357.250,0.136165,358.8,110.474,6.52e-03, 13.2, 0.1,  1
6339,144402,18062004,26102021 033132,   0, 42323.4, 12.494, 23.042,0.020874,359.5,197.471,1.35e+00, 12.2, 0.1,  2
6340,144403,24062006,25102021 153751,  20, 42324.5,  2.448,330.438,0.052302,357.6,319.016,9.91e-01, 17.3, 0.8,108
6341,144404,04062008,26102021 064028, 600, 42426.6, 14.350, 17.390,0.090050,359.5,151.650,6.98e+00, 19.0, -  , - 
6342,144406,09022011,25102021 083437,  50, 42326.7, 11.362,313.860,0.004402,359.6, 67.171,2.63e-02, 16.9, 0.6,103
6343,144407,13072010,26102021 092041,4097, 42307.4, 19.453, 23.933,0.390590,359.7,215.272,7.49e+00, 14.8, -  , - 
6344,144408,11102012,25102021 223229,  15, 42333.0,  8.519,297.293,0.038859,359.6,345.339,1.69e-01, 17.9, 0.3, 39
6345,144409,10112013,25102021 102413,  29, 42347.0,  4.383,353.886,0.041423,358.5,132.216,2.47e+00, 16.9, 2.2,302
6346,144410,02092014,25102021 202433,   4, 42615.5,  7.801,312.321,0.060716,359.4,127.233,4.26e+00, 16.5, 1.1,194
6347,144411,15062015,26102021 051744, 969, 42156.1,  8.723, 61.785,0.083921,359.6, 98.422,4.28e+00, 17.4, -  , - 
6348,144412,14052016,25102021 135932, 946, 42365.3,  2.539, 30.327,0.165095,357.6,133.057,7.73e+00, 16.7,36.6, - 
6349,144413,24012017,25102021 123429, 661, 42232.2, 13.842,337.040,0.185141,359.5,179.052,9.96e+00, 16.0, -  , - 
6350,144415,13082017,25102021 214025,1425, 42456.6, 25.686,  1.268,0.292609,359.7,180.017,3.08e+01, 13.2, -  , - 
6351,144417,18092017,26102021 011019, 396, 42320.0,  5.227,  2.044,0.204538,358.7,236.668,4.52e+00, 18.1,25.7, - 
6352,144418,20112017,25102021 131908,1403, 42321.8, 13.678, 65.924,0.198017,359.8,157.349,1.12e+01, 17.2, -  , - 
6353,144419,11032018,25102021 193046,1132, 42326.6,  8.878,311.793,0.157175,359.5,284.633,3.66e+00, 17.8, -  , - 
6354,144420,15032018,25102021 062713,1171, 42321.9,  4.278,323.196,0.066482,358.7,302.219,2.44e+00, 18.3,49.4, - 
6355,144421,17062018,26102021 061353, 999, 42336.7,  0.519, 30.072,0.219527,347.3,177.080,7.90e+00, 18.0,35.5, - 
6356,144422,16022020,26102021 091739, 553, 42163.1, 29.939, 37.308,0.375147,359.8,114.746,3.07e+01, 16.4,81.6, - 
6357,144423,25122019,26102021 012330, 278, 42093.3,  1.734, 82.650,0.118566,359.4, 57.881,7.23e-01, 13.0,34.3, - 
6358,144424,27032020,26102021 084754,   1, 42167.1,  6.398,305.001,0.004909,359.4,349.541,1.00e-02, 11.7, 0.1,  1
6359,144500,10042002,26102021 091635,   1, 42347.6,  8.716, 25.080,0.147717,359.3, 93.326,7.51e-03, 12.9, 0.1,  1
6360,144501,16111998,25102021 171436,   0, 42357.4,  5.731,349.195,0.103415,358.8,104.209,5.99e-03, 13.0, 0.1,  1
6361,144502,03021995,26102021 002501,   0, 42357.8, 12.508,  4.299,0.011550,359.4,314.948,9.03e-03, 11.1, 0.1,  1
6362,144504,05112011,26102021 041846,  52, 42247.3,  8.817,327.664,0.085938,359.3,199.033,3.27e+00, 16.3, 9.7, - 
6363,144505,30112000,26102021 080559, 218, 42430.4,  8.467,313.667,0.097108,359.4,185.521,5.36e+00, 16.9,18.5, - 
6364,144506,05062015,25102021 124344, 777, 42321.3, 10.542, 35.793,0.302281,359.5,170.800,1.01e+01, 16.2,75.2, - 
6365,144509,02052016,25102021 232525,  36, 42311.7,  1.925,349.114,0.192238,356.6,212.143,7.26e+00, 15.8,22.9, - 
6366,144510,18102016,25102021 174057,   2, 42357.5,  4.687,300.748,0.320174,359.3,316.953,6.96e+00, 16.4, 1.2,222
6367,144512,14112017,26102021 050159,   2, 42316.1,  3.959, 84.811,0.016051,359.8,236.381,2.03e+00, 16.4, 0.3, 27
6368,144514,06022019,25102021 192217, 987, 42341.3,  8.970, 75.066,0.142526,359.8,157.230,9.46e+00, 17.9,87.9, - 
6369,144515,29082019,25102021 181156,  10, 42333.0,  7.040,280.624,0.136185,359.8,325.839,2.26e+00, 17.6, 0.2, 24
6370,144518,21012020,25102021 195525, 630, 42296.8, 13.192, 79.614,0.329195,359.9, 95.550,1.80e+01, 17.6, -  , - 
6371,144520,03042020,25102021 160455, 195, 42180.2, 44.725,  8.353,0.665475,359.8,199.186,3.04e+01, 14.6, -  , - 
6372,144600,05101999,26102021 155213,   0, 42365.9,  7.973,347.417,0.044244,359.2,  7.539,1.15e-02, 11.1, 0.1,  1
6373,144601,16101995,26102021 064037,   1, 42377.5, 18.240,358.932,0.033578,359.6, 56.682,1.16e-02, 13.2, 0.1,  2
6374,144602,22101975,26102021 033940,   1, 42366.0,  5.208,282.558,0.003110,359.7, 16.209,9.62e-03, 13.2, 0.1,  3
6375,144603,15082007,25102021 093149, 318, 42365.9,  3.333,314.988,0.081432,358.6,314.170,1.74e-01, 16.0, 4.0,712
6376,144604,18022007,25102021 083005, 102, 42364.1, 10.666,308.721,0.059629,359.6,249.234,1.98e+00, 17.6, 2.3,347
6377,144605,19022007,25102021 204900,   2, 42370.5, 14.002,343.057,0.005951,359.5,131.477,1.76e-02, 14.2, 0.1,  1
6378,144608,17012013,25102021 204200,   3, 42364.1, 14.123, 16.314,0.023476,359.5,172.021,7.75e-01, 16.9, 0.1, 11
6379,144609,08102009,26102021 050623,1814, 42311.4,  4.145, 25.518,0.014135,358.5,124.315,7.42e+00, 16.4, -  , - 
6380,144610,17122011,25102021 212128,1203, 42343.9,  7.594,295.006,0.028419,359.6,174.503,2.79e+00, 17.6, -  , - 
6381,144611,09012016,25102021 134505, 762, 42341.6,  7.380,303.660,0.342769,359.5,201.186,1.29e+00, 18.0,65.9, - 
6382,144613,10102016,25102021 102528, 404, 42283.6, 10.378,309.710,0.069314,359.6,176.570,3.29e+00, 17.8,21.5, - 
6383,144617,09112017,26102021 121703,  22, 42366.8, 11.676, 27.946,0.165803,359.5,134.935,1.10e+01, 16.7, 4.1,728
6384,144619,19012018,25102021 234649,  45, 42379.2,  8.738,296.470,0.042832,359.7,119.619,1.50e+00, 18.0,20.6, - 
6385,144622,06102018,26102021 001031, 175, 42371.2, 10.731,314.323,0.040784,359.6, 32.441,1.17e+00, 17.5, 7.9, - 
6386,144623,26042019,26102021 072122,  38, 42404.3,  5.766,271.056,0.100919,360.0,317.019,4.85e+00, 16.2,10.5, - 
6387,144625,27042020,25102021 091604, 317, 42253.3, 18.520, 58.024,0.495780,359.8,199.886,1.41e+01, 12.9, -  , - 
6388,144626,01082020,26102021 050818, 439, 42349.4,  4.928, 83.645,0.132365,359.8,167.056,7.69e+00, 16.2,55.1, - 
6389,144700,11021999,25102021 184456,   1, 42384.3, 13.997, 16.677,0.002338,359.5,140.618,9.35e-03, 13.8, 0.1,  1
6390,144701,13041980,26102021 043349,   1, 42398.5, 10.691,310.995,0.005637,359.6,254.801,1.00e-02, 13.1, 0.1,  2
6391,144702,12051999,26102021 054109,   1, 42389.7,  7.597,292.991,0.000596,359.7,195.296,1.20e-02, 13.4, 0.1,  1
6392,144703,16091998,26102021 064643,   1, 42398.4,  6.686,350.299,0.103925,359.0, 85.569,5.45e-03, 13.1, 0.1,  1
6393,144704,07082005,25102021 214910,  15, 42405.0,  3.830,315.467,0.023245,358.8,  3.812,1.25e+00, 17.8, 0.5, 91
6394,144705,09032008,26102021 100407,  14, 42391.0,  3.206,314.776,0.054517,358.5,320.945,6.59e-02, 17.5, 0.5, 36
6395,144706,04082005,26102021 023852,1465, 42709.2,  4.140,306.945,0.056262,359.0,152.613,7.06e+00, 17.9,46.3, - 
6396,144707,25112011,26102021 120747,  19, 42380.4,  3.946,310.808,0.026820,358.9, 57.076,1.48e-01, 17.7, 0.6, 93
6397,144709,23112017,25102021 075447,  79, 42387.4, 10.081,305.132,0.006634,359.6,128.519,2.23e-02, 18.1, 0.8, 95
6398,144710,09042008,25102021 060147,  14, 42417.1, 16.323,359.674,0.041442,359.6,266.591,1.85e+00, 16.0, 0.8, 89
6399,144711,17092015,25102021 234505,1430, 42380.6,  9.118, 66.184,0.071197,359.7,172.910,6.03e+00, 16.4,40.1, - 
6400,144713,03112015,25102021 143736,2181, 42384.6, 12.542,329.233,0.002705,359.5,287.018,1.81e-01, 17.6,97.6, - 
6401,144714,28102014,26102021 130143,1460, 42390.2,  8.099, 60.196,0.036624,359.6,213.311,1.06e+01, 17.5,78.7, - 
6402,144715,04122016,26102021 052813, 351, 42145.3, 24.155,327.724,0.320882,359.8,258.479,1.56e+01, 17.4,28.2, - 
6403,144717,17122017,26102021 022250,1344, 42400.7, 17.920, 49.755,0.179731,359.7, 37.466,1.08e+01, 17.6, -  , - 
6404,144718,03022018,25102021 081139,1358, 42388.2,  4.251, 86.478,0.046085,359.9, 28.711,3.10e+00, 12.5,19.8, - 
6405,144719,18022018,25102021 215217, 567, 42382.2, 10.975,314.268,0.021696,359.6, 59.301,1.02e-01, 16.5, 8.2, - 
6406,144720,20022018,26102021 061451, 952, 42485.7, 17.734, 48.165,0.263161,359.7,145.629,3.80e+01, 16.5, -  , - 
6407,144800,03031997,25102021 125433,   1, 42402.2,  7.966,  3.891,0.101137,359.1, 26.116,6.24e-03, 12.9, 0.1,  1
6408,144802,07092011,26102021 165034,   7, 42410.9, 11.671,313.863,0.007955,359.6, 37.985,2.28e-02, 17.0, 0.1, 11
6409,144806,30012016,26102021 044436,1347, 42336.9, 15.090,336.551,0.156210,359.6,313.637,1.25e+01, 16.9, -  , - 
6410,144808,02082017,26102021 003410, 573, 42508.5, 10.330, 66.094,0.277624,359.7,165.081,7.92e+00, 17.0,94.4, - 
6411,144809,15092017,25102021 160307,   2, 42125.1, 20.652,359.701,0.391679,359.7,226.477,4.75e+01, 16.5, 2.1,390
6412,144810,14112017,26102021 044204, 544, 42437.8,  1.366, 49.670,0.270868,356.5,145.263,4.92e+00, 18.1, -  , - 
6413,144811,19022018,26102021 023223, 953, 42396.1, 25.368, 49.502,0.170030,359.8,100.074,1.63e+01, 17.6, -  , - 
6414,144812,20022018,25102021 211925,1033, 42410.2,  6.454, 85.810,0.282201,359.9,344.091,5.42e-02, 17.5, 4.6,627
6415,144818,05102019,25102021 201243,   1, 42776.4, 25.729,323.048,0.321630,359.8,269.967,1.14e+01, 16.4, 1.0,169
6416,144900,12011999,25102021 175749,   1, 42528.8, 15.106,359.279,0.000751,359.5, 78.715,1.17e-02, 12.7, 0.1,  1
6417,144901,06082007,26102021 122716,   1, 42437.3, 11.213,316.145,0.008272,359.6, 74.072,1.07e-02, 15.7, 0.1,  4
6418,144902,04122007,26102021 161148,   2, 42440.5, 10.912,316.366,0.013484,359.5, 43.021,1.42e+00, 16.8, 0.3, 43
6419,144903,11082005,25102021 102114,1606, 42470.4,  5.992, 79.635,0.114831,359.8,136.689,8.76e+00, 15.6, -  , - 
6420,144904,09062007,26102021 030451,   1, 42432.8,  3.666,313.328,0.026896,358.8,  3.749,2.50e-02, 15.2, 0.1,  5
6421,144905,16052012,25102021 203757,   8, 42418.7,  3.328,316.193,0.046122,358.6,313.196,1.60e-01, 17.2, 0.3, 30
6422,144906,16012013,25102021 070530,   1, 42581.1,  9.279,295.202,0.019113,359.7,307.902,2.96e+00, 16.5, 0.3, 31
6423,144908,30112016,26102021 030434,1000, 42425.8,  9.807,305.483,0.006965,359.6,147.494,1.01e-02, 18.1, 3.5,571
6424,144909,20012018,25102021 190118,1372, 42411.8,  9.191,310.540,0.133809,359.5,145.427,3.20e+00, 18.0,51.0, - 
6425,144910,21022018,25102021 094524, 945, 42428.6,  8.781,297.699,0.036681,359.6,210.139,7.63e-01, 17.9, 3.5,594
6426,144912,15082018,25102021 171718,  22, 42388.2,  2.028,  1.103,0.230455,356.6,259.453,6.38e+00, 18.0, 1.1,191
6427,144914,29102018,25102021 183205,1087, 42435.0,  6.374, 79.883,0.071156,359.8,217.097,7.45e+00, 15.0, -  , - 
6428,145000,14011999,26102021 022308,   0, 42452.8, 14.991,355.250,0.000789,359.5, 23.858,1.00e-02, 13.7, 0.1,  1
6429,145001,27092000,25102021 184102,   0, 42452.7, 10.141,302.975,0.095866,359.6,183.106,2.95e-02, 13.5, 0.1,  1
6430,145002,05012005,26102021 014031, 724, 42376.4, 15.275,  0.166,0.020097,359.5,202.044,4.52e-01, 17.1,23.2, - 
6431,145003,30052008,25102021 185740,  27, 42331.6,  0.227,139.064,0.106871, 31.2, 63.133,4.09e+00, 17.4, 3.1,520
6432,145004,03082008,26102021 042834,  20, 42449.9, 11.084,308.351,0.032904,359.6, 30.881,2.30e+00, 15.9, 0.6, 99
6433,145005,24122011,26102021 060043,  26, 42440.2, 10.367,304.106,0.003874,359.6,170.531,4.44e-01, 17.4, 1.6,229
6434,145006,26032012,26102021 032350,  24, 42439.7,  8.896,327.687,0.063354,359.4,  7.358,2.32e+00, 17.2, 3.1,546
6435,145007,23012013,26102021 050436, 688, 42457.9, 18.786, 27.377,0.038796,359.7,294.405,7.70e+00, 14.6,81.3, - 
6436,145008,11042015,26102021 044120, 291, 42444.9, 13.105, 21.997,0.006626,359.5,169.559,5.25e-01, 14.3, 4.0,695
6437,145009,04102016,25102021 081141,1615, 42435.7, 11.904,311.639,0.036695,359.6,336.344,1.45e+00, 18.2,18.2, - 
6438,145010,16092017,25102021 201138, 970, 42451.8,  9.555,305.766,0.006136,359.6,225.630,2.19e-01, 17.9,23.6, - 
6439,145013,04032019,26102021 083500, 546, 42439.2,  3.764, 77.530,0.015444,359.6, 41.685,4.39e-01, 17.2,39.0, - 
6440,145017,26082020,25102021 194046,  52, 42401.6,  3.361, 59.505,0.265721,358.9,171.150,8.81e+00, 17.5, 3.1,392
6441,145018,15092020,25102021 145202,  38, 42432.7,  2.729, 17.219,0.090699,357.6, 28.857,2.21e+00, 17.6, 3.8,637
6442,145100,22112013,26102021 092755,   2, 42481.8,  9.648,304.708,0.032864,359.6,173.190,3.25e-01, 16.8, 0.2, 20
6443,145101,23062008,25102021 180637,   1, 42582.3, 20.405, 47.851,0.016279,359.8, 25.362,2.31e+01, 12.3, 0.1, 22
6444,145102,30102011,25102021 222737,  14, 42458.5, 11.188,313.747,0.017511,359.6,273.993,7.01e-01, 16.0, 1.9,352
6445,145103,04022016,26102021 003741, 374, 42454.4, 11.425, 37.013,0.030592,359.5,107.727,3.36e+00, 17.4,13.2, - 
6446,145104,25032017,26102021 041343, 574, 42663.5, 16.060, 32.315,0.335441,359.6,115.978,1.93e+01, 16.2,63.2, - 
6447,145105,30072017,25102021 152107, 662, 42449.1, 10.324,296.676,0.123392,359.7,175.725,3.24e+00, 17.0, -  , - 
6448,145106,14092017,26102021 112736, 853, 42456.8,  5.911, 79.101,0.144298,359.8, 83.901,6.69e+00, 14.9, -  , - 
6449,145200,20052007,25102021 102724,   1, 42490.7, 14.076, 16.664,0.001146,359.5,356.882,1.10e-02, 12.4, 0.1,  3
6450,145201,02062006,25102021 235418,   1, 42494.2,  9.720,306.021,0.013156,359.6,206.302,6.26e-03, 16.1, 0.1,  5
6451,145203,14112010,26102021 052756,   1, 42467.7,  3.694,314.241,0.032956,358.7,332.158,9.19e-02, 15.8, 0.1,  7
6452,145205,30072014,25102021 084734,   0, 42490.6,  0.422, 96.262,0.000089,  2.3,251.276,1.37e-02, 13.3, 0.1,  1
6453,145206,23072014,26102021 152025,   1, 42441.9, 16.260, 44.551,0.031720,359.7,131.256,8.79e+00, 15.9, 0.1, 11
6454,145208,07102016,25102021 230931,  10, 42481.9, 10.782,317.837,0.049772,359.5,352.749,5.94e-01, 17.5, 0.5, 60
6455,145209,15122016,26102021 052136, 311, 42460.5,  9.748,306.449,0.104627,359.6,181.322,3.14e-01, 17.2, 5.2,642
6456,145210,14082017,25102021 083251, 870, 42053.3, 13.596, 52.928,0.355368,359.7,264.805,2.69e+01, 14.3, -  , - 
6457,145211,15032017,26102021 024249,1685, 42488.5,  4.009, 83.388,0.065382,359.8,179.426,4.56e-01, 17.8,53.8, - 
6458,145212,21022018,26102021 004251,1165, 42485.1,  8.922,298.998,0.005691,359.6,349.168,2.18e-01, 18.1, 1.9,213
6459,145213,06102018,25102021 201059, 372, 42561.3,  2.726,292.107,0.078353,359.1,210.822,3.37e+00, 16.9, -  , - 
6460,145214,16112018,26102021 005239, 559, 42542.9, 19.400,359.226,0.189229,359.6,153.108,9.00e+00, 16.6,38.3, - 
6461,145215,07052019,26102021 133811, 400, 42531.6,  5.589, 73.455,0.142297,359.6,116.838,5.73e+00, 16.9,58.6, - 
6462,145217,27112019,26102021 032608, 690, 42453.3, 16.701, 10.585,0.125852,359.6,261.611,1.61e+01, 18.0,58.0, - 
6463,145218,09032021,26102021 003044, 201, 42489.7, 27.107, 21.674,0.245346,359.8,144.169,1.89e+01, 17.5,18.5, - 
6464,145300,02042003,25102021 223225,   0, 42513.3, 14.294, 15.366,0.000421,359.5,340.574,1.17e-02, 13.1, 0.1,  1
6465,145301,15112004,25102021 182041,   1, 42512.2, 12.490, 25.903,0.000510,359.5, 53.090,1.30e-02, 12.9, 0.1,  1
6466,145302,07012008,25102021 231735, 601, 42496.0, 14.979,357.421,0.047358,359.5, 67.288,4.56e-01, 17.3,27.7, - 
6467,145303,30072014,25102021 205759,   1, 43180.1,  1.107, 95.173,0.000422,  0.6, 27.631,1.50e-02, 13.5, 0.1,  1
6468,145305,30042017,26102021 094407,  42, 42441.8, 13.644, 32.487,0.399713,359.6,158.184,5.06e+00, 17.2, 2.3,324
6469,145306,21092017,26102021 105116,   8, 43316.0, 18.497, 16.682,0.631801,359.6,225.747,4.19e+01, 15.2, 7.8, - 
6470,145400,25022005,26102021 115346,   1, 42431.2, 15.084,  0.575,0.000387,359.5,106.282,1.17e-02, 13.3, 0.1,  1
6471,145401,18111993,25102021 223424,   0, 42524.8, 11.030,309.138,0.000728,359.6,202.168,1.15e-02, 13.5, 0.1,  1
6472,145402,16012010,26102021 033846,  21, 42523.2, 10.646,306.187,0.008526,359.6,161.049,3.67e-02, 17.8, 0.7, 26
6473,145403,13122013,26102021 175114,  10, 42554.6, 11.448,314.906,0.024433,359.6,113.655,2.13e-02, 17.7, 1.2,134
6474,145405,14052009,25102021 215830,   1, 42489.8, 19.366, 10.064,0.201417,359.6,186.565,5.18e+00, 15.3, 0.1, 25
6475,145406,08022011,26102021 024225,  17, 42517.1,  3.387,  8.046,0.118403,358.0,249.034,2.45e+00, 16.5, 4.8,868
6476,145407,21092017,26102021 125147,   6, 42525.5, 11.580,315.789,0.026486,359.6, 21.628,8.75e-01, 16.3, 0.7,118
6477,145410,15022013,26102021 163127,  48, 42560.9,  7.584,294.602,0.073098,359.6,282.821,2.09e+00, 17.1, 7.7, - 
6478,145411,20082016,25102021 134654,   1, 42528.4,  4.790, 71.082,0.000718,359.5,314.374,1.00e-02, 10.9, 0.1,  1
6479,145413,16112017,25102021 184252,   2, 42512.3, 14.137, 19.518,0.027337,359.5,224.735,3.39e+00, 15.4, 0.2, 33
6480,145414,16022018,25102021 104946, 934, 42512.0,  9.647,303.360,0.066177,359.6,213.065,1.85e+00, 17.9, -  , - 
6481,145415,21022018,26102021 162238, 571, 42469.3,  7.995, 73.576,0.193160,359.7, 92.197,6.04e+00, 17.7, -  , - 
6482,145418,04112018,25102021 182254, 697, 42511.9,  8.356,286.540,0.136318,359.8,195.991,2.58e+00, 17.7,26.3, - 
6483,145421,19112019,25102021 094619, 223, 42515.7, 19.059, 66.433,0.027662,359.9,257.957,4.14e+00, 14.2,48.1, - 
6484,145422,04012020,25102021 214429, 473, 42523.6,  4.763, 74.089,0.163660,359.6, 87.850,1.13e+01, 16.8, -  , - 
6485,145423,20012020,26102021 044755, 164, 42499.9,  5.351, 78.182,0.313010,359.7,132.634,5.76e+00, 17.5,30.0, - 
6486,145427,17092020,25102021 055847,  24, 42511.7, 14.855, 19.727,0.203289,359.6,262.682,3.04e+00, 16.3, 5.4,938
6487,145429,11122020,26102021 143709,  82, 42504.3, 16.695, 61.926,0.650569,359.8,117.995,1.63e+01, 15.3,12.0, - 
6488,145500,15011999,25102021 174543,   1, 42539.1, 11.494,318.681,0.000215,359.6,125.172,1.31e-02, 13.0, 0.1,  1
6489,145501,23112006,25102021 171100, 808, 42098.0,  4.475,302.835,0.028541,359.2, 23.973,8.91e+00, 17.7, -  , - 
6490,145503,19042017,26102021 010126,   1, 42605.5,  5.312, 71.361,0.001171,359.6,289.913,1.08e-02, 15.5, 0.1,  1
6491,145504,30072014,26102021 071835,   0, 42551.9,  5.280, 71.541,0.000874,359.6,271.195,9.24e-03, 11.2, 0.1,  1
6492,145505,02092013,26102021 011526,   0, 42542.0, 14.449, 14.322,0.000584,359.5,110.156,1.76e-02, 13.4, 0.1,  1
6493,145506,01092014,26102021 124126, 573, 42543.9, 10.210,305.927,0.019744,359.6,222.785,4.49e-01, 17.5,33.6, - 
6494,145507,14022016,26102021 145433, 644, 42657.3, 15.943,  1.852,0.111321,359.6,163.398,2.78e+00, 16.0, -  , - 
6495,145508,27042016,25102021 105243,1901, 42576.7, 19.068, 50.306,0.130413,359.8,179.596,1.03e+01, 17.5, -  , - 
6496,145509,08052016,25102021 111134, 363, 42515.0,  8.516, 27.792,0.055405,359.3,190.260,3.20e+00, 17.0,53.2, - 
6497,145510,19052017,25102021 180949,  32, 42539.7,  4.556, 75.700,0.107377,359.6,170.006,2.99e+00, 16.6, 3.8,651
6498,145511,24052017,25102021 231929, 466, 42388.8, 12.621, 66.737,0.514331,359.8,162.358,8.23e+00, 16.2, -  , - 
6499,145512,13022018,26102021 023753,1348, 42517.3, 13.762, 46.363,0.267349,359.6,136.253,2.14e+01, 18.1, -  , - 
6500,145513,18022018,26102021 063245, 809, 42539.7,  6.878, 71.336,0.083301,359.7, 91.169,5.76e+00, 16.8, -  , - 
6501,145517,09042018,25102021 155150,1233, 42521.0,  7.890, 68.769,0.329364,359.7,133.541,1.18e+01, 17.6, -  , - 
6502,145520,04022019,26102021 082349, 354, 42516.3,  0.411, 67.593,0.086516,351.2, 63.276,1.11e+01, 18.5, -  , - 
6503,145600,23041993,25102021 193749,   0, 42565.8, 14.138,334.875,0.000170,359.6,144.843,1.00e-02, 13.0, 0.1,  1
6504,145601,02022003,25102021 150000,   1, 42571.7,  8.649, 41.541,0.002156,359.4, 66.125,1.45e-02, 13.1, 0.1,  1
6505,145602,26022008,26102021 150943,   1, 42567.0,  8.726, 49.541,0.000779,359.5,215.823,1.00e-02, 15.2, 0.2, 12
6506,145603,07122006,25102021 133314, 623, 42559.2, 14.040, 19.443,0.016112,359.5,141.782,2.66e+00, 17.1, -  , - 
6507,145604,02022016,25102021 131516, 577, 42510.8,  9.070,353.732,0.361463,359.2,240.761,5.23e+00, 17.2,49.3, - 
6508,145606,24022017,26102021 001822,  24, 42559.6,  6.948,  1.943,0.263484,359.0,221.712,6.80e+00, 16.9, 2.2,365
6509,145607,05032017,26102021 004319, 618, 42561.8, 10.796, 57.613,0.095023,359.7,114.653,8.83e+00, 17.4,26.6, - 
6510,145608,22072017,26102021 051005,  41, 42574.5,  3.847,317.057,0.036092,358.7,336.551,9.20e-01, 18.0, 1.8,330
6511,145610,14022018,26102021 034039, 165, 42543.3,  5.455, 71.662,0.061842,359.6,329.318,3.45e+00, 17.2,22.1, - 
6512,145611,13022018,26102021 015457, 611, 42532.3,  7.933, 69.211,0.114397,359.7,167.387,5.72e+00, 17.4, -  , - 
6513,145612,15022018,26102021 021755, 555, 42523.8,  6.704, 70.096,0.111495,359.6,162.935,5.95e+00, 17.5, -  , - 
6514,145613,18022018,25102021 210407,1342, 42533.3, 15.986, 61.135,0.284702,359.8,114.713,1.33e+01, 17.9, -  , - 
6515,145614,12042018,25102021 143842,1204, 42552.5, 13.169, 65.378,0.311937,359.8,133.169,1.04e+01, 18.3,57.1, - 
6516,145615,15112018,26102021 014138,  31, 42521.2,  7.245,197.892,0.230553,  0.9,311.391,1.51e+01, 16.9,16.1,471
6517,145616,11012019,25102021 202427, 244, 42570.7,  3.380, 81.689,0.024750,359.7,  9.640,4.36e-01, 13.9, 6.4,797
6518,145618,09082019,25102021 234347,  24, 42563.8,  3.218,281.874,0.027086,359.6,167.100,1.14e-01, 17.8, 0.6,102
6519,145621,12102020,25102021 161230,   2, 42531.8,  2.697,290.118,0.052478,359.2,224.574,3.11e+00, 16.8, 0.7, 88
6520,145622,25032021,26102021 002626, 213, 42555.7, 11.223,320.049,0.058237,359.5,217.596,2.77e+00, 17.8, -  , - 
6521,145700,23101995,26102021 170434,   1, 42575.1, 11.585,319.122,0.001721,359.6,239.778,1.22e-02, 12.8, 0.1,  1
6522,145701,15032008,26102021 040305,   0, 42577.6, 14.142,353.456,0.000231,359.5,110.783,1.15e-02, 12.7, 0.1,  1
6523,145702,09032008,26102021 062139,  35, 42588.9, 11.448,317.504,0.010279,359.6, 78.508,2.28e-02, 17.7, 0.4, 25
6524,145703,11092016,26102021 033432, 787, 42518.6,  1.044,125.834,0.130218,  4.2, 36.738,5.91e+00, 17.4,95.6, - 
6525,145704,27052017,25102021 225959, 276, 42556.3,  8.436, 76.707,0.292434,359.8,273.471,2.39e-01, 17.4,10.8,781
6526,145705,05032018,25102021 192142,   7, 42482.1,  2.572,287.226,0.070133,359.3,255.442,3.07e+00, 15.8, 1.0,176
6527,145706,08032018,26102021 044922,1322, 42578.7,  9.879,306.715,0.011833,359.6,173.476,1.21e-02, 18.5,31.2,108
6528,145707,02082018,26102021 012828,1155, 42528.2, 11.525, 34.962,0.355822,359.5,185.942,6.58e+00, 15.0, -  , - 
6529,145709,06122018,26102021 175121, 955, 42576.2,  8.234,295.191,0.053142,359.7,202.714,1.71e+00, 18.3,21.4, - 
6530,145713,15012020,25102021 072855,  74, 42604.1,  1.429,116.145,0.136674,  2.2, 60.650,6.28e+00, 17.0,11.7,433
6531,145715,15042021,26102021 032832, 189, 42586.0, 18.387, 64.016,0.104774,359.8,177.595,2.51e+00, 17.6, 5.0,885
6532,145800,26071995,26102021 034022,   0, 42597.3, 11.041, 18.546,0.000304,359.4, 20.467,1.43e-02, 12.9, 0.1,  1
6533,145801,25041998,25102021 114219,   1, 42598.6, 11.002,312.611,0.000860,359.6,244.125,1.00e-02, 13.3, 0.1,  1
6534,145802,04012008,25102021 220900, 225, 42819.7, 15.689,  0.690,0.053331,359.6,221.551,2.06e+00, 13.3,36.0, - 
6535,145803,22102016,26102021 124059,1288, 42777.5, 18.894, 27.851,0.243482,359.7, 12.938,2.07e+01, 16.4, -  , - 
6536,145805,15112017,26102021 050716,1050, 42593.4,  9.472,329.248,0.054986,359.4,154.185,1.60e-01, 16.7,29.9, - 
6537,145807,13102018,26102021 074855, 916, 42639.1, 30.276, 44.356,0.121055,359.8,207.679,2.59e+01, 16.4, -  , - 
6538,145808,30072019,26102021 012733, 276, 42593.7, 13.526,343.832,0.161430,359.5,244.891,8.24e+00, 11.6, -  , - 
6539,145810,28042020,26102021 064831, 225, 42586.0,  4.199, 88.682,0.178895,359.9, 90.051,8.05e+00, 17.6, 8.1, - 
6540,145900,19081995,25102021 183235,   1, 42616.3, 13.155,329.459,0.000704,359.6,221.454,1.01e-02, 12.7, 0.1,  1
6541,145901,05092005,26102021 090239,   1, 42630.7,  9.058,299.716,0.014575,359.6,232.951,1.10e-01, 15.8, 0.1,  9
6542,145902,22102008,26102021 005832,   7, 42621.3, 15.603,  2.157,0.012832,359.6,192.761,5.51e-02, 15.5, 0.1, 14
6543,145903,17122011,25102021 221427,   7, 42629.1, 11.961,315.827,0.008885,359.6,226.143,3.41e-01, 17.3, 0.2, 31
6544,145905,24032019,26102021 054526, 673, 27073.3, 24.849, 21.871,0.505242,359.7,300.825,1.54e-01, 17.5,15.1, - 
6545,145906,25012012,26102021 032828,  22, 42615.7,  6.543,274.670,0.160365,359.9,  6.236,2.59e+00, 16.7, 0.8,147
6546,145907,12122011,25102021 133823,   2, 42654.8,  0.733,245.545,0.128550,  3.4,289.190,5.67e+00, 16.2, 0.1, 11
6547,145909,07122015,25102021 100205,  36, 42574.7,  9.391,347.449,0.099726,359.3,197.013,6.86e+00, 16.9, 1.9,220
6548,145910,20082015,26102021 011115,  10, 42614.5,  5.844,342.015,0.117659,358.9,293.619,4.27e+00, 17.3, 0.5, 81
6549,145911,11082016,25102021 133857,1831, 42536.8,  8.053,350.548,0.291169,359.2,276.362,9.49e+00, 17.6, -  , - 
6550,145912,21082008,25102021 225930,  10, 42621.1,  4.316,312.746,0.022898,359.0,357.176,1.93e-01, 15.7, 0.2, 32
6551,145913,18012018,25102021 072019,1373, 42895.0, 36.714,339.959,0.557144,359.8,196.657,3.48e+01, 17.5, -  , - 
6552,145914,09042018,25102021 143219, 910, 42589.0,  1.465,299.461,0.156093,357.9,261.035,3.99e+00, 16.6, -  , - 
6553,145915,12042018,25102021 135203,   2, 42615.2,  3.326,278.444,0.029656,359.7,200.135,1.37e-01, 14.8, 0.1,  9
6554,146000,16021999,26102021 030708,   0, 42638.0, 14.520,348.969,0.001467,359.5,219.640,1.00e-02, 13.5, 0.1,  1
6555,146002,25082017,26102021 054427, 670, 42639.5, 11.947,315.960,0.011269,359.6,211.258,3.60e-01, 17.7,12.6, - 
6556,146004,20032018,26102021 064243,  41, 42623.2,  8.622,296.939,0.068251,359.6,285.437,1.58e+00, 17.8, 1.5,197
6557,146006,31032019,26102021 105900, 285, 42690.9,  7.921, 64.203,0.067548,359.6,128.284,5.01e+00, 16.9, -  , - 
6558,146007,30042019,26102021 090057, 128, 42636.1,  2.599,278.305,0.096351,359.7,299.138,2.79e+00, 17.2, 5.4,972
6559,146008,05122019,26102021 012135, 170, 42657.4, 18.963, 63.483,0.065460,359.8,142.768,5.77e+00, 17.0,52.0, - 
6560,146010,24022020,26102021 043740, 118, 42655.5, 39.597, 23.442,0.488675,359.8,194.995,3.19e+01, 14.8,30.4, - 
6561,146011,21092020,26102021 004002, 347, 42627.8, 15.898,313.566,0.133966,359.7,191.414,1.30e+01, 17.6,35.1, - 
6562,146012,11052021,26102021 102945,  39, 42642.2,  2.717,285.819,0.071486,359.4,260.243,3.40e+00, 17.7, 5.4,900
6563,146101,05012008,25102021 103400,  93, 42575.9, 18.276, 42.380,0.265540,359.7,155.225,1.10e+01, 16.0, 4.8,845
6564,146102,11122012,25102021 153645,   1, 42961.8, 16.542, 34.713,0.067489,359.7,138.639,9.50e+00, 16.4, 0.3, 43
6565,146104,20102009,25102021 165529,3181, 42677.7, 18.809, 41.285,0.278195,359.7,197.609,1.12e+01, 16.0, -  , - 
6566,146105,01082017,25102021 184334,1091, 42660.1,  5.279, 73.790,0.018515,359.6, 50.629,7.07e-01, 17.1, -  , - 
6567,146106,09032018,26102021 143048,1322, 42652.2,  8.351,296.238,0.031253,359.6,265.622,1.98e+00, 18.4,41.1, - 
6568,146108,14072019,25102021 171914, 614, 42657.6, 18.253, 63.832,0.015067,359.8, 37.576,3.12e-02, 17.1, 7.4, - 
6569,146109,13092021,26102021 133619,  40, 42531.7,  4.507,216.521,0.366667,  1.2, 53.072,1.29e+01, 18.0, -  , - 
6570,146200,05012008,25102021 094136,   1, 42680.9, 11.772,317.315,0.016992,359.6, 40.825,2.14e-02, 14.7, 0.1,  4
6571,146201,07092011,25102021 231719,1288, 42608.5,  9.529,303.706,0.087410,359.6,238.133,1.63e+00, 18.0, -  , - 
6572,146202,12102009,25102021 213535,   5, 42682.8, 11.691,317.848,0.014635,359.6,100.505,3.04e-02, 16.6, 0.1,  8
6573,146204,25112016,26102021 073054, 748, 42671.6,  9.562,300.793,0.012196,359.6,227.337,5.74e-02, 17.6,11.3, - 
6574,146300,07081993,25102021 111854,   1, 42700.3, 13.586,349.318,0.002242,359.5,233.635,1.09e-02, 12.9, 0.1,  1
6575,146301,12081991,25102021 060113,   0, 42699.3, 15.024,356.617,0.000768,359.5, 60.284,1.34e-02, 12.9, 0.1,  1
6576,146302,16032010,25102021 224847,   4, 42690.9,  2.931,341.296,0.055406,357.8,291.666,1.58e+00, 16.8, 0.1, 18
6577,146303,01112010,25102021 064617,  19, 42693.7, 10.208,307.504,0.013258,359.6,164.061,1.27e-01, 16.6, 0.7, 65
6578,146304,20082014,25102021 150956,   2, 42701.4, 11.905, 35.376,0.099448,359.5,122.343,2.59e+00, 16.3, 0.3, 25
6579,146305,18082014,25102021 071409,1699, 42698.1,  6.440, 34.804,0.198665,359.1,185.602,1.23e+01, 16.3, -  , - 
6580,146307,16122017,26102021 002230,1408, 42692.3,  5.263,291.171,0.132001,359.5,218.655,3.46e+00, 17.8, -  , - 
6581,146308,10042018,26102021 000816,   8, 42699.8, 15.070,355.884,0.014247,359.5,183.351,7.17e-01, 16.9, 0.4, 41
6582,146309,26042019,25102021 151514, 238, 42707.9,  3.409, 81.614,0.031858,359.7, 52.550,8.79e-01, 14.0,12.4, - 
6583,146400,30042006,25102021 145027,   3, 42723.6, 10.160,307.291,0.015028,359.6,168.008,3.84e-01, 16.8, 0.1, 15
6584,146401,27112006,26102021 053213,  14, 42718.1, 11.935,317.831,0.019701,359.6, 53.703,1.44e-01, 17.0, 0.5, 69
6585,146402,17082009,25102021 163805,   1, 42781.8,  3.498,  7.051,0.086084,358.0,273.674,2.70e+00, 16.9, 0.3, 24
6586,146403,08072005,25102021 102448, 227, 42669.6, 10.889,320.877,0.037920,359.5, 57.770,1.27e+00, 16.6,29.2, - 
6587,146406,24012014,26102021 052855,   0, 42717.2, 10.325, 44.601,0.000790,359.5, 76.527,1.00e-02, 14.2, 0.1,  1
6588,146407,12032018,25102021 113847,  42, 42715.3, 12.511,311.779,0.024952,359.6, 53.534,2.20e+00, 17.8, 1.7,314
6589,146408,14122018,26102021 034928, 274, 42716.2,  3.098,286.059,0.027270,359.4,192.909,1.12e-01, 17.6, 7.6, - 
6590,146409,01022019,25102021 231003,  51, 42701.6,  9.059, 47.421,0.030244,359.5,186.923,1.70e+00, 16.9,11.7, - 
6591,146410,21092019,25102021 110253,   9, 42710.8, 19.374, 61.808,0.133070,359.8,162.862,5.63e+00, 15.2, 0.6, 65
6592,146411,23102019,25102021 215709,  22, 42651.2,  2.899,105.132,0.131103,  0.6, 14.688,8.06e+00, 17.1, 7.9, - 
6593,146412,22112019,25102021 163859, 280, 42706.2,  3.336, 80.706,0.009798,359.6, 53.654,6.55e-01, 17.1, 4.8,582
6594,146413,02032020,26102021 051333, 490, 42679.0,  9.309,358.046,0.311987,359.3,231.004,9.90e+00, 17.3, -  , - 
6595,146414,12102020,26102021 045244, 373, 42714.8,  2.081, 96.699,0.409026,  0.4, 13.331,5.75e-01, 17.3, 3.4,583
6596,146415,22102020,25102021 103338, 368, 42697.7,  5.698,257.563,0.124850,  0.3,246.170,4.59e+00, 17.7, 7.9, - 
6597,146416,23112020,26102021 095426, 334, 42802.5,  5.691, 61.645,0.660989,359.4,167.458,3.19e+01, 16.7, -  , - 
6598,146417,05042021,25102021 102959,  22, 42696.7, 19.183, 67.602,0.051980,359.9,142.060,5.37e+00, 13.6, 4.1,751
6599,146418,08042021,25102021 230048,  39, 42730.2, 18.337, 64.352,0.012163,359.8, 61.232,7.42e-03, 17.0, 0.6, 92
6600,146500,28012011,26102021 021735,  11, 42887.4,  5.762,285.665,0.101690,359.7,274.601,4.40e+00, 16.4, 0.8,109
6601,146502,03102016,26102021 014110,  20, 42507.7,  1.001,205.317,0.248923,  5.9, 34.874,7.60e+00, 17.2, 1.3,227
6602,146503,15032018,26102021 074813,1317, 42743.8, 10.232,307.906,0.015547,359.6,169.084,5.68e-02, 18.6,12.3, - 
6603,146504,09042018,26102021 113952,1256, 42742.9,  6.150, 81.591,0.212768,359.8, 41.902,5.70e+00, 15.8, -  , - 
6604,146505,03022019,25102021 111517, 215, 43197.1, 16.627, 10.081,0.468618,359.6,265.980,9.81e+00, 17.5,94.7, - 
6605,146600,11051999,26102021 162918,   1, 42763.6,  9.516, 28.261,0.001089,359.4,328.473,1.62e-02, 12.8, 0.1,  1
6606,146601,29122005,25102021 183251,   0, 42767.4,  4.043,290.305,0.002086,359.4,333.095,1.36e-02, 13.1, 0.1,  1
6607,146602,10091986,25102021 093209,   1, 42757.8, 12.609,323.285,0.000278,359.6,224.938,1.22e-02, 13.3, 0.1,  1
6608,146603,12092013,26102021 133733,  22, 42752.1, 12.004,317.446,0.014644,359.6, 81.065,2.89e-02, 17.0, 0.1, 23
6609,146604,04112015,25102021 235500,1283, 42797.5,  4.967, 12.730,0.216361,358.6,125.262,7.98e+00, 17.5, -  , - 
6610,146605,02092016,25102021 111309,1348, 42978.8, 28.695, 22.620,0.152350,359.8,237.885,2.43e+01, 17.5, -  , - 
6611,146607,19062018,25102021 224712,1168, 42740.9, 15.750,  1.074,0.091141,359.6,245.707,8.26e-01, 17.1, -  , - 
6612,146700,15022007,25102021 115543, 312, 42799.5,  4.222,259.904,0.149920,  0.3,260.897,5.79e+00, 17.1,65.6, - 
6613,146701,19072015,25102021 041726,  29, 42698.1,  4.212,304.189,0.330691,359.1,292.580,1.08e+01, 16.5, 2.4,407
6614,146702,05082016,25102021 221206,   7, 42770.2,  4.013,290.309,0.003257,359.4,243.177,5.67e-01, 17.6, 0.1, 17
6615,146703,17122017,26102021 071505, 165, 42773.1,  4.037,290.191,0.013566,359.4,292.615,4.59e-01, 17.8,12.5, - 
6616,146704,23032018,25102021 094320, 996, 42788.3,  2.776,288.863,0.052040,359.3,298.342,2.49e+00, 18.1, -  , - 
6617,146705,23032018,25102021 235105,  17, 42779.8,  3.150,284.000,0.020730,359.5,177.083,7.73e-02, 18.1, 1.2,101
6618,146706,01082019,25102021 205058, 194, 42744.3, 16.214,  1.608,0.120433,359.6, 49.854,1.25e+00, 16.8,17.0, - 
6619,146800,11022011,25102021 220309, 164, 42848.1, 12.890, 52.962,0.166456,359.7,185.015,4.35e+00, 17.7,16.8, - 
6620,146801,03032011,26102021 023045,  17, 42784.2,  9.763,301.433,0.033528,359.6,329.311,1.25e+00, 16.8, 0.2, 35
6621,146802,16112011,25102021 155221,   2, 42836.7, 11.130,313.123,0.027277,359.6,  5.297,4.89e+00, 16.2, 0.1, 10
6622,146804,19022014,26102021 055826,1634, 42908.4, 13.282,334.433,0.224124,359.5, 99.291,9.91e+00, 15.7, -  , - 
6623,146806,30102014,25102021 221335,   8, 42851.7, 10.327,307.308,0.074864,359.6,319.152,3.97e+00, 17.0, 0.9,144
6624,146807,02042013,25102021 093038, 790, 42798.2, 13.532, 22.115,0.020116,359.5,247.611,4.12e-01, 17.0,21.4, - 
6625,146808,16022017,25102021 213702,  31, 42942.3,  3.060,324.290,0.416640,358.2,261.947,7.01e+00, 17.3, 6.8,678
6626,146809,28022017,26102021 050730, 377, 41659.4, 35.328,344.407,0.444565,359.8,254.031,3.14e+01, 15.9, -  , - 
6627,146810,29082019,26102021 143847, 786, 42969.2, 11.891,  7.030,0.401159,359.4,166.605,1.20e+01, 17.4, -  , - 
6628,146811,23032020,26102021 081024, 253, 42815.5,  4.912, 70.146,0.410162,359.5,170.516,7.42e+00, 13.0,26.5, - 
6629,146901,04042016,26102021 121752, 251, 42808.9, 14.530,345.872,0.001201,359.5,151.924,3.70e-01, 17.4, 3.8,323
6630,146902,16032018,25102021 150729, 439, 42532.2,  5.902, 71.087,0.338250,359.6,182.653,8.77e+00, 17.8, -  , - 
6631,147000,19082007,25102021 090535,  21, 42836.4, 15.937,  2.062,0.030142,359.6,213.258,1.11e+00, 15.7, 0.7,120
6632,147001,26102011,26102021 171729, 295, 42804.3, 12.314,322.577,0.058791,359.6,319.003,9.13e-01, 16.3,68.0, - 
6633,147002,16042013,26102021 030305,1665, 42970.3,  2.824,329.410,0.100829,358.0,147.086,3.36e+00, 15.3, -  , - 
6634,147003,07102015,26102021 032739,   8, 42467.4, 13.503, 27.844,0.054814,359.5,166.264,2.95e+00, 15.5, 2.4,366
6635,147004,03072016,26102021 034948,   0, 42357.2, 10.938, 69.185,0.197137,359.8,130.446,9.37e+00, 14.0, 0.1,  7
6636,147005,12012018,26102021 121808,1051, 42929.9, 25.086,346.656,0.236373,359.7,309.851,1.56e+01, 17.2, -  , - 
6637,147006,25032018,25102021 185447, 554, 42428.2, 20.605,358.394,0.165095,359.7,232.911,1.17e+01, 18.4, -  , - 
6638,147007,25082018,25102021 235840,   1, 42826.7, 15.468,359.779,0.006511,359.6,245.110,4.56e-01, 16.7, 0.1, 15
6639,147008,14022020,25102021 165432, 565, 42817.2, 17.587, 57.547,0.104816,359.8,161.935,4.14e+00, 15.8, -  , - 
6640,147009,04032021,26102021 050423,  23, 42837.7, 12.118,306.894,0.074119,359.7,202.341,1.71e+00, 16.0, 4.8,854
6641,147100,26012001,26102021 042518,   0, 42865.3, 14.260,345.734,0.001946,359.5,147.839,1.54e-02, 12.5, 0.1,  1
6642,147101,23082006,26102021 003237, 344, 42828.6, 15.712, 18.281,0.004204,359.6,188.895,3.41e+00, 17.2, -  , - 
6643,147102,02042013,26102021 054446,  27, 42871.0, 28.616, 48.106,0.506685,359.8,169.597,3.09e+01, 16.0,12.6, - 
6644,147103,08082013,25102021 214249, 454, 42593.6, 24.899,309.360,0.599706,359.8,279.339,2.45e+01, 16.5,50.2, - 
6645,147104,01082014,25102021 181321,2594, 44200.6, 22.263,343.527,0.257102,359.7, 29.576,2.00e+01, 16.9, -  , - 
6646,147105,14082017,25102021 084724,1454, 42874.4, 22.252, 50.376,0.360340,359.8,181.504,9.56e+00, 13.4, -  , - 
6647,147106,25032018,25102021 115026,1306, 42831.6,  1.270,304.016,0.148137,357.2,246.502,5.49e+00, 17.7, -  , - 
6648,147107,16012020,26102021 035915, 606, 42841.7, 20.315, 61.342,0.288768,359.8,170.860,6.02e+00, 17.1, -  , - 
6649,147109,25042020,25102021 211322, 545, 42727.3,  7.065,225.857,0.577858,  0.7,253.852,1.11e+01, 16.3, -  , - 
6650,147200,14092009,25102021 172620, 247, 42832.8,  8.528,300.402,0.424138,359.6,238.736,1.02e+00, 16.1,45.3, - 
6651,147201,09042008,25102021 223654,   5, 42875.7, 14.778,348.517,0.016175,359.5,165.851,5.48e-01, 17.0, 0.3, 20
6652,147202,16122011,25102021 181753,   1, 42453.1,  3.107,332.917,0.020403,358.1,289.804,7.45e+00, 16.6, 0.1, 15
6653,147204,16122015,25102021 184158, 361, 42873.1, 13.705,337.273,0.022305,359.5,196.757,3.89e-01, 17.1, 7.7, - 
6654,147205,03082016,26102021 084316,   9, 43219.5,  1.182,359.151,0.243366,354.2,197.591,6.31e+00, 14.9, 6.6, - 
6655,147206,27012017,25102021 200357, 604, 42876.8, 14.758,343.486,0.001964,359.6,112.867,3.55e-01, 17.8, 7.1,948
6656,147208,28042017,25102021 175627,1518, 42872.1,  8.671, 84.436,0.086007,359.9,154.949,8.74e+00, 17.8, -  , - 
6657,147209,24032018,26102021 064119,   1, 42870.9,  2.938,295.059,0.018248,359.1,157.078,1.73e-01, 16.0, 0.1,  8
6658,147210,05082018,25102021 111936,1121, 42767.7,  8.580, 63.049,0.509048,359.6,205.153,1.53e+01, 15.1, -  , - 
6659,147211,03062019,25102021 060055,  11, 42868.2, 18.368, 64.596,0.015843,359.8, 61.781,9.13e-02, 15.9, 0.4, 59
6660,147214,12112020,26102021 041122, 140, 42901.1,  6.463, 35.907,0.236840,359.1,122.286,7.68e+00, 17.4,19.2, - 
6661,147215,12042021,26102021 210730, 190, 42591.4,  6.304,113.918,0.785707,  0.4, 82.329,3.14e+01, 17.5,26.8, - 
6662,147301,10032016,26102021 123127, 491, 42903.8, 12.521,325.119,0.057030,359.6,210.122,5.39e-01, 17.6,10.2, - 
6663,147304,29012020,26102021 102327, 632, 42833.8, 12.607,339.285,0.333704,359.5,193.678,1.60e+01, 16.1, -  , - 
6664,147305,13042020,25102021 105711, 557, 42923.2,  2.604, 11.099,0.359368,357.4,102.617,3.10e+00, 16.6, -  , - 
6665,147306,21092020,26102021 063443, 395, 42839.8,  8.069,247.372,0.113575,  0.3, 46.601,2.85e+00, 17.8, -  , - 
6666,147307,09122015,26102021 010416, 254, 42890.9, 15.197,353.296,0.019514,359.5,352.776,1.92e-01, 18.3,21.6, - 
6667,147401,09102011,25102021 092612,2408, 42912.7, 15.264, 22.206,0.159740,359.6,173.121,4.48e+00, 17.7, -  , - 
6668,147403,28112016,25102021 203523,   6, 42855.1, 12.309,313.635,0.048488,359.6,358.844,4.68e+00, 16.7, 3.0,549
6669,147404,15092017,25102021 185221,   2, 42908.2, 11.192,310.191,0.008156,359.6,230.842,4.04e-01, 17.8, 0.1,  4
6670,147405,07052016,25102021 181927,1472, 42918.8,  6.158, 80.284,0.158494,359.8,142.824,4.90e+00, 17.9,32.8, - 
6671,147406,18022018,26102021 023656, 933, 42893.5, 10.812, 52.613,0.276268,359.6, 86.575,9.95e+00, 18.0,45.0, - 
6672,147407,25082018,25102021 202032,   1, 42891.9,  3.735, 77.428,0.017951,359.6,240.813,3.68e-01, 14.4, 0.2, 25
6673,147408,05092021,25102021 230246,  10, 42731.4,  0.625,123.311,0.528608,  7.1,146.945,1.76e+01, 17.6, 0.9,162
6674,147500,11052017,26102021 060031,1464, 43024.3, 25.553, 48.237,0.192967,359.8,190.939,5.25e+00, 16.4, -  , - 
6675,147501,21122017,26102021 095619,1402, 42859.5, 23.799,355.466,0.348084,359.7,287.488,1.69e+01, 17.2, -  , - 
6676,147502,22082019,25102021 081824, 746, 42896.8, 36.779, 37.533,0.563258,359.8,184.396,3.35e+01, 15.7, -  , - 
6677,147503,28012020,25102021 181210, 586, 43216.3, 21.661,356.322,0.060682,359.7,246.511,1.74e+01, 17.3,50.4, - 
6678,147505,12092021,25102021 132026,  10, 43191.1, 14.361,288.456,0.698569,359.9,237.598,3.30e+01, 16.7, 3.4,609
6679,147600,07031977,26102021 024428,   0, 42952.8,  8.899,301.400,0.008164,359.6,355.472,1.44e-02, 12.8, 0.1,  1
6680,147601,20102016,25102021 160004,1033, 42900.3, 31.698, 43.910,0.521671,359.8,178.608,3.25e+01, 15.6, -  , - 
6681,147602,15092017,25102021 200231, 432, 42970.6, 12.899,326.245,0.017600,359.6,321.251,8.43e-01, 18.1,30.2, - 
6682,147603,19122017,26102021 012006, 808, 42942.2, 11.111, 70.095,0.251431,359.8,157.441,6.39e+00, 16.7, -  , - 
6683,147604,16012018,25102021 203638,1378, 42955.0,  3.625, 90.107,0.092095,360.0,280.082,6.27e-01, 12.0,20.7,723
6684,147605,18032018,25102021 113644, 491, 42939.7,  5.747, 70.448,0.306234,359.6,121.804,1.17e+01, 17.0,87.9, - 
6685,147606,20032018,25102021 225302,1310, 42951.0,  0.962,327.763,0.167358,354.4,224.707,6.14e+00, 18.2, -  , - 
6686,147700,14022007,25102021 074314,  24, 42973.6, 11.499,309.271,0.027450,359.6,179.592,4.61e-01, 15.2, 1.2,203
6687,147701,20072010,26102021 105428, 544, 43047.8, 29.513,  9.167,0.241928,359.8,219.576,1.67e+01, 15.7, -  , - 
6688,147702,30032011,25102021 154955, 910, 42979.1, 11.283,310.152,0.035225,359.6,263.413,5.03e-01, 18.2,48.1, - 
6689,147703,06122016,26102021 123811,1576, 42884.1, 12.342,317.830,0.020592,359.6,336.459,2.23e-01, 17.3,75.8, - 
6690,147704,15082018,25102021 104825, 105, 42964.0,  2.948,296.402,0.028197,359.0,138.542,4.29e-02, 16.7, 4.0,730
6691,147800,14102007,26102021 040441, 362, 42916.0, 12.542,337.161,0.008396,359.5,205.081,4.54e-01, 17.3,14.7, - 
6692,147801,09102015,25102021 093751,  23, 43063.6, 11.280,323.142,0.040085,359.5, 16.495,1.25e+00, 16.9, 3.1,545
6693,147802,06112016,26102021 075515, 572, 43474.6, 26.344,  8.797,0.062600,359.7, 22.439,1.14e+01, 16.4, -  , - 
6694,147803,18112016,25102021 160233,1685, 43243.3, 43.645,349.185,0.719619,359.8,194.461,4.49e+01, 16.3, -  , - 
6695,147804,09032018,26102021 121318, 372, 42938.6,  1.593, 38.286,0.133489,356.4, 86.934,3.83e+00, 18.3, -  , - 
6696,147806,05022019,26102021 061011, 986, 42993.3, 15.051,330.643,0.162793,359.6,281.161,2.43e+00, 17.1, -  , - 
6697,147807,07082019,25102021 230512,  53, 43057.8,  2.598,  2.884,0.170064,357.4,184.437,3.96e+00, 16.0,12.4, - 
6698,147900,03022006,26102021 120331,   1, 43011.9, 11.346,322.150,0.083214,359.5,114.144,1.05e+00, 16.2, 0.3, 26
6699,147901,14102004,26102021 013415,   5, 42929.6, 15.988,  4.586,0.015313,359.6,261.141,6.80e-01, 15.7, 0.7,132
6700,147902,17012013,26102021 153814,   0, 43166.0, 29.281,356.865,0.254476,359.8,219.391,1.97e+01, 12.9, 0.1, 14
6701,147903,24082015,25102021 091836,2002, 43155.1, 46.497,357.871,0.743519,359.8,190.901,4.20e+01, 16.9, -  , - 
6702,147905,14032018,26102021 062806, 141, 43246.0,  3.048,287.836,0.011970,359.4,149.840,4.80e-02, 17.5, 1.7,265
6703,147907,12102020,25102021 180959, 375, 43013.8,  3.095,285.754,0.014879,359.4,188.797,3.92e-01, 17.8,46.5, - 
6704,148001,19112016,25102021 144809, 957, 43027.7, 12.340,319.829,0.020236,359.6, 31.738,2.59e-01, 18.1, 8.2, - 
6705,148100,24082009,25102021 095722, 379, 43384.9, 22.307,349.894,0.430583,359.7,158.363,2.80e+01, 17.6,74.3, - 
6706,148102,21072017,25102021 224748,  35, 43036.9,  4.844, 74.498,0.021737,359.6,128.349,3.60e-01, 14.2, 1.6,259
6707,148103,18092017,26102021 074527, 555, 43352.2,  1.846, 82.871,0.266227,359.5,133.954,9.16e+00, 17.5,27.0, - 
6708,148105,16032018,25102021 223749,   2, 43041.4,  3.055,288.002,0.014800,359.3,168.857,6.62e-03, 16.4, 0.1,  5
6709,148106,08012019,26102021 072540,  42, 43051.8,  7.537,330.019,0.205022,359.2,110.606,6.36e+00, 17.7, 3.3,596
6710,148107,24032020,25102021 201336, 560, 43034.4,  3.135, 37.437,0.187057,358.2,179.288,9.40e+00, 17.7, -  , - 
6711,148108,24012021,26102021 033515, 100, 43032.2, 13.512,140.762,0.450969,  0.4,  2.050,1.46e+01, 17.0, 7.5, - 
6712,148201,15032018,26102021 042016,   1, 43066.9,  3.115,285.375,0.014039,359.5,158.091,2.07e-02, 16.4, 0.1,  7
6713,148202,03062019,26102021 123449,  14, 43071.2, 18.037, 62.793,0.019224,359.8, 82.093,2.30e-02, 16.5, 0.3, 54
6714,148205,07102021,26102021 050246,  11, 43065.2, 34.784,359.438,0.042200,359.8,345.993,1.01e+01, 17.9, 3.7,531
6715,148300,23112006,26102021 100714,   1, 43034.1,  4.120,328.794,0.172085,358.6,341.277,1.96e+00, 15.4, 0.5, 76
6716,148301,01082008,26102021 043850,  29, 43449.8,  4.527,  9.168,0.117562,358.5,251.709,5.33e+00, 14.1,10.7, - 
6717,148302,21092015,25102021 232903,1294, 43307.2, 12.065,296.787,0.091422,359.7,226.881,5.66e+00, 17.3, -  , - 
6718,148303,06122012,25102021 222226, 280, 42922.1,  5.783,350.812,0.052316,358.8,  7.060,6.39e+00, 16.8,42.4, - 
6719,148304,15032018,25102021 203941, 602, 43082.1,  2.934,294.369,0.016533,359.1,114.784,1.75e-02, 17.5, 3.7,646
6720,148305,14012019,25102021 203447,  10, 43039.5,  6.196,252.692,0.079220,  0.3,277.956,1.42e+01, 16.7, 1.3,222
6721,148306,23032020,26102021 175657, 531, 43064.0, 19.211, 66.190,0.078646,359.8,130.314,5.61e+00, 13.4, -  , - 
6722,148308,12042021,26102021 012617,   8, 42749.8,  5.394, 61.566,0.657467,359.4,167.779,3.18e+01, 16.9, 1.3,233
6723,148309,12052021,25102021 082807, 102, 43100.9, 18.672, 65.890,0.028001,359.8, 52.825,1.27e+00, 16.9,10.2, - 
6724,148400,05072016,25102021 143313,  29, 43814.1, 10.115, 67.869,0.023480,359.7,243.673,7.66e+00, 15.8, 2.3,411
6725,148401,14032018,25102021 113752, 344, 43033.3,  0.924,292.058,0.268366,357.6,317.963,4.93e+00, 15.2, -  , - 
6726,148402,15032018,26102021 011453,  22, 43109.6,  2.908,296.445,0.017018,359.0,191.960,2.27e-02, 18.0, 0.3, 47
6727,148403,05052018,25102021 181540, 372, 43102.3,  3.133,284.310,0.012607,359.5,163.554,5.96e-02, 19.0, 0.3, 23
6728,148407,25092019,25102021 203459, 760, 43182.2,  9.018,135.844,0.271883,  0.5,  7.836,1.69e+01, 17.6, -  , - 
6729,148500,22072015,25102021 133320, 571, 43005.0, 15.475, 70.573,0.652852,359.8,109.171,1.41e+01, 17.7, -  , - 
6730,148501,20102017,26102021 133659, 915, 43168.7, 15.902,346.921,0.097918,359.6, 62.588,9.96e+00, 17.1, -  , - 
6731,148502,15032018,26102021 172426, 544, 43133.2,  5.774, 80.280,0.467696,359.8,128.407,5.77e+00, 14.7, -  , - 
6732,148503,17032018,26102021 014912, 102, 43133.7,  2.906,295.654,0.011214,359.0,266.485,5.04e-02, 17.8, 5.3,282
6733,148504,19042018,26102021 051647,1283, 43039.2,  3.004, 69.774,0.272044,359.2,131.077,8.21e+00, 18.2, -  , - 
6734,148505,23042018,26102021 065018, 993, 31002.4, 22.662,312.372,0.204381,359.8, 13.127,2.57e+01, 17.4, -  , - 
6735,148506,12022019,25102021 231705,  30, 43212.1,  1.756, 33.481,0.385583,356.6,239.192,6.90e+00, 15.2,13.4, - 
6736,148508,26022020,25102021 205409, 604, 43123.6, 21.181, 70.743,0.109971,359.9,115.060,5.50e+00, 17.3, -  , - 
6737,148600,27112014,25102021 190043,   2, 43325.3, 32.793, 18.531,0.041333,359.8,102.861,1.73e+00, 15.9, 0.3, 33
6738,148602,20032015,25102021 204809,   2, 43204.2,  5.451,357.709,0.145901,358.7,252.066,3.54e+00, 16.9, 0.3, 52
6739,148603,22022018,26102021 171318,1341, 43149.7,  8.863,304.078,0.085491,359.6,236.461,2.82e+00, 18.7,17.3, - 
6740,148605,14022020,26102021 035032,   1, 43183.3, 19.298, 62.853,0.241071,359.8,171.263,5.74e+00, 14.5, 1.3,239
6741,148701,13032018,25102021 230651, 578, 43323.5,  1.838,272.251,0.181216,359.9,307.813,3.72e+00, 17.5, -  , - 
6742,148702,13032018,25102021 151606,   1, 43166.0,  3.037,288.643,0.009547,359.3,207.807,1.07e-01, 15.9, 0.1,  4
6743,148703,24072018,25102021 170832,   2, 43601.7, 16.702,309.654,0.206079,359.7,255.890,2.92e+01, 16.3, 1.5,254
6744,148704,10102018,25102021 205627,   9, 43165.4,  5.782,150.264,0.179704,  1.0, 71.530,1.44e+01, 15.1, 4.2,752
6745,148800,13032018,26102021 042532,  16, 43179.8,  2.697,290.874,0.053690,359.1,258.887,2.57e+00, 16.8, 1.7,267
6746,148802,28032018,26102021 100640,   9, 43176.8,  2.619, 67.183,0.263642,358.9,133.840,9.09e+00, 16.4, 1.5,235
6747,148803,21032018,25102021 183940, 174, 43113.4,  1.049, 18.194,0.121668,353.6,168.947,7.66e+00, 17.4,51.4, - 
6748,148900,14022015,25102021 122128,  15, 43242.1, 15.597, 38.986,0.172918,359.7,167.762,6.12e+00, 16.2, 2.0,351
6749,148901,15112017,25102021 214934, 430, 43191.4,  7.556,353.278,0.295017,359.1,195.433,5.89e+00, 16.8,44.6, - 
6750,148902,13032018,26102021 052833,  15, 43200.5,  3.000,290.326,0.010936,359.3,178.252,6.18e-02, 17.5, 0.5, 46
6751,149000,09092015,25102021 202608,   2, 43212.9, 12.497,322.049,0.027439,359.6, 90.185,2.23e-02, 17.5, 0.1,  4
6752,149001,22082017,26102021 023627,  19, 43233.6,  8.873,293.584,0.145025,359.7,330.723,5.73e+00, 17.2, 1.6,287
6753,149002,14032018,25102021 114957,   1, 43232.1,  3.006,289.879,0.013093,359.3,190.348,8.73e-02, 16.4, 0.1,  4
6754,149100,04032018,25102021 185806,   3, 43236.8,  1.744,299.018,0.138182,358.2,236.319,4.31e+00, 16.4, 0.6, 78
6755,149201,23012017,25102021 094225, 609, 44060.3, 23.827,358.147,0.199418,359.7, 27.745,2.02e+01, 17.0, -  , - 
6756,149202,14032018,25102021 134330,   1, 43255.2,  2.927,294.777,0.010031,359.1,132.405,3.06e-02, 16.7, 0.1,  5
6757,149203,14032018,26102021 022047,   9, 43087.5,  0.870,295.621,0.269452,357.0,316.292,8.09e+00, 15.4, 0.6,106
6758,149204,14032018,26102021 100519,  13, 43252.9,  3.008,289.789,0.006931,359.3,172.422,2.80e-03, 17.6, 0.7, 80
6759,149205,18032018,26102021 031511, 573, 43293.6,  1.503,294.825,0.153635,358.2,253.773,4.46e+00, 17.8, -  , - 
6760,149208,19082020,25102021 184911, 397, 43260.7, 11.801,323.973,0.025067,359.5, 75.361,9.90e-01, 17.5, 9.4, - 
6761,149300,26042011,25102021 200707,   1, 43310.0, 18.071, 59.335,0.112147,359.8,228.386,8.49e+00, 15.6, 0.3, 54
6762,149301,03082016,25102021 084536,  49, 43150.1,  3.900,339.817,0.210865,358.4, 78.519,3.12e+00, 17.5,11.8, - 
6763,149303,18022018,26102021 031914,  30, 43260.9, 27.988,351.723,0.234196,359.7,170.464,1.32e+01, 17.3, 2.2,341
6764,149304,29012020,26102021 095130,   9, 43248.4, 24.483, 64.597,0.533333,359.9,150.594,1.94e+01, 16.7, 1.2,166
6765,149400,12042018,26102021 073029, 166, 43297.0,  0.957, 30.947,0.237512,353.4,167.413,6.83e+00, 17.9, -  , - 
6766,149401,21062018,25102021 181109,  28, 43458.8, 18.935,  6.387,0.452173,359.6,116.326,4.44e+00, 15.5,13.1, - 
6767,149402,24082019,25102021 115828, 748, 43290.2, 12.978,316.430,0.028694,359.6,257.636,3.45e+00, 17.0,34.3, - 
6768,149500,15122006,26102021 052434, 832, 43379.7,  3.218,294.851,0.087133,359.1,133.613,9.08e+00, 17.1, -  , - 
6769,149501,21092009,26102021 152119,2225, 43358.3,  9.893,324.497,0.153015,359.4, 21.778,4.79e+00, 16.9, -  , - 
6770,149502,20092011,25102021 185410,  26, 43116.9, 10.857,308.049,0.076226,359.6,202.345,1.21e+00, 15.3, 6.9, - 
6771,149503,22022017,25102021 172512, 551, 43068.8, 14.217,135.581,0.454595,  0.3,  9.058,1.46e+01, 17.0, -  , - 
6772,149504,02092018,26102021 013030,1147, 43195.2, 28.039,325.577,0.746590,359.8,211.228,2.78e+01, 16.6, -  , - 
6773,149505,25012020,26102021 063248, 637, 43691.8, 14.729,325.421,0.726656,359.6,278.752,3.11e+01, 17.7,92.1, - 
6774,149600,19072021,25102021 223826,  96, 42922.5,  2.103,341.244,0.559972,357.0,284.479,3.21e+01, 18.0, -  , - 
6775,149700,08082016,25102021 182543,1293, 43349.9,  8.605, 41.247,0.071741,359.4,190.768,4.41e+00, 17.8,76.1, - 
6776,149701,13092017,25102021 234247,1299, 43401.5,  6.548,330.935,0.174912,359.1,169.013,8.44e+00, 16.8, -  , - 
6777,149800,20012009,26102021 050716,   9, 43371.8, 13.528,320.311,0.028801,359.6, 54.945,2.78e-02, 15.8, 0.1, 19
6778,149802,22072015,25102021 183024, 812, 43451.5, 11.032, 47.236,0.124487,359.6,271.714,5.63e+00, 17.0, -  , - 
6779,149804,02032017,26102021 013754, 284, 43402.9,  7.730, 41.587,0.029779,359.3, 41.650,3.52e+00, 17.4,64.6, - 
6780,149805,24072017,25102021 194830,  53, 43380.9, 14.622,317.572,0.026133,359.7, 41.524,2.01e-01, 17.2, 2.4,274
6781,149808,12032018,26102021 021249,   9, 43445.4,  0.926,321.588,0.129501,354.7,226.573,7.92e+00, 17.0, 6.4, - 
6782,149811,09022021,25102021 100326, 244, 43346.4,  2.455,289.196,0.144929,359.1,263.360,5.79e+00, 17.4,25.1, - 
6783,149900,18012009,26102021 053132,   0, 43390.3,  6.970, 38.234,0.027126,359.2, 35.364,1.00e-02, 11.1, 0.1,  1
6784,149901,10092007,26102021 004307,3502, 43452.4, 25.253, 28.879,0.131506,359.8,238.861,1.02e+01, 16.5, -  , - 
6785,149902,10032015,26102021 185545,1316, 43363.2, 17.055,342.740,0.360258,359.6,118.189,3.61e+00, 15.5, -  , - 
6786,149903,03082016,26102021 011452, 138, 43387.3,  7.975, 43.604,0.155596,359.4,126.147,4.62e+00, 16.5,30.2, - 
6787,149904,02032017,26102021 094551,1353, 43395.6, 12.201, 44.323,0.013436,359.6,206.651,8.74e+00, 17.4, -  , - 
6788,149905,03042017,26102021 133429,1647, 43304.1, 28.631, 56.355,0.567743,359.9,150.916,1.93e+01, 16.6, -  , - 
6789,149907,05052019,26102021 102450, 578, 43423.7,  1.949, 64.558,0.117108,358.4, 98.013,7.93e+00, 16.7, -  , - 
6790,150000,23062015,25102021 220726, 472, 43405.1,  8.161, 65.808,0.116997,359.6,162.066,4.11e+00, 17.0,14.5, - 
6791,150001,17122015,25102021 151538,1287, 43471.9, 17.822, 51.721,0.211030,359.8, 92.764,9.14e+00, 17.2, -  , - 
6792,150004,27032020,25102021 160320, 550, 43431.9, 10.584, 66.509,0.159528,359.7,105.539,9.15e+00, 17.4, -  , - 
6793,150100,08012008,25102021 174243,   1, 43446.6,  7.655, 65.705,0.023613,359.6, 94.048,1.00e-02, 11.1, 0.1,  1
6794,150101,06102005,25102021 235248, 752, 34480.6, 34.992,339.166,0.777102,359.8,218.237,4.42e+01, 16.3, -  , - 
6795,150102,13092010,26102021 113510,4036, 43470.8, 20.780, 37.710,0.055783,359.7,242.833,8.94e+00, 14.1, -  , - 
6796,150105,31122019,26102021 175517, 265, 43451.1, 17.935, 61.602,0.097686,359.8,132.606,2.70e+00, 15.8,75.5, - 
6797,150106,08122020,25102021 211218, 228, 43459.6,  3.663, 72.300,0.140570,359.4,103.560,9.87e+00, 16.7, -  , - 
6798,150200,24042011,26102021 011529, 676, 43173.4, 12.878,319.950,0.023085,359.6, 45.243,3.02e+00, 17.7, -  , - 
6799,150201,20082007,26102021 024640,  10, 43585.6,  7.117,270.665,0.070188,360.0,230.109,7.37e+00, 14.0, 3.6,649
6800,150300,03042011,25102021 092842,2024, 43429.3, 12.274, 52.925,0.169573,359.7,168.694,5.49e+00, 17.2, -  , - 
6801,150301,22082015,25102021 225840,2224, 43538.8,  7.649, 46.489,0.317096,359.4,134.375,3.75e+01, 16.4, -  , - 
6802,150303,13122020,25102021 233754, 313, 43537.4, 29.040, 18.125,0.210148,359.8,248.232,1.03e+01, 18.1, -  , - 
6803,150401,01122017,25102021 105838, 739, 43493.4, 12.424,314.893,0.014476,359.6,110.151,1.09e+00, 16.2,33.3, - 
6804,150403,16072021,25102021 094928,  40, 43432.1,  2.962,258.424,0.197614,  0.5,340.660,8.78e+00, 16.6, 2.6,305
6805,150600,06102005,25102021 063714, 693, 43539.6, 11.660,310.322,0.047626,359.6,144.300,1.37e+00, 17.7,29.5, - 
6806,150602,16092017,26102021 101120,1415, 43535.1, 11.225,307.415,0.037954,359.6, 97.625,1.89e+00, 18.2,40.9, - 
6807,150700,23112006,26102021 082913,1340, 43022.5,  4.520, 57.005,0.313881,359.1,151.895,3.23e+00, 18.1, -  , - 
6808,150701,17122011,26102021 074522,  14, 43521.9, 10.054,306.235,0.065779,359.6,193.183,1.65e+00, 16.9, 0.3, 52
6809,150702,07112015,25102021 190409,  46, 43511.2,  4.251,273.288,0.376747,359.9,312.519,3.82e+00, 16.9, 1.1,155
6810,150800,04022016,25102021 144657,2087, 43349.2, 19.720, 18.851,0.449141,359.7,179.521,1.42e+01, 17.7, -  , - 
6811,150801,21042018,25102021 204705,   2, 43576.2,  2.848,299.178,0.031419,358.9,234.620,6.53e-02, 16.2, 0.1,  6
6812,150900,17072017,25102021 231615,1411, 43831.5, 21.390, 38.709,0.246760,359.7,204.804,2.48e+01, 16.5, -  , - 
6813,151000,22112006,26102021 060221, 311, 43624.5,  1.721,303.506,0.061641,357.9,312.319,3.24e+00, 17.3,21.6, - 
6814,151001,13102018,26102021 150646, 490, 43638.2, 10.415, 95.589,0.357271,  0.1,147.753,1.82e+01, 16.8,44.6, - 
6815,151100,17102013,26102021 160447,   2, 43635.8, 11.463,307.118,0.035115,359.6,199.694,8.61e-02, 16.5, 0.1,  7
6816,151101,13032018,26102021 053509,   1, 43630.8,  3.752,268.844,0.004350,  0.0, 76.788,1.48e-01, 16.9, 0.1,  7
6817,151102,25122019,25102021 101934, 644, 43640.2, 19.703, 68.061,0.139175,359.9,115.437,4.04e+00, 17.0, -  , - 
6818,151200,23072017,25102021 230539,1341, 43632.4, 12.319,315.505,0.080269,359.6,277.028,1.81e+00, 16.4, -  , - 
6819,151201,21122019,26102021 061235, 438, 43618.7, 19.742, 65.132,0.203843,359.8,149.785,4.15e+00, 16.3, -  , - 
6820,151202,05102021,26102021 120033,  18, 43635.8,  5.752,329.439,0.063694,359.0,317.795,2.58e+00, 18.0, 0.4, 40
6821,151300,07082011,25102021 185227,   2, 43730.0,  5.608,  6.463,0.060458,358.8, 30.012,3.33e+00, 16.3, 0.3, 41
6822,151301,09092015,26102021 160033, 558, 43670.4, 14.453,321.028,0.036385,359.6, 65.852,6.03e-02, 17.3, 2.5,404
6823,151302,13032018,26102021 015824,1300, 43636.6,  4.261, 97.632,0.306869,  0.2, 93.470,9.65e+00, 17.2, -  , - 
6824,151400,22062007,26102021 030102,  45, 43691.2,  6.724,318.624,0.027765,359.2,351.247,1.76e-01, 14.0, 1.5,116
6825,151402,26082019,25102021 201724,  43, 43879.1,  5.136,243.758,0.651829,  0.6,252.073,7.86e+00, 16.1,40.8, - 
6826,151403,11122020,26102021 005939,   0, 43689.1,  7.138,304.220,0.026526,359.5,339.153,1.00e-02, 10.4, 0.1,  1
6827,151500,23042009,25102021 213544,   2, 44321.5, 14.456,358.377,0.227684,359.5,233.835,8.50e+00, 15.8, 0.6, 92
6828,151501,10042018,25102021 082230, 117, 43705.5,  3.615,271.248,0.007794,360.0,272.542,7.49e-02, 17.3, 2.3,300
6829,151600,19082007,25102021 183431, 148, 43708.8, 30.959, 15.414,0.267854,359.8,242.872,1.09e+01, 16.0,18.9, - 
6830,151601,13032020,25102021 134842, 551, 43706.2, 19.395, 63.321,0.039533,359.8,138.083,7.88e+00, 16.4, -  , - 
6831,151700,09082005,25102021 160159,2000, 43092.7,  8.817, 69.351,0.036733,359.7,302.843,7.37e+00, 15.9, -  , - 
6832,151702,29072020,26102021 103031,   1, 43729.7, 20.214,306.032,0.439196,359.8,218.452,1.28e+01, 15.5, 0.2, 36
6833,151800,13022013,26102021 013845,  19, 44012.5, 20.622, 34.377,0.273712,359.7,158.674,1.18e+01, 16.7, 1.5,198
6834,151801,16032015,25102021 214547,2288, 43694.8, 19.138, 43.088,0.416402,359.7,152.914,1.27e+01, 17.3, -  , - 
6835,151802,01092016,25102021 184613,1140, 43742.3,  4.941,326.293,0.054927,358.9,  0.823,1.57e+00, 18.4, -  , - 
6836,151803,09032018,26102021 035501, 169, 43767.0,  3.204,281.136,0.014698,359.6,271.034,1.59e-02, 18.2, 0.6, 36
6837,151804,11032018,25102021 114651, 102, 43754.6,  3.475,273.934,0.010335,359.9, 45.490,7.23e-02, 17.6, 2.6,414
6838,151900,23012007,26102021 010357,   3, 46014.1, 31.114,343.642,0.412457,359.8,202.483,1.27e+01, 16.0, 0.3, 36
6839,151901,14022019,25102021 160310, 918, 43706.2, 26.136,319.089,0.053014,359.8,213.810,2.83e+01, 16.2, -  , - 
6840,152000,21032014,25102021 072916, 289, 43817.6, 11.859,322.793,0.018179,359.5,110.459,4.23e-01, 17.1,16.2, - 
6841,152001,09042016,26102021 035203, 551, 43734.5, 31.803,351.654,0.309969,359.8,225.542,1.21e+01, 16.3, -  , - 
6842,152002,09022019,26102021 074643, 943, 43790.6, 10.554,343.185,0.173628,359.4,258.819,3.68e+00, 17.9, -  , - 
6843,152101,28012020,26102021 103803, 633, 43723.1, 11.431,108.630,0.514538,  0.2, 38.960,1.85e+01, 16.7, -  , - 
6844,152200,31082008,26102021 135833,1054, 44219.6,  5.961, 47.915,0.169645,359.2, 97.950,1.50e+01, 15.4,77.7, - 
6845,152202,15122017,26102021 022445,1320, 42370.4, 11.997,313.097,0.799422,359.6,279.881,3.04e+01, 17.6, -  , - 
6846,152203,04102019,26102021 082946, 336, 43941.6,  5.311,247.489,0.602852,  0.5,248.770,1.20e+01, 15.3, -  , - 
6847,152204,05112019,26102021 040504, 391, 43442.8, 32.845,338.423,0.570200,359.8,287.338,3.09e+01, 16.1, -  , - 
6848,152300,15072016,25102021 205613, 109, 43909.2, 19.039, 43.629,0.418606,359.7,153.408,1.27e+01, 17.0, 9.6, - 
6849,152302,29122019,25102021 120937, 616, 43872.3, 20.620, 67.516,0.228847,359.9,125.759,2.94e+00, 17.1,59.9, - 
6850,152400,11082012,26102021 023140,   8, 43841.4, 14.940,304.335,0.171165,359.7,183.442,1.91e+00, 16.0, 1.0,176
6851,152500,24112008,25102021 230734,   2, 44313.9,  4.347,  0.117,0.069160,358.4,264.687,2.82e+00, 15.6, 0.5, 77
6852,152501,22112016,26102021 033859,   7, 44352.1, 15.361,322.455,0.586598,359.6,199.003,2.80e+01, 15.2, 1.1,180
6853,152502,06092016,26102021 120203,  10, 43897.0, 10.014,334.158,0.140527,359.4,122.680,3.68e+00, 17.4, 0.6, 70
6854,152503,07112019,25102021 055456, 276, 43901.4, 18.015, 62.858,0.040617,359.8, 44.426,3.44e-02, 16.8,12.5, - 
6855,152600,04121999,25102021 135434,   1, 43919.5, 13.494,317.749,0.003347,359.6, 30.241,7.02e-03, 12.9, 0.1,  1
6856,152601,13042018,26102021 181659,  42, 43919.0,  3.398,275.677,0.005480,359.8,327.065,1.65e-01, 16.6, 0.9, 85
6857,152700,06122010,26102021 033238,   8, 43960.9,  8.390,301.455,0.204303,359.6,124.708,2.66e+00, 15.3, 1.5,260
6858,152701,19072017,26102021 070423,  28, 43926.0, 12.426,302.683,0.134980,359.7,193.496,2.41e+00, 17.2, 0.8,134
6859,152702,07042018,25102021 190009,   3, 43993.7,  3.909,265.940,0.033933,  0.1,308.003,1.30e+00, 16.2, 0.6,106
6860,152800,21012009,26102021 134545, 729, 43899.7, 11.676,305.108,0.055032,359.7,  4.857,4.61e+00, 17.2,36.2, - 
6861,152802,02012020,25102021 191936, 453, 43955.5, 18.140, 63.757,0.054078,359.8, 31.293,5.06e-02, 17.0, 6.8,688
6862,152900,06012013,25102021 155828,   3, 43897.7, 12.540,319.130,0.200094,359.6,352.301,2.35e+00, 15.7, 0.6,110
6863,152901,20122017,25102021 140301,1168, 43703.4, 33.059,338.158,0.583641,359.8,285.645,3.09e+01, 16.4, -  , - 
6864,153000,03042011,26102021 062749, 139, 43800.6, 14.851,322.913,0.046688,359.6, 18.949,1.29e+00, 16.5,20.7, - 
6865,153001,01082019,26102021 033037, 372, 43801.8,  3.052,253.750,0.354016,  0.6, 16.795,1.12e+01, 16.4, -  , - 
6866,153002,14082021,26102021 115528,  72, 43997.8,  0.707, 98.121,0.044403,  1.6,180.140,6.34e-01, 15.8, 8.3, - 
6867,153101,25042020,26102021 094840, 519, 44012.4,  7.347, 73.613,0.440668,359.7,107.054,1.50e+01, 17.8,99.9, - 
6868,153200,15012010,25102021 190146,   2, 43785.0, 11.750,312.999,0.037599,359.6,184.590,1.46e+00, 16.6, 0.4, 59
6869,153203,01112016,26102021 144243,1700, 43921.3, 32.765,335.320,0.612493,359.8,286.108,3.08e+01, 16.4, -  , - 
6870,153301,09042018,25102021 075031, 996, 44052.5,  3.300,277.424,0.035544,359.8,265.305,1.74e-02, 18.1, 9.1,293
6871,153401,14112018,25102021 113957, 237, 44042.9, 10.568,300.409,0.076283,359.7,185.038,4.16e+00, 17.1,80.2, - 
6872,153402,05022019,25102021 101601, 280, 44071.3, 13.270,326.513,0.121847,359.6,312.150,1.21e+00, 17.4, 8.5, - 
6873,153600,09022016,26102021 111214,  82, 44922.9,  7.791,359.172,0.184165,359.1,329.037,1.35e+01, 16.5, 6.6, - 
6874,153601,08032018,26102021 080045, 574, 44096.8,  3.060,285.113,0.029556,359.5,279.066,1.54e-01, 18.0,60.7, - 
6875,153603,29082019,25102021 115920,  17, 44378.0,  4.957,259.266,0.553934,  0.3,232.209,5.06e+00, 16.4,15.7, - 
6876,153700,26072014,26102021 164639,   8, 44114.7, 17.690, 56.471,0.137084,359.8,245.329,9.61e+00, 16.4, 1.1,157
6877,153701,17022020,25102021 091715, 160, 46892.4, 26.145, 43.309,0.684576,359.8,166.833,5.58e+01, 16.1, -  , - 
6878,153702,04082021,25102021 164450,   9, 44128.9,  5.679, 80.887,0.060832,359.8,176.148,4.98e+00, 17.0, 1.6,274
6879,153800,08032018,25102021 110038,   1, 44158.1,  3.546,266.308,0.046462,  0.1,271.333,2.44e+00, 16.6, 0.2, 38
6880,153900,30082021,25102021 180713,  43, 44155.5,  5.062, 83.643,0.175003,359.8,171.625,6.50e+00, 17.6,84.1, - 
6881,154000,21072017,26102021 053053,  76, 44194.2,  4.295,348.346,0.117721,358.4,290.905,2.19e+00, 17.7, 2.0,310
6882,154001,17122018,26102021 111404, 607, 44317.4, 18.326, 16.022,0.411022,359.6,  4.017,2.57e+01, 16.9, -  , - 
6883,154002,03062019,25102021 111135, 107, 44183.8, 19.321, 63.561,0.221161,359.8,129.980,8.21e+00, 15.5,40.9, - 
6884,154003,14042020,25102021 210739,  53, 44188.2,  5.426, 83.617,0.248511,359.8,152.804,6.85e+00, 15.6,25.2, - 
6885,154100,25112009,25102021 113230,  11, 44197.8, 14.675,325.608,0.048721,359.6, 58.618,3.86e-02, 16.5, 0.5, 31
6886,154101,16042020,25102021 182928,  56, 44171.5,  4.906, 83.734,0.120813,359.8,158.432,3.19e+00, 16.8,21.1, - 
6887,154200,17112015,25102021 182248, 137, 44258.1,  8.464, 51.152,0.340372,359.5,145.650,1.08e+01, 17.0,19.4, - 
6888,154201,24032018,26102021 083820,   2, 44214.1,  3.317,275.822,0.038370,359.8,297.487,1.04e+00, 15.8, 0.1, 20
6889,154202,01092021,25102021 152628,  51, 44164.4,  5.283, 82.839,0.295694,359.8,175.466,1.73e+01, 15.0, -  , - 
6890,154203,10092021,26102021 081407,   3, 44190.9,  4.949,100.118,0.340019,  0.2,163.014,9.04e+00, 16.4, 1.3,126
6891,154204,07102021,25102021 192311,  16, 44229.6,  2.653, 62.316,0.574676,358.7,208.110,6.09e+01, 17.0,70.4, - 
6892,154400,23062007,26102021 143823,   1, 44397.5, 11.593,309.735,0.063631,359.6,238.506,1.71e+00, 13.7, 0.4, 48
6893,154402,25102017,25102021 131803, 109, 44234.2,  2.212,239.221,0.107136,  1.5, 27.431,7.32e+00, 16.9,56.8, - 
6894,154403,17042020,25102021 205456, 548, 44296.9,  9.175, 70.956,0.339752,359.7, 90.479,1.32e+01, 17.2, -  , - 
6895,154500,15082018,26102021 004035, 620, 44302.5, 11.801,303.801,0.118968,359.7,174.384,3.02e+00, 17.3, -  , - 
6896,154501,22092019,25102021 150406, 753, 44268.9,  2.464,285.831,0.106309,359.3,278.156,3.98e+00, 17.5, -  , - 
6897,154600,20032017,25102021 030139,1677, 44098.1, 10.472,282.847,0.657062,359.9,314.982,3.72e+01, 17.3, -  , - 
6898,154601,16032018,26102021 021652,   2, 44305.1,  3.191,280.936,0.031854,359.6,284.466,3.00e-02, 16.6, 0.1,  6
6899,154700,14032018,25102021 181840, 247, 44322.3,  3.652,279.940,0.125524,359.7,259.573,3.19e+00, 17.4,42.5, - 
6900,154800,09092013,26102021 001524, 734, 44081.6, 13.999,305.465,0.190765,359.7,127.266,3.62e+00, 17.3, -  , - 
6901,154801,20112020,25102021 190205, 256, 32513.8, 10.205,240.296,0.426443,  0.3,289.949,5.81e+00, 16.3,30.7, - 
6902,155100,25062012,25102021 152047, 706, 44346.9, 31.193,345.687,0.110337,359.8,104.452,1.34e+01, 17.5,80.8, - 
6903,155102,11032018,25102021 184131, 117, 44314.7, 10.927, 43.722,0.357967,359.5,177.242,9.64e+00, 17.5, 5.5,920
6904,155103,27122018,25102021 185916,  17, 44327.0,  2.839,272.013,0.096978,359.9,282.087,3.65e+00, 17.3, 4.0,672
6905,155200,22032018,26102021 111130,  10, 44408.1,  2.831,297.065,0.017910,359.0,335.717,2.83e-02, 17.9, 0.4, 34
6906,155202,21092020,25102021 095414, 369, 44212.6,  7.697,239.905,0.467311,  0.4,  9.601,1.72e+01, 18.0,28.8, - 
6907,155300,09112018,25102021 202528, 260, 44390.3,  3.048,287.599,0.067428,359.4, 20.016,7.41e-02, 16.8,10.8,522
6908,155301,14122018,26102021 013743, 410, 44146.8, 15.814,315.582,0.057883,359.7, 69.304,1.64e+00, 17.3,23.8, - 
6909,155303,19042021,26102021 040100, 140, 44423.4,  2.852,295.450,0.022151,359.0,315.230,1.45e-01, 17.9, 3.1,530
6910,155400,31052008,25102021 233703,3998, 44476.5, 18.881, 54.424,0.135457,359.8,218.122,9.41e+00, 15.0, -  , - 
6911,155401,28092008,25102021 114202,   2, 44585.0, 11.645,314.810,0.054528,359.6, 94.884,1.97e+00, 15.4, 0.5, 82
6912,155402,28062011,26102021 040216,   2, 44468.4, 17.844, 56.943,0.133352,359.8,232.903,9.34e+00, 15.1, 0.1, 16
6913,155403,09102018,25102021 144112,   0, 44319.6, 23.263,318.739,0.428891,359.8,211.655,1.38e+01, 15.6, 0.7,107
6914,155600,16102015,25102021 125948,   1, 44492.1, 13.962,330.021,0.061497,359.6, 80.069,8.53e-02, 17.0, 0.1, 11
6915,155602,20082018,26102021 232814, 569, 44325.5, 10.645, 89.778,0.696584,360.0,118.875,1.35e+01, 17.2, -  , - 
6916,155700,13122010,25102021 163312,   3, 44506.7, 19.999,335.758,0.070842,359.7,112.834,9.72e-02, 15.9, 0.1,  9
6917,155701,26072017,26102021 010229, 371, 44187.1, 12.633,277.883,0.670514,359.9,304.213,1.99e+01, 16.7, -  , - 
6918,155702,17062018,26102021 095356, 223, 44511.1,  3.915,261.154,0.102528,  0.3,229.224,6.34e-02, 16.5,12.4, - 
6919,155703,08072021,26102021 091400,  11, 44504.7,  3.917,265.873,0.021169,  0.1,350.112,8.84e-02, 16.6, 0.3, 53
6920,155800,09042018,25102021 034239,1291, 45551.7, 29.803,340.536,0.517666,359.8,307.844,2.48e+01, 16.8, -  , - 
6921,155801,09082019,26102021 060001,  41, 44529.4,  4.129, 74.279,0.049213,359.5,305.271,6.66e+00, 17.8, 9.7,941
6922,155803,19012021,25102021 213050,   3, 44540.9, 34.940,358.973,0.356051,359.8,202.974,2.83e+01, 15.9, 0.5, 78
6923,155902,20032018,25102021 223830, 574, 44579.2,  2.629,258.303,0.160155,  0.5,295.180,2.61e+00, 17.8, -  , - 
6924,155903,16042019,25102021 035427,  29, 44552.2,  2.997,281.786,0.065980,359.6,286.010,2.11e+00, 17.5, 4.7,576
6925,155904,23032021,25102021 234201, 132, 44557.1,  4.099,262.093,0.096313,  0.2,359.647,1.78e+00, 18.1,11.1, - 
6926,156002,11102021,26102021 064732,   7, 44569.7,  2.198,  8.823,0.227337,356.9,260.234,2.29e+01, 17.3, 5.5,980
6927,156100,15082014,25102021 162539, 503, 44340.1, 28.762, 32.785,0.363817,359.8,184.822,1.73e+01, 16.5, -  , - 
6928,156200,08072016,26102021 015659,   4, 44677.3, 11.317,287.055,0.108253,359.8,182.906,4.91e+00, 15.9, 0.2, 28
6929,156201,20072017,26102021 084551,1112, 44584.9, 45.161,354.374,0.544600,359.8,167.946,3.25e+01, 16.2, -  , - 
6930,156300,18122011,26102021 173951,   1, 44620.0, 16.229,317.516,0.095624,359.7,150.247,1.29e+00, 15.9, 0.1,  4
6931,156301,04122016,26102021 023449,   9, 45461.2, 20.709, 16.443,0.175729,359.7,291.341,3.11e+01, 16.1, 1.6,242
6932,156302,28032020,26102021 014708, 488, 44568.0,  5.163,124.093,0.274264,  0.8,101.633,8.85e+00, 17.8, -  , - 
6933,156400,13072016,26102021 170108,  10, 44675.7, 14.316,328.935,0.086025,359.6, 57.343,1.00e+00, 17.1, 1.4,240
6934,156402,06082019,25102021 102422, 527, 44410.5,  9.572, 70.941,0.536903,359.8,203.526,1.22e+01, 16.4, -  , - 
6935,156403,02042020,26102021 004608,  89, 44565.3, 19.304, 63.491,0.567104,359.8,112.685,2.06e+01, 16.7,11.3, - 
6936,156600,23122016,25102021 100326,  25, 44625.6,  7.381,282.001,0.295457,359.8,265.008,5.63e+00, 17.4, 2.2,299
6937,156601,20032018,25102021 062031,   8, 44693.3,  2.639,301.583,0.062731,358.7,292.135,2.00e+00, 15.9, 0.4, 65
6938,156602,02042019,26102021 083849, 935, 44615.4,  6.190,115.957,0.330117,  0.5,110.662,1.00e+01, 17.9,53.3, - 
6939,156700,03082008,25102021 063236,   8, 44654.9, 11.386,312.285,0.090269,359.6,159.975,2.14e+00, 15.8, 0.4, 30
6940,156701,19112016,25102021 195009, 369, 44694.0, 11.581,316.994,0.058101,359.6,188.095,1.85e+00, 17.7,19.0, - 
6941,156702,12062018,25102021 165622,   2, 44701.2,  2.768,301.700,0.026741,358.8,309.338,7.15e-02, 17.0, 0.1,  6
6942,156703,25032019,26102021 053053,  11, 44675.9,  8.685,300.054,0.166657,359.6,201.097,5.51e+00, 17.2, 0.7, 98
6943,156800,13122017,25102021 223245,1200, 44554.2, 19.374, 63.694,0.584210,359.8,113.262,2.04e+01, 16.9, -  , - 
6944,156801,03122019,25102021 190055, 349, 44657.6, 44.153,  7.582,0.100097,359.8,166.189,3.49e+01, 15.8,57.3, - 
6945,156900,15042018,26102021 070247,1287, 44679.0,  5.015,126.759,0.285532,  0.8,103.650,8.44e+00, 17.8,91.3, - 
6946,157000,18082015,26102021 025020,   3, 44787.0, 14.268,325.371,0.140179,359.6, 69.405,1.22e+00, 15.6, 0.4, 72
6947,157100,04082008,25102021 111501,  12, 45621.2, 26.849,348.711,0.311635,359.7,252.863,1.20e+01, 17.1, 1.9,333
6948,157101,13032018,26102021 084122,  30, 44775.0,  2.700,297.295,0.049584,358.9,233.712,1.81e+00, 16.5, 4.8,662
6949,157200,18062010,25102021 210003,1223, 44791.0, 15.589, 29.190,0.272392,359.6, 89.438,1.16e+01, 16.3, -  , - 
6950,157201,06112018,26102021 103055, 834, 44833.5, 44.473,  4.320,0.093772,359.8,193.637,3.51e+01, 15.8, -  , - 
6951,157500,20102011,25102021 081632,   8, 44829.5, 15.676,314.261,0.077459,359.7,201.299,1.19e+00, 16.0, 0.2, 32
6952,157501,23012018,26102021 061402,1359, 44791.0, 39.443, 15.853,0.052473,359.8, 53.826,2.43e+01, 17.3, -  , - 
6953,157502,06032018,26102021 182808,   1, 44847.7,  2.758,301.053,0.028666,358.8,328.943,2.66e-02, 13.8, 0.1,  1
6954,157600,06122019,25102021 163555, 522, 44843.6, 16.592, 67.990,0.451986,359.8,121.260,1.84e+01, 16.1, -  , - 
6955,157601,24122019,26102021 032931,  38, 44834.4, 18.846, 64.566,0.119058,359.8,143.377,3.86e+00, 16.8,18.5, - 
6956,157700,19032018,25102021 053230, 579, 44967.2,  1.641,222.200,0.220429,  3.0,304.309,6.39e+00, 15.6,45.2, - 
6957,157900,29012019,26102021 014953, 754, 44845.6, 14.705, 74.306,0.527513,359.9,111.202,1.66e+01, 15.9, -  , - 
6958,157901,03082019,26102021 065541, 811, 44542.6, 13.275, 61.262,0.701394,359.7,165.047,4.01e+01, 16.6, -  , - 
6959,158001,26012018,25102021 121150,  11, 44868.1,  9.084,265.339,0.081295,  0.1, 48.113,7.05e+00, 17.2, 0.5, 69
6960,158100,12092017,26102021 140809,   1, 45031.3, 11.027,300.851,0.140779,359.7,144.914,1.09e-02, 18.0, 0.1,  2
6961,158200,07042018,26102021 133222,1003, 44871.1,  9.600, 75.624,0.495365,359.8,116.186,1.94e+01, 15.7, -  , - 
6962,158400,18022012,26102021 134630, 573, 44778.3, 30.433,333.506,0.231094,359.8,213.541,1.34e+01, 17.5, -  , - 
6963,158401,17032018,26102021 160350, 373, 45018.3,  2.728,302.194,0.033719,358.7,328.051,6.64e-02, 18.4, 6.3, - 
6964,158500,21082009,25102021 093148, 312, 45060.2, 13.588,310.801,0.075396,359.7,200.956,1.17e+00, 15.9,54.3, - 
6965,158600,02092018,26102021 135200,  51, 45147.7, 19.041,311.149,0.475768,359.8,239.258,3.24e+01, 15.5,25.4, - 
6966,158800,05102015,25102021 225219,2050, 45321.0, 27.892,348.751,0.578561,359.7,254.382,2.78e+01, 16.4, -  , - 
6967,158801,24112016,26102021 083141, 926, 45012.2, 35.554,314.911,0.070439,359.9,265.706,4.14e+01, 16.1, -  , - 
6968,158802,22042018,25102021 132101, 543, 45095.4,  4.334, 85.428,0.182616,359.9,160.739,1.35e+00, 12.8,70.9, - 
6969,158900,04082011,26102021 055236,  16, 45100.5, 13.910,310.796,0.065127,359.7,152.686,3.10e+00, 16.4, 0.7, 68
6970,159000,15012013,26102021 040239,  45, 45269.1,  9.732,297.563,0.110135,359.7,205.783,4.28e+00, 16.1, 9.1, - 
6971,159001,22042018,25102021 202234,1204, 45105.2,  3.351, 88.464,0.068971,359.9,344.555,3.45e+00, 17.5,56.4, - 
6972,159002,24112019,25102021 044546,  52, 45319.3, 27.567,338.004,0.411536,359.8,287.345,1.77e+01, 16.5, 6.1,748
6973,159100,22092019,26102021 014600, 487, 45210.5,  7.920, 72.216,0.237659,359.7,232.588,1.74e+01, 16.5,65.5, - 
6974,159300,01102018,26102021 142131, 785, 45153.6,  9.955, 69.121,0.283832,359.7,183.191,1.53e+01, 16.4,85.1, - 
6975,159400,03112008,26102021 095216, 724, 45871.6,  7.876,115.318,0.096460,  0.4,155.683,1.88e+01, 15.5, -  , - 
6976,159401,31082016,25102021 185742, 992, 45139.4, 16.052,271.236,0.073361,360.0,169.278,1.45e+01, 16.8, -  , - 
6977,159501,17022018,25102021 235127,1251, 45379.8, 30.182,313.049,0.569684,359.8,286.024,3.06e+01, 16.6, -  , - 
6978,159601,18082018,25102021 144933,1153, 45151.9,  5.086, 84.361,0.434741,359.9,157.829,1.04e+01, 15.2, -  , - 
6979,159602,28082019,25102021 065359, 407, 45220.9,  9.511,293.694,0.101877,359.7,292.530,4.47e+00, 16.9,56.5, - 
6980,159700,12022012,25102021 184826,   2, 45245.8, 14.885,309.857,0.162559,359.7,178.109,2.75e+00, 15.4, 0.1,  5
6981,159701,05022017,25102021 134619,1250, 45634.8, 25.656, 44.002,0.218589,359.8,338.078,2.72e+01, 15.9, -  , - 
6982,159900,22082016,26102021 120449,1880, 45258.6, 18.608,346.131,0.245307,359.6,249.346,8.52e+00, 14.8, -  , - 
6983,160000,07032018,25102021 164210,   2, 45322.5,  3.928,265.180,0.041088,  0.2,  2.206,6.65e-02, 15.7, 0.1, 15
6984,160001,09082019,25102021 121240, 792, 45324.1,  1.864, 87.808,0.084099,359.8,102.359,8.06e-01, 17.6, -  , - 
6985,160100,11102021,26102021 014059,   7, 45322.4,  1.147,334.208,0.406003,354.9,209.398,1.86e+01, 14.0, 1.5,223
6986,160200,30072016,26102021 062126, 762, 45381.9, 12.740,298.914,0.099882,359.7,144.442,4.85e+00, 16.8, -  , - 
6987,160201,09032018,25102021 173056, 965, 45340.3,  1.151,319.856,0.080014,355.8,353.521,1.20e+01, 16.8, -  , - 
6988,160202,06082018,25102021 050044,   5, 45230.6,  4.652,314.819,0.396297,359.0,288.605,2.14e+01, 15.9, 0.6, 91
6989,160300,13112018,25102021 220105,1049, 45365.1,  5.838, 75.123,0.096301,359.7, 77.180,1.15e+01, 14.6, -  , - 
6990,160501,03092021,26102021 055504,  46, 45415.0, 18.330,313.331,0.150606,359.7,167.158,1.55e+00, 17.8,22.2, - 
6991,160600,29122016,26102021 083821, 425, 45319.3,  6.665, 82.076,0.392640,359.8,166.964,2.49e+01, 16.5, -  , - 
6992,160601,14082018,25102021 203342,  39, 45591.0,  6.257,330.191,0.199866,359.1,277.019,1.64e+01, 17.1,39.0, - 
6993,160602,28042020,26102021 203458, 534, 45435.2, 11.894, 60.769,0.339599,359.7,131.195,1.28e+01, 17.5,30.7, - 
6994,160700,12082016,26102021 185703,  10, 45452.9, 18.705,320.959,0.073766,359.7,103.208,1.50e+00, 16.6, 0.9,112
6995,160701,07032018,26102021 012331,  12, 45455.1,  2.918,283.215,0.067430,359.5,310.254,1.89e+00, 17.4, 1.1,182
6996,160800,02042021,26102021 014149, 176, 45393.0,  1.169,179.504,0.561445,  5.9, 13.568,1.06e+01, 17.0, -  , - 
6997,160900,03032017,26102021 004016,  30, 45861.8,  8.247,260.396,0.117963,  0.1,238.251,1.56e+01, 16.2, 2.1,372
6998,160901,19022018,26102021 014918,1317, 45463.6, 10.091, 56.610,0.312050,359.6,152.134,9.61e+00, 17.8,65.7, - 
6999,160902,10032018,26102021 030124, 962, 45492.6,  5.720, 79.298,0.347774,359.8,119.500,1.14e+01, 17.1, -  , - 
7000,160903,09042018,26102021 022357,1253, 45384.9, 18.780, 60.283,0.491746,359.8,127.144,2.11e+01, 16.7, -  , - 
7001,160904,21022021,25102021 232920,   1, 45610.7, 10.427, 66.120,0.591392,359.7,173.310,4.19e+01, 15.8, 0.5, 72
7002,160905,03062021,25102021 222631, 137, 45476.9,  0.823, 68.215,0.262679,356.4,138.096,7.87e+00, 17.8,10.0, - 
7003,161100,22032017,26102021 022808, 218, 45203.6, 29.150, 14.321,0.420767,359.8,167.821,1.18e+01, 15.7,44.3, - 
7004,161201,22102020,26102021 112558, 250, 45487.5, 11.675, 98.919,0.131629,  0.1,200.865,1.63e+01, 15.6, -  , - 
7005,161300,26082016,25102021 232319, 163, 45097.0, 24.359, 18.489,0.574391,359.7,198.731,9.91e+00, 15.9, -  , - 
7006,161301,23032018,26102021 213643, 542, 45514.0,  5.864,114.377,0.617946,  0.5, 77.712,6.41e+00, 16.2, -  , - 
7007,161400,26072019,26102021 010135, 785, 45987.5, 18.695, 43.226,0.157474,359.7,306.435,2.63e+01, 16.6, -  , - 
7008,161500,16122017,25102021 221427, 844, 45598.7, 13.315,312.180,0.076113,359.7,179.356,1.06e-01, 18.3, 3.8,249
7009,161700,08122007,26102021 185518, 663, 45675.8, 15.865,331.140,0.075486,359.6, 44.767,1.46e+00, 17.7,14.2, - 
7010,161900,08122016,25102021 113715, 314, 45613.2,  9.456,297.439,0.180633,359.7,214.005,4.79e+00, 16.2, -  , - 
7011,162000,17092017,26102021 041808,  38, 45597.7,  8.820,199.898,0.299012,  0.7, 94.683,6.85e+00, 16.5, 1.3,210
7012,162001,02012020,26102021 062828, 328, 45698.8,  1.455, 99.756,0.085490,  0.8,210.061,1.00e-02, 12.3, -  , - 
7013,162101,08092021,26102021 044301,  40, 45728.6, 16.577,339.039,0.175324,359.6,208.203,1.50e+01, 16.5,16.8, - 
7014,162200,09112018,26102021 051515,  80, 45799.3,  1.244, 20.908,0.048451,354.7,128.330,7.48e+00, 17.8, 2.9,517
7015,162300,21032018,25102021 180616, 318, 45728.6, 36.374, 77.921,0.478877,360.0,  7.887,1.38e+01, 16.0,20.1, - 
7016,162400,03022016,26102021 020823, 296, 45666.2, 12.382,307.824,0.154608,359.7,139.612,4.76e+00, 17.2,46.0, - 
7017,162600,30042019,25102021 231554, 897, 45671.4, 20.567, 63.062,0.650614,359.8,121.866,1.98e+01, 15.6, -  , - 
7018,162700,17122015,25102021 183908, 740, 46182.4, 13.367, 43.108,0.136967,359.6,124.575,2.92e+01, 15.7, -  , - 
7019,162800,24112016,26102021 012248,1388, 47257.2, 25.075, 66.102,0.220796,359.9,203.736,2.13e+01, 16.1, -  , - 
7020,162801,13032018,26102021 033245,1024, 45765.9,  3.137,271.555,0.084847,360.0,225.801,1.89e+01, 17.4, -  , - 
7021,162901,09122020,26102021 072807, 314, 45847.9,  9.108,128.863,0.253104,  0.5, 81.665,1.36e+01, 12.5, -  , - 
7022,163000,09012021,25102021 032336, 286, 45897.6, 25.548, 24.774,0.382319,359.7,218.587,1.06e+01, 16.8, -  , - 
7023,163101,09092020,25102021 230735, 159, 44984.0, 37.355, 22.068,0.686859,359.8,172.140,3.71e+01, 15.9, -  , - 
7024,163200,07092013,26102021 002433,   2, 45919.9, 16.670,328.646,0.078611,359.6, 28.709,2.39e+00, 16.5, 0.2, 12
7025,163300,09082018,25102021 234317,1054, 45950.9, 40.041, 25.533,0.419248,359.8,146.973,3.64e+01, 16.3, -  , - 
7026,163400,18082014,25102021 100037,   1, 45941.7,  8.025,296.380,0.077282,359.6,115.900,5.57e+00, 16.1, 0.1,  7
7027,163501,18022020,25102021 054814, 264, 46301.6, 24.497, 36.880,0.283058,359.8,254.678,2.67e+01, 16.1,47.6, - 
7028,163700,20082017,26102021 150049,   1, 46000.7, 20.352,311.244,0.084644,359.8, 81.304,3.14e+00, 16.7, 0.3, 37
7029,163701,18092017,26102021 033916,1496, 46261.1, 16.480, 52.759,0.395131,359.7,131.213,4.32e+01, 16.5, -  , - 
7030,163800,31122016,25102021 165318,  37, 46577.0, 18.453,  8.274,0.279456,359.6,144.218,1.18e+01, 17.4, 5.4,953
7031,164000,19102012,26102021 160809,1736, 46157.1, 19.006,331.426,0.022304,359.7, 23.960,3.05e+00, 16.6, -  , - 
7032,164100,05112011,26102021 110132,   1, 46222.4,  9.640,292.257,0.107030,359.7,197.175,7.08e+00, 14.5, 0.5, 93
7033,164101,22112008,25102021 163053, 270, 46033.2,  6.015,237.130,0.377798,  0.6,306.456,4.42e+00, 15.4,98.2, - 
7034,164102,02012020,26102021 055540, 530, 46094.8, 39.911, 26.058,0.420375,359.8,147.097,3.64e+01, 16.1,86.7, - 
7035,164400,07122020,26102021 015224, 286, 46171.6, 39.064, 28.278,0.430483,359.8,146.235,3.62e+01, 16.2, -  , - 
7036,164500,25102011,26102021 145950,   8, 46025.2, 13.103,314.884,0.135481,359.6,172.585,3.31e+00, 15.0, 2.6,466
7037,164601,02092018,26102021 121836,   7, 46030.7, 37.643,355.717,0.223853,359.8,198.652,1.26e+01, 15.9, 0.9,158
7038,164700,03092021,25102021 053840,  30, 46186.1, 24.312,316.757,0.026532,359.8, 11.886,8.39e+00, 17.4,26.1, - 
7039,165300,16112019,25102021 082534, 284, 46425.1, 20.937, 18.481,0.237778,359.7,214.334,2.81e+01, 16.0,84.1, - 
7040,165400,07092016,25102021 195808,   2, 46318.8, 11.254,288.145,0.124036,359.8, 18.517,3.57e+00, 17.0, 0.1, 21
7041,165500,16092017,25102021 225601,1387, 46493.6, 39.771, 17.911,0.566389,359.8,242.663,2.83e+01, 17.3, -  , - 
7042,166200,25012018,25102021 234534, 729, 46484.0, 14.979,339.133,0.123429,359.6, 68.950,1.04e+00, 17.7, 7.0, - 
7043,166301,01092016,25102021 090113,1872, 46190.3, 31.844,339.660,0.688703,359.8,234.336,3.17e+01, 17.2, -  , - 
7044,166302,29012017,25102021 131300,  12, 46501.2, 18.458,325.471,0.127947,359.7,109.567,6.39e-01, 17.2, 0.3, 53
7045,166800,13042021,26102021 031404,  25, 46457.4, 11.792,278.274,0.448325,359.9,344.513,1.65e+01, 17.4, 4.7,409
7046,166900,12032016,25102021 215304, 716, 46615.0, 18.987,321.219,0.100426,359.7, 17.419,3.28e+00, 16.7,64.7, - 
7047,166901,18012021,25102021 131104, 278, 46610.7, 27.811,323.250,0.240644,359.8,289.546,4.16e+00, 16.9,37.9,934
7048,167200,05082016,25102021 173018, 202, 46696.8, 16.692,321.871,0.091995,359.7,116.206,1.86e+00, 17.0, 8.8, - 
7049,167201,17012018,26102021 173842, 225, 46680.5, 19.058, 36.794,0.327756,359.7, 79.544,7.79e+00, 17.2, -  , - 
7050,167701,24072017,26102021 015742, 758, 46717.4,  7.490, 55.475,0.222363,359.5,201.083,1.20e+01, 17.5,44.1, - 
7051,167800,01072019,25102021 152448,  30, 47049.8,  2.617,244.559,0.517694,  1.1,256.027,4.32e+00, 16.0,29.9, - 
7052,167900,24072006,25102021 204155,  80, 46529.7, 19.133, 66.078,0.135405,359.8,132.306,6.13e+00, 15.0,61.6, - 
7053,168000,28112019,26102021 003048,   2, 46795.8, 36.618,358.211,0.323315,359.8,131.891,9.01e+00, 16.2, 0.1, 19
7054,169400,19032017,26102021 080827,1478, 47125.7, 21.296, 88.515,0.433246,360.0,158.210,1.55e+01, 16.3, -  , - 
7055,169700,15032018,26102021 044710,1292, 47215.2, 25.479, 78.606,0.476887,359.9,161.705,1.88e+01, 15.6, -  , - 
7056,169800,11012011,25102021 235709,   1, 50004.9, 35.552, 24.093,0.554757,359.8,196.897,2.67e+01, 15.4, 0.2, 26
7057,169801,12022019,26102021 034808, 648, 46957.3, 26.784, 77.513,0.486945,359.9,167.751,1.43e+01, 16.3, -  , - 
7058,170200,26102013,25102021 125511,2229, 47102.0, 37.904,348.326,0.617522,359.8,241.063,2.12e+01, 15.8, -  , - 
7059,170201,09032016,26102021 035608, 927, 47257.5, 17.318,305.452,0.526039,359.8,237.689,1.95e+01, 16.8, -  , - 
7060,170800,08092016,26102021 020454,  57, 47543.9, 19.548,311.500,0.750087,359.8,257.025,3.23e+01, 15.6,33.3, - 
7061,171200,30122019,25102021 144026, 133, 47458.5, 13.268, 24.573,0.178709,359.5,228.614,1.36e+01, 16.9,10.2, - 
7062,171500,04112015,26102021 012535, 222, 47479.3, 40.004,348.065,0.646999,359.8,220.842,2.64e+01, 15.5,51.9, - 
7063,171501,23012017,25102021 151838,   6, 47403.9, 19.165,279.382,0.218835,359.9,200.256,1.38e+01, 16.7, 0.5, 75
7064,171600,19062014,25102021 231640,   2, 47576.1, 28.868,318.775,0.090843,359.8,201.829,2.74e+01, 15.3, 0.3, 51
7065,171700,09012018,25102021 171735,1348, 47519.2, 36.916,  1.478,0.202298,359.8,223.316,3.05e+01, 17.1, -  , - 
7066,171701,15082020,25102021 053854,  47, 47429.3, 14.286,328.216,0.355319,359.6,310.399,3.19e+00, 16.8,23.8, - 
7067,171900,02092016,26102021 044311, 365, 47448.7, 14.495,328.197,0.239081,359.6,313.574,4.82e+00, 16.4, -  , - 
7068,172001,24112019,26102021 013701,   1, 47880.7, 32.545, 10.276,0.426335,359.8,144.153,3.25e+01, 14.5, 2.7,166
7069,172100,09122015,25102021 191603,  13, 47281.3, 27.656, 35.660,0.253576,359.8,233.520,2.04e+01, 16.0, 4.6,785
7070,172500,11082007,25102021 164114,   1, 47737.3, 18.477,315.901,0.101605,359.7,262.102,4.84e+00, 15.9, 0.1,  8
7071,173000,20022020,26102021 212843, 607, 47751.1, 13.414,359.128,0.839466,359.5,126.966,1.18e-02, 14.3, 2.3,369
7072,173100,01092016,26102021 020808, 314, 47778.8,  7.901, 67.715,0.210279,359.7,242.843,8.16e+00, 16.8,64.2, - 
7073,173700,25092019,26102021 153621, 731, 47866.6, 16.542,308.393,0.096512,359.7, 64.839,4.48e+00, 17.3,58.0, - 
7074,174300,21012020,26102021 031152, 641, 48029.4, 43.431, 22.033,0.576293,359.8,165.875,3.14e+01, 16.6,93.4, - 
7075,174600,11032019,25102021 223821, 793, 48002.1, 43.187, 22.631,0.579232,359.8,165.301,3.12e+01, 16.8, -  , - 
7076,175900,04022016,26102021 093804, 135, 48512.6, 25.939, 34.227,0.332695,359.8,124.978,1.23e+01, 16.8,15.0, - 
7077,176400,13012015,25102021 085629,  38, 48216.4, 15.829,300.869,0.201842,359.8,199.776,6.30e+00, 15.4,14.4, - 
7078,177400,26042019,25102021 230926, 870, 48475.9, 21.139, 64.769,0.686152,359.9,104.382,2.07e+01, 16.7, -  , - 
7079,178000,04112015,25102021 212110,   2, 48620.1, 18.040,317.191,0.134929,359.7,165.283,3.81e+00, 16.0, 0.8,131
7080,178200,23112017,26102021 025131, 938, 49659.3, 24.564, 54.854,0.590396,359.8,127.585,2.07e+01, 15.1,97.0, - 
7081,178700,28082019,25102021 060537, 243, 48671.6,  6.434,268.406,0.399032,  0.0,337.984,6.06e+00, 17.4,64.4, - 
7082,179300,11042018,25102021 222828,1289, 48814.5, 29.698, 37.610,0.436720,359.8,189.669,1.03e+01, 18.3, -  , - 
7083,180300,15022018,25102021 032158,1344, 48796.0, 15.409,312.028,0.270374,359.7,186.530,2.86e+01, 16.9, -  , - 
7084,180700,25072011,25102021 083528,   2, 48987.8,  3.495, 93.069,0.131058,  0.1,246.534,7.17e+00, 14.7, 0.1, 12
7085,180900,19092017,26102021 003303, 350, 49177.6, 18.638,318.647,0.104558,359.7, 70.660,4.58e+00, 16.0, -  , - 
7086,181400,17092017,25102021 202817,1400, 49342.5, 24.827, 25.820,0.579189,359.7,197.506,7.80e+00, 17.2, -  , - 
7087,181401,30092018,26102021 001426,  26, 49327.2, 17.735,314.185,0.222666,359.7,313.092,5.62e+00, 16.9, 0.8,117
7088,182100,09072017,26102021 010651,1526, 49790.6, 20.221, 41.132,0.332364,359.7, 69.639,1.88e+01, 16.7, -  , - 
7089,182300,08012018,27102021 002950, 763, 51100.1, 19.841, 49.324,0.177747,359.8,116.616,2.69e+01, 15.5,92.6, - 
7090,182600,02022017,26102021 000003, 277, 49408.1, 20.383,312.742,0.196707,359.8,136.179,3.20e+00, 16.4,53.8, - 
7091,183500,17112017,25102021 000618,  13, 49535.3, 28.272,316.507,0.353607,359.8,315.366,2.84e+01, 15.9,11.2, - 
7092,183600,19042012,25102021 172628, 296, 49574.9, 35.347,328.632,0.300056,359.8,295.748,3.04e+01, 15.6, -  , - 
7093,183800,19012020,26102021 134059, 302, 49581.8, 32.535, 95.788,0.659854,  0.0,186.474,1.47e+01, 16.2, -  , - 
7094,184800,13102021,25102021 100637,   7, 49872.3, 20.800,307.643,0.276935,359.8,164.617,4.69e+00, 16.3, 5.1,829
7095,185400,24022018,25102021 165600,1241, 49903.0, 23.553,288.758,0.376430,359.9,198.013,1.25e+01, 16.4,80.3, - 
7096,186800,13022018,25102021 104338,1347, 49795.6,  1.735,303.723,0.710074,358.0,293.963,2.93e+01, 16.9, -  , - 
7097,187600,14102017,26102021 032350,   2, 50382.8, 17.539,311.194,0.135859,359.7,168.437,5.19e+00, 15.1, 0.9,140
7098,189100,30052006,26102021 074842,   3, 50333.0,  9.107,241.828,0.499302,  0.4,305.285,1.76e+01, 15.8, 0.3, 42
7099,191300,27042019,25102021 075543, 808, 51242.4, 31.297, 33.341,0.204160,359.8,158.596,1.92e+01, 16.5, -  , - 
7100,193701,25092019,26102021 063029, 434, 50978.0, 43.183, 28.005,0.731996,359.8,186.031,3.35e+01, 16.4, -  , - 
7101,196200,25082014,26102021 184316,  82, 51873.9, 26.200,318.120,0.178952,359.8, 40.356,5.11e+00, 15.3,23.0, - 
7102,197000,09012019,25102021 170357, 855, 52212.6, 25.577,  2.051,0.075028,359.7, 67.840,1.00e+01, 16.3,41.7, - 
7103,197700,18092017,26102021 085756,1403, 52213.5, 41.528,  4.693,0.192265,359.8,219.347,7.68e+00, 16.4, -  , - 
7104,200000,20032018,26102021 123927,1310, 52564.1,  2.389,287.160,0.172208,359.2,284.748,1.26e+00, 16.8,71.5, - 
7105,202500,09122018,26102021 115642, 756, 53006.7, 38.520, 14.034,0.366257,359.8,143.173,1.09e+01, 17.2,90.8, - 
7106,203000,10022018,25102021 235851,   1, 42166.5,  0.087, 93.071,0.000162,322.6,116.766,2.00e-02, 10.7, 0.1,  1
7107,205800,24092020,26102021 023652, 322, 53565.2,  7.263,125.237,0.198263,  0.5,215.310,1.40e+01, 17.3,20.2, - 
7108,210100,29112018,26102021 090427, 953, 54392.6, 27.649, 35.176,0.146286,359.8,284.280,2.00e+01, 17.1, -  , - 
7109,211200,24102017,25102021 171355,1317, 54232.6,  7.774, 36.050,0.411324,359.3, 28.124,2.20e+01, 16.6, -  , - 
7110,215100,10042018,26102021 190843, 556, 55162.1,  8.277, 30.457,0.518348,359.3,177.868,8.32e+00, 17.2, -  , - 
7111,223100,16092017,25102021 053542,   2, 56959.0, 14.730,353.264,0.228839,359.5,333.658,1.72e+01, 15.9, 0.6, 82
7112,238800,23032017,26102021 021940,1580, 59076.6,  9.252, 27.272,0.464670,359.3,195.665,8.34e+00, 17.3, -  , - 
7113,243000,22082019,25102021 205715, 478, 60350.5,  4.171, 75.582,0.366174,359.6,186.819,2.16e+00, 11.7,94.5, - 
7114,243900,18112019,26102021 040531, 678, 59965.5, 29.619,340.574,0.486127,359.8,155.787,1.37e+01, 16.2, -  , - 
7115,325000,01112015,26102021 024753,   1, 72747.5,  5.313,203.007,0.802661,  1.2, 44.651,4.46e-03, 12.8, 0.1,  1
7116,515500,09042016,27102021 204110,   0, 98898.9, 21.862,226.350,0.485619,  0.2,146.601,1.00e-02, 11.7, 0.1,  1
7117,583100,06012007,25102021 214340,   4,107200.2, 62.774, 72.916,0.800310,360.0,356.610,4.12e-03, 12.7, 0.2,  3
7118,591600,13052019,22102021 195713,   2,108458.2, 64.985, 72.444,0.779721,360.0,355.725,7.22e-03, 12.0, 0.1,  1
7119,1346400,07082015,19102021 162647,1996,183730.4, 44.156, 46.491,0.529308,359.9, 45.057,1.35e-02, 15.6,12.2,650
