   1,  9600,23062020,26092023 005446,  33,  6933.2, 70.062, 29.455,0.002593,359.9, 63.994,2.66e-02, 13.4,17.4, 32
   2,  9601,11112020,26092023 004648, 634,  6970.5, 97.844, 80.606,0.000467,360.0,  3.952,2.13e-02, 14.3, -  ,373
   3, 10600,14022016,26092023 001027, 910,  7404.1,122.796,345.442,0.010309,359.8, 94.454,3.90e+00, 15.4, -  , - 
   4, 10601,23102020,25092023 235959, 288,  7458.1, 89.803,107.160,0.003164,  0.0, 32.243,2.90e-01, 15.5, -  , - 
   5, 11000,08112019,25092023 234005,1082,  7601.8,100.147,134.290,0.006300,  0.1, 24.266,3.85e+00, 15.1, -  , - 
   6, 11200,23072018,26092023 002136,   1,  7729.5, 56.401,338.775,0.015632,359.9,119.878,9.10e-03, 15.6, 0.1,  4
   7, 11900,11052020,25092023 235409,   1,  7807.0, 51.597, 26.680,0.132046,359.8,233.975,7.11e-02, 13.5, 0.4,  3
   8, 11901,13052020,25092023 233033,   1,  7459.6, 51.460,195.941,0.101117,  0.2, 17.974,4.98e-02, 14.5, 1.1,  3
   9, 11902,10052020,25092023 232546,   1,  7890.3, 51.507, 11.048,0.140170,359.8,256.927,3.58e-02, 19.3, 0.2,  1
  10, 12101,30012020,25092023 235057,1335,  7461.1, 28.325,207.488,0.115445,  0.2,122.888,5.68e-03, 16.0, 0.2, 63
  11, 12103,15052020,26092023 002136,   1,  7914.7, 51.699,140.016,0.142941,  0.1,134.028,7.24e-02, 16.8, 0.6,  5
  12, 12200,29062020,26092023 004315,   2,  7584.8, 51.572, 82.263,0.101720,360.0,195.668,3.11e-01, 18.8, 2.6, 16
  13, 12301,18052020,25092023 232953,   1,  7371.3, 51.395,346.028,0.068067,359.8,279.948,8.90e-01, 18.4, 1.6,149
  14, 12307,03082020,26092023 004556, 595,  8091.1, 51.360,299.989,0.173482,359.9, 35.178,1.01e-02, 17.5, -  , 12
  15, 12309,10082020,25092023 234651, 536,  7627.7, 51.029,269.011,0.098758,  0.0, 90.798,2.28e-02, 15.8, -  , 25
  16, 12400,09072019,25092023 224310,   1,  7873.1, 50.318,226.953,0.080013,  0.1,305.580,3.57e+00, 14.8, 7.9, - 
  17, 12402,11052020,25092023 233615,   2,  8181.5, 51.591, 62.067,0.145014,359.9,303.054,5.41e-01, 19.7, 0.5,170
  18, 12403,27072020,25092023 234347,   1,  7752.4, 51.519,158.972,0.134121,  0.2,137.053,5.36e-02, 19.9, 1.0,  2
  19, 12500,26122008,25092023 235808,1611,  8298.2, 63.509,124.521,0.093452,  0.1,308.504,1.07e-02, 16.2,26.1, - 
  20, 12502,11052020,26092023 010935,   1,  8039.8, 51.389,332.856,0.162647,359.9, 12.606,4.67e-02, 18.7, 0.3,  1
  21, 12600,04032018,26092023 001918,1828,  7424.1, 28.383,170.308,0.110416,  0.3,186.459,5.83e-03, 15.8, 2.1, 97
  22, 12615,20052020,26092023 002848,   1,  8128.4, 51.517, 33.418,0.169652,359.9,327.044,4.46e-02, 18.6, 0.3,  1
  23, 12616,24052020,25092023 224850,   1,  8315.3, 51.549,132.356,0.166913,  0.1,246.352,5.22e-02, 19.9, 0.1,  2
  24, 12618,29062020,25092023 235431,   1,  8141.7, 51.508, 22.582,0.171682,359.8,333.276,3.60e-02, 19.3, 0.3,  1
  25, 12620,16072020,25092023 235505,   1,  8267.3, 51.560,119.071,0.176319,  0.1,258.999,5.21e-02, 18.0, 0.2,  2
  26, 12625,03082020,26092023 001152,   1,  8235.9, 51.555, 66.799,0.184091,359.9,302.191,1.48e-02, 18.9, 0.1,  1
  27, 12700,18022009,25092023 235227,1121,  8402.5, 63.275,196.337,0.064647,  0.1,158.830,3.07e-02, 16.9, -  , - 
  28, 12701,10052020,25092023 232548,   1,  8183.4, 51.485,182.844,0.125435,  0.2,194.287,1.00e-02, 16.8, 0.1,  2
  29, 12705,11052020,26092023 004114,   0,  7675.4, 51.249,287.416,0.091057,360.0, 37.026,2.31e+00, 14.7, 0.3, 71
  30, 12707,11052020,25092023 232942,   1,  8026.6, 51.390, 61.146,0.125415,359.9,334.976,2.01e+00, 14.5, 0.3,102
  31, 12710,11052020,26092023 005528,   1,  8316.6, 51.564,177.616,0.162791,  0.2,192.278,2.24e-01, 22.0, 0.1, 12
  32, 12712,11052020,25092023 231307,   1,  7913.9, 51.559, 48.880,0.138050,359.9,315.387,4.04e-01, 16.1, 0.5, 48
  33, 12713,08052020,26092023 000825,   1,  8218.7, 51.570,118.266,0.170665,  0.1,258.201,8.72e-02, 18.9, 0.3,  4
  34, 12716,10052020,26092023 002515,   1,  8389.8, 51.438,199.521,0.187931,  0.2,192.648,2.02e-02, 18.2, 0.1,  1
  35, 12719,11052020,25092023 234928,   1,  8288.4, 51.598, 97.394,0.177902,  0.0,272.094,2.63e-02, 17.9, 0.1,  1
  36, 12721,08052020,26092023 003300,   2,  8154.7, 51.611, 90.664,0.152398,360.0,268.074,3.09e-01, 18.7, 0.6, 94
  37, 12729,29062020,26092023 000744,   1,  8317.1, 51.500,159.315,0.180587,  0.2,228.454,4.70e-02, 18.9, 0.1,  1
  38, 12730,29062020,25092023 231315,   1,  7938.1, 51.696, 88.764,0.111116,360.0,259.317,3.06e+00, 16.9, 0.7,194
  39, 12732,16072020,25092023 234732,   1,  7696.1, 51.320,315.768,0.118901,359.9, 23.270,2.60e-01, 16.6, 0.9, 12
  40, 12734,16072020,26092023 001920,   1,  6959.3, 51.601,151.923,0.037030,  0.1,141.272,2.26e-01, 16.4, 6.6, 10
  41, 12735,27072020,26092023 011319,   1,  7341.4, 51.393,173.878,0.073766,  0.2,134.180,5.20e-01, 17.1, 3.5, 22
  42, 12737,27072020,26092023 003452,   1,  7882.9, 51.452, 21.388,0.135912,359.8,336.011,2.89e-01, 18.5, 0.6, 11
  43, 12739,03082020,25092023 233155,   1,  7849.1, 51.432,  7.351,0.126405,359.8,346.580,5.30e-01, 17.9, 0.5, 27
  44, 12740,05102021,25092023 233709, 697,  8407.4, 63.216,191.797,0.062343,  0.1,168.966,4.08e-01, 16.3,51.9,526
  45, 12810,12052020,26092023 002749,   1,  8281.5, 51.115,237.827,0.123090,  0.1,183.780,3.04e+00, 17.7, 1.3,545
  46, 12816,12052020,26092023 004721, 617,  8324.3, 51.248,236.814,0.125319,  0.1,169.080,1.00e-02, 18.2, -  , 46
  47, 12819,16052020,25092023 233617,   1,  7685.6, 51.370, 69.635,0.115454,359.9,303.866,4.27e-01, 18.4, 0.5, 45
  48, 12820,20052020,26092023 003849,   1,  7427.5, 51.576,140.850,0.074913,  0.1,139.545,8.73e-01, 16.2, 3.0, 93
  49, 12821,29062020,25092023 235834,   1,  8402.1, 51.435,190.380,0.189410,  0.2,204.102,6.32e-03, 17.4, 0.1,  1
  50, 12822,29062020,26092023 001046,   1,  8394.1, 51.335,249.166,0.166943,  0.1,152.044,2.46e-01, 20.0, 0.1, 13
  51, 12823,16072020,25092023 230834,   1,  8228.7, 51.521,146.704,0.172615,  0.1,237.961,9.94e-02, 20.4, 0.1,  3
  52, 12824,16072020,25092023 230445,   1,  8126.4, 51.536,129.115,0.158691,  0.1,250.636,2.13e-01, 18.8, 0.4, 10
  53, 12829,03082020,25092023 234123,   1,  8250.9, 51.442,164.385,0.171279,  0.2,229.370,1.25e-01, 20.4, 0.3,  7
  54, 12900,06032016,25092023 231245,2312,  8477.1, 63.512,115.912,0.104872,  0.1,296.554,1.80e-01, 14.7, -  , - 
  55, 12901,10052020,25092023 234813,   2,  7957.9, 51.465,164.543,0.138925,  0.2,229.060,3.65e-01, 18.5, 0.7, 63
  56, 12904,10052020,26092023 011415,   1,  7869.6, 50.994,165.756,0.068297,  0.2,205.807,2.32e+00, 16.3, 1.7,707
  57, 12905,11052020,26092023 000801,   1,  7720.0, 51.356,326.211,0.119515,359.9, 14.381,3.33e-01, 19.5, 0.6, 11
  58, 12907,16072020,25092023 233423,   1,  7958.0, 51.454,185.973,0.132197,  0.2,230.878,2.07e+00, 16.4, 1.6,340
  59, 13001,11052020,26092023 000056,   1,  8348.6, 51.443,204.766,0.182306,  0.2,184.978,5.97e-02, 19.3, 0.1,  4
  60, 13003,29062020,26092023 011632,   1,  8204.1, 51.385,197.260,0.174577,  0.2,201.517,8.15e-02, 17.0, 0.4,  3
  61, 13100,03082020,25092023 233924,   1,  8578.5, 51.656, 84.667,0.170838,360.0,348.541,5.93e-02, 19.8, 0.1,  3
  62, 13201,19052020,26092023 001652,   1,  8253.3, 51.325,274.705,0.170080,360.0,129.337,2.79e-01, 18.7, 0.3, 18
  63, 13300,01102018,25092023 232945,   1,  7052.6, 61.812,277.250,0.056023,360.0, 93.947,8.41e-02, 15.1, 5.8,  5
  64, 13501,24092018,25092023 233619, 345,  7985.0, 34.193, 84.088,0.172889,360.0, 58.879,5.85e-03, 21.2, 2.9, 42
  65, 13503,27072020,25092023 234112,   4,  8720.0, 51.454,231.712,0.179691,  0.1,229.630,6.51e-02, 20.4, 0.1,  9
  66, 13504,29062020,26092023 002257,   1,  8675.9, 51.691,221.462,0.185404,  0.1,215.707,1.03e-02, 17.3, 0.1, 27
  67, 13600,11102008,25092023 224526,1343,  8795.0, 63.104,224.348,0.100052,  0.1,218.075,8.56e-02, 16.4, -  , - 
  68, 13603,29062020,25092023 232628,   1,  8736.8, 51.290,264.753,0.182588,  0.0,250.194,5.07e-01, 17.0, 0.3,105
  69, 13700,14022015,25092023 232111,1544,  7879.4, 57.041, 50.820,0.143194,359.9,346.654,2.00e-01, 17.0,39.5, - 
  70, 13702,29062020,25092023 230100,  38,  7898.3, 51.736,153.491,0.127315,  0.1,307.495,4.99e-01, 17.0, -  , - 
  71, 13801,01102018,26092023 002102, 859,  8591.2, 63.315,210.652,0.212266,  0.1,323.112,1.15e-01, 18.0,11.6, - 
  72, 13802,09072020,26092023 003329,   1,  8807.0, 51.433, 22.129,0.172190,359.8,141.343,4.32e+00, 17.6, 0.6,236
  73, 13900,29062020,26092023 000023,   1,  8662.2, 51.522,358.553,0.194505,359.8,129.784,5.05e-01, 16.6, 1.7,137
  74, 13901,27072020,26092023 010653, 811,  8776.8, 51.027, 26.576,0.138834,359.8, 12.343,6.65e-02, 16.5, -  ,658
  75, 14001,27072020,26092023 000236,   1,  8955.1, 51.578, 37.722,0.218555,359.9,117.105,7.69e-02, 20.7, 0.1,  3
  76, 14004,28102021,25092023 223153, 647,  8684.2, 50.928, 61.099,0.183051,359.9,195.568,1.82e-02, 16.5, 0.4, 70
  77, 14100,20092016,26092023 002953,1287,  8084.0, 56.799,192.605,0.163788,  0.2,205.734,3.29e-01, 17.0,40.2, - 
  78, 14102,18022018,25092023 232708,1863,  8666.9, 50.093,347.746,0.189872,359.8,162.451,4.53e+00, 16.8, -  , - 
  79, 14202,16072020,26092023 000300,   1,  8873.7, 51.310,158.496,0.172721,  0.2, 31.871,1.11e-02, 19.5, 0.1, 30
  80, 14203,27072020,25092023 223700,   3,  8991.8, 51.439,133.213,0.208219,  0.1, 58.742,2.19e+00, 17.6, 0.8,251
  81, 14300,29062020,25092023 234623,  17,  7817.9, 51.103,153.787,0.099748,  0.2,277.962,2.45e+00, 17.5,19.7, - 
  82, 14302,16072020,26092023 010633,   1,  8709.6, 51.951, 72.408,0.173973,359.9,122.484,1.61e+00, 17.0, 1.2,376
  83, 14304,03082020,26092023 010516,   1,  9077.6, 51.528,155.351,0.215329,  0.2, 24.658,5.42e-02, 20.7, 0.1,  4
  84, 14307,28092020,25092023 233917, 687,  9024.2, 50.688,294.756,0.088639,359.9,320.915,1.06e-02, 16.5, -  , 43
  85, 14402,27072020,25092023 225450,  73,  9091.7, 51.158,253.587,0.171935,  0.1,320.657,3.04e-03, 17.0, 0.9, 63
  86, 14404,03082020,26092023 014819,   1,  8801.6, 51.214,106.549,0.193671,  0.0,105.442,4.25e+00, 16.9, 1.4,372
  87, 14500,16032015,25092023 225745,2987,  7980.5, 56.845,254.363,0.148316,  0.0,309.954,2.33e-01, 16.8,75.3, - 
  88, 14501,19092018,26092023 011439, 834,  8939.6, 64.742, 51.540,0.246981,359.9, 31.456,1.00e-02, 17.0, -  , 17
  89, 14504,13012007,25092023 234942,   4,  7579.9, 38.808, 26.246,0.135383,359.8,270.476,4.14e-03, 19.4,10.4,  1
  90, 14511,29092021,25092023 230506, 643,  8683.1, 64.524,166.135,0.195768,  0.1, 34.316,3.17e+00, 17.0, -  , - 
  91, 14600,03112015,26092023 014255,   1,  9214.9, 64.576,350.103,0.166770,359.9,115.887,6.38e-01, 18.9, 0.4,134
  92, 14602,29062020,25092023 234757,  63,  8953.2, 51.364,246.442,0.225099,  0.1,319.023,1.14e-02, 20.0, -  ,219
  93, 14700,24092018,25092023 233548,1009,  9197.8, 62.542,130.466,0.057043,  0.1,202.227,1.34e+01, 17.0, -  , - 
  94, 14708,28082020,26092023 000136,   1,  9214.4, 50.238,332.345,0.154944,359.9,339.634,1.18e+01, 15.3, 2.4,954
  95, 14709,17092020,25092023 225417,1066,  8447.3, 52.378,154.721,0.164418,  0.1,297.369,4.77e+00, 14.2, -  , - 
  96, 14800,21122012,26092023 012818,   1,  9307.2, 28.249,212.415,0.238069,  0.2,145.877,9.41e-03, 10.8, 0.1,  1
  97, 14801,01072015,25092023 232057,   1,  9096.7, 56.923,173.337,0.239979,  0.2,265.849,1.95e-01, 20.1, 0.1,  9
  98, 14802,03112013,26092023 002406,   0,  9291.9, 63.322,253.599,0.027556,  0.0,303.665,5.00e-02, 11.8, 0.1,  1
  99, 14805,01092020,25092023 235256,1071,  9068.8, 51.137,303.303,0.205917,359.9,296.816,8.81e+00, 14.4, -  , - 
 100, 14900,06082015,26092023 000421,   1,  9108.2, 57.039, 29.024,0.245956,359.9,129.576,2.18e-01, 19.6, 0.3,  9
 101, 14901,30122006,25092023 235820,   1,  8831.1, 57.039, 30.129,0.228614,359.9,146.476,2.35e-01, 19.4, 0.6,  8
 102, 15103,20112018,25092023 231133,  37,  9255.4, 57.255,112.402,0.257720,  0.1,287.073,2.37e-01, 20.3,58.1,456
 103, 15104,27032008,26092023 000331, 648,  9206.4, 56.943,  3.171,0.253157,359.8, 17.335,3.24e-01, 20.0, -  , - 
 104, 15105,24092019,26092023 001117,  17,  9270.8, 46.368,102.206,0.222575,  0.0, 71.807,2.11e+01, 14.4,55.3, - 
 105, 15106,16072020,25092023 225159, 566,  9082.5, 52.697,309.348,0.212542,359.9,275.779,1.00e-02, 17.0, -  , - 
 106, 15200,27072020,25092023 221423,   2,  9410.0, 51.414, 59.549,0.233786,359.9,213.132,1.21e-01, 20.2, 0.2, 59
 107, 15201,27072020,26092023 003436, 220,  9307.2, 51.721, 43.301,0.224314,359.9,186.291,2.91e+00, 18.5, -  , - 
 108, 15202,01042021,25092023 231843, 720,  9246.2, 57.059,339.271,0.273200,359.9,  2.427,3.36e-02, 17.5, -  , - 
 109, 15300,31052013,26092023 013751,   0,  9507.3, 28.189,203.281,0.212806,  0.3,286.744,1.18e-02, 10.9, 0.1,  1
 110, 15301,12122015,26092023 002608,   2,  9273.8, 57.077, 98.718,0.258091,  0.0,336.076,2.03e-01, 16.8, 0.3, 10
 111, 15304,14102021,25092023 235949, 698,  8592.2, 55.360, 45.317,0.164461,359.9, 35.378,2.58e-01, 16.0,44.8, - 
 112, 15500,12122009,26092023 000326,   1,  8058.9,102.164,274.058,0.023618,360.0, 63.332,2.09e-02, 14.0, 0.1, 11
 113, 15501,01102018,25092023 233419, 857,  8938.9, 63.260,269.262,0.255750,  0.0,258.337,2.25e-02, 18.0, 1.0,220
 114, 15503,16072020,25092023 235355,1126,  9500.1, 51.717, 83.794,0.267090,360.0,157.652,1.18e+00, 16.5, -  , - 
 115, 15600,30092018,26092023 000043, 503,  8009.5, 51.536, 87.851,0.161269,360.0,323.527,1.32e-01, 17.0, 4.3, - 
 116, 15603,16072020,25092023 222921, 644,  9474.2, 52.996,188.012,0.156910,  0.2, 95.752,2.34e-01, 17.0, -  , - 
 117, 15700,24062008,26092023 010743,   1,  9640.9, 65.914,265.033,0.266931,  0.0,  7.829,6.11e-02, 19.4, 0.1, 19
 118, 15701,30092018,26092023 005607,   1,  9584.0, 54.332,318.313,0.157539,359.9, 81.882,2.21e+00, 17.0, 0.8,289
 119, 15702,16072020,26092023 003718,1163,  9611.4, 51.998,143.772,0.282444,  0.1, 74.917,1.80e-01, 17.0, -  , - 
 120, 15801,12022019,26092023 005629,   1,  9564.0, 56.763,249.211,0.277628,  0.1,130.487,2.58e-01, 20.3, 0.2, 10
 121, 15802,20122019,25092023 224528,1252,  9668.5, 56.939,217.179,0.289524,  0.1,260.241,3.91e-01, 17.0, -  , - 
 122, 16000,25082015,25092023 233408,   2,  9624.0, 56.927,214.083,0.283628,  0.1,263.054,1.45e-01, 19.6, 0.2, 18
 123, 16100,25102013,26092023 005031,   1,  9711.6, 56.896,198.933,0.304665,  0.1,279.719,8.43e-03, 12.4, 0.1,  1
 124, 16101,07032004,25092023 222143, 783,  9673.8, 56.952,205.006,0.285762,  0.1,289.659,2.04e-01, 19.5, -  , - 
 125, 16201,01102018,26092023 000031,  11,  9839.8, 84.660,302.179,0.271940,359.9,275.825,1.27e+00, 19.9, 0.8,164
 126, 16202,09022019,26092023 004453,   1,  9712.3, 57.001,354.611,0.291156,359.8,216.591,2.02e-01, 12.1, 0.2, 11
 127, 16205,20092021,25092023 225319, 727,  8796.6, 51.491,259.569,0.235716,  0.0, 32.555,2.00e-01, 17.0,36.7, - 
 128, 16300,25112008,26092023 010556,   7,  9732.3, 57.081,155.724,0.295227,  0.1,139.757,1.35e-01, 17.0, 3.9, 60
 129, 16301,27092018,26092023 011544,   1,  9840.6, 84.719,  1.744,0.272044,359.9,328.915,1.62e+00, 19.0, 0.1, 36
 130, 16400,24112008,25092023 233103,   2,  9802.8, 57.070,126.997,0.296899,  0.1,184.370,1.95e-01, 19.7, 0.2, 10
 131, 16401,13072017,25092023 233524,1673,  9723.5, 56.888,303.921,0.300424,359.9,115.129,7.27e-01, 17.3, -  , - 
 132, 16402,30092018,25092023 231814, 268,  9958.3, 86.362,213.266,0.173120,  0.1,251.293,1.24e+00, 19.1,39.3, - 
 133, 16403,22092018,26092023 001236,1689,  9948.6, 88.914,341.029,0.209369,359.9,198.058,2.34e-01, 17.0, -  , - 
 134, 16404,23092018,25092023 232520, 871,  9870.8, 85.015, 11.243,0.263151,359.9,322.240,1.57e+00, 18.6, -  , - 
 135, 16405,30092018,25092023 235036,   2,  9873.0, 62.403,305.288,0.302507,359.9, 28.133,1.63e-01, 13.5, 0.3, 15
 136, 16407,03082019,26092023 011600,1467,  9782.0, 65.382,323.732,0.300186,359.9,125.808,5.74e-01, 17.0, -  , - 
 137, 16408,02022007,25092023 232302, 463,  9973.0, 88.690, 15.638,0.166765,359.9,162.327,1.42e-02, 17.0,67.2, - 
 138, 16500,22092018,25092023 225246,   5,  9936.4, 63.336,264.006,0.302476,  0.0,320.490,8.13e-02, 19.6, 0.4, 42
 139, 16501,15032014,26092023 005600,   1,  9978.9, 57.049, 95.804,0.309934,  0.0, 86.934,1.60e-01, 20.4, 0.1,  5
 140, 16502,24032020,26092023 020451,   2,  9998.4, 95.904, 23.594,0.032106,359.9,129.604,6.49e-02, 18.9, 0.1,  5
 141, 16503,13032017,25092023 223558,  69,  9984.9, 95.962, 81.054,0.085784,360.0,311.005,6.19e-02, 18.7, 1.1,408
 142, 16600,15122017,25092023 223156,1511,  9761.4, 56.860,260.739,0.300605,  0.0,309.760,2.55e-01, 16.3,12.4, - 
 143, 16601,04012007,26092023 001433,   2,  8738.4, 38.726,299.937,0.248650,359.9,256.788,3.64e-03, 19.2, 1.4,  1
 144, 16800,12122008,25092023 233109,   1, 10033.4, 56.878,254.981,0.314055,  0.0,336.359,1.46e-01, 19.7, 0.4,  9
 145, 16901,21102017,26092023 004132,   1, 10093.3, 57.072, 35.870,0.317252,359.9,249.245,1.35e-01, 19.8, 0.1, 10
 146, 16902,12012009,26092023 004742,   3, 10074.4, 56.859,321.028,0.314006,359.9,269.035,1.89e-01, 19.7, 0.2, 30
 147, 16904,22092019,26092023 002140,  21,  9746.5, 64.690,134.266,0.263794,  0.1,359.726,7.74e-03, 19.6, 0.2, 16
 148, 17001,07062020,25092023 235421, 948, 10169.6, 59.809,229.558,0.293916,  0.1, 55.880,4.55e-01, 17.5, -  , - 
 149, 17100,01022009,26092023 002309,  20, 10107.1, 57.044, 13.257,0.318812,359.8,265.763,1.09e-01, 20.3, 4.1, 73
 150, 17200,30092018,25092023 230314, 693, 10234.7, 63.829,116.077,0.315477,  0.1,280.367,2.37e-02, 17.4, -  , - 
 151, 17201,24122021,25092023 231526, 640, 10170.4, 64.224,290.763,0.261100,360.0, 80.113,2.05e+00, 17.0, -  , - 
 152, 17300,01101995,26092023 001303, 901, 10239.4, 62.828,324.090,0.327145,359.9,277.579,7.32e-02, 13.6, -  , - 
 153, 17700,23012017,26092023 001821,1963,  9904.5, 59.810,123.050,0.303962,  0.1,107.928,6.15e-01, 18.5, -  , - 
 154, 17701,30092018,26092023 012834, 298, 10451.6, 63.445,187.312,0.176792,  0.1,116.082,2.01e-01, 18.2, -  , - 
 155, 17703,21092021,26092023 010127, 697, 10268.7, 68.215,292.583,0.315801,359.9,216.892,1.56e+01, 17.0, -  , - 
 156, 17704,19122021,26092023 004730, 645,  8108.8, 64.967,156.849,0.148021,  0.1, 14.209,3.99e+00, 17.0, -  , - 
 157, 17801,22112008,25092023 235432,   1,  9197.1, 34.750,138.942,0.286431,  0.2, 93.853,4.00e-03, 19.9, 0.9,  1
 158, 17900,11012018,26092023 012235,   1,  8751.7, 64.820,220.050,0.207505,  0.1, 22.139,2.27e+00, 19.0, 3.4,163
 159, 18201,09122019,25092023 223739, 646, 10306.0, 62.096, 53.994,0.350124,359.9,194.173,2.60e-02, 17.0, -  , - 
 160, 18202,20032021,26092023 004527, 641, 10462.7, 64.243,311.536,0.303184,359.9, 65.771,4.38e+00, 16.5, -  , - 
 161, 18300,17072013,25092023 234013,   1, 10673.8, 56.952,324.688,0.354352,359.9,155.564,7.76e-03, 12.6, 0.1,  1
 162, 18400,25092018,25092023 235315, 775, 10696.8, 46.637,219.960,0.290534,  0.1,110.120,2.70e+00, 18.6, -  , - 
 163, 18600,04112017,25092023 230011, 193, 10677.1, 62.886,119.518,0.354146,  0.1,188.669,1.56e-01, 16.8, -  ,823
 164, 19100,24012018,25092023 232101,1149, 11019.0, 61.359, 76.122,0.328606,360.0, 38.104,2.87e+00, 16.4, -  , - 
 165, 19400,09052021,25092023 215036, 754, 10826.2,  6.595, 98.519,0.379864,  0.2,250.240,1.84e-02, 16.9, 1.2,221
 166, 19700,01102018,26092023 004532, 866, 10335.9, 51.920, 32.466,0.346290,359.9,140.772,1.43e-01, 17.0, 6.7, - 
 167, 19800,17082017,26092023 014943, 448, 10320.7, 61.952, 12.627,0.348695,359.9,301.456,9.06e-02, 18.2, 6.0, - 
 168, 19900,11052013,26092023 003114,   1,  8241.6, 57.258, 13.425,0.199336,359.8,340.579,1.19e-02, 10.7, 0.5,  1
 169, 19901,04062020,25092023 232219, 790,  7475.3, 48.326,216.158,0.106089,  0.1, 49.407,1.39e-01, 17.0, 2.1,446
 170, 20100,03112011,26092023 011840,   0, 11388.3, 63.576,315.428,0.388528,359.9,252.774,1.55e-02, 13.4, 0.1,  1
 171, 20101,19092007,25092023 234153,  16, 10815.0, 35.020,101.411,0.388866,  0.0,315.219,3.32e-03, 19.3,24.5,  4
 172, 20201,13102007,25092023 225339, 297, 11006.8, 34.839,267.565,0.400183,  0.0,248.286,3.23e-03, 19.6, -  , 26
 173, 20501,29092018,26092023 002119, 221, 11414.4, 62.913, 88.663,0.395309,360.0,197.238,8.96e-02, 17.0, -  , - 
 174, 20700,01102018,25092023 225431,  67,  6932.9, 97.566,318.700,0.001118,359.9,  9.330,1.17e-01, 18.0,65.5,219
 175, 20800,29092018,26092023 015300,1607, 11278.9, 61.319,268.398,0.387079,  0.0, 24.621,1.25e+00, 19.7,76.5, - 
 176, 21000,24092018,25092023 211958, 926, 11719.3, 63.768,343.335,0.378390,359.9,296.673,8.84e-02, 18.1,53.9, - 
 177, 21300,22092018,26092023 022337, 907, 11850.6, 25.980,298.522,0.356012,359.9,163.860,5.43e-02, 17.8,30.1, - 
 178, 21400,08092017,26092023 013649,   1, 11896.3, 48.310,248.573,0.375728,  0.1, 93.704,1.33e+00, 14.9, 0.1, 22
 179, 21401,30092018,26092023 011527, 901, 11729.5, 64.719,175.346,0.382064,  0.1,  0.210,1.00e-02, 19.7, -  ,742
 180, 21402,25062020,25092023 233034, 730, 11326.9, 62.152,247.505,0.409407,  0.1, 58.591,5.54e-02, 17.8, 1.5,480
 181, 21700,14012018,25092023 234540, 721, 10825.3, 65.331,103.829,0.385586,  0.0,228.964,2.20e-02, 17.0, 1.1,185
 182, 21900,24122016,26092023 000453, 259, 11250.9,  6.228,327.053,0.398625,359.0,134.241,1.41e-01, 16.8, 4.6, - 
 183, 22100,15072012,26092023 005013,   3, 11628.6, 39.916,345.927,0.431365,359.8, 44.851,3.99e-03, 19.4, 1.3,  1
 184, 22101,18082023,26092023 004820,   2, 12110.1, 62.721,143.526,0.433988,  0.1,299.758,3.80e-01, 13.2, 0.4, 10
 185, 22401,16072022,26092023 002945, 331, 12223.8, 70.030,284.235,0.038966,360.0,212.083,6.15e+00, 14.7, -  , - 
 186, 22402,15072022,26092023 004312,  53, 12230.3, 70.018,284.619,0.001334,360.0,142.425,8.59e-03, 18.9, 0.1,  1
 187, 22600,30062012,25092023 224219,3748,  9067.2, 61.809, 13.567,0.258853,359.9,266.523,1.52e-01, 17.0,33.4, - 
 188, 22601,13082018,25092023 222057, 912, 12268.4, 62.806, 55.859,0.454159,359.9,124.386,8.76e-02, 16.8,15.9, - 
 189, 22700,31102009,26092023 003119, 208, 11795.8, 52.217,350.568,0.419980,359.8, 18.753,3.36e-01, 17.0, -  , - 
 190, 22801,04082007,25092023 214958,   5, 12097.5, 34.562,109.545,0.451309,  0.1,196.809,3.07e-03, 18.6, 0.2,  3
 191, 22900,01052023,26092023 001547, 125, 11764.1, 49.396,287.802,0.415972,359.9,101.089,9.49e-01, 14.3, 3.3,491
 192, 23200,10062016,26092023 005239, 156, 12291.4, 45.829,311.993,0.448825,359.9, 69.164,4.60e-02, 19.0, -  ,184
 193, 23400,04052015,25092023 230646,   1, 12056.7, 52.347,338.881,0.419907,359.8, 65.940,1.35e+00, 17.3, 0.4,142
 194, 23500,24102017,26092023 004034, 796, 11520.2, 24.813,208.188,0.415500,  0.3,103.329,7.43e-02, 15.6, 5.0, - 
 195, 23800,11122012,25092023 230525,   1, 12761.5, 63.267,285.392,0.405723,360.0,265.576,1.00e-02, 12.8, 0.1,  1
 196, 23801,16122017,26092023 023116,2076, 12753.2, 63.184,264.868,0.399861,  0.0,315.807,1.51e+00, 19.3, -  , - 
 197, 23900,02092006,25092023 224300, 454, 11695.2, 39.179,100.300,0.437972,  0.0,254.283,3.00e-03, 18.1, 0.3, 39
 198, 23901,19072009,25092023 234931, 140, 11736.8, 39.825,316.609,0.437523,359.9,153.451,3.60e-03, 19.0, -  ,  9
 199, 24100,08092019,25092023 231129, 823, 12821.7, 64.562,219.593,0.467319,  0.1, 54.225,5.97e-02, 19.6, -  ,435
 200, 24200,23092018,25092023 215556, 925, 12196.1, 20.409, 23.246,0.453950,359.7,322.937,1.51e-02, 18.3, 2.8,169
 201, 24600,21122014,26092023 013326, 708, 10460.5, 62.756,114.842,0.361101,  0.1,109.037,1.82e-01, 17.2, 5.3, - 
 202, 24602,20022009,25092023 222640, 102, 12703.7, 51.637, 15.656,0.463437,359.8,229.457,1.61e-01, 17.0, -  ,377
 203, 24700,19032010,26092023 000804,  77, 12742.5, 51.653,  7.734,0.466238,359.8,245.315,1.02e-01, 16.0, -  ,292
 204, 25000,05012017,26092023 014444,2447, 12072.3, 65.226, 26.131,0.428963,359.9,137.041,2.87e+00, 15.6, -  , - 
 205, 25001,22022009,25092023 213826,   1, 12996.2, 51.756, 11.977,0.478789,359.8,221.434,4.32e-02, 19.9, 0.2,  2
 206, 25200,02012017,25092023 232036, 260, 12648.1, 61.519,303.562,0.461443,359.9,273.005,5.25e-01, 19.4, 8.7, - 
 207, 25400,25052023,26092023 015000, 117, 13309.4, 19.586, 98.940,0.348302,  0.1, 86.894,1.13e+01, 18.0,43.5, - 
 208, 25601,28062017,25092023 224550,2042, 13378.5, 49.505, 43.104,0.190578,359.9, 27.970,8.95e+00, 15.1, -  , - 
 209, 25700,10072017,26092023 000935,   8, 12676.1, 20.606,156.020,0.457021,  0.3, 51.950,9.86e-02, 16.7, 5.4, 15
 210, 25701,23122019,26092023 003247,1210, 12946.3, 63.001, 74.422,0.470462,360.0, 53.249,4.49e-01, 17.0, -  , - 
 211, 25800,07072016,25092023 224525,   1, 13402.1, 20.483, 24.522,0.490375,359.7, 17.098,3.61e-02, 15.9, 0.1,  6
 212, 25900,06012007,25092023 221323,   1, 13484.7, 63.279,236.705,0.341050,  0.1,271.859,1.28e+00, 14.0, 0.1, 11
 213, 25901,02012013,26092023 003624,   0, 13455.1, 55.258,231.931,0.487141,  0.1,182.899,4.29e-03, 13.1, 0.1,  1
 214, 25902,29112010,25092023 223928,   1, 13447.3, 63.415,323.944,0.487975,359.9,247.228,1.11e-01, 14.2, 0.1,  2
 215, 25903,05122016,26092023 005527, 119, 11969.4, 39.805,315.691,0.450459,359.9,100.991,4.12e-03, 19.0, -  ,  8
 216, 25905,10022010,25092023 235839, 806, 13319.9, 51.731,297.781,0.485564,359.9,342.943,1.37e-01, 17.0, -  , - 
 217, 25906,26012022,26092023 002213, 404, 13496.0, 63.381,181.472,0.345670,  0.1,274.868,6.28e-01, 16.4, 8.0, - 
 218, 26000,30092012,26092023 014339,   0, 13514.8, 63.399, 23.352,0.342884,359.9,268.328,5.00e-03, 13.1, 0.1,  1
 219, 26001,30092012,25092023 235026,   0, 13506.2, 63.215,259.486,0.335249,  0.0,272.122,4.44e-03, 12.8, 0.1,  1
 220, 26002,17022008,25092023 230306, 865, 13336.2, 51.640,288.012,0.488164,360.0, 17.200,6.80e-02, 17.0,14.1, - 
 221, 26003,30052019,26092023 004649,  26, 13521.9, 63.173,273.077,0.337190,360.0,272.285,1.12e-01, 16.7, 0.4,143
 222, 26200,23122016,26092023 003327, 708, 13275.2, 65.523, 84.427,0.490541,360.0,327.234,8.10e-02, 16.8, -  , - 
 223, 26400,30012007,25092023 222327,  40, 13671.2, 62.679,283.336,0.480464,360.0,278.640,1.00e-02, 18.5, 0.1, 27
 224, 26502,27072016,25092023 231839, 641,  9001.6, 63.742,186.674,0.257355,  0.1,338.927,1.81e-01, 17.0,11.6, - 
 225, 26503,18092021,25092023 233528, 634, 10670.7, 60.660, 39.044,0.375170,359.9,155.483,1.42e-01, 17.0, 3.8,956
 226, 26700,29102014,25092023 221500,   1, 11492.4, 62.968, 26.086,0.415277,359.9,326.015,4.26e-02, 16.2, 0.3,  1
 227, 26800,31121993,26092023 004937,4842,  7713.5, 62.613, 66.565,0.140967,359.9,  8.416,1.00e-02, 18.0, 4.6, 41
 228, 26900,15062015,25092023 205648,2998, 13762.6, 65.319,131.567,0.480717,  0.1,252.908,2.40e+00, 17.0, -  , - 
 229, 26901,28092018,25092023 222845,  26, 13813.2, 62.924,238.840,0.460292,  0.1,296.561,1.05e-02, 18.1, 0.1, 15
 230, 27002,03012021,26092023 002539, 992, 13803.9, 27.024,  5.917,0.497374,359.7,227.671,4.99e-01, 18.3, -  ,715
 231, 27100,27042016,26092023 021829,1311, 13303.6,  6.689, 13.920,0.493884,358.9, 60.475,7.60e-02, 17.4, 4.1, - 
 232, 27200,18052023,25092023 225957, 129, 13883.2, 11.483,349.436,0.485395,359.4,183.761,2.56e+00, 18.7, -  , - 
 233, 27300,05012018,26092023 001914,1618, 10668.8, 66.221,298.129,0.347572,359.9,140.354,2.26e+00, 14.6, -  , - 
 234, 27400,26052018,26092023 000419, 777, 10645.3, 62.015,161.719,0.383908,  0.1,118.930,8.65e-03, 17.6, 0.8, 69
 235, 27500,17072013,25092023 211202,   1, 13418.7, 60.843,155.441,0.502982,  0.1,228.092,1.19e-02, 10.7, 0.1,  1
 236, 27600,24022008,26092023 034830, 761, 14015.1, 51.812,314.116,0.505224,359.9, 54.492,1.08e-01, 15.3, -  , - 
 237, 27601,27022020,25092023 231647,1291, 13222.3, 24.365,350.390,0.495907,359.7, 17.039,3.78e-02, 17.3, 0.3, 75
 238, 27700,30092018,26092023 005316,   2, 12843.3, 65.115, 85.045,0.464618,360.0, 87.326,1.55e+00, 18.1, 2.7, 74
 239, 27702,10112022,25092023 231143, 286, 14130.6, 20.828,333.843,0.474613,359.7, 78.535,4.79e-01, 18.1,12.8,537
 240, 27801,10112022,25092023 221328, 253, 14126.0, 63.488,185.145,0.505763,  0.1,240.890,5.37e-02, 18.7,38.0,266
 241, 28002,22072023,25092023 235629,  51, 14161.4, 21.388,106.655,0.501486,  0.1,114.817,1.97e+00, 18.1, -  , - 
 242, 28100,08112012,25092023 224818,3429, 14196.7,104.022,212.278,0.214701,  0.1,237.864,2.05e+01, 15.5, -  , - 
 243, 28200,05042018,25092023 215334,1215, 14144.1, 65.782,191.348,0.472501,  0.1,277.018,4.85e+00, 17.6, -  , - 
 244, 28201,29092018,25092023 225132,  24, 14041.4, 18.421, 47.379,0.514620,359.7,268.190,4.94e-02, 19.1, 1.8, 61
 245, 28300,22102011,25092023 220231,   1, 12621.6, 20.305,102.283,0.474546,  0.1,331.188,8.42e-03, 10.7, 0.2,  1
 246, 28304,04082023,26092023 001917,  51, 13696.9, 20.074, 67.140,0.518522,359.8, 99.346,5.41e-02, 18.3, 0.9,250
 247, 28402,22072019,26092023 004201,1526, 14271.3, 65.011,139.229,0.515813,  0.1,263.527,1.56e-02, 15.8, -  , 35
 248, 28403,21102022,25092023 231543, 338, 11733.9, 64.693, 42.264,0.408784,359.9,310.553,2.14e+00, 19.2, -  , - 
 249, 28800,13032018,26092023 020033,1763, 14511.2, 64.669,312.455,0.492036,359.9, 61.168,3.06e+00, 15.9, -  , - 
 250, 29000,22022018,26092023 013258,   1, 13923.5, 65.136,228.562,0.503199,  0.1, 58.345,4.53e-01, 15.7, 0.4, 19
 251, 29100,19102022,25092023 231859, 335,  9465.0, 64.945,348.946,0.283009,359.9,293.888,2.89e+00, 18.5,12.8, - 
 252, 29200,17052023,26092023 012412, 129, 12863.9, 47.365,179.532,0.460504,  0.2,340.674,8.14e+00, 17.9, -  , - 
 253, 29302,21102022,26092023 002652, 311,  9307.1, 65.086,339.986,0.273296,359.9,291.680,4.23e+00, 16.6,30.2, - 
 254, 29303,27022023,26092023 011452, 201, 14438.4, 64.498,215.089,0.525637,  0.1,340.875,8.86e-01, 16.1, 1.7,489
 255, 29600,15032018,26092023 004842,1965, 14769.8, 48.222,188.996,0.257357,  0.2,286.586,3.48e+01, 14.3, -  , - 
 256, 29700,25042022,25092023 231727, 129, 14554.7,  8.904,330.147,0.528399,359.3,239.244,8.66e-01, 19.1, -  , - 
 257, 29800,22072015,25092023 221812,2961, 14000.7, 26.050, 51.757,0.512553,359.8,133.853,3.68e-01, 16.8, -  , - 
 258, 29801,02042018,26092023 002142, 920, 14034.9, 26.363, 37.772,0.522759,359.8,206.867,2.80e-02, 19.1, 1.2,359
 259, 30000,15082007,25092023 231924, 758, 14888.9, 50.624,331.128,0.477878,359.9,  0.097,1.17e-01, 17.7,76.0, - 
 260, 30101,03052017,25092023 222909, 692, 13559.6, 40.149, 49.652,0.513566,359.9,245.376,3.45e-03, 18.8, 0.4, 31
 261, 30102,13062017,25092023 230355,1562, 14971.8, 65.095,298.024,0.472766,359.9,161.208,9.80e+00, 16.2, -  , - 
 262, 30200,27072017,26092023 014111, 643, 14511.1, 62.081,176.714,0.533705,  0.1, 84.522,1.24e-01, 15.5, 2.6,811
 263, 30501,11082021,25092023 220821, 724, 14956.9, 15.396,251.170,0.533756,  0.2,178.788,3.04e-01, 13.5, -  , - 
 264, 30700,20062009,26092023 000423, 640, 15070.8, 64.023,235.334,0.534069,  0.1, 23.383,1.42e-01, 16.9, -  , - 
 265, 30701,30092018,25092023 215412, 780, 14819.0, 65.341,352.434,0.531613,359.9,269.703,1.49e-01, 17.0, -  , - 
 266, 30705,21102022,25092023 203943, 334, 12607.1, 65.567, 79.420,0.438151,360.0,301.136,3.80e+00, 18.4,61.7, - 
 267, 30801,17102022,26092023 010837, 223, 14878.3, 26.676,142.526,0.542824,  0.2,291.021,6.19e-02, 14.7, -  ,488
 268, 31001,23062016,26092023 002529, 780, 12481.4, 24.393,213.847,0.465834,  0.3, 17.037,6.66e-02, 15.0,17.6, - 
 269, 31002,09042018,25092023 225120,1923, 15217.3, 49.861,222.968,0.469757,  0.1, 18.355,7.06e+00, 16.1, -  , - 
 270, 31006,10072021,26092023 013009, 691, 15137.5, 65.228, 96.808,0.541437,  0.0,101.587,8.15e-02, 17.0, -  ,701
 271, 31201,25022021,26092023 014751, 796, 15181.2, 64.279,165.372,0.548585,  0.1,212.422,2.16e+00, 14.6, -  , - 
 272, 31203,19102022,26092023 002506, 290, 14223.2, 65.155, 97.692,0.491604,  0.0,315.275,3.01e+00, 18.4,50.8, - 
 273, 31302,21102022,25092023 215602, 334, 15169.8, 66.548,112.106,0.526837,  0.1,302.905,1.46e+00, 18.0, -  ,673
 274, 31400,12022016,25092023 204925,2679, 14359.7, 64.301,160.422,0.523979,  0.1,189.105,2.66e+00, 14.0, -  , - 
 275, 31401,02012017,26092023 025434,1698, 15321.0, 64.449, 11.724,0.470767,359.9,298.858,9.17e-02, 15.7,24.3, - 
 276, 31402,19072017,26092023 004046,1227, 14908.2, 65.029, 91.768,0.537451,  0.0,150.449,4.47e+00, 16.1, -  , - 
 277, 31405,11122022,25092023 193546, 181, 15377.4, 51.787,263.589,0.488605,  0.0,291.974,2.67e+01, 18.3,41.9, - 
 278, 31406,19032023,26092023 041541, 111, 15337.3, 65.426,139.845,0.493557,  0.1,124.609,5.07e+00, 15.5,38.5, - 
 279, 31501,16102019,26092023 024411,1282, 15400.5,  6.808,198.946,0.508564,  1.0, 68.498,3.17e-01, 17.8, -  , - 
 280, 31502,19102022,25092023 202250, 339, 14915.2, 65.543,104.727,0.528717,  0.0,309.580,1.95e+00, 17.2,87.8, - 
 281, 31600,11052017,25092023 232602, 237,  9938.7, 24.179,339.216,0.335037,359.7,285.180,1.01e-01, 16.6, 1.6,561
 282, 31601,26052018,25092023 234444,  67,  6935.9, 97.574,318.671,0.001123,359.9,357.148,1.87e-01, 18.7,29.5,691
 283, 31604,31082022,26092023 020529, 385, 14831.3, 98.328, 16.783,0.543782,359.9, 21.709,3.23e-01, 19.0, 3.4, - 
 284, 31606,27102022,25092023 225550, 300, 14333.7, 65.336, 99.247,0.508189,  0.0,312.010,2.08e+00, 18.8,36.3, - 
 285, 31704,11072021,25092023 214307, 802, 15518.6,  7.730, 12.987,0.471544,359.0,  8.121,7.14e-01, 19.1,31.8,908
 286, 31705,28122021,25092023 200731, 633, 14713.3, 24.952,107.613,0.541608,  0.1,209.078,1.42e-01, 17.4, 0.5,117
 287, 31800,26122015,25092023 232442,  86, 14181.7, 64.640, 82.165,0.499570,360.0,318.330,1.62e+00, 15.9,61.9, - 
 288, 31803,29082022,26092023 010112, 390, 14962.9, 63.778,217.570,0.543141,  0.1,187.458,1.10e+00, 17.7, 4.5, - 
 289, 31806,16052023,26092023 004317, 130, 14852.4, 24.502,326.880,0.550604,359.7,164.051,7.73e-02, 18.9, 0.1, 13
 290, 31900,02042015,26092023 000247,3088, 14970.3,  8.533,216.627,0.523155,  0.7,259.006,3.81e-02, 15.5, 4.5,716
 291, 31901,02062015,25092023 233326,2709,  9384.9, 60.495,164.597,0.291514,  0.1,195.885,1.30e-01, 15.3,17.4, - 
 292, 31902,24072018,25092023 224010, 586, 12306.5, 65.197,213.195,0.454387,  0.1,247.385,6.79e-02, 19.4, 3.4,651
 293, 31904,04122019,26092023 011537,1236, 10635.9, 24.702,153.551,0.376617,  0.3,  4.895,5.02e-02, 17.0, 2.4,767
 294, 32000,15042011,26092023 035208,   1, 13971.2, 25.729,  5.496,0.523813,359.7, 92.130,9.62e-03, 11.0, 0.1,  1
 295, 32003,10062023,25092023 215938, 103, 15572.9, 48.874,329.442,0.221247,359.9, 15.664,1.27e+01, 16.4,24.3, - 
 296, 32100,07032015,26092023 015447,   1, 15414.7, 27.324, 17.024,0.554437,359.7,120.988,2.11e-02, 16.8, 0.1,  1
 297, 32101,03042016,26092023 005542,   1, 12738.4, 23.820,186.744,0.471255,  0.3,115.454,3.55e-02, 16.1, 0.6,  1
 298, 32104,17112020,25092023 211833, 790, 14416.4, 65.539,176.543,0.523101,  0.1,290.324,1.94e-01, 16.0, 3.3,907
 299, 32200,01122015,26092023 030054,   1, 14964.9, 65.266, 77.707,0.538420,360.0,100.801,6.30e-02, 15.2, 0.1,  2
 300, 32201,16022016,25092023 231214, 308, 13553.7, 62.642,184.512,0.492062,  0.1,296.783,4.41e-01, 14.4, -  , - 
 301, 32305,30102022,25092023 222121, 323, 15524.7, 65.104,114.394,0.534757,  0.1,319.911,3.16e+00, 17.9, -  , - 
 302, 32400,14022014,25092023 193302,1371, 15224.2, 28.341, 58.136,0.562656,359.8,243.066,6.97e-02, 19.1, 3.6,903
 303, 32401,07032018,26092023 010813,1327, 15633.1,  5.818,185.163,0.535471,  1.3,165.241,6.10e-01, 18.3, -  , - 
 304, 32406,19102022,26092023 020309, 300, 13262.3, 64.324, 87.977,0.453147,360.0,328.263,4.30e+00, 18.5,31.2, - 
 305, 32407,12042023,26092023 013711, 160, 15693.0, 64.871,328.844,0.487727,359.9,349.533,7.16e+00, 17.2, -  , - 
 306, 32501,24012018,25092023 212730, 314, 12287.4, 64.172, 29.773,0.434385,359.9,321.662,5.89e+00, 15.9, -  , - 
 307, 32511,02072022,26092023 010151,  10, 15544.8, 11.335,234.997,0.561531,  0.4,315.152,9.29e-02, 17.5, 8.2, 10
 308, 32604,19102022,26092023 013540, 306, 14138.3, 64.204,104.056,0.464654,  0.0,333.755,5.32e+00, 17.4, -  , - 
 309, 32700,06112014,25092023 230503,3136, 15576.6, 66.057,342.069,0.558985,359.9,194.070,1.82e-01, 15.3,92.3, - 
 310, 32702,25032017,25092023 221700, 548, 10809.5, 64.528,217.600,0.384303,  0.1,318.909,7.18e-02, 19.1, 4.3,558
 311, 32708,23052019,26092023 033342,1514, 15773.6, 65.420,195.421,0.541073,  0.1,307.129,1.12e-01, 16.8,84.6, - 
 312, 32709,27062023,25092023 220703,  68, 12537.0, 26.021,184.198,0.464808,  0.3,329.655,8.85e-01, 17.9,26.1,375
 313, 32805,30112018,25092023 222551,1714, 12920.3, 65.667,337.962,0.479235,359.9,204.134,1.47e+00, 17.6, -  , - 
 314, 32806,19102020,25092023 211154, 843, 13983.4, 65.141,146.453,0.512630,  0.1,302.958,1.12e-01, 16.0, 7.8, - 
 315, 32807,19102022,25092023 225650,  74, 15023.1, 64.971,116.010,0.506916,  0.1,324.279,3.89e+00, 17.7,52.3, - 
 316, 32808,26042023,25092023 215521,  38, 15590.3,  1.932, 75.885,0.566095,358.9,148.370,1.69e-01, 18.1, -  ,162
 317, 32900,16092014,25092023 221710,   1, 15775.7, 65.321,198.211,0.554257,  0.1,252.569,1.07e-02, 18.7, 0.1,  1
 318, 32905,09102018,25092023 231050,1654, 14537.8, 65.613,346.625,0.537677,359.9,193.192,6.46e-01, 16.0, -  , - 
 319, 32911,04052023,25092023 231912, 139, 15784.7, 63.742,323.720,0.523633,359.9,291.625,3.30e+00, 17.4,18.3, - 
 320, 33000,15012018,26092023 001825,1086, 15693.9, 22.232,259.106,0.519707,  0.1,160.377,1.19e+00, 16.6, -  , - 
 321, 33003,14102018,26092023 022213,1308, 15742.2, 65.944, 66.991,0.548325,359.9,203.262,8.20e-02, 17.3, -  , - 
 322, 33005,04112018,26092023 013948,1693, 15819.1, 65.497, 28.928,0.566787,359.9,206.999,1.36e-01, 18.5, -  , - 
 323, 33006,05112018,26092023 002521,1771, 15493.5, 65.523, 27.485,0.556662,359.9,212.710,1.33e+00, 18.7,56.5, - 
 324, 33007,28062019,26092023 025817, 677, 15816.2, 65.733, 81.843,0.551787,360.0, 61.450,1.29e+00, 16.0, -  , - 
 325, 33008,10012021,26092023 021858, 938, 13242.1, 49.972,165.512,0.449932,  0.2, 27.174,3.01e+00, 16.8, -  , - 
 326, 33009,14122020,26092023 011120, 795, 15472.8, 66.044,237.981,0.551152,  0.1,279.869,1.92e-01, 15.5, 5.1, - 
 327, 33010,09012023,25092023 211816, 253, 15705.0, 35.100,103.150,0.493497,  0.0, 91.425,4.60e+01, 18.2, -  , - 
 328, 33101,27012017,25092023 225648, 505, 14348.4, 64.555, 33.242,0.528420,359.9,335.726,6.99e-02, 19.7, 3.3,689
 329, 33106,30102018,26092023 002734, 464, 15825.6, 65.554, 33.683,0.565780,359.9,208.894,6.06e-02, 18.6, -  ,211
 330, 33110,27072016,25092023 213913,   2, 15867.5, 65.061,198.032,0.546452,  0.1,321.739,2.48e-01, 16.5, 0.3, 57
 331, 33114,23042020,25092023 232927,1250, 11070.2, 63.729,324.774,0.394448,359.9,  6.440,4.52e-01, 16.7,10.6, - 
 332, 33116,23032020,26092023 002747, 779, 15657.2, 63.747, 56.230,0.569050,359.9, 21.166,4.36e-02, 17.0, -  , 53
 333, 33205,14102018,25092023 213638,   6, 15890.4, 65.373, 36.277,0.565667,359.9,214.993,9.33e-03, 17.4, 0.1,  2
 334, 33208,29082019,25092023 222447,1451, 15944.9, 65.053,196.628,0.425383,  0.1,210.498,1.30e+01, 16.2, -  , - 
 335, 33300,10082014,26092023 005026,   0, 15878.1, 64.621,152.468,0.570243,  0.1,346.851,5.31e-02, 14.3, 0.1,  1
 336, 33303,30092018,26092023 021053, 722, 15978.2, 63.826,255.985,0.566254,  0.0, 20.690,7.89e-02, 19.5, -  ,191
 337, 33304,09102018,26092023 001415, 288, 11052.3, 65.142,303.913,0.397383,359.9,195.461,6.36e-01, 13.9,13.7, - 
 338, 33402,10092017,25092023 220237,   1, 15972.0, 64.779, 76.638,0.575647,360.0,350.650,8.69e-03, 15.4, 0.1,  1
 339, 33404,19092023,25092023 233830,   3, 15944.7, 65.005,354.381,0.568488,359.9,188.506,4.86e-01, 16.9, 1.8,  3
 340, 33503,13082017,25092023 214956,2188, 16010.0, 64.348,133.019,0.494611,  0.1,255.705,2.35e-01, 14.4,94.5, - 
 341, 33511,18102018,25092023 233912,1790, 16016.7, 61.688, 49.936,0.510468,359.9, 25.896,2.95e+00, 15.9, -  , - 
 342, 33513,21052022,26092023 004009, 486, 14833.9,  6.710, 13.493,0.546291,358.9,168.570,1.12e-01, 19.0,14.7, - 
 343, 33614,21092020,26092023 032656,1097, 15770.7, 11.494,263.986,0.574672,  0.1, 73.215,2.70e-02, 17.8, 9.4, - 
 344, 33615,04062014,25092023 220256,1654, 16003.3, 64.663,  7.410,0.567695,359.9,339.389,5.39e-02, 16.9,17.9, - 
 345, 33703,02062016,25092023 220029,   3, 16093.3, 65.140,127.704,0.565754,  0.1,310.602,7.95e-03, 15.7, 0.1,  1
 346, 33704,01082016,25092023 222132,   1, 15693.8, 65.047,321.418,0.553739,359.9,279.674,6.62e-02, 14.5, 0.1,  4
 347, 33705,02052017,26092023 033237, 243, 15865.8, 65.307,117.597,0.557784,  0.1,300.570,1.19e-01, 19.3,24.5,439
 348, 33706,21082017,26092023 004131, 847,  7929.4, 63.833,136.706,0.155154,  0.1,331.517,2.99e-01, 16.3, 7.8, - 
 349, 33715,15102018,25092023 214713,1744, 16046.2, 65.344, 50.567,0.568827,359.9,219.230,6.31e-02, 18.3, -  ,714
 350, 33721,10102016,25092023 215226,  96, 16052.3, 65.719, 35.841,0.569005,359.9,230.484,2.23e-02, 18.5, 8.1, 32
 351, 33800,21062014,25092023 201739,   1, 15919.8, 64.756,323.492,0.563264,359.9,200.439,5.54e-01, 15.2, 0.2, 38
 352, 33801,24072017,25092023 235700, 949, 15937.5, 64.573,215.670,0.566859,  0.1,322.107,4.50e-02, 18.2, -  ,738
 353, 33804,18012018,25092023 221251, 421, 15470.4, 26.995,177.672,0.552744,  0.3,229.878,1.34e-01, 17.5,45.4, - 
 354, 33815,07052021,25092023 231914, 147, 15899.9, 64.611,163.539,0.572703,  0.1,348.526,8.26e-02, 17.5, -  ,195
 355, 33816,15042023,26092023 022227, 147, 16136.8, 63.778,331.743,0.237349,359.9,344.810,1.85e+01, 17.9,31.8, - 
 356, 33900,31012015,26092023 024717,   0, 16191.9, 64.323,214.104,0.576589,  0.1,357.864,8.65e-03, 16.0, 0.1,  1
 357, 33901,27082017,25092023 235924, 837, 15857.9, 64.736,235.354,0.557770,  0.1,314.499,3.13e-01, 16.1, -  , - 
 358, 33902,27112017,26092023 022433,1529, 15934.8,  7.428,113.405,0.568970,  0.4,149.836,4.59e-02, 17.9, -  ,955
 359, 33903,08072016,26092023 004643,2080, 13861.5, 66.764,184.015,0.449961,  0.1,329.251,1.45e-02, 16.8,12.2,564
 360, 33907,11072018,26092023 015648,   1, 16093.0, 65.156,267.227,0.558865,  0.0,261.701,5.06e-02, 15.3, 0.1,  3
 361, 33918,05112020,25092023 202904,   0, 15742.0, 65.400,234.988,0.563052,  0.1,302.144,3.61e-02, 15.0, 0.1,  1
 362, 33919,05012021,26092023 014017, 991, 12632.8, 24.574,275.625,0.466068,360.0,178.586,7.68e-02, 16.9,16.5, - 
 363, 34000,01102014,25092023 192731,   1, 16187.0, 65.305,299.542,0.555535,359.9,271.943,8.54e-03, 16.1, 0.1,  1
 364, 34010,19102018,25092023 232636, 644, 12978.9, 64.704,192.052,0.452407,  0.1, 84.766,1.84e+00, 17.0, -  , - 
 365, 34011,15102018,25092023 213448, 127, 15832.1, 65.765, 67.500,0.560110,359.9,209.946,3.33e+00, 16.2, -  , - 
 366, 34012,08012020,25092023 194749,   1, 16049.6, 64.867,355.036,0.564476,359.9,312.113,4.59e-02, 14.8, 0.1,  2
 367, 34013,02092023,25092023 233924,   1, 16139.4, 58.072,312.196,0.462580,359.9,184.029,5.97e+00, 15.8, 0.5,154
 368, 34100,28032016,25092023 190113,   1, 16171.6, 65.416,161.798,0.557506,  0.1,292.241,6.05e-02, 14.6, 0.1,  2
 369, 34101,21042016,25092023 221413, 838, 16201.9, 65.490,174.045,0.555780,  0.1,288.158,1.08e-01, 19.8,59.5,966
 370, 34102,15082016,26092023 020608,1709, 15780.8, 65.626,  2.856,0.567217,359.9,223.236,9.07e-02, 19.3, -  , - 
 371, 34113,10102018,25092023 215826,1810, 16119.1, 65.447, 60.478,0.572049,359.9,215.695,2.24e-01, 14.5, -  , - 
 372, 34114,10102018,25092023 203240,   1, 16277.1, 65.488, 67.906,0.577539,359.9,215.208,8.54e-03, 15.9, 0.1,  1
 373, 34115,11102018,25092023 211015,1641, 13147.9, 65.827, 14.584,0.488608,359.9,193.367,1.18e+00, 16.1, -  , - 
 374, 34208,06112018,25092023 232148, 714,  8776.0, 65.063,270.156,0.238845,  0.0,184.196,3.47e+00, 14.6, -  , - 
 375, 34209,03112019,25092023 201936,1401, 16261.2, 63.886,263.722,0.277647,  0.0, 13.855,1.73e+01, 16.0, -  , - 
 376, 34300,28032016,26092023 002311,   1, 16049.5, 64.764,135.543,0.572462,  0.1,329.440,5.92e-02, 14.1, 0.1,  2
 377, 34308,12062018,25092023 212119,   5, 16082.9, 64.444,191.522,0.574461,  0.1,347.696,1.71e-01, 17.2, 3.6, 13
 378, 34321,16122019,26092023 000650, 256, 16242.9, 65.686,136.572,0.561818,  0.1,317.540,1.12e-01, 16.5,20.9,263
 379, 34402,16022018,26092023 005813, 514, 12876.9, 64.578, 42.837,0.482449,359.9,349.594,7.47e-02, 19.3, 3.3,516
 380, 34403,29052018,26092023 011706,   0, 16152.4, 64.632,184.652,0.577356,  0.1,336.802,6.34e-02, 14.4, 0.1,  1
 381, 34414,25062018,26092023 035511, 170, 15814.6, 64.562,174.262,0.571372,  0.1,341.791,8.57e-02, 17.5,10.0,197
 382, 34417,13102018,25092023 223032,1664, 16098.5, 65.724, 72.463,0.574608,360.0,201.532,5.72e-01, 17.2, -  , - 
 383, 34418,16102018,25092023 224802,   9, 14524.8, 65.391,  8.551,0.542805,359.9,212.351,8.90e-01, 14.4, 0.7,131
 384, 34420,14102019,26092023 032846, 724, 14729.7, 25.266,192.928,0.541104,  0.3, 96.101,2.97e-02, 16.8, 0.7,197
 385, 34424,25072023,25092023 233749,  61, 16291.2, 66.061, 93.173,0.539916,  0.0, 76.271,9.76e-03, 17.7, 0.2, 53
 386, 34509,08072018,25092023 232944, 107, 13032.6, 64.621,156.608,0.466988,  0.1,115.093,1.29e-01, 16.6, -  ,392
 387, 34600,24032004,25092023 185550,  18, 16287.2, 63.298,110.184,0.585391,  0.0,252.851,2.97e-02, 15.8,14.3, 15
 388, 34602,08072016,25092023 224841, 645, 16195.7, 61.948,189.383,0.545259,  0.1, 59.782,2.52e+00, 17.2, -  , - 
 389, 34603,19012018,25092023 233410,2072, 16402.4, 61.937,268.701,0.463618,  0.0,126.555,1.06e+01, 17.4, -  , - 
 390, 34604,22012018,26092023 002018,2064, 15135.0, 65.899,203.845,0.520965,  0.1,333.103,5.98e+00, 16.7, -  , - 
 391, 34605,27012018,25092023 213553,2060, 15154.0, 65.861,186.295,0.520745,  0.1,311.582,5.03e+00, 15.6, -  , - 
 392, 34614,13022020,25092023 231554,1320, 16371.4, 64.787, 63.347,0.559683,359.9,337.921,3.36e-02, 16.5,62.9, - 
 393, 34615,13112022,25092023 223717, 259, 16282.3, 65.396,137.822,0.566104,  0.1,328.022,5.65e-01, 17.5, -  , - 
 394, 34700,26042016,25092023 213542, 674, 16361.7, 64.657,301.970,0.551722,359.9,335.014,9.18e-01, 17.2, -  , - 
 395, 34701,24122017,25092023 195105,  70, 16310.7, 66.665, 49.273,0.508909,359.9,293.157,5.11e+00, 15.4,27.1, - 
 396, 34702,08012018,26092023 015938, 698, 16356.4, 62.957,190.155,0.579525,  0.1, 52.507,3.45e+00, 16.9, -  , - 
 397, 34710,19102022,26092023 015519, 333, 16365.5, 64.762,125.762,0.571057,  0.1,324.115,1.20e-01, 18.9,73.8, 53
 398, 34800,12062017,25092023 220445, 891, 13676.2, 64.679,338.911,0.506523,359.9,307.492,4.04e-02, 18.6, -  ,466
 399, 34802,27012018,26092023 011139,2039, 10699.5, 64.311, 30.471,0.354360,359.9,339.305,2.13e+00, 18.7, -  , - 
 400, 34901,24112019,26092023 021620, 309, 11843.5, 64.520, 22.469,0.440006,359.9,348.468,8.36e-02, 19.4, 2.5,263
 401, 35002,20092021,25092023 214026, 668, 16459.0, 70.069, 92.473,0.543913,  0.0,146.264,3.87e+00, 15.0, -  , - 
 402, 35100,06072012,25092023 230745, 504, 12730.6, 49.684,343.407,0.443847,359.8, 51.357,1.90e+00, 15.2,55.3, - 
 403, 35101,10102018,25092023 235743,1740, 16370.9, 65.266, 80.487,0.572223,360.0,230.439,1.09e+00, 17.0, -  , - 
 404, 35200,24022012,26092023 000740,   1, 15512.7, 63.141,283.668,0.574534,360.0,267.665,1.12e-02, 12.4, 0.3,  1
 405, 35201,23062004,25092023 233544,   0, 16653.0,  4.961,320.977,0.537772,358.9,338.734,1.14e+00, 13.9, 0.1, 14
 406, 35206,12092020,25092023 223851,1105, 16637.2, 64.528,271.866,0.255237,360.0, 90.149,1.59e+01, 15.9, -  , - 
 407, 35207,06112006,25092023 191844, 300, 16252.5, 29.822, 70.481,0.575666,359.9,275.081,3.74e-01, 18.8,11.2, - 
 408, 35400,02032015,26092023 024814,   2, 16488.2, 64.399,270.587,0.578713,  0.0,354.092,9.36e-02, 19.3, 0.1,  5
 409, 35401,19072016,25092023 231439, 971, 16507.2, 65.108,186.930,0.576462,  0.1,311.120,3.72e-02, 18.7, -  ,561
 410, 35404,13102018,25092023 220105, 161, 14339.6, 65.620, 39.614,0.527285,359.9,211.393,1.31e+00, 16.8,22.0, - 
 411, 35405,16072023,26092023 000710,  64, 16591.3, 64.095,289.546,0.504353,360.0,235.772,1.74e+00, 19.0,33.7, - 
 412, 35500,08032013,26092023 031647, 947, 16145.1,  8.311,164.133,0.572502,  0.9,156.758,2.83e-02, 16.8, -  ,666
 413, 35501,29012018,26092023 002655, 209, 16228.8, 64.792,250.013,0.545118,  0.1,350.535,3.42e+00, 16.9, -  , - 
 414, 35602,02012019,25092023 193615,   2, 16530.5, 64.196,279.453,0.583580,360.0,  3.271,2.32e-01, 16.7, 0.5, 15
 415, 35603,24102020,26092023 012533, 247, 16504.5, 65.280,139.019,0.580263,  0.1,327.923,1.18e-01, 17.4, -  ,240
 416, 35604,08062023,26092023 021800, 109, 16511.1,  4.822,  3.471,0.586888,358.4,190.041,2.63e-01, 19.1, 8.8, - 
 417, 35701,08052018,25092023 191356,1958, 16720.2, 64.363,320.936,0.501768,359.9,265.570,2.24e+00, 18.8, -  , - 
 418, 35703,11102018,26092023 010145,1793, 13592.8, 65.673, 27.591,0.505013,359.9,201.305,1.98e+00, 17.1,98.3, - 
 419, 35704,07022007,25092023 203136,   3, 16364.4, 27.717,165.898,0.593125,  0.3, 65.562,6.25e-03, 19.9, 1.5,  1
 420, 35800,19112019,25092023 233849, 794, 16613.1, 64.999,136.363,0.587189,  0.1,336.788,7.37e-02, 17.6, -  , - 
 421, 35902,11012023,26092023 000139, 108, 16820.6, 49.090, 30.087,0.378522,359.8,257.461,2.04e+01, 15.6,18.8, - 
 422, 36001,28082022,25092023 204200, 389, 16079.5, 10.704,325.582,0.572337,359.4,185.708,3.68e-01, 19.1, 0.9,233
 423, 36100,05012020,25092023 222952,1342, 16842.1,  2.939,210.894,0.457161,  2.2,258.568,4.96e+00, 18.0, -  , - 
 424, 36101,29052022,26092023 023249, 433, 16835.8,  9.515,102.400,0.581816,  0.2,286.350,8.37e-02, 18.1,68.5,512
 425, 36200,13032015,25092023 225802,  32, 16623.3, 65.045, 97.775,0.580716,  0.0,317.152,4.27e-02, 17.9, 1.2, 43
 426, 36301,30092022,25092023 223156, 343, 16867.2, 70.275,311.905,0.473584,359.9,188.924,5.90e+01, 17.6, -  , - 
 427, 36302,18052023,25092023 231048, 126, 16718.5,  8.281, 61.510,0.596083,359.5, 74.966,8.74e-02, 18.1, 0.3, 71
 428, 36402,11062023,25092023 231328, 104, 16936.5, 64.861,320.402,0.567874,359.9,337.359,2.07e+00, 15.8,17.8, - 
 429, 36701,01012021,25092023 234823, 956, 16904.3,  7.187,215.875,0.599617,  0.9, 93.316,2.28e-02, 16.4, -  ,371
 430, 36702,07012021,25092023 221047, 950, 16822.6, 30.483,348.467,0.599465,359.7,  2.795,4.67e-02, 17.9, 0.5,137
 431, 36801,29032016,26092023 004929,2532,  7968.7, 48.862, 62.798,0.181158,359.9,346.449,3.54e-03, 16.1, 1.4, 19
 432, 36802,30092018,25092023 221503,  25, 17045.3, 63.933,104.705,0.567724,  0.0,242.745,1.50e-02, 16.9, 0.1, 38
 433, 36803,14102018,26092023 003036,  11, 17022.0, 65.337,127.938,0.591047,  0.1,227.864,1.49e-01, 17.6, 1.5, 51
 434, 36804,09052023,26092023 005305, 137, 17055.1, 44.574,335.782,0.539099,359.8, 80.276,4.03e+00, 18.5, -  , - 
 435, 36901,08112022,25092023 182459, 306, 16936.8, 25.101, 10.815,0.592708,359.7,304.309,8.71e-01, 17.6, -  ,351
 436, 37000,03022016,25092023 231655,2784, 14329.6, 26.614, 98.960,0.526616,  0.0,  6.545,1.51e-01, 17.0, 3.6,783
 437, 37201,22112019,26092023 005321,1334, 17128.4,  9.839,342.851,0.588468,359.3,144.354,1.26e-01, 18.5, -  , - 
 438, 37202,15112020,25092023 213651,   1, 17157.3, 58.848,123.164,0.013474,  0.1,171.731,1.33e-02, 10.4, 0.1,  1
 439, 37300,27022018,26092023 023941, 778, 16523.7, 25.901,103.285,0.593205,  0.1, 37.237,2.60e-02, 18.6, 1.1,139
 440, 37302,21042023,26092023 040559, 133, 17214.6,  9.432, 49.618,0.584072,359.5, 50.781,2.83e-01, 18.7, 6.1, 94
 441, 37400,12012010,25092023 225412,   0, 16188.7,  2.720,357.811,0.586008,357.2,192.403,8.12e-02, 13.9, 0.1,  3
 442, 37401,09042016,25092023 223407,1665, 17174.0,  8.813,141.276,0.546717,  0.7,152.017,2.42e-01, 18.2,27.8, - 
 443, 37601,22122009,26092023 003005,1241, 17213.9, 66.007, 13.565,0.582079,359.9,229.118,1.61e+00, 16.8, -  , - 
 444, 37801,13052022,25092023 232319,  23, 17083.5,  7.688, 95.078,0.603285,  0.1, 25.139,2.52e-02, 17.4,17.1, 12
 445, 37900,03122019,25092023 232327,1351, 16131.9, 49.275,179.992,0.579545,  0.2, 17.103,4.44e-01, 17.5,28.6, - 
 446, 37901,04052023,26092023 014247, 137, 17380.9,  7.287,147.929,0.601809,  0.9,273.777,1.00e-02, 18.3, 6.5,775
 447, 38100,23122016,25092023 220734, 328, 17194.5, 27.005, 52.954,0.610202,359.8, 12.148,6.70e-03, 18.8, -  , 27
 448, 38101,24122006,25092023 214528,   0, 15584.0, 17.022,119.823,0.577064,  0.2,104.496,7.00e-03, 18.1, 0.4,  1
 449, 38102,15112020,26092023 013115,   0, 17466.4, 58.541,133.003,0.000584,  0.1, 11.840,1.00e-02, 12.5, 0.1,  1
 450, 38202,23122022,26092023 043410,  36, 16300.7, 20.086, 92.817,0.591117,  0.0, 57.306,5.81e-02, 18.1, -  ,  5
 451, 38301,31082021,25092023 221940, 497, 16909.0,  7.296, 63.655,0.584129,359.5,298.118,2.30e-01, 17.6, -  , - 
 452, 38302,17072023,25092023 221356,   2, 17394.5, 13.432,266.145,0.602848,  0.0,245.512,3.00e-01, 17.2, 0.1, 19
 453, 38501,21022020,26092023 015209, 276, 16877.1, 25.703,228.266,0.601693,  0.2,184.118,2.54e-02, 18.0, 0.2, 23
 454, 38600,15032011,25092023 215330,4524, 16013.9,  8.656,324.111,0.574793,359.3, 56.205,3.94e-02, 15.8,20.9, - 
 455, 38601,23122009,26092023 002951, 979, 16898.6,  6.698, 79.653,0.590051,359.8,288.061,1.99e-02, 18.2, 1.6,400
 456, 38700,21122019,26092023 031107,1371, 18265.0, 32.499,273.128,0.505753,360.0,301.107,2.66e+01, 17.4, -  , - 
 457, 38702,10112022,26092023 015658, 317, 15453.2, 25.215,347.631,0.567469,359.7,343.025,2.65e-01, 16.9, 0.4, 94
 458, 38800,25102019,26092023 005335,   3, 17650.7, 15.972, 20.402,0.583211,359.5,216.963,4.70e-01, 17.6, 0.1, 28
 459, 38801,08082023,26092023 041546,  45, 17655.2, 72.281,290.789,0.345418,360.0,184.004,3.58e+01, 16.5, -  , - 
 460, 38900,19012017,25092023 220210, 243, 16112.9, 26.928, 84.785,0.547798,360.0,320.066,1.62e+00, 17.2,84.8, - 
 461, 39000,12122009,26092023 000457,1748, 16329.0,  7.492,136.482,0.583798,  0.7,107.379,6.60e-02, 17.1,12.0, - 
 462, 39100,26112014,26092023 021956, 302, 17180.5,  6.954,209.830,0.604028,  0.9,211.532,5.93e-02, 17.9, -  ,129
 463, 39401,23122016,26092023 005946,1465, 17354.8, 29.934,117.043,0.615627,  0.1,207.394,6.78e-03, 15.3, 2.0,269
 464, 39500,24032006,25092023 233257, 189, 17889.1, 14.146, 57.768,0.565896,359.7,359.491,1.00e-02, 18.1, 5.8, - 
 465, 39700,01072009,25092023 234725,   1, 17091.6,  4.628, 25.449,0.603757,358.5,138.151,5.41e-02, 15.2, 0.2,  3
 466, 39701,02082019,26092023 023534,  98, 16300.0,  6.929, 64.735,0.586884,359.5, 99.799,4.99e-02, 17.9, -  ,126
 467, 39800,14012013,25092023 222025, 697, 16957.0,  6.316,271.837,0.600490,360.0,350.302,6.85e-02, 17.3, 4.2, - 
 468, 39802,11092023,25092023 215615,   3, 17926.6, 58.300,329.947,0.545617,359.9,209.219,1.37e+01, 19.0, 0.2, 62
 469, 39900,16062015,26092023 000716,2976, 13275.3, 62.842,204.160,0.502656,  0.1,276.632,4.41e-02, 14.6,17.4, - 
 470, 39902,24092019,25092023 222223,1458, 18550.1,  2.105,122.502,0.634251,  2.0,341.139,1.00e-02, 18.7, 5.6, - 
 471, 40000,13042021,25092023 211522, 858, 17863.0,  7.040, 94.021,0.624308,  0.1,223.876,1.45e-02, 18.4, 3.4, 88
 472, 40100,08082018,25092023 234604,1085, 18089.6, 14.588,214.135,0.553039,  0.4,106.644,4.73e-01, 17.3,62.8, - 
 473, 40101,26092018,26092023 005505, 625,  7178.1, 20.211,202.873,0.084278,  0.4,135.533,9.76e-02, 16.7, 6.7, - 
 474, 40200,16092017,26092023 002953,   1, 17645.9, 10.131, 31.408,0.612615,359.4,137.833,1.29e-01, 16.5, 0.7, 12
 475, 40201,07072022,25092023 221407, 391, 17880.4,  9.276,328.723,0.603602,359.3,111.499,2.09e-01, 18.2,11.8, - 
 476, 40300,07082009,26092023 025435,1208, 14293.6, 57.563,328.074,0.531439,359.9, 95.451,3.07e-01, 16.4,49.4, - 
 477, 40301,12082017,26092023 034153,1360, 16422.2, 24.499, 37.392,0.593973,359.7,166.345,7.80e-02, 17.2, 6.6, - 
 478, 40400,12042015,25092023 212803, 866, 17976.0,  7.060,344.994,0.621363,359.0,329.987,3.13e-02, 18.3, -  , - 
 479, 40401,29092018,26092023 011243, 352, 14296.4, 21.528,298.374,0.524706,359.8,158.173,1.00e-01, 17.4,15.3, - 
 480, 40500,27112012,25092023 213852,   2, 14724.8, 28.868,236.873,0.546583,  0.2,114.460,6.48e-02, 16.0, 2.3,  3
 481, 40601,30052012,25092023 222744,1072, 16015.2,  5.468,106.418,0.560717,  0.4,320.035,2.79e-02, 18.4, 2.6,689
 482, 40602,21042015,26092023 051156, 348, 18032.3,  3.817,206.404,0.617866,  1.8,102.921,9.50e-02, 17.4, -  ,546
 483, 40603,11042016,26092023 005229, 162, 17754.2,  6.896, 65.556,0.614394,359.5, 11.349,5.35e-02, 17.4, -  ,305
 484, 40700,24122016,26092023 014801, 831, 18006.3, 24.429,251.735,0.608852,  0.1,250.709,8.90e-01, 16.6, -  , - 
 485, 40701,02112022,26092023 000352,   2, 18200.0, 45.495,163.710,0.501160,  0.2, 73.073,4.57e+00, 14.4, 0.5,143
 486, 40800,28122017,25092023 230848, 534, 18004.6, 61.944,332.878,0.603580,359.9,153.106,4.98e-02, 18.7, 4.0,521
 487, 40801,27022018,26092023 050121, 916, 18202.0, 45.105,147.469,0.531490,  0.2, 90.312,3.97e+00, 13.4, -  , - 
 488, 40802,26032020,26092023 012505,1277, 18004.6,  7.409, 25.055,0.604793,359.1, 53.497,4.24e-01, 18.8, -  , - 
 489, 40900,27112008,26092023 011305,   2, 16230.1,  7.326,276.947,0.574213,359.9,  9.381,1.84e-01, 12.6, 0.2, 13
 490, 40901,27012023,25092023 221815, 239, 18099.0,  6.557, 11.805,0.619261,358.9,130.470,1.98e-01, 18.6,14.0, - 
 491, 41000,27032007,26092023 014935, 355, 17860.8,  6.989,120.282,0.613741,  0.5,186.048,6.88e-02, 17.4, -  ,431
 492, 41002,25042007,26092023 015538, 236, 18229.7, 13.132, 96.784,0.615090,  0.1,214.798,9.19e-02, 16.2,48.5,624
 493, 41005,22072017,25092023 213801, 698, 17588.3, 48.790,276.255,0.612537,360.0,328.770,1.06e-01, 18.9, -  ,705
 494, 41007,13102011,25092023 194539,1200, 18250.8, 49.170,352.140,0.625326,359.8,230.737,1.85e-02, 16.0, -  , - 
 495, 41008,15122020,25092023 213042, 929, 17304.0,  7.359, 47.526,0.594027,359.3,333.923,2.68e-01, 14.5,12.4, - 
 496, 41100,18062023,25092023 211127,  94, 18082.8,  6.564,340.583,0.628124,358.9,224.743,1.41e-01, 18.7, 3.9, - 
 497, 41101,28082023,25092023 234927,   1, 18229.8, 26.182,  0.125,0.626250,359.7,267.221,1.39e+00, 14.5, 1.2,  7
 498, 41200,15072010,26092023 011129,   4, 18098.5,  7.945,203.924,0.618850,  0.9,212.004,7.60e-02, 14.9, 0.1, 13
 499, 41202,29062022,25092023 204519, 183, 18380.7, 63.229,348.525,0.560944,359.9,350.741,1.00e-02, 16.6, 1.2,295
 500, 41401,22122016,26092023 005149, 762, 17734.9, 26.935, 18.469,0.618588,359.7, 96.229,7.17e-02, 15.3, 2.6,536
 501, 41402,31122019,25092023 215108, 218, 17695.9,  8.089,104.472,0.607955,  0.2,359.181,2.50e-01, 18.2, 1.2,335
 502, 41500,26052017,25092023 204320, 276, 17796.0, 48.265,114.301,0.603208,  0.1,162.349,1.74e+00, 15.5,33.7, - 
 503, 41502,29032023,26092023 041732, 170, 18307.8,  6.586,119.957,0.634120,  0.6, 18.381,2.07e-02, 18.6, 0.2,  5
 504, 41601,27042017,25092023 220436, 109, 15982.0,  5.805, 57.726,0.578123,359.3,119.042,2.40e-01, 17.9, 1.9,538
 505, 41603,02062022,25092023 235956, 473, 18478.3,  8.837, 70.499,0.604136,359.7,253.988,9.22e-01, 18.1,77.4, - 
 506, 41700,19112011,25092023 214525,   0, 15041.2, 24.699,227.411,0.563178,  0.2,116.360,8.94e-03, 11.3, 0.3,  1
 507, 41703,27102022,25092023 231251,  80, 17569.4,  6.274,121.795,0.615241,  0.6, 10.379,1.09e-01, 17.4, -  , 78
 508, 41801,22032022,26092023 012541, 429, 18436.0,  7.987,135.917,0.628270,  0.7,170.977,1.17e-01, 17.2, -  ,519
 509, 41802,12072023,26092023 012237,   3, 18657.5, 14.931,178.394,0.594015,  0.5,346.206,7.21e+00, 18.2, 0.2, 47
 510, 42000,08092012,26092023 012704,   1, 16383.2, 25.885,247.525,0.593286,  0.1,150.509,1.31e-02, 11.2, 0.5,  1
 511, 42001,21112018,25092023 220441, 256, 18332.1, 63.141,199.714,0.619764,  0.1,272.440,1.22e-01, 17.6, -  , - 
 512, 42002,23072022,25092023 232134, 426, 18439.4, 46.860,337.392,0.575550,359.8,123.037,6.52e+00, 19.0, -  , - 
 513, 42100,22012020,26092023 025343,   0, 17184.6,  1.775, 64.824,0.613356,358.0,127.406,4.94e-02, 15.8, 0.6,  1
 514, 42101,20012023,26092023 031444, 245, 18423.4, 13.523,337.502,0.618505,359.5,134.739,5.40e-01, 18.5, 6.9, - 
 515, 42200,10042013,26092023 005546,   1, 18268.8, 48.334,263.339,0.569950,  0.0, 40.110,3.12e+00, 13.6, 0.2, 64
 516, 42201,15082018,26092023 012951, 927, 17870.5,  7.079,126.688,0.608685,  0.6,170.380,1.44e-01, 18.5,18.3, - 
 517, 42301,22112018,25092023 222707,  25, 18686.2, 63.613,112.954,0.604328,  0.1,232.522,4.06e-02, 16.4, 0.1,  9
 518, 42302,03072019,26092023 010406,1506, 18689.0,  3.373, 41.813,0.618120,358.3,313.449,1.00e-02, 17.9, -  , - 
 519, 42303,31012022,26092023 023928, 592, 18674.2,  3.674, 70.159,0.599825,359.2,256.693,6.01e-01, 18.1, -  , - 
 520, 42304,27072022,26092023 014004,  72, 18699.1, 10.455,279.292,0.615057,359.9,113.501,1.00e-02, 17.7, 1.4,  4
 521, 42400,06112015,25092023 190049,   0, 18560.3,  6.963,228.043,0.631002,  0.7,337.766,2.13e-01, 17.8, 0.1,  3
 522, 42401,13022016,26092023 032618, 169, 17797.8,  4.177, 24.687,0.617436,358.3, 59.478,5.56e-02, 17.1, -  ,166
 523, 42500,27082015,25092023 230037,2743, 18530.8, 62.530,265.264,0.629443,  0.0,253.320,2.06e-01, 15.7,32.3, - 
 524, 42502,16082018,26092023 042601, 657, 18539.5,  6.737,161.830,0.633215,  1.1,100.059,5.20e-02, 18.5, -  ,816
 525, 42503,27092019,26092023 022006, 214, 18702.3, 26.600,240.344,0.636134,  0.1, 82.862,2.54e-02, 19.6, -  ,163
 526, 42504,20072021,25092023 212752, 664, 18300.6,  3.177,193.822,0.629505,  2.3,134.635,6.76e-02, 18.8, 0.8, 94
 527, 42505,23082022,26092023 005209, 372, 18756.2,  8.530, 31.277,0.487551,359.2,312.292,6.43e-01, 19.2,14.1, - 
 528, 42506,23042023,25092023 233849,  75, 18738.2, 65.317, 72.815,0.519729,360.0,245.076,1.47e-01, 15.7, 0.3, 59
 529, 42600,15022018,25092023 235634, 876, 17440.8,  2.611, 31.336,0.621647,357.5,322.269,2.01e-02, 18.9,17.8, 87
 530, 42700,31122021,25092023 194412, 547, 18445.7,  8.762, 29.198,0.610965,359.2,334.634,5.29e-01, 17.9, 9.4, - 
 531, 42901,20042011,25092023 224416,  20, 15532.0, 26.129,154.921,0.569731,  0.3,124.904,9.31e-03, 14.2,44.7,  4
 532, 42902,05032018,26092023 001153, 600, 16696.7, 24.175,200.826,0.601302,  0.3, 41.265,2.39e-02, 16.2, 0.8,209
 533, 42905,22032022,26092023 060602, 510, 18722.1,  3.408,153.655,0.602012,  2.0,128.070,1.69e+00, 18.3, -  , - 
 534, 43000,22042020,25092023 225547,1143, 18721.6, 48.837, 48.919,0.633974,359.9,216.212,2.62e-02, 17.0, 1.0,213
 535, 43100,30072017,26092023 032109,2186, 17827.6,  5.845,287.167,0.625002,359.6,253.408,6.36e-02, 18.9,10.9, - 
 536, 43101,06032019,26092023 031518, 778, 13096.4, 47.202,292.091,0.494170,359.9,102.770,8.65e-02, 17.5, 0.9,132
 537, 43102,25122022,25092023 201118, 236, 18955.8,  7.230,106.196,0.605179,  0.3,275.820,3.64e-01, 18.9, 5.1,261
 538, 43200,31072014,26092023 004258,3194, 13178.5, 20.894,347.723,0.481186,359.6,  7.434,9.69e-02, 15.3,13.8, - 
 539, 43201,05042016,25092023 191924, 418, 18161.3,  7.907, 57.142,0.631035,359.5,315.281,2.51e-02, 18.0, -  ,227
 540, 43202,26082016,25092023 232344, 741, 18559.2,  9.518, 91.376,0.619558,  0.0,187.005,4.74e-01, 17.6,30.5, - 
 541, 43203,25032017,26092023 005146, 652, 18151.7,  6.801,128.037,0.607803,  0.7,191.311,1.01e-01, 18.1, 6.2, - 
 542, 43205,21092023,25092023 210315,   4, 18944.5,  6.913, 82.343,0.647854,359.8,125.046,3.84e-02, 18.8, 8.1, 15
 543, 43301,08022021,25092023 234412, 956, 18901.0,  6.433,307.412,0.640578,359.3,291.693,2.91e-02, 18.6, -  , 34
 544, 43302,21022009,26092023 014516, 313, 18240.3, 26.101, 30.485,0.628417,359.7,164.958,3.73e-01, 18.4,14.1, - 
 545, 43401,01112020,26092023 030047, 964, 18957.8, 48.886,140.078,0.638303,  0.1,104.002,2.88e-01, 17.0, -  , - 
 546, 43700,13072017,26092023 024308,1106, 18691.4, 48.783, 75.219,0.624265,360.0,196.449,5.16e-02, 19.6, 6.1, - 
 547, 43701,11082018,26092023 040539,1779, 18805.1,  7.182,197.437,0.639641,  1.0, 72.019,2.99e-02, 18.6, 1.3,292
 548, 43900,18022015,26092023 015705, 258, 17152.6,  3.098, 71.999,0.603383,359.2,358.879,6.22e-02, 17.2, -  ,283
 549, 43901,07062015,26092023 001901,1763, 18145.5,  3.258,162.361,0.631362,  2.2,190.996,3.14e-02, 17.8, 4.3, - 
 550, 43903,07032017,25092023 233556, 423, 18861.1,  7.200, 21.101,0.636693,359.0,292.182,5.15e-02, 18.3, -  ,502
 551, 44001,16032017,25092023 221946,   6, 18290.0, 63.013,142.539,0.630268,  0.1,269.372,5.82e-02, 15.3, 1.5,  5
 552, 44002,22122017,26092023 002126, 343, 18940.7,  5.464,295.709,0.638691,359.4,119.212,4.44e-02, 18.6, -  ,548
 553, 44003,23012021,25092023 214241, 109, 16655.3, 63.143, 22.505,0.605111,359.9,277.596,1.98e-02, 15.9, 0.1, 21
 554, 44004,05052021,26092023 020023, 653, 19172.2,  4.582, 10.397,0.634662,358.4,185.264,4.70e-02, 18.1,16.0, - 
 555, 44100,27052017,25092023 224446, 745, 12374.4, 24.656,205.945,0.455665,  0.3,298.764,5.61e-02, 17.5, 1.6,339
 556, 44102,21012018,25092023 232154,   1, 19005.5,  3.718,347.754,0.643887,358.0,195.683,3.34e-02, 18.0, 0.1,  1
 557, 44103,29092011,26092023 031808,   2, 19163.6, 48.486,192.498,0.635625,  0.2, 79.655,6.67e-01, 14.4, 0.6, 48
 558, 44200,12072019,25092023 203215,  24, 19235.5, 65.215,133.359,0.618774,  0.1,305.641,6.14e-02, 17.2, 0.2, 38
 559, 44201,22092023,25092023 213407,   2, 18279.3, 26.998,  5.066,0.641628,359.7,193.883,4.65e-01, 18.3, 0.3, 76
 560, 44300,16092017,26092023 030045,  73, 19115.6,  4.172, 55.718,0.639723,358.9, 52.356,5.89e-02, 17.8,51.4, 76
 561, 44301,16052023,25092023 214202, 130, 19221.4,  0.994,269.426,0.638730,  0.2,209.848,2.57e-01, 18.5, -  , - 
 562, 44400,15022018,26092023 044932,1999, 19351.1, 47.073, 11.661,0.455828,359.8,309.238,4.61e+00, 18.0, -  , - 
 563, 44401,24112011,26092023 003615,   1, 19126.9, 48.562,181.374,0.642623,  0.2, 83.455,7.63e-01, 15.0, 0.8, 34
 564, 44500,12032011,25092023 215611, 167, 18444.1,  6.850, 76.121,0.629517,359.7,273.925,5.92e-02, 15.0, -  ,536
 565, 44600,24012018,25092023 191906, 523, 18583.6,  8.708,313.984,0.633903,359.4,301.370,6.81e-02, 17.4, -  , - 
 566, 44602,17122022,25092023 212458,  81, 19295.5, 63.152, 57.811,0.647012,359.9,254.444,1.49e-01, 17.7, -  ,186
 567, 44603,22122022,25092023 194112, 276, 19123.4, 53.618,346.112,0.615765,359.8,212.376,3.48e+01, 18.7, -  , - 
 568, 44700,08062016,25092023 192133,  74, 19363.4, 19.940,166.651,0.610262,  0.4,249.581,1.21e+00, 18.2, 1.5,165
 569, 44701,29122017,25092023 213918,  21, 19193.5, 63.543, 82.028,0.646459,360.0,271.046,5.34e-02, 15.7,16.4, 26
 570, 44702,29112018,25092023 235510, 786, 18894.8, 50.160,181.712,0.635502,  0.2,346.909,1.02e-01, 17.1, 4.7, - 
 571, 44703,05062022,25092023 190256, 126, 19408.6, 46.688, 93.515,0.244935,  0.0,198.276,3.74e+01, 16.8,50.8, - 
 572, 44800,05112018,25092023 202629,1771, 19253.9,  5.448,354.408,0.645815,358.6,214.215,1.34e-01, 17.3,13.7, - 
 573, 44801,02122019,25092023 220730, 270, 19268.9,  9.796,167.584,0.639022,  0.8,219.509,1.88e-01, 18.5, -  , - 
 574, 44802,26122006,25092023 231209, 293, 19247.7,  6.547,136.388,0.646757,  0.8,256.070,7.38e-02, 18.0, -  ,616
 575, 44900,15042012,26092023 025200,   2, 19128.2,  7.495,105.117,0.640479,  0.3,213.576,3.13e-02, 12.1, 0.1,  9
 576, 44901,15022012,26092023 055952,  65, 18625.3,  3.650, 46.997,0.633408,358.5, 80.840,1.03e-01, 15.6, -  ,220
 577, 44902,01072013,25092023 230208,  26, 15041.3, 62.909,201.768,0.557103,  0.1,270.761,8.47e-02, 14.7, -  , 38
 578, 44903,15092017,26092023 042545, 304, 19014.2,  7.120, 19.742,0.640497,359.0, 33.345,5.17e-02, 17.8, -  ,264
 579, 44904,16032007,25092023 200323,   1, 19059.0,  7.407,187.687,0.652679,  1.0,357.917,5.38e-03, 15.4, 0.3,  1
 580, 44905,16122011,25092023 222803,   0, 18413.5, 49.365,230.064,0.618744,  0.1,357.622,1.36e+00, 12.2, 0.1, 19
 581, 45000,22112009,25092023 223033,   9, 18940.3,  6.764,319.989,0.639432,359.2,283.636,4.07e-02, 16.6, 4.3,  8
 582, 45003,26122019,25092023 234306, 276, 19276.1,  8.132,112.433,0.650974,  0.3,231.174,1.44e-02, 18.0, -  , 99
 583, 45005,21032022,26092023 000708, 511, 19399.8,  6.197,127.666,0.648434,  0.7,214.667,4.09e-02, 18.7, -  , 26
 584, 45006,22102022,26092023 025903, 276, 19447.7, 47.650,150.748,0.586523,  0.2, 57.467,1.03e+01, 18.4,66.0, - 
 585, 45007,14092023,25092023 203246,   6, 19457.8,  6.896, 33.483,0.654001,359.1,133.886,5.69e-02, 18.6, 7.7,  1
 586, 45101,06102013,26092023 052558,1015, 19233.0, 48.508,153.464,0.645155,  0.2,116.453,1.21e-01, 15.3, 5.0, - 
 587, 45103,28012022,25092023 215601,   1, 19460.1,  3.706, 11.035,0.540907,358.0,168.883,9.01e+00, 17.6, 0.2, 49
 588, 45104,03042022,25092023 231305, 505, 19183.5,  9.563, 37.060,0.640040,359.4,316.467,2.65e-01, 18.2, 2.1,545
 589, 45200,23122009,26092023 013727,  91, 19191.5,  2.923, 86.445,0.638510,359.8,  1.339,8.43e-02, 17.3,11.6,168
 590, 45300,05012008,25092023 194103,   5, 19208.3,  3.127,107.071,0.641222,  0.7,317.532,7.80e-02, 16.7, 0.1, 11
 591, 45301,31052017,25092023 224724,2194, 19631.2, 16.814,355.945,0.621434,359.5, 91.980,1.19e+00, 17.0, -  , - 
 592, 45400,12052017,25092023 214939, 461, 19542.0,  4.215,239.242,0.646680,  0.9, 38.773,6.92e-02, 18.4, -  ,520
 593, 45401,15022018,26092023 010904, 182, 19255.1,  7.480, 85.872,0.644114,359.9,355.001,8.14e-02, 17.7, -  ,182
 594, 45402,06072012,25092023 185631,   3, 19498.3, 49.116,214.787,0.646575,  0.1, 26.609,6.20e-02, 18.3, 1.2, 21
 595, 45403,05072012,26092023 041918,  70, 19559.8, 49.887,250.063,0.641936,  0.1,351.688,2.04e-01, 16.2, -  , - 
 596, 45404,14112022,25092023 184632, 243, 19204.7,  6.412,113.054,0.644198,  0.5,303.489,1.41e-01, 18.0, 0.4,104
 597, 45501,07072012,26092023 043242, 968, 19493.4, 48.462,176.948,0.650062,  0.2, 96.019,1.24e-01, 16.6, -  , - 
 598, 45600,08032010,25092023 225846, 142, 19179.6,  3.327,141.964,0.639863,  1.8,251.180,8.20e-02, 17.2, -  ,269
 599, 45601,07072012,25092023 221844,   7, 19536.1, 49.822,219.798,0.645137,  0.1,335.233,8.48e-02, 18.5, 0.2, 14
 600, 45602,03072012,26092023 001417,1017, 19658.6, 48.917,189.764,0.652965,  0.2, 58.440,5.72e-02, 19.7, -  ,940
 601, 45700,14042020,26092023 005753, 185, 19108.9,  3.592, 34.810,0.644535,358.2, 24.683,5.11e-02, 18.0, -  ,168
 602, 45701,14112022,25092023 223706,  30, 19699.2, 62.496,153.642,0.589090,  0.1,311.770,2.05e-01, 17.8, 2.1,551
 603, 45800,25092001,25092023 214436,   5, 18730.2,  6.765,173.382,0.635377,  1.1,212.270,9.04e-02, 15.6, 2.2,  9
 604, 45801,08082015,26092023 033317,  98, 18543.1,  7.128, 47.489,0.634287,359.3, 60.106,5.10e-02, 17.4, -  , 79
 605, 45802,12092018,26092023 055100, 275, 19704.9, 48.930,203.587,0.651719,  0.2, 44.174,4.88e-02, 19.1, -  ,259
 606, 45900,29072009,25092023 204212,   1, 19613.9,  4.320,290.822,0.649816,359.4,301.300,6.22e-02, 17.9, 0.2,  3
 607, 45901,23042018,26092023 032318,1688, 19800.6, 48.922,  7.050,0.625913,359.8,279.341,3.41e-01, 16.8, -  , - 
 608, 45903,06082019,26092023 032204, 647, 19742.6, 66.427,291.183,0.588360,360.0,114.819,5.64e+00, 16.0, -  , - 
 609, 46100,14022020,26092023 011703,1316, 19788.9, 30.809,107.974,0.609098,  0.1, 89.839,2.69e+00, 16.2, -  , - 
 610, 46101,12012023,26092023 044325, 252, 19768.6, 48.827,196.002,0.655421,  0.2, 57.114,1.43e-01, 17.9, -  ,781
 611, 46200,25042018,26092023 023956,1885, 19860.1, 48.770,291.075,0.637164,359.9,349.249,8.53e-02, 15.5, -  , - 
 612, 46201,16102013,25092023 233122, 697, 19840.2, 49.196,359.356,0.629828,359.8,274.537,1.04e-02, 17.0,21.6, 43
 613, 46202,14022023,26092023 003713, 211, 19792.7,  6.837,342.767,0.652976,359.0,128.580,3.41e-02, 18.6,62.2, 84
 614, 46301,10042023,26092023 032137, 155, 19813.6,  7.837, 72.646,0.651818,359.7,  9.426,2.21e-01, 17.9, -  ,124
 615, 46302,25052023,25092023 210655, 123, 18994.8, 10.116, 24.242,0.642995,359.3,148.739,7.50e-01, 19.0,25.8, - 
 616, 46303,21092023,25092023 225125,   2, 18975.3, 27.013,  5.283,0.654847,359.7,193.213,3.82e-01, 17.9, 0.2, 64
 617, 46401,30102021,25092023 222830, 308, 18577.3, 26.473,287.276,0.635679,359.9,144.687,1.11e-01, 17.6, 0.4, 95
 618, 46500,24082009,25092023 191809,   0, 18865.7,  9.486,250.323,0.639858,  0.3,  1.385,6.71e-02, 12.8, 0.2,  4
 619, 46501,08112013,25092023 223146,2164, 16453.7, 63.196,222.635,0.572354,  0.1,314.196,7.18e-03, 13.1, 9.1,123
 620, 46600,19072007,26092023 020430, 506, 19646.5,  2.706,203.263,0.651101,  2.5,126.744,3.08e-02, 17.8, -  ,222
 621, 46601,14062012,25092023 181718,  35, 17399.5,  7.614,332.013,0.610169,359.1,280.490,1.36e-01, 11.4, -  ,148
 622, 46602,27082017,25092023 174707, 170, 19640.0,  5.934,169.647,0.652478,  1.3,294.880,6.33e-02, 16.0, -  ,281
 623, 46700,27072006,25092023 225741, 320, 19771.9,  7.343,  0.157,0.648352,359.0,296.183,1.58e-01, 16.3, -  , - 
 624, 46703,01072012,26092023 034437, 822, 19969.2, 48.974,311.724,0.637193,359.9,322.919,1.31e-02, 19.5,22.2,247
 625, 46704,04032020,25092023 191702, 214, 19325.8,  6.160,103.491,0.650119,  0.3,331.874,1.46e-01, 18.2, -  ,254
 626, 46705,27042013,25092023 223320, 206, 19984.5, 49.047,319.966,0.636826,359.9,312.003,1.44e-02, 19.6, 1.5, 70
 627, 46801,18032013,25092023 231526, 842, 20007.7, 49.223,352.387,0.634573,359.8,276.290,5.86e-02, 16.6,20.3,725
 628, 46802,03032018,26092023 014803,   2, 20005.1, 49.169,350.536,0.633892,359.8,281.550,4.06e-02, 15.0, 0.1,  4
 629, 46803,12062012,25092023 214749,   3, 20015.6, 49.196,354.795,0.634885,359.8,277.381,9.74e-02, 18.0, 0.1,  8
 630, 46804,02072012,25092023 221609,1064, 20028.2, 49.136, 11.476,0.631461,359.8,268.245,1.20e-01, 19.6,38.9,288
 631, 46807,07112011,26092023 042117, 244, 19833.2, 48.894,218.989,0.651275,  0.1, 32.112,1.98e-02, 19.2,26.8, 59
 632, 46808,27032023,26092023 025456,  10, 19954.3,  4.259,  7.616,0.657642,358.2,149.110,3.27e-02, 18.1,11.6,  7
 633, 46809,14072023,25092023 192617,  71, 20101.3,  2.569,251.773,0.380111,  0.9,255.449,2.59e+01, 17.5,16.0, - 
 634, 46900,14102011,25092023 231505,   0, 16537.2, 25.168,147.048,0.600750,  0.3, 86.182,9.51e-03, 10.9, 0.1,  1
 635, 46901,25112014,25092023 224338, 971, 19808.9, 47.939,228.505,0.653130,  0.1, 86.472,1.29e-01, 17.9, -  , - 
 636, 46902,22092019,26092023 055908,1154, 19924.8, 60.880,101.972,0.657117,  0.0, 94.241,6.53e-01, 16.0, -  , - 
 637, 46903,04102011,25092023 231001, 170, 20071.9, 48.540,292.050,0.645677,359.9,  3.529,2.49e-02, 17.4, 1.6, 57
 638, 47000,04082013,25092023 194741,   1, 19208.3,  7.391,173.592,0.644883,  1.0,312.694,9.37e-02, 16.8, 0.1,  2
 639, 47001,09032017,25092023 181426, 214, 20031.5, 63.995, 36.848,0.615555,359.9,235.493,1.03e-01, 15.6,24.3,688
 640, 47002,10042013,26092023 033437,1819, 20063.3, 49.146, 40.487,0.628897,359.9,243.996,1.64e-01, 17.0, -  , - 
 641, 47100,24072014,25092023 234831,   2, 13352.7,  7.352, 10.687,0.507071,359.0,198.719,4.65e-02, 17.0,30.7,  2
 642, 47101,23122009,25092023 235828,  23, 20041.4,  3.195, 81.378,0.654399,359.6, 10.853,5.79e-02, 16.9, 0.5, 22
 643, 47102,01112016,26092023 015542, 190, 18843.1,  8.504,  3.042,0.633587,359.1, 94.748,2.82e-01, 17.7, -  , - 
 644, 47103,10052018,25092023 211724,   1, 19421.2, 50.641, 65.457,0.649410,359.9,133.383,1.05e+00, 12.0, 0.2, 36
 645, 47106,07042021,25092023 215949, 230, 20135.3, 19.083,347.648,0.587223,359.6,305.598,1.31e+00, 16.8,18.5, - 
 646, 47107,06072012,26092023 030022,  58, 20046.2, 49.242, 29.459,0.629675,359.8,248.333,1.06e-02, 18.3, 0.2,  6
 647, 47200,16032015,25092023 234911, 560, 16115.5,  2.465,144.318,0.584667,  2.5,238.245,2.14e-02, 16.4, -  ,499
 648, 47201,13092018,25092023 215454,   9, 19802.5,  5.769, 32.051,0.658654,358.9,145.826,5.70e-02, 17.7,17.3, 13
 649, 47202,05072012,26092023 025805,  51, 20070.3, 49.157, 46.849,0.626914,359.9,239.574,5.80e-02, 18.2, 0.2, 52
 650, 47203,11022019,26092023 003051,1687, 20105.5, 49.040, 65.606,0.624742,359.9,227.042,7.45e-02, 16.8,56.0, - 
 651, 47300,27072012,26092023 034329,   1, 17195.3,  2.982, 55.904,0.612499,358.5, 20.638,7.49e-03, 15.6, 0.1,  1
 652, 47304,05102015,25092023 223830, 100, 20088.2,  3.060,159.544,0.652916,  2.3,219.406,8.58e-02, 17.4, 9.8, 91
 653, 47306,08112018,25092023 195424,  10, 20113.6, 63.114, 25.887,0.643821,359.9,236.946,4.86e-02, 16.9, 0.1,  8
 654, 47308,13032023,26092023 061126, 192, 20145.3, 16.150,347.980,0.646827,359.5, 77.613,4.03e-01, 18.3,22.9, - 
 655, 47400,31052008,26092023 004737,   0, 19645.8,  7.422,219.019,0.653260,  0.8, 28.723,8.12e-02, 14.1, 0.1,  1
 656, 47401,18072015,25092023 234407,  96, 16396.4, 24.934, 44.969,0.588012,359.8, 62.479,1.39e-01, 15.0, 1.2,292
 657, 47402,21072015,26092023 030012, 258, 20124.5,  3.821,214.077,0.652500,  1.6, 93.664,8.73e-02, 17.5,66.5,279
 658, 47403,12102013,26092023 052904,   2, 20018.2, 49.679, 74.714,0.653804,360.0,164.831,1.41e+00, 14.8, 0.7, 18
 659, 47404,15102018,25092023 233451,1803, 20089.6, 52.357, 41.263,0.433520,359.9,110.246,2.96e+01, 17.9, -  , - 
 660, 47600,05052008,25092023 222451, 391, 19871.3,  7.225, 37.075,0.651012,359.1,232.187,6.07e-02, 16.6, -  , - 
 661, 47601,22122012,25092023 234617,   0,  9768.9, 26.010,153.200,0.331151,  0.3,350.335,9.90e-03, 10.5, 2.1,  1
 662, 47603,25012015,25092023 175019, 466, 20315.7, 48.346,311.039,0.654242,359.9,  7.199,1.00e-02, 18.8, 1.2,  4
 663, 47604,26102011,25092023 211947, 172, 20209.9, 49.045, 14.409,0.635525,359.8,269.341,3.01e-02, 19.2, 1.9,224
 664, 47605,05022016,26092023 001437,  51, 20195.5, 46.775, 20.257,0.549090,359.8, 62.737,5.22e+00, 14.0, 4.9, - 
 665, 47606,28012017,26092023 031610,  23, 20177.1,  6.338,149.961,0.659839,  1.0, 18.547,8.33e-02, 17.7,13.6, 77
 666, 47607,02042017,25092023 212852,   4, 20191.1,  6.510,263.260,0.657987,  0.2,296.088,8.44e-02, 17.4, 0.5,  4
 667, 47608,05072012,26092023 015202, 166, 20067.5, 49.084, 26.246,0.630463,359.8,260.103,1.00e-02, 19.7, 1.1,206
 668, 47701,16032018,25092023 180459, 249, 19658.3,  6.318,158.085,0.641369,  1.1,222.315,3.51e-01, 17.8,59.8, - 
 669, 47703,26062012,26092023 053114,  14, 20225.4, 48.772,148.708,0.619448,  0.1,159.916,6.76e-03, 18.6, 0.1,  2
 670, 47800,20032012,26092023 020559,   0, 18964.8, 27.415,188.388,0.649734,  0.3,240.259,8.52e-03, 11.5, 0.1,  1
 671, 47801,12062012,26092023 003607,  96, 20303.4, 48.529,104.380,0.622227,  0.0,197.591,9.76e-01, 14.5,13.9, - 
 672, 47802,12052012,26092023 012003,   0, 20159.4, 50.083, 75.634,0.654231,360.0,126.397,1.15e+00, 12.1, 0.4, 48
 673, 47803,21062012,25092023 190425, 849, 20288.6, 48.910,356.641,0.642020,359.8,305.113,1.61e-02, 17.0, -  , - 
 674, 47804,24012020,26092023 001044, 170, 20284.0, 48.103, 97.881,0.603323,  0.0,226.325,9.77e-01, 17.3, 9.1, - 
 675, 47805,06082010,26092023 061055,   1, 20252.2,  8.765,348.484,0.655267,359.2, 49.089,5.80e-02, 15.0, 0.1,  5
 676, 47900,21072018,25092023 203713, 634, 20272.9, 49.660,333.293,0.659799,359.8,249.120,4.65e-02, 16.6, -  , - 
 677, 47901,20012007,26092023 001350,   1, 20321.7, 26.565,161.740,0.658574,  0.3,  9.053,9.35e-02, 18.0, 0.1,  3
 678, 47902,24122006,25092023 205320,   2, 20312.3,  7.204,313.794,0.661291,359.3,288.080,9.89e-02, 17.2, 0.3, 13
 679, 48000,08092008,26092023 030410,   2, 18687.5, 11.401,  7.051,0.636181,359.3,162.854,5.03e-01, 16.5, 2.0, 23
 680, 48100,28102014,25092023 215421,3202, 20269.4, 10.192,144.717,0.641862,  0.6,172.063,6.01e-01, 16.8, -  , - 
 681, 48101,10042021,26092023 035519, 102, 20339.7, 49.555,108.985,0.642196,  0.1,144.561,3.77e-02, 18.3, 1.4, 83
 682, 48200,19012012,25092023 233037,   1, 18965.1,  5.993,213.019,0.642842,  1.1,266.930,6.01e-02, 13.7, 0.1,  2
 683, 48201,21122009,26092023 000146,   0, 20357.2,  2.380,318.157,0.656869,357.8,270.320,6.83e-02, 16.4, 0.1,  1
 684, 48202,29072008,25092023 211149,  18, 20387.3,  4.706, 80.441,0.652432,359.7,358.705,1.18e-01, 17.2, 0.2, 29
 685, 48203,29072018,26092023 005533, 379, 20369.2, 62.701, 59.381,0.661610,359.9,251.895,1.47e-01, 16.5, -  , - 
 686, 48205,14032019,25092023 220814,  18, 20343.2,  5.754,341.002,0.658599,358.8,172.248,5.53e-02, 17.7, 0.5, 31
 687, 48206,01092022,26092023 012409, 121, 20151.6, 22.069,155.924,0.396829,  0.3, 17.173,2.81e+01, 18.6, -  , - 
 688, 48300,03022014,25092023 224311,   8, 20406.8, 10.890,208.967,0.649849,  0.6,283.898,3.10e-01, 17.0, 0.1,  9
 689, 48301,02092015,26092023 012728, 309, 19995.3,  5.932,216.090,0.658006,  1.0,148.732,9.30e-02, 17.4, -  , - 
 690, 48400,21012007,25092023 230318, 283, 20078.8,  7.506,264.243,0.659666,  0.1, 89.868,5.30e-02, 18.0, -  ,407
 691, 48401,17032016,25092023 215154, 263, 20400.8,  8.324,135.837,0.655477,  0.6,134.568,1.58e-01, 17.1,62.6,439
 692, 48402,08112021,26092023 031947, 680, 20517.6, 26.104, 70.750,0.545552,359.9,350.769,3.37e+00, 16.2, -  , - 
 693, 48500,05122012,25092023 212106,   1, 17059.7, 26.325,  3.081,0.612076,359.7,136.851,1.40e-02, 11.2, 0.3,  1
 694, 48501,24032010,25092023 191018,   4, 20062.1,  8.530,339.015,0.661967,359.2,252.081,2.44e-02, 16.7, 0.4,  3
 695, 48503,21102022,25092023 221801, 308, 20024.7, 26.918, 74.050,0.663202,359.9,236.121,8.60e-02, 17.4, 0.4, 81
 696, 48600,16022018,25092023 234201, 325, 20207.4,  6.735,184.605,0.665648,  1.1,192.448,2.15e-02, 18.4, -  ,168
 697, 48602,05072012,25092023 223820, 961, 20507.2, 48.189, 35.742,0.658429,359.9,349.241,3.91e-03, 16.0, -  , - 
 698, 48603,11062021,25092023 235650,  99, 20089.8, 12.468,340.538,0.660153,359.4,134.268,6.69e-02, 17.0, -  ,120
 699, 48604,24112022,26092023 004053, 249, 20512.5, 49.260,220.905,0.626980,  0.1, 55.629,1.60e+00, 16.6,15.8, - 
 700, 48700,29072006,25092023 222121,   1, 20534.3,  1.964, 74.906,0.655916,358.9, 28.853,5.71e-02, 15.5, 0.1,  2
 701, 48702,12122018,25092023 235115, 648, 15387.0, 27.019,289.556,0.551434,359.9,351.485,8.98e-02, 17.8, 0.4, 57
 702, 48703,27012020,25092023 215215,  84, 20459.1, 49.134, 87.486,0.552303,360.0,216.713,1.04e+01, 15.2,18.9, - 
 703, 48704,18042023,26092023 004239, 158, 20633.9, 16.031, 24.734,0.601317,359.6, 18.662,2.48e+00, 17.8, -  , - 
 704, 48800,18012021,25092023 230308, 210, 20545.1,  2.526,132.442,0.655524,  2.1,274.351,3.61e-02, 18.3, 3.8, 10
 705, 48900,20092015,26092023 000146, 624, 20569.7,  5.969,318.576,0.656821,359.1,235.063,1.87e-01, 17.6, -  , - 
 706, 48901,19122009,26092023 061421, 335, 20606.5,  1.914,243.879,0.654066,  1.7, 59.937,7.62e-02, 17.9, 9.3,281
 707, 48902,04122018,26092023 061131,   6, 18724.4,  1.835,176.277,0.646354,  4.1, 13.860,3.63e-02, 18.8,31.5,  5
 708, 48903,13032019,25092023 215351,  98, 21152.9, 58.179, 64.520,0.293350,359.9, 77.712,4.01e+01, 16.9, -  , - 
 709, 49000,30072011,25092023 202741, 131, 16810.8, 63.003,292.510,0.608902,359.9,276.261,1.00e-02, 14.0, 0.2, 12
 710, 49001,21092015,25092023 221146,1233, 20623.3,  3.833,295.846,0.653604,359.2,307.532,9.05e-02, 17.5, -  ,378
 711, 49002,09032016,26092023 050802, 184, 20596.3,  8.393,129.389,0.648840,  0.6,125.177,3.66e-01, 17.3, 6.9, - 
 712, 49003,05052018,26092023 001150,1506, 20600.7, 49.105, 40.401,0.648224,359.9,245.177,1.82e-01, 19.4, -  , - 
 713, 49004,25102019,25092023 181904,   5, 18874.6,  7.391,252.575,0.646166,  0.3,309.414,1.88e-01, 17.5,46.0, 18
 714, 49005,21112022,26092023 015535, 294, 20410.2,  2.144, 20.202,0.665073,356.6, 22.562,1.42e-01, 17.9, 1.4,339
 715, 49006,16052023,26092023 053203, 131, 20649.5, 10.462, 55.662,0.653790,359.6, 36.150,5.09e-01, 18.4,29.5, - 
 716, 49100,07032016,26092023 023511,1205, 20700.9, 48.865, 57.791,0.585736,359.9,308.395,4.04e+00, 15.3, -  , - 
 717, 49102,10052018,25092023 225048,  70, 20593.9, 48.114,136.224,0.629944,  0.1,165.634,1.35e+00, 15.3,13.6, - 
 718, 49103,09042020,25092023 180957,  51, 20729.9, 48.810, 50.446,0.588334,359.9,314.963,3.25e+00, 15.7, 1.7,376
 719, 49104,13042020,25092023 182941,   8, 20636.0,  8.955,188.587,0.661897,  0.8, 26.407,6.57e-01, 18.2, 8.1,336
 720, 49105,10082023,26092023 030425,  42, 20633.9,  8.616,111.021,0.654000,  0.3, 74.543,4.10e-01, 18.7, 6.1, - 
 721, 49200,18062011,25092023 180815,   1, 19072.6, 63.340,312.232,0.650481,359.9,273.783,1.17e-02, 12.3, 0.1,  1
 722, 49201,22032010,26092023 011722,  79, 20316.8,  5.949,345.599,0.661296,358.8,112.082,7.65e-02, 15.9, -  ,306
 723, 49202,17082014,25092023 201827,1028, 20556.6,  2.728,307.099,0.659366,358.4,145.415,1.06e-01, 17.5, -  , - 
 724, 49204,25082017,26092023 000507,2212, 20735.4, 63.932,355.416,0.397277,359.9,177.840,6.48e+01, 17.5, -  , - 
 725, 49206,24042019,26092023 001808, 187, 20499.4,  9.301, 52.247,0.658545,359.5, 27.504,1.87e-01, 18.2,52.8, - 
 726, 49207,27032023,25092023 214439, 108, 20741.1, 53.336, 10.217,0.113271,359.8, 88.801,3.53e+01, 17.1,17.3, - 
 727, 49300,05032009,25092023 201323, 319, 20734.0,  7.405,101.049,0.648333,  0.2,232.432,6.00e-01, 15.4,27.1, - 
 728, 49301,27022016,25092023 222035, 268, 20677.2,  7.562, 18.769,0.661715,359.0,263.833,9.62e-02, 18.0,60.1,303
 729, 49302,01032016,26092023 071046, 493, 20707.7,  7.458,184.047,0.643842,  1.0, 73.137,4.16e-01, 16.9,48.4, - 
 730, 49304,25072017,26092023 020538, 634, 20741.7,  9.251, 94.710,0.660070,  0.1, 90.311,1.01e+00, 17.9, -  , - 
 731, 49305,17012018,26092023 000029, 250, 20138.6,  6.420,168.350,0.661356,  1.2,200.321,7.83e-02, 17.5, -  ,264
 732, 49306,05032019,25092023 201730, 151, 20725.6, 48.521,111.069,0.582570,  0.1,243.388,3.19e+00, 17.7,87.2, - 
 733, 49307,19042020,26092023 032113, 116, 20076.6, 18.314,221.291,0.230368,  0.3,  9.416,2.84e+01, 16.8,46.5, - 
 734, 49308,29082023,26092023 050718,   2, 20687.6, 69.012,203.249,0.520495,  0.1,357.494,2.68e+01, 17.1, 0.3, 67
 735, 49403,16052023,26092023 015134, 130, 17446.3, 25.971, 39.268,0.615421,359.8,146.235,2.92e+00, 18.6,87.9, - 
 736, 49500,24032010,25092023 223545, 163, 20711.2,  5.328, 34.758,0.661309,358.8,293.369,1.06e-01, 17.4,15.9, 74
 737, 49501,15012013,25092023 223341, 360, 20069.3,  7.006, 45.786,0.661077,359.2,254.012,3.10e-02, 17.4, -  ,342
 738, 49502,04052016,25092023 210429,1990, 19452.1,  6.262,114.680,0.649897,  0.5,301.199,1.14e-01, 18.2, -  , - 
 739, 49504,13042006,25092023 175807,  82, 20873.5, 10.112, 18.555,0.643098,359.3,317.584,3.95e-01, 14.7, 3.4,735
 740, 49600,07042016,25092023 181809,   1, 20798.8,  4.455,343.284,0.646067,358.4,201.112,2.52e-01, 15.9, 0.1,  4
 741, 49601,21032017,26092023 013743,1969, 18443.4, 48.953, 60.241,0.512796,359.9,246.560,1.09e+01, 16.3, -  , - 
 742, 49602,10052017,25092023 190213, 217, 20810.9,  8.101, 64.986,0.641533,359.6,305.455,5.48e-02, 18.0, 0.9, 68
 743, 49603,15092017,25092023 184729,   1, 20723.6,  6.453,315.760,0.650292,359.2,186.909,4.11e-01, 17.7, 0.1,  9
 744, 49605,03072022,25092023 224059, 400, 20641.3,  6.357,199.852,0.669842,  1.1,157.412,4.95e-02, 17.4, 4.3,556
 745, 49701,26072009,25092023 212859, 248, 20825.9,  8.791, 46.843,0.641416,359.4,318.177,9.58e-02, 18.4, 3.3,454
 746, 49702,02042017,25092023 172757, 248, 20685.7,  8.546, 52.488,0.651295,359.4,306.888,1.57e-01, 18.7, 6.4,637
 747, 49703,15052017,26092023 022648,2320, 19604.2, 36.479,152.796,0.397911,  0.2,126.437,3.55e+01, 14.8, -  , - 
 748, 49705,20072019,25092023 214008,1467, 20326.3, 49.839,111.304,0.669618,  0.1,106.957,4.58e-01, 17.0, 8.6, - 
 749, 49706,15052021,25092023 231133, 846, 20662.3, 29.392,232.559,0.541079,  0.2,261.349,5.79e+01, 17.8, -  , - 
 750, 49707,03012007,25092023 233424,   2, 20782.4, 26.696, 15.853,0.665269,359.7, 24.394,6.55e-02, 14.7, 0.1,  7
 751, 49708,29072022,25092023 230423, 248, 20444.5, 17.042, 50.322,0.349448,359.7,120.468,3.35e+01, 18.6,98.6, - 
 752, 49709,23082022,25092023 170358, 225, 20819.1,  8.707, 59.468,0.642472,359.5,296.267,7.04e-02, 18.0, 3.1,513
 753, 49710,19082023,26092023 004344,  34, 20808.7, 47.064, 92.486,0.535440,  0.0, 11.298,1.31e+01, 16.8, -  , - 
 754, 49711,31082023,26092023 023416,   2, 20790.4, 45.314,307.397,0.511219,359.9,162.909,1.10e+01, 16.8, 0.8,215
 755, 49800,05072016,25092023 214556,  54, 20828.1, 48.914, 77.073,0.586124,360.0,273.231,1.38e+00, 15.8, 5.7, - 
 756, 49801,21032018,25092023 230027, 372, 20614.9, 63.121, 54.249,0.288328,359.9, 99.283,2.58e+01, 16.9, -  , - 
 757, 49802,26012023,26092023 024359, 190, 20806.3,  6.353,163.846,0.672846,  1.1,234.963,4.24e-02, 17.4, -  , 81
 758, 49803,12042023,26092023 011709,  74, 20891.3, 32.428,169.242,0.144694,  0.2,274.953,3.76e+01, 17.1,12.6, - 
 759, 49900,23122009,25092023 210932, 405, 20777.2,  6.213, 87.654,0.659608,359.9,177.097,2.30e-01, 15.0,35.8, - 
 760, 49901,02022014,26092023 023231, 263, 20833.0,  5.732, 99.322,0.663555,  0.2,155.171,1.11e-01, 17.0,58.2,131
 761, 49903,23012018,26092023 013832,2070, 20869.6, 49.364,326.406,0.506535,359.9, 28.647,1.48e-02, 16.4,10.2, - 
 762, 49905,25092019,25092023 192353,1435, 20965.9, 12.356,135.230,0.567836,  0.4,164.000,4.76e+00, 17.8, -  , - 
 763, 49906,19072020,26092023 005846, 366, 20413.6,  7.866,196.025,0.659879,  0.9,163.873,1.76e-01, 17.6, 6.8, - 
 764, 49908,06122021,25092023 214538, 654, 20544.6,  8.524, 16.702,0.668333,359.1,212.684,2.79e-01, 18.4, 1.4,222
 765, 49909,14092023,25092023 224339,   9,  9409.5, 26.768,358.740,0.305973,359.7,204.288,6.81e-01, 18.1, 0.7,241
 766, 50000,10052016,25092023 215827, 483, 20844.6, 48.977, 84.362,0.601194,360.0,270.767,1.70e+00, 16.8, -  , - 
 767, 50001,06042017,25092023 214934, 496, 20892.1, 48.829,216.925,0.569476,  0.1,113.432,4.02e+00, 15.8, -  , - 
 768, 50002,07102018,26092023 003736, 445, 20891.3, 51.917,119.113,0.469861,  0.1, 94.609,6.98e+01, 17.8, -  , - 
 769, 50003,19012007,25092023 180012,   1, 20915.4,  6.535,201.320,0.667917,  1.1,  8.522,6.97e-02, 15.7, 0.1,  2
 770, 50004,14072023,25092023 210734,  56, 20884.5, 48.654,129.781,0.589156,  0.1,232.105,4.53e-01, 17.2, 0.2, 49
 771, 50005,23092023,25092023 210900,   0, 20724.4, 26.984,  5.721,0.684056,359.7,192.671,1.85e-01, 17.8,13.6, 11
 772, 50100,16072009,25092023 181310,   1, 20937.5,  6.483,209.768,0.667197,  1.0,354.661,1.98e-02, 18.7, 0.1,  1
 773, 50102,13042018,25092023 231255, 876, 20512.3, 59.717, 11.874,0.312859,359.9,228.679,3.72e+01, 17.6, -  , - 
 774, 50104,19082023,25092023 173836,  28, 20742.1, 50.045,352.256,0.457172,359.8,214.167,3.91e+01, 18.2, 8.2, - 
 775, 50200,06082007,25092023 223303,   1, 20910.5,  5.541,237.018,0.666856,  0.7,308.308,9.08e-02, 16.2, 0.1,  4
 776, 50201,08112008,26092023 000242,   1, 20935.2, 48.787,223.574,0.566589,  0.1,123.979,5.70e-01, 14.7, 0.1, 15
 777, 50204,30052017,26092023 002742,1898, 21003.3, 47.857,  8.962,0.358796,359.8, 15.572,1.30e+01, 16.5, -  , - 
 778, 50205,07122017,26092023 053537,1256, 19207.7, 26.516,343.847,0.648066,359.7,126.579,1.79e-01, 16.1,13.7, - 
 779, 50208,19052023,25092023 234442,  73, 20942.1, 47.780,233.015,0.557478,  0.1,175.172,7.63e-01, 17.8, 1.0,231
 780, 50209,15092023,25092023 225636,   9, 20907.7,  6.497,335.309,0.676841,359.0,231.767,1.46e-01, 17.9,21.4,  3
 781, 50301,16022018,26092023 025434, 248, 20641.0,  2.773,196.508,0.671614,  2.6,167.869,2.17e-02, 17.3, -  ,117
 782, 50400,26072009,25092023 220139,   0, 20889.0,  4.884,129.194,0.667269,  1.0, 89.025,1.22e-01, 16.8, 0.1,  1
 783, 50401,24032010,26092023 070927,  16, 21031.9,  5.464,323.509,0.659441,358.9,102.152,1.27e-01, 17.5, 0.2, 44
 784, 50402,08052015,26092023 030615, 681, 20838.5, 55.578,102.990,0.481931,  0.0,109.316,2.85e+01, 16.6, -  , - 
 785, 50403,20062018,26092023 000459,1498, 20976.5, 49.129, 91.816,0.655776,  0.0,190.644,1.50e-01, 15.6, -  , - 
 786, 50404,01022019,26092023 024707, 179, 18544.3,  5.529, 29.705,0.635740,358.8,106.988,3.34e-01, 18.0, 6.9, - 
 787, 50405,15052021,26092023 002304,  81, 21045.4,  7.811,116.824,0.663487,  0.4, 13.734,1.27e-01, 18.1, 2.5,157
 788, 50406,17102022,25092023 231741, 337, 21019.7, 37.186,198.745,0.504654,  0.2,298.867,1.87e+01, 15.6, -  , - 
 789, 50500,25092010,25092023 211841,   1, 20290.9,  7.361,139.457,0.661885,  0.8,281.238,4.90e-02, 13.8, 0.1,  3
 790, 50501,15122010,26092023 010206, 221, 21032.0,  7.129,132.333,0.628650,  0.7,204.014,2.59e-01, 15.4, 4.1,916
 791, 50502,13052021,25092023 214231,  92, 21297.3, 62.819, 65.574,0.272456,359.9,205.715,2.89e+01, 15.1,19.9, - 
 792, 50600,07102012,26092023 020138,1149, 18332.0, 63.099, 63.621,0.639950,359.9,276.341,1.59e-02, 15.7, 7.5,288
 793, 50602,01072017,26092023 032621, 269, 20906.1, 47.803,272.675,0.471104,360.0, 91.652,9.15e+00, 17.0,72.8, - 
 794, 50603,22062018,26092023 011354,1786, 20953.5, 49.359,105.139,0.667756,  0.0,150.773,1.94e-01, 15.5, -  , - 
 795, 50700,09091996,26092023 002927,   1, 20301.5,  7.495,291.242,0.668474,359.7,249.011,3.74e-02, 15.5, 0.2,  1
 796, 50701,05072012,25092023 190413, 555, 21100.4, 49.058,108.800,0.657822,  0.1,176.842,4.36e-02, 17.8,17.5, - 
 797, 50703,22112016,26092023 000534, 316, 20974.4,  7.648,175.056,0.671970,  1.0,208.147,8.23e-02, 17.0, -  ,870
 798, 50704,31012017,25092023 225211,1101, 21148.4,  5.999, 20.733,0.661614,358.8,311.328,8.93e-02, 18.1, -  ,534
 799, 50705,26042017,26092023 043806,  63, 21085.6,  7.130,338.929,0.663201,359.0,109.518,6.96e-02, 17.8, 1.0, 84
 800, 50706,10032018,26092023 025703,1264, 21187.1, 48.521,331.349,0.378191,359.8, 15.489,1.60e+01, 16.6, -  , - 
 801, 50708,31032021,26092023 063810,  88, 21109.3,  7.254, 13.768,0.660048,359.0, 41.094,1.01e-01, 17.4, 0.7, 34
 802, 50800,18072009,26092023 000411,   1, 21075.6,  3.562,244.823,0.667949,  0.9,259.385,6.25e-02, 16.4, 0.1,  2
 803, 50801,22122009,25092023 232459, 169, 21116.5,  6.308, 37.524,0.660642,359.0,269.285,1.20e-01, 17.0, 4.0,128
 804, 50802,07082014,25092023 195521,   1, 16268.7, 63.060,  6.395,0.595620,359.9,279.024,1.62e-02, 14.4, 1.5,  1
 805, 50900,23042009,26092023 004457,   3, 21143.1,  7.193,225.120,0.654755,  0.7,321.349,1.14e-01, 16.7, 0.1,  7
 806, 50901,23022014,26092023 035522, 199, 20853.7,  3.153,228.231,0.667672,  1.6, 88.320,5.87e-02, 16.4, -  ,450
 807, 50902,26102019,25092023 164118, 504, 21138.9, 12.947,229.165,0.528250,  0.4,335.238,6.99e+00, 18.4, -  , - 
 808, 51000,30102015,26092023 052609, 133, 21175.0, 47.827,329.073,0.483432,359.8, 85.084,3.91e+00, 15.1,53.7, - 
 809, 51002,15082018,26092023 023809,   0, 21129.5,  6.158,118.022,0.658494,  0.6,185.339,7.41e-02, 14.0, 0.1,  1
 810, 51003,30012019,25092023 231451,1539, 21162.9, 48.803,112.723,0.657285,  0.1,187.387,8.14e-02, 17.0,96.2, - 
 811, 51004,22092019,26092023 020243, 907, 18686.8, 15.538,246.512,0.635391,  0.2,225.032,2.18e+00, 16.5, -  , - 
 812, 51005,13112020,26092023 005153, 246, 21150.2, 12.452, 48.065,0.530690,359.6,274.276,4.68e+00, 16.2,22.8, - 
 813, 51007,05022022,26092023 053752, 387, 21170.5,  4.475,104.083,0.657355,  0.4,169.432,1.96e-01, 18.7,17.6,382
 814, 51008,06042022,26092023 040938, 523, 21123.3,  7.776,226.567,0.672350,  0.7, 58.178,1.72e-01, 18.4, -  ,227
 815, 51009,21122022,26092023 060501, 252, 21194.8, 35.529,190.210,0.225445,  0.2, 91.071,9.47e+00, 17.1,14.5, - 
 816, 51100,03042011,25092023 234719,  17, 21212.6,  3.913,108.605,0.659184,  0.6,171.960,1.15e-01, 13.6, 0.2, 50
 817, 51101,09062008,25092023 205010,  75, 20995.8,  7.657,177.639,0.676837,  1.0,310.047,3.30e-02, 16.5, -  ,108
 818, 51102,21012012,26092023 023326,   2, 19107.2,  8.395,150.557,0.643105,  0.8,279.715,1.04e-01, 15.3, 0.1,  7
 819, 51103,24032018,26092023 020821, 185, 21188.0,  8.642,254.260,0.669235,  0.2, 47.313,1.37e-01, 18.0,28.3,221
 820, 51104,21012007,25092023 212028,  34, 21138.0, 27.415, 47.421,0.670968,359.8,284.923,2.57e-02, 18.4, 1.8, 59
 821, 51200,03082017,25092023 213418,2177, 20889.3,  7.818,  1.719,0.668718,359.0,146.784,4.90e-01, 16.5,76.4, - 
 822, 51201,09012007,25092023 214840, 683, 21207.6, 26.617, 50.698,0.675442,359.8,325.100,7.09e-03, 19.4, -  ,206
 823, 51202,10052021,25092023 215833, 865, 21311.1, 48.286, 61.822,0.428125,359.9,350.318,8.84e+00, 18.9, -  , - 
 824, 51203,26082022,25092023 221343, 349, 21198.5, 52.469,268.791,0.438771,  0.0,225.631,1.22e+01, 17.6,69.4, - 
 825, 51300,24032004,26092023 032351,   1, 21050.2, 10.622,110.884,0.672295,  0.2,117.978,1.11e-01, 14.1, 0.1,  1
 826, 51302,01082014,26092023 001013,1135, 16263.2,  1.494,260.772,0.588857,  0.8,123.984,4.34e-02, 17.6, 3.6,849
 827, 51303,22122016,25092023 235538, 198, 21258.2,  6.435,171.929,0.659297,  1.2, 83.312,3.78e-02, 17.9, 1.1,130
 828, 51304,02042017,25092023 204329, 320, 21344.2, 59.772,127.298,0.596994,  0.1,241.823,8.01e+00, 15.9,80.0, - 
 829, 51305,03072017,26092023 002843, 440, 21262.4, 47.923,312.159,0.531856,359.9, 88.388,2.29e+00, 15.6,94.8, - 
 830, 51307,06082019,25092023 212120, 179, 21244.7,  6.561,243.279,0.655727,  0.5,202.481,7.11e-02, 19.0, 2.7,165
 831, 51308,14012023,26092023 040839, 253, 21391.4, 28.680,196.654,0.328200,  0.3,  5.353,5.62e+01, 17.6, -  , - 
 832, 51309,21072023,26092023 001611,   2, 21254.5,  4.714,232.089,0.658022,  1.0,270.224,8.74e-02, 17.3, 0.1,  1
 833, 51400,30052008,26092023 044401, 208, 21296.1,  7.787,300.481,0.653923,359.5, 60.336,1.04e-01, 17.0, 4.0,521
 834, 51402,06082017,25092023 183506,2217, 21344.6, 46.411,149.541,0.408771,  0.2,294.803,8.47e+00, 16.7, -  , - 
 835, 51403,22042018,25092023 221032,1979, 20876.4,  6.835,279.220,0.674377,359.8, 51.086,8.54e-02, 18.6,58.4, - 
 836, 51405,26012022,25092023 164426, 602, 21169.3,  6.077,257.855,0.678217,  0.3,348.194,9.95e-02, 18.6, 0.7,139
 837, 51501,23082014,26092023 015859,1066, 20536.3,  6.813,  5.945,0.659483,358.9, 52.130,3.24e-01, 18.2,24.2, - 
 838, 51502,07122016,25092023 205822, 359, 21318.3,  7.772, 21.017,0.652101,359.1,272.913,5.79e-02, 17.5, 3.0,351
 839, 51503,09042018,25092023 211215,  81, 21375.0, 49.976, 39.241,0.509057,359.9,318.947,3.42e+00, 16.2,21.1, - 
 840, 51600,13112014,25092023 190631,   2, 20003.3, 21.259,126.113,0.658895,  0.2,269.124,1.17e-01, 15.6, 0.3, 10
 841, 51601,17032010,25092023 223745, 242, 21028.8,  3.641,187.942,0.678568,  2.0,177.946,2.91e-02, 16.8, -  ,235
 842, 51602,28052017,25092023 235414, 138, 21388.2, 54.700, 14.561,0.047614,359.8,351.494,2.62e+01, 16.6,16.4, - 
 843, 51603,01072017,25092023 172658,1432, 20644.0,  6.227,304.007,0.670127,359.4,301.094,1.40e-01, 17.3, 7.1, - 
 844, 51604,29042020,25092023 184739,   0, 21322.5,  7.779, 59.123,0.651809,359.5,189.202,2.89e-02, 18.3, 0.1,  3
 845, 51605,14112020,25092023 215719, 234, 21320.7,  9.424, 83.999,0.520961,359.9,210.635,6.84e+00, 15.9,33.1, - 
 846, 51606,06012007,25092023 164841,  32, 21393.5, 25.988,160.795,0.668995,  0.3,  5.191,4.00e-03, 18.4, 0.1,  5
 847, 51607,15092023,26092023 010157,   8, 15655.1, 26.959,  3.935,0.581075,359.7,195.581,8.92e-01, 18.5, 0.5,123
 848, 51700,20122009,25092023 225159,   4, 21368.8,  7.255,195.443,0.647529,  1.0,280.620,1.55e-01, 16.9, 0.1,  8
 849, 51702,13032022,26092023 032247, 534, 21371.0,  5.042, 78.097,0.647100,359.7,211.072,8.63e-01, 18.6,42.6, - 
 850, 51800,24122009,25092023 225928,  34, 21407.7,  5.328,171.861,0.649734,  1.4, 26.435,8.76e-02, 18.1, 0.1,  8
 851, 51801,25112016,25092023 235003, 203, 21367.2,  5.767,144.350,0.664975,  1.1,156.458,1.74e-01, 15.2, 6.7,412
 852, 51802,30122017,25092023 180133,   4, 21389.8,  7.239,208.005,0.647208,  0.9,256.836,2.77e-02, 18.1, 0.1,  3
 853, 51900,19042009,26092023 034858,  39, 21175.2,  8.285,103.237,0.676430,  0.2,  9.187,3.12e-02, 17.2, 3.3, 23
 854, 51901,26112017,26092023 013017,1875, 21278.8,  6.784,113.620,0.678037,  0.4,133.302,4.63e-02, 18.8, 2.9,617
 855, 51902,29112017,26092023 010822, 668, 20897.9,  8.581, 17.556,0.676603,359.2,187.576,2.66e-01, 18.3,14.8, - 
 856, 51904,15122022,26092023 035430, 279, 21389.5,  5.161,243.044,0.667886,  0.7,145.001,3.43e-01, 17.8,43.0,789
 857, 52000,21042009,26092023 060534,  98, 21155.7,  9.923, 59.594,0.669870,359.6, 36.364,1.07e-01, 17.6,11.6,316
 858, 52001,15052017,25092023 175034,  95, 21225.5,  7.425,186.054,0.676402,  1.0,271.192,5.90e-02, 17.4,46.3,129
 859, 52002,22042018,26092023 001637, 818, 21412.2, 49.092, 38.786,0.534517,359.9,333.761,3.05e+00, 15.7, -  , - 
 860, 52003,11122018,26092023 010754,1366, 21382.9, 48.730,161.485,0.671008,  0.2,121.203,2.33e-01, 15.6, -  , - 
 861, 52004,22032021,25092023 221518, 141, 21308.1, 48.054, 11.619,0.566069,359.8, 48.865,2.74e+01, 15.2,40.5, - 
 862, 52100,22072014,26092023 013742, 475, 16048.3,  1.489,109.296,0.583753,  1.7, 38.800,9.25e-02, 17.4,23.9,827
 863, 52102,09082019,25092023 171506,   6, 21371.8, 10.005,237.139,0.675624,  0.4,285.946,3.22e-01, 17.6, 1.1, 45
 864, 52103,26072012,25092023 185838,   1, 21507.3,  4.436, 37.819,0.639016,358.6,323.561,1.49e-01, 14.6, 0.1, 10
 865, 52104,04092021,25092023 204732,  83, 21400.1, 65.819, 51.163,0.661597,359.9,  7.292,2.54e+00, 16.6,21.8, - 
 866, 52200,16032015,26092023 021525, 134, 21120.2,  7.533,258.481,0.673667,  0.2,180.688,1.03e-01, 17.2, -  ,257
 867, 52202,04022019,25092023 171523, 125, 21504.8,  4.607, 51.527,0.639052,358.9,291.825,8.64e-02, 18.3, 0.4, 54
 868, 52203,29072019,25092023 192722,   2, 21466.8, 11.998,291.496,0.469567,359.8,214.807,1.84e+00, 17.8, 0.3, 77
 869, 52204,29082019,26092023 015852,  69, 21667.1, 11.342,296.706,0.483752,359.7,216.765,3.57e+00, 18.1,30.9, - 
 870, 52300,25012010,26092023 013117,   1, 21537.8,  6.384,201.206,0.635251,  1.1,304.803,1.36e-01, 17.1, 0.1,  3
 871, 52301,02102019,25092023 200126,1430, 21432.1, 20.371,  4.356,0.684566,359.6,341.305,1.15e-01, 17.9, -  , - 
 872, 52302,08012007,26092023 021718,1160, 21503.0, 26.596,359.787,0.679342,359.7,176.358,3.96e-03, 19.2, -  ,628
 873, 52400,22082012,25092023 213344, 143, 18600.9, 63.167,262.512,0.636943,  0.0,276.444,5.72e-02, 14.9, -  , 90
 874, 52401,04082010,25092023 173247, 139, 20961.6,  8.299,132.644,0.676693,  0.6,212.718,2.50e-02, 13.7, -  , 45
 875, 52402,07032016,26092023 033903, 135, 21504.0, 12.053,270.889,0.513240,  0.0,163.201,6.05e+00, 17.8, 8.1, - 
 876, 52406,10012019,25092023 192244,1403, 21415.8, 28.453, 51.021,0.683559,359.8,206.550,5.91e-03, 17.0, -  ,122
 877, 52407,31052019,25092023 232302, 416, 21569.7, 16.888,244.570,0.637974,  0.2,281.268,1.59e+00, 17.9,41.8, - 
 878, 52408,12012020,26092023 041708, 223, 21616.4, 11.503,128.893,0.548557,  0.4,180.762,4.15e+00, 16.9,56.2, - 
 879, 52500,27082022,26092023 004239, 387, 21669.7,  4.369,347.122,0.565185,358.3,312.532,3.77e+00, 18.9,22.1, - 
 880, 52501,14092023,26092023 005255,   8, 16135.3, 26.962,  4.150,0.594684,359.7,194.996,3.95e-01, 18.5, 0.1,  4
 881, 52600,07072011,26092023 034714,  16, 21161.7,  6.356,136.102,0.672932,  0.9, 11.529,7.95e-02, 17.1, 0.2, 26
 882, 52604,07022021,25092023 233725,   5, 21518.4,  7.043, 86.839,0.677047,359.9, 57.006,2.66e-01, 17.1, 0.1, 13
 883, 52605,06102021,26092023 020022,  17, 21021.3,  7.146,337.849,0.663293,359.0,229.862,1.45e-01, 17.7, 1.0,112
 884, 52606,16112022,26092023 002542, 277, 21920.2, 22.778,287.903,0.594080,359.9, 14.842,6.33e-01, 14.8, -  , - 
 885, 52700,12062015,26092023 010242,  58, 11585.4,  5.738,270.491,0.433956,  0.0,285.704,9.34e-02, 15.8, 0.5, 83
 886, 52701,15092023,26092023 012618,   8, 17492.3, 26.983,  4.618,0.625885,359.7,194.404,7.32e-01, 18.4, 0.7,150
 887, 52800,15012018,25092023 230359,   2, 21595.9,  6.275, 26.070,0.681265,358.9,179.132,8.35e-02, 18.0, 0.4,  3
 888, 52900,30082009,26092023 000148,   2, 21699.2,  6.067,154.034,0.626435,  1.1, 60.667,3.31e-01, 16.7, 0.1,  3
 889, 52902,28052017,25092023 233319, 159, 21454.1,  6.852, 44.612,0.655218,359.2, 96.715,6.63e-02, 17.5, 2.7, 76
 890, 53001,19092018,26092023 012426, 409, 21182.5, 62.475,  4.779,0.684693,359.9,256.870,1.45e-01, 16.7, 1.6,379
 891, 53002,30092018,26092023 023809, 420, 18784.1, 21.079,234.753,0.644445,  0.2, 82.095,4.41e-02, 17.5, -  ,274
 892, 53003,27022009,26092023 041208, 157, 21533.5, 28.249,283.393,0.688123,359.9,337.046,6.29e-03, 20.2, -  , 18
 893, 53004,24022020,26092023 075241, 152, 22009.1, 21.259,297.179,0.567059,359.8,102.372,5.40e+00, 16.3,27.9, - 
 894, 53100,05092012,26092023 025320,   5, 21099.3,  7.692,351.603,0.676452,359.0, 93.035,3.31e-02, 14.6, 0.6,  1
 895, 53101,01122017,25092023 222022,   1, 21711.8, 63.567,335.558,0.653516,359.9,240.602,8.78e-02, 15.7, 0.1,  3
 896, 53102,13022018,25092023 200144, 508, 21508.9,  7.138, 21.611,0.676056,359.0,251.695,5.57e-01, 18.1, -  , - 
 897, 53103,16102020,25092023 214910,1072, 21651.9,  8.967,105.009,0.682741,  0.2,205.925,5.39e-02, 19.0, -  , - 
 898, 53200,19022018,25092023 210326,1226, 21737.5,  8.917,289.281,0.677561,359.7,238.793,4.74e-01, 18.0, -  , - 
 899, 53201,25072019,26092023 010726, 372, 21737.2, 14.335,161.827,0.567713,  0.5, 51.648,4.90e+00, 17.2, -  , - 
 900, 53202,15112022,25092023 181820, 280, 21957.8, 10.497, 77.659,0.539149,359.8,231.355,8.13e+00, 17.8,38.0, - 
 901, 53301,26032016,25092023 203319,  24, 21803.4, 65.197, 42.384,0.594557,359.9,236.341,1.45e-01, 16.9, 0.1, 10
 902, 53302,01082021,25092023 214721, 605, 21706.2, 21.202,176.520,0.692228,  0.4,265.441,4.44e-03, 17.8, -  , 15
 903, 53303,21112022,26092023 043951, 301, 21814.3,  7.814, 89.497,0.667533,360.0,258.049,4.19e-01, 18.5,19.6,344
 904, 53304,01062023,26092023 062225,   9, 21817.3,  6.841, 92.053,0.682790,  0.0, 42.661,6.20e-02, 17.9, 0.1,  3
 905, 53305,18012007,25092023 171440,   1, 21845.7, 26.270,254.665,0.661012,  0.1,341.814,1.00e-02, 17.0, 0.1,  2
 906, 53400,15112017,26092023 024017,  94, 21577.5,  7.057, 81.546,0.682994,359.8, 34.876,5.82e-02, 17.5, -  , 52
 907, 53401,16122017,25092023 192346, 121, 21836.8,  7.328,104.452,0.679856,  0.2,354.874,8.97e-02, 17.4, 9.9,103
 908, 53402,13092023,25092023 222524,   6, 18430.3, 26.967,  5.087,0.644559,359.7,193.980,4.50e-01, 18.0, 0.1, 11
 909, 53403,15092023,26092023 002503,   7, 17330.8, 26.963,  4.635,0.621664,359.7,194.454,5.12e-01, 18.3, 2.5, 10
 910, 53600,08112009,26092023 003016, 520, 22101.4,  6.103,332.456,0.677257,358.9,311.737,3.35e-02, 18.8,59.7, 58
 911, 53601,22022018,25092023 211215,  89, 21643.9, 62.323,265.336,0.580272,  0.0,168.395,1.31e+01, 16.6, 6.5, - 
 912, 53602,02082014,26092023 060209,  51, 20690.1,  4.623,321.337,0.666488,358.8, 80.914,1.78e-01, 16.1,59.6,165
 913, 53603,22112014,26092023 012904,   0, 19771.9, 19.147, 54.086,0.662167,359.8,155.067,2.17e-02, 15.3, 0.3,  1
 914, 53604,06102015,26092023 012912,1531, 20553.0, 27.288, 48.021,0.524984,359.8,149.761,2.99e+01, 17.0, -  , - 
 915, 53605,01112015,25092023 220716, 105, 21613.0,  8.330,  7.994,0.684510,359.1, 99.970,2.78e-02, 17.3, -  , 34
 916, 53606,19122006,25092023 230140,  89, 21878.9, 26.587,  4.151,0.671015,359.7,296.495,1.43e-03, 16.2, 4.0,  3
 917, 53607,14102020,26092023 040636,1072, 21125.1,  8.872,160.397,0.648339,  0.8,111.305,1.74e+00, 18.7,17.5, - 
 918, 53608,06062022,25092023 214248, 402, 21997.8, 46.477,130.754,0.545929,  0.1,290.377,9.55e+00, 17.5,20.3, - 
 919, 53700,19102006,25092023 234403,1138, 21313.4, 26.913, 24.969,0.679779,359.7,224.570,1.47e-01, 16.1,18.4, - 
 920, 53701,27112006,25092023 184652, 639, 21933.0, 27.398,184.976,0.660462,  0.3,353.376,2.39e-02, 16.2,23.7, - 
 921, 53800,24062012,26092023 015713, 192, 20923.7,  7.232, 58.442,0.670483,359.4,240.147,2.78e-02, 12.7, -  ,182
 922, 53803,12112022,26092023 021411, 231, 21953.5, 26.011,185.271,0.660371,  0.3,128.007,1.12e+00, 18.3,14.3, - 
 923, 53900,19062012,26092023 013732, 368, 20138.5,  1.449,287.138,0.665149,358.7,100.611,8.20e-02, 18.3, 2.2,542
 924, 53901,15082016,25092023 222223,  28, 21964.4, 62.941, 78.538,0.684830,360.0,256.736,1.25e-01, 16.6, 9.2, 16
 925, 53902,30122006,26092023 013939,   2, 21989.1, 26.606, 73.311,0.661651,359.9, 47.978,1.00e-02, 17.0, 0.1,  1
 926, 53903,13092023,26092023 000156,   8, 17917.0, 26.973,  4.858,0.635222,359.7,193.846,5.18e-01, 18.0, 5.7,141
 927, 54000,05082008,26092023 041654,4841, 21109.4, 10.232,224.774,0.673558,  0.5,296.131,3.98e-01, 17.3, -  , - 
 928, 54002,23082019,26092023 062101, 214, 20935.3, 20.111,309.861,0.682830,359.8, 80.575,9.29e-03, 17.3, -  , 33
 929, 54100,07112011,25092023 202643,   1, 21484.4, 27.571,143.872,0.689698,  0.2,268.957,8.03e-03, 11.6, 0.1,  1
 930, 54101,22092006,26092023 014251,4975, 10259.0, 25.781, 13.592,0.359542,359.7, 50.493,6.80e-03, 13.3, 2.6,132
 931, 54102,26102012,26092023 032717,   0, 19355.8,  9.433, 83.359,0.649207,359.9,  4.325,1.31e-01, 11.9, 0.1,  3
 932, 54104,01022020,25092023 154435, 497, 21948.5,  5.858,358.223,0.683630,358.7,251.867,6.96e-02, 17.6,71.2, - 
 933, 54105,01092022,26092023 010049, 277, 22038.2,  6.041,267.545,0.679565,  0.1, 65.876,9.09e-02, 18.4,23.5,458
 934, 54106,21032023,25092023 235719, 180, 22023.9,  6.305,141.598,0.683474,  0.9,300.067,2.97e-02, 18.1, 8.4, 19
 935, 54200,29052022,25092023 213505, 476, 21554.1, 26.184,199.620,0.687303,  0.3,357.651,9.10e-02, 17.4, 0.6,147
 936, 54201,10012023,25092023 222521, 254, 21911.1,  5.843, 87.302,0.691330,359.9,285.064,8.77e-02, 17.2, 0.2, 25
 937, 54202,16032023,25092023 231805,   6, 22083.1,  6.116,134.090,0.670574,  0.9,333.603,4.34e-01, 16.2, 0.4, 78
 938, 54203,27012007,26092023 060835,  37, 22003.9, 18.116, 15.986,0.696532,359.6,152.166,5.09e-03, 17.3, -  ,  3
 939, 54300,12032008,25092023 201507,   2, 21567.3,  6.171,134.500,0.684856,  0.9,336.488,4.51e-02, 15.1, 0.1,  1
 940, 54301,14062012,25092023 191013,   1, 22050.0, 63.514,154.329,0.665413,  0.1,258.340,1.43e-01, 14.9, 0.1,  6
 941, 54302,13102018,26092023 020908,  13, 22110.6, 11.490,252.937,0.683293,  0.2,326.004,4.52e-01, 18.0, 6.2,212
 942, 54303,08112018,26092023 052202,1733, 21932.7,  3.757,182.592,0.681173,  2.0,103.717,1.00e-02, 18.3, 1.7,242
 943, 54304,07012019,25092023 175829, 253, 22113.6,  6.564,281.866,0.680373,359.8, 23.832,8.41e-02, 18.1,14.8,152
 944, 54305,16022020,25092023 192650,   5, 22067.4, 63.617,350.415,0.680977,359.9,286.537,2.57e-02, 15.8, 0.1,  1
 945, 54306,18052021,26092023 024103, 841, 22065.8,  5.857,249.395,0.652714,  0.5,113.463,1.54e+00, 17.6, -  , - 
 946, 54307,15092023,25092023 215023,   8, 18575.8, 26.997,  5.056,0.647372,359.7,193.630,4.06e-01, 18.3, 0.1,  3
 947, 54400,21032015,26092023 025603,1544, 21558.7, 29.734,261.120,0.656068,  0.0, 69.469,2.04e+00, 17.2, -  , - 
 948, 54401,06032017,26092023 005133, 654, 18679.0, 23.419,319.016,0.643357,359.8,180.454,6.19e-02, 17.3, 1.8,451
 949, 54402,21072018,26092023 035936,1750, 22095.0, 44.880,238.446,0.610122,  0.1,252.542,3.39e+00, 17.4, -  , - 
 950, 54403,21102019,26092023 030332,1429, 22005.1, 12.347,276.247,0.583482,359.9,248.144,6.99e+00, 17.5, -  , - 
 951, 54404,25112019,26092023 024643,1396, 22074.7, 12.273,336.332,0.441825,359.4,126.599,1.96e+00, 18.3,25.9, - 
 952, 54405,18122020,26092023 035523, 139, 22099.1,  6.147,243.768,0.683051,  0.5,103.472,2.50e-02, 18.3, 2.9, 35
 953, 54407,20092022,25092023 235425, 188, 22091.1,  6.209,196.181,0.683537,  1.2,193.563,2.79e-02, 18.6, 6.7, 27
 954, 54500,30112008,26092023 012112,   0, 21637.7,  2.980,336.044,0.688141,357.8,225.225,3.06e-02, 15.0, 0.1,  1
 955, 54501,29042022,25092023 201557, 502, 21648.6,  7.305,109.148,0.677146,  0.3,219.407,3.78e-01, 18.4, 2.7,680
 956, 54502,20082023,25092023 192915,  29, 22127.4, 21.819,252.807,0.604256,  0.1,314.377,1.08e+01, 17.6,96.7, - 
 957, 54600,27022006,25092023 235336,   0, 21187.5,  8.705, 78.826,0.680516,359.8,130.840,1.26e-01, 14.2, 0.1,  4
 958, 54601,02022009,25092023 201527,   4, 22120.9,  7.300, 34.922,0.678397,359.1,143.019,1.23e-01, 17.0, 0.1, 10
 959, 54603,08092018,25092023 201828, 360, 21539.3,  8.348, 26.445,0.674777,359.2,283.213,3.51e-01, 18.5, -  , - 
 960, 54604,17072023,26092023 051311,   4, 22118.6,  7.974, 41.672,0.686694,359.3,161.425,1.20e-01, 17.7, 2.3,  5
 961, 54700,29091999,26092023 083759,   9, 22180.0,  6.226, 87.658,0.678285,359.9, 75.784,1.30e-01, 17.2, 0.2, 43
 962, 54701,30052018,26092023 013642, 503, 22142.4, 27.943,315.756,0.662252,359.8,123.327,6.47e-02, 19.6,12.3, - 
 963, 54702,16122019,26092023 000228,  29, 21800.0, 10.750,307.069,0.505334,359.6,201.871,6.88e+00, 17.6, 2.6,624
 964, 54703,31032020,25092023 215257,   6, 22114.9,  6.474, 29.135,0.677934,359.0,179.989,1.87e-01, 17.8, 0.1, 27
 965, 54704,29072022,26092023 050551, 297, 22032.9,  6.473,178.604,0.690160,  1.2,178.501,7.59e-02, 17.8, -  ,217
 966, 54800,14122009,26092023 033551,  92, 22170.0,  7.338, 51.885,0.680050,359.3,111.541,1.78e-01, 18.1, 3.3, 66
 967, 54801,15052018,26092023 050848,  32, 22205.3,  6.687, 76.881,0.677588,359.7, 80.374,5.00e-02, 18.0, 0.1,  5
 968, 54804,31032022,25092023 175522, 485, 22221.9,  5.216,  3.382,0.656331,358.6,278.368,1.37e+00, 17.4,38.9, - 
 969, 54900,07112009,26092023 001943, 211, 21825.5,  9.214,291.727,0.681953,359.7, 12.921,1.01e-01, 15.7,23.5, - 
 970, 54901,04102021,25092023 234538, 717, 16947.9,  2.747,109.575,0.487827,  0.9,238.194,2.41e+00, 17.9, 5.4, - 
 971, 54902,22012023,25092023 182604,  83, 22232.2,  6.656,157.633,0.672975,  1.0,263.194,9.67e-02, 18.4, 0.3,  9
 972, 55002,19022021,25092023 165106, 491, 22186.1, 14.050,265.635,0.563249,  0.0,261.731,5.02e+00, 17.5, -  , - 
 973, 55100,13082019,26092023 000533, 132, 22122.4, 11.990,329.384,0.505214,359.5,140.115,5.79e+00, 15.2,93.8, - 
 974, 55101,13042021,26092023 044024, 846, 22339.1, 12.999,150.996,0.616460,  0.5,124.778,5.97e+00, 16.5, -  , - 
 975, 55200,22082007,25092023 212949, 123, 19042.4,  6.650,249.535,0.639366,  0.4,259.707,3.79e-02, 18.7, 2.0,535
 976, 55201,24032017,26092023 012608, 782, 22131.8,  4.930,208.047,0.689279,  1.3,160.816,8.69e-02, 17.9, 5.6, - 
 977, 55202,30082019,26092023 003355, 466, 22064.2, 13.632,258.561,0.574826,  0.1,282.306,6.01e+00, 17.8, -  , - 
 978, 55203,27032023,25092023 231007, 169, 22270.9,  6.304,272.593,0.692570,360.0,162.939,6.64e-02, 18.0, -  , 57
 979, 55300,21102019,26092023 004451, 706,  9263.5, 59.983, 13.801,0.276549,359.9,166.371,1.59e+00, 16.1, 4.0, - 
 980, 55301,16072021,26092023 052943,  28, 21018.0,  7.306, 25.531,0.678106,359.1,128.137,2.45e-01, 17.5, -  ,111
 981, 55302,10092021,25092023 203254,  20, 22052.3,  5.949,234.977,0.691176,  0.7,250.508,7.04e-02, 17.6, 4.0,  3
 982, 55303,14092023,25092023 213645,   9, 18850.8, 26.981,  5.049,0.652537,359.7,193.614,3.39e-01, 18.6, 1.5,217
 983, 55400,06062022,25092023 233542, 448, 22330.1, 12.211,315.387,0.511856,359.6,173.078,2.26e+00, 16.7, 8.8, - 
 984, 55401,21032023,25092023 230812, 188, 22247.9,  6.754,162.709,0.683016,  1.1,284.112,5.01e-01, 18.5,22.1, - 
 985, 55502,28102015,26092023 060838,   2, 22351.0, 26.746,105.942,0.691583,  0.1, 82.519,1.72e-01, 16.1, 0.6, 34
 986, 55503,18032023,25092023 204019, 182, 22409.9,  5.716,177.520,0.646936,  1.3,246.105,1.07e+00, 18.3, 5.0,612
 987, 55601,25062016,26092023 013345, 640, 20730.7, 26.619, 62.170,0.669246,359.9,161.433,8.08e-01, 16.1,23.1, - 
 988, 55602,27122017,25092023 235437,2036, 22477.8, 27.024, 63.530,0.643693,359.9,344.970,1.96e-01, 16.6,76.9, - 
 989, 55603,26092019,25092023 231241, 464, 22255.2, 12.630,330.020,0.459790,359.5,142.893,7.53e+00, 15.2, -  , - 
 990, 55604,08042022,25092023 173102, 448, 22469.6, 10.796,232.496,0.572220,  0.4,309.162,7.18e+00, 17.7, -  , - 
 991, 55700,06042016,25092023 224334,  82, 20990.5, 20.572,354.335,0.680350,359.6,348.950,5.71e-02, 16.3, -  ,118
 992, 55701,08012007,25092023 225155,   5, 22474.2,  7.146,133.169,0.665391,  0.7,301.009,4.29e-03, 16.5, 0.1,  2
 993, 55702,30092018,25092023 235426,   7, 22486.5,  5.109,161.629,0.662611,  1.4,313.295,2.85e-01, 15.9, 0.1, 35
 994, 55703,02102018,26092023 063555,1752, 22481.9,  6.346,266.926,0.696052,  0.1, 18.111,1.24e-02, 18.5, -  ,125
 995, 55704,27082019,26092023 065433, 883, 22187.3, 16.087,183.110,0.611602,  0.5, 23.359,9.71e+00, 15.6, -  , - 
 996, 55800,10032010,26092023 054826,   1, 21565.2,  7.219,248.199,0.686055,  0.4,112.222,4.27e-02, 14.9, 0.2,  2
 997, 55801,25102019,25092023 220255, 453, 22407.5, 10.869,275.185,0.490274,359.9,221.581,7.55e+00, 18.0, -  , - 
 998, 55802,13032022,26092023 063651, 485, 22259.6,  6.118,104.083,0.694253,  0.3,150.934,1.00e-01, 18.4, 1.0,234
 999, 55803,19032023,26092023 035641, 186, 22471.9,  7.198, 92.155,0.692427,  0.0,355.312,1.27e-01, 18.9, -  , - 
1000, 55804,18092023,25092023 224438,   2, 22496.0, 15.661,187.101,0.652832,  0.5,348.379,9.29e+00, 17.6, 0.8,203
1001, 55900,14092023,25092023 233311,  11, 13008.8, 26.925,  2.279,0.499467,359.7,198.531,3.05e-01, 18.3, 5.7, 78
1002, 55901,19092023,26092023 040729,   6, 20943.3, 27.023,  5.760,0.686339,359.7,192.474,4.19e-01, 18.4, 0.3, 46
1003, 56003,11012023,25092023 222543, 227, 22528.7,  9.456,197.673,0.545058,  0.8, 54.314,8.45e+00, 12.6,70.7, - 
1004, 56100,20122009,26092023 062743,   3, 22344.5,  9.445,346.542,0.691211,359.2, 88.297,5.77e-02, 17.1, 0.2,  3
1005, 56101,23122009,26092023 041314, 132, 22075.5,  7.432,263.723,0.690411,  0.1,118.646,3.23e-02, 16.5, -  , 62
1006, 56102,21032015,26092023 061226,   1, 21826.1, 26.895,116.839,0.691368,  0.1, 44.774,2.57e-02, 16.1, 0.2,  1
1007, 56104,07082019,26092023 060101, 974, 22689.9, 13.897,192.879,0.612456,  0.5, 38.135,3.50e+00, 17.3, -  , - 
1008, 56105,19022020,26092023 040530,   1, 22376.7, 13.867,237.238,0.604263,  0.3,324.925,5.87e+00, 14.5, 0.8,206
1009, 56106,07062022,25092023 235131,  99, 22441.9, 13.083,311.860,0.463630,359.6,148.088,2.53e+00, 18.0,21.7, - 
1010, 56107,02082022,26092023 061251, 257, 22590.1,  8.413,323.162,0.683248,359.3,325.461,2.76e-02, 18.0, 3.0, 90
1011, 56108,16032023,26092023 000522, 151, 22634.3,  6.443,281.225,0.660969,359.8,131.106,1.03e+00, 18.0,15.9, - 
1012, 56109,27072023,25092023 222527,  56, 22514.0,  7.747,259.721,0.695711,  0.2,279.610,2.28e-01, 18.1, -  ,980
1013, 56200,22112017,25092023 212451, 116, 22502.4,  6.551,227.178,0.690993,  0.8,202.068,7.94e-02, 17.7,10.7,108
1014, 56201,19122006,26092023 043643,   1, 22538.3, 26.785,186.287,0.667129,  0.3,214.410,7.58e-02, 18.2, 0.1,  8
1015, 56202,20042020,25092023 214532,1225, 22370.0, 54.767,337.243,0.568028,359.9,240.684,2.63e+01, 17.5, -  , - 
1016, 56203,14092023,26092023 005511,   9, 19815.5, 26.999,  5.301,0.669261,359.7,193.218,2.97e-01, 18.2, 2.9,197
1017, 56300,11092016,25092023 195913, 492, 22086.8,  6.740,246.820,0.690867,  0.4, 41.851,7.22e-02, 17.7, 3.3,816
1018, 56301,29032020,25092023 214005, 136, 22642.1,  6.394,134.850,0.649380,  0.8,347.749,1.15e+00, 16.4, 3.6,522
1019, 56302,13092023,26092023 003003,   8, 19838.3, 26.981,  5.551,0.669546,359.7,192.956,3.95e-01, 17.7, 0.1,  4
1020, 56400,23102014,25092023 162009,   1, 21607.4, 21.388, 35.453,0.683907,359.7,240.449,8.70e-02, 16.2, 0.1,  3
1021, 56401,21122017,26092023 060853,2084, 22688.0,  7.930,161.223,0.620535,  0.9,339.274,9.90e-01, 18.9,99.0, - 
1022, 56402,07062022,25092023 214739,  37, 22626.9, 62.763,185.142,0.642095,  0.1,192.510,2.90e-01, 17.1, 1.3,323
1023, 56403,26082023,25092023 220215,   1, 22624.7,  7.161,312.027,0.685468,359.3,234.454,4.26e-01, 17.4, 0.1,  1
1024, 56404,14092023,25092023 204025,   9, 20283.9, 27.016,  5.501,0.676279,359.7,192.999,3.72e-01, 18.4, 5.3,254
1025, 56501,23122016,25092023 211038,   1, 22087.9, 52.342,339.455,0.344894,359.8,196.168,2.84e+01, 16.7, 0.3, 63
1026, 56503,18102022,26092023 015347, 335, 22651.3, 11.606,167.308,0.618716,  0.6, 90.428,6.02e+00, 17.6, -  , - 
1027, 56504,14092023,26092023 004429,  10, 17523.8, 26.982,  4.606,0.626265,359.7,194.293,4.82e-01, 18.3, 0.1,  9
1028, 56600,09012013,26092023 034844,  83, 22669.8,  7.510,236.882,0.674200,  0.6,161.243,4.46e-01, 16.7, 1.2,108
1029, 56602,22112017,26092023 001135, 544, 22373.6, 18.877,195.872,0.694467,  0.4, 32.127,1.47e-01, 18.1,17.2, - 
1030, 56604,05102019,26092023 013523, 135, 22747.2, 12.719,355.906,0.325528,359.4, 93.142,6.65e+00, 17.3,80.2, - 
1031, 56605,15012021,26092023 025317, 975, 22641.7, 13.580,206.162,0.614802,  0.5, 32.231,8.83e+00, 18.1, -  , - 
1032, 56700,13062012,26092023 061843, 219, 22698.7,  6.278,228.303,0.638236,  0.8,158.186,3.13e-01, 17.8, 6.3, - 
1033, 56701,17072012,25092023 214740, 398, 18837.1,  1.923,332.729,0.643101,356.7,355.064,7.12e-02, 16.7, 4.4,579
1034, 56702,03112015,26092023 035951,   6, 21916.8,  6.254,335.718,0.691162,358.9,153.307,5.47e-02, 17.3, 5.9, 11
1035, 56703,16042018,26092023 031417, 269, 19499.8, 25.897,130.670,0.654500,  0.2,130.393,1.23e-01, 16.5, 3.2,698
1036, 56704,31072022,25092023 201107, 412, 22584.6,  5.484,205.482,0.692285,  1.2,153.957,1.68e-01, 18.1, 0.4, 78
1037, 56800,29062017,26092023 024813,2169, 22567.2,  9.200, 77.873,0.680886,359.8,297.805,6.87e-01, 18.2,41.5, - 
1038, 56801,17012018,25092023 201020, 241, 20909.7,  7.661, 11.991,0.673345,359.0,136.874,4.90e-01, 16.7, 5.5, - 
1039, 56802,31102018,25092023 233043,  25, 22788.5, 23.254,284.402,0.378207,359.9,255.930,3.42e+01, 17.6,63.7, - 
1040, 56803,29092022,25092023 234244, 348, 22806.2,  7.260,308.131,0.634750,359.4,336.258,1.33e+00, 17.9, 8.4,521
1041, 56804,13092023,25092023 214314,   9, 19195.2, 26.955,  5.285,0.659011,359.7,193.122,3.09e-01, 17.5, 0.1, 37
1042, 56900,26082014,25092023 214343,   3, 20307.9, 19.285,164.056,0.671919,  0.4,277.318,1.71e-02, 16.8, 1.2,  4
1043, 56901,02062017,26092023 010141, 254, 22841.7,  7.007,333.585,0.696890,359.1,354.986,8.54e-02, 17.7,15.0,266
1044, 56902,14032019,26092023 074859, 242, 22303.3,  7.457,316.007,0.681204,359.3,105.654,3.85e-01, 16.6, 4.6, - 
1045, 56903,11042022,25092023 195234, 445, 22700.4,  7.235, 18.492,0.690346,359.0,270.441,5.52e-01, 17.6, -  , - 
1046, 56904,08072022,25092023 214107, 264, 22709.0,  8.423,115.094,0.695148,  0.4,230.863,8.65e-02, 18.2, -  ,281
1047, 56905,15022023,26092023 001948, 168, 22788.4,  6.110, 88.326,0.695922,359.9, 24.120,9.17e-02, 18.3,27.3,421
1048, 56906,26072023,25092023 232106,  29, 22763.6,  7.491,258.194,0.690704,  0.2,293.463,6.27e-01, 18.2,29.7, 21
1049, 57000,13092023,26092023 002419,   1, 20796.8, 26.988,  5.744,0.684941,359.7,192.690,3.07e-01, 17.3, 0.1,  7
1050, 57100,05022008,26092023 000154, 143, 22443.3,  7.373,  9.616,0.696857,359.0,333.103,5.14e-02, 14.8, -  ,172
1051, 57102,26042019,25092023 231439, 245, 22801.3,  6.813,301.218,0.691572,359.5, 71.202,4.95e-02, 18.5,20.2,205
1052, 57200,10082019,25092023 175511,  51, 22861.3, 11.560,302.947,0.514343,359.7,174.432,4.07e+00, 18.1,23.4, - 
1053, 57203,13092023,25092023 221932,  10, 18136.7, 26.874,  4.760,0.640330,359.7,193.452,4.20e-01, 17.9, 0.7,187
1054, 57204,14092023,26092023 000944,  10, 18944.8, 26.985,  5.072,0.655931,359.7,193.507,8.68e-02, 18.4, 0.1,  5
1055, 57300,01102014,26092023 043845,   1, 17097.1, 18.103,136.840,0.612165,  0.3, 14.052,5.39e-02, 14.8, 1.9,  2
1056, 57301,03082016,25092023 195825,   1, 22578.7,  6.845,347.600,0.699372,358.9,206.431,9.44e-02, 16.8, 0.1,  2
1057, 57302,01022017,25092023 222421,2416, 22094.6, 63.110,234.022,0.678883,  0.1,281.488,1.16e-01, 15.1, 2.8,555
1058, 57303,08102021,25092023 204234,   2, 23307.2, 33.210,337.748,0.492324,359.8,220.581,4.90e+01, 17.7, 0.7,169
1059, 57400,25122016,25092023 200117,   1, 22276.4, 21.808, 28.878,0.699797,359.7,152.486,2.39e-02, 19.4, 0.3,  1
1060, 57401,12082019,26092023 024544,  37, 22650.0, 13.010,302.940,0.558574,359.7,198.076,4.17e+00, 18.2,45.0, - 
1061, 57402,15052021,25092023 171649, 848, 22841.5, 14.196,197.856,0.620272,  0.5,351.676,6.44e+00, 17.1, -  , - 
1062, 57500,21012020,26092023 015031, 653, 22952.4, 11.616, 97.269,0.698602,  0.1, 10.526,8.97e-02, 18.5, -  , - 
1063, 57501,26012023,25092023 225919, 240, 22879.3, 26.983,260.583,0.685467,  0.1, 89.650,7.02e-01, 18.8,76.9, - 
1064, 57502,13092023,26092023 014742,   9, 20098.7, 26.978,  5.529,0.673960,359.7,192.953,2.71e-01, 18.0, 0.1,  3
1065, 57600,19122012,25092023 194325,   1, 19224.5, 19.850,217.589,0.647980,  0.3,237.203,1.70e-01, 14.5, 0.1,  2
1066, 57601,17022016,26092023 011920,   0, 21600.1, 21.277,351.699,0.690011,359.6,241.814,2.13e-02, 15.4, 0.2,  1
1067, 57603,29072019,26092023 051855,  50, 22823.5, 12.492,326.744,0.450047,359.5,114.818,5.10e+00, 16.3,19.0, - 
1068, 57701,19032018,26092023 032533, 452, 22950.7, 26.690,  6.423,0.668714,359.7,121.838,2.25e-02, 18.8, 5.9,720
1069, 57702,30032019,25092023 234332, 237, 22848.2,  6.870,354.437,0.693375,358.9,  5.396,4.14e-02, 17.9, -  ,292
1070, 57703,24112019,26092023 002317, 486, 22928.7, 11.947,254.342,0.547842,  0.2,243.034,2.30e+00, 18.4,49.7, - 
1071, 57704,03022020,25092023 232046, 101, 23003.2, 20.195, 42.542,0.658657,359.7,346.894,1.21e+00, 17.1, 2.3,316
1072, 57705,13092023,26092023 044847,   9, 22861.8, 27.019,  5.958,0.713295,359.7,192.097,4.06e-01, 18.0,82.6, 14
1073, 57800,10032016,26092023 010900,   1, 22071.3,  2.071,136.004,0.697136,  2.7, 98.704,1.10e-02, 17.0, 0.2,  1
1074, 57801,17012019,25092023 221902,1676, 22979.6,  7.349,225.924,0.599603,  0.7,230.029,9.77e-01, 17.8,26.6, - 
1075, 57802,13092023,26092023 012651,   9, 19185.7, 26.987,  5.301,0.658343,359.7,193.245,3.19e-01, 18.1, 0.2,  4
1076, 57803,14092023,25092023 205243,  10, 19220.5, 26.972,  5.293,0.660477,359.7,193.396,1.24e-01, 18.5, 0.9, 77
1077, 57900,28072014,26092023 045610, 473, 21787.4,  1.896,104.712,0.689976,  1.0,170.821,2.87e-02, 18.0, 0.8,182
1078, 57901,24102018,25092023 205637,1672, 22963.5, 29.825, 45.700,0.672292,359.8,206.268,1.31e+00, 15.7, -  , - 
1079, 57902,13092023,26092023 004243,   2, 20202.9, 26.941,  5.480,0.675614,359.7,192.980,3.25e-01, 18.0, 0.1,  2
1080, 58000,03102016,26092023 000251,  75, 23047.5,  7.624, 82.997,0.689216,359.9,359.954,5.71e-01, 17.3, 2.6,172
1081, 58001,03082017,25092023 194111,  81, 22965.0,  7.138,130.082,0.699719,  0.7,252.074,4.72e-02, 17.6, -  , 77
1082, 58005,22102020,25092023 203749,1029, 22958.9, 22.881,319.815,0.706737,359.7,109.071,3.85e-03, 16.9, -  , 14
1083, 58101,11102012,26092023 020946,   2, 20699.5, 20.574,258.377,0.681056,  0.1, 56.195,9.65e-03, 17.2, 1.9,  1
1084, 58102,28012007,25092023 163747,   1, 22502.0, 30.376,240.808,0.697473,  0.1,289.409,9.29e-02, 17.8, 0.2,  8
1085, 58103,20082022,25092023 183334, 399, 22954.4, 21.786,102.455,0.690580,  0.1,197.028,7.33e-01, 17.4,86.8, - 
1086, 58104,23082022,26092023 020621, 212, 22952.0, 29.804, 76.358,0.568373,359.9,129.154,2.35e+01, 16.1, -  , - 
1087, 58105,12042023,26092023 002310, 132, 23239.4, 14.003,347.506,0.308353,359.5, 48.632,7.27e-01, 17.3,85.8, - 
1088, 58106,27052023,26092023 020734, 115, 23139.9,  8.320,130.255,0.693623,  0.6, 20.864,3.72e-01, 19.0,21.5, - 
1089, 58107,13092023,25092023 233955,   9, 19838.9, 27.001,  5.506,0.669644,359.7,192.881,3.55e-01, 18.1, 0.1,  3
1090, 58201,12062023,25092023 190113,  10, 23131.5, 11.955,296.332,0.491481,359.7,184.492,5.50e+00, 16.3,16.6, - 
1091, 58202,13092023,25092023 222045,  10, 19091.3, 26.974,  5.303,0.656557,359.7,193.258,4.07e-01, 18.1, 0.1, 28
1092, 58300,10052013,26092023 033206,  59, 19873.9, 20.301,273.185,0.657919,360.0,138.497,1.06e-01, 14.3, -  , 50
1093, 58301,11112014,25092023 173838,   2, 23106.3, 21.590,128.473,0.701807,  0.2,329.526,2.69e-02, 17.3, 0.1,  4
1094, 58302,22122009,25092023 230218,  53, 22999.1,  5.930,213.709,0.699668,  1.1,253.697,1.08e-01, 16.9,39.4, 62
1095, 58303,20022017,26092023 000955, 148, 22371.1, 63.303,309.033,0.689252,359.9,275.903,9.56e-02, 14.5, -  ,275
1096, 58304,01042017,25092023 222638, 266, 22829.1,  7.371,142.551,0.700507,  0.8,154.818,7.97e-02, 17.4, -  ,496
1097, 58305,18052018,26092023 023405,1417, 23074.4, 33.888,170.184,0.341254,  0.2, 58.046,2.06e+01, 16.2, -  , - 
1098, 58308,13092023,26092023 000401,   0, 19216.4, 26.976,  5.317,0.658875,359.7,193.706,3.78e-01, 18.0, 0.7, 14
1099, 58401,23072018,25092023 210651,1877, 23187.5,  6.680,349.489,0.616256,358.9,269.033,3.54e+00, 16.0, -  , - 
1100, 58402,22092020,26092023 021426, 995, 22996.6,  6.116,122.424,0.693361,  0.7,109.675,9.63e-01, 18.1,19.7, - 
1101, 58501,20012016,26092023 024554,   1, 22799.0, 26.700,238.158,0.702883,  0.2,190.101,2.11e-02, 16.3, 0.1,  1
1102, 58504,25052017,26092023 010551,2198, 23463.4, 16.448,315.885,0.283215,359.7,232.920,4.77e+01, 17.7, -  , - 
1103, 58505,16052018,25092023 180537,  91, 22740.6,  7.690,221.884,0.695604,  0.7,265.199,4.24e-01, 17.3, 4.7, - 
1104, 58600,23062012,26092023 013035,  85, 22916.6,  6.106,108.376,0.700594,  0.4,242.101,5.80e-02, 13.6, -  ,104
1105, 58601,20052017,26092023 085830,2301, 23222.4,  6.020, 75.140,0.623511,359.7,102.758,1.20e+01, 17.4, -  , - 
1106, 58602,08032018,26092023 063204, 482, 20321.9, 25.642,182.639,0.668392,  0.3, 52.624,2.01e-01, 16.9,11.6, - 
1107, 58604,29032020,25092023 155743,1267, 23147.2,  7.042,206.233,0.687186,  1.0,230.208,6.00e-01, 18.7, -  , - 
1108, 58605,20042023,25092023 221841, 149, 23355.1, 12.692,344.693,0.432319,359.4, 84.140,5.05e+00, 17.9,14.2, - 
1109, 58700,17062015,25092023 200732,  49, 22599.9,  7.563,117.718,0.697497,  0.5,205.138,8.83e-02, 17.6, -  , 66
1110, 58701,20052017,25092023 173019,2316, 23260.5,  5.369, 27.110,0.597627,358.7,212.159,5.29e+00, 17.9, -  , - 
1111, 58702,29102019,26092023 052901,1423, 23149.9, 18.172,235.224,0.677974,  0.2,293.901,1.11e+01, 17.6, -  , - 
1112, 58703,28102021,26092023 052020, 693, 23274.9,  6.413,308.810,0.609298,359.3, 28.522,6.73e-01, 17.7,27.6, - 
1113, 58704,09092023,26092023 035257,   7, 23135.2, 23.021,347.201,0.709276,359.7,162.295,2.74e-01, 16.4,33.3,  2
1114, 58800,08022016,25092023 193249, 133, 23330.1, 63.951,  9.119,0.594049,359.9,349.079,2.09e-01, 17.2, 3.5,831
1115, 58802,29072016,25092023 174154,  34, 23264.1,  6.472,143.122,0.699255,  0.9, 27.303,4.87e-01, 18.3,32.0,119
1116, 58804,19042017,25092023 231157,   0, 23027.9,  8.961,  7.087,0.705090,359.2,215.718,3.48e-01, 16.6, 0.1,  7
1117, 58807,12032021,26092023 025454, 242, 23192.8,  7.276,296.129,0.704209,359.6, 68.670,4.77e-02, 18.6, -  , 65
1118, 58808,13092023,25092023 234904,  10, 19204.9, 26.986,  5.288,0.658724,359.7,193.236,4.13e-01, 18.4, 0.1,  4
1119, 58900,30082014,25092023 201617, 151, 23325.5,  9.096,328.986,0.688116,359.3,343.788,4.37e-01, 17.3, 5.5,318
1120, 58902,02082019,26092023 011400,1508, 23232.3, 12.845,328.760,0.443582,359.5,118.983,6.57e+00, 17.6,68.6, - 
1121, 59001,26092019,26092023 044213, 139, 23211.6, 14.033,325.216,0.432783,359.6, 97.030,5.24e+00, 17.7,50.1, - 
1122, 59100,18022018,26092023 042136, 135, 23270.8,  7.686,354.857,0.702009,359.0,104.325,1.75e-01, 18.7, -  ,127
1123, 59101,18022018,25092023 231033, 168, 23321.5,  6.560,242.259,0.698147,  0.5,182.136,6.91e-02, 17.7, 5.7,127
1124, 59102,14092023,25092023 225920,   7, 19061.9, 26.992,  5.276,0.656261,359.7,193.249,4.06e-01, 18.7, 0.1,  3
1125, 59200,29072008,25092023 222312, 995, 22951.3,  6.183,315.800,0.689551,359.2,304.044,7.08e-02, 17.5, -  , - 
1126, 59201,16022016,26092023 011940,   1, 23024.7, 21.238,118.419,0.704131,  0.2,  6.837,1.76e-02, 17.1, 0.1,  3
1127, 59202,30072017,25092023 170844, 342, 23432.3,  7.037,253.605,0.703630,  0.3,  8.835,7.00e-02, 17.2,18.4, - 
1128, 59203,16102017,26092023 052347, 231, 23101.6, 27.031,349.177,0.709223,359.7, 20.192,1.95e-02, 17.6, -  , 41
1129, 59204,01072019,26092023 073151, 101, 23397.0, 12.193,331.392,0.481421,359.5,104.781,7.39e+00, 17.9,37.2, - 
1130, 59205,03072019,26092023 053739, 919, 23609.7, 16.400,357.505,0.356958,359.5, 63.974,5.41e+00, 15.7, -  , - 
1131, 59207,22082019,25092023 215943, 454, 23248.9, 10.909,241.362,0.605593,  0.3,275.520,4.74e+00, 17.8,45.2, - 
1132, 59208,17082023,26092023 003405,  28, 23154.3, 19.356,109.165,0.707664,  0.1, 97.770,7.05e-01, 16.8, 0.2, 41
1133, 59209,13092023,25092023 205812,   1, 19442.4, 27.003,  5.495,0.662880,359.7,192.918,4.06e-01, 18.0, 0.1,  2
1134, 59210,13092023,25092023 191059,   7, 19502.9, 27.021,  5.460,0.664268,359.7,193.046,3.16e-01, 18.8, 0.2,  4
1135, 59300,29012015,25092023 165810, 867, 23386.7, 68.057,252.161,0.605122,  0.0,256.279,1.14e+00, 14.2, -  , - 
1136, 59301,14092017,26092023 004356,2200, 23908.2, 20.113,344.024,0.174388,359.6,212.794,3.45e+01, 18.6, -  , - 
1137, 59304,28042019,25092023 193256,   1, 23262.4, 28.456, 44.854,0.713093,359.8,340.312,7.98e-03, 11.6, 0.2,  1
1138, 59306,24122022,26092023 032247, 259, 23421.9,  6.813,299.223,0.697098,359.5, 80.714,2.91e-02, 17.7, 9.7, - 
1139, 59307,13092023,25092023 190123,   9, 20945.1, 27.019,  5.929,0.686361,359.7,192.172,4.21e-01, 17.8, 0.1,  5
1140, 59400,20112012,26092023 022957,   1, 22670.7, 20.008,112.099,0.701727,  0.1, 61.952,4.98e-02, 17.1, 0.2,  5
1141, 59401,12042019,26092023 033531, 580, 23420.0, 25.717,144.917,0.615909,  0.2,166.862,1.79e+00, 17.4,15.1, - 
1142, 59402,28102019,25092023 174227,1423, 23290.1, 10.902,236.844,0.632294,  0.4,289.898,5.07e+00, 18.3, -  , - 
1143, 59404,13032023,26092023 080211, 193, 23452.3,  7.141,239.973,0.681062,  0.5,147.488,6.40e-01, 18.4,41.0, - 
1144, 59405,13092023,26092023 013909,   9, 20584.0, 27.001,  5.754,0.680926,359.7,192.575,3.79e-01, 17.8, 0.1,  4
1145, 59500,14122009,25092023 190818,  84, 22965.4,  6.455, 98.745,0.703914,  0.2,260.711,5.07e-02, 15.3,43.3,115
1146, 59502,13082015,26092023 033656,  11, 23302.5,  8.074,308.274,0.706034,359.4,225.259,4.63e-02, 18.1, 2.1, 17
1147, 59503,30102019,25092023 234416,1415, 23448.9, 12.443,205.875,0.632328,  0.6,348.719,3.07e+00, 18.4, -  , - 
1148, 59504,20032021,25092023 231541, 194, 23412.0,  6.415,249.659,0.700713,  0.4,169.373,7.05e-02, 18.2,14.1, 46
1149, 59600,22082007,25092023 201511,   0, 23304.0, 10.604, 89.454,0.698799,360.0,192.548,2.87e-01, 12.6, 0.1,  5
1150, 59602,25022009,25092023 230456, 123, 23291.0,  7.233,260.989,0.705369,  0.2, 88.420,4.91e-02, 14.1, 5.0,269
1151, 59604,30082019,26092023 004849,   3, 23438.0, 11.817,302.727,0.478601,359.7,165.556,2.03e+00, 17.8, 1.2,277
1152, 59605,04082020,26092023 000537,1052, 23350.5, 20.624,275.585,0.694983,360.0,102.660,6.06e-01, 17.0,34.4, - 
1153, 59700,18042009,25092023 231102,   0, 22976.6,  1.965, 99.538,0.710031,  0.6, 69.696,7.94e-03, 14.0, 0.1,  1
1154, 59701,23042009,25092023 233648, 200, 23463.4,  7.624, 10.138,0.699202,359.0,280.659,9.58e-02, 16.7,20.0,356
1155, 59702,27042009,25092023 223137, 224, 23634.9,  7.531, 13.351,0.701640,359.0,275.447,4.33e-02, 16.8,10.2,272
1156, 59703,26082016,25092023 192950, 121, 22674.4,  7.966,206.363,0.695433,  0.8,294.189,7.38e-02, 17.5, 1.1,251
1157, 59705,19092022,26092023 022447, 331, 23527.4,  8.736,327.158,0.702759,359.3,303.182,9.98e-03, 18.3, -  , 22
1158, 59801,18092017,25092023 175326,   2, 23092.6, 20.117,174.072,0.708561,  0.4, 26.130,2.08e-02, 16.7, 0.5,  1
1159, 59802,23082019,26092023 004221, 143, 23671.8, 13.608, 19.895,0.388005,359.5, 32.796,5.67e+00, 16.6,74.9, - 
1160, 59803,07042021,25092023 235544, 107, 22926.5,  3.727,159.492,0.700100,  1.9,309.197,2.60e-01, 16.6, 1.7,423
1161, 59804,11112022,26092023 081429, 315, 23572.1, 28.847,229.082,0.659016,  0.2, 54.038,1.34e+00, 18.0,15.4, - 
1162, 59805,02042023,26092023 034024, 134, 23497.0,  2.241,298.175,0.710966,358.5,148.073,1.52e-02, 18.4, -  ,  7
1163, 59806,16062023,26092023 080723,  99, 23660.0, 12.579,324.547,0.435138,359.5,114.147,8.11e+00, 17.5,83.8, - 
1164, 59900,28072019,26092023 000817, 194, 23601.3,  6.276,280.253,0.683264,359.8,124.593,4.00e-01, 17.7, 9.1, - 
1165, 59901,28022021,26092023 000701,  11, 23574.8, 71.204,219.293,0.599348,  0.1,340.651,1.23e+01, 16.7, 0.6,151
1166, 59902,10022023,26092023 053757, 130, 23621.7, 13.561,  0.396,0.393448,359.4, 40.808,1.80e+00, 17.6,53.2, - 
1167, 59903,26022023,26092023 022101, 176, 23436.5, 12.518, 29.839,0.678891,359.5, 61.646,2.58e+00, 13.8,21.6, - 
1168, 59904,02042023,26092023 052825, 168, 23607.8, 12.488,  6.516,0.468818,359.4, 46.823,1.60e+00, 18.3,80.6, - 
1169, 60000,04042017,25092023 215336, 260, 23541.8,  7.947,354.537,0.708833,359.1,259.513,1.08e-02, 17.7,43.9,177
1170, 60001,29112018,25092023 165928,1485, 23627.6,  6.943,  0.416,0.701689,358.9,311.954,4.74e-02, 18.5, -  ,289
1171, 60003,24042020,25092023 215551, 185, 23610.1,  6.919,101.338,0.692659,  0.2,  3.274,7.82e-01, 18.8,24.6, - 
1172, 60004,20042023,26092023 032602,  72, 23613.3, 11.591,316.677,0.457343,359.5,133.066,8.01e+00, 17.7,17.2, - 
1173, 60100,16082010,26092023 014152,   1, 23612.8,  7.316,240.777,0.692341,  0.5,176.163,1.76e-01, 13.4, 0.1,  6
1174, 60101,28032007,25092023 194129,   2, 23582.7, 62.670,340.057,0.708630,359.9,257.909,8.90e-02, 15.1, 0.1,  3
1175, 60104,19012017,26092023 050249,  52, 23508.9,  9.291, 93.305,0.703613,  0.0, 47.067,5.79e-01, 17.7,12.7, - 
1176, 60105,16082018,25092023 195417,   4, 23578.1,  5.988,353.951,0.706743,358.8,221.688,4.45e-02, 17.6, 1.0,  6
1177, 60106,30082019,25092023 224628,1484, 22375.4, 21.561,108.505,0.680092,  0.1,188.428,1.21e+00, 18.1,17.3, - 
1178, 60108,28112022,26092023 041956, 296, 23574.3,  6.716,206.430,0.699746,  1.0,165.274,4.27e-03, 17.3,44.3,176
1179, 60109,23122022,26092023 032822, 243, 23655.2,  6.231,278.412,0.701339,359.8, 15.491,2.94e-01, 17.5,41.3,125
1180, 60200,11062013,25092023 225707,   0, 23792.4, 28.228,131.810,0.719372,  0.2,312.463,8.12e-03, 11.6, 0.1,  1
1181, 60201,30112012,25092023 203340,   0, 21472.4, 20.583, 61.822,0.685163,359.8,229.198,5.36e-02, 13.2, 0.1,  1
1182, 60202,19032018,25092023 223322, 356, 23641.8, 11.183,207.516,0.683279,  0.6,101.963,5.50e-01, 18.2,24.1, - 
1183, 60203,11022019,26092023 020628, 208, 23237.6, 23.897,256.278,0.634669,  0.1,163.420,3.89e+00, 18.0,33.2, - 
1184, 60204,16092019,25092023 215515,1453, 23698.7, 13.041, 35.544,0.355412,359.5,354.958,6.48e+00, 18.5, -  , - 
1185, 60205,10042023,26092023 051613, 155, 23691.6, 15.747,356.427,0.416485,359.5, 19.861,2.16e+00, 17.6, 2.6,372
1186, 60206,13092023,25092023 195112,  10, 20129.6, 26.990,  5.731,0.673455,359.7,192.519,2.70e-01, 18.0, 0.1,  7
1187, 60300,14032012,25092023 203658,   0, 22062.7, 63.228,288.583,0.692006,360.0,276.432,3.36e-02, 13.5, 0.1,  1
1188, 60301,26042009,26092023 000551,   4, 23370.3,  7.199, 77.153,0.707587,359.7, 17.720,3.37e-02, 16.4, 0.1,  3
1189, 60302,26102016,26092023 073100,   3, 23613.9,  6.185, 20.764,0.707850,358.8,160.703,4.97e-02, 16.8, 0.7,  2
1190, 60303,16122017,25092023 163720,  89, 23274.1, 19.928,223.544,0.709944,  0.3,297.321,1.38e-01, 17.6, -  ,132
1191, 60304,20122017,25092023 232658, 385, 23554.3,  6.694,170.795,0.708424,  1.1,193.100,3.54e-01, 18.3, -  , - 
1192, 60305,04072019,25092023 195607, 216, 23867.0, 13.653, 48.784,0.350616,359.6,348.413,2.80e+00, 16.7,58.6, - 
1193, 60306,23082019,26092023 032052, 909, 23809.0, 15.723, 34.172,0.354193,359.6,354.302,2.42e+00, 16.4, -  , - 
1194, 60308,24012023,25092023 191833,  70, 22449.2,  5.728,333.954,0.701169,358.8,162.378,9.98e-02, 18.1, 0.2, 47
1195, 60309,19032023,26092023 060058,  19, 23695.4,  5.435, 92.652,0.705330,  0.0, 39.074,1.06e-01, 18.5, 0.3,  8
1196, 60310,10042023,25092023 203448, 166, 23702.4, 13.116,339.968,0.537301,359.5,135.072,5.68e+00, 18.0,13.6, - 
1197, 60311,13092023,25092023 194223,  11, 18679.1, 26.974,  5.276,0.649300,359.7,193.391,4.27e-01, 17.8, 0.1,  4
1198, 60400,23102016,25092023 234504,  11, 23040.2,  2.109,235.605,0.706000,  2.0,  2.051,5.34e-02, 17.0,21.7, 21
1199, 60401,08042018,26092023 000434,   0, 23683.3,  5.978, 77.236,0.706050,359.7, 55.134,7.76e-02, 17.3, 0.1,  2
1200, 60402,20022018,26092023 044007, 388, 23442.2, 27.293, 39.561,0.712620,359.8,281.217,1.24e-02, 17.8, -  , 54
1201, 60403,28062019,26092023 010657,  43, 23533.8, 12.816,315.873,0.499504,359.6,136.658,6.08e+00, 16.4,46.1, - 
1202, 60405,30122019,26092023 043024,1324, 23659.9, 19.290,311.287,0.683186,359.7, 80.836,9.17e-01, 18.2, -  , - 
1203, 60406,15122020,26092023 083121,1001, 23687.9,  8.644,267.076,0.701200,  0.1, 45.593,3.34e-01, 17.6, -  , - 
1204, 60407,23022022,25092023 225403, 163, 23698.0, 16.143,342.961,0.390306,359.6, 43.267,4.71e+00, 16.2, -  , - 
1205, 60408,08052022,26092023 044141, 100, 23691.7, 12.919, 20.721,0.412216,359.4, 24.752,3.56e+00, 17.9,12.2, - 
1206, 60409,30032023,25092023 213114,   2, 23696.8, 58.263,141.421,0.672398,  0.1,216.625,1.00e-02, 16.6, 0.1,  1
1207, 60410,18062023,25092023 145827,  72, 23682.7, 11.754,263.889,0.627608,  0.1,240.079,8.53e+00, 18.3,63.9, - 
1208, 60411,15082023,26092023 020418,   3, 23708.8, 12.345,310.161,0.526632,359.6,142.924,2.03e+00, 17.8, 0.1, 10
1209, 60500,13122017,25092023 185050, 421, 23703.2, 62.508,321.641,0.709321,359.9,260.768,7.63e-02, 17.0,17.3, 96
1210, 60501,05022019,25092023 162643, 121, 23353.4, 63.478, 41.203,0.699980,359.9,280.960,1.38e-01, 17.0,10.1,369
1211, 60503,29042020,26092023 075443,  13, 23702.9,  6.244, 76.443,0.706326,359.7, 49.727,7.89e-02, 18.1, 0.2,  6
1212, 60504,10082023,25092023 193938,  19, 23723.3,  6.574,202.222,0.688364,  1.1,270.172,4.04e-01, 18.0, 0.2, 39
1213, 60600,19122012,25092023 195802,   0, 23491.4, 28.259,165.959,0.712724,  0.3, 33.780,7.66e-03, 11.5, 0.1,  1
1214, 60601,02112010,25092023 224909,  14, 23681.2,  9.054,297.412,0.689217,359.6,143.348,1.00e-02, 12.9, 0.1,  4
1215, 60603,19122016,25092023 191928,  11, 23706.3,  6.195, 64.155,0.707277,359.4, 75.669,5.51e-02, 17.6, 0.1,  9
1216, 60606,04042022,25092023 173433, 491, 23518.1,  2.219, 83.239,0.700353,359.5,206.942,5.24e-01, 18.2, 6.0, - 
1217, 60607,15092023,25092023 204158,  10, 22179.6, 27.020,  6.173,0.701825,359.7,191.667,6.80e-01, 17.6, 0.4, 97
1218, 60700,14082009,25092023 213316, 335, 23692.4,  8.463,138.398,0.705023,  0.7,189.739,7.45e-02, 17.5,22.7,537
1219, 60702,11042011,25092023 154506,  55, 23152.6, 63.661, 39.887,0.702682,359.9,269.202,8.98e-02, 13.7,49.9,138
1220, 60703,12112012,25092023 225153,   1, 23171.6, 18.954,175.438,0.708907,  0.4,329.653,5.45e-02, 16.5, 0.4,  2
1221, 60704,30052014,26092023 081612,   1, 23720.8, 21.462,233.599,0.706429,  0.2,139.930,3.65e-02, 15.3, 0.1,  2
1222, 60705,30102018,26092023 024507, 421, 23718.7,  7.114,350.682,0.704914,359.0,198.075,2.35e-01, 17.5, -  ,406
1223, 60706,08072019,26092023 015653, 948, 23574.5, 10.462,305.215,0.472129,359.6,182.619,1.11e+01, 14.8, -  , - 
1224, 60707,11112020,25092023 231919, 932, 23805.0,  5.809,270.930,0.708549,  0.0, 25.055,9.61e-02, 17.8, -  , - 
1225, 60708,06102022,25092023 201428, 326, 23586.7, 60.814,308.391,0.632789,359.9,259.436,5.92e+01, 18.0, -  , - 
1226, 60709,11082023,25092023 195312,  15, 23775.8,  5.740,279.566,0.711412,359.8,270.036,6.08e-02, 18.1, 5.3,  1
1227, 60710,13092023,25092023 233451,  12, 19117.7, 26.974,  5.296,0.657426,359.7,193.217,3.59e-01, 18.6, 1.0,255
1228, 60800,28032008,26092023 014839,  53, 23711.5,  9.315, 39.197,0.709062,359.4,  1.038,4.85e-02, 16.5,28.1, 32
1229, 60801,08062013,26092023 044027,   1, 21917.5, 20.473, 81.284,0.692726,359.9,192.295,4.16e-02, 15.5, 0.1,  1
1230, 60802,29102016,25092023 202746, 206, 22858.0, 63.169,259.688,0.691851,  0.0,278.341,7.65e-02, 16.8, 4.4, 93
1231, 60803,24082019,26092023 080751, 541, 23823.8, 13.543,  2.416,0.391207,359.4, 85.583,1.34e+00, 16.7, -  , - 
1232, 60804,09102020,25092023 194427,1067, 23404.5, 20.342,258.298,0.708328,  0.1,219.371,3.07e-01, 17.2,23.6, - 
1233, 60805,28032022,26092023 033038, 182, 23791.3, 12.639,353.902,0.499985,359.4, 77.255,1.40e+00, 18.2, 3.6,892
1234, 60806,13092023,26092023 034156,   2, 22728.9, 26.972,  6.256,0.710808,359.7,192.085,2.18e-01, 17.6, 0.3,  5
1235, 60807,14092023,26092023 014935,   6, 22146.9, 26.994,  6.172,0.703753,359.7,191.948,2.10e-01, 17.8, 0.1, 12
1236, 60900,20082007,26092023 010027,   1, 23770.1,  6.735,264.211,0.706054,  0.1, 15.390,1.59e-01, 14.3, 0.1,  2
1237, 60901,15122012,26092023 010317, 440, 21668.4, 18.795, 95.536,0.689788,  0.0,127.526,6.59e-02, 16.4, 6.3, - 
1238, 60902,02112019,25092023 210823, 298, 23768.0,  8.252,109.824,0.694430,  0.3,264.544,4.81e-01, 18.1,26.2, - 
1239, 60903,01022020,26092023 065715, 918, 23861.6, 10.614,264.692,0.650048,  0.1, 60.611,5.99e-01, 18.0,56.1, - 
1240, 60904,24122022,25092023 204147, 242, 23780.8, 15.039,306.650,0.495598,359.7,120.939,4.25e+00, 16.2,33.4, - 
1241, 60905,13092023,25092023 214326,  11, 20423.8, 26.996,  5.734,0.679157,359.7,192.538,2.98e-01, 18.0, 1.0,221
1242, 61000,01112012,26092023 071838,   0, 23819.9, 26.396,226.353,0.715981,  0.2, 27.104,6.58e-03, 12.0, 0.1,  1
1243, 61001,06072016,26092023 045125, 121, 23716.3,  6.597,288.646,0.709598,359.7,146.108,4.39e-02, 17.7, -  , 47
1244, 61002,26082016,25092023 212042,  10, 23613.8,  7.312,280.944,0.712159,359.8,246.593,6.30e-02, 17.5, 4.9,  7
1245, 61003,05052017,26092023 035427,   1, 23662.5, 11.400,  1.853,0.712917,359.3,165.231,4.23e-02, 16.6, 0.2,  3
1246, 61004,11042018,25092023 212127, 221, 23830.6,  4.868,171.643,0.705959,  1.5,240.912,8.80e-02, 18.1, 7.6,216
1247, 61005,26082019,26092023 072805, 608, 23851.7, 13.445,358.050,0.472812,359.4, 52.655,2.80e+00, 16.4, -  , - 
1248, 61006,28082023,25092023 233607,   5, 23848.3, 66.871,153.866,0.612299,  0.1,312.578,2.73e-01, 16.8, 0.1,  2
1249, 61100,21102012,26092023 090237,   3, 23594.5, 29.347,  8.166,0.714879,359.7, 45.265,8.95e-03, 11.5, 0.2,  1
1250, 61101,23042012,25092023 221656,  98, 23918.7,  9.134, 43.796,0.695700,359.4, 19.658,6.20e-01, 17.8, 2.1,189
1251, 61102,29102019,25092023 213538, 624, 23834.8,  6.731,104.276,0.708122,  0.3, 20.576,1.37e-01, 17.6, -  , - 
1252, 61103,24042023,26092023 002356,  71, 23951.2, 12.450,319.822,0.420260,359.5,113.693,4.37e+00, 17.4,68.7, - 
1253, 61200,02112012,26092023 041745,   1, 23682.0, 27.961,291.468,0.714733,359.9, 99.015,8.61e-03, 11.9, 0.1,  1
1254, 61201,25102017,25092023 191201, 326, 23877.5,  6.850, 23.202,0.699560,359.0,235.556,4.74e-01, 18.3,42.2, - 
1255, 61202,11112018,26092023 013141,1776, 23718.5,  9.967,357.033,0.704242,359.2,145.053,7.65e-01, 19.0,37.4, - 
1256, 61203,27062019,26092023 014930, 160, 23939.0, 12.600, 47.266,0.244153,359.6,309.769,5.25e+00, 16.8, -  , - 
1257, 61204,09072019,26092023 071151,  60, 23903.8, 12.258,338.965,0.522417,359.4,104.328,1.91e+00, 16.8, 8.9, - 
1258, 61205,23022023,26092023 032821, 212, 23926.3,  4.856,227.052,0.684824,  1.1,152.151,6.88e-01, 18.8,47.9, - 
1259, 61206,13092023,25092023 210425,   3, 23484.3, 26.780,  6.509,0.717691,359.7,194.183,1.25e-01, 18.7,31.2,  7
1260, 61300,10082016,26092023 012328,   1, 22908.9,  5.736,336.132,0.706011,358.8,157.739,6.04e-02, 17.3, 0.3,  5
1261, 61301,17012018,26092023 020903, 283, 23907.0,  5.455,157.618,0.707184,  1.3,250.536,4.33e-02, 18.6,20.8,273
1262, 61302,18022018,25092023 204233,1388, 23799.1,  8.275, 70.671,0.698123,359.7,297.445,3.73e-01, 18.1, -  , - 
1263, 61303,18062019,26092023 060627, 995, 23926.9, 13.281,  9.685,0.427658,359.4, 29.872,1.23e+00, 16.3, -  , - 
1264, 61304,11082019,25092023 185139,  98, 23380.6, 26.369, 65.802,0.715311,359.9, 96.990,3.61e-03, 17.2, -  ,  5
1265, 61306,26032020,26092023 014433, 387, 18327.2, 26.327, 32.807,0.642583,359.7,185.904,8.23e-03, 16.4, 0.2, 37
1266, 61307,18062023,26092023 032224,  90, 24025.5, 12.860,339.650,0.424692,359.5, 75.240,6.76e+00, 17.2, 8.4, - 
1267, 61308,21092023,26092023 011722,   3, 23915.2,  6.762,353.629,0.713742,358.9,199.216,1.30e-01, 17.7, 0.3, 31
1268, 61400,08092007,25092023 201341, 163, 23563.3,  6.772,155.323,0.709760,  1.0,222.247,4.22e-02, 16.7, -  ,118
1269, 61401,12082019,25092023 195238,1480, 23976.3, 13.032, 16.836,0.445030,359.4, 14.734,2.50e+00, 17.8, -  , - 
1270, 61402,11082015,25092023 195527,   1, 23823.3, 20.918,288.577,0.710605,359.9,157.588,3.56e-02, 17.4, 0.2,  1
1271, 61403,23092022,25092023 225323, 353, 23942.9,  7.281, 13.788,0.700735,359.0,249.856,5.59e-01, 18.5,60.7,242
1272, 61500,21122009,25092023 201649,   6, 23394.2,  7.550,246.304,0.708696,  0.4,311.694,8.27e-02, 17.1, 3.4,  9
1273, 61501,24042009,26092023 022037,  92, 21638.4, 20.976, 47.189,0.689436,359.7,240.898,2.19e-02, 17.8, -  , 33
1274, 61502,02112018,25092023 233305,1752, 23899.6,  8.399, 36.684,0.712455,359.3,167.878,4.52e-02, 18.1, -  , - 
1275, 61503,30072019,26092023 011532,  43, 23987.9, 12.663,  1.279,0.505055,359.4, 53.446,1.17e-01, 16.3, 0.7,166
1276, 61505,15022005,25092023 200458, 130, 24007.7, 18.136,351.638,0.715285,359.6,311.832,8.54e-03, 17.9, 9.7, 12
1277, 61506,22032021,26092023 010726, 238, 23947.3,  5.688,196.280,0.706049,  1.3,168.971,3.16e-02, 18.6,29.1, 38
1278, 61507,01042022,26092023 033713, 488, 23977.2,  7.015,113.123,0.704005,  0.4, 86.804,5.77e-01, 18.6, -  ,512
1279, 61508,20032023,26092023 051222, 152, 23958.5,  8.474,142.224,0.706933,  0.7,308.377,3.09e-01, 17.7, -  ,678
1280, 61509,29032023,25092023 234613, 156, 24030.5,  2.939,217.028,0.542166,  2.0,249.840,7.52e+00, 18.7, 5.4, - 
1281, 61600,07022013,26092023 040400,   1, 24086.0, 29.301, 47.935,0.710718,359.8,311.546,1.11e-02, 12.0, 0.1,  1
1282, 61601,19082009,26092023 042005,   0, 23845.5,  3.812,352.425,0.715397,358.1,192.363,2.09e-02, 15.6, 0.1,  1
1283, 61602,01032014,25092023 221113,  10, 24048.8, 68.856,144.510,0.290302,  0.1,335.315,1.55e+00, 15.5, 0.9,215
1284, 61603,12122017,26092023 054813, 199, 24005.9,  5.198,254.156,0.706158,  0.4, 70.647,5.80e-02, 17.4, 7.6, 20
1285, 61604,21012018,26092023 000031, 212, 23946.1,  8.201,179.754,0.703867,  0.9,239.473,3.60e-01, 17.4,26.6, - 
1286, 61605,06072019,25092023 180950, 130, 24012.2, 12.493, 47.168,0.429030,359.6,327.686,9.09e-01, 17.6, 3.2,759
1287, 61606,28082019,26092023 025305, 368, 24034.1, 13.266, 27.587,0.490190,359.5, 20.398,1.69e+00, 17.5,47.2, - 
1288, 61607,03012020,25092023 223804,1307, 23962.9,  6.199,229.379,0.690672,  0.8,224.268,8.13e-01, 18.2, -  , - 
1289, 61608,08042022,26092023 045938, 511, 24008.9,  4.987,121.422,0.703105,  0.8, 75.260,5.29e-01, 19.5, -  ,297
1290, 61609,23012023,26092023 085226, 218, 43695.1,  2.780,280.582,0.241903,359.6,199.222,7.41e+00, 17.5,92.3, - 
1291, 61610,15112022,26092023 011230, 309, 24098.4, 15.067, 45.502,0.432810,359.6,351.681,7.72e+00, 17.1, -  , - 
1292, 61611,19122022,25092023 182611, 182, 24024.5, 13.477, 58.594,0.439670,359.7,340.650,6.25e+00, 16.5,86.7, - 
1293, 61612,14012023,26092023 012107, 205, 24009.6,  6.391,149.493,0.697823,  1.0,247.327,5.86e-01, 16.8,16.8, - 
1294, 61613,13092023,26092023 023904,  11, 20832.0, 26.995,  5.722,0.685905,359.7,192.451,1.87e-01, 18.4, 0.6,142
1295, 61700,20052009,25092023 223905,  16, 23955.2,  7.341, 91.134,0.707311,  0.0,149.182,1.36e-01, 14.2, 0.5, 64
1296, 61701,04112008,25092023 220928,   0, 23864.2,  7.494,332.675,0.711870,359.1,149.139,5.00e-02, 13.8, 0.1,  1
1297, 61702,24032017,26092023 041756,  20, 24044.0,  7.873,166.305,0.685846,  0.9,266.929,6.77e-01, 17.8, 0.5,119
1298, 61703,30012018,26092023 012156,  26, 24036.8, 62.188,111.362,0.701648,  0.1,273.679,7.76e-02, 16.4, 0.1, 12
1299, 61704,06082019,26092023 044300, 161, 24174.8, 16.264,  5.925,0.136802,359.5,349.373,6.95e+00, 16.6, -  , - 
1300, 61705,26082019,26092023 003128,  90, 24146.5, 13.662, 14.542,0.424699,359.5, 39.160,4.25e+00, 16.5,75.7, - 
1301, 61707,02112019,26092023 003553, 130, 24004.5, 13.415,357.819,0.455674,359.4, 42.731,3.15e+00, 16.5,13.2, - 
1302, 61708,21122019,26092023 040038,  11, 23974.8, 12.548,350.868,0.506302,359.4, 75.671,8.96e-01, 16.0, 2.4,507
1303, 61709,14092014,25092023 161858,   2, 23911.0, 19.632,218.877,0.712865,  0.3,220.496,4.75e-02, 15.4, 0.2,  3
1304, 61710,06022023,26092023 050727,  94, 24042.1, 12.689,359.998,0.506094,359.4, 54.819,1.74e-01, 15.1, 0.8,190
1305, 61711,08022023,25092023 220005, 169, 24127.1, 13.415,  2.344,0.432444,359.4, 30.025,5.45e+00, 17.3, -  , - 
1306, 61712,14092023,25092023 171757,   5, 24012.8,  7.016,352.008,0.713149,358.9,201.107,1.93e-01, 18.6, 0.6,  3
1307, 61800,24122009,26092023 082853,  56, 23864.0,  4.691,334.729,0.709607,358.6, 71.038,8.50e-02, 16.5,59.5, 66
1308, 61801,20042007,25092023 203421,   0, 23987.9,  8.270, 73.225,0.712187,359.7, 97.481,9.81e-02, 14.6, 0.1,  3
1309, 61802,08012019,26092023 040732,1700, 23695.9,  3.703, 10.934,0.705776,358.0,131.240,7.21e-01, 18.5, 6.0, - 
1310, 61803,02072019,25092023 225020, 162, 24214.6, 15.201, 34.394,0.532129,359.6, 16.074,1.76e+00, 16.7,18.4, - 
1311, 61804,27102019,25092023 202652, 301, 23998.6, 14.878, 45.749,0.419104,359.6,341.762,8.00e+00, 17.2,53.2, - 
1312, 61805,13092020,25092023 195626,1091, 24262.1, 25.763, 24.693,0.610891,359.7,308.110,4.73e+00, 17.2, -  , - 
1313, 61806,20082023,25092023 233804,  15, 24027.9, 12.069, 16.505,0.661708,359.4,173.841,8.75e-01, 17.2, 0.3, 64
1314, 61900,24032010,25092023 201038,   4, 24068.0, 10.211, 97.972,0.712003,  0.1,  7.539,4.81e-02, 13.0, 0.1,  4
1315, 61901,09072018,26092023 015311, 239, 24107.2,  8.459,350.562,0.687219,359.1,321.026,5.56e-01, 17.1,10.4, - 
1316, 61903,30012022,26092023 080320, 478, 24128.6, 14.641,  5.618,0.446908,359.5, 48.110,3.98e+00, 17.5, -  , - 
1317, 62000,10122015,25092023 233156,2831, 23869.1, 21.127,169.448,0.696793,  0.4, 14.263,3.57e+00, 16.2, -  , - 
1318, 62001,20022017,25092023 175116, 151, 24157.0, 14.889, 34.144,0.401271,359.6,145.310,2.83e+01, 17.6,20.2, - 
1319, 62003,03112018,26092023 040702, 138, 24074.0, 20.685,332.217,0.710950,359.7, 98.207,1.04e-01, 17.5, 6.9,296
1320, 62004,17022021,26092023 065907, 213, 24134.1,  8.083,305.013,0.692516,359.5, 51.183,3.72e-01, 18.0, 4.8,143
1321, 62005,14032021,25092023 182906, 920, 24195.3, 22.217,349.110,0.248667,359.7,151.920,1.85e+01, 18.7, -  , - 
1322, 62008,23032023,25092023 193959, 106, 24149.5, 13.455, 22.615,0.401585,359.5,346.257,3.67e+00, 16.6,51.6, - 
1323, 62009,13092023,26092023 022051,   8, 23220.5, 27.001,  6.488,0.715227,359.7,191.514,4.27e-01, 17.5, 0.1,  4
1324, 62101,07092011,26092023 002656,   1, 23725.5,  7.930,334.533,0.711259,359.2,138.381,7.52e-02, 16.6, 0.2,  2
1325, 62102,29102012,25092023 215715,   0, 24159.3, 22.755,329.658,0.705914,359.7,311.293,3.98e-02, 15.4, 0.1,  2
1326, 62103,03042017,25092023 225640,1634, 24820.6, 20.971,240.238,0.725275,  0.2,152.754,1.94e-02, 19.5, 9.3,535
1327, 62104,23062019,26092023 015757, 151, 24101.6, 13.902, 10.698,0.443525,359.5,  3.612,4.58e+00, 15.9, -  , - 
1328, 62106,06012014,25092023 182357, 214, 24056.4, 23.972,  6.728,0.706932,359.7,289.485,4.29e-02, 15.1, -  ,778
1329, 62107,29032017,26092023 011757, 199, 24162.4, 10.184,107.688,0.712331,  0.2,343.398,2.89e-02, 16.8, -  ,267
1330, 62108,15112022,25092023 232017, 309, 24177.3, 22.854,182.414,0.703519,  0.3, 45.679,2.33e+00, 18.4, -  , - 
1331, 62109,15032023,26092023 064842, 111, 24372.2, 14.253, 16.601,0.448284,359.5, 57.110,1.08e+01, 15.6,25.0, - 
1332, 62200,13092009,25092023 205729,   0, 23890.3,  6.008,324.668,0.718513,359.0,178.613,9.43e-03, 13.3, 0.1,  1
1333, 62201,21082009,25092023 150406, 290, 24110.1,  4.099, 35.687,0.710846,358.5,302.782,1.22e-01, 14.5,65.4,692
1334, 62205,01082016,25092023 155251,2283, 24147.8, 66.022,272.126,0.628294,360.0,228.322,2.37e+00, 16.4, -  , - 
1335, 62206,16112017,26092023 022258, 331, 24205.8, 26.558,326.467,0.631030,359.8, 14.695,3.76e+00, 17.3,18.9, - 
1336, 62207,01042019,26092023 020404,   0, 23716.5,  2.271, 63.368,0.710147,358.4,147.372,5.33e-01, 14.3, 0.2, 13
1337, 62208,26082019,25092023 182215,1450, 24238.9, 14.780, 63.765,0.388298,359.8,315.165,5.34e+00, 17.7, -  , - 
1338, 62209,02042021,26092023 075349, 897, 24062.6, 12.614,192.167,0.680095,  0.6,355.900,1.48e+01, 18.8, -  , - 
1339, 62210,28072023,26092023 015048,   1, 24130.2,  8.393, 59.939,0.715713,359.5,121.711,5.40e-02, 16.9, 0.2,  1
1340, 62300,14012013,25092023 223137,   2, 23624.2, 20.065,277.442,0.712640,360.0,198.538,7.01e-02, 16.8, 0.1,  3
1341, 62301,08102015,26092023 003126,1271, 24095.6, 22.450, 50.858,0.702380,359.8,177.196,1.40e+00, 16.7, -  , - 
1342, 62302,03032017,25092023 201655,  29, 23465.2, 18.927,172.628,0.713480,  0.4,335.297,1.84e-02, 17.6,39.8,  8
1343, 62303,20012018,25092023 174814,1340, 24046.6,  9.406,280.664,0.691070,359.9, 35.391,6.65e-01, 17.2, -  , - 
1344, 62304,18092018,25092023 202934, 254, 23897.4, 20.842,308.457,0.711614,359.8,126.373,4.92e-02, 17.5, 1.5,348
1345, 62305,20102019,25092023 234557,  90, 24189.6, 13.097, 28.280,0.305131,359.5,337.039,5.53e+00, 17.0,27.9, - 
1346, 62307,21022021,26092023 070159, 218, 24154.0,  6.117,236.724,0.699802,  0.7,140.777,2.93e-01, 17.9,12.9, - 
1347, 62308,16082023,25092023 204310,   2, 24190.1, 15.475,165.832,0.149207,  0.5,326.901,2.31e+01, 18.4, 0.2, 51
1348, 62401,01072009,25092023 154416, 177, 24213.0,  7.431, 81.726,0.709623,359.8,210.765,7.19e-02, 14.3, 5.9,478
1349, 62402,02082014,25092023 210052,  56, 24127.5,  6.754,354.399,0.717760,358.9, 15.628,2.96e-02, 16.4,51.3, 28
1350, 62403,29102016,26092023 074425, 163, 24111.7,  2.696, 28.841,0.707442,357.5, 39.172,5.33e-01, 17.6,20.6,866
1351, 62404,19092018,26092023 001619,   1, 24323.8,  8.234,134.769,0.713006,  0.6,328.099,8.66e-02, 17.1, 0.1,  3
1352, 62407,27082022,26092023 074702, 390, 24202.9,  6.626,154.789,0.699225,  1.0,146.756,5.35e-01, 18.5,92.5, - 
1353, 62408,23122022,26092023 032523, 217, 24230.2,  9.122, 54.616,0.691374,359.5, 43.702,9.51e-01, 17.8,10.3,846
1354, 62409,31032023,25092023 214304, 147, 24103.1, 24.444,123.065,0.691975,  0.2,354.122,3.26e+00, 13.7,14.0, - 
1355, 62500,06102012,25092023 145602,  83, 24040.8, 29.544, 51.061,0.713452,359.8,286.192,4.98e-02, 16.4, 5.5, 44
1356, 62501,31012017,26092023 080056,   0, 24083.3, 21.329, 51.156,0.719803,359.8, 73.505,7.98e-03, 11.2, 0.1,  1
1357, 62502,22052018,25092023 193217,   1, 24101.3,  7.863,349.781,0.714621,359.1,110.461,3.27e-02, 15.4, 0.1,  1
1358, 62503,16092018,26092023 001430, 962, 24222.4, 62.729,147.806,0.682801,  0.1,249.206,6.17e-02, 18.2, 4.9,167
1359, 62504,01022009,26092023 024128, 360, 24199.6, 24.885,170.408,0.721237,  0.3, 78.139,2.20e-03, 19.0, -  , 13
1360, 62506,14062019,26092023 015201, 191, 24248.4, 12.683, 12.652,0.508130,359.4, 31.675,7.65e-02, 16.8, 1.8,437
1361, 62507,25082019,26092023 063554,1025, 24185.3, 13.248, 72.014,0.422283,359.8,297.368,1.91e+00, 16.3, -  , - 
1362, 62508,01122021,26092023 011636,  51, 24228.0,  8.922, 18.322,0.706955,359.2, 83.720,5.57e-02, 17.0, 0.4, 52
1363, 62509,04112022,26092023 073741, 306, 24240.5, 71.191,327.369,0.307603,359.9,145.685,1.89e+01, 17.5,31.8, - 
1364, 62510,15122022,26092023 044245, 264, 24261.2,  3.623,173.664,0.691700,  2.1,143.487,6.18e-01, 18.1,23.3, - 
1365, 62511,23022023,25092023 201915,  13, 24219.7,  8.249,120.608,0.710883,  0.5,  0.638,1.45e-01, 17.8, 0.2, 18
1366, 62512,15032023,25092023 213321, 168, 24248.8,  8.160,227.180,0.680614,  0.6,178.584,5.13e-01, 17.8, 4.4,731
1367, 62513,28032023,26092023 042759, 152, 24428.2, 25.814,344.545,0.646751,359.7, 30.686,3.07e+00, 18.1, 4.6,516
1368, 62514,13092023,25092023 201656,   8, 23683.2, 27.002,  6.642,0.721217,359.7,191.201,2.15e-01, 17.8, 0.1,  2
1369, 62600,23122009,26092023 063534,  42, 23975.2,  2.405,334.293,0.721541,357.3, 71.248,2.73e-03, 16.7,48.5,  3
1370, 62601,23122009,26092023 011113,   4, 24150.0,  7.028,172.111,0.715671,  1.1,311.862,3.83e-02, 16.8, 0.1,  1
1371, 62602,29012016,26092023 034703, 777, 24227.1, 26.581,106.942,0.700644,  0.1, 76.701,1.90e+00, 16.5, -  , - 
1372, 62603,22082017,26092023 010659, 144, 24218.4,  3.233,181.289,0.713576,  2.3,116.481,3.96e-02, 16.9,11.5, 66
1373, 62605,26032020,25092023 231509, 252, 24331.1,  8.199,285.128,0.670376,359.8, 97.993,3.65e-01, 17.8, 4.1,212
1374, 62606,28042020,25092023 230916, 659, 24218.9, 27.173,342.607,0.718875,359.7, 94.473,2.85e-03, 19.1, -  , 34
1375, 62607,18122020,26092023 060336,   3, 22931.6, 23.897,210.358,0.707734,  0.3,359.910,4.18e-02, 18.1, 1.9,  1
1376, 62608,01012007,25092023 214709,   2, 24240.6,  8.829,347.985,0.718537,359.2,261.205,7.00e-03, 18.1, 0.1,  1
1377, 62609,05022009,25092023 222235,   2, 24215.9,  9.119,158.296,0.711107,  0.8,263.952,1.47e-01, 14.0, 0.1,  7
1378, 62610,16042023,25092023 211932, 159, 22759.3,  6.978,216.064,0.698758,  0.9,280.446,7.71e-01, 17.9,33.3, - 
1379, 62611,15092023,25092023 193856,   8, 24257.5,  6.978, 36.343,0.703069,359.1,124.802,5.11e-01, 17.9, 0.1,  5
1380, 62700,26112009,26092023 002534,  41, 24292.1, 10.373, 67.372,0.705910,359.7, 59.086,1.59e-01, 16.1, 0.7,119
1381, 62701,30032009,25092023 174322, 435, 24183.0,  6.695,127.812,0.716993,  0.7, 57.702,2.56e-02, 18.3, -  , 36
1382, 62702,25072015,25092023 183626, 400, 24547.3,  2.652, 26.438,0.718646,357.4,213.501,1.18e-01, 17.6, 9.5, - 
1383, 62704,09042016,26092023 012716,2045, 24317.4,  8.855,178.175,0.705661,  0.9, 86.713,4.79e-02, 16.8, -  , - 
1384, 62705,26052017,25092023 162722, 319, 24329.0,  3.763,280.927,0.716102,359.7,  2.316,2.94e-02, 17.5,70.2,293
1385, 62707,20052018,25092023 224612, 601, 24324.8, 64.613,130.642,0.699074,  0.1,  3.299,1.16e+00, 15.8,89.7, - 
1386, 62709,21102019,25092023 225648,  54, 24313.1,  6.557,120.057,0.705518,  0.6,302.651,2.45e-01, 17.3, 0.9, 49
1387, 62711,14112022,25092023 234406, 306, 23944.1,  2.735,153.907,0.704046,  2.5,247.584,4.37e-01, 17.6, 0.6,144
1388, 62712,31072023,26092023 030357,  50, 24311.0, 70.690,120.636,0.564366,  0.1,265.209,4.99e+00, 17.2, 1.1,272
1389, 62713,21082023,25092023 235615,   1, 24295.5, 62.767,286.507,0.721691,360.0,275.992,8.22e-03, 13.5, 0.1,  1
1390, 62714,24082023,25092023 180850,  25, 24279.5, 24.325,181.123,0.724345,  0.3,254.912,5.55e-03, 18.1, 1.2,  2
1391, 62800,09052012,26092023 004203,   0, 24059.0,  6.898, 22.850,0.714533,359.0,203.035,3.96e-02, 13.5, 0.1,  1
1392, 62801,03112008,25092023 230952,   0, 24339.7,  7.359,130.668,0.695427,  0.7, 50.170,2.23e-01, 14.4, 0.1,  3
1393, 62802,03032011,26092023 021419,  25, 24197.4,  2.352,309.013,0.719625,358.1, 97.906,6.98e-03, 15.6,18.5,  3
1394, 62803,14092016,26092023 013536,  82, 24277.9,  6.523,184.749,0.702651,  1.2,176.390,1.41e-01, 16.4, 1.3,131
1395, 62804,06052013,25092023 202258, 137, 22695.9,  3.276,170.596,0.695193,  2.3,294.773,1.59e-01, 17.7,42.0,846
1396, 62805,26102016,25092023 222814,  97, 22764.0, 23.830, 16.229,0.705576,359.7,145.629,4.56e-01, 14.2,13.1, - 
1397, 62806,08012007,25092023 161558,  10, 24288.2,  7.538,153.413,0.711279,  0.9,298.886,1.72e-01, 15.0, 0.3, 45
1398, 62807,16082018,26092023 032116,   4, 24274.8,  2.327,334.828,0.718343,357.2,159.039,8.79e-03, 17.7, 0.1,  1
1399, 62808,31072019,26092023 054155,   1, 24315.5, 13.557, 13.299,0.472235,359.5,  9.148,1.12e+00, 16.2, 0.1,  6
1400, 62809,19022020,25092023 160546,   1, 21679.8,  6.012, 73.399,0.693409,359.6,275.886,4.41e-02, 11.8, 0.7,  1
1401, 62811,22092020,25092023 174245, 429, 24178.6, 19.817,280.473,0.721675,359.9,202.783,1.38e-02, 18.6, 0.3, 33
1402, 62812,01042022,26092023 070629, 482, 24359.2,  7.261,133.876,0.693755,  0.7, 39.522,2.46e-01, 18.4,21.5,387
1403, 62813,23112022,25092023 224257,  19, 25073.6, 40.329,270.134,0.672957,  0.0,276.423,5.28e+01, 15.4,30.0, - 
1404, 62814,15042023,26092023 041329, 134, 24348.0, 13.134, 25.139,0.491346,359.5, 18.101,1.31e+00, 16.8, 4.1,991
1405, 62815,12082023,25092023 160214,   3, 24315.7,  9.096,281.613,0.703789,359.8,253.595,1.09e-01, 17.6, 0.1,  2
1406, 62900,09032008,25092023 223003, 118, 24301.4,  8.134,117.871,0.709492,  0.4,201.221,1.44e-01, 15.3,11.1,713
1407, 62901,22122009,26092023 003752,   1, 24326.9,  2.051,339.103,0.720819,356.7,329.952,6.58e-03, 16.8, 0.1,  1
1408, 62902,20122009,25092023 201526,   0, 24092.8,  1.535, 62.188,0.716173,357.5,144.984,2.37e-01, 14.9, 0.1,  4
1409, 62903,11122012,26092023 033725,   1, 24342.1, 20.831,355.443,0.715062,359.6, 51.635,4.68e-02, 15.9, 0.1,  2
1410, 62906,06112016,26092023 051014,2468, 24371.4,  4.981,268.580,0.671524,  0.1, 37.310,7.81e-01, 18.0, -  , - 
1411, 62907,23122016,25092023 154919, 206, 24341.7,  8.459,105.982,0.709392,  0.2,266.685,1.95e-01, 16.5,12.1, - 
1412, 62908,17042017,26092023 013905,   3, 24329.0,  5.716, 40.575,0.706491,359.0,168.395,6.03e-02, 17.3, 0.1,  3
1413, 62909,18092008,25092023 234125, 152, 24260.9,  7.775,109.711,0.714150,  0.3, 30.714,1.60e-01, 18.4, -  ,606
1414, 62910,10082015,25092023 214318, 195, 24364.7, 20.525, 26.333,0.712979,359.7,  5.424,1.51e-02, 17.2,12.5, 42
1415, 62911,24032023,26092023 015010,  72, 24375.1,  3.869, 51.438,0.708734,358.7, 33.823,3.46e-02, 17.8, 0.6,129
1416, 63000,23042012,26092023 011150,   0, 24367.1, 25.041,153.281,0.719619,  0.3,301.653,7.72e-03, 12.1, 0.1,  1
1417, 63001,29082012,25092023 200635,   1, 23886.2, 19.910,216.002,0.714195,  0.3,217.549,5.22e-02, 15.3, 0.1,  2
1418, 63002,27042017,25092023 220206,  10, 24350.9,  3.200,217.966,0.714757,  1.8, 30.508,1.40e-01, 17.2, 3.7, 31
1419, 63003,20012018,25092023 121409,   0, 42166.9,  2.636,328.932,0.000150,357.6,223.260,1.00e-02, 12.2, 0.1,  1
1420, 63004,05122018,26092023 053723, 654, 24403.5, 20.757, 20.949,0.712847,359.7,  6.165,1.90e-01, 17.8, -  , - 
1421, 63005,26082019,26092023 070554, 183, 24165.9, 12.820,348.365,0.663080,359.4, 53.354,4.17e+00, 16.4,96.2, - 
1422, 63006,29092019,26092023 012921, 101, 24437.6, 13.776, 26.527,0.529033,359.5, 20.515,1.29e+00, 17.6, 7.7, - 
1423, 63007,23102019,26092023 013253,1422, 24474.5, 15.199, 18.665,0.339601,359.5,331.226,7.98e+00, 17.1, -  , - 
1424, 63008,22102019,26092023 000512,1430, 24397.7, 13.986, 29.782,0.394057,359.5,328.675,1.04e+00, 17.9, -  , - 
1425, 63009,22112019,25092023 214058,1351, 24375.9, 12.316, 46.363,0.412800,359.6,324.620,5.84e+00, 16.9, -  , - 
1426, 63010,24042020,26092023 051130,1232, 24372.2, 66.262, 59.348,0.630063,359.9,194.610,9.85e+00, 17.0, -  , - 
1427, 63011,07012022,25092023 235912, 175, 20940.6, 19.706,226.650,0.644089,  0.3,246.522,4.86e+00, 16.5,13.0, - 
1428, 63012,02042010,26092023 090517,   4, 24357.1,  8.685,228.270,0.709335,  0.6,137.582,1.80e-01, 15.8, 0.1, 19
1429, 63013,08062023,25092023 231139, 103, 24352.5,  7.611,180.048,0.708738,  1.0,243.059,2.39e-01, 18.2, 4.5, 28
1430, 63014,13092023,25092023 233556,   4, 23961.0, 26.997,  6.712,0.724269,359.7,191.193,1.86e-01, 17.4, 0.1,  1
1431, 63101,20112012,25092023 212838,  14, 24402.6, 21.394, 24.225,0.704167,359.7,260.349,2.12e-02, 17.4, 0.1,  6
1432, 63102,10012013,25092023 140548,   1, 24389.9, 21.020,205.178,0.682822,  0.3,275.744,3.89e-02, 16.1, 0.1,  3
1433, 63103,04112013,25092023 205044,  48, 24198.2, 34.358,152.478,0.376493,  0.2, 62.549,6.11e+01, 17.2, -  , - 
1434, 63106,21012017,26092023 043719,   0, 42167.0,  1.527,341.771,0.000138,355.5,216.318,1.00e-02, 12.5, 0.1,  1
1435, 63107,06102018,26092023 015248, 182, 24428.1,  6.193,274.352,0.698865,359.9,133.898,5.91e-01, 17.2,10.5, - 
1436, 63108,02072019,25092023 185317, 104, 24309.1, 13.185,338.019,0.500988,359.5, 82.286,1.37e+00, 16.9,10.2, - 
1437, 63109,06072019,26092023 005111, 989, 24226.1, 11.172,276.195,0.578339,359.9,201.167,5.01e+00, 15.6, -  , - 
1438, 63110,26072019,25092023 234510, 243, 24414.6,  6.393,322.108,0.714716,359.1, 50.305,6.42e-02, 18.4,30.4,192
1439, 63112,11022022,26092023 020606, 114, 24422.2, 66.810,303.654,0.636787,359.9, 18.662,2.18e+00, 16.5, 2.2,437
1440, 63113,27052022,25092023 190021, 415, 24401.5, 21.083,115.133,0.695123,  0.2, 85.089,1.66e-01, 16.8, 7.9,597
1441, 63114,04022009,26092023 005756,  41, 24378.7,  7.599,179.162,0.711566,  1.0,247.337,3.09e-03, 17.6, 0.7,  3
1442, 63115,31032023,26092023 012030,  74, 24501.3, 12.177,333.712,0.450227,359.4, 98.059,6.97e+00, 16.5,41.0, - 
1443, 63116,07092023,26092023 054518,   8, 24425.9,  7.516,142.220,0.698752,  0.8, 30.836,9.30e-01, 17.9, 2.4,580
1444, 63200,07062011,26092023 091604,   1, 24382.3, 29.023,355.692,0.721165,359.7, 68.047,4.71e-03, 12.6, 0.1,  1
1445, 63201,11062012,25092023 215753,   2, 22539.3, 62.406,228.456,0.687230,  0.1,279.422,6.74e-02, 15.3, 0.1,  2
1446, 63202,25112016,26092023 010427,   4, 24304.5,  6.639,347.767,0.722276,358.9,223.494,7.18e-03, 16.7, 0.6,  1
1447, 63203,04092017,26092023 034401, 115, 19657.6, 24.018,357.424,0.646817,359.7,125.547,1.55e+00, 17.0, 3.6,950
1448, 63204,06032018,25092023 161509,  28, 24420.2, 62.598,109.282,0.705215,  0.0,272.268,1.18e-01, 16.4, 0.2, 27
1449, 63205,14062019,26092023 045606, 593, 24525.8, 14.002, 39.639,0.373218,359.6,356.716,7.92e+00, 18.3, -  , - 
1450, 63207,10012020,26092023 000109, 221, 24705.9, 14.293, 18.415,0.420535,359.5,  2.420,5.35e+00, 17.5,99.5, - 
1451, 63208,27082020,25092023 172015,1069, 24431.7,  7.584,218.923,0.711671,  0.8, 13.338,4.51e-01, 18.5, -  , - 
1452, 63209,23122006,26092023 042833,   6, 24391.7,  8.064,183.801,0.711748,  0.9,232.300,1.00e-02, 17.4, 0.1,  2
1453, 63210,01092022,25092023 220102, 372, 24473.0,  4.118,294.928,0.708154,359.3,313.658,6.63e-01, 18.1,94.0,402
1454, 63211,03092022,25092023 201737, 283, 24433.0,  8.217,353.817,0.715288,359.1,308.784,9.25e-02, 18.1,41.5,114
1455, 63212,29032007,25092023 203425, 101, 24401.6,  8.634, 66.903,0.719779,359.6,103.312,9.27e-03, 18.1, 6.5,  6
1456, 63301,10072019,25092023 165459,  27, 24465.4, 13.221, 57.250,0.414870,359.7,314.463,3.20e+00, 14.4, 3.9,891
1457, 63303,27122022,26092023 001024, 154, 24521.8, 17.316,344.074,0.427107,359.6, 29.398,3.13e+00, 17.0,89.8, - 
1458, 63304,15102013,26092023 041636, 190, 24485.9, 20.716,  1.157,0.717890,359.6, 45.510,1.82e-02, 17.9, 7.8, 22
1459, 63400,23092008,25092023 200753,   1, 24380.1,  4.431, 70.214,0.720645,359.4,275.703,7.75e-03, 16.8, 0.1,  1
1460, 63403,21012018,25092023 212815, 347, 24505.6,  5.675, 41.096,0.700040,359.0,287.738,7.64e-01, 16.9,36.7, - 
1461, 63404,11022009,26092023 000637, 138, 24439.6,  7.825,207.539,0.710738,  0.9,191.949,1.00e-02, 18.0, 5.1,125
1462, 63405,03072019,26092023 034529, 133, 24618.8, 13.324,  8.168,0.491649,359.4, 20.463,3.43e+00, 17.7,27.5, - 
1463, 63406,18072019,25092023 233901,1513, 24119.8, 21.537, 20.843,0.710994,359.7,343.444,2.47e-01, 16.0,52.7, - 
1464, 63407,22102019,26092023 012232, 152, 24386.6,  6.134,116.407,0.713491,  0.5,328.173,2.72e-01, 17.6, -  ,425
1465, 63408,22012020,26092023 014154,1335, 24501.3, 15.980,  9.500,0.465784,359.5, 56.182,9.15e+00, 18.4, -  , - 
1466, 63409,27012020,25092023 183850, 143, 23539.1, 64.370,321.764,0.662136,359.9,343.399,6.51e-01, 16.2, 9.9, - 
1467, 63410,01042022,25092023 183531,   3, 24452.2,  6.920,333.650,0.719869,359.0,244.332,1.76e-02, 17.7, 0.2,  1
1468, 63411,02062022,26092023 054249, 425, 24474.5,  6.952,159.722,0.713545,  1.0, 58.451,3.60e-01, 17.7, -  , - 
1469, 63412,21012023,26092023 041140, 245, 24518.1,  9.460,305.019,0.705886,359.6,347.899,3.96e-01, 18.8,42.2, - 
1470, 63413,11052023,25092023 200031, 122, 24304.1, 25.074,222.848,0.722401,  0.2,224.394,9.23e-02, 17.3, 0.1, 12
1471, 63414,29042023,26092023 012030, 137, 24472.3, 20.665,335.726,0.719389,359.7, 91.174,1.04e-02, 18.3, 8.1,103
1472, 63415,13092023,26092023 024713,   2, 24270.5, 27.008,  6.588,0.729754,359.7,191.053,2.36e-02, 17.6, 8.8,  1
1473, 63500,28082008,26092023 005558, 891, 24607.4,  7.706,347.673,0.708037,359.1,290.627,1.06e-02, 17.3,35.6, - 
1474, 63501,16032013,26092023 041340,   2, 24501.5, 20.946, 89.178,0.708029,360.0,234.417,4.89e-02, 16.5, 0.1,  2
1475, 63503,14102013,25092023 172901,   1, 24356.9, 21.935, 33.366,0.713998,359.7,292.636,1.48e-01, 16.5, 0.1, 14
1476, 63504,10072018,26092023 055604,1854, 24474.7, 21.067,313.059,0.615471,359.8, 99.495,4.82e+00, 16.0, -  , - 
1477, 63506,22102017,26092023 001634, 182, 24381.0, 20.690,355.724,0.717101,359.6, 55.633,6.67e-02, 18.0, -  ,501
1478, 63507,02112019,26092023 005554, 214, 24537.5,  8.054, 74.297,0.717502,359.7,356.860,9.68e-02, 18.1,11.7,223
1479, 63508,05112019,26092023 072526, 243, 24753.3, 13.754, 38.164,0.297152,359.6,318.595,8.23e+00, 16.7, -  , - 
1480, 63510,01022009,26092023 080550,  65, 24577.8,  8.737,283.241,0.708844,359.8, 34.589,1.36e-01, 17.1, 1.9,265
1481, 63511,04062007,26092023 011913, 156, 24487.2,  7.738,219.687,0.713418,  0.8,170.638,1.00e-02, 17.9, 2.7,  5
1482, 63512,27032023,25092023 223046, 167, 24437.9, 12.046,298.873,0.628246,359.7,164.852,7.14e+00, 17.9,19.3, - 
1483, 63513,15052023,25092023 190042,  46, 24558.1,  4.026, 60.221,0.710251,359.0,  0.534,6.65e-02, 18.3, 0.3, 17
1484, 63514,08062023,26092023 000344,  90, 24509.9, 12.648, 54.790,0.421991,359.6,316.287,5.38e+00, 16.9,18.4, - 
1485, 63600,11092010,26092023 010129,   1, 24196.3,  5.347,282.025,0.713391,359.7,199.325,1.70e-01, 16.2, 0.1,  6
1486, 63601,22122009,26092023 013256, 109, 24494.1,  9.417,345.922,0.714343,359.2,340.890,1.19e-01, 14.4, 9.7,524
1487, 63602,10032015,25092023 221951, 129, 22798.6, 62.655, 18.208,0.709180,359.9,274.879,1.52e-01, 14.3, 7.2,523
1488, 63603,05042016,26092023 055216,   9, 24496.9,  6.732, 97.243,0.713030,  0.1,125.276,1.40e-01, 17.4, 0.1,  3
1489, 63604,25032010,26092023 023254,   4, 24170.0,  2.547,351.560,0.719755,357.1,126.998,3.24e-02, 17.4, 0.5,  3
1490, 63605,25082017,26092023 051130, 115, 24517.6, 62.667,147.599,0.641251,  0.1,197.903,7.41e+00, 16.1,16.4, - 
1491, 63606,22102017,26092023 071651, 265, 24524.1,  8.057,279.472,0.708671,359.9, 53.304,1.26e-01, 17.6,10.3,322
1492, 63609,01112022,25092023 232323, 302, 24529.6, 75.152,352.455,0.657200,359.9,183.892,1.44e+01, 17.5,57.8, - 
1493, 63610,07082015,26092023 050430, 239, 24502.6,  8.498,217.881,0.713003,  0.7,161.693,1.11e-02, 17.9, 6.0, 16
1494, 63611,26042023,25092023 231439, 130, 24536.6, 13.493, 53.059,0.358984,359.7,293.194,5.48e+00, 17.6, -  , - 
1495, 63700,13032013,26092023 060358,   0, 24514.5,  5.282,135.403,0.705902,  1.0,151.400,1.87e-01, 12.9, 0.1,  3
1496, 63701,08082015,25092023 200040,   4, 24593.5,  7.732,255.182,0.713165,  0.3,101.582,1.50e-02, 17.7, 0.1,  2
1497, 63702,30082011,25092023 191614,   1, 24356.5, 19.978,346.829,0.716370,359.6, 95.974,6.82e-02, 15.7, 0.1,  1
1498, 63703,01042012,26092023 091244, 320, 24306.3,  6.075,120.519,0.718903,  0.6,118.980,3.09e-02, 16.4, -  ,228
1499, 63704,09082015,26092023 033116, 260, 24544.4,  4.873,208.569,0.721646,  1.4, 55.267,7.46e-03, 16.8,17.1, 22
1500, 63705,09122015,25092023 233901,   7, 24546.9, 63.375,165.402,0.694497,  0.1,268.352,3.82e-02, 16.4, 0.1,  5
1501, 63706,25022016,26092023 013731,  93, 24502.8,  6.017,192.126,0.682720,  1.2,250.869,8.79e-01, 17.2, 3.9,792
1502, 63708,17122018,26092023 044452, 136, 24274.0,  3.562,208.336,0.723843,  1.8,162.006,8.99e-03, 16.9, -  ,  8
1503, 63710,18032021,25092023 210043, 193, 24527.5,  7.398,232.970,0.711576,  0.6,150.826,4.73e-02, 18.8, 8.5, 51
1504, 63711,31032017,26092023 004606, 682, 24607.8, 20.839, 23.273,0.718947,359.7,  1.511,8.29e-03, 17.4, -  , 10
1505, 63712,02052022,25092023 174955, 446, 24598.4, 13.710,329.548,0.463981,359.5, 85.193,9.78e+00, 15.8, -  , - 
1506, 63713,19082022,26092023 013049, 111, 24540.5,  3.530,160.140,0.705794,  2.0,152.954,6.12e-02, 17.9, 0.6, 17
1507, 63800,02082011,26092023 065456,   4, 24578.6, 20.694,337.244,0.721786,359.7, 87.523,6.65e-03, 13.7, 0.1,  1
1508, 63801,18022013,26092023 043249,   1, 24291.2, 20.635,313.656,0.718740,359.7,128.084,1.69e-02, 17.4, 0.1,  1
1509, 63802,07052016,26092023 064844,   3, 24566.5, 28.755,199.147,0.716852,  0.3, 47.992,4.51e-02, 17.7, 0.1,  4
1510, 63803,22012017,25092023 224934,   4, 24577.2, 62.292,170.585,0.685387,  0.1,256.178,1.02e-01, 15.8, 0.1,  2
1511, 63804,22022018,26092023 035012, 176, 24531.8, 17.338,330.715,0.677500,359.6,151.515,3.94e+00, 15.2,38.6, - 
1512, 63805,05082015,25092023 144052,   2, 24559.1, 20.606, 80.945,0.711001,359.9,259.888,9.90e-03, 17.4, 0.1,  1
1513, 63806,18052020,25092023 191237,1221, 24584.5,  5.027,150.671,0.688763,  1.3,280.645,7.90e-01, 18.3, -  , - 
1514, 63807,22122006,26092023 035639, 185, 24550.2,  8.460,225.841,0.713979,  0.6,146.637,1.04e-02, 18.6, 1.7,162
1515, 63808,07122022,26092023 005709, 260, 24563.0, 63.792,283.197,0.430953,360.0,224.115,1.41e+01, 16.7,33.8, - 
1516, 63809,24012023,26092023 035024, 240, 24544.5, 67.824,126.442,0.562184,  0.1,170.596,3.50e+00, 18.2, 3.9,910
1517, 63810,19032023,25092023 220852, 144, 24605.8, 68.843,353.255,0.617259,359.9,337.729,4.47e-01, 16.9, 0.8,175
1518, 63900,23042007,26092023 000338,  73, 24586.2,  4.412, 21.419,0.705581,358.4,338.237,4.29e-01, 14.4, 1.6,304
1519, 63901,10122006,25092023 184246,   7, 24611.9, 11.755,281.523,0.714758,359.9,264.295,1.89e-01, 16.2, 0.1, 20
1520, 63902,07052013,26092023 014327,   1, 24639.6,  7.327,  7.423,0.705326,359.0,248.518,2.34e-01, 15.5, 0.1, 17
1521, 63903,17042016,25092023 212113, 430, 24573.0, 10.131, 13.117,0.708859,359.3,198.118,2.07e-01, 16.4,28.9, - 
1522, 63904,21112016,25092023 212119, 247, 24590.6,  4.917, 39.443,0.706410,358.8,302.572,1.88e-01, 14.4, 8.5,756
1523, 63905,15052017,25092023 165849,  84, 24604.8, 20.309, 17.692,0.708378,359.6,298.071,3.19e-02, 17.6, 1.3,133
1524, 63906,23122017,25092023 215310,1007, 24565.0, 20.455, 37.726,0.716858,359.7,347.643,4.41e-02, 20.0, -  , - 
1525, 63907,19122019,26092023 051730,  91, 24765.5, 14.225,339.181,0.370274,359.5, 63.760,6.84e+00, 16.0,74.2, - 
1526, 63908,22072015,25092023 225402,1339, 24564.6, 20.558,125.888,0.706491,  0.2,166.090,9.56e-02, 16.0, -  ,144
1527, 63909,23112020,25092023 222002,1005, 23886.5, 62.755,214.707,0.692999,  0.1,279.651,9.11e-02, 17.3,14.8, 98
1528, 63910,13092021,25092023 154911, 714, 24666.9, 21.098, 47.724,0.692655,359.7,326.343,1.01e-01, 18.2,71.1, - 
1529, 64000,14092006,26092023 014708, 265, 24519.3,  7.985, 37.166,0.714933,359.2,225.297,9.40e-02, 17.1,39.6,371
1530, 64001,13012007,26092023 071134,   0, 24664.7, 11.538, 72.408,0.705880,359.8, 53.326,1.86e-01, 12.1, 0.1,  5
1531, 64002,15102009,26092023 035031,   1, 24579.7, 10.338, 35.613,0.708000,359.4,147.903,5.96e-02, 15.9, 0.1,  3
1532, 64003,15102012,26092023 054959,   1, 24640.9, 20.079,131.835,0.697657,  0.3, 80.651,3.44e-02, 14.0, 0.1,  2
1533, 64004,24032017,26092023 001627,   8, 24615.3,  4.083,319.727,0.703597,358.6,206.890,8.43e-02, 16.6, 0.1, 16
1534, 64005,13022018,25092023 170505, 788, 24376.4, 27.008,306.858,0.724175,359.8,188.992,1.61e-02, 17.3, 2.5, 83
1535, 64006,05112018,25092023 194709, 132, 24666.6,  9.206, 66.544,0.710386,359.7,108.445,3.30e-01, 15.4, 4.7,832
1536, 64007,30072019,25092023 210800, 175, 24706.0, 14.050, 71.497,0.478683,359.8,303.819,3.75e+00, 17.1,46.6, - 
1537, 64008,02112019,25092023 194906, 121, 24615.7, 12.934, 42.369,0.453670,359.6,316.700,1.17e-01, 17.5, 2.0,483
1538, 64009,15072020,26092023 010223,   3, 24609.3,  2.182, 50.466,0.720594,357.7,160.782,1.03e-02, 17.4, 0.1,  1
1539, 64010,10032019,25092023 161927,1003, 24617.7, 26.291,341.891,0.708263,359.7,307.593,3.19e-03, 18.7, 2.0, 42
1540, 64011,25022022,25092023 183720, 489, 24748.2, 13.642, 19.077,0.371197,359.5,335.826,7.59e+00, 15.9, -  , - 
1541, 64012,28052021,25092023 180613, 274, 24684.1, 13.854, 25.971,0.386099,359.5,345.146,4.01e+00, 16.1, -  , - 
1542, 64013,19032023,26092023 003517, 187, 24627.3,  9.478,237.340,0.700998,  0.4,173.526,6.34e-01, 17.9, 5.9,129
1543, 64100,05012012,26092023 023618, 143, 24715.0,  5.837, 15.865,0.707462,358.7,344.312,5.38e-01, 13.6, 4.4,668
1544, 64101,20112012,26092023 045819,   0, 24624.8, 21.718, 50.279,0.708417,359.8,201.941,9.98e-02, 16.7, 0.1,  2
1545, 64102,13082015,26092023 092953, 201, 24700.1, 18.568,189.911,0.696335,  0.4, 20.306,1.69e+00, 17.0,12.8,777
1546, 64103,27042017,26092023 012957,   1, 24651.9,  3.956,334.495,0.703311,358.3,183.660,7.94e-02, 17.9, 0.1,  1
1547, 64104,13092019,25092023 190918,1414, 24650.4, 12.885, 50.848,0.485455,359.6,325.155,2.24e-01, 15.3,19.2, - 
1548, 64105,22092019,25092023 182738, 109, 24611.2, 13.521, 26.479,0.356077,359.5,334.743,5.35e+00, 15.1,87.1, - 
1549, 64106,18102019,26092023 013304, 224, 24845.4, 13.854, 34.901,0.454868,359.5,325.122,4.57e+00, 17.1, -  , - 
1550, 64107,11122006,26092023 053527, 259, 24625.6,  8.767, 29.677,0.705235,359.2,190.064,3.96e-03, 16.1, 1.3,193
1551, 64108,25092017,26092023 001304, 184, 24700.8, 20.796,  3.077,0.722546,359.6, 38.968,1.02e-02, 18.2, 9.4, 47
1552, 64109,26032021,26092023 010855, 913, 24653.6, 12.904, 49.905,0.488312,359.6,326.981,2.08e-01, 14.2,56.9, - 
1553, 64110,29112006,25092023 193354,   3, 24607.7,  7.854,347.551,0.707578,359.1,288.304,6.92e-02, 17.3, 0.1, 20
1554, 64111,31032023,25092023 200021, 174, 24670.6, 12.384, 63.807,0.405108,359.7,298.210,3.76e+00, 17.3,16.6, - 
1555, 64112,29032023,26092023 002922, 164, 24652.5,  6.446,233.562,0.684914,  0.7,177.872,7.23e-01, 17.7, 3.0,375
1556, 64113,15032023,25092023 170845, 178, 24725.6,  4.012, 77.584,0.694252,359.6,343.813,9.17e-01, 18.5,52.4, - 
1557, 64200,02022009,25092023 160731,   1, 24752.0,  6.806,280.715,0.709771,359.8,350.152,4.27e-02, 16.3, 0.1,  1
1558, 64201,05062012,25092023 202822,   0, 20983.8, 62.740,230.500,0.674039,  0.1,279.008,9.81e-03, 14.0, 0.1,  1
1559, 64202,01092011,25092023 212657,   1, 24699.3, 20.281, 67.780,0.716248,359.9,293.228,3.44e-02, 16.4, 0.1,  2
1560, 64203,18022018,25092023 211659,1989, 24654.9,  6.472,248.328,0.712716,  0.4,126.921,7.94e-02, 18.9, -  , - 
1561, 64204,28102018,26092023 080050,1082, 24463.9, 26.620, 37.994,0.722221,359.8, 78.986,5.77e-02, 18.8, -  ,969
1562, 64205,25012019,25092023 235922,1408, 24640.2, 69.325,145.330,0.576809,  0.1,215.256,2.69e+00, 16.7, -  , - 
1563, 64206,30072019,26092023 024301, 105, 24737.2, 12.352, 88.947,0.325794,360.0,237.737,2.46e+00, 15.8,47.1, - 
1564, 64207,25092019,25092023 230916,1065, 24821.6, 12.609, 48.035,0.362454,359.6,311.369,5.17e+00, 17.6, -  , - 
1565, 64208,03042017,25092023 191742,  25, 24660.3, 22.080,178.532,0.694291,  0.3,297.587,1.27e-02, 18.2, 0.1,  5
1566, 64209,14022021,26092023 042548, 109, 24801.6, 13.295,  9.086,0.438304,359.4, 13.090,6.08e+00, 15.2,66.5, - 
1567, 64210,14112021,25092023 220750, 156, 24711.4,  9.336,143.911,0.697623,  0.7,315.095,7.41e-01, 17.6, 9.8, - 
1568, 64211,09012008,25092023 144644, 284, 24651.0,  8.638, 13.805,0.706785,359.1,225.910,1.27e-03, 18.6, 1.2,  2
1569, 64212,07042022,25092023 173753, 509, 24665.0,  1.945,137.412,0.708805,  2.9, 27.461,5.44e+00, 18.3, -  , - 
1570, 64213,05082023,26092023 000604,   2, 24680.9, 62.102,210.557,0.701861,  0.1,272.915,1.27e-02, 16.4, 0.1,  1
1571, 64300,26092006,25092023 223813,   5, 24688.0, 62.153,202.552,0.697196,  0.1,270.566,2.51e-02, 15.7, 0.1,  2
1572, 64301,28082008,25092023 195140,  14, 24766.0,  6.466,244.699,0.712880,  0.5, 55.064,2.15e-02, 16.6, 0.1,  6
1573, 64302,20032010,25092023 202445,  49, 24714.3,  8.732,182.057,0.698136,  0.9,241.567,3.18e-01, 14.8, 1.0,228
1574, 64305,18032015,25092023 203234,  10, 24688.1, 20.984,188.206,0.696249,  0.4,320.642,1.28e+00, 15.9, 0.2, 47
1575, 64306,10052017,26092023 030325, 453, 24656.1, 20.932,222.724,0.687592,  0.3,247.462,7.09e-02, 16.7, 5.0,896
1576, 64307,28112007,25092023 215816, 295, 24692.9,  8.701,359.080,0.707898,359.1,254.599,2.29e-03, 18.4, 1.0, 84
1577, 64308,29092018,26092023 011933,  15, 24749.4, 20.493, 55.665,0.719106,359.8,309.903,8.34e-03, 18.4, 0.1,  1
1578, 64309,22092019,25092023 213903, 153, 24591.2, 13.620,359.040,0.571890,359.4, 37.833,7.53e+00, 17.2,50.6, - 
1579, 64310,02032022,26092023 005023,  22, 24632.1, 11.431,313.266,0.531061,359.6,132.274,7.09e+00, 15.6, 6.1, - 
1580, 64311,25012023,25092023 201124, 240, 24774.5, 15.735,  5.064,0.714517,359.5,  7.610,7.80e-01, 17.9,66.0, - 
1581, 64312,20022023,26092023 071346, 216, 24736.8,  6.495,241.704,0.682428,  0.6,153.390,8.20e-01, 18.0,56.9, - 
1582, 64400,01092011,25092023 194257,   6, 24707.9, 20.455, 87.716,0.711489,360.0,245.036,7.78e-02, 15.7, 0.1, 10
1583, 64401,11072017,25092023 190338,   1, 24731.4, 62.335,169.092,0.695193,  0.1,264.731,3.35e-02, 15.3, 0.1,  2
1584, 64402,19102017,26092023 031915,2161, 24792.7, 18.946,358.754,0.695721,359.6,356.611,2.11e-01, 18.6, -  , - 
1585, 64403,28082019,26092023 003853,1424, 24705.0, 12.818,322.222,0.563383,359.5,122.403,5.19e+00, 17.4, -  , - 
1586, 64404,23092019,25092023 205832,1056, 24767.8, 12.993, 53.882,0.262100,359.6,263.151,2.71e+00, 17.4, -  , - 
1587, 64405,18082020,26092023 010322,  11, 24783.9,  6.668,152.921,0.716721,  1.0, 18.008,6.27e-02, 17.2, 0.2, 34
1588, 64406,14092020,26092023 021840, 985, 24733.8,  5.718,268.786,0.710514,  0.0, 48.404,3.96e-01, 17.8, -  ,883
1589, 64407,11102020,26092023 031931,1047, 24752.8,  8.097,104.903,0.706162,  0.2, 47.256,4.29e-01, 16.6, -  , - 
1590, 64408,11052008,26092023 051722, 173, 24759.8, 11.065,129.416,0.700593,  0.4,299.733,1.10e-02, 16.9, 2.1,  2
1591, 64409,17042023,25092023 232636, 152, 24794.0, 13.326, 36.339,0.469114,359.5,340.841,3.10e+00, 17.9, 5.6, - 
1592, 64410,24082023,26092023 063635,   5, 24709.2, 27.669,165.640,0.709816,  0.3, 53.637,3.89e+00, 15.1, 6.6, 34
1593, 64411,22052007,26092023 004348,   1, 24794.6,  7.396,132.074,0.702851,  0.7,359.621,6.47e-02, 18.2, 0.3, 16
1594, 64501,21102013,26092023 034636,   2, 24788.0, 12.048,292.203,0.695528,359.8,325.690,1.09e-01, 14.4, 0.1,  7
1595, 64502,24052014,25092023 193849,   0, 42165.9,  5.296,108.524,0.000556,  0.4, 62.126,1.67e-02, 11.1, 0.1,  1
1596, 64503,18012015,26092023 100134,   1, 24741.0, 21.040,126.948,0.700754,  0.2, 66.718,1.97e-02, 17.2, 0.1,  1
1597, 64504,05082015,26092023 000113,2539, 21985.6, 62.981,149.643,0.671854,  0.1,279.828,1.64e-01, 13.9,18.3, - 
1598, 64505,02122016,25092023 231539,  71, 24694.1, 27.003,129.497,0.337134,  0.2,133.034,1.53e+01, 16.8,18.9, - 
1599, 64506,16102017,25092023 212958,2079, 24830.6, 19.213,359.817,0.690210,359.6,352.430,4.39e-01, 18.3, -  , - 
1600, 64507,07102018,25092023 231332,  98, 24147.3,  6.491,179.184,0.699321,  1.2,316.032,5.20e-01, 18.0,10.0, - 
1601, 64508,22092019,26092023 023401,1398, 24816.8, 11.805,111.336,0.300471,  0.2,193.394,8.91e+00, 15.0, -  , - 
1602, 64509,04082015,25092023 205334, 337, 24778.4, 21.134, 58.718,0.719617,359.8,285.344,1.33e-02, 17.8,54.7, 56
1603, 64510,23122006,26092023 035345,   5, 24774.6,  3.493,100.696,0.697846,  0.4,298.146,6.30e-02, 18.5, 0.1, 32
1604, 64511,29032023,26092023 043655, 152, 24810.1,  5.186, 91.444,0.621020,  0.0,269.394,2.94e+00, 18.4, 4.6,779
1605, 64512,07092023,26092023 013206,  17, 24805.6,  6.878,179.616,0.709793,  1.1,328.253,1.01e+00, 17.9, 5.4, - 
1606, 64600,03082016,25092023 190237, 123, 24878.3, 18.426, 82.650,0.594885,359.9,257.148,3.26e+00, 15.8,25.2, - 
1607, 64602,16102017,26092023 034915,2161, 24850.2, 19.113,  8.265,0.691753,359.6,337.788,4.89e-01, 19.2, -  , - 
1608, 64603,31072019,26092023 003758, 124, 24797.4, 12.413, 77.843,0.424046,359.9,266.666,9.63e-01, 17.7,10.0, - 
1609, 64604,05082019,26092023 011450,1506, 24810.6, 14.766, 29.350,0.431149,359.5,321.482,2.29e+00, 17.8,17.2, - 
1610, 64605,02102019,26092023 022214,1306, 24794.8, 12.647, 36.819,0.498510,359.5,342.063,3.03e-01, 17.2,10.6, - 
1611, 64606,19032021,25092023 211126, 877, 25073.5, 20.989,194.645,0.596283,  0.4,278.611,1.20e+01, 17.3, -  , - 
1612, 64607,04042017,26092023 031123, 130, 24789.7,  8.751, 76.681,0.709982,359.8, 93.183,1.33e-02, 18.7, 0.2,  6
1613, 64608,28082023,25092023 191832,   5, 24800.7,  6.758,181.911,0.716204,  1.1,309.514,1.17e-01, 17.6, 0.1,  2
1614, 64700,22062007,25092023 180211,   1, 24842.8,  4.141,218.997,0.693214,  1.4, 28.029,6.58e-02, 15.9, 0.1,  2
1615, 64702,28082014,26092023 035701,  33, 24836.1,  4.925, 24.754,0.677460,358.6, 64.104,1.07e+00, 17.5, 0.4, 61
1616, 64703,16102017,25092023 192723,2167, 24877.9, 19.259, 17.969,0.687080,359.6,318.143,7.06e-01, 18.7, -  , - 
1617, 64706,12072009,26092023 081927,   1, 24851.1, 23.062,203.494,0.725705,  0.3,  1.002,1.25e-01, 15.6, 0.2,  5
1618, 64800,20062012,25092023 165943,   6, 24844.8, 62.427, 83.128,0.717714,360.0,270.574,3.64e-02, 13.2, 0.3, 10
1619, 64801,03092011,25092023 204207,   6, 24825.3, 20.764, 78.523,0.717286,359.9,263.131,5.56e-02, 17.4, 0.1, 10
1620, 64802,17092012,26092023 023225,4018, 22101.4, 20.413,282.073,0.666470,359.9,100.787,1.07e+00, 17.5, -  , - 
1621, 64803,24122009,26092023 074821, 111, 24832.2,  6.721,251.604,0.693261,  0.4,130.718,1.56e-01, 16.8, 0.6, 93
1622, 64804,13032016,25092023 152559, 874, 24858.0,  7.648,287.981,0.714947,359.7, 13.781,3.10e-01, 17.0, -  , - 
1623, 64805,10082016,25092023 192728,   3, 24846.0,  3.651,296.179,0.691611,359.1,284.261,1.45e-01, 17.0, 0.1,  6
1624, 64806,23092017,26092023 030705,  58, 24821.6,  6.962,  4.751,0.709875,358.9,187.550,1.20e-01, 17.6, 0.7, 85
1625, 64807,15102017,26092023 174655,   1, 42165.9,  2.239,  7.401,0.000097,356.6,187.663,1.00e-02, 10.5, 0.1,  1
1626, 64808,07082015,26092023 043626,1674, 24840.4, 19.902, 66.885,0.718610,359.8,305.163,1.19e-02, 17.3, -  ,111
1627, 64809,17022009,26092023 082323, 151, 24858.2,  9.887,311.440,0.693131,359.5,341.642,1.38e-01, 12.8, 6.1,520
1628, 64810,13022021,26092023 015600, 900, 24845.3,  4.197,212.502,0.701493,  1.5, 76.086,6.49e-01, 18.1, -  , - 
1629, 64811,28042022,25092023 212723, 486, 24777.9, 16.896,291.793,0.641686,359.8,167.358,7.15e+00, 17.1,40.0, - 
1630, 64812,15122022,26092023 013251, 271, 24900.1,  5.461,280.232,0.669070,359.8, 62.425,1.18e+00, 18.3,53.2, - 
1631, 64813,26082023,25092023 191436,  12, 24832.9, 62.069,227.843,0.698359,  0.1,265.841,1.73e-02, 16.5, 0.1,  5
1632, 64900,23122009,25092023 195238, 188, 24894.9,  8.044,339.339,0.713037,359.1,346.700,1.89e-01, 13.6, 5.6,892
1633, 64901,06082007,25092023 154648,   0, 24788.4,  6.549,196.922,0.722317,  1.1,302.715,3.46e-02, 14.6, 0.1,  1
1634, 64903,20122009,25092023 191823, 111, 24835.4,  8.183,214.048,0.714677,  0.8,201.153,1.01e-01, 16.6, 6.7,379
1635, 64905,04122016,26092023 030031,  27, 24822.4,  4.966,301.210,0.698296,359.3,141.470,3.99e-01, 14.6, 0.6,146
1636, 64906,15102017,25092023 184845,2089, 24917.1, 18.997, 27.133,0.688803,359.6,303.995,9.75e-01, 17.7, -  , - 
1637, 64907,07012019,26092023 004456,1718, 23000.1, 28.087,134.104,0.698565,  0.2, 95.498,1.64e+00, 15.9, -  , - 
1638, 64908,25102019,26092023 034200,1426, 24838.8, 20.044,158.064,0.706589,  0.4, 40.381,1.39e+00, 17.5, -  , - 
1639, 64909,04072022,25092023 193242, 328, 24881.3,  9.285,333.058,0.687697,359.3,306.467,7.03e-01, 17.8, 6.2,249
1640, 64910,30092022,26092023 092331, 357, 24813.0, 20.655,110.802,0.658598,  0.1,136.987,3.98e+00, 16.8, -  , - 
1641, 65000,30012014,26092023 004555,3519, 24850.7, 25.145, 70.650,0.703571,359.9,166.635,6.44e-01, 15.7, -  , - 
1642, 65001,10042018,25092023 225041,1397, 24816.0,  6.011,200.697,0.718439,  1.2,156.186,8.92e-02, 18.0, -  , - 
1643, 65002,30072019,25092023 183734,1380, 24950.9, 12.244, 57.913,0.458346,359.7,309.320,4.57e+00, 16.7, -  , - 
1644, 65003,12012021,25092023 224941, 980, 24858.8, 10.999, 24.806,0.692746,359.4,173.393,4.43e-01, 17.5,44.8,888
1645, 65004,20032021,26092023 040059,  88, 24822.8,  6.652,326.315,0.721367,359.1, 73.120,5.64e-02, 17.3, -  , 66
1646, 65005,16052021,25092023 184723, 860, 24921.6, 20.398,277.759,0.704927,360.0,295.700,1.24e+00, 17.6, -  , - 
1647, 65100,23012015,26092023 052436, 211, 24997.0, 34.585,275.462,0.663405,360.0,  4.504,1.76e+00, 17.1, 9.3, - 
1648, 65102,15102016,25092023 203150, 616, 24801.7, 26.024,  9.727,0.688430,359.7,310.054,1.71e+00, 17.5,64.2, - 
1649, 65103,12082019,25092023 201544, 142, 24905.4, 12.483, 66.641,0.446400,359.7,280.610,1.52e-01, 16.2, 1.3,304
1650, 65104,19092019,25092023 200324, 756, 24874.9, 12.583, 86.321,0.409891,360.0,238.938,3.21e+00, 17.4, -  , - 
1651, 65105,24092019,26092023 053751,1403, 24468.5, 29.835, 70.579,0.716338,359.9, 65.877,1.88e+00, 16.2,81.1, - 
1652, 65107,15122022,26092023 071046, 275, 24931.3,  2.932,222.076,0.675757,  1.9, 94.958,4.53e-01, 18.2, 2.2,134
1653, 65108,18032023,25092023 211840, 190, 25010.4, 19.667, 23.786,0.407352,359.6,309.585,7.62e+00, 17.2, -  , - 
1654, 65200,23032010,26092023 023703,   1, 24912.7,  7.066,339.189,0.719257,359.0, 28.923,2.08e-01, 12.5, 0.1, 11
1655, 65201,27032015,26092023 004536,2944, 24938.1, 33.965,175.288,0.683118,  0.2,144.548,9.91e-01, 15.4, -  , - 
1656, 65203,25092019,25092023 224728, 453, 24958.6, 12.340, 59.646,0.452143,359.7,303.081,1.22e+00, 17.7,41.3, - 
1657, 65204,06072009,26092023 042320,   1, 24971.4, 33.870,164.945,0.683825,  0.2,146.258,1.01e-02, 15.9, 0.1,  3
1658, 65205,13022021,25092023 212558, 246, 24928.2, 12.391, 97.356,0.380788,  0.1,238.946,3.55e+00, 17.1,15.0, - 
1659, 65206,27032023,26092023 023843, 108, 24918.0,  7.743,232.576,0.719779,  0.6,185.339,8.05e-02, 17.3, 6.4, 43
1660, 65300,04122009,25092023 161417,  23, 25017.5,  9.192,144.963,0.680822,  0.7,320.805,1.07e-01, 17.4, 0.4, 83
1661, 65301,15102017,25092023 171523,2073, 25017.3, 19.122, 40.070,0.686935,359.7,278.120,1.31e+00, 17.3, -  , - 
1662, 65302,16102017,25092023 214745,2130, 25015.6, 18.933,355.394,0.704404,359.6,  3.094,1.64e-02, 18.9,49.8,345
1663, 65303,16122017,26092023 002814,2059, 24895.5, 59.450,198.707,0.158040,  0.1,215.017,5.25e+01, 16.7, -  , - 
1664, 65304,20102019,26092023 003901,1064, 24865.0, 12.226, 89.106,0.385504,360.0,254.085,5.61e+00, 14.7, -  , - 
1665, 65305,16012020,26092023 070516, 193, 24944.8,  5.699,228.790,0.712668,  0.9,149.666,1.93e-01, 17.4,10.5, - 
1666, 65306,27052023,26092023 031614, 108, 25067.9, 12.802, 13.274,0.449597,359.4,  8.702,5.14e+00, 17.3,12.8, - 
1667, 65400,01072009,25092023 231053,   1, 24962.5,  7.442,108.839,0.722439,  0.3, 81.755,2.15e-02, 15.3, 0.1,  1
1668, 65401,21122009,26092023 010613,   3, 24817.4,  6.335,287.232,0.722044,359.7,155.190,3.40e-02, 15.5, 0.1,  1
1669, 65403,16102017,26092023 002157,2165, 25043.4, 19.164, 20.620,0.692389,359.6,314.176,5.17e-01, 18.7, -  , - 
1670, 65404,04082015,26092023 010543,   6, 24984.8, 19.511,131.682,0.713767,  0.3,190.233,8.25e-02, 16.6, 0.1, 25
1671, 65406,28112022,26092023 034359, 279, 25024.2, 13.485, 10.347,0.427484,359.4, 26.789,5.51e+00, 17.8, -  , - 
1672, 65407,04082015,25092023 205743,  94, 24958.1, 20.264, 96.590,0.718178,  0.0,239.616,9.60e-03, 19.0, 0.4,  1
1673, 65408,14092023,26092023 010140,   4, 25035.1, 19.457,171.459,0.706710,  0.4, 25.011,1.46e+00, 17.9, 2.1,487
1674, 65500,25082015,26092023 051306,  44, 24993.1, 18.823, 66.358,0.710737,359.8,249.818,6.88e-02, 15.7, 0.5,114
1675, 65501,14042017,25092023 190622,  27, 25005.5, 62.250,300.550,0.703397,359.9,255.077,9.71e-03, 17.4, 0.1,  7
1676, 65502,20102017,26092023 053306,2165, 24942.2, 18.444, 76.911,0.680571,359.9,193.672,3.85e+00, 19.3, -  , - 
1677, 65503,01082018,25092023 164855,1463, 24795.5, 68.638,351.234,0.683775,359.9,320.195,4.19e-01, 17.0, -  , - 
1678, 65504,19062019,26092023 032540, 101, 25006.6, 13.172, 17.281,0.512397,359.4,  2.793,1.70e-01, 16.8, 1.5,326
1679, 65505,23092019,25092023 165953, 258, 24985.4, 13.157, 63.549,0.484158,359.7,303.208,1.31e+00, 16.9,18.8, - 
1680, 65506,26092019,26092023 033548,1206, 24985.7, 19.705, 84.955,0.713725,360.0,177.874,4.00e-01, 17.4, -  , - 
1681, 65507,02112019,25092023 183837, 120, 25061.8, 15.504, 32.203,0.458815,359.6,318.206,6.37e+00, 13.5,45.2, - 
1682, 65508,31012009,26092023 070246,   1, 24994.2,  7.270,105.233,0.712611,  0.3,101.700,7.68e-02, 14.8, 0.1,  6
1683, 65509,07112021,25092023 163840, 231, 25054.1, 12.387, 42.061,0.509687,359.5,315.183,2.44e+00, 16.6,55.6, - 
1684, 65510,08092014,26092023 004521,   1, 25072.4, 20.200,178.266,0.700613,  0.4,354.887,7.74e-02, 17.4, 0.1,  1
1685, 65600,21012007,26092023 033500, 288, 24193.9,  6.065,103.811,0.714311,  0.3,140.731,7.73e-02, 17.4, -  ,289
1686, 65602,16012013,25092023 220700,2467, 25184.7, 19.601, 60.689,0.593689,359.8,298.363,3.21e+00, 16.3, -  , - 
1687, 65603,03062016,25092023 180906, 432, 25056.6, 26.787,143.332,0.658231,  0.2,359.148,1.93e+00, 18.0,24.6, - 
1688, 65604,16102017,25092023 190110,2155, 25075.4, 18.970, 13.968,0.699374,359.6,328.644,9.26e-02, 19.0, -  , - 
1689, 65605,12012019,25092023 204146, 523, 25285.0, 26.710,117.069,0.732831,  0.1,266.021,2.61e-02, 18.2, -  ,117
1690, 65606,12082019,25092023 142727,  18, 25019.6, 12.872, 53.877,0.457419,359.6,292.801,7.51e-02, 17.9, 0.1, 20
1691, 65607,24082023,25092023 185224,   2, 25015.9,110.623,  0.363,0.335204,359.9,194.646,5.32e+01, 17.3, 0.6,141
1692, 65700,28032012,25092023 143921,   1, 24990.5, 63.461,171.699,0.695028,  0.1,269.033,1.13e-02, 12.1, 0.1,  1
1693, 65701,26022010,25092023 223219,  13, 25059.9,  6.628, 78.665,0.694152,359.8,185.493,1.13e-01, 15.7, 0.2, 40
1694, 65703,15062015,26092023 020020,   1, 25027.0, 62.019,211.121,0.689317,  0.1,266.363,3.31e-02, 15.2, 0.1,  1
1695, 65704,07122015,26092023 092628, 151, 24083.7, 18.140,313.437,0.712570,359.7,115.099,1.03e-01, 17.6, -  ,485
1696, 65705,09122015,25092023 215019,   0, 25037.7, 20.245,189.355,0.698007,  0.4,332.862,9.91e-02, 14.1, 0.1,  2
1697, 65706,22092017,25092023 192518,2187, 25081.3, 22.774,223.629,0.608350,  0.2, 29.308,1.27e+00, 18.9, -  , - 
1698, 65708,27082019,25092023 210241, 263, 25092.9,  6.739, 15.477,0.726232,358.9,334.441,2.16e-02, 17.8,36.6,203
1699, 65709,22092019,25092023 193256, 485, 25072.0,  3.114,177.700,0.675090,  2.4, 29.116,4.84e-01, 18.0,14.3, - 
1700, 65710,24042023,25092023 195928, 107, 25051.3, 26.122,189.682,0.648290,  0.3,275.762,1.86e-01, 17.5, 0.1, 22
1701, 65711,26042023,25092023 194354, 126, 25081.7, 68.880, 38.830,0.577538,359.9,359.054,1.51e+00, 17.2, 3.5,839
1702, 65800,11032010,25092023 234353,  81, 25079.3, 11.122,126.166,0.689883,  0.4,313.409,4.35e-01, 14.6, 1.9,423
1703, 65802,08082015,25092023 210417, 304, 25122.9, 16.799, 67.132,0.715553,359.8, 14.741,6.41e-02, 18.6,20.2, - 
1704, 65803,29112018,25092023 164022,  50, 25122.3,  7.030,125.969,0.707415,  0.6,330.336,3.94e-01, 18.4, 1.4,305
1705, 65804,19062019,25092023 214903,1429, 25124.7, 12.339, 70.293,0.426973,359.8,278.549,3.91e+00, 16.9, -  , - 
1706, 65805,27062019,26092023 005153,  68, 25385.7, 13.927, 32.231,0.455282,359.5,332.802,5.76e+00, 14.0,29.2, - 
1707, 65806,26082019,25092023 181839, 276, 25414.0, 13.011, 48.267,0.397400,359.6,315.965,7.18e+00, 16.5,80.9, - 
1708, 65807,08042022,26092023 000146, 330, 25090.5,  5.834,139.282,0.710911,  1.0, 64.310,2.87e-01, 17.4, 9.8,574
1709, 65808,16102022,25092023 194612, 265, 25051.1, 31.569,148.012,0.703916,  0.2,108.896,4.03e+00, 17.1, -  , - 
1710, 65809,31122022,25092023 190707, 209, 25088.2, 63.293,290.922,0.715718,359.9,271.052,6.60e-02, 16.0, 2.4, 48
1711, 65900,19122009,25092023 200645, 244, 25157.2, 10.645,271.513,0.675130,360.0, 51.251,4.18e-01, 14.5, 7.9, - 
1712, 65901,12042015,26092023 090144, 342, 25092.1,  2.167, 68.007,0.699056,358.6,150.220,2.12e-01, 15.7, 6.5,828
1713, 65902,15112015,26092023 030420,   4, 25090.6, 20.141,230.356,0.698427,  0.2,252.443,1.19e-01, 17.5, 0.1,  7
1714, 65903,13082016,25092023 212052,2495, 24904.0, 13.693, 11.479,0.351290,359.5,126.211,2.58e+01, 17.9, -  , - 
1715, 65904,27082017,26092023 011248,   4, 25104.0,  5.546,125.203,0.709903,  0.8, 95.455,2.38e-02, 17.2, 0.1,  2
1716, 65905,26042023,25092023 181918, 152, 25076.6, 20.299,195.829,0.728807,  0.4,276.486,1.72e-02, 17.3,35.2,187
1717, 65906,14092023,25092023 145819,   5, 25168.7, 18.888,208.709,0.707263,  0.4,333.660,1.95e+00, 16.9, 0.1, 23
1718, 66000,08092007,25092023 174625,1316, 25178.4, 11.351,329.558,0.669559,359.4,302.453,4.79e-01, 18.2,87.1, - 
1719, 66001,01082010,26092023 010838,   6, 25195.1,  8.930,325.354,0.671863,359.3,347.897,1.53e-01, 12.9, 0.2, 35
1720, 66002,08042019,26092023 014646, 181, 25110.1, 71.199,299.631,0.533036,359.9,271.702,1.01e+00, 15.9,17.0, - 
1721, 66003,25072009,25092023 200603,   6, 25135.5, 20.246,139.394,0.719440,  0.3,146.648,1.77e-02, 14.6, 0.1,  2
1722, 66004,20092011,26092023 034117,   2, 25122.5, 20.619,130.412,0.719891,  0.2,155.312,4.00e-02, 15.4, 0.1,  4
1723, 66005,20082009,26092023 003726,  20, 25207.7,  3.966, 81.704,0.715024,359.7, 15.341,5.11e-02, 16.3, 0.1, 19
1724, 66006,21032010,25092023 164346,   1, 25131.7,  9.622,305.952,0.717047,359.6,268.313,1.08e-01, 16.5, 0.1, 12
1725, 66007,27112015,25092023 222321,2793, 23103.2, 63.034,321.223,0.705961,359.9,277.027,3.55e-01, 14.6,23.7, - 
1726, 66008,11122016,25092023 183029,   2, 24960.8, 27.382,  2.906,0.728193,359.7,104.196,1.01e-02, 17.2, 0.1,  1
1727, 66009,30052019,26092023 013834, 229, 25181.8, 13.563, 45.504,0.423748,359.6,307.898,3.25e+00, 16.4,87.5, - 
1728, 66010,02072019,26092023 004520,  83, 25139.7, 12.896, 58.136,0.454029,359.7,282.546,1.05e-01, 14.3, 1.1,253
1729, 66011,02102019,25092023 223057,1066, 25189.9, 12.456, 61.857,0.441226,359.7,293.178,3.05e+01, 17.5, -  , - 
1730, 66012,19102019,26092023 051927,1434, 25105.7, 23.429,146.680,0.451517,  0.3, 76.238,1.28e+01, 18.0, -  , - 
1731, 66013,16012023,26092023 001246, 140, 25136.3, 63.084,  3.680,0.726130,359.9,279.132,2.11e-02, 17.5,10.3,  4
1732, 66014,17022023,25092023 205259, 180, 25128.5,  2.711,223.995,0.707520,  2.0,221.983,6.08e-02, 18.1, 2.7,568
1733, 66015,22032023,26092023 021042, 154, 25125.5, 70.189,337.063,0.529170,359.9,320.095,7.18e-01, 16.8, 1.7,401
1734, 66016,17042023,25092023 162941, 132, 25149.8, 11.714, 49.706,0.435320,359.6,308.075,1.22e+00, 18.0, 4.6, - 
1735, 66017,16042023,25092023 165407, 137, 25186.4, 12.120, 44.663,0.438208,359.5,309.868,6.44e+00, 17.6,89.2, - 
1736, 66018,18042023,26092023 023516, 155, 25443.5, 14.270,  5.128,0.483298,359.5, 56.640,1.00e+01, 17.2,41.7, - 
1737, 66100,07072013,25092023 214014,   1, 25161.2, 64.335, 40.929,0.655341,359.9,258.134,1.03e-02, 11.5, 0.1,  1
1738, 66101,19062004,25092023 161128, 975, 25157.3, 62.049,236.550,0.695026,  0.1,267.820,2.79e-02, 17.9, 4.4,760
1739, 66102,22112016,26092023 050812,1383, 25101.5, 10.419,140.784,0.713089,  0.6,197.441,6.75e-01, 17.4, -  , - 
1740, 66103,25112016,25092023 190302, 187, 25151.8,  3.610, 88.089,0.723628,359.9,281.204,3.66e-02, 17.0, 6.0,142
1741, 66104,02112017,26092023 035341, 355, 25146.1, 63.056,150.317,0.675706,  0.1,250.173,1.34e-01, 16.8, 6.1, - 
1742, 66105,19012018,25092023 233458,2042, 25228.0,  6.712,321.290,0.713981,359.1,326.786,6.53e-01, 18.3, -  , - 
1743, 66106,13022018,26092023 025357,  31, 25132.8, 12.659,354.621,0.675167,359.4,224.432,4.83e-01, 17.6, 0.4, 99
1744, 66107,17072018,26092023 031632,1867, 25177.2,  3.910,282.182,0.702571,359.6,103.176,1.44e-02, 17.3, -  ,656
1745, 66109,30082022,26092023 082731, 356, 25171.4,  2.342,225.168,0.590704,  2.2,354.722,1.46e+01, 18.9,29.6, - 
1746, 66110,26012023,26092023 030906, 215, 25172.6, 12.793, 32.940,0.488191,359.5,338.812,1.47e+00, 17.1, 1.5,339
1747, 66200,20122009,25092023 193525,  54, 25216.3,  4.013,309.167,0.722050,358.9, 46.095,2.44e-02, 16.2, 0.3, 17
1748, 66201,21032014,26092023 021603,   1, 21667.6, 25.410,233.606,0.689402,  0.2,332.054,9.73e-02, 14.9, 0.3,  2
1749, 66203,16102020,25092023 233920, 228, 25181.2, 11.219, 80.851,0.390243,359.9,237.003,1.19e+00, 17.6, 7.1, - 
1750, 66204,13022023,25092023 205645,  23, 25193.0, 62.581,139.245,0.703664,  0.1,277.519,9.81e-03, 16.8, 0.1,  1
1751, 66300,23042013,25092023 183601,2631, 25213.1, 64.367,141.723,0.575139,  0.1,296.903,3.26e-01, 15.1,72.0, - 
1752, 66301,01122015,26092023 100730, 216, 25065.8, 18.864,335.415,0.726103,359.6, 50.790,6.32e-02, 18.7, -  ,395
1753, 66302,31072019,26092023 004137, 125, 25201.0, 13.126, 56.254,0.452366,359.7,284.035,8.90e-02, 17.4, 1.7,384
1754, 66303,05082019,25092023 183318, 393, 25137.2, 14.414, 37.705,0.412332,359.6,300.333,6.60e+00, 15.8, -  , - 
1755, 66304,20102019,26092023 044006,  88, 25218.3, 13.154, 24.664,0.514240,359.5,347.599,1.65e-01, 15.0, 2.7,640
1756, 66306,04092023,26092023 074556,  18, 25268.9, 63.844,134.847,0.712290,  0.1, 20.833,1.28e+00, 17.8, 0.6, 96
1757, 66400,02091998,26092023 082108,4295, 25253.7, 66.677,156.365,0.631786,  0.1, 33.619,1.00e-02, 17.0,33.6, 63
1758, 66401,30112008,25092023 221106,   4, 25230.5, 62.938,215.393,0.646119,  0.1,249.066,9.53e-02, 16.6, 0.1, 11
1759, 66402,14092012,26092023 080719,2395, 25317.2, 18.425,134.073,0.642051,  0.3,165.051,2.10e+00, 17.1, -  , - 
1760, 66404,22112016,26092023 005951, 953, 17048.3, 62.856,358.589,0.602796,359.9,303.255,8.19e-03, 14.9, 2.9,251
1761, 66406,18082017,25092023 233718, 553, 25306.1, 61.007, 40.597,0.630194,359.9,167.134,1.07e+00, 17.5,37.6, - 
1762, 66407,21032018,26092023 065402,  34, 25310.3, 12.628,242.563,0.715750,  0.3,337.674,5.89e-01, 17.7, 1.5,243
1763, 66409,28062019,26092023 003049, 120, 25206.5, 13.814, 47.458,0.402101,359.6,293.538,5.84e+00, 16.5,54.2, - 
1764, 66410,30072019,26092023 000010, 191, 25248.6, 12.795, 60.947,0.472916,359.7,279.487,3.33e-01, 17.1, 6.7, - 
1765, 66411,02082019,26092023 031646, 503, 25244.0, 12.061, 83.941,0.395532,359.9,228.203,3.82e+00, 15.9, -  , - 
1766, 66412,27092020,26092023 055400, 447, 25190.8,  2.978, 81.254,0.717713,359.6,151.639,5.72e-01, 17.9,84.4, - 
1767, 66413,24102021,25092023 173220, 601, 25410.2, 12.695, 28.439,0.428018,359.5,339.485,6.42e+00, 13.9, -  , - 
1768, 66414,19012023,25092023 232823, 120, 25256.2, 10.960, 93.837,0.348426,  0.0,217.408,6.63e+00, 15.6,71.8, - 
1769, 66500,14102012,25092023 234927,1371, 25310.9, 63.310,200.530,0.680975,  0.1,263.611,1.47e-01, 17.9,43.7, - 
1770, 66501,17022007,25092023 194241, 343, 25237.4,  4.381,124.646,0.717276,  1.0,121.293,2.55e-01, 14.2,29.3, - 
1771, 66503,16082018,26092023 034105,   1, 25262.0, 23.781,334.057,0.612562,359.7,147.198,8.36e-03, 17.0, 0.1,  1
1772, 66504,31102018,25092023 213709,1389, 25734.6,  5.342, 11.894,0.117358,358.6,122.186,2.83e+01, 17.4, -  , - 
1773, 66505,28062019,25092023 205524,  42, 25534.1, 13.838, 15.198,0.438200,359.5,348.850,6.97e+00, 16.1,23.7, - 
1774, 66507,16092020,26092023 031648,1100, 25262.8, 15.684,340.179,0.582685,359.5, 63.932,8.34e-01, 17.5,35.4, - 
1775, 66508,13032022,25092023 182918, 392, 25238.2,  7.061,  2.774,0.716267,358.9,239.760,1.31e-01, 18.3, 4.1, 90
1776, 66602,04112014,25092023 234300, 254, 23787.2, 62.817,306.018,0.712279,359.9,270.925,1.62e-01, 17.4, 0.6,135
1777, 66603,04042016,25092023 175126,  26, 25277.9, 63.330, 84.015,0.711810,360.0,278.616,4.43e-02, 17.0, 0.1, 17
1778, 66604,19072017,26092023 102955,1369, 25241.3,  3.955,161.691,0.722893,  1.8,103.077,1.16e-01, 17.2, -  , - 
1779, 66606,22062019,25092023 144820,1367, 25339.3, 14.188, 40.846,0.359333,359.6,270.737,6.24e+00, 16.4, -  , - 
1780, 66607,24042020,25092023 223112,1104, 25280.3,  4.196, 39.259,0.721334,358.6,111.055,4.94e-02, 18.4, -  , 61
1781, 66609,20032021,25092023 233958, 863, 25308.7,  8.660,  4.436,0.661251,359.1,273.133,1.81e+00, 17.2,55.3, - 
1782, 66610,31032022,25092023 145236, 518, 25339.9,  4.906,190.486,0.706653,  1.5,  2.200,7.27e-01, 18.9,40.2, - 
1783, 66611,27012023,26092023 032642, 214, 25269.2, 12.161,100.072,0.349412,  0.1,211.114,3.35e+00, 17.5, -  , - 
1784, 66700,01022014,26092023 062146, 377, 25366.5, 16.607,242.870,0.701891,  0.2,337.930,3.13e+00, 14.4,66.8, - 
1785, 66704,02062019,26092023 093835, 152, 25470.9, 14.481,357.985,0.532745,359.5, 41.718,7.50e+00, 17.4,42.4, - 
1786, 66705,01072019,25092023 231755,   2, 25307.2, 12.727, 66.324,0.448064,359.7,267.888,2.64e-01, 17.2, 0.2, 35
1787, 66706,09082019,25092023 172629,1486, 25357.1, 11.777,106.559,0.346753,  0.2,206.449,5.49e+00, 17.4, -  , - 
1788, 66708,25082022,26092023 022224, 283, 25282.3,  9.229,316.734,0.692602,359.4, 40.386,7.81e-01, 17.5,63.5,790
1789, 66709,11112007,26092023 002123, 132, 25292.2,  6.182,234.912,0.694140,  0.7,237.070,9.99e-03, 17.4, 0.7,136
1790, 66800,24122014,26092023 070001,   1, 25156.5, 27.416,  8.113,0.730259,359.7, 95.844,6.42e-03, 15.9, 0.1,  1
1791, 66802,26092018,26092023 012259,   1, 25333.4, 19.320,319.078,0.703040,359.7,225.124,4.01e-02, 17.8, 0.1,  3
1792, 66803,14062019,25092023 180818,   3, 25327.5, 12.533, 67.476,0.479707,359.8,282.151,1.10e-01, 15.1, 0.1, 10
1793, 66804,26082019,26092023 025643, 140, 25346.2, 12.929, 12.943,0.486584,359.4, 12.045,4.17e+00, 15.9,98.9, - 
1794, 66805,01092022,26092023 021036, 275, 25363.4, 48.805,114.000,0.578232,  0.1, 61.882,4.64e+01, 17.6,59.3, - 
1795, 66806,20112022,25092023 193837, 183, 25363.1, 12.032, 35.099,0.556715,359.5,350.220,7.01e+00, 15.7,68.1, - 
1796, 66807,10022023,25092023 184353,  76, 25330.5, 64.558, 93.180,0.036883,  0.0, 40.216,2.69e-01, 18.3, 2.1,487
1797, 66900,11122009,26092023 045314,   1, 25321.5,  5.845, 70.420,0.721929,359.5,129.956,7.92e-02, 14.6, 0.1,  2
1798, 66901,22122016,26092023 003520,   0, 26617.1,  7.838,  7.209,0.127153,359.0,192.278,2.84e+01, 17.1, 0.5,120
1799, 66903,13082018,26092023 082624,1855, 25427.7, 48.434,190.964,0.531218,  0.2,358.705,4.65e+01, 17.8, -  , - 
1800, 66904,31052019,26092023 010910, 120, 25388.7, 13.559, 15.036,0.536382,359.5,357.772,2.41e+00, 16.6,33.3, - 
1801, 66905,23082019,26092023 015953,1406, 25374.5, 12.465, 87.073,0.435518,360.0,246.175,1.30e+00, 17.7, -  , - 
1802, 66906,30012020,26092023 094105, 190, 25374.8,  5.539,266.514,0.702871,  0.1, 91.980,2.78e-01, 17.5, 6.4, - 
1803, 66907,12072009,26092023 010103,   2, 25360.7, 24.507,195.247,0.724958,  0.3,304.307,9.46e-02, 14.6, 0.1,  8
1804, 67001,05022019,26092023 012453,1139, 25364.3,  6.047,309.438,0.690315,359.2,108.942,4.56e-02, 18.0, 5.0,489
1805, 67002,04082019,26092023 015120,  25, 24901.4, 15.856,267.777,0.314514,  0.0,331.756,3.14e+01, 16.2, 5.4, - 
1806, 67003,05102019,25092023 213431,  79, 25372.4, 12.722, 77.950,0.476338,359.9,269.325,1.62e-01, 15.5, 1.1,261
1807, 67004,14072023,26092023 003751,  71, 25349.4, 12.177,295.284,0.723507,359.7,193.694,3.31e-01, 18.2, -  , - 
1808, 67100,06082008,26092023 024326, 209, 25349.1,  3.117,215.534,0.726185,  1.9,100.393,2.13e-02, 17.4, -  ,263
1809, 67101,24042009,25092023 195826, 137, 25365.2, 10.187,146.888,0.719410,  0.6,191.757,2.59e-01, 13.5, 5.5,522
1810, 67102,30092012,26092023 045450, 251, 25130.9, 19.252,332.566,0.729853,359.7, 44.765,3.89e-02, 17.1, -  ,204
1811, 67103,19012018,25092023 182302,2026, 25412.8,  3.692,168.103,0.641945,  2.0,297.086,1.01e+00, 18.2,51.0, - 
1812, 67104,29072019,25092023 162130,1453, 25435.1, 13.453, 55.763,0.417871,359.7,275.577,7.52e+00, 17.2, -  , - 
1813, 67105,28092019,26092023 044933, 150, 25599.0, 12.908, 48.036,0.436757,359.6,292.648,3.83e+00, 18.2,95.6, - 
1814, 67106,26012020,26092023 002458, 180, 25562.9, 12.190, 65.108,0.372958,359.7,256.109,7.29e+00, 18.5,59.4, - 
1815, 67107,22062021,26092023 021248, 788, 25414.3, 22.395,203.334,0.583859,  0.3,106.680,2.35e+00, 16.0,28.4, - 
1816, 67108,12042022,25092023 164124, 529, 25529.9, 65.956, 24.265,0.579470,359.9,257.318,8.61e+00, 16.8, -  , - 
1817, 67109,01062008,25092023 154726,   1, 25402.4, 70.897,343.679,0.558386,359.9,306.637,1.02e-02, 16.2, 0.1,  1
1818, 67110,24052023,25092023 204100, 119, 25395.8, 61.478,221.155,0.584535,  0.1,239.781,3.34e+00, 17.5, 1.8,425
1819, 67111,27052023,25092023 201053, 106, 25399.1,  6.776,312.081,0.720124,359.3,112.595,6.39e-02, 17.8, 2.8,409
1820, 67200,28062009,26092023 013248, 162, 25489.2,  6.512,268.926,0.707818,  0.0, 23.596,1.43e-01, 13.5, 4.5,797
1821, 67201,23122009,26092023 033134,   1, 25435.7,  6.661,143.220,0.685413,  0.9, 59.065,2.25e-01, 15.3, 0.1,  9
1822, 67203,25022018,25092023 223410, 873, 25427.5,  5.832, 85.729,0.705910,359.9,188.933,9.81e-01, 18.0, -  , - 
1823, 67204,05062019,25092023 234913, 545, 25399.9, 14.404, 17.898,0.491396,359.5,342.498,2.38e+00, 17.9, -  , - 
1824, 67205,07062019,26092023 022713,1535, 25234.6, 10.632,180.308,0.513299,  0.7, 38.395,2.90e+01, 16.4, -  , - 
1825, 67206,25062019,26092023 024340, 134, 25452.6, 13.882, 37.978,0.485343,359.6,309.716,6.50e-01, 17.2, 5.3, - 
1826, 67207,23082019,25092023 214008, 258, 25579.1, 13.864, 48.495,0.224385,359.6,298.923,3.83e+00, 16.7, -  , - 
1827, 67209,12062021,26092023 054934,  79, 25430.6, 15.632,196.922,0.725367,  0.5, 92.815,4.36e-02, 17.8, 2.8,196
1828, 67210,06062022,25092023 205828, 424, 25444.2,  5.027,136.494,0.711149,  1.1, 96.924,8.58e-01, 18.2,44.7,552
1829, 67211,20012023,26092023 080043, 229, 25471.6, 58.250,295.295,0.619192,359.9, 33.327,1.84e+00, 18.0, 5.2, - 
1830, 67300,12092012,25092023 225759, 143, 25621.2, 17.999,106.275,0.647673,  0.1,219.197,2.89e+00, 13.5,23.2, - 
1831, 67301,17102017,26092023 072328,  96, 25477.1,  1.290, 12.709,0.660365,354.2, 70.796,1.88e+00, 17.4, 3.6,771
1832, 67302,16122018,25092023 205929,  28, 25477.0, 62.913, 89.495,0.709718,360.0,280.238,7.21e-02, 16.7, 0.1, 13
1833, 67303,03022019,25092023 203612, 151, 25434.8, 62.225,327.869,0.727305,359.9,266.904,2.72e-02, 17.3,13.0, 79
1834, 67304,28072019,26092023 014626, 170, 25725.1, 12.923,117.854,0.338499,  0.3,197.662,5.08e+00, 17.0,97.2, - 
1835, 67306,28062019,26092023 003234,1236, 25312.6, 26.360,209.410,0.730686,  0.3,116.578,4.30e-02, 17.9, -  ,233
1836, 67309,19092022,26092023 023153,   0, 23304.3, 25.619,304.917,0.350468,359.8,188.927,1.88e+01, 13.3, 0.6,160
1837, 67310,27042021,26092023 000716,   4, 25480.1, 67.111,172.697,0.598422,  0.1,310.040,1.05e-01, 16.4, 0.1, 12
1838, 67400,20032010,26092023 041552, 193, 25522.1,  8.023,274.000,0.646012,360.0,107.032,2.03e-01, 17.7, 2.2,349
1839, 67401,20072013,25092023 220643,   5, 25419.3, 63.350,129.338,0.704938,  0.1,269.750,1.95e-01, 16.9, 0.2, 31
1840, 67402,13072018,25092023 193207, 250, 25863.3, 60.637,263.179,0.503132,  0.0,231.309,3.57e+01, 17.1,81.3, - 
1841, 67403,08112018,26092023 014827,  23, 25483.5, 64.576,105.135,0.006511,  0.0,141.860,3.86e-01, 17.3, 0.1, 22
1842, 67405,14102019,25092023 165930,1423, 25749.7, 16.838, 30.595,0.257995,359.6,311.306,1.45e+01, 17.1, -  , - 
1843, 67406,21022020,26092023 014324,1279, 25807.1, 21.948,321.581,0.449896,359.7,264.733,3.30e+01, 16.2, -  , - 
1844, 67407,30072020,26092023 024621, 206, 25496.7, 13.236, 29.169,0.527659,359.5,337.760,1.69e-01, 13.8, 1.8,408
1845, 67408,31072020,25092023 231241,   3, 25489.4, 65.874,348.093,0.002597,359.9,181.899,3.12e-01, 16.9, 0.1,  6
1846, 67409,01112020,25092023 151239, 998, 24964.9, 26.765,146.594,0.726284,  0.2,215.126,5.66e-02, 15.5, 6.1,909
1847, 67410,15112022,25092023 220134,  20, 25492.3, 64.921,338.307,0.010097,359.9, 77.000,3.49e-01, 17.8, 0.1,  9
1848, 67500,22122009,25092023 145612, 202, 25580.9,  9.668,256.116,0.719748,  0.2,  5.668,8.32e-02, 15.7, 3.6,328
1849, 67501,21122009,26092023 080751, 227, 25547.1,  6.049,249.302,0.709492,  0.5, 64.214,1.43e-01, 15.9, 4.2,623
1850, 67503,14092012,26092023 023104,   0, 25546.7, 19.704,198.093,0.644086,  0.4, 36.287,7.14e-02, 14.8, 0.1,  2
1851, 67504,23012014,26092023 064121,   5, 25492.1,  4.405, 73.790,0.724048,359.5, 42.177,1.59e-01, 15.6, 0.1, 22
1852, 67505,27022018,26092023 035411,   8, 25509.4, 65.240,341.720,0.007878,359.9,259.943,4.45e-01, 16.7, 0.1,  6
1853, 67506,22062018,25092023 183056,   8, 25510.0, 63.829, 94.082,0.006280,  0.0,326.867,3.72e-01, 17.1, 0.4, 85
1854, 67507,19072019,25092023 220704, 264, 25593.2, 11.174, 90.237,0.299754,360.0,235.834,5.22e+00, 16.6,96.8, - 
1855, 67508,13072019,26092023 011144,   1, 25496.9, 64.613,227.063,0.006528,  0.1,209.022,1.02e-01, 13.7, 0.1,  3
1856, 67509,26072019,25092023 164709, 138, 25492.2, 12.507, 68.690,0.480296,359.8,276.326,8.30e-02, 16.7, 2.4,315
1857, 67510,24082019,25092023 213850, 736, 25630.9, 12.873, 85.687,0.312547,359.9,234.045,7.50e+00, 16.3, -  , - 
1858, 67511,02112019,25092023 160402, 318, 25464.0, 17.006, 26.484,0.459827,359.6,303.828,2.37e+00, 17.8,78.7, - 
1859, 67513,01082020,26092023 043811,   2, 25497.2, 64.555,104.461,0.006372,  0.0,119.013,4.59e-01, 16.7, 0.1,  4
1860, 67515,30082022,26092023 062101,   3, 25508.8, 64.911,338.491,0.004422,359.9,177.180,7.78e-01, 17.9, 0.1,  5
1861, 67516,06102022,26092023 051356, 317, 25507.5, 64.530,334.845,0.012926,359.9,212.451,1.02e+00, 17.5, 3.6,783
1862, 67517,12112022,26092023 074628,   5, 25512.3, 66.317,355.752,0.004241,359.9, 34.543,5.45e-01, 16.7, 0.1, 10
1863, 67518,19032023,25092023 215235, 160, 25339.7, 30.925,326.819,0.715729,359.8, 83.193,7.26e-01, 16.8,20.7, - 
1864, 67519,25062023,25092023 173233,  85, 25539.9,  9.790,286.653,0.620299,359.8,183.278,5.62e+00, 18.8, -  , - 
1865, 67600,23122009,25092023 200346, 265, 25581.4,  6.808,331.459,0.642941,359.0,  2.249,1.97e-01, 17.9, 6.1, - 
1866, 67601,24122009,26092023 000309, 727, 25588.3,  7.318,295.011,0.686313,359.6,340.642,6.34e-02, 16.6, 8.7, - 
1867, 67602,07102016,25092023 192230,2080, 25505.8,  6.119,247.584,0.682698,  0.5,226.053,3.15e-01, 16.9,86.3, - 
1868, 67603,30012017,26092023 001450, 123, 25546.3, 66.424,  9.555,0.635790,359.9,332.093,2.13e+00, 16.8, 2.2,472
1869, 67604,23052018,25092023 184910,1878, 25546.0,  6.156, 67.062,0.709364,359.5,213.319,8.80e-01, 18.3, -  , - 
1870, 67605,25062019,26092023 001620,1490, 25536.0, 13.477, 32.925,0.511814,359.5,328.289,1.14e+00, 17.0, -  , - 
1871, 67606,27072019,25092023 172115, 229, 25567.2, 12.542, 65.471,0.486503,359.7,279.820,5.00e-02, 16.2, 0.1, 12
1872, 67607,30072019,26092023 082334, 155, 25566.4, 13.121,137.683,0.234772,  0.4,160.511,3.62e+00, 16.8,71.6, - 
1873, 67608,01012020,25092023 172315, 163, 25539.4, 12.497, 73.093,0.473530,359.8,267.612,1.41e-01, 17.7, 2.1,465
1874, 67609,06082020,26092023 043117,1145, 25533.6, 64.400,105.900,0.015339,  0.0,108.928,1.28e+00, 18.1, -  , - 
1875, 67610,25102020,25092023 151530, 314, 25524.3, 13.092, 75.939,0.502232,359.8,268.310,2.10e-01, 15.8, 4.8,830
1876, 67611,30042022,26092023 012134, 434, 25550.8, 63.994,342.883,0.647481,359.9,314.809,1.17e+00, 18.0, 9.2, - 
1877, 67612,18082023,25092023 225710,  36, 25473.4, 61.372,336.480,0.732172,359.9,222.033,4.57e-01, 18.2, -  , 17
1878, 67613,23082023,26092023 042431,  31, 25552.6,  6.029,149.253,0.717061,  1.1, 61.177,1.27e+00, 18.1, 0.8, 42
1879, 67702,23042018,26092023 050036, 236, 25547.8,  3.266,203.367,0.716482,  2.1,120.734,3.32e-01, 17.9,14.4, - 
1880, 67703,26102019,25092023 144322, 669, 25623.2, 12.927, 84.977,0.411513,359.9,240.721,5.24e+00, 14.2,56.6, - 
1881, 67705,08022021,25092023 195435, 342, 25329.4, 11.375, 83.200,0.332848,359.9,252.126,8.61e+00, 16.6, -  , - 
1882, 67801,10042018,26092023 022241, 263, 25580.8, 71.804, 86.570,0.596589,360.0, 63.141,1.67e+00, 16.4, 3.0,653
1883, 67802,25072019,25092023 183959,  51, 25597.8, 13.106, 47.984,0.495432,359.6,300.382,1.39e-01, 14.5, 0.9,203
1884, 67804,27082019,25092023 194648,1443, 25648.1, 13.016, 24.468,0.512107,359.5,  0.915,1.32e+00, 17.9, -  , - 
1885, 67805,25082019,26092023 020636,1426, 25614.8, 11.340,130.199,0.346226,  0.4,153.287,9.07e+00, 17.9, -  , - 
1886, 67807,22052022,26092023 044608, 408, 25634.5, 65.655,352.703,0.676523,359.9,  7.509,1.11e+00, 17.8, 5.5,740
1887, 67900,21062013,25092023 171112,   0, 25626.6, 17.301,190.920,0.625137,  0.4,294.449,9.72e-03, 10.8, 0.1,  1
1888, 67901,12082013,25092023 231154,3688, 25467.2, 63.412, 30.573,0.723590,359.9,278.934,1.70e-01, 13.6,30.6, - 
1889, 67902,18082017,25092023 145522, 202, 25620.8, 62.731,250.874,0.705326,  0.1,269.413,2.92e-01, 16.3, 1.9,239
1890, 67904,01102018,26092023 102742, 492, 25651.6, 62.280,234.140,0.723202,  0.1, 22.565,1.15e+00, 16.0, -  , - 
1891, 67905,24112019,26092023 011130, 616, 25575.9, 11.057, 91.020,0.387818,  0.0,235.090,5.99e+00, 16.7, -  , - 
1892, 67906,20092020,25092023 214033,1042, 25604.3, 64.056,214.133,0.304212,  0.1, 47.046,7.48e+00, 13.0, -  , - 
1893, 67907,24042022,25092023 152018, 514, 25422.7, 49.995,262.772,0.611146,  0.0,245.976,1.00e+02, 16.1, -  , - 
1894, 67908,03012023,26092023 052652, 264, 25599.4, 25.694,276.526,0.619135,360.0,146.494,2.32e+00, 17.2, -  , - 
1895, 67909,13072023,25092023 212053,  51, 25647.8, 67.659,120.743,0.606618,  0.1, 20.220,2.04e+00, 17.6, 0.6,130
1896, 68000,09112008,26092023 000647,   0, 25670.7,  3.714,258.339,0.721781,  0.4, 49.218,1.18e-01, 14.3, 0.1,  1
1897, 68002,17102020,25092023 220738, 123, 25563.3, 11.695, 98.155,0.409379,  0.1,238.212,4.78e+00, 13.8,25.0, - 
1898, 68003,08112021,26092023 033321, 246, 25674.6, 14.354, 22.696,0.487961,359.5,337.584,8.07e+00, 17.6,13.3, - 
1899, 68004,12042022,26092023 003104, 451, 25700.8,  6.464,163.603,0.719339,  1.1, 23.629,7.88e-01, 17.7,67.5, - 
1900, 68005,09022023,25092023 224549, 217, 25644.1, 13.471, 60.063,0.475772,359.7,264.548,4.30e-01, 17.4,15.1, - 
1901, 68102,09082016,26092023 090135, 254, 25658.2,  3.370,240.025,0.717971,  1.1, 61.713,6.38e-01, 16.8,26.3, - 
1902, 68103,11102016,25092023 235720,2521, 25690.2, 15.385, 52.924,0.663261,359.7, 39.948,2.42e+00, 18.3, -  , - 
1903, 68104,25112019,25092023 204156, 513, 25683.2, 12.965, 46.835,0.450851,359.6,276.050,6.65e+00, 15.6, -  , - 
1904, 68105,19052020,26092023 030813, 157, 23918.7, 25.085,356.425,0.713414,359.7, 87.230,2.33e-01, 16.5, 1.2,122
1905, 68106,27082021,26092023 013125, 205, 25696.1, 23.194,189.579,0.630758,  0.3,130.731,1.78e+00, 17.6, 2.7,534
1906, 68200,21082011,25092023 183950,   1, 25416.9, 26.796,150.357,0.731293,  0.3,208.785,1.22e-02, 12.7, 0.1,  1
1907, 68202,17012013,25092023 150357,2431, 25938.7, 17.174,105.784,0.625605,  0.1,214.156,4.53e+00, 16.0, -  , - 
1908, 68203,03082017,26092023 010302,  33, 25713.5,  6.531,219.526,0.709284,  0.9,271.340,4.92e-01, 18.1, 1.9,428
1909, 68204,06082017,26092023 094151,2229, 25736.2,  2.175,298.146,0.669671,358.5, 83.938,8.41e-01, 18.1, -  , - 
1910, 68205,12122017,25092023 180135,  26, 25574.8, 62.930, 89.924,0.707798,360.0,277.830,1.10e-01, 15.6, 0.3, 62
1911, 68207,21122018,26092023 074129,   1, 25679.4, 64.554,228.220,0.009608,  0.1, 59.193,1.45e-01, 13.1, 0.1,  9
1912, 68208,17112019,26092023 001720, 267, 25691.0, 71.051,299.600,0.516700,359.9,260.857,3.02e-01, 14.4, 6.0, - 
1913, 68209,25092022,25092023 235839, 361, 11437.8, 60.367,127.673,0.412065,  0.1,288.705,1.04e+00, 18.0, 1.6,400
1914, 68210,27122022,26092023 001754, 263, 25698.3, 10.227,115.300,0.210837,  0.3,155.394,1.35e+01, 17.8, -  , - 
1915, 68300,03112011,26092023 032418,   1, 24977.8, 63.249,198.448,0.701051,  0.1,274.983,8.83e-03, 13.6, 0.1,  1
1916, 68301,27082016,26092023 063027,2416, 25623.2, 91.291,353.985,0.297837,359.9, 31.431,3.85e+01, 16.9, -  , - 
1917, 68302,22022018,25092023 150721, 136, 24958.0, 62.519, 80.967,0.716601,360.0,273.202,5.11e-02, 17.2, 2.5,130
1918, 68303,03062019,26092023 045030, 160, 25764.0, 14.422,359.575,0.579347,359.5,  8.680,3.96e+00, 18.0,95.5, - 
1919, 68304,01122019,26092023 013005,1295, 25711.7, 12.327, 89.922,0.429784,360.0,224.894,2.75e-01, 17.8, 2.9,396
1920, 68305,08102020,25092023 210555, 119, 25750.9, 12.080,116.509,0.409831,  0.3,222.173,4.18e+00, 17.2,43.1, - 
1921, 68306,18092022,26092023 050736, 308, 25707.6, 18.610,111.789,0.723700,  0.1,153.209,1.09e-01, 18.1,20.7,523
1922, 68307,20012023,25092023 225010, 171, 25715.0, 26.254,287.328,0.633153,359.9,129.186,8.58e-02, 16.7, 0.1, 17
1923, 68308,03032023,25092023 180418, 147, 25679.1, 13.380, 42.050,0.370838,359.6,243.127,5.30e+00, 16.9, -  , - 
1924, 68403,31032022,26092023 075332, 495, 25759.7,  5.582,155.742,0.624853,  1.2,343.713,1.28e+00, 18.1, 5.8, - 
1925, 68404,22122022,26092023 014356, 244, 25750.5, 12.791, 72.537,0.357125,359.8,231.378,4.68e+00, 16.6,84.6, - 
1926, 68500,21081996,25092023 224126,   9, 25738.1, 63.473,152.057,0.700989,  0.1,269.113,1.20e-01, 14.8, 0.1, 24
1927, 68501,06082013,26092023 022246,   0, 25790.7, 18.815,344.532,0.614333,359.6, 22.395,1.04e-02, 10.8, 0.1,  1
1928, 68502,27042017,26092023 032710,  95, 25827.1,  5.085, 78.149,0.702934,359.7,357.606,6.55e-01, 17.4, 2.4,439
1929, 68503,18062019,25092023 202746,  52, 25751.0, 11.913, 98.873,0.424069,  0.1,217.095,9.51e-01, 16.6, 5.9, - 
1930, 68504,28082019,26092023 013221, 945, 25854.7, 15.851, 34.683,0.436623,359.6,309.390,5.22e-01, 16.0, -  , - 
1931, 68506,10112020,25092023 183530, 169, 25737.7, 53.784,281.092,0.615665,360.0,274.031,6.22e+01, 17.0,50.6, - 
1932, 68507,05082022,26092023 025138, 405, 25744.7, 57.300,280.418,0.607705,360.0,170.559,8.19e-01, 18.1,19.7, - 
1933, 68508,22012023,25092023 222904, 190, 25765.4, 12.481,105.061,0.445393,  0.2,218.197,9.78e-01, 17.9,22.8, - 
1934, 68600,11062012,25092023 223800,   1, 25804.2,  5.805,135.309,0.627144,  0.9, 24.596,1.85e-01, 13.3, 0.1, 10
1935, 68601,24012015,25092023 191129,2750, 25425.1, 63.274,296.291,0.724519,359.9,277.708,1.80e-01, 13.8,55.9, - 
1936, 68603,09042022,25092023 212336, 476, 25826.4,  5.551,199.811,0.717851,  1.3,326.781,5.42e-01, 17.4,63.4, - 
1937, 68604,13022023,25092023 192126, 222, 25785.5, 10.430,108.389,0.282536,  0.2,194.967,5.11e+00, 17.7, -  , - 
1938, 68700,09022007,25092023 234315,   4, 25692.5, 26.648,172.175,0.732757,  0.3,180.618,9.33e-03, 14.0, 0.1,  1
1939, 68701,16012013,25092023 184144, 584, 25807.5, 19.393, 94.393,0.671149,  0.0,242.665,4.02e-02, 15.8, 2.0,296
1940, 68702,24062016,25092023 185221,   1, 25823.9, 18.118,193.099,0.606718,  0.4,352.132,1.02e-02, 10.5, 0.1,  1
1941, 68704,29082019,25092023 182231, 221, 25905.8, 13.632, 23.697,0.553678,359.5,338.708,4.06e+00, 16.9, -  , - 
1942, 68705,10092019,26092023 012933, 164, 25852.9, 12.958, 41.736,0.446578,359.6,319.421,5.53e+00, 17.5, 9.6, - 
1943, 68706,24092019,25092023 175041,1013, 25829.3, 12.449, 68.768,0.499361,359.8,284.010,1.75e+00, 17.1, -  , - 
1944, 68707,25092019,25092023 213600, 215, 25814.8, 12.224, 96.114,0.438928,  0.1,219.780,1.72e-01, 18.7, 1.0,200
1945, 68708,18102020,25092023 203224,1051, 25809.0, 12.525, 96.691,0.446395,  0.1,227.860,1.27e+00, 17.9, -  , - 
1946, 68709,10122020,25092023 195614, 280, 25803.8, 11.481, 67.688,0.509317,359.7,286.124,4.18e-02, 17.2, 5.7,764
1947, 68710,18122020,26092023 011434, 592, 25817.1, 25.865,283.053,0.629693,359.9,142.097,8.94e-01, 18.0,23.3, - 
1948, 68711,16092014,26092023 094307,   2, 25864.3, 18.904,243.408,0.721940,  0.2,  2.216,4.48e-02, 18.4, 0.1,  4
1949, 68800,25042009,26092023 021414,   1, 25892.8,  6.968,168.482,0.716885,  1.1,  7.339,9.79e-02, 14.0, 0.1,  3
1950, 68801,11052008,25092023 183316,  14, 25869.6,  6.027,147.124,0.627600,  1.1,  5.956,1.27e-01, 15.1, 0.3, 74
1951, 68802,26082016,25092023 202740,   9, 25813.3,  8.595, 82.674,0.721548,359.9,144.599,6.75e-02, 16.6, 0.1, 16
1952, 68803,02102019,25092023 211728, 715, 25792.2, 12.078, 87.829,0.365588,360.0,232.847,4.09e+00, 17.7, -  , - 
1953, 68804,03112018,25092023 183432, 590, 25676.6, 26.287,214.418,0.736892,  0.2, 96.379,1.21e-02, 18.0, 0.9, 86
1954, 68805,26112021,26092023 003425, 310, 25840.0, 68.186,190.212,0.535409,  0.1,317.080,2.95e-01, 17.6, 2.3,229
1955, 68806,12072023,25092023 213036,  73, 25850.1,  4.277,215.297,0.673578,  1.4,200.965,1.10e+00, 15.9, 2.6,547
1956, 68900,08082012,25092023 144827,1178, 25497.5, 26.595, 74.888,0.680106,359.9,255.044,2.22e+00, 18.1, -  , - 
1957, 68902,20012015,26092023 080804,   0, 25846.9, 18.402,106.633,0.609846,  0.1,159.500,1.06e-02, 10.6, 0.1,  1
1958, 68903,02092015,26092023 013437,   0, 25868.8, 17.972,151.177,0.609524,  0.4, 77.386,1.13e-02, 10.3, 0.1,  1
1959, 68904,03092015,26092023 004331,  38, 25887.6, 18.184,161.092,0.607284,  0.4, 58.636,1.09e-01, 18.6, 1.4,304
1960, 68906,17062018,25092023 182424,1686, 25703.7, 27.990,307.610,0.726856,359.8,250.672,1.08e+00, 15.3, -  , - 
1961, 68907,29092018,25092023 213806, 131, 25825.4, 18.901, 92.236,0.728556,  0.0,192.303,1.51e-01, 17.8, -  ,398
1962, 68908,05112018,26092023 024455,1639, 25852.4, 64.004,227.655,0.010851,  0.1, 79.692,1.95e+00, 18.3,63.1, - 
1963, 68909,25072019,25092023 234938, 697, 11039.3, 61.492,219.435,0.402316,  0.1, 68.667,1.53e-01, 18.7, 1.5,391
1964, 68910,24022021,26092023 021614, 325, 25921.4, 82.919, 31.640,0.207538,359.9,142.905,5.20e+01, 16.7, -  , - 
1965, 68911,31102021,26092023 001323, 628, 25857.9, 21.891,125.698,0.535530,  0.2,182.871,1.39e+00, 16.2, 8.8, - 
1966, 68912,17042023,25092023 201512, 130, 25819.4, 14.442, 73.379,0.369288,359.8,208.704,7.03e+00, 17.6,30.4, - 
1967, 68913,28082023,25092023 164922,  20, 25846.1, 65.082,146.919,0.372089,  0.1,282.041,1.69e+01, 17.3, -  , - 
1968, 69000,12032000,26092023 050049,   1, 25920.9,  5.985,307.740,0.708274,359.3,123.836,2.61e-02, 16.2, 0.1,  1
1969, 69001,24032010,25092023 222303,   1, 25951.2,  7.093,187.670,0.716233,  1.1,323.798,1.36e-01, 13.8, 0.1,  6
1970, 69002,17102012,25092023 200555,1319, 25826.6, 62.689,172.179,0.692319,  0.1,277.369,2.01e-01, 16.9,21.0, - 
1971, 69004,30102018,26092023 002559,  24, 25886.3, 69.130,307.491,0.488709,359.9,101.997,1.31e+00, 17.0, 0.3, 55
1972, 69005,01072019,26092023 031937, 109, 25639.6, 12.075, 55.023,0.408365,359.6,249.039,9.38e+00, 15.9,51.6, - 
1973, 69006,08092019,25092023 170819, 259, 25857.0, 15.649, 39.045,0.425061,359.6,286.680,7.14e+00, 17.0, -  , - 
1974, 69007,23092019,26092023 050842,  63, 25802.2, 12.363,101.815,0.415196,  0.1,212.728,1.16e+00, 16.4,20.0, - 
1975, 69008,20102019,25092023 191121, 224, 25490.5, 11.992,106.965,0.352037,  0.2,215.450,4.51e+00, 16.5,89.6, - 
1976, 69009,16052020,25092023 164844,1131, 24558.2,  7.968,176.753,0.720083,  0.9,337.319,1.04e+00, 18.2, -  , - 
1977, 69010,25052023,26092023 001632, 118, 25878.5, 13.409, 50.253,0.419242,359.6,255.535,7.74e+00, 17.6,11.2, - 
1978, 69100,19122009,26092023 003302, 252, 25895.9,  7.651, 76.441,0.720399,359.7,180.020,5.05e-02, 17.6, 2.1,105
1979, 69101,16052017,26092023 052231,1383, 25990.1,  9.074,336.819,0.714108,359.2, 26.489,7.07e-01, 16.5, -  , - 
1980, 69102,01102018,26092023 060046,1045, 24360.8, 23.083,353.160,0.722956,359.7,151.121,1.77e-01, 16.3,15.8, - 
1981, 69103,06062019,26092023 001114,  30, 26080.7, 12.131, 99.487,0.443649,  0.1,211.896,1.73e+00, 16.3,12.1, - 
1982, 69104,26062019,25092023 235540, 157, 25923.1, 13.143, 48.555,0.527473,359.6,309.229,5.47e-01, 17.8,25.3, - 
1983, 69105,25092019,26092023 045521, 719, 25935.2, 12.363, 86.735,0.455217,360.0,233.035,3.01e-01, 17.5, 9.5, - 
1984, 69106,23092019,26092023 021901, 244, 25795.5, 12.261,107.608,0.429319,  0.2,209.859,1.35e+00, 16.9,69.2, - 
1985, 69107,07022021,25092023 182524, 947, 25909.0, 66.897,101.328,0.118363,  0.0,244.913,7.96e+00, 17.2, -  , - 
1986, 69108,25042022,25092023 184112, 512, 25910.0, 65.041,126.594,0.284306,  0.1,123.245,5.48e+01, 15.9, -  , - 
1987, 69200,04052012,25092023 143032,   0, 25890.9,  3.644,313.861,0.723863,358.6,263.170,1.95e-01, 11.6, 0.1,  4
1988, 69202,16122009,26092023 082652,   1, 25926.2, 72.188,191.206,0.555997,  0.1, 44.178,1.76e+00, 14.4, 0.4, 87
1989, 69203,18082011,26092023 025325,2519, 25331.8, 23.349,167.749,0.695883,  0.3,116.918,3.72e+00, 14.8, -  , - 
1990, 69205,23082019,25092023 164931, 160, 25983.2, 11.152,104.257,0.385749,  0.2,199.844,1.89e+00, 17.8,45.9, - 
1991, 69206,29082019,26092023 044859, 158, 25903.0, 15.137, 58.548,0.499269,359.7,266.261,5.03e+00, 15.7,60.5, - 
1992, 69207,10122018,25092023 211534, 266, 25958.6, 62.106,274.952,0.719603,360.0, 19.352,1.30e+00, 17.0, -  , - 
1993, 69208,04092021,26092023 001939,  80, 25921.7, 20.946,160.698,0.512084,  0.3,133.994,7.59e-02, 17.8, 1.3,207
1994, 69209,01012022,26092023 002156, 113, 25964.4, 12.154, 69.765,0.457196,359.8,257.048,2.31e+00, 14.9,34.3, - 
1995, 69300,25102012,26092023 033823,   0, 25944.5, 17.279,142.302,0.725291,  0.3,120.519,2.07e-01, 14.6, 0.1,  4
1996, 69302,27072019,26092023 013239,1393, 25965.5, 12.475, 79.953,0.446588,359.9,237.736,8.90e-01, 17.1, -  , - 
1997, 69303,18032023,25092023 232109, 121, 26191.4, 17.091,359.138,0.453421,359.6, 80.777,5.44e+00, 17.1,46.0, - 
1998, 69304,27082019,26092023 000628,1284, 25962.3, 12.540, 72.074,0.492575,359.8,265.708,6.39e-02, 16.7, 6.0, - 
1999, 69305,22112022,25092023 195701, 255, 25954.1, 13.464, 50.605,0.500486,359.6,288.522,1.44e-02, 18.1, 0.2, 42
2000, 69306,02012023,25092023 234001, 229, 25945.7, 67.080,259.138,0.518882,  0.0,269.697,4.18e-01, 17.5, 4.4, - 
2001, 69307,24042023,26092023 074413, 153, 26204.3, 13.550,358.373,0.482065,359.4, 38.142,7.44e+00, 17.8, 5.2, - 
2002, 69401,20112012,26092023 005645,   1, 26021.6, 18.894,125.635,0.727146,  0.2, 58.908,7.94e-02, 15.8, 0.1,  6
2003, 69402,17102015,26092023 022214,1164, 25973.6, 63.093, 56.178,0.733401,359.9,260.196,1.60e-01, 16.8, -  , - 
2004, 69403,31052019,25092023 163609,   9, 25989.3, 13.343, 59.125,0.487020,359.7,272.175,1.15e-01, 14.8, 0.2, 27
2005, 69404,01062019,25092023 222659, 189, 25970.9, 12.619, 67.833,0.493949,359.8,269.643,7.46e-02, 18.1, 1.0,217
2006, 69405,05072019,25092023 235848, 956, 26049.3, 12.557, 71.569,0.472989,359.8,258.077,2.62e+00, 14.4, -  , - 
2007, 69406,03072019,26092023 003111,1479, 25988.9, 10.483,104.508,0.366485,  0.2,194.141,7.20e+00, 17.5, -  , - 
2008, 69407,30072019,25092023 225230, 415, 26004.8, 11.357, 76.802,0.422049,359.8,246.708,3.16e+00, 16.0, -  , - 
2009, 69408,30072019,26092023 032816,1511, 25953.5, 26.849,313.215,0.403546,359.8,225.397,3.15e+01, 17.9, -  , - 
2010, 69410,17112019,26092023 042504,1074, 25985.0, 11.285,132.084,0.337410,  0.4,147.802,6.45e+00, 17.4, -  , - 
2011, 69411,19112019,25092023 231159, 241, 26054.4, 12.515, 60.301,0.427826,359.7,288.791,4.91e+00, 13.6, -  , - 
2012, 69412,27112019,25092023 212029, 116, 25890.3, 12.712, 79.140,0.453527,359.9,241.786,9.58e-01, 17.0,30.6, - 
2013, 69414,19112020,26092023 020038, 331, 25927.0,  9.810,128.135,0.265295,  0.5,177.578,7.50e+00, 16.8, -  , - 
2014, 69415,04082022,26092023 005300, 391, 26043.1,  8.217,350.358,0.735981,359.1,  9.300,2.72e-02, 16.8, -  ,165
2015, 69416,15042023,25092023 192453,   4, 26003.5, 71.052, 18.043,0.583715,359.9,319.040,1.00e-02, 18.0, 0.1,  2
2016, 69417,23072023,26092023 000021,  46, 25980.0, 18.732,303.982,0.662080,359.8,221.447,3.32e+00, 17.5, 2.6,575
2017, 69418,15082023,25092023 202403,  13, 25939.8, 71.168,319.786,0.695612,359.9,218.164,1.04e+01, 17.1, 4.1,855
2018, 69419,16082023,25092023 230126,   6, 25972.7, 66.934,315.318,0.649565,359.9,180.204,9.61e+00, 17.4, 0.6, 83
2019, 69500,16032007,26092023 070733,   1, 26040.2,  6.577,271.582,0.613951,360.0,133.546,1.06e-01, 14.9, 0.1,  5
2020, 69501,05072011,25092023 223413,  12, 26041.2,  6.137,346.397,0.709091,358.8, 42.760,4.59e-02, 13.8, 0.1, 22
2021, 69503,18082020,25092023 224800, 126, 26070.2, 13.743, 13.013,0.459685,359.5,355.473,7.21e+00, 14.2,45.2, - 
2022, 69504,02082021,26092023 000242, 385, 26018.7,  6.909, 55.669,0.705201,359.4,255.495,8.52e-01, 18.7,12.1, - 
2023, 69505,02112022,26092023 032031, 283, 26002.0, 17.521,110.619,0.728141,  0.1,183.462,2.83e-01, 17.6,23.6,205
2024, 69506,29122022,25092023 211611, 241, 26054.1, 10.985, 91.218,0.413829,  0.0,220.001,5.35e+00, 17.3,10.8, - 
2025, 69600,27082013,25092023 192639,   0, 26032.8, 62.062,310.736,0.722885,359.9,269.961,1.28e-02, 12.2, 0.1,  1
2026, 69601,24072016,25092023 142513,  22, 23918.6, 63.179, 91.363,0.694159,  0.0,283.441,6.16e-02, 16.7, 0.2, 38
2027, 69602,27082016,26092023 092146,   2, 26076.8,  1.635, 90.722,0.700125,360.0, 55.914,6.89e-01, 16.9, 0.1, 11
2028, 69603,22082017,26092023 070230,2215, 26039.8, 26.660,343.582,0.585381,359.7, 42.768,1.13e-01, 17.7,13.5,840
2029, 69604,12082019,25092023 201537, 110, 26110.0, 12.489, 69.110,0.469421,359.8,256.674,1.71e+00, 14.9,39.7, - 
2030, 69605,26082019,25092023 210515,1488, 26060.4, 10.736,114.352,0.373934,  0.3,177.224,5.77e+00, 18.1,39.5, - 
2031, 69606,16112019,25092023 194332,1073, 26025.3, 13.210, 55.575,0.500274,359.7,283.782,1.91e-01, 16.5,21.1, - 
2032, 69607,27032021,25092023 233235, 664, 26055.4, 67.415,193.842,0.644088,  0.1,309.903,7.08e-02, 18.2,12.4, - 
2033, 69608,29112022,26092023 100757, 257, 26021.0, 17.187,136.187,0.727834,  0.3,133.498,6.36e-02, 17.5,13.2,147
2034, 69609,27042023,25092023 205828, 141, 26019.8, 19.329,153.231,0.672623,  0.4,198.775,1.44e+00, 18.5, 7.9, - 
2035, 69700,19122009,25092023 162214,1896, 26129.2, 62.632, 36.906,0.722576,359.9,262.519,5.09e-03, 18.1, -  , - 
2036, 69701,22042013,25092023 211726,   9, 26023.9,  4.099, 31.240,0.727104,358.4,134.131,1.42e-01, 15.2, 0.2, 33
2037, 69703,30032017,25092023 183348,  10, 26028.6, 66.982,134.658,0.582105,  0.1,299.138,5.70e+00, 15.6, 0.4, 75
2038, 69704,22082017,26092023 083902, 189, 26103.2, 26.779,358.747,0.562788,359.7, 15.593,8.71e-01, 18.3, 2.1,481
2039, 69705,05102018,26092023 080904,1626, 26055.2, 73.366, 90.402,0.455662,360.0,149.254,4.35e+01, 16.8, -  , - 
2040, 69706,05112018,25092023 211418,1065, 26055.2, 63.933,230.622,0.005458,  0.1,101.128,1.21e+00, 15.6, -  , - 
2041, 69707,18012019,25092023 220034, 499, 26052.9, 63.280,300.050,0.726573,359.9,270.759,9.09e-02, 16.4,11.5,762
2042, 69708,19062019,25092023 133917,1008, 26163.5, 13.206, 64.991,0.473638,359.7,260.202,3.71e+00, 13.3, -  , - 
2043, 69709,27062019,26092023 014425, 129, 25952.0, 13.352,113.762,0.353641,  0.2,228.270,4.27e+00, 14.8, -  , - 
2044, 69710,25072019,26092023 014542, 747, 26093.8, 11.826, 79.688,0.372517,359.9,235.883,4.61e+00, 14.1, -  , - 
2045, 69711,31072019,26092023 030034, 140, 26071.1, 14.475, 52.322,0.464467,359.7,261.602,6.00e+00, 17.6,68.8, - 
2046, 69712,05122020,25092023 193543, 994, 24751.6, 64.051,115.481,0.720694,  0.1,  7.710,2.56e-01, 17.7, 8.1, - 
2047, 69713,23122022,26092023 075418, 236, 26086.6, 29.229,163.465,0.706201,  0.3,127.945,3.38e+00, 12.0,29.2, - 
2048, 69714,15072023,25092023 225454,  29, 26121.3,  5.414,108.308,0.702877,  0.4, 31.608,6.47e-01, 18.0, 0.3, 39
2049, 69800,22082012,25092023 201541,   0, 26083.9, 63.448, 51.980,0.738336,359.9,267.819,9.72e-03, 13.5, 0.1,  1
2050, 69801,21112012,25092023 224206,   8, 25848.4, 17.610,144.227,0.724537,  0.3,109.443,1.31e-01, 17.1, 0.1, 22
2051, 69802,23022017,26092023 045543, 180, 26121.7,  7.472, 29.684,0.693610,359.1,299.773,6.33e-01, 17.5, 3.5,200
2052, 69803,11092017,26092023 103949,   3, 26076.9,  4.047, 97.484,0.705840,  0.2, 55.560,7.06e-01, 17.3, 0.2, 42
2053, 69804,24032010,25092023 201921,  89, 26158.4, 64.298,336.192,0.707445,359.9, 17.605,6.20e-01, 15.1, 1.4,244
2054, 69805,21082018,25092023 191213,1127, 26101.4, 71.101, 18.165,0.591219,359.9,319.194,5.25e-01, 15.5,52.2, - 
2055, 69806,03072019,26092023 033004,  72, 26273.0, 12.534, 77.672,0.372808,359.9,229.428,2.29e+00, 12.9,40.5, - 
2056, 69807,06042019,26092023 015725,1100, 26131.5, 12.259, 70.906,0.293981,359.8,210.505,6.97e+00, 16.8, -  , - 
2057, 69808,28082019,25092023 204045,  92, 26091.2, 12.096,101.810,0.434598,  0.1,204.891,2.21e-01, 17.9, 1.5,341
2058, 69809,30102021,25092023 185635, 624, 26085.9,  2.707,249.910,0.692833,  1.0,164.761,4.45e-01, 17.8,12.8,801
2059, 69810,22072023,25092023 185856,  21, 26096.1, 63.219,294.321,0.729708,359.9,272.523,8.95e-02, 15.9, 0.1,  2
2060, 69811,06082023,25092023 182354,   1, 26074.6, 62.972,227.747,0.084647,  0.1,339.179,5.76e+00, 14.8, 0.3, 69
2061, 69900,23072009,26092023 034520,   1, 26080.6, 68.164,155.781,0.676849,  0.1,271.267,1.16e+00, 15.2, 0.3, 49
2062, 69901,14022013,26092023 020111, 144, 26211.3,  2.456,334.473,0.683831,357.3, 10.176,7.68e-01, 16.2, 5.6, - 
2063, 69902,16122017,25092023 232822,   1, 25659.3, 62.745,127.342,0.697131,  0.1,282.832,8.20e-03, 14.2, 0.1,  1
2064, 69903,14082018,25092023 183203,1779, 26145.2,  8.269, 20.187,0.705572,359.1,324.092,1.04e+00, 18.6, -  , - 
2065, 69904,06092018,26092023 074126,   8, 26105.3, 21.150,145.980,0.552064,  0.3,169.772,8.20e-03, 17.0, 0.1,  5
2066, 69905,05092018,25092023 211151,1773, 25949.0, 53.832,226.417,0.513206,  0.1,300.534,7.43e+01, 16.9, -  , - 
2067, 69906,29102019,26092023 013735,1380, 26228.3, 17.297, 15.349,0.590685,359.6, 45.074,1.05e+01, 14.0, -  , - 
2068, 69907,21032022,25092023 230036, 431, 26090.1, 68.774,112.400,0.615800,  0.1,134.181,1.80e+00, 16.8,13.2, - 
2069, 69908,26042022,26092023 031741, 503, 26187.7, 19.358, 23.384,0.200512,359.6,174.316,2.51e+01, 18.5, -  , - 
2070, 69909,07062022,25092023 225910, 118, 26318.9, 70.820, 27.772,0.610487,359.9,139.223,6.38e+01, 17.0,33.6, - 
2071, 69910,08102022,25092023 150347, 214, 26041.1,101.060,341.497,0.462492,359.9,216.111,4.75e+01, 17.8,52.2, - 
2072, 70000,13102012,25092023 190940,   1, 26182.6, 18.753,204.343,0.721561,  0.4,339.669,1.42e-01, 15.4, 0.1,  7
2073, 70001,19072013,26092023 093846,   2, 26250.8,  5.889,104.290,0.656837,  0.3, 62.501,3.14e+00, 15.1, 0.3, 78
2074, 70004,14062019,25092023 200107, 188, 26267.4, 10.426,103.547,0.311525,  0.2,194.910,5.26e+00, 14.8,62.9, - 
2075, 70005,20012020,25092023 204624,  55, 26122.8, 61.104, 28.081,0.724386,359.9,294.078,4.85e-01, 16.0, 1.6,160
2076, 70006,05042022,25092023 211212, 485, 26155.1, 13.786, 20.225,0.451796,359.5,336.649,7.57e+00, 14.3, -  , - 
2077, 70007,23082022,26092023 085118, 346, 25703.3, 63.589,126.630,0.739712,  0.1, 45.272,5.25e-01, 17.4,13.4, - 
2078, 70008,19032003,25092023 193650,   3, 26135.3, 70.849,229.629,0.541633,  0.1,250.715,2.01e-01, 16.5, 0.1,  7
2079, 70100,24092009,25092023 234202, 258, 26213.4,  3.139,229.543,0.717770,  1.5, 70.894,2.66e-01, 15.0, 6.3,724
2080, 70103,17102017,25092023 162355, 123, 26235.7,  3.008,148.518,0.686154,  2.2,317.329,7.11e-01, 17.8, 7.4, - 
2081, 70104,15052018,25092023 175338,1203, 26173.2, 71.540,359.943,0.525683,359.9,304.595,1.98e-01, 17.1, 4.4,952
2082, 70105,20102018,25092023 160236,   8, 26170.9, 70.479,149.788,0.585920,  0.1,223.025,3.47e-01, 16.8, 0.2, 40
2083, 70106,10032019,25092023 231846,1560, 26146.2, 18.252,109.787,0.621540,  0.1,152.433,7.06e-01, 17.9,70.5, - 
2084, 70107,27062019,26092023 000229,   4, 26165.3, 12.258, 97.061,0.456913,  0.1,216.398,6.20e-02, 15.1, 0.1, 14
2085, 70108,03072019,25092023 185119,1019, 26202.5, 11.759, 95.093,0.447921,  0.0,224.814,4.08e+00, 16.1, -  , - 
2086, 70109,28082019,26092023 041205,  67, 26201.0, 64.621,347.273,0.709345,359.9,  7.342,1.65e-01, 15.3, 1.6,362
2087, 70112,19102021,26092023 051211, 644, 26158.0, 63.657,230.263,0.023457,  0.1,287.822,2.94e+00, 16.3,85.1, - 
2088, 70113,14112021,25092023 204911,  21, 26172.9, 62.786,136.886,0.698182,  0.1,277.395,2.62e-02, 18.5, 0.1,  2
2089, 70114,31072022,26092023 081904, 416, 26153.8, 68.428,293.995,0.517305,359.9,120.643,1.00e-02, 17.8, 0.2,  5
2090, 70115,01092022,25092023 143648,  13, 26179.1, 62.746,149.044,0.693795,  0.1,277.229,5.27e-02, 17.5, 0.1,  3
2091, 70116,14022023,25092023 180456, 193, 26222.4, 14.154, 45.303,0.429899,359.6,269.779,6.69e+00, 16.8,29.6, - 
2092, 70117,12062008,26092023 021943,  57, 26177.9, 69.821, 57.962,0.582611,359.9,337.946,2.12e-01, 16.9, 1.6,357
2093, 70200,20012012,25092023 202657,   1, 26188.3, 62.952,238.661,0.707818,  0.1,266.989,1.17e-02, 13.3, 0.1,  1
2094, 70201,10082013,25092023 153241,   1, 26183.7, 62.757,140.423,0.697207,  0.1,278.346,3.67e-02, 12.7, 0.1,  1
2095, 70203,15082012,26092023 051057,   0, 26180.0, 62.809,134.631,0.698934,  0.1,277.461,3.10e-02, 13.5, 0.1,  1
2096, 70205,06072016,25092023 230135,1005, 25605.7, 28.588,289.461,0.733179,359.9,226.779,2.49e-01, 16.3,45.2, - 
2097, 70206,08062019,25092023 215438, 151, 26340.4, 11.605,112.416,0.315969,  0.2,203.357,5.76e+00, 15.1,98.7, - 
2098, 70207,25072019,26092023 023053, 155, 26276.9, 12.894, 46.963,0.465115,359.6,300.614,2.83e+00, 18.5,40.1, - 
2099, 70208,24082019,25092023 140426, 113, 26255.7, 12.511, 61.521,0.496975,359.7,280.434,9.72e-01, 16.5,15.6, - 
2100, 70209,21112019,26092023 015233, 789, 26200.8, 11.500, 93.282,0.441998,  0.0,231.500,4.95e+00, 15.8, -  , - 
2101, 70210,16092020,26092023 052822,1098, 26063.2, 12.234,341.984,0.475295,359.4, 92.562,1.77e+01, 17.9, -  , - 
2102, 70211,17062021,25092023 172317,  16, 26180.1, 62.809,134.667,0.698911,  0.1,277.462,3.49e-02, 17.0, 0.1,  3
2103, 70212,21102021,26092023 062731,  99, 26169.5, 12.476, 48.079,0.394367,359.6,268.027,6.31e+00, 14.0,75.2, - 
2104, 70213,18012023,25092023 205703, 244, 25098.6, 23.362, 51.375,0.703022,359.8, 10.863,1.55e+00, 18.5, -  , - 
2105, 70300,22052019,26092023 040919,1472, 26226.6, 13.028,349.108,0.582002,359.4, 47.357,5.12e+00, 14.8, -  , - 
2106, 70301,28052019,25092023 224258, 488, 26223.1, 11.627, 47.106,0.456591,359.5,281.863,8.02e+00, 14.7, -  , - 
2107, 70302,20062019,25092023 132206,  15, 26247.4, 12.509, 60.186,0.498356,359.7,281.280,1.37e+00, 17.0, 3.8,725
2108, 70303,27102019,25092023 231548,  25, 26250.0, 67.983, 56.697,0.623150,359.9,358.336,9.04e-01, 15.3, 1.4,310
2109, 70304,02112019,26092023 023429,1420, 26001.6,  9.929,253.687,0.691559,  0.2,248.677,5.33e+00, 16.3, -  , - 
2110, 70305,06122020,25092023 214620, 993, 26232.8, 61.396, 47.885,0.693492,359.9,314.266,1.15e+00, 14.2,91.0, - 
2111, 70306,01012022,26092023 020147, 546, 26166.3, 12.594, 94.647,0.428704,  0.0,165.483,9.22e+00, 15.5, -  , - 
2112, 70307,14022004,26092023 064922,   1, 26467.6, 62.314,327.062,0.746363,359.9, 40.825,5.75e-02, 18.2, 0.7, 11
2113, 70308,28102022,25092023 213749, 224, 26196.6, 13.702, 84.258,0.437135,359.9,214.322,1.42e-01, 17.0,17.6, - 
2114, 70309,06112022,25092023 181623, 314, 26199.1, 73.119, 20.835,0.612659,359.9,166.719,3.34e+00, 17.1,30.0, - 
2115, 70400,19122012,26092023 002037,   2, 26237.7, 62.746,152.720,0.694527,  0.1,277.008,8.57e-03, 14.3, 0.1,  2
2116, 70401,23122009,26092023 010647, 185, 26235.3, 10.188,180.240,0.721049,  0.7,135.055,1.65e-01, 14.6, 5.8,906
2117, 70404,05022017,25092023 204647,1721, 26219.7, 62.772,147.465,0.694566,  0.1,277.395,7.64e-02, 17.0,14.8,549
2118, 70406,10072018,25092023 224237,1838, 26259.9, 70.716, 50.638,0.669923,359.9, 24.802,1.79e-01, 16.2,32.5, - 
2119, 70407,01112018,26092023 022847,1758, 26216.4, 69.685,248.193,0.494045,  0.1, 58.428,1.25e+01, 17.5, -  , - 
2120, 70408,14072015,26092023 085255,   2, 26185.1, 17.015,131.462,0.730937,  0.3,149.174,1.25e-01, 19.2, 0.1,  6
2121, 70409,26102019,26092023 060740, 324, 26214.9, 12.943, 74.795,0.450751,359.8,230.726,2.46e+00, 13.4, -  , - 
2122, 70410,21062021,26092023 022342, 210, 26239.8, 12.154, 98.490,0.442060,  0.1,207.404,2.92e+00, 17.4, -  , - 
2123, 70413,12112022,25092023 172636, 315, 26130.7, 62.389,306.723,0.733813,359.9,279.425,6.86e-02, 18.0,60.8, - 
2124, 70414,23012023,26092023 012003, 169, 26237.8, 12.067,103.619,0.421586,  0.1,193.807,1.85e-01, 18.1, 0.3, 37
2125, 70415,19022023,26092023 063545, 115, 26236.4, 12.656, 82.171,0.467584,359.9,234.399,2.42e-01, 13.2, 1.0,211
2126, 70416,29032023,26092023 044638, 163, 26410.9, 14.615,  4.704,0.480174,359.5, 11.332,5.62e+00, 17.4, 4.3,967
2127, 70417,16012007,25092023 200825,  23, 26234.3, 72.598,330.113,0.558947,359.9,260.840,4.13e-02, 18.2, 0.3, 77
2128, 70500,24032009,25092023 203435,   3, 26260.8,  2.077,295.909,0.695778,358.6, 81.115,2.35e-01, 13.0, 0.1, 21
2129, 70501,23072012,26092023 102222, 217, 26305.2,  3.077,210.335,0.719645,  2.1,125.535,1.13e-01, 17.5, 2.5,243
2130, 70502,04112013,25092023 195743,  56, 26250.2, 62.831,133.442,0.700098,  0.1,277.259,1.49e-02, 18.3, 0.1,  4
2131, 70503,21012017,26092023 002107,  81, 25962.4,  7.652,303.647,0.733999,359.5,112.499,4.87e-01, 16.8,82.2,661
2132, 70505,05122018,25092023 170345,1698, 25092.3, 25.861, 71.286,0.728876,359.9,283.085,2.89e-01, 16.8,56.0, - 
2133, 70506,06082022,26092023 033553, 314, 26242.9, 60.810,268.018,0.690903,  0.0,162.953,1.06e+00, 17.0, 8.6, - 
2134, 70507,11022023,25092023 193202, 179, 26260.1, 63.098,289.078,0.723635,360.0,267.833,1.95e-01, 16.1, 2.3, 37
2135, 70600,12092012,26092023 033334,  87, 26288.3, 18.228,169.440,0.673843,  0.4,110.578,2.28e-02, 15.8, 1.2, 40
2136, 70601,19052013,25092023 210103,  80, 26283.4, 64.766,205.294,0.574135,  0.1,292.590,3.89e-01, 17.5, 2.0,460
2137, 70602,10082013,25092023 173330,1290, 26432.8, 64.558,250.420,0.618359,  0.1,295.455,1.24e+00, 16.4, -  , - 
2138, 70603,09022017,26092023 003649,2416, 26294.3, 61.576,182.997,0.560939,  0.1,297.962,4.10e+00, 13.4,47.7, - 
2139, 70604,29012018,25092023 225127,   2, 26342.8, 64.742,335.046,0.703829,359.9, 12.089,1.74e-01, 16.6, 0.1,  9
2140, 70605,22082018,25092023 224611,1802, 26310.5, 71.098, 38.109,0.570348,359.9,321.640,1.12e+00, 17.2, -  , - 
2141, 70606,30092018,26092023 073209,1085, 26272.0, 71.041,140.666,0.589021,  0.1, 96.513,1.30e-02, 16.4, 3.1,602
2142, 70607,13022019,25092023 162638, 645, 25756.7, 24.152,179.820,0.732649,  0.3,203.397,7.60e-02, 16.5,12.0, - 
2143, 70609,27032019,25092023 230030,1640, 26303.5, 23.022, 70.247,0.718561,359.9,290.958,1.07e-02, 18.6, 7.9, 79
2144, 70610,28072019,25092023 215042, 251, 26378.1, 12.205, 59.860,0.504576,359.7,280.502,4.10e+00, 16.0, -  , - 
2145, 70611,25082019,26092023 011315,1428, 26267.0, 13.534, 84.784,0.419060,359.9,208.131,5.21e-01, 17.3,59.5, - 
2146, 70612,28092019,25092023 145429,1109, 26373.8, 12.327, 65.220,0.372348,359.7,246.749,4.61e+00, 15.4, -  , - 
2147, 70613,14012023,25092023 180405, 192, 26307.0,  9.688,122.498,0.307131,  0.4,144.180,8.48e+00, 16.6,58.0, - 
2148, 70614,14072023,25092023 231516,  20, 26284.3, 67.352, 84.743,0.594208,360.0,309.851,2.27e-01, 16.8, 0.2, 25
2149, 70700,03032012,25092023 205113,1561, 23409.1, 63.059,107.565,0.685492,  0.0,285.560,7.64e-02, 15.3, 5.1, - 
2150, 70701,23062009,25092023 162538,   1, 26326.6,  3.783,265.404,0.700870,  0.2,221.420,9.48e-02, 14.7, 0.1,  4
2151, 70702,25012013,25092023 194646,   2, 26304.6, 27.067, 61.482,0.737458,359.9,125.451,2.61e-02, 13.8, 0.1,  1
2152, 70703,19032014,25092023 133446,  75, 26304.4, 63.381, 81.384,0.728699,360.0,262.836,1.36e-01, 17.1, 1.8,286
2153, 70705,13122014,26092023 011029,   1, 26567.4, 62.817,185.288,0.672709,  0.1,271.013,1.09e-02, 10.6, 0.1,  1
2154, 70707,30102015,26092023 014216,1900, 26344.1, 67.407, 77.421,0.556928,360.0,104.428,2.27e-01, 15.4, -  , - 
2155, 70708,08102016,25092023 195223,  23, 26315.9, 71.978,175.308,0.596029,  0.1,194.863,1.26e-01, 15.9, 0.2, 33
2156, 70709,21062017,25092023 173555,1907, 26301.7, 65.316,331.454,0.391139,359.9,346.509,1.34e+00, 16.4, -  , - 
2157, 70710,24092017,25092023 184116,   1, 26568.0, 62.867,251.925,0.694566,  0.0,269.630,1.00e-02, 10.6, 0.1,  1
2158, 70711,09072018,25092023 232655,1836, 26346.9,  2.220,  6.379,0.683658,356.6,319.397,9.59e-01, 18.2, -  , - 
2159, 70712,24112018,26092023 000507,   2, 26309.9, 20.821,162.890,0.545334,  0.4,140.699,2.38e-01, 16.1, 0.1, 16
2160, 70713,23082019,26092023 003454,1408, 26427.2, 12.609,108.613,0.440152,  0.2,215.430,6.78e+00, 16.1, -  , - 
2161, 70716,13012021,25092023 201608,   3, 26309.9, 63.241, 29.506,0.732369,359.9, 45.351,1.00e-02, 17.5, 0.2,  3
2162, 70717,27052021,25092023 184145, 726, 24322.6, 62.723,358.142,0.727013,359.9, 47.105,1.69e-01, 17.0, 1.6,129
2163, 70718,11122021,25092023 222250, 206, 26334.9, 11.469,103.394,0.317136,  0.1,179.540,2.75e+00, 16.4,39.3, - 
2164, 70719,25072023,26092023 083850,  40, 26153.8, 56.344,146.237,0.491834,  0.1, 75.990,2.97e+01, 18.0, 5.7, - 
2165, 70800,11092012,26092023 025234, 135, 26321.6, 61.749,256.133,0.680873,  0.0,250.951,1.33e-01, 14.8, 1.7,381
2166, 70801,02042016,26092023 071525,2304, 26346.0, 64.424,225.720,0.603894,  0.1,297.820,4.27e-01, 14.8,22.5, - 
2167, 70802,09082016,25092023 235956,  28, 26344.6, 62.857,212.080,0.686474,  0.1,272.849,6.77e-02, 15.0, 0.5,115
2168, 70803,03042017,26092023 024915,  85, 26395.6, 63.178,107.415,0.725657,  0.0, 46.077,8.64e-01, 16.9, 2.7,110
2169, 70804,10022018,25092023 181853,   5, 22202.6, 63.068, 89.874,0.676484,360.0,290.051,1.07e-02, 16.0, 0.1,  2
2170, 70805,15062019,25092023 223831,1083, 26310.6, 13.085, 54.523,0.556412,359.7,299.592,5.79e+00, 14.9, -  , - 
2171, 70806,05062019,25092023 205613,1548, 26392.7, 11.457, 73.473,0.429240,359.8,243.646,6.00e+00, 16.0, -  , - 
2172, 70807,21072019,26092023 061712, 109, 26339.5, 11.531, 81.169,0.475222,359.9,245.186,2.38e+00, 16.6,20.9, - 
2173, 70808,10082019,25092023 215544, 667, 26465.9, 10.012,111.464,0.423409,  0.3,206.358,4.64e+00, 15.9, -  , - 
2174, 70809,26082019,26092023 004734,   1, 26351.4, 71.599,147.884,0.518948,  0.1,359.009,7.31e-02, 16.2, 0.1,  9
2175, 70810,16012020,25092023 172939, 771, 26153.3, 11.787, 88.061,0.409413,360.0,193.846,8.42e+00, 15.7, -  , - 
2176, 70811,13092020,26092023 041430,   1, 26366.4, 69.220,131.991,0.594711,  0.1,  9.711,3.20e-01, 15.2, 0.1, 17
2177, 70812,09092017,26092023 043545, 929, 26338.7, 70.894,104.680,0.523094,  0.0,351.431,1.69e-01, 15.5,48.7, - 
2178, 70813,27062021,26092023 023254, 816, 26294.4,  5.537, 98.058,0.680127,  0.2, 87.664,7.73e+00, 17.7, -  , - 
2179, 70814,29122021,25092023 163054, 232, 26458.4, 11.655, 75.617,0.426252,359.8,232.699,7.27e+00, 17.2,58.9, - 
2180, 70815,07102022,26092023 024538,   9, 26336.6, 68.933,205.018,0.495520,  0.1, 48.051,2.31e-01, 17.8, 0.1,  8
2181, 70816,19102022,26092023 084822,   2, 26332.2, 68.630,229.298,0.438170,  0.1, 58.867,5.57e-01, 16.3, 0.2, 41
2182, 70817,28102022,26092023 033317, 217, 26331.7, 12.189,108.285,0.389201,  0.2,191.875,2.91e+00, 17.2,13.5, - 
2183, 70818,21122022,25092023 232916, 116, 26337.2, 12.530, 81.482,0.486617,359.9,241.438,3.89e-02, 15.9, 0.5, 94
2184, 70820,03032023,25092023 215734, 169, 26338.6, 69.839,  5.298,0.509660,359.9,324.827,4.09e-01, 17.1, 0.6, 74
2185, 70900,07062008,25092023 234703, 321, 26400.9, 64.584, 42.976,0.707429,359.9, 31.632,1.02e-02, 16.5, 1.8,  4
2186, 70902,16052019,25092023 140716,1451, 26342.9, 11.602, 62.957,0.506757,359.7,286.818,7.06e+00, 14.8, -  , - 
2187, 70903,29072019,25092023 210744,  84, 26409.1, 12.910, 51.955,0.520470,359.6,286.759,1.88e+00, 15.7, 7.6, - 
2188, 70904,02082019,26092023 003248, 147, 26413.1, 13.662, 39.641,0.478173,359.6,302.655,3.69e+00, 17.7,26.5, - 
2189, 70905,02112019,25092023 202850,1421, 26349.7, 59.839,201.703,0.664116,  0.1,270.885,2.65e-01, 18.1, -  , - 
2190, 70906,09122019,26092023 030129,  52, 26371.0, 12.632, 78.057,0.489485,359.9,244.796,1.74e-01, 14.1, 2.0,443
2191, 70908,05082020,25092023 225243,   2, 26364.0, 64.336, 32.148,0.713380,359.9, 34.453,9.17e-02, 17.3, 0.1,  4
2192, 70909,02062021,26092023 033855, 649, 26414.4, 62.455, 68.264,0.744570,359.9, 51.399,1.04e-01, 14.0, -  ,116
2193, 70910,08032022,26092023 045257, 446, 26367.7, 69.550,115.899,0.619608,  0.1,231.178,6.59e-01, 16.1,21.8, - 
2194, 70911,21102022,25092023 174852, 229, 26374.6, 77.165,348.632,0.573315,359.9,166.801,1.51e+01, 17.4,15.7, - 
2195, 70912,30102022,25092023 222155, 213, 26353.5, 12.308, 98.746,0.472346,  0.1,217.212,8.71e-02, 17.7, 2.7,606
2196, 71000,28032011,26092023 042216,   1, 26338.9, 27.280, 29.871,0.739678,359.7,180.047,2.32e-02, 12.3, 0.1,  1
2197, 71001,18112012,25092023 141101, 958, 26379.0, 62.775,237.378,0.703956,  0.1,269.283,1.71e-01, 15.8,14.0, - 
2198, 71002,14092012,25092023 174558,  10, 26380.5, 17.547,184.101,0.671901,  0.4, 92.807,7.79e-02, 16.2, 0.1, 16
2199, 71003,26062013,25092023 124942,  25, 26387.5, 63.364,103.330,0.718828,  0.0,262.550,1.01e-01, 16.6, 0.1, 21
2200, 71004,01122014,26092023 061434,  10, 26390.8, 70.812,146.838,0.528564,  0.1, 30.331,1.67e-01, 16.4, 0.1, 28
2201, 71006,07042021,25092023 231003, 834, 26374.6, 66.167,168.244,0.453930,  0.1,205.163,4.71e+00, 16.8,19.1, - 
2202, 71007,08112021,25092023 155448, 292, 26437.9, 64.151, 96.167,0.711044,  0.0, 41.191,3.71e-01, 16.2, 4.2,312
2203, 71008,07102022,26092023 003510, 126, 26412.6, 72.973, 11.220,0.560195,359.9,287.712,7.94e-01, 16.4, 8.5, - 
2204, 71009,15102022,26092023 074558, 342, 26410.9, 66.355,117.712,0.663407,  0.1, 22.674,4.34e-01, 16.8, 1.3,155
2205, 71010,16122022,25092023 210242, 280, 26384.6, 52.883,239.752,0.032565,  0.1,334.721,3.18e+00, 18.4,10.0, - 
2206, 71011,01012007,25092023 205925, 199, 26435.1, 67.242, 72.867,0.655692,360.0,  6.864,1.00e-02, 16.8, 1.1,240
2207, 71012,27012023,25092023 182827, 224, 26375.8, 25.257, 34.256,0.504085,359.7,127.020,4.25e+01, 18.5,55.3, - 
2208, 71013,21032007,26092023 062451, 108, 26426.5, 63.146, 54.993,0.730434,359.9, 46.171,1.02e-02, 17.9, 6.9,  1
2209, 71014,22072023,26092023 054323,  29, 26416.1, 65.496,138.441,0.657371,  0.1,344.184,4.79e-01, 17.1, 0.4, 58
2210, 71100,07052012,26092023 045905, 769, 26373.9, 63.194,323.116,0.736593,359.9,265.962,1.58e-01, 14.3, -  , - 
2211, 71101,15082013,25092023 225654,3686, 26426.2, 63.307,127.064,0.592824,  0.1,308.355,2.22e-01, 14.9,39.0, - 
2212, 71102,05042015,25092023 154924,   1, 26479.7, 63.622,195.134,0.732506,  0.1, 12.388,1.18e-01, 16.7, 0.1,  8
2213, 71103,19032010,25092023 194350,   2, 26392.5,  4.221,346.223,0.718535,358.3,216.550,4.37e-02, 16.7, 0.1,  3
2214, 71104,19012017,26092023 015131,1241, 26434.7, 73.751,359.999,0.604402,359.9, 63.500,2.00e-01, 16.5,21.3, - 
2215, 71106,16032019,26092023 090323,1594, 26365.6, 42.493,107.078,0.623292,  0.1,103.330,6.32e+01, 17.2, -  , - 
2216, 71108,23072019,25092023 203726,1096, 26478.2, 14.264, 36.894,0.558504,359.6,315.309,3.48e+00, 15.7, -  , - 
2217, 71110,22082019,25092023 224554,1402, 26729.1, 15.464, 23.325,0.346980,359.5,335.732,1.35e+01, 15.6, -  , - 
2218, 71111,26082019,26092023 021828, 444, 26387.8, 14.630, 50.132,0.493356,359.7,296.316,4.78e+00, 14.9, -  , - 
2219, 71112,29082019,26092023 044404, 182, 26395.2, 11.046,108.508,0.407298,  0.2,209.049,4.71e+00, 17.7,56.7, - 
2220, 71113,28102019,26092023 003536, 211, 26363.6, 10.570,130.329,0.362877,  0.5,154.751,5.78e+00, 14.2,21.2, - 
2221, 71114,28112019,25092023 191156, 106, 26434.1, 11.913, 71.417,0.492386,359.8,258.460,5.77e+00, 13.9,45.1, - 
2222, 71115,16012020,26092023 032858,  70, 26403.1, 10.368, 23.612,0.701609,359.3,153.727,2.15e-01, 17.6, 1.0,207
2223, 71116,10072020,25092023 190208,1069, 26397.4, 12.884, 64.897,0.542891,359.7,283.726,6.16e+00, 15.0, -  , - 
2224, 71117,15122020,26092023 013439,   7, 26448.7, 67.722,156.250,0.628590,  0.1, 20.986,3.98e-01, 16.9, 0.3, 78
2225, 71119,12082020,25092023 221154, 647, 12409.5, 61.739,294.638,0.471786,359.9, 63.804,1.73e-01, 16.5, 3.2,991
2226, 71120,07092021,26092023 070751, 243, 26442.5, 67.637,128.400,0.637972,  0.1, 13.477,1.00e-02, 16.7, 0.4,  6
2227, 71121,17092022,25092023 193152, 371, 26417.5, 71.100,134.468,0.528245,  0.1, 14.650,1.71e+00, 17.5, -  , - 
2228, 71122,18102022,25092023 215751, 287, 26468.1, 63.572,203.159,0.729752,  0.1, 13.280,2.35e-01, 17.0,10.1,345
2229, 71124,19072023,25092023 213729,  66, 26453.1, 59.837,115.273,0.638999,  0.1,  4.004,3.20e+00, 17.5,63.8, - 
2230, 71125,19082023,26092023 054740,  31, 26416.4, 71.734,156.983,0.519504,  0.1,  7.614,1.30e-01, 17.2, 1.2,261
2231, 71200,19102015,25092023 150513,   6, 26422.2, 63.174,326.477,0.724286,359.9,266.477,2.50e-01, 15.4, 0.1, 23
2232, 71201,20092015,26092023 035859,   0, 26398.1,  0.973, 89.754,0.692715,359.8, 92.816,6.58e-01, 17.8, 0.1,  4
2233, 71203,19102017,26092023 043716,   5, 26442.4,  7.107, 24.898,0.735072,359.0,161.985,5.12e-02, 17.3, 0.1,  1
2234, 71206,02082019,25092023 235405,1454, 26464.5, 10.125, 91.324,0.376698,  0.0,196.105,8.78e+00, 17.4,96.7, - 
2235, 71207,14082019,26092023 044536,1076, 26533.3, 11.866, 95.585,0.474927,  0.1,224.097,6.54e+00, 16.5, -  , - 
2236, 71208,16102019,25092023 185443,1038, 26518.1, 12.402, 96.132,0.491099,  0.1,238.815,6.73e+00, 15.9, -  , - 
2237, 71214,25062022,26092023 022712,  25, 26434.5, 63.250,203.695,0.678248,  0.1,268.397,8.19e-02, 17.5, 0.3, 73
2238, 71215,21102022,25092023 213418, 205, 26455.8, 66.935,142.602,0.651066,  0.1, 21.313,1.00e-02, 17.1, 1.8,410
2239, 71216,28112022,26092023 033210, 255, 26461.1, 67.185,195.458,0.591744,  0.1, 32.606,1.12e+00, 16.5, 3.2,739
2240, 71217,26012023,25092023 215231, 194, 26392.3, 75.670,308.508,0.565861,359.9,286.610,4.01e+01, 17.5,35.2, - 
2241, 71218,19092023,25092023 223910,   0, 26412.1, 20.456,  2.691,0.688352,359.6,195.431,4.23e+00, 16.3, 1.2,278
2242, 71300,20032015,26092023 053923, 910, 26554.9, 64.296, 18.409,0.693091,359.9, 26.083,1.41e+00, 15.0, -  , - 
2243, 71302,15012018,25092023 182117,   2, 26456.4, 69.241,356.076,0.549218,359.9,146.495,1.63e+00, 15.1, 0.1,  7
2244, 71304,14052019,25092023 171847,  24, 26449.5, 12.151,102.160,0.437766,  0.1,195.265,7.54e-02, 17.3, 0.2, 37
2245, 71305,03072019,25092023 201731,   2, 26442.5, 12.161,101.391,0.439170,  0.1,197.242,1.44e-01, 17.2, 0.1,  5
2246, 71306,20102019,26092023 033337,   0, 26419.2, 57.726,204.308,0.678795,  0.1,291.546,2.52e+00, 13.8, 0.1, 12
2247, 71307,04032020,26092023 080235,1285, 26452.7, 12.129,143.996,0.714178,  0.5,159.083,4.40e-01, 19.1, -  , - 
2248, 71308,19072020,26092023 073641, 188, 26441.2, 11.953,108.302,0.428180,  0.2,185.876,7.67e-02, 17.7, 0.5,104
2249, 71309,17112020,26092023 043409, 293, 26495.0, 66.844,140.760,0.653114,  0.1, 22.553,6.66e-01, 15.3,34.0, - 
2250, 71312,16082021,26092023 022155, 768, 26537.8, 18.349, 28.693,0.486376,359.6,294.558,8.74e+00, 16.1,30.3, - 
2251, 71314,01112021,26092023 001255, 326, 26453.2, 69.461,335.046,0.460387,359.9,109.719,1.16e+00, 17.3, 6.2, - 
2252, 71315,09042022,25092023 193757, 144, 26446.4, 71.310,142.220,0.599323,  0.1,193.337,9.11e-01, 17.0, 1.0,218
2253, 71316,30082022,25092023 201510, 145, 26469.6, 67.910,145.757,0.631144,  0.1, 17.100,2.42e-01, 17.9, 3.3,768
2254, 71317,16092023,26092023 062127,   4, 26442.6,  7.001, 20.767,0.735779,359.0,170.529,2.50e-02, 16.7, 0.1,  5
2255, 71401,29062006,25092023 144609,2630, 26681.9, 62.735,271.165,0.696840,360.0,261.583,2.02e-01, 15.2, -  , - 
2256, 71402,06012013,25092023 230837,   3, 26419.6, 27.301,343.310,0.743540,359.7,243.612,4.30e-03, 17.1, 0.2,  3
2257, 71403,22122016,25092023 201425,  25, 26489.5, 63.302, 76.541,0.722406,360.0,269.541,1.53e-01, 16.7, 0.3, 62
2258, 71404,08072017,25092023 140914,  28, 26480.0, 63.782,276.752,0.693229,360.0,265.072,5.37e-03, 18.3, 0.1,  4
2259, 71405,08122017,25092023 152710,2115, 26500.4, 48.311,174.734,0.457128,  0.2,228.529,1.51e+01, 17.6, -  , - 
2260, 71406,21122017,26092023 023740,   7, 26479.6, 71.969,170.841,0.524006,  0.1,  5.191,1.94e-01, 17.0, 0.1, 27
2261, 71407,26032018,26092023 002035,1929, 26480.4, 69.303, 56.150,0.658343,359.9, 86.386,6.46e-01, 17.3,60.4, - 
2262, 71408,31032018,26092023 014846,1714, 26437.3, 59.394,216.254,0.726713,  0.1,250.748,6.01e-01, 16.1, -  , - 
2263, 71409,03092018,26092023 082011,   4, 26464.4, 20.457,180.532,0.525794,  0.4,107.825,1.67e-01, 16.7, 0.1, 17
2264, 71410,09112018,26092023 020715,  60, 26497.2, 11.043, 66.684,0.605254,359.7, 59.421,5.46e-01, 17.4, 0.8,185
2265, 71411,20062019,25092023 191411, 125, 26617.6, 12.420, 90.107,0.454803,360.0,211.443,3.25e+00, 17.7,34.6, - 
2266, 71412,03072019,25092023 183736,1397, 26503.4, 11.262,104.465,0.431049,  0.2,201.489,3.20e+00, 16.2, -  , - 
2267, 71413,20072019,25092023 162659, 163, 26567.2, 13.362, 82.881,0.551695,359.9,260.288,5.69e+00, 14.8,99.6, - 
2268, 71414,30072019,25092023 205918,1479, 26504.0,  8.702,122.286,0.341742,  0.5,122.630,5.08e+00, 17.8, -  , - 
2269, 71416,09112019,26092023 082527, 649, 26531.9, 25.291,298.036,0.727593,359.9,342.996,2.14e-01, 17.1,21.8, - 
2270, 71419,14092022,25092023 225234, 246, 26479.4, 71.525,131.698,0.503348,  0.1,343.074,1.44e-01, 17.7, 1.2,256
2271, 71420,25012023,26092023 004636, 162, 26485.4, 56.047,147.135,0.634887,  0.1,163.486,4.42e+00, 17.0,37.6, - 
2272, 71500,28102010,25092023 181034,   1, 26642.1, 27.754,351.111,0.730249,359.7,332.576,1.83e-02, 12.7, 0.1,  1
2273, 71502,06062010,25092023 234507, 109, 26535.7, 66.855,326.254,0.615550,359.9,356.837,1.06e+00, 14.8,12.0, - 
2274, 71503,02072013,25092023 161143,   6, 26629.6, 71.851,183.551,0.515012,  0.1,  7.409,1.25e+00, 17.7, 0.9,206
2275, 71504,27072016,26092023 105908,   6, 26415.4, 23.634,242.639,0.730013,  0.2,107.133,2.68e-01, 14.0, 0.2, 48
2276, 71506,30072019,26092023 060850, 572, 26561.1, 11.056,112.521,0.417991,  0.3,185.600,2.38e+00, 15.5, -  , - 
2277, 71507,04082019,25092023 202604, 136, 26495.8, 12.107,103.156,0.442091,  0.1,195.428,4.16e-02, 17.8, 0.3, 53
2278, 71508,06082019,26092023 023730,1485, 25988.5, 30.724, 37.592,0.710926,359.8, 18.294,1.52e+00, 15.8,10.0, - 
2279, 71513,28082022,25092023 190127, 323, 26518.9, 72.171,154.679,0.533042,  0.1,356.940,4.97e-01, 17.5, 0.7,167
2280, 71514,01122022,26092023 041043, 250, 26549.2, 63.015,225.791,0.666438,  0.1, 43.640,3.07e-01, 18.1, 2.4,496
2281, 71515,10042023,26092023 050518,  33, 26481.4, 69.547,163.916,0.587179,  0.1,114.055,1.40e+00, 17.9, 1.3,242
2282, 71516,16092023,25092023 180613,   6, 26501.5, 72.037,183.235,0.496851,  0.1, 24.973,6.75e-01, 15.9, 0.5,113
2283, 71517,19092023,26092023 005632,   4, 26524.6, 72.315,185.755,0.512622,  0.1,  2.531,4.92e-01, 17.3, 0.6,144
2284, 71601,06122012,26092023 001132,   0, 26586.6, 26.889,294.786,0.732198,359.9, 70.393,7.99e-03, 10.3, 0.1,  1
2285, 71602,05112015,25092023 224756,   0, 26576.4,  3.541,278.167,0.723473,359.7,358.448,1.92e-01, 14.8, 0.1,  2
2286, 71603,09022017,26092023 005538, 147, 26566.4, 63.935, 19.641,0.649506,359.9,308.569,3.01e-01, 14.5, 3.5,779
2287, 71604,20042017,26092023 083733,1565, 26578.0, 62.492,187.376,0.703540,  0.1, 40.429,5.91e-02, 16.5,25.5, - 
2288, 71605,17122017,25092023 210846,2080, 26487.7, 84.619,281.102,0.472831,360.0,241.446,5.21e+01, 16.7, -  , - 
2289, 71606,24082019,26092023 022238,1046, 26600.3, 14.686, 87.350,0.387799,360.0,190.090,4.24e+00, 16.6, -  , - 
2290, 71607,26082019,26092023 000758,1142, 26510.6, 11.754, 90.266,0.402010,360.0,164.403,5.80e+00, 17.8, -  , - 
2291, 71608,26032021,25092023 194738, 557, 26621.2, 13.692, 53.660,0.473663,359.7,279.599,5.97e+00, 12.3, -  , - 
2292, 71609,28042021,26092023 043510,   2, 26545.4, 62.750,145.947,0.732490,  0.1, 45.322,1.05e-02, 16.9, 0.1,  2
2293, 71610,30102021,26092023 013328, 653, 26561.1, 19.518,200.855,0.481507,  0.4, 58.519,6.40e+00, 18.2, -  , - 
2294, 71611,04122021,26092023 091133, 171, 26559.7, 11.026,131.563,0.335972,  0.5,139.630,2.53e+00, 16.4,45.3, - 
2295, 71612,30062022,26092023 024332,  73, 26541.3, 72.069, 67.620,0.497162,359.9,331.026,7.76e-02, 17.3, 0.3, 41
2296, 71613,06112022,25092023 233112,   6, 26569.7, 71.487,135.590,0.511358,  0.1,346.919,1.59e-01, 16.8, 0.1, 10
2297, 71614,18042023,26092023 052044, 155, 26692.0, 12.928,  3.073,0.550632,359.4, 29.182,4.16e+00, 18.5, 2.9,676
2298, 71615,14092023,26092023 041505,   8, 26553.5, 65.651,147.599,0.670006,  0.1, 31.514,8.56e-02, 17.8, 0.2, 49
2299, 71700,28082013,26092023 012353,   1, 26573.0, 63.611,  5.115,0.720529,359.9,273.399,1.28e-02, 10.5, 0.1,  1
2300, 71701,02112013,25092023 225533,   1, 26563.5, 64.274,355.673,0.747379,359.9,262.792,1.56e-02, 10.6, 0.1,  1
2301, 71702,15052013,26092023 023834,   0, 26567.4, 63.032,215.019,0.679124,  0.1,274.523,1.72e-02, 10.4, 0.1,  1
2302, 71703,19062013,25092023 174210,   0, 26565.4, 62.549,243.557,0.672291,  0.1,263.284,1.99e-02, 10.4, 0.1,  1
2303, 71704,30122013,25092023 153632,   0, 26570.5, 63.534,243.722,0.715909,  0.1,271.966,1.19e-02, 11.0, 0.1,  1
2304, 71705,20082013,25092023 193015,   1, 26567.9, 63.693, 86.950,0.702923,360.0,268.356,1.27e-02, 10.6, 0.1,  1
2305, 71706,11082013,25092023 144937,   0, 26567.5, 64.479, 34.685,0.642045,359.9,274.993,2.08e-02, 10.3, 0.1,  1
2306, 71707,14082013,26092023 025404,   1, 26555.6, 62.742,177.690,0.645962,  0.1,284.188,1.13e-02, 12.1, 0.1,  1
2307, 71708,18082012,25092023 224746,   1, 26533.0, 62.873, 52.094,0.740125,359.9,269.779,9.28e-03, 11.9, 0.1,  1
2308, 71709,06102012,25092023 233638, 126, 25066.3, 25.948, 26.124,0.725613,359.7,  6.929,1.07e-01, 17.5, -  ,318
2309, 71710,30082014,25092023 233029,1319, 18577.2, 62.912, 58.226,0.631460,359.9,298.912,1.77e-02, 17.2, 1.9,352
2310, 71711,26042016,25092023 230738,2700, 24566.9, 30.948,241.024,0.705429,  0.1,168.363,8.19e-01, 16.3,85.9, - 
2311, 71712,09022017,25092023 203748, 353, 26567.8, 70.481,264.973,0.563788,  0.0,260.381,3.50e-01, 17.0, 1.7,376
2312, 71713,20082017,25092023 184955,2085, 26553.7, 26.590,  8.799,0.581122,359.7,  3.408,2.05e-01, 17.6, -  , - 
2313, 71714,20082017,26092023 025832,  23, 26553.7, 71.348, 96.007,0.533183,  0.0,349.876,8.47e-02, 17.4, 0.1, 16
2314, 71715,24022018,25092023 165303,   5, 26547.7, 67.070,212.183,0.564728,  0.1, 36.146,1.70e-01, 17.1, 0.1, 14
2315, 71716,03102018,25092023 214343,1616, 26532.0, 70.074,278.964,0.553900,360.0,195.014,8.28e-01, 16.8,84.9, - 
2316, 71717,07042019,26092023 025431,   0, 26499.4, 12.452, 85.345,0.440390,359.9,220.824,1.79e+00, 15.8, 0.1, 12
2317, 71718,18062019,25092023 222143,1400, 26561.1, 12.027,109.179,0.453357,  0.2,195.461,1.07e+00, 15.8, -  , - 
2318, 71719,06072019,26092023 012912,   0, 26543.5, 12.697, 88.333,0.461019,360.0,216.375,1.02e-01, 12.3, 0.1,  5
2319, 71720,19072019,26092023 032218,   1, 26605.1, 12.881, 90.308,0.452630,360.0,206.955,6.52e-01, 15.9, 0.1,  6
2320, 71721,07082019,25092023 204416,1436, 26601.6, 20.517,159.703,0.536270,  0.4,126.299,1.39e+00, 17.8, -  , - 
2321, 71722,25082019,25092023 233632,1452, 26543.3, 12.295, 95.663,0.483944,  0.1,221.164,1.59e-01, 17.6,19.2, - 
2322, 71723,26082019,26092023 045640,   2, 26799.7, 10.916,129.369,0.332156,  0.4,146.105,3.50e+00, 13.5, 1.3,296
2323, 71724,10072009,25092023 234256,1345, 26129.1, 26.607,324.412,0.739929,359.8, 18.658,6.38e-02, 16.0,11.5, - 
2324, 71725,10032007,26092023 074805,1123, 26564.5, 24.945,342.632,0.734831,359.7, 75.713,1.16e-01, 18.1, -  ,504
2325, 71726,03112020,25092023 192859, 964, 26556.4, 12.250,110.052,0.445153,  0.2,195.739,1.57e+00, 15.4, -  , - 
2326, 71727,12112020,25092023 234928,   1, 26609.3, 62.459,126.120,0.737842,  0.1, 47.272,1.41e-02, 16.2, 0.1,  1
2327, 71728,12122020,25092023 234132,  40, 26564.3, 66.791,162.973,0.659493,  0.1, 29.654,5.60e-01, 17.2, 1.4,330
2328, 71729,19022021,25092023 184036,  18, 26569.8, 64.936,287.116,0.592724,360.0, 50.904,8.27e-02, 16.3, 0.1,  7
2329, 71731,14102021,25092023 205645, 646, 26573.7, 20.296,176.802,0.530354,  0.4,111.113,2.40e-01, 16.0, 7.4, - 
2330, 71732,29082022,26092023 070838,  27, 26601.9, 68.143,150.602,0.629925,  0.1, 15.982,1.97e-01, 17.3, 0.1, 20
2331, 71733,30082022,25092023 233007, 338, 26566.3, 84.695,282.918,0.535389,360.0,194.618,3.88e+01, 17.0,64.2, - 
2332, 71734,26092022,26092023 010237, 360, 26564.0, 11.459,109.947,0.468946,  0.2,192.914,2.03e+00, 17.8, -  , - 
2333, 71735,30092022,26092023 045436,   1, 26592.0, 68.637,188.817,0.551640,  0.1, 29.523,1.98e-01, 17.6, 0.1,  1
2334, 71736,08022007,25092023 212141,  51, 26571.8, 70.245,109.734,0.580643,  0.0,357.983,4.80e-03, 17.0, 0.1,  1
2335, 71800,10082013,25092023 174945,   0, 26572.7, 62.017,163.632,0.701888,  0.1,271.723,1.18e-02, 11.9, 0.1,  1
2336, 71801,22102016,25092023 181455, 372, 26544.1,  2.008, 20.319,0.696277,356.4,227.147,7.18e-01, 17.7,18.7, - 
2337, 71802,19032017,25092023 195419, 932, 26580.8, 27.262, 26.313,0.742000,359.7,193.901,3.00e-03, 17.1, -  , 49
2338, 71803,20082017,25092023 181202,2220, 26597.6, 26.543, 12.110,0.577440,359.7,358.247,4.38e-01, 18.2,71.0, - 
2339, 71804,16092017,25092023 214142, 228, 26630.0, 64.802,270.672,0.725849,  0.0,341.493,1.50e-01, 16.5, 3.6,161
2340, 71805,24102017,25092023 201710,1078, 26582.0, 69.506, 92.957,0.577569,  0.0,346.669,6.89e-02, 16.7, 2.2,486
2341, 71806,26112017,25092023 173723,   1, 26605.1, 71.874,158.569,0.520443,  0.1,357.128,2.37e-01, 15.2, 0.1,  2
2342, 71807,23122017,26092023 062746, 210, 27604.9, 48.228,329.574,0.282055,359.8,263.758,4.70e+01, 18.0,49.1, - 
2343, 71808,19022018,25092023 181046,   1, 24523.0, 23.349, 31.273,0.724997,359.7, 83.988,7.00e-02, 14.4, 0.3,  3
2344, 71809,01102018,25092023 191537,   0, 26579.1, 71.689,114.253,0.584917,  0.1,164.267,1.61e-01, 16.9, 0.1,  4
2345, 71810,05062019,25092023 225945,1427, 26576.7, 10.846, 89.892,0.446044,360.0,215.722,4.31e+00, 16.1, -  , - 
2346, 71811,21072019,26092023 042036,   0, 26568.6, 12.680, 89.841,0.459223,360.0,213.427,6.94e-02, 14.5, 0.1,  3
2347, 71812,27082019,26092023 033055, 240, 26557.9, 13.874, 67.674,0.353107,359.8,211.559,7.15e+00, 17.5, -  , - 
2348, 71814,14012020,25092023 195444, 122, 26500.9, 12.696, 98.274,0.402643,  0.1,200.472,2.81e+00, 16.2,42.3, - 
2349, 71817,09102020,25092023 213904, 384, 26565.1, 11.689,122.002,0.427378,  0.3,170.760,1.58e+00, 17.1,14.9, - 
2350, 71818,26022015,25092023 214007,   4, 26611.9, 64.890,291.294,0.653217,359.9,  7.014,1.03e-02, 16.9, 0.1,  1
2351, 71819,08062023,26092023 005424,  90, 26634.6, 64.218, 67.917,0.699209,359.9, 10.983,4.12e-01, 17.2, 0.5, 40
2352, 71820,19082023,26092023 035123,  34, 26599.9, 71.585,144.102,0.516314,  0.1,348.262,2.49e-03, 17.8, 0.1,  1
2353, 71901,26082013,25092023 133130,   0, 26599.6, 63.869,299.651,0.688571,359.9,274.657,1.26e-02, 12.2, 0.1,  1
2354, 71903,20082009,26092023 012836,   2, 26603.2, 71.709,152.992,0.519581,  0.1,352.101,1.27e-02, 15.1, 0.1,  1
2355, 71904,03032014,25092023 152817, 115, 26620.0, 63.341,120.581,0.688338,  0.1,262.775,1.57e-01, 15.2, 1.6,352
2356, 71905,04032018,26092023 004647,   6, 26616.3, 71.598,128.271,0.498742,  0.1,332.708,2.07e-01, 16.8, 0.2, 45
2357, 71906,28012019,26092023 002056,1577, 26593.5, 72.576,349.573,0.561735,359.9,262.936,5.30e-01, 15.1,16.7, - 
2358, 71907,10082019,26092023 034046, 208, 26585.4,  9.346,106.509,0.372628,  0.2,169.853,2.53e+00, 16.6, -  , - 
2359, 71908,25092019,25092023 182357, 116, 26594.8, 11.959,110.104,0.443639,  0.2,186.025,7.93e-02, 17.0, 1.8,363
2360, 71909,29092019,25092023 214210, 580, 26515.3, 12.420, 82.044,0.390148,359.9,210.330,4.10e+00, 15.8, -  , - 
2361, 71910,18102019,26092023 062756,1066, 26602.5, 12.657, 93.460,0.508726,  0.0,234.696,1.84e-01, 16.8,91.9, - 
2362, 71911,23102019,25092023 230330, 516, 26594.5, 12.058,109.738,0.444158,  0.2,195.842,1.34e+00, 17.4, -  , - 
2363, 71912,02032020,26092023 013034,  54, 26606.9, 12.049,110.270,0.457205,  0.2,190.891,8.18e-02, 16.7, 0.2, 37
2364, 71915,21082020,25092023 203319,   6, 26610.8, 71.655,148.333,0.517527,  0.1,347.683,1.79e-01, 16.5, 0.1, 16
2365, 71916,20022021,25092023 164240, 929, 26617.0,  4.306,203.903,0.569322,  1.6,252.195,9.95e-01, 19.2,18.6, - 
2366, 71918,07092021,26092023 030736,   7, 26621.3, 71.686,151.482,0.517680,  0.1,347.565,1.55e-01, 16.4, 0.1, 22
2367, 71919,11032022,25092023 203825,   5, 26585.7,  3.724,318.931,0.726779,358.5,264.358,8.94e-01, 17.2, 0.1, 11
2368, 71920,28032022,26092023 020942, 453, 26618.5, 63.249,268.645,0.657156,  0.0, 38.890,1.40e-01, 16.5, 2.6,535
2369, 71921,19012021,25092023 235134, 130, 26635.7, 12.047,102.747,0.476454,  0.1,212.511,2.57e+00, 14.9,10.5, - 
2370, 71922,27112022,25092023 174036, 120, 26602.5, 66.620,  5.453,0.575618,359.9,189.943,2.53e-01, 17.9, 4.6, - 
2371, 71923,03082023,26092023 022004,  34, 26607.3, 71.579,144.246,0.516418,  0.1,346.948,7.80e-02, 16.9, 0.2, 11
2372, 71924,28082023,26092023 034342,  25, 26609.2, 71.411,136.595,0.506614,  0.1,334.522,6.13e-02, 16.6, 0.1,  2
2373, 72000,13102007,26092023 002255,   4, 26610.7, 70.663,180.707,0.433130,  0.1, 55.158,2.08e-01, 14.4, 0.2, 31
2374, 72001,27042019,25092023 225455,1067, 26578.7, 12.087, 95.902,0.472947,  0.1,214.835,3.54e+00, 16.3, -  , - 
2375, 72002,28072019,26092023 014357, 126, 26668.7, 15.788, 72.644,0.397394,359.8,249.056,2.41e+00, 16.4,35.6, - 
2376, 72003,30092019,26092023 033635,1361, 26643.2, 12.353, 84.963,0.480160,359.9,235.550,9.75e-01, 17.9,67.7, - 
2377, 72004,21102019,26092023 021020, 497, 26612.8, 11.667, 76.415,0.546986,359.8,244.991,4.44e-01, 15.9,40.5, - 
2378, 72006,19122019,26092023 020722,1338, 26602.2, 13.038, 64.863,0.452385,359.7,236.430,7.79e+00, 16.2, -  , - 
2379, 72007,29042020,26092023 011213, 173, 26667.0, 65.443,311.649,0.658287,359.9, 16.528,8.90e-01, 17.0,20.7, - 
2380, 72008,30062020,25092023 220255, 155, 26515.7, 10.080,132.114,0.416763,  0.5,174.924,4.58e+00, 15.3,82.0, - 
2381, 72010,14112022,25092023 231046, 289, 26631.3, 71.958,207.608,0.497904,  0.1,  9.704,6.69e-01, 17.5, 1.1,230
2382, 72011,28112022,25092023 232544, 197, 26629.2, 57.503,  9.286,0.071518,359.8,165.826,3.08e+00, 19.1, 2.7,630
2383, 72012,11122022,25092023 131300, 259, 26610.6, 67.807,209.104,0.612243,  0.1,286.047,1.37e+00, 16.0, 3.1,653
2384, 72013,16042023,25092023 214608, 160, 26947.1, 15.708, 28.579,0.536684,359.6,105.313,1.66e+01, 18.4, -  , - 
2385, 72014,15042023,25092023 211556,   3, 26315.9, 49.920,148.881,0.581022,  0.1, 30.822,6.81e+01, 16.9, 1.1,250
2386, 72100,29012010,25092023 223448, 463, 26669.3, 72.836, 33.224,0.463685,359.9,310.131,8.16e-01, 15.5,23.4, - 
2387, 72101,19122009,26092023 093935, 125, 26681.2, 71.426, 20.165,0.597717,359.9, 56.913,4.18e+00, 16.0, 3.0,614
2388, 72102,18022017,26092023 043449,  29, 26662.7, 63.107,315.482,0.707762,359.9,261.482,1.27e-01, 16.7, 0.3, 68
2389, 72103,20082017,26092023 004245,1979, 26689.8, 26.522, 18.239,0.572154,359.7,348.231,6.18e-01, 18.6,13.7, - 
2390, 72104,20082019,25092023 214239, 161, 27035.9, 10.799,109.790,0.389094,  0.2,195.382,6.51e+00, 16.2,64.8, - 
2391, 72105,29082019,26092023 042748,1021, 26642.5, 13.252, 88.664,0.440993,360.0,202.657,3.80e-01, 17.5,33.3, - 
2392, 72106,06102019,26092023 001429,   7, 26646.6, 70.906,170.869,0.493065,  0.1, 40.221,1.58e-01, 14.8, 0.6, 93
2393, 72107,21102019,26092023 021433,1076, 26636.8, 11.521,114.880,0.417174,  0.3,179.037,2.28e+00, 18.1, -  , - 
2394, 72108,27102019,25092023 213540,1428, 25749.1, 13.046,294.205,0.100817,359.8, 91.831,2.81e+01, 18.2, -  , - 
2395, 72109,26102019,25092023 232634,1426, 26615.9, 12.400, 61.270,0.423637,359.7,224.408,8.57e+00, 18.1, -  , - 
2396, 72110,12092020,25092023 234919,1105, 26649.3, 16.626, 59.218,0.435003,359.8,230.060,4.63e+00, 17.1, -  , - 
2397, 72111,12071983,25092023 191709,  51, 26659.3, 71.616, 85.137,0.478109,360.0,333.130,1.01e-02, 17.2, 0.1,  1
2398, 72112,10102021,26092023 022158, 213, 26616.3,  4.949, 55.919,0.728671,359.1, 77.282,1.29e+00, 17.2,33.9, - 
2399, 72113,04062008,25092023 200851,  51, 26663.5, 71.592, 87.599,0.476674,360.0,332.190,1.00e-02, 17.0, 0.1,  2
2400, 72114,14072023,25092023 211726,  70, 26631.0, 28.380,303.612,0.687588,359.9,219.891,3.04e+00, 15.7,64.5, - 
2401, 72115,22082023,25092023 193413,  31, 26651.0, 68.161,148.497,0.662207,  0.1, 32.090,6.16e+00, 18.7,57.2, - 
2402, 72200,08092007,25092023 183947,   0, 26714.5,  4.306, 25.717,0.723245,358.4,137.090,1.62e-01, 14.6, 0.1,  3
2403, 72201,06102012,26092023 025500,   2, 26679.8, 62.364,281.027,0.707345,360.0,261.892,2.53e-01, 15.7, 0.2, 21
2404, 72202,14012015,26092023 030542,   1, 26841.3, 23.083,359.812,0.372437,359.7,137.624,2.75e+01, 15.7, 0.2, 55
2405, 72203,20052015,25092023 205602, 980, 26666.3, 61.239,258.351,0.705920,  0.0,246.301,1.05e-01, 16.1,25.2, - 
2406, 72204,13092015,26092023 065315,2484, 26683.2, 69.772,236.583,0.375253,  0.1,107.614,2.16e+00, 15.9, -  , - 
2407, 72206,26042017,26092023 054152,   4, 26684.7, 63.248,156.088,0.662047,  0.1,267.185,1.28e-01, 16.4, 0.1, 14
2408, 72207,05042018,26092023 044633,1378, 24782.8, 63.141,179.018,0.689149,  0.1,282.767,2.45e-02, 17.7, 7.5,417
2409, 72209,14062019,25092023 143251, 688, 26780.7, 10.682, 95.722,0.471795,  0.1,225.108,5.34e+00, 15.8, -  , - 
2410, 72210,26082019,26092023 000843,  96, 26679.4, 12.670, 92.746,0.453719,  0.0,204.829,6.77e-02, 17.4, 0.7,144
2411, 72211,28082019,25092023 210352, 259, 26672.8, 12.534, 91.631,0.507860,  0.0,234.686,1.57e-01, 15.6, 3.7,862
2412, 72212,02102019,26092023 025414,   4, 26683.4, 12.897,231.527,0.721646,  0.4,274.870,9.28e-01, 18.0, 0.2, 34
2413, 72213,29092019,25092023 205654, 625, 26692.7, 10.147,107.574,0.331908,  0.2,192.627,4.66e+00, 14.9, -  , - 
2414, 72216,10092020,26092023 002628, 241, 26670.2, 12.718,110.806,0.494755,  0.2,198.806,4.22e+00, 13.5,54.0, - 
2415, 72217,11042021,25092023 222857,  13, 26695.6, 69.726,313.076,0.571894,359.9,325.352,3.60e-01, 16.7, 0.1, 14
2416, 72218,13102021,25092023 190021, 282, 19763.3, 62.826,284.021,0.661896,360.0,274.250,3.00e-02, 16.3, 0.2, 28
2417, 72219,22082022,25092023 215744,  10, 26678.9, 15.394,255.275,0.553494,  0.1,284.591,1.48e+00, 17.6, 0.8,195
2418, 72220,19102022,26092023 014416,  17, 26690.6, 63.359,307.667,0.724644,359.9,274.936,9.43e-02, 17.4, 0.1,  9
2419, 72221,13112022,26092023 083016, 246, 26676.4, 72.149,175.995,0.522213,  0.1,352.722,1.75e+00, 17.2, 5.6, - 
2420, 72222,13022007,26092023 035624,   6, 26680.8, 64.653,139.867,0.692665,  0.1, 37.645,9.64e-03, 17.6, 0.1,  1
2421, 72223,01032023,25092023 175546, 203, 26698.0, 13.188, 45.646,0.537288,359.6,295.848,2.38e+00, 17.3,18.2, - 
2422, 72224,14052023,25092023 232744, 132, 26464.9, 15.939,  7.319,0.716763,359.5,110.629,2.79e+00, 16.9, -  , - 
2423, 72300,26072011,25092023 183506,   2, 26431.3, 23.425,232.467,0.731912,  0.2,126.920,2.33e-01, 16.7, 0.4, 53
2424, 72301,10122015,25092023 210543, 129, 26737.7, 63.266, 88.506,0.702882,360.0,270.038,1.55e-01, 16.7, 1.9,399
2425, 72302,19022016,26092023 012357,   1, 26681.2, 64.907,172.445,0.730752,  0.1,341.619,1.43e-01, 17.0, 0.1,  5
2426, 72303,24022016,26092023 073052,   1, 26714.6, 64.852,223.918,0.620103,  0.1, 43.741,3.79e-03, 13.2, 0.1,  1
2427, 72304,22082017,26092023 035540, 229, 26702.2, 61.860,281.391,0.287162,360.0,305.397,3.70e+00, 16.0, 4.5, - 
2428, 72305,13062018,26092023 023419,1222, 26697.8, 75.094,346.778,0.469826,359.9, 50.477,8.44e-01, 16.4, -  , - 
2429, 72307,02102018,26092023 003246,1783, 26725.9, 19.726,204.210,0.502647,  0.4, 53.463,3.79e+00, 18.6, -  , - 
2430, 72308,13102018,26092023 080245, 635, 26700.8, 20.171,190.368,0.519943,  0.4, 87.399,2.46e-01, 17.8,13.1, - 
2431, 72310,14082019,26092023 020834, 141, 26736.8, 11.844,100.423,0.483209,  0.1,209.379,4.26e+00, 15.7, -  , - 
2432, 72311,15082019,26092023 015853, 224, 26760.0, 12.070,123.376,0.464128,  0.3,182.436,6.64e+00, 16.0,73.5, - 
2433, 72312,04102019,25092023 201658,1374, 26712.6, 12.101, 84.341,0.476962,359.9,228.691,1.85e+00, 18.0,86.8, - 
2434, 72314,30082022,26092023 044953, 390, 26705.9, 72.169,172.362,0.515623,  0.1, 12.839,1.78e+00, 18.1,19.7, - 
2435, 72401,05062012,26092023 042344,4120, 26811.6, 83.404,349.501,0.606470,359.9,166.045,2.05e+01, 13.0, -  , - 
2436, 72402,18042014,25092023 161326,1652, 26700.8, 70.914,229.488,0.590119,  0.1,183.358,8.76e-01, 16.8, -  , - 
2437, 72403,07012018,25092023 152222,   3, 26729.7, 62.949,237.401,0.708848,  0.1,268.996,3.47e-02, 17.4, 0.1,  1
2438, 72404,14092018,25092023 221540,1755, 26714.3, 20.225,182.251,0.529847,  0.4, 99.380,1.84e-01, 18.7, 9.4, - 
2439, 72405,07122018,26092023 011508, 542, 26725.3, 20.249,185.535,0.530102,  0.4, 95.716,1.01e-01, 18.2,10.0, - 
2440, 72406,21082019,25092023 182222,   8, 26756.5, 20.245,188.310,0.531581,  0.4, 93.084,9.01e-02, 17.7, 0.1,  9
2441, 72407,27082019,26092023 053319, 242, 26756.6, 12.299, 93.616,0.483567,  0.0,216.315,2.14e-01, 15.5,11.2, - 
2442, 72409,12112022,26092023 031844, 313, 26844.1, 17.516, 46.326,0.554463,359.7,347.372,6.27e+00, 17.4, 8.9, - 
2443, 72410,14122022,26092023 020125, 268, 26732.9, 13.194, 64.602,0.513306,359.7,262.033,2.01e-01, 16.4, 0.4, 96
2444, 72411,02012023,25092023 225504, 241, 26722.1, 13.025, 77.417,0.486919,359.9,235.188,2.03e-01, 17.2, 0.3, 52
2445, 72412,17082023,25092023 143223,  36, 26737.7, 64.437,290.306,0.632633,360.0,283.734,1.67e+01, 11.2, -  , - 
2446, 72500,13092012,25092023 194719,   1, 26761.0, 63.827, 60.868,0.679081,359.9,256.342,6.79e-02, 11.5, 0.1,  4
2447, 72501,01072016,25092023 214614, 388, 26744.7, 63.142,102.615,0.722891,  0.0,272.584,1.08e-01, 17.4,15.7, - 
2448, 72502,07122016,25092023 221921, 622, 26745.8, 63.074,158.127,0.660405,  0.1,274.592,2.38e-01, 16.7,10.7, - 
2449, 72503,12092018,26092023 091936,1757, 26757.9, 20.253,188.679,0.530798,  0.4, 92.452,3.65e-02, 17.2,10.7, - 
2450, 72504,09122018,26092023 082420, 669, 26747.5, 20.188,197.150,0.505805,  0.4, 73.574,2.03e-01, 17.4,26.4, - 
2451, 72505,09122018,26092023 003451,1748, 26747.8, 20.185,192.277,0.515877,  0.4, 80.739,5.60e-01, 17.9, 4.6, - 
2452, 72506,24072019,25092023 212223, 315, 26735.8, 12.334, 93.077,0.483693,  0.0,219.585,1.41e-01, 17.2, 0.8,168
2453, 72507,25072019,25092023 230219, 207, 26777.8, 12.778, 78.932,0.491828,359.9,235.908,1.84e+00, 17.0,51.8, - 
2454, 72508,29072019,25092023 204116, 332, 26771.1, 11.579, 99.117,0.470919,  0.1,200.948,7.23e+00, 15.8, -  , - 
2455, 72509,29082019,26092023 031221, 218, 26742.5, 12.023,116.125,0.458833,  0.3,182.763,2.43e+00, 17.1, -  , - 
2456, 72510,01092019,25092023 145226,   7, 26738.6, 12.841, 78.346,0.495950,359.9,238.068,1.36e-01, 14.5, 0.1, 22
2457, 72512,22102019,25092023 194424, 156, 26694.8, 11.840, 95.412,0.476208,  0.1,212.609,5.91e+00, 19.2,69.8, - 
2458, 72514,02022007,26092023 015211, 316, 26800.3, 69.244,175.415,0.601189,  0.1, 20.886,1.79e-01, 17.2,11.2, - 
2459, 72516,07082022,25092023 202104,  25, 26759.1, 71.407,125.774,0.503520,  0.1,347.071,5.04e-01, 17.3, 0.1, 17
2460, 72517,21042008,26092023 040903,   5, 26756.1, 71.969,187.670,0.536129,  0.1,351.675,8.45e-03, 16.8, 0.1,  3
2461, 72600,19062013,25092023 225242,2321, 26813.3, 60.808,202.097,0.522993,  0.1,  6.898,7.86e-01, 15.5, -  , - 
2462, 72601,19062019,26092023 025214, 206, 26770.1, 12.592, 93.604,0.460634,  0.0,204.307,1.36e-01, 18.1, 2.5,555
2463, 72602,11072019,25092023 145221,   0, 26738.5, 12.843, 78.324,0.495828,359.9,238.115,1.90e+00, 14.8, 0.2, 54
2464, 72603,16082019,25092023 234808,1346, 26692.9, 24.053,225.721,0.739657,  0.2,119.422,6.67e-02, 17.0, -  ,138
2465, 72604,24092020,26092023 035935,1052, 26784.1, 72.904, 90.853,0.587364,  0.0,102.111,1.30e-01, 12.2, 2.8,620
2466, 72605,10122020,25092023 211845, 206, 26783.4, 11.790,100.838,0.458728,  0.1,202.409,1.76e+00, 17.9, 3.8,807
2467, 72607,21122022,26092023 043755, 274, 26790.9, 65.006,306.642,0.586658,359.9, 49.030,2.57e+00, 17.9, -  , - 
2468, 72700,24012013,25092023 184546, 153, 26805.5, 63.481, 14.157,0.728671,359.9,276.007,1.48e-01, 13.8, 3.1,637
2469, 72701,15112013,25092023 133245, 552, 25502.8, 62.427,347.017,0.735426,359.9,289.171,9.98e-02, 16.2, 6.8, - 
2470, 72702,24032010,26092023 080511,1109, 26852.8, 61.981,146.344,0.733198,  0.1, 57.160,5.17e-01, 14.2, -  , - 
2471, 72703,28012007,25092023 211036, 499, 26809.6, 68.104,340.806,0.617542,359.9,357.154,4.12e-01, 16.3,39.7, - 
2472, 72704,14092017,25092023 143919,1468, 26809.5, 72.366, 66.811,0.483831,359.9,290.446,1.12e+00, 17.0,54.3, - 
2473, 72705,20062018,25092023 210832,1784, 26809.5, 64.061, 34.395,0.552602,359.9, 13.261,1.89e-01, 17.4, 4.4,929
2474, 72706,10092018,25092023 213739,1552, 26785.9, 20.820,188.841,0.530702,  0.4, 73.563,2.25e+00, 18.0,38.4, - 
2475, 72707,17012019,26092023 004330,1326, 26820.1, 71.260,114.448,0.478003,  0.1,327.270,2.80e-01, 17.5,42.7, - 
2476, 72708,19072019,25092023 192729,1044, 26903.2, 12.642, 75.536,0.520940,359.8,274.365,5.39e+00, 17.0, -  , - 
2477, 72709,27112020,25092023 181239,   1, 26857.1, 62.809,163.087,0.729887,  0.1, 42.776,1.86e-01, 17.2, 0.1, 13
2478, 72710,30052021,26092023 021416,  47, 26783.9, 66.202,240.489,0.416402,  0.1,213.806,2.70e+00, 15.8, 9.4, - 
2479, 72711,12102021,26092023 020054, 283, 26834.1, 20.143,209.263,0.489673,  0.3, 52.395,2.54e+00, 17.9,11.1, - 
2480, 72712,14012007,26092023 012042,   7, 26816.8, 68.965,145.865,0.625298,  0.1, 10.002,1.00e-02, 18.1, 0.6, 96
2481, 72713,03022009,25092023 231016,4301, 26813.9, 68.705,154.408,0.626881,  0.1, 14.001,9.98e-03, 18.7, 4.8, 46
2482, 72800,30112008,25092023 211843,  25, 26826.8, 63.035, 81.092,0.717366,360.0,270.852,9.66e-02, 13.8, 0.3, 56
2483, 72802,08092018,26092023 025757,1839, 26843.3, 20.212,196.930,0.509456,  0.4, 68.339,1.81e+00, 18.8,50.1, - 
2484, 72803,12092020,26092023 023640,   6, 26782.3, 61.343,306.210,0.638828,359.9,230.451,1.90e+00, 14.5, 0.1, 22
2485, 72804,08112021,25092023 204022,  26, 26819.9, 11.959,111.670,0.425831,  0.2,172.860,1.39e-01, 16.7, 0.6,124
2486, 72805,06082022,25092023 205958, 411, 26839.8, 69.489,121.840,0.607220,  0.1,355.751,7.28e-01, 17.3,10.3, - 
2487, 72806,19032023,26092023 032056, 169, 26934.5, 27.319,302.908,0.663904,359.8,355.204,4.06e+00, 15.2, 6.6, - 
2488, 72900,01092003,25092023 231115,   1, 26876.7, 63.974,157.673,0.682073,  0.1,253.650,3.62e-03, 13.1, 0.1,  1
2489, 72901,07032013,25092023 195654, 133, 26848.0, 63.015,152.252,0.670229,  0.1,271.487,6.16e-02, 15.2, 0.6,124
2490, 72902,28062014,25092023 211344,1400, 26853.9, 63.052,260.096,0.671655,  0.0,270.627,1.94e-01, 16.8,30.5, - 
2491, 72904,09092018,26092023 011356, 314, 26838.7, 20.079,195.409,0.517341,  0.4, 78.526,7.74e-02, 17.0, 1.8,363
2492, 72905,21102013,26092023 031006,   1, 26537.4, 23.502,213.501,0.739218,  0.3,162.243,6.49e-02, 17.5, 0.2,  3
2493, 72906,25042019,25092023 220004,  10, 26839.4, 12.443, 97.514,0.455948,  0.1,197.183,9.05e-02, 16.3, 0.1, 22
2494, 72907,03072019,25092023 203549,  56, 26860.0, 11.911,114.038,0.470840,  0.3,188.586,1.03e+00, 16.8, 1.5,269
2495, 72908,20112006,26092023 040902, 185, 26921.7, 19.368,307.593,0.742100,359.8, 38.430,1.86e-02, 18.2, 1.7,187
2496, 72910,22082022,26092023 035908,  20, 26848.6, 71.783,161.769,0.521004,  0.1, 32.025,2.60e+00, 16.9, 0.3, 78
2497, 72911,31032023,25092023 233937, 138, 26865.9, 71.767, 30.657,0.528393,359.9,343.472,8.75e-01, 16.6, 1.0,185
2498, 72912,30032023,25092023 234008, 176, 26838.7, 10.947, 87.341,0.392330,360.0,228.085,7.67e+00, 18.0, -  , - 
2499, 73000,28032000,25092023 210735,1776, 26938.3, 67.633,341.642,0.608150,359.9,  5.343,1.20e-01, 15.5,63.1, - 
2500, 73001,10092012,26092023 013349, 130, 26869.8, 18.100, 90.414,0.706302,360.0,267.537,1.15e-01, 15.9, 2.0,263
2501, 73002,24102013,25092023 234051, 199, 26889.6, 63.351,353.437,0.736633,359.9,273.510,1.02e-01, 14.7, 5.5,563
2502, 73003,04062008,26092023 051249,  14, 26885.0, 69.397, 11.065,0.571776,359.9,  3.046,5.41e-02, 18.1, 0.1, 20
2503, 73004,25112016,26092023 014345,   1, 26920.7, 68.483,164.728,0.603090,  0.1, 27.684,2.12e+00, 14.3, 0.3, 63
2504, 73005,08092018,26092023 041553,1684, 26885.1, 19.935,182.127,0.538598,  0.4,100.655,6.86e-01, 17.7, -  , - 
2505, 73006,06042019,26092023 063535,   0, 26883.2, 12.499, 97.799,0.455049,  0.1,195.289,6.03e-02, 14.2, 0.1,  1
2506, 73007,30062019,26092023 012513,  76, 26868.9, 12.109,103.284,0.475432,  0.1,200.368,9.21e-02, 17.5, 1.2,246
2507, 73008,28082019,26092023 061051,1462, 26885.0, 11.638,121.482,0.456062,  0.3,174.044,1.57e+00, 18.3,26.7, - 
2508, 73009,28082019,26092023 020737, 187, 26881.0, 11.430,133.375,0.437195,  0.5,150.511,1.39e+00, 17.5,21.7, - 
2509, 73011,30082022,25092023 215037, 336, 26906.0, 25.159,294.584,0.556889,359.9,290.524,2.59e+01, 17.8, -  , - 
2510, 73012,22012023,25092023 215233, 243, 26872.7, 12.187, 99.292,0.472107,  0.1,202.552,1.39e-01, 17.8, 0.4, 61
2511, 73013,02092023,25092023 213718,   3, 26869.7, 63.321,158.981,0.656641,  0.1,260.271,3.01e-01, 14.3, 0.1, 13
2512, 73100,10052016,26092023 034313,2690, 24202.0, 12.689,161.768,0.676205,  0.6, 46.871,1.73e+01, 18.3, -  , - 
2513, 73101,05012018,26092023 044951, 874, 26904.9, 63.087,291.605,0.688125,359.9,271.106,1.11e-01, 16.1,12.0, - 
2514, 73102,19022018,26092023 055242,1919, 26888.8,  4.710,  4.509,0.712710,358.4,149.727,4.27e-01, 18.4, -  ,904
2515, 73103,09092018,26092023 080226,   4, 26905.0, 20.137,193.619,0.525217,  0.4, 81.509,9.19e-02, 18.2, 0.1,  7
2516, 73104,09092018,26092023 013401,1640, 26898.3, 20.132,196.305,0.521454,  0.4, 77.052,1.49e-01, 18.7, 4.4,991
2517, 73105,09092018,26092023 004253,1835, 26901.5, 20.166,201.300,0.513887,  0.4, 67.782,7.54e-01, 19.0,90.7, - 
2518, 73106,10092018,25092023 183355,1809, 26895.9, 20.183,200.462,0.517726,  0.4, 71.322,1.00e-02, 19.1,18.7, - 
2519, 73107,03072019,25092023 220245, 266, 26891.2, 12.004,105.621,0.465621,  0.2,193.790,5.07e-02, 17.8, 2.7,604
2520, 73108,06062019,26092023 030736, 278, 26910.2, 11.114,142.613,0.411833,  0.5,118.613,6.33e+00, 17.8,98.7, - 
2521, 73109,29112019,26092023 043940, 741, 26880.1, 11.300,138.438,0.422807,  0.5,152.955,3.93e+00, 17.9, -  , - 
2522, 73111,11102021,26092023 085502, 712, 26942.8, 20.371,227.186,0.430495,  0.3, 17.619,6.04e+00, 18.3, -  , - 
2523, 73112,26102021,25092023 150844, 668, 26636.4, 25.672,108.518,0.743098,  0.1,221.883,2.26e-02, 17.1, 0.8,170
2524, 73113,28112022,25092023 184001, 288, 26911.0, 17.448,203.234,0.679761,  0.4, 60.656,9.87e-01, 17.0,86.5, - 
2525, 73114,23062023,26092023 062309,  92, 26872.8, 59.390,262.351,0.521762,  0.0,217.246,1.32e+01, 18.1, -  , - 
2526, 73115,10082023,26092023 004224,  25, 26943.1, 66.956,127.279,0.670702,  0.1, 18.372,4.92e-01, 16.4, 0.9,199
2527, 73200,21032010,26092023 035116,3927, 26911.4, 66.957, 57.731,0.598822,359.9,164.180,1.57e+00, 15.9, -  , - 
2528, 73201,11072016,25092023 204319,   0, 26760.7, 25.529,346.359,0.716556,359.7,183.476,1.24e+00, 16.2, 0.1, 18
2529, 73202,07012017,25092023 184514,   1, 26932.7, 63.023,162.670,0.669264,  0.1,268.448,1.83e-01, 14.5, 0.1,  5
2530, 73203,09092018,26092023 080951,1816, 26935.7, 20.279,203.671,0.500969,  0.3, 58.403,1.89e+00, 19.0, -  , - 
2531, 73204,10092018,26092023 071919, 314, 26944.6, 19.973,194.406,0.527527,  0.4, 77.684,2.14e+00, 19.3,57.3, - 
2532, 73205,23022019,25092023 174319, 562, 26923.5, 62.934,227.641,0.673089,  0.1,279.191,2.26e-01, 15.0,11.6, - 
2533, 73206,14102019,25092023 204829,   6, 26957.2, 67.598, 65.416,0.620861,359.9,  0.196,5.58e-01, 16.3, 0.1, 17
2534, 73207,24082022,26092023 052721, 347, 26916.3, 12.062,105.651,0.455657,  0.2,188.256,3.41e-01, 16.6, 0.8,171
2535, 73208,04012023,25092023 221313, 163, 26999.5,  9.925,123.582,0.348393,  0.4,150.130,6.03e+00, 16.0, -  , - 
2536, 73300,07082013,26092023 040226,  65, 26926.0, 59.687, 76.077,0.589340,360.0,186.729,1.43e+00, 15.8, 1.4,302
2537, 73301,01092013,25092023 164226, 142, 26982.0, 65.272, 19.952,0.620343,359.9,294.114,1.39e-01, 17.4, 3.3,676
2538, 73302,23102012,25092023 172739, 818, 26912.0, 24.896,356.785,0.728795,359.7,272.323,1.30e-01, 17.3,28.7, - 
2539, 73303,25092016,26092023 024359,1415, 26955.7, 63.571,174.898,0.667588,  0.1,273.344,1.97e-02, 18.3, 1.9,318
2540, 73304,27092017,25092023 224118, 989, 27038.0, 18.970, 64.574,0.606676,359.8, 18.510,1.17e+00, 17.3,82.6, - 
2541, 73305,07092018,26092023 020457,   1, 26969.8, 20.128,195.654,0.517919,  0.4, 74.161,1.37e-01, 14.7, 0.1,  7
2542, 73306,05092018,26092023 014922,   1, 26840.0, 20.152,194.867,0.520417,  0.4, 79.798,1.07e-01, 16.9, 0.1,  5
2543, 73307,09092018,26092023 021908,1105, 27056.6, 19.144,208.024,0.489171,  0.4, 56.843,5.54e+00, 15.5, -  , - 
2544, 73308,09092018,25092023 231738,1841, 26968.4, 19.744,195.116,0.525841,  0.4, 71.907,4.44e+00, 18.0, -  , - 
2545, 73309,04092018,26092023 092114,1819, 26993.4, 19.943,198.138,0.522111,  0.4, 64.437,2.92e+00, 18.2, -  , - 
2546, 73310,10092018,26092023 064328,1790, 26944.1, 20.081,192.975,0.530542,  0.4, 81.539,1.20e+00, 18.8, -  , - 
2547, 73313,22092021,25092023 173620,   0, 26937.3, 63.138,296.791,0.729417,359.9,267.928,1.36e-01, 14.0, 0.1,  4
2548, 73315,12112022,25092023 205921, 255, 26952.4, 69.255, 35.739,0.495628,359.9,191.817,5.64e+00, 16.2,54.7, - 
2549, 73316,06122022,26092023 084356,  89, 26939.3, 66.220, 82.826,0.531140,360.0,163.693,1.91e+00, 15.6, 4.8, - 
2550, 73317,05122022,25092023 215836,   3, 26939.6, 63.236,  1.009,0.726227,359.9,256.070,5.00e-02, 16.6, 0.1,  2
2551, 73400,21012018,25092023 223952,2050, 27092.6, 18.179, 32.381,0.168911,359.6,169.045,2.40e+01, 18.5, -  , - 
2552, 73401,07092018,26092023 083630,   3, 26976.2, 20.128,196.052,0.526117,  0.4, 77.206,1.23e-01, 16.6, 0.1,  8
2553, 73402,07092018,25092023 173412, 597, 27003.3, 20.175,213.527,0.496518,  0.3, 44.482,2.71e+00, 17.0,41.8, - 
2554, 73403,05092018,26092023 034251, 171, 26981.1, 20.169,208.477,0.505779,  0.3, 57.229,2.09e-01, 17.0, 4.4,925
2555, 73405,07092018,26092023 001006, 636, 26993.9, 20.186,207.199,0.501456,  0.3, 55.609,2.53e-01, 18.0,15.5, - 
2556, 73406,30082018,26092023 021237, 205, 26946.8, 20.160,199.207,0.520370,  0.4, 72.331,3.36e-01, 17.6, 1.9,419
2557, 73408,20072019,25092023 234502, 117, 27070.8, 10.612,111.573,0.423254,  0.3,183.068,4.68e+00, 14.5,78.4, - 
2558, 73409,25072019,25092023 224650, 206, 26925.9, 12.343, 98.730,0.462796,  0.1,195.521,4.42e-01, 16.7,10.8, - 
2559, 73410,31082019,26092023 023047, 925, 26937.3, 15.466,356.774,0.536543,359.5, 67.077,6.26e+00, 17.5, -  , - 
2560, 73412,28112019,26092023 055535, 627, 26734.2, 11.901,113.875,0.442413,  0.3,186.156,6.96e-02, 14.1, 6.2, - 
2561, 73413,25102022,25092023 152439,  99, 26969.5, 11.344, 89.246,0.451643,360.0,209.878,5.27e+00, 16.0,51.0, - 
2562, 73414,25042023,25092023 235931, 151, 26982.8, 11.929, 61.783,0.519312,359.7,260.575,5.39e+00, 18.3, -  , - 
2563, 73500,15092015,26092023 082718, 347, 26992.1, 18.009,183.160,0.687154,  0.4, 85.295,1.17e-01, 17.8, 3.8,759
2564, 73502,10062017,26092023 045555,1493, 27014.9, 63.168,358.880,0.707134,359.9,272.747,2.08e-01, 14.5,31.4, - 
2565, 73503,05092018,26092023 011546,   5, 26997.9, 20.154,198.550,0.513495,  0.4, 69.674,4.74e-02, 16.6, 0.1, 13
2566, 73504,05092018,26092023 012659, 768, 27211.7, 19.718,185.357,0.578284,  0.4, 87.140,5.10e+00, 16.9,97.0, - 
2567, 73505,08092018,26092023 003057, 695, 26978.1, 20.179,204.116,0.513529,  0.3, 63.661,1.63e-01, 18.3,15.7, - 
2568, 73506,11092018,25092023 201237,   1, 26998.1, 21.308,215.389,0.526759,  0.3, 53.283,8.33e-02, 15.7, 0.1,  2
2569, 73507,08092018,26092023 024037,1483, 26985.0, 20.299,206.100,0.510323,  0.3, 59.779,4.36e-01, 16.2, -  , - 
2570, 73508,08092018,25092023 182745, 166, 26997.7, 20.205,202.198,0.522253,  0.4, 68.811,1.38e-01, 16.5, 3.0,660
2571, 73509,30082018,26092023 032353,1405, 26985.8, 19.688,199.953,0.525716,  0.4, 63.091,4.04e+00, 18.0, -  , - 
2572, 73511,09042019,26092023 061048,   0, 26904.7, 12.311, 95.465,0.463917,  0.0,200.367,1.24e+00, 14.4, 0.1, 29
2573, 73513,10082021,25092023 235455, 760, 26959.4, 24.658,189.739,0.739552,  0.3, 85.716,2.90e-01, 15.5, -  ,235
2574, 73514,02062022,25092023 214438, 453, 27018.7, 84.787, 42.105,0.227149,359.9,345.746,2.59e+01, 17.4,56.5, - 
2575, 73600,11092012,25092023 135229, 259, 26958.8, 18.441,268.875,0.662937,  0.0,297.689,5.94e-02, 16.4, 2.1,465
2576, 73601,19122014,25092023 232558,  68, 27085.6, 25.558,158.995,0.698468,  0.3,269.487,2.46e+00, 16.3, 9.3, - 
2577, 73602,18092015,25092023 200907,2912, 27021.7, 63.142,227.956,0.704870,  0.1,275.420,8.52e-02, 14.7,65.9,257
2578, 73603,18032016,26092023 072020,2651, 27077.4, 59.582,242.110,0.522294,  0.1, 13.890,7.51e+00, 17.1, -  , - 
2579, 73604,14092017,25092023 184647,   4, 27012.9, 19.049,323.924,0.654027,359.7,197.387,5.63e-02, 16.7, 0.1,  6
2580, 73605,07092018,25092023 232437,   2, 27022.3, 20.132,200.030,0.512289,  0.4, 66.491,2.61e-02, 16.4, 0.1,  3
2581, 73606,11092018,25092023 230220,   2, 27013.2, 20.177,181.460,0.549038,  0.4,102.295,3.25e-01, 18.4, 0.1, 14
2582, 73607,11092018,26092023 010225,1483, 27017.1, 20.103,185.446,0.540439,  0.4, 93.686,3.23e-01, 16.9,14.0, - 
2583, 73608,09122018,25092023 191643,1320, 27018.2, 20.313,211.730,0.502678,  0.3, 50.576,2.14e-01, 16.9,31.3, - 
2584, 73609,01042019,26092023 002536,1626, 27033.9, 19.960,207.482,0.513153,  0.3, 48.762,4.12e+00, 18.6,86.2, - 
2585, 73610,03042019,26092023 042218, 516, 27085.9, 23.895,306.132,0.503579,359.8, 71.498,3.42e-01, 18.1, 5.4,911
2586, 73701,28062017,26092023 045805,  82, 27063.1, 60.204,106.541,0.519464,  0.0,218.080,2.50e+00, 16.1, 2.8,582
2587, 73702,06092018,26092023 003456,1481, 27053.5, 20.168,208.038,0.503568,  0.3, 54.562,4.17e-02, 17.7, 3.1,696
2588, 73703,06092018,26092023 013154,  10, 27081.0, 20.334,214.009,0.494944,  0.3, 34.488,4.10e+00, 17.7, 0.6,122
2589, 73704,06092018,26092023 000651,  99, 27052.9, 20.156,206.817,0.510010,  0.3, 57.749,4.36e-02, 18.2, 0.1,  8
2590, 73705,06092018,25092023 205850, 956, 27069.4, 20.130,209.696,0.510833,  0.3, 39.717,5.11e+00, 17.3,44.3, - 
2591, 73706,10092018,26092023 061328, 187, 27047.4, 20.127,197.012,0.522402,  0.4, 73.030,2.61e-01, 17.7, 3.1,687
2592, 73707,10092018,25092023 185659, 155, 26970.1, 20.715,197.500,0.543250,  0.4, 82.059,1.11e-01, 18.9, 0.6,112
2593, 73708,27032019,25092023 195603, 491, 27072.6, 23.922,304.229,0.502642,359.8, 74.314,7.91e-01, 16.6,11.7, - 
2594, 73709,31032019,26092023 084958, 181, 27055.5, 23.807,303.432,0.513901,359.8, 75.562,2.41e-02, 17.9, 1.1,148
2595, 73710,24032019,26092023 022658,1251, 27072.2, 23.842,315.413,0.480764,359.8, 53.072,4.25e-01, 18.0,11.2, - 
2596, 73711,24032019,25092023 210228, 624, 27083.0, 23.926,303.165,0.509817,359.8, 75.974,5.91e-01, 18.1, 6.9, - 
2597, 73712,31032019,26092023 070055,1628, 27049.1, 23.976,302.659,0.511367,359.8, 76.815,3.85e-01, 19.5, 3.6,716
2598, 73713,30032019,26092023 050400,1635, 27039.9, 23.886,300.377,0.509779,359.8, 80.973,9.43e-01, 19.5, -  , - 
2599, 73714,24032019,25092023 214955, 990, 27050.8, 23.965,302.471,0.513978,359.8, 78.050,6.27e-01, 17.9,24.7, - 
2600, 73715,08042019,26092023 082025,1241, 27039.1, 23.962,303.364,0.509018,359.8, 75.411,5.08e-01, 17.6,10.8, - 
2601, 73716,10042019,25092023 195347,   1, 27032.8, 12.402,101.245,0.454569,  0.1,187.572,1.19e-01, 14.3, 0.1,  6
2602, 73717,24032019,26092023 012219,1628, 27042.2, 23.776,302.829,0.510663,359.8, 77.958,4.48e-01, 18.8, -  , - 
2603, 73718,08042019,26092023 001115, 209, 27005.4, 23.740,302.245,0.524400,359.8, 76.075,7.79e-01, 18.0, 5.0,769
2604, 73719,31032019,26092023 085127, 184, 27050.3, 23.782,303.562,0.508591,359.8, 76.473,5.10e-01, 18.3, 9.9,583
2605, 73720,02052019,26092023 100331, 101, 27057.2, 23.815,302.713,0.515990,359.8, 78.031,5.11e-01, 18.1, 2.5,519
2606, 73721,09042019,25092023 154647,  94, 27027.5, 11.708,105.083,0.464199,  0.2,189.922,1.20e+00, 16.3, 4.0,676
2607, 73722,30052019,26092023 072451, 225, 26968.6, 11.359, 93.646,0.500885,  0.0,133.895,7.91e+00, 16.5, -  , - 
2608, 73723,24032019,26092023 070033, 430, 27076.1, 23.988,304.558,0.503518,359.8, 73.180,1.04e+00, 17.3,54.8, - 
2609, 73724,24032019,26092023 022417, 184, 27075.8, 23.985,303.574,0.505731,359.8, 76.009,5.15e-01, 17.9, 9.8, - 
2610, 73725,24032019,25092023 215647, 213, 27074.8, 24.517,302.301,0.530344,359.8, 80.997,7.96e-01, 17.6, 6.4, - 
2611, 73726,26032019,26092023 022102, 185, 27051.6, 23.780,306.199,0.497547,359.8, 72.906,1.03e+00, 17.7,13.8, - 
2612, 73727,07042019,26092023 040643,1615, 27055.0, 23.782,301.962,0.508901,359.8, 79.194,8.57e-01, 18.0, 7.6, - 
2613, 73728,24032019,26092023 040712, 184, 27093.1, 23.846,305.950,0.500650,359.8, 72.923,6.82e-01, 17.0, 7.2, - 
2614, 73729,24032019,26092023 034631, 209, 27074.7, 23.063,304.778,0.502927,359.8, 73.890,5.46e-01, 17.5,10.8, - 
2615, 73730,26032019,25092023 225523,1465, 27049.7, 23.999,304.558,0.510763,359.8, 74.111,2.92e-01, 19.6, 8.7, - 
2616, 73735,31072019,26092023 020033,  82, 27043.1, 12.325,108.309,0.496970,  0.2,200.809,9.07e-02, 17.0, 0.8,171
2617, 73736,09072009,26092023 061346,   2, 26620.5, 24.594,339.563,0.743469,359.7, 90.823,5.01e-02, 17.0, 0.1,  3
2618, 73737,24032019,26092023 073103, 932, 27053.7, 23.937,305.313,0.502205,359.8, 73.475,3.09e-01, 16.9, 1.5,309
2619, 73738,17102019,26092023 014609,1263, 27038.2, 12.732, 87.356,0.488692,360.0,217.269,1.00e-01, 17.3, 1.0,152
2620, 73742,02062022,26092023 060350, 478, 27029.2, 66.078,224.502,0.388181,  0.1,114.532,3.85e+00, 17.7, -  , - 
2621, 73743,04092022,26092023 015450, 370, 27025.3, 10.206, 94.211,0.443344,  0.0,185.909,8.27e+00, 16.4, -  , - 
2622, 73744,08112022,26092023 025158, 288, 27036.3, 63.736,248.541,0.667713,  0.1,264.778,1.00e+00, 16.7, 2.9,465
2623, 73800,12062012,26092023 064740,   1, 27071.7, 23.977,305.164,0.511422,359.8, 72.744,9.94e-03, 12.1, 0.1,  1
2624, 73801,19032014,25092023 150020,1563, 27064.7, 63.854,232.697,0.611829,  0.1,275.315,2.61e-01, 16.5,46.9, - 
2625, 73802,21012015,26092023 023902,   0, 42164.7,  2.939, 30.864,0.005937,357.7,175.201,1.00e-02,  9.9, 0.1,  1
2626, 73803,25072015,25092023 154451, 777, 27084.9, 63.117, 19.164,0.708233,359.9,271.560,9.32e-02, 17.4,14.0, - 
2627, 73804,15122017,25092023 215252, 211, 27033.5, 25.509,176.602,0.744900,  0.3, 85.921,1.95e-01, 15.7, -  ,904
2628, 73805,06092018,26092023 025402,1598, 27063.4, 20.102,197.915,0.522198,  0.4, 71.484,2.52e-01, 17.0,25.5, - 
2629, 73806,07092018,26092023 001800,   0, 27057.0, 20.121,200.305,0.516872,  0.4, 66.955,4.70e-02, 15.3, 0.1,  1
2630, 73807,07092018,26092023 001921,1726, 27057.9, 20.128,203.723,0.516726,  0.4, 63.696,1.59e+00, 18.6, -  , - 
2631, 73808,06092018,26092023 092235,1640, 27071.1, 20.192,200.566,0.510041,  0.4, 63.273,7.07e-02, 18.6,11.0, - 
2632, 73809,29122018,26092023 094917,   0, 27072.7, 20.087,201.034,0.512135,  0.4, 65.418,1.70e-01, 14.3, 0.1,  6
2633, 73810,26032019,25092023 220554,1335, 27077.1, 23.842,305.220,0.510078,359.8, 73.728,2.65e-01, 18.1,15.0, - 
2634, 73811,26032019,25092023 184051,1567, 27072.8, 23.961,305.599,0.510141,359.8, 72.289,2.26e-01, 17.6,51.3, - 
2635, 73812,27032019,26092023 062828, 519, 27094.7, 23.925,303.315,0.505670,359.8, 75.376,7.78e-01, 17.7,61.5, - 
2636, 73813,26032019,26092023 071203, 179, 27080.8, 24.071,303.920,0.505836,359.8, 74.800,3.26e-01, 18.0, 1.2,212
2637, 73814,27032019,26092023 041027,1246, 27077.5, 23.890,306.548,0.503106,359.8, 70.735,4.24e-01, 18.0,12.3, - 
2638, 73815,24032019,25092023 230357,1548, 27069.9, 23.978,305.421,0.510073,359.8, 71.556,1.58e-01, 17.8,23.0, - 
2639, 73816,26032019,25092023 215911, 950, 27076.9, 23.864,307.324,0.497183,359.8, 70.007,3.68e-01, 17.2,11.6, - 
2640, 73817,26032019,26092023 084533, 250, 27056.1, 23.987,302.797,0.526730,359.8, 75.137,2.29e-01, 17.8, 4.5,989
2641, 73818,26032019,26092023 063830,1020, 27084.2, 23.952,304.003,0.504950,359.8, 74.880,4.05e-01, 18.5,32.1, - 
2642, 73819,26032019,26092023 013701,1582, 27071.8, 23.932,304.008,0.508487,359.8, 74.593,5.15e-01, 18.2,26.3, - 
2643, 73820,25032019,26092023 004656,1582, 27073.5, 23.982,304.959,0.508990,359.8, 72.745,6.44e-01, 16.5,57.6, - 
2644, 73821,26032019,26092023 035717,1031, 27070.9, 23.942,303.913,0.509689,359.8, 74.886,4.63e-01, 18.0,10.7, - 
2645, 73822,26032019,26092023 043328,1622, 27066.9, 23.913,303.793,0.509024,359.8, 75.384,7.32e-01, 17.7,41.6, - 
2646, 73823,26032019,26092023 005047,1589, 27062.3, 23.954,303.918,0.510480,359.8, 74.916,3.19e-01, 18.3,14.1, - 
2647, 73824,26032019,25092023 192543,1567, 27075.4, 23.947,305.283,0.509312,359.8, 72.644,3.34e-01, 18.7,13.7, - 
2648, 73825,26032019,26092023 015201, 839, 27079.1, 24.265,309.316,0.491581,359.8, 62.190,3.10e-01, 18.8, 7.6, - 
2649, 73826,25032019,25092023 230603, 483, 27116.9, 23.959,307.378,0.498027,359.8, 68.839,3.61e-01, 17.3,10.0, - 
2650, 73827,25032019,26092023 031904, 164, 27076.0, 24.061,306.342,0.509115,359.8, 70.566,3.93e-01, 17.8, 4.4,972
2651, 73828,24032019,26092023 002533,1552, 27085.4, 24.015,298.081,0.514446,359.9, 84.614,2.89e-01, 17.8,28.2, - 
2652, 73829,26032019,25092023 221357,1038, 27083.1, 23.831,305.551,0.503427,359.8, 72.763,2.98e-01, 17.9,22.1, - 
2653, 73830,25032019,25092023 214041, 185, 27093.1, 24.036,304.701,0.506403,359.8, 72.811,3.14e-01, 17.3, 1.6,201
2654, 73831,26032019,25092023 220135,1387, 27079.6, 23.989,303.233,0.507468,359.8, 76.226,2.81e-01, 17.9,17.3, - 
2655, 73832,26032019,26092023 012810,1021, 27075.2, 23.998,304.709,0.509301,359.8, 73.937,6.68e-01, 17.8,36.9, - 
2656, 73833,26032019,25092023 232436, 848, 27104.1, 24.071,305.477,0.502822,359.8, 70.605,2.98e-01, 18.7,20.3, - 
2657, 73834,27032019,26092023 030959,1629, 27081.2, 23.958,304.721,0.509239,359.8, 73.676,3.72e-01, 18.6,38.2, - 
2658, 73835,26032019,25092023 165107, 847, 27092.6, 23.823,306.471,0.497746,359.8, 70.418,6.91e-01, 18.1,19.1, - 
2659, 73836,26032019,25092023 195952,1307, 27079.9, 23.825,307.355,0.507163,359.8, 70.051,1.29e-01, 19.3, -  , - 
2660, 73837,26032019,26092023 051512,1566, 27083.4, 23.987,301.153,0.511059,359.8, 79.958,2.45e-01, 17.5,34.4, - 
2661, 73838,27032019,26092023 012932,1608, 27072.9, 23.989,304.382,0.510647,359.8, 74.015,2.02e-01, 19.0,15.7, - 
2662, 73839,25032019,26092023 085229,1396, 27070.5, 23.939,304.986,0.509522,359.8, 73.209,3.58e-01, 18.3, 7.9, - 
2663, 73840,26032019,25092023 184554, 238, 27057.3, 23.810,301.915,0.503172,359.8, 79.587,1.23e+00, 17.5, 1.4,302
2664, 73841,27032019,26092023 054258, 184, 27081.7, 23.866,304.319,0.507603,359.8, 74.288,4.21e-01, 18.1, 5.1, - 
2665, 73842,26032019,25092023 235306,1628, 27079.1, 23.884,303.431,0.508464,359.8, 76.150,6.51e-01, 18.5,17.9, - 
2666, 73843,26032019,26092023 033538,1602, 27075.4, 23.965,304.904,0.508859,359.8, 73.261,3.95e-01, 18.8,27.2, - 
2667, 73844,26032019,26092023 071158, 241, 27095.7, 23.882,306.945,0.496756,359.8, 71.369,2.78e-01, 17.4, 3.1,705
2668, 73845,24032019,26092023 001020, 184, 27068.7, 23.825,302.994,0.505380,359.8, 77.746,7.16e-01, 17.6, 4.1,931
2669, 73846,26032019,25092023 220724, 475, 27089.0, 23.969,305.248,0.503887,359.8, 72.435,3.70e-01, 17.9,22.2, - 
2670, 73847,26032019,26092023 012439, 550, 27102.2, 23.790,306.934,0.484241,359.8, 71.038,6.00e-01, 17.0,16.9, - 
2671, 73848,26032019,25092023 224115, 137, 27094.5, 23.877,305.101,0.507028,359.8, 72.659,3.68e-01, 18.4, 2.1,391
2672, 73849,27032019,26092023 023718, 928, 27044.4, 23.996,300.592,0.517906,359.8, 79.215,6.86e-01, 16.7,31.8, - 
2673, 73850,26032019,26092023 010649, 184, 27054.9, 23.933,299.639,0.528762,359.8, 81.775,3.91e-01, 17.4,10.7, - 
2674, 73851,26032019,25092023 223358,1263, 27081.8, 23.756,304.758,0.498329,359.8, 72.604,3.85e-01, 16.3,43.2, - 
2675, 73852,26032019,25092023 204844, 823, 27100.0, 23.770,304.706,0.503782,359.8, 73.008,2.26e-01, 17.8,47.5, - 
2676, 73853,26032019,26092023 062552, 513, 27067.5, 23.758,303.779,0.500848,359.8, 76.138,6.65e-01, 18.2,18.6, - 
2677, 73854,26032019,26092023 005910,1304, 27100.1, 23.660,316.924,0.472127,359.8, 53.867,2.80e-01, 18.0, 5.7, - 
2678, 73855,26032019,26092023 014125, 850, 27101.0, 23.836,302.462,0.507476,359.8, 77.014,4.31e-01, 16.8,48.6, - 
2679, 73856,24032019,26092023 031040,1536, 27085.0, 23.986,300.905,0.509903,359.8, 80.575,4.47e-01, 18.4,44.3, - 
2680, 73857,25032019,25092023 225054, 212, 27087.4, 23.967,304.109,0.506721,359.8, 75.298,3.83e-01, 18.7, 8.7, - 
2681, 73858,26032019,26092023 081603,1609, 27076.5, 23.968,301.727,0.512141,359.8, 79.789,3.44e-01, 19.4, 9.0, - 
2682, 73859,24032019,25092023 161914, 245, 27085.5, 23.896,304.867,0.502032,359.8, 74.278,4.78e-01, 17.5, 8.0, - 
2683, 73860,26032019,26092023 074947,   1, 27083.3, 23.843,305.382,0.508894,359.8, 72.382,3.16e-01, 16.7, 0.1,  5
2684, 73861,26032019,25092023 174723, 138, 27033.9, 23.923,303.564,0.533076,359.8, 75.409,3.37e-01, 15.9, 7.7, - 
2685, 73862,24032019,26092023 025537, 181, 27041.6, 23.938,302.479,0.537449,359.8, 76.595,3.39e-01, 17.9, 1.3,195
2686, 73863,24032019,26092023 030200, 184, 27075.1, 23.876,301.409,0.509255,359.8, 78.929,5.42e-01, 15.9,12.5, - 
2687, 73864,26032019,26092023 042633, 992, 27084.9, 23.879,304.629,0.511970,359.8, 73.789,3.02e-01, 17.4, 5.8, - 
2688, 73865,24032019,25092023 224848,1301, 27057.4, 23.990,298.247,0.524484,359.9, 85.641,2.88e-01, 18.8,16.5, - 
2689, 73866,26032019,26092023 092817,1437, 27076.5, 23.984,304.775,0.510269,359.8, 73.331,3.05e-01, 18.4,10.9, - 
2690, 73867,24032019,25092023 214956,1484, 27074.9, 24.124,303.303,0.505971,359.8, 75.960,2.99e-01, 19.0,47.6, - 
2691, 73868,24032019,26092023 022006, 430, 27061.3, 23.747,301.367,0.518536,359.8, 79.539,2.92e-01, 16.6,18.1, - 
2692, 73869,24032019,26092023 035918, 245, 27086.4, 23.681,304.649,0.501955,359.8, 76.098,3.11e-01, 18.0, 7.1, - 
2693, 73870,24032019,25092023 223901,1510, 27047.5, 24.944,279.407,0.484218,360.0,111.235,3.73e-01, 18.9,31.5, - 
2694, 73871,24032019,26092023 050003, 187, 27090.3, 24.056,305.236,0.498383,359.8, 72.855,3.25e-01, 18.2, 3.6,815
2695, 73872,30032019,26092023 072520,1282, 27066.1, 23.805,301.332,0.518520,359.8, 80.024,3.50e-01, 18.3,38.8, - 
2696, 73873,31032019,25092023 174656, 244, 27054.6, 23.741,302.054,0.504960,359.8, 80.015,7.47e-01, 18.6,10.9, - 
2697, 73874,30032019,26092023 093842, 512, 27071.9, 23.884,304.504,0.499439,359.8, 74.492,4.40e-01, 17.8,21.4, - 
2698, 73875,30032019,26092023 001534,1510, 27076.8, 24.103,302.171,0.507700,359.8, 77.909,4.16e-01, 19.1, -  , - 
2699, 73876,30032019,26092023 010923, 214, 27076.7, 24.040,304.492,0.510382,359.8, 74.301,6.78e-01, 17.8,11.0, - 
2700, 73877,31032019,25092023 233331, 181, 27089.2, 23.692,304.417,0.494649,359.8, 77.420,9.38e-01, 17.9,28.2, - 
2701, 73878,24032019,26092023 003122, 659, 27069.8, 23.838,304.837,0.505175,359.8, 74.980,6.66e-01, 17.2,29.2, - 
2702, 73879,30032019,26092023 060528, 186, 27082.8, 24.112,306.513,0.501569,359.8, 70.328,3.73e-01, 17.6,15.9, - 
2703, 73880,24032019,26092023 071812,1631, 27068.0, 23.838,302.336,0.508377,359.8, 78.115,8.66e-01, 17.8, -  , - 
2704, 73881,24032019,25092023 220804,1590, 27063.6, 23.848,304.505,0.507764,359.8, 74.353,6.37e-01, 18.3,38.9, - 
2705, 73882,24032019,26092023 083008, 176, 27086.6, 24.045,303.726,0.506648,359.8, 74.882,6.37e-01, 17.6,15.8, - 
2706, 73883,24032019,25092023 225229,1602, 27076.6, 23.923,299.684,0.513223,359.8, 82.936,6.27e-01, 19.2,47.8, - 
2707, 73884,24032019,25092023 233025,1459, 27065.8, 23.864,299.488,0.520030,359.8, 81.210,2.88e-01, 18.5, 8.0, - 
2708, 73885,24032019,26092023 043635, 147, 27076.3, 24.018,304.242,0.503009,359.8, 74.377,2.97e-01, 17.5, 1.0,220
2709, 73886,24032019,25092023 184333, 210, 27036.3, 23.994,302.365,0.507500,359.8, 77.665,5.42e-01, 17.6, 2.4,527
2710, 73887,24032019,25092023 230434, 179, 27092.1, 23.958,303.930,0.504585,359.8, 76.164,7.14e-01, 16.7,18.0, - 
2711, 73888,24032019,26092023 081749,1398, 27071.4, 23.939,302.229,0.514057,359.8, 77.756,4.17e-01, 18.0,32.9, - 
2712, 73889,24032019,26092023 015420,1628, 27070.1, 23.909,303.935,0.509841,359.8, 75.254,4.40e-01, 19.0,16.3, - 
2713, 73890,24032019,25092023 221159,1461, 27073.3, 23.790,300.035,0.517521,359.8, 81.192,4.22e-01, 18.2,48.1, - 
2714, 73891,24032019,26092023 094126, 568, 27062.3, 23.917,302.421,0.513429,359.8, 77.648,4.82e-01, 17.2,16.0, - 
2715, 73892,24032019,26092023 014851,1629, 27080.5, 24.019,305.169,0.508325,359.8, 72.474,5.64e-01, 18.6, -  , - 
2716, 73893,24032019,26092023 023017, 208, 27108.9, 24.727,307.526,0.486455,359.8, 67.229,3.47e-01, 18.2, 8.4,866
2717, 73894,24032019,26092023 010129,1628, 27075.8, 23.933,304.146,0.509369,359.8, 74.736,3.97e-01, 18.3,22.5, - 
2718, 73895,24032019,26092023 035437,1608, 27072.3, 23.969,305.352,0.510011,359.8, 72.613,3.45e-01, 19.3, 3.0,573
2719, 73896,24032019,26092023 080309,1038, 27074.0, 24.724,317.189,0.473446,359.8, 51.330,1.04e-01, 17.1,34.4, - 
2720, 73897,24032019,26092023 010211,1181, 27075.6, 23.915,303.326,0.510981,359.8, 76.148,4.32e-01, 17.8, 5.1, - 
2721, 73898,24032019,25092023 232659,1043, 27097.4, 24.002,307.637,0.500439,359.8, 69.765,1.90e-01, 18.4, 6.5, - 
2722, 73899,24032019,26092023 034838,1225, 27071.7, 24.038,305.125,0.505965,359.8, 72.161,3.80e-01, 17.5,12.7, - 
2723, 73900,06092018,26092023 005156,   2, 27020.5, 20.248,215.057,0.491732,  0.3, 44.506,3.42e-01, 17.3, 0.1, 16
2724, 73901,10092018,25092023 234102, 212, 27110.3, 20.249,216.667,0.491698,  0.3, 40.627,6.64e-02, 18.0, 3.3,748
2725, 73902,11092018,26092023 095720,   1, 27100.8, 20.133,200.190,0.517690,  0.4, 66.440,6.52e-02, 14.9, 0.1,  2
2726, 73903,06092018,26092023 093434,1541, 27102.7, 20.110,199.271,0.529112,  0.4, 62.749,3.24e+00, 17.4, -  , - 
2727, 73904,26032019,25092023 213425,1250, 27077.1, 23.828,302.823,0.509338,359.8, 77.043,6.88e-01, 17.7, 8.9, - 
2728, 73905,27032019,26092023 061910, 539, 27076.9, 23.839,303.817,0.501694,359.8, 76.066,6.85e-01, 17.7,36.8, - 
2729, 73906,24032019,26092023 030634,1301, 27087.8, 23.836,302.953,0.507863,359.8, 77.432,5.84e-01, 17.5,79.1, - 
2730, 73907,26032019,25092023 235639,1567, 27079.2, 23.956,304.652,0.509689,359.8, 73.807,2.96e-01, 17.8, 4.1,904
2731, 73908,25032019,26092023 020250,1235, 27082.4, 23.874,305.178,0.506593,359.8, 72.784,3.15e-01, 17.6,15.4, - 
2732, 73909,26032019,26092023 104215, 864, 27069.5, 23.931,303.547,0.507193,359.8, 75.142,7.31e-01, 18.6,12.0, - 
2733, 73910,25032019,25092023 182613,1371, 27078.2, 23.907,305.080,0.507780,359.8, 73.273,5.74e-01, 17.9,23.4, - 
2734, 73911,26032019,26092023 085336,1572, 27083.1, 23.941,306.129,0.507012,359.8, 71.323,6.88e-01, 17.5,48.8, - 
2735, 73912,26032019,25092023 160634, 207, 27086.9, 24.191,307.465,0.492171,359.8, 67.941,6.13e-01, 17.8,15.9, - 
2736, 73913,28032019,26092023 001215, 166, 27120.2, 23.942,307.192,0.498494,359.8, 69.559,5.86e-01, 18.0, 7.2, - 
2737, 73914,24032019,26092023 080023, 819, 27084.8, 23.957,305.986,0.505684,359.8, 71.774,2.89e-01, 18.8,21.5, - 
2738, 73915,26032019,25092023 234511,1348, 27084.6, 24.037,308.708,0.501268,359.8, 66.880,2.83e-01, 17.5,14.5, - 
2739, 73916,26032019,26092023 061111, 847, 27091.3, 23.930,305.999,0.500961,359.8, 71.225,3.50e-01, 18.9,11.9, - 
2740, 73917,24032019,26092023 070922,1532, 27084.8, 23.807,303.799,0.510508,359.8, 77.099,3.22e-01, 18.2,23.3, - 
2741, 73918,24032019,26092023 011246, 536, 27075.0, 23.736,305.282,0.496955,359.8, 73.733,5.13e-01, 17.6,15.0, - 
2742, 73919,24032019,26092023 095247, 486, 27091.8, 23.869,305.466,0.504485,359.8, 72.500,4.82e-01, 19.1,22.2, - 
2743, 73920,24032019,25092023 215543,1464, 27082.8, 23.924,302.788,0.514275,359.8, 76.264,3.51e-01, 18.7,82.2, - 
2744, 73921,27032019,26092023 034356,1075, 27082.3, 23.968,307.939,0.501026,359.8, 68.224,6.82e-01, 17.5,73.7, - 
2745, 73922,24032019,26092023 014216, 853, 27072.4, 23.763,301.369,0.515869,359.8, 80.001,4.82e-01, 16.0,36.6, - 
2746, 73923,24032019,25092023 231308,1476, 27081.7, 24.009,309.665,0.497320,359.8, 66.154,3.57e-01, 18.5,17.6, - 
2747, 73924,29032019,26092023 084947,1570, 27072.2, 23.978,306.196,0.510199,359.8, 71.092,3.31e-01, 17.2, 8.1, - 
2748, 73925,30032019,26092023 082845, 169, 27075.6, 23.953,307.504,0.495170,359.8, 70.053,4.43e-01, 17.5,10.7, - 
2749, 73926,24032019,26092023 070847,1553, 27080.7, 23.993,304.936,0.510177,359.8, 73.077,2.26e-01, 18.5,29.9, - 
2750, 73927,30032019,26092023 001608, 165, 26978.4, 23.960,301.129,0.548459,359.8, 79.289,6.01e-01, 17.8, 5.1,549
2751, 73928,30032019,26092023 044100,1607, 27089.0, 23.916,302.892,0.508579,359.8, 77.110,4.76e-01, 18.6,14.1, - 
2752, 73929,24032019,26092023 041446, 184, 27079.9, 23.900,304.975,0.508707,359.8, 73.157,3.80e-01, 17.6, 1.7,381
2753, 73930,30032019,26092023 023228, 214, 27044.2, 23.848,304.377,0.533845,359.8, 71.410,3.28e-01, 17.6, 2.7,605
2754, 73931,30032019,26092023 021111, 538, 27113.5, 23.967,308.130,0.491988,359.8, 67.967,3.34e-01, 17.5,11.1, - 
2755, 73932,30032019,26092023 023002,1286, 27071.3, 23.822,300.304,0.517661,359.8, 81.935,2.60e-01, 19.3,29.5, - 
2756, 73933,30032019,26092023 074921, 475, 27066.3, 23.921,303.785,0.511839,359.8, 75.878,5.75e-01, 17.8,12.7, - 
2757, 73934,30032019,26092023 005315, 153, 27209.0, 24.225,308.320,0.414684,359.8, 69.900,3.19e-01, 18.1, 1.6,288
2758, 73935,24032019,25092023 214021, 121, 27028.8, 23.730,302.642,0.522207,359.8, 76.886,7.73e-01, 18.2,18.8, - 
2759, 73936,03042019,26092023 044219, 208, 27077.2, 24.013,304.531,0.511478,359.8, 73.883,5.49e-01, 16.9, 9.8, - 
2760, 73937,01042019,26092023 062625, 202, 27102.7, 23.852,305.555,0.501779,359.8, 73.005,3.84e-01, 17.4, 1.3,294
2761, 73938,01042019,26092023 001247, 153, 27079.4, 24.053,304.770,0.496647,359.8, 72.761,3.14e-01, 17.7, 2.5,470
2762, 73939,24032019,26092023 080507, 929, 27103.0, 24.213,306.161,0.501467,359.8, 69.813,4.98e-01, 18.5,12.3, - 
2763, 73940,24032019,26092023 011918,1337, 27088.8, 23.998,309.274,0.496722,359.8, 66.087,2.86e-01, 18.5, 9.9, - 
2764, 73941,24032019,26092023 103323, 166, 27111.6, 23.848,305.733,0.493137,359.8, 72.182,3.06e-01, 17.2, 2.4,520
2765, 73942,24032019,26092023 023414, 169, 27056.9, 23.714,303.817,0.502912,359.8, 76.719,6.03e-01, 17.3, 1.9,163
2766, 73943,24032019,25092023 234511,1300, 27079.8, 23.833,305.000,0.503812,359.8, 73.450,5.38e-01, 18.7,24.4, - 
2767, 73944,24032019,26092023 014007, 211, 27121.4, 23.963,305.829,0.476092,359.8, 74.213,3.52e-01, 17.4, 1.7,346
2768, 73945,24032019,25092023 193111,1552, 27081.7, 23.953,303.456,0.508886,359.8, 75.649,4.05e-01, 18.6,49.9, - 
2769, 73946,24032019,26092023 011940, 208, 27103.6, 23.845,306.349,0.500829,359.8, 70.511,4.19e-01, 18.1, 5.5, - 
2770, 73947,24032019,26092023 004551, 534, 27122.1, 23.974,309.897,0.476830,359.8, 64.402,2.89e-01, 17.5,50.4, - 
2771, 73948,24032019,26092023 032542,1446, 27084.0, 24.094,301.670,0.509049,359.8, 78.369,3.96e-01, 18.5,50.8, - 
2772, 73949,24032019,25092023 224803,1633, 27079.6, 23.946,304.598,0.509272,359.8, 73.899,3.41e-01, 18.2,24.7, - 
2773, 73950,24032019,25092023 234106,1314, 27067.2, 23.977,300.834,0.517271,359.8, 80.458,4.01e-01, 18.7,40.9, - 
2774, 73951,24032019,26092023 035259,1590, 27082.0, 23.921,304.985,0.508570,359.8, 73.364,4.53e-01, 18.7,23.0, - 
2775, 73952,24032019,25092023 212916, 519, 27098.8, 23.864,309.608,0.487296,359.8, 66.532,3.04e-01, 16.6, 4.6,938
2776, 73953,24032019,25092023 222452, 510, 27072.3, 23.839,307.367,0.487846,359.8, 69.195,3.20e-01, 18.3,10.1, - 
2777, 73954,26032019,26092023 065424,1635, 27072.3, 23.772,303.164,0.508045,359.8, 77.310,7.86e-01, 19.3, -  , - 
2778, 73955,24032019,25092023 235211,1437, 27078.5, 23.946,303.460,0.508527,359.8, 76.007,7.24e-01, 18.7,35.2, - 
2779, 73956,24032019,26092023 023628,1608, 27078.2, 23.918,303.558,0.509495,359.8, 75.803,2.96e-01, 19.0, 4.3,850
2780, 73957,24032019,25092023 215826,1608, 27078.2, 23.972,304.962,0.509002,359.8, 73.004,3.79e-01, 19.3, 8.8, - 
2781, 73958,24032019,26092023 092732,1077, 27079.7, 23.940,304.052,0.509460,359.8, 74.776,4.54e-01, 17.8, 5.4, - 
2782, 73959,24032019,25092023 201000, 187, 27086.9, 23.918,302.611,0.512152,359.8, 77.480,5.90e-01, 17.7, 5.5, - 
2783, 73960,26032019,26092023 013509, 156, 27070.4, 23.855,304.866,0.514979,359.8, 73.584,5.73e-01, 18.2, 5.0, - 
2784, 73961,24032019,26092023 091133, 889, 27073.7, 23.869,301.848,0.514145,359.8, 77.751,3.41e-01, 18.3, 8.0, - 
2785, 73962,24032019,26092023 055725, 868, 27078.3, 23.996,309.247,0.487284,359.8, 66.120,5.41e-01, 18.1,43.6, - 
2786, 73963,24032019,26092023 034916,1083, 27062.9, 23.934,306.278,0.506031,359.8, 71.325,3.32e-01, 18.7,16.1, - 
2787, 73964,24032019,26092023 020656,1570, 27067.7, 23.969,304.449,0.510246,359.8, 74.028,3.32e-01, 19.4,36.3, - 
2788, 73965,24032019,25092023 174302, 516, 27089.5, 23.891,304.878,0.502070,359.8, 72.940,3.14e-01, 16.9,47.6, - 
2789, 73966,24032019,25092023 190415,1305, 27072.5, 23.879,306.166,0.504397,359.8, 70.989,3.25e-01, 18.7,17.7, - 
2790, 73967,24032019,26092023 014711,1510, 27071.3, 24.009,305.053,0.506484,359.8, 73.506,3.92e-01, 18.9,52.7, - 
2791, 73968,24032019,26092023 071606,1587, 27070.1, 24.005,304.995,0.509186,359.8, 72.841,4.50e-01, 18.5,25.4, - 
2792, 73969,24032019,26092023 062415,1628, 27073.9, 23.959,303.749,0.508977,359.8, 75.209,5.44e-01, 19.0,13.8, - 
2793, 73970,24032019,25092023 174831,1609, 27072.1, 23.978,303.753,0.509895,359.8, 74.964,3.00e-01, 19.2,17.8, - 
2794, 73971,24032019,26092023 032130,1589, 27073.1, 23.957,303.830,0.508469,359.8, 75.110,6.64e-01, 18.2,42.3, - 
2795, 73972,24032019,26092023 042135, 495, 27093.2, 23.925,306.717,0.503224,359.8, 70.042,4.50e-01, 18.1,11.2, - 
2796, 73973,03042019,25092023 232946,  49, 27065.1, 23.973,304.684,0.510690,359.8, 73.634,2.48e-01, 15.8, 0.2, 37
2797, 73974,24032019,26092023 043844, 563, 27083.7, 23.981,305.045,0.504985,359.8, 73.327,3.68e-01, 17.8, 5.3, - 
2798, 73975,03042019,25092023 221413, 274, 27072.8, 23.976,304.089,0.505499,359.8, 75.045,7.05e-01, 18.7, 6.3, - 
2799, 73976,24032019,26092023 030748, 863, 27076.4, 24.071,306.087,0.502261,359.8, 70.052,4.10e-01, 17.8,32.9, - 
2800, 73977,03042019,25092023 223533,1302, 27092.2, 23.813,306.886,0.494082,359.8, 69.882,5.67e-01, 18.7, -  , - 
2801, 73978,24032019,26092023 080019, 243, 27109.9, 23.973,305.668,0.491572,359.8, 73.924,2.06e-01, 18.3, 4.1,664
2802, 73979,03042019,26092023 005938, 495, 27075.4, 23.827,304.130,0.505795,359.8, 74.624,3.45e-01, 16.9,23.4, - 
2803, 73980,03042019,26092023 040211, 159, 27103.1, 23.987,307.591,0.498576,359.8, 69.163,2.77e-01, 17.7, 5.1, - 
2804, 73981,03042019,26092023 043605, 454, 27083.9, 23.971,304.388,0.508799,359.8, 73.961,3.85e-01, 17.2,28.9, - 
2805, 73982,24032019,25092023 235656,1628, 27086.4, 23.922,303.858,0.506818,359.8, 75.176,9.33e-01, 19.2,64.6, - 
2806, 73983,24032019,26092023 020343,1021, 27086.8, 23.827,304.521,0.505874,359.8, 75.004,5.81e-01, 17.3,53.8, - 
2807, 73984,04042019,25092023 234149, 182, 27115.9, 23.799,306.419,0.495380,359.8, 71.802,7.67e-01, 17.4, 5.6, - 
2808, 73985,24032019,26092023 020813,1547, 27081.3, 23.979,302.023,0.510116,359.8, 77.832,3.45e-01, 18.8, 4.6, - 
2809, 73986,24032019,26092023 052845,1339, 27084.3, 24.030,307.466,0.505045,359.8, 68.327,5.34e-01, 18.7, -  , - 
2810, 73987,24032019,26092023 005928,1608, 27080.6, 23.999,304.666,0.508941,359.8, 73.215,1.54e-01, 19.0,82.1, - 
2811, 73988,30032019,26092023 020634, 481, 27094.5, 23.908,306.135,0.497172,359.8, 71.218,6.89e-01, 16.8,58.4, - 
2812, 73989,24032019,25092023 225713,  40, 27073.8, 24.119,304.573,0.511324,359.8, 74.103,4.82e-01, 17.6, 0.1, 26
2813, 73991,24032019,26092023 094459, 488, 27048.0, 23.716,303.084,0.516745,359.8, 79.447,5.05e-01, 17.8,12.7, - 
2814, 73992,24032019,26092023 103437,1570, 27074.2, 23.914,303.538,0.509803,359.8, 76.006,4.67e-01, 18.6,16.5, - 
2815, 73993,24032019,26092023 010050,1608, 27082.9, 24.013,303.689,0.509808,359.8, 75.744,6.40e-01, 18.6,40.0, - 
2816, 73994,24032019,26092023 040255,1485, 27082.5, 23.914,305.201,0.511349,359.8, 72.911,3.64e-01, 19.1,19.3, - 
2817, 73995,24032019,25092023 232424, 419, 27101.0, 24.160,307.160,0.490556,359.8, 68.463,3.35e-01, 17.9,12.6, - 
2818, 73996,24032019,26092023 095851,1572, 27084.1, 23.906,305.324,0.508376,359.8, 72.744,3.34e-01, 19.5,10.7, - 
2819, 73997,24032019,25092023 193159, 581, 27146.2, 24.203,310.609,0.466851,359.8, 65.038,3.27e-01, 17.1,19.8, - 
2820, 73998,24032019,26092023 075924,1609, 27083.6, 23.966,304.599,0.509356,359.8, 74.147,3.38e-01, 19.4,26.9, - 
2821, 73999,24032019,26092023 005250,1003, 27091.0, 23.874,305.437,0.504524,359.8, 73.073,5.44e-01, 16.4,29.5, - 
2822, 74000,28082012,25092023 182824,   7, 26989.7, 28.268,318.937,0.743797,359.8,206.129,1.55e-01, 16.3, 1.8, 35
2823, 74001,06032013,25092023 151319,1601, 27114.4, 62.231,199.560,0.667210,  0.1,269.961,3.48e-02, 15.9, 5.6, - 
2824, 74002,10032015,26092023 034600, 546, 26690.4, 23.848,221.713,0.741999,  0.2,136.738,5.00e-02, 16.8, 2.1,475
2825, 74003,10092018,26092023 012938,1841, 27141.8, 20.020,207.233,0.519538,  0.3, 50.040,4.08e+00, 18.7, -  , - 
2826, 74004,09092018,25092023 215627,1750, 27151.6, 20.136,211.100,0.510030,  0.3, 43.505,2.24e+00, 18.2, -  , - 
2827, 74005,11092018,26092023 025911,   5, 27105.2, 20.109,198.177,0.523423,  0.4, 70.701,1.57e-01, 15.3, 0.1, 23
2828, 74006,02042019,26092023 011335, 209, 27062.2, 23.968,305.477,0.511159,359.8, 72.250,3.63e-01, 18.0,10.7, - 
2829, 74007,24032019,26092023 074937, 866, 27106.2, 24.006,305.832,0.491730,359.8, 70.412,4.16e-01, 18.2,63.3, - 
2830, 74008,24032019,25092023 181741, 475, 27105.8, 24.008,306.261,0.501073,359.8, 70.261,6.17e-01, 17.9,24.8, - 
2831, 74009,24032019,25092023 175133,1613, 27090.4, 24.066,305.931,0.509560,359.8, 71.008,3.01e-01, 19.2,14.6, - 
2832, 74010,24032019,26092023 053948, 484, 27081.9, 23.927,304.529,0.509300,359.8, 73.969,5.86e-01, 16.8,24.1, - 
2833, 74011,24032019,26092023 081813,  70, 27081.4, 24.043,303.614,0.527463,359.8, 77.368,3.51e-01, 17.8, 1.1,160
2834, 74012,24032019,25092023 235747, 131, 27081.3, 23.745,303.468,0.505734,359.8, 77.954,4.08e-01, 17.8, 5.7, - 
2835, 74013,24032019,26092023 094008,1458, 27087.8, 23.990,303.558,0.509239,359.8, 75.759,6.67e-01, 18.6, -  , - 
2836, 74014,24032019,26092023 104556,1601, 27087.6, 23.969,306.207,0.508625,359.8, 71.227,2.76e-01, 17.4,37.0, - 
2837, 74015,24032019,26092023 011715, 248, 27073.7, 23.887,303.977,0.504703,359.8, 75.344,3.62e-01, 16.7, 6.2, - 
2838, 74016,24032019,26092023 075135,1514, 27088.1, 23.998,305.121,0.509227,359.8, 72.799,2.95e-01, 18.9,11.7, - 
2839, 74017,24032019,26092023 085840,1406, 27079.4, 23.798,302.440,0.516469,359.8, 77.598,3.11e-01, 19.0,52.9, - 
2840, 74018,24032019,26092023 062001,1495, 27093.7, 24.196,302.662,0.506701,359.8, 77.259,7.18e-01, 17.8,27.6, - 
2841, 74019,24032019,26092023 084022,1607, 27088.4, 24.028,305.105,0.509259,359.8, 72.583,2.99e-01, 19.5, 4.7, - 
2842, 74020,24032019,26092023 064120,1465, 27088.6, 23.931,305.038,0.508779,359.8, 73.261,3.56e-01, 19.0,45.3, - 
2843, 74021,24032019,26092023 032747, 165, 27089.5, 24.055,304.145,0.500340,359.8, 73.557,5.94e-01, 18.0, 2.9,480
2844, 74022,24032019,25092023 212441, 627, 27091.1, 23.953,306.252,0.504946,359.8, 70.859,3.40e-01, 18.1, 4.2,657
2845, 74023,24032019,26092023 040015, 848, 27100.1, 23.676,302.951,0.505930,359.8, 76.567,5.31e-01, 18.4,47.7, - 
2846, 74024,24032019,26092023 035405,1518, 27085.0, 23.598,294.723,0.523644,359.9, 89.623,5.66e-01, 18.8,55.5, - 
2847, 74025,24032019,25092023 223446, 178, 27069.2, 23.962,304.110,0.508581,359.8, 74.518,4.14e-01, 17.8, 4.8, - 
2848, 74026,03042019,25092023 192145,1458, 27079.4, 24.000,307.526,0.506729,359.8, 69.024,3.94e-01, 17.0, -  , - 
2849, 74027,24032019,26092023 042732, 153, 27090.9, 23.880,305.279,0.500901,359.8, 72.584,5.72e-01, 16.7, 3.0,683
2850, 74028,24032019,26092023 033224, 509, 27103.6, 23.796,307.086,0.494159,359.8, 69.958,6.47e-01, 17.6,34.0, - 
2851, 74029,24032019,26092023 005352,1628, 27089.7, 23.910,304.334,0.507933,359.8, 74.535,6.60e-01, 19.7,20.9, - 
2852, 74030,24032019,26092023 024622,1589, 27085.6, 23.944,305.315,0.509059,359.8, 72.689,3.26e-01, 18.9, 6.3, - 
2853, 74031,24032019,26092023 044554, 168, 27009.4, 23.856,301.482,0.564524,359.8, 76.428,4.36e-01, 17.8,12.2, - 
2854, 74032,24032019,26092023 091041,1520, 27089.5, 23.963,303.038,0.508736,359.8, 76.698,3.90e-01, 19.3,23.3, - 
2855, 74033,24032019,25092023 230435, 553, 27077.2, 23.823,303.783,0.511627,359.8, 76.247,6.66e-01, 18.1,10.3, - 
2856, 74034,24032019,26092023 095518, 209, 27087.8, 23.964,304.630,0.507362,359.8, 73.646,4.61e-01, 18.5, 2.7,268
2857, 74035,24032019,26092023 013047, 473, 27036.0, 24.140,305.657,0.502831,359.8, 71.628,4.52e-01, 17.9, 5.6, - 
2858, 74036,24032019,26092023 091311,1570, 27081.1, 23.899,305.698,0.509353,359.8, 72.223,5.68e-01, 18.7,64.1, - 
2859, 74037,24032019,26092023 025820, 274, 27080.0, 24.718,306.789,0.475656,359.8, 69.837,3.84e-01, 17.9, 4.0,685
2860, 74038,24032019,26092023 013132,1608, 27075.1, 23.921,304.395,0.509535,359.8, 74.398,4.12e-01, 19.5, 9.0, - 
2861, 74039,24032019,26092023 000901,1628, 27075.2, 23.850,304.151,0.509666,359.8, 75.264,3.55e-01, 19.8,25.6, - 
2862, 74040,24032019,25092023 231422,1569, 27075.3, 23.951,303.378,0.510879,359.8, 76.205,4.06e-01, 19.9, 3.4,658
2863, 74041,26032019,26092023 015505,1464, 27071.5, 24.007,300.946,0.514096,359.8, 79.555,3.23e-01, 18.7,64.3, - 
2864, 74042,24032019,25092023 230041, 182, 26987.7, 23.751,300.982,0.563669,359.8, 77.939,3.74e-01, 17.2, 3.9,777
2865, 74043,24032019,25092023 232117,1019, 27073.5, 23.986,304.520,0.509934,359.8, 74.255,2.50e-01, 18.0,29.9, - 
2866, 74044,24032019,26092023 035702,1393, 27069.3, 23.907,304.657,0.509402,359.8, 74.000,3.43e-01, 19.2,19.3, - 
2867, 74045,24032019,26092023 080413,1396, 27070.7, 23.952,304.208,0.510627,359.8, 74.444,3.50e-01, 19.2,31.1, - 
2868, 74046,24032019,25092023 223327, 486, 27063.6, 24.207,303.862,0.509492,359.8, 74.571,6.61e-01, 17.9,19.7, - 
2869, 74047,24032019,26092023 041444,1572, 27091.8, 23.881,300.908,0.506437,359.8, 80.182,7.91e-01, 19.5,82.9, - 
2870, 74048,07042019,25092023 190603, 191, 27104.1, 23.619,305.171,0.506058,359.8, 74.366,6.95e-01, 17.9, 6.9, - 
2871, 74049,08042019,26092023 110244,1551, 27096.7, 23.952,305.373,0.508250,359.8, 72.536,3.82e-01, 19.3,13.5, - 
2872, 74050,08042019,26092023 050022, 250, 27165.3, 24.996,308.098,0.365899,359.8, 77.566,4.71e-01, 17.8,12.3, - 
2873, 74051,10042019,25092023 234603, 991, 27091.0, 23.913,306.145,0.502529,359.8, 71.816,2.14e-01, 17.3,47.9, - 
2874, 74052,06042019,26092023 013607, 164, 27073.2, 24.073,302.862,0.508556,359.8, 76.640,7.05e-01, 17.3, 1.6,342
2875, 74053,07042019,26092023 030939, 863, 27097.5, 23.763,302.890,0.506262,359.8, 77.542,4.20e-01, 17.9, 5.9, - 
2876, 74054,09042019,25092023 211747, 721, 27165.0, 13.465,116.199,0.639205,  0.2,267.836,4.11e+00, 14.5, -  , - 
2877, 74055,10042019,25092023 231346, 255, 27011.8, 12.990, 81.025,0.485627,359.9,224.688,1.19e+00, 16.5,21.8, - 
2878, 74056,06042019,26092023 040004,1628, 27071.7, 23.878,302.777,0.507946,359.8, 77.204,8.37e-01, 19.5, -  , - 
2879, 74057,26032019,26092023 044524,1567, 27069.6, 23.957,304.207,0.510217,359.8, 74.441,3.79e-01, 17.7,11.0, - 
2880, 74058,24032019,26092023 060956,1275, 27096.9, 23.897,303.569,0.509938,359.8, 75.688,5.91e-01, 19.0, 4.6,782
2881, 74059,06042019,26092023 071927, 188, 27090.6, 11.294,113.725,0.446484,  0.3,172.542,2.69e+00, 17.8,53.2, - 
2882, 74060,26032019,26092023 031817, 179, 27060.8, 24.053,302.726,0.510186,359.8, 76.462,3.72e-01, 16.4, 1.0,210
2883, 74061,24032019,26092023 063439,1551, 27079.2, 23.783,297.775,0.509123,359.9, 86.351,7.96e-01, 18.8,71.9, - 
2884, 74062,24032019,25092023 230206, 141, 27073.5, 23.996,306.211,0.505879,359.8, 70.761,3.29e-01, 17.7, 1.2,267
2885, 74063,24032019,25092023 215946,1344, 27071.6, 24.065,303.855,0.512892,359.8, 74.667,2.57e-01, 19.4,45.0, - 
2886, 74064,24032019,26092023 072331,  17, 27071.7, 23.953,304.551,0.509465,359.8, 73.746,3.73e-01, 17.1, 0.1, 29
2887, 74065,24032019,26092023 040829, 197, 27060.1, 23.855,303.786,0.501800,359.8, 76.407,7.81e-01, 17.5,22.9, - 
2888, 74066,24032019,26092023 083959, 827, 27070.3, 23.901,304.400,0.507487,359.8, 74.678,3.94e-01, 18.1,34.9, - 
2889, 74067,24032019,26092023 085124, 485, 27072.6, 23.899,302.107,0.513594,359.8, 77.158,6.76e-01, 17.0,76.2, - 
2890, 74068,24032019,26092023 011944,1494, 27070.5, 23.875,302.084,0.509109,359.8, 79.202,7.32e-01, 18.6, -  , - 
2891, 74069,26032019,26092023 075154, 153, 27075.8, 23.933,305.143,0.507941,359.8, 72.488,3.46e-01, 18.3, 1.5,298
2892, 74070,24032019,26092023 094012, 181, 27078.3, 23.891,304.938,0.508492,359.8, 73.229,4.61e-01, 17.8, 2.9,530
2893, 74071,24032019,25092023 185234,1289, 27083.7, 23.711,308.887,0.484104,359.8, 66.415,6.60e-01, 18.7,55.2, - 
2894, 74072,24032019,26092023 085244,1609, 27071.6, 23.894,301.097,0.509354,359.8, 80.509,1.05e+00, 19.5, 7.9, - 
2895, 74073,24032019,25092023 205501, 538, 27088.1, 23.864,303.679,0.507356,359.8, 75.727,4.27e-01, 18.3, -  , - 
2896, 74074,24032019,25092023 234543, 413, 27068.5, 23.803,304.242,0.507053,359.8, 70.889,4.21e-01, 18.1,13.1, - 
2897, 74075,24032019,25092023 234417,1304, 27070.2, 23.863,304.095,0.504094,359.8, 74.763,5.60e-01, 19.3,23.6, - 
2898, 74076,24032019,26092023 034114, 147, 27090.0, 23.840,304.322,0.505103,359.8, 75.317,6.37e-01, 17.9, 0.8,166
2899, 74077,24032019,25092023 213624, 506, 27070.1, 24.087,303.020,0.513402,359.8, 76.957,6.50e-01, 17.1, 6.7,808
2900, 74078,24032019,26092023 044840,1309, 27061.3, 23.858,305.373,0.508237,359.8, 72.452,3.31e-01, 18.9,14.2, - 
2901, 74079,01042019,26092023 031735, 185, 27036.0, 24.048,304.098,0.510332,359.8, 73.258,5.22e-01, 18.3,18.2, - 
2902, 74080,24032019,26092023 022345, 546, 27094.8, 24.013,304.759,0.502990,359.8, 73.061,2.60e-01, 18.1,63.7, - 
2903, 74081,24032019,25092023 234630, 210, 27103.9, 23.967,305.730,0.499581,359.8, 72.437,5.82e-01, 18.4,33.0, - 
2904, 74082,24032019,26092023 005438, 184, 27063.4, 23.873,303.823,0.509986,359.8, 75.461,3.87e-01, 17.9, 0.5,105
2905, 74083,24032019,26092023 045810,1548, 27069.9, 23.961,305.259,0.508267,359.8, 72.136,3.13e-01, 18.8,47.6, - 
2906, 74084,24032019,26092023 084704,1608, 27069.1, 23.985,304.851,0.510506,359.8, 73.246,1.65e-01, 19.5, 6.8, - 
2907, 74085,24032019,25092023 233413, 908, 27091.5, 24.010,304.982,0.505309,359.8, 72.889,4.00e-01, 17.2,23.7, - 
2908, 74086,24032019,26092023 024225,1510, 27070.3, 23.904,303.843,0.510048,359.8, 75.474,3.09e-01, 19.5,12.1, - 
2909, 74087,24032019,25092023 223522, 922, 27060.5, 23.985,306.254,0.500034,359.8, 70.819,7.20e-01, 17.9,50.6, - 
2910, 74088,01052019,26092023 030003,1319, 27057.0, 23.897,302.886,0.512450,359.8, 77.088,6.59e-01, 18.6, 4.5,898
2911, 74089,24032019,26092023 031752, 901, 27079.7, 23.763,301.974,0.506576,359.8, 77.160,4.02e-01, 18.5,60.0, - 
2912, 74090,24032019,26092023 000108, 166, 27073.6, 23.695,304.234,0.502590,359.8, 74.697,8.40e-01, 18.0, 9.7, - 
2913, 74091,24032019,26092023 005504,1142, 27096.2, 23.759,301.670,0.509951,359.8, 80.291,1.02e+00, 17.2, -  , - 
2914, 74092,24032019,25092023 212526,1549, 27070.5, 23.985,304.898,0.509981,359.8, 72.420,3.31e-01, 19.3, 6.9, - 
2915, 74093,24032019,26092023 003713, 166, 27069.3, 23.872,304.341,0.494886,359.8, 73.731,4.85e-01, 17.4, 9.1, - 
2916, 74094,30032019,26092023 071937,1398, 27069.8, 23.932,304.808,0.509859,359.8, 73.592,2.60e-01, 18.4, 5.8, - 
2917, 74095,24032019,25092023 194752, 209, 27076.2, 23.948,307.252,0.506094,359.8, 69.373,2.14e-01, 18.2, 0.5, 52
2918, 74096,24032019,25092023 225354, 175, 27065.1, 23.953,304.221,0.510485,359.8, 75.356,3.99e-01, 17.7, 2.1,482
2919, 74097,24032019,26092023 003645,1510, 27073.8, 23.891,302.916,0.509446,359.8, 77.398,7.02e-01, 19.4, -  , - 
2920, 74098,26032019,26092023 082153, 580, 27048.3, 23.927,303.154,0.520083,359.8, 76.118,6.59e-01, 17.1,18.3, - 
2921, 74099,24032019,26092023 030519,1513, 27067.9, 23.893,305.035,0.509296,359.8, 73.621,4.65e-01, 19.0,35.4, - 
2922, 74100,24012015,25092023 150749, 125, 27148.2, 62.783, 50.061,0.735571,359.9,279.308,1.71e-01, 15.0, 3.0,592
2923, 74101,24062016,26092023 022322,   0, 42166.1,  4.384,298.124,0.020099,359.2,246.392,1.00e-02,  9.8, 0.1,  1
2924, 74102,17102017,25092023 193946, 277, 27174.6, 17.803,222.098,0.680517,  0.3, 25.770,8.71e-02, 16.1, 1.9,398
2925, 74103,16022018,25092023 173658,1936, 27136.9, 62.765,221.999,0.676657,  0.1,274.858,2.18e-01, 17.1,26.9, - 
2926, 74104,06092018,26092023 000052,1779, 27161.3, 20.268,212.507,0.508972,  0.3, 42.989,2.81e+00, 18.3, -  , - 
2927, 74105,06092018,26092023 030253,   1, 27148.1, 20.121,196.356,0.523464,  0.4, 71.263,1.79e-02, 17.1, 0.1,  1
2928, 74106,06092018,26092023 104324, 173, 27150.9, 20.199,213.663,0.501448,  0.3, 46.427,1.96e-01, 16.9, 2.3,516
2929, 74107,09092018,26092023 093137,1840, 27154.2, 20.377,217.196,0.499584,  0.3, 31.815,3.90e+00, 18.7, -  , - 
2930, 74108,24032019,26092023 075024,1425, 27078.6, 24.113,306.330,0.505108,359.8, 71.413,4.38e-01, 18.6,89.2, - 
2931, 74109,25042019,25092023 174822, 992, 27077.1,  9.661,114.718,0.427234,  0.3,139.410,2.07e+00, 15.0, -  , - 
2932, 74110,30032019,26092023 063127,1305, 27074.6, 23.762,303.358,0.508703,359.8, 76.278,3.76e-01, 17.9,15.4, - 
2933, 74111,24032019,26092023 011620,1224, 27073.9, 23.961,303.774,0.507760,359.8, 75.351,7.30e-01, 17.1,21.3, - 
2934, 74112,24032019,25092023 200054, 180, 27071.4, 23.909,304.109,0.511927,359.8, 74.441,3.51e-01, 18.2, 3.0,579
2935, 74113,24032019,26092023 075354, 189, 27094.4, 23.877,305.257,0.506275,359.8, 73.027,5.65e-01, 18.1, 9.6, - 
2936, 74114,24032019,26092023 062438, 182, 27066.4, 23.955,303.905,0.508273,359.8, 75.033,3.85e-01, 18.0, 6.7, - 
2937, 74115,03042019,26092023 005501, 520, 27068.3, 24.004,303.856,0.502162,359.8, 74.695,1.00e+00, 17.3,15.0, - 
2938, 74116,26032019,26092023 063559, 956, 27077.2, 23.830,302.675,0.516647,359.8, 77.620,5.01e-01, 17.1,22.8, - 
2939, 74117,01042019,26092023 044840,  84, 27070.1, 23.878,304.655,0.502324,359.8, 74.146,5.58e-01, 18.6, 4.5,903
2940, 74118,24032019,26092023 040726, 518, 27074.5, 23.890,305.156,0.500425,359.8, 72.759,9.02e-01, 17.3,33.0, - 
2941, 74119,24032019,25092023 221010,1339, 27068.7, 23.922,304.230,0.508742,359.8, 74.512,5.48e-01, 18.3,13.1, - 
2942, 74120,01052019,25092023 234445, 475, 27076.6, 23.883,304.075,0.511421,359.8, 75.436,6.09e-01, 18.6,20.4, - 
2943, 74121,26032019,26092023 081119,1141, 27069.6, 23.976,303.077,0.513863,359.8, 77.446,5.77e-01, 18.1,71.1, - 
2944, 74122,24032019,26092023 080733, 475, 27125.7, 23.957,300.794,0.514829,359.8, 79.183,4.71e-01, 19.6,42.2, - 
2945, 74123,24032019,26092023 013109,1170, 27076.5, 24.012,302.527,0.509648,359.8, 77.704,7.79e-01, 18.1,25.1, - 
2946, 74124,30032019,25092023 195605, 933, 27059.6, 24.000,305.037,0.506795,359.8, 73.086,6.08e-01, 17.2,51.6, - 
2947, 74125,24032019,25092023 224745,1510, 27068.0, 23.929,305.073,0.511900,359.8, 72.665,3.32e-01, 19.5,35.4, - 
2948, 74126,05042019,26092023 065529, 877, 27069.3, 24.141,303.834,0.506745,359.8, 74.619,7.08e-01, 17.0,58.4, - 
2949, 74127,24032019,26092023 012511, 432, 27052.3, 23.994,308.216,0.483278,359.8, 67.344,5.03e-01, 18.1,11.0, - 
2950, 74128,21042019,26092023 033138, 164, 27088.7, 24.143,306.436,0.495617,359.8, 70.508,6.16e-01, 17.7, 4.9, - 
2951, 74129,24032019,26092023 003047, 183, 27095.3, 23.800,304.808,0.496278,359.8, 75.328,5.14e-01, 17.5, 3.2,196
2952, 74130,26032019,26092023 052855, 208, 26782.4, 23.602,295.777,0.663110,359.9, 77.660,4.64e-01, 18.0, 6.7, - 
2953, 74131,24032019,26092023 092400,1246, 27072.3, 23.960,304.998,0.508407,359.8, 73.239,3.95e-01, 17.9,12.1, - 
2954, 74132,26032019,26092023 065311, 189, 27070.3, 23.865,302.719,0.513237,359.8, 76.999,2.46e-01, 18.4, 4.2,965
2955, 74133,26032019,25092023 173813,1590, 27071.8, 23.928,303.931,0.509994,359.8, 75.347,4.19e-01, 19.3, -  , - 
2956, 74134,24032019,25092023 223526,1439, 27074.1, 23.910,299.995,0.513134,359.8, 81.260,8.04e-01, 19.4, -  , - 
2957, 74135,30032019,26092023 093708,1478, 27067.2, 23.948,306.540,0.509177,359.8, 70.752,4.94e-01, 19.1, -  , - 
2958, 74136,24032019,26092023 021215, 135, 27054.8, 24.021,301.825,0.515501,359.8, 78.163,2.47e-01, 18.0, 0.7,129
2959, 74137,24032019,26092023 090441, 196, 27076.7, 23.944,306.472,0.506414,359.8, 70.719,5.02e-01, 18.2,15.0, - 
2960, 74138,03042019,26092023 094212, 137, 27053.5, 24.040,303.062,0.525910,359.8, 76.568,2.67e-01, 17.3, 8.4, - 
2961, 74139,24032019,26092023 012722, 901, 27076.3, 23.969,306.435,0.496004,359.8, 70.158,6.94e-01, 18.4,19.4, - 
2962, 74140,30032019,26092023 063311, 517, 27091.9, 23.983,309.936,0.482896,359.8, 64.846,4.50e-01, 17.0,39.6, - 
2963, 74141,01042019,26092023 020552, 578, 27057.7, 23.753,300.767,0.519312,359.8, 80.776,3.93e-01, 17.8, 9.4, - 
2964, 74142,24032019,25092023 190635, 135, 27101.3, 24.224,306.254,0.491314,359.8, 72.251,5.75e-01, 17.4, 7.6, - 
2965, 74143,03042019,26092023 041325, 922, 27044.1, 24.008,302.084,0.517344,359.8, 78.283,3.23e-01, 16.9,85.7, - 
2966, 74144,24032019,25092023 220059,1225, 27068.4, 24.017,305.813,0.505401,359.8, 71.006,5.85e-01, 17.1,13.0, - 
2967, 74145,25032019,26092023 083306, 430, 27077.7, 23.846,303.352,0.505242,359.8, 75.752,5.24e-01, 17.7, 6.7, - 
2968, 74146,26032019,26092023 041924,1482, 27078.0, 24.029,301.687,0.509313,359.8, 79.063,7.78e-01, 18.0,65.5, - 
2969, 74147,01042019,25092023 224904,1417, 27068.9, 23.998,303.585,0.510483,359.8, 75.334,5.87e-01, 19.0,35.1, - 
2970, 74148,30032019,26092023 091602,1638, 27077.6, 23.921,303.289,0.508608,359.8, 76.294,6.68e-01, 19.3, 6.2, - 
2971, 74149,25032019,25092023 234927, 903, 27105.8, 23.942,310.120,0.487360,359.8, 64.022,4.38e-01, 17.5,46.3, - 
2972, 74150,30032019,26092023 015257,1569, 27075.8, 23.916,306.109,0.509694,359.8, 71.486,2.51e-01, 19.0,99.0, - 
2973, 74151,26032019,25092023 232156, 238, 26937.9, 23.986,301.327,0.586215,359.8, 71.929,4.18e-01, 18.4, 1.3,262
2974, 74152,26032019,26092023 071126,1586, 27078.0, 23.931,303.970,0.509888,359.8, 74.949,4.21e-01, 18.9, -  , - 
2975, 74153,03042019,26092023 035727, 244, 27081.0, 24.025,303.333,0.509721,359.8, 76.193,4.73e-01, 18.3, 9.9, - 
2976, 74154,24032019,25092023 231817, 180, 27092.2, 24.053,304.192,0.504939,359.8, 74.243,6.02e-01, 17.8,13.1, - 
2977, 74155,26032019,25092023 212621, 159, 27074.3, 23.954,302.655,0.508259,359.8, 75.982,8.01e-01, 17.4, 5.6, - 
2978, 74156,05042019,25092023 235532,1630, 27094.7, 23.836,299.398,0.505939,359.8, 82.717,1.75e+00, 19.7, -  , - 
2979, 74157,24032019,25092023 230326,1534, 27084.7, 23.953,304.085,0.510823,359.8, 74.460,5.41e-01, 19.5,31.1, - 
2980, 74158,24032019,25092023 205214, 473, 27070.8, 24.044,302.684,0.512701,359.8, 77.016,6.55e-01, 17.9,18.0, - 
2981, 74159,26032019,26092023 043427,   4, 27076.8, 23.892,302.606,0.512375,359.8, 76.952,5.05e-01, 16.3, 0.1, 11
2982, 74160,26032019,26092023 055434, 836, 27083.9, 24.020,307.431,0.501552,359.8, 69.399,6.46e-01, 18.5,22.8, - 
2983, 74161,24032019,26092023 045658,1590, 27078.7, 23.877,305.029,0.506833,359.8, 73.284,5.27e-01, 18.5, 3.9,864
2984, 74162,24032019,26092023 063702, 228, 27082.3, 23.889,308.090,0.492705,359.8, 67.804,7.39e-01, 17.6,10.5, - 
2985, 74163,28032019,26092023 060934,1037, 27072.0, 23.795,301.075,0.508003,359.8, 80.637,1.18e+00, 16.9, 5.6, - 
2986, 74164,09042019,26092023 022316, 184, 27084.9, 23.954,302.925,0.510519,359.8, 76.201,6.78e-01, 18.2, 5.5, - 
2987, 74165,03042019,26092023 104114,1493, 27073.8, 23.891,303.120,0.511744,359.8, 77.217,5.95e-01, 19.2,75.9, - 
2988, 74166,24032019,26092023 005304,1262, 27073.7, 23.944,304.341,0.510110,359.8, 74.652,5.13e-01, 18.0,74.6, - 
2989, 74167,24032019,26092023 033237,1492, 27077.5, 23.803,294.190,0.522483,359.9, 90.539,6.72e-01, 19.3, -  , - 
2990, 74168,24032019,26092023 035054, 568, 27076.1, 23.945,303.266,0.506424,359.8, 76.610,5.52e-01, 17.2, 6.0, - 
2991, 74169,24032019,26092023 080053, 519, 27079.2, 23.883,303.128,0.510199,359.8, 76.283,6.59e-01, 18.2, 2.2,358
2992, 74170,24032019,26092023 030420, 164, 27079.2, 24.050,304.447,0.507601,359.8, 73.917,7.59e-01, 18.5, 6.9, - 
2993, 74171,24032019,26092023 035240, 144, 27093.4, 23.808,303.404,0.505538,359.8, 77.254,6.21e-01, 15.2, 3.8,856
2994, 74172,10042019,26092023 085839,1567, 27078.9, 23.979,301.777,0.510137,359.8, 78.467,8.02e-01, 19.1, -  , - 
2995, 74173,24032019,26092023 023744, 545, 27083.1, 23.907,304.077,0.500469,359.8, 74.864,6.64e-01, 17.0,16.4, - 
2996, 74175,24032019,26092023 070605, 900, 27049.1, 23.963,300.862,0.518429,359.8, 79.885,4.31e-01, 17.1,12.0, - 
2997, 74177,24032019,26092023 041656, 452, 27089.4, 24.100,305.056,0.501622,359.8, 71.582,7.03e-01, 17.6,39.5, - 
2998, 74179,24032019,26092023 052237,1229, 27077.2, 24.086,308.098,0.501103,359.8, 67.802,5.49e-01, 18.0,73.2, - 
2999, 74180,24032019,26092023 073908, 498, 27082.0, 23.959,305.330,0.500095,359.8, 72.333,8.03e-01, 17.6,14.6, - 
3000, 74181,26032019,26092023 070607, 860, 27078.5, 24.041,305.048,0.503827,359.8, 72.354,8.54e-01, 17.9,45.1, - 
3001, 74182,24032019,26092023 004135,1572, 27076.8, 23.956,303.524,0.509704,359.8, 75.688,4.91e-01, 19.6,17.2, - 
3002, 74183,24032019,26092023 081242,1461, 27069.7, 23.944,306.940,0.505764,359.8, 70.279,3.71e-01, 19.5,71.0, - 
3003, 74184,24032019,25092023 212318, 619, 27063.0, 23.546,306.355,0.501022,359.8, 67.254,2.20e-01, 17.3,29.0, - 
3004, 74185,26032019,26092023 075601, 977, 27093.2, 23.969,308.681,0.486716,359.8, 68.556,7.98e-01, 18.1,47.1, - 
3005, 74187,31052019,26092023 041821, 139, 27004.8, 12.323, 96.971,0.478670,  0.1,204.490,7.20e-01, 17.3,28.0, - 
3006, 74188,07042019,26092023 040419,1347, 27080.6, 23.822,305.149,0.504746,359.8, 73.399,2.78e-02, 17.5,25.5, - 
3007, 74189,24032019,26092023 062457, 166, 27052.1, 24.021,303.913,0.518689,359.8, 75.043,2.80e-01, 18.1, 3.4,792
3008, 74190,24032019,25092023 164834,1316, 27070.0, 23.923,303.994,0.511063,359.8, 75.152,4.07e-01, 18.7,11.8, - 
3009, 74193,29032019,26092023 002601,1246, 27062.1, 23.889,301.966,0.515542,359.8, 79.479,4.97e-01, 18.3,86.7, - 
3010, 74194,30032019,25092023 231109, 510, 27110.5, 23.960,306.485,0.501669,359.8, 71.157,4.54e-01, 18.3,42.8, - 
3011, 74195,03042019,26092023 095356,1378, 27071.9, 23.947,302.916,0.509138,359.8, 76.515,6.75e-01, 19.4, 4.2,963
3012, 74196,26032019,26092023 084615, 176, 27074.1, 23.784,303.245,0.511946,359.8, 76.897,5.80e-01, 17.5, 7.2, - 
3013, 74197,30032019,26092023 015001,1393, 27074.4, 24.251,306.932,0.495448,359.8, 71.043,9.52e-01, 19.4, -  , - 
3014, 74198,02042019,25092023 234330, 446, 27065.9, 23.747,302.641,0.520479,359.8, 78.699,5.63e-01, 17.1,48.9, - 
3015, 74199,27052019,25092023 225715, 885, 27083.2, 23.979,301.755,0.512723,359.8, 77.720,6.17e-01, 16.8,13.5, - 
3016, 74200,27122013,25092023 143640, 546, 27171.2, 63.612,  2.251,0.737652,359.9,271.781,1.71e-01, 14.6,24.1, - 
3017, 74201,12092014,25092023 213414,   5, 27233.1, 26.492,117.494,0.720428,  0.1,354.563,8.69e-02, 16.1, 0.1, 14
3018, 74202,03102014,25092023 231635,   1, 27167.2, 56.678, 18.594,0.001719,359.9,108.657,5.91e-03, 11.3, 0.1,  1
3019, 74203,06092018,26092023 063415,1684, 27160.9, 20.108,207.369,0.517436,  0.3, 58.564,1.00e-02, 19.2,11.1, - 
3020, 74204,08092018,26092023 050624, 993, 27151.7, 20.498,233.207,0.458497,  0.2,  4.198,4.42e+00, 17.2,65.3, - 
3021, 74205,12102018,26092023 081120, 659, 27169.3, 66.312,265.532,0.525807,  0.0,160.683,1.93e+00, 17.0,18.2, - 
3022, 74206,07042019,25092023 174811, 654, 27071.4, 11.034,107.388,0.464985,  0.2,194.313,3.92e+00, 14.8, -  , - 
3023, 74207,06042019,26092023 011816, 105, 27131.2, 14.117, 73.979,0.477670,359.8,226.719,1.84e+00, 16.5,32.5, - 
3024, 74208,06042019,26092023 001332,   2, 27170.8, 11.905,111.475,0.450819,  0.2,173.207,8.46e-02, 16.5, 0.1,  2
3025, 74209,06042019,25092023 210154, 228, 27184.0, 11.986,110.127,0.465975,  0.2,181.660,1.03e+00, 17.0,27.3, - 
3026, 74210,06042019,26092023 063459, 220, 27250.5, 12.002,103.973,0.483878,  0.1,193.432,1.52e+00, 17.5,67.1, - 
3027, 74211,30032019,26092023 025610, 840, 27086.9, 23.740,301.518,0.511278,359.8, 80.115,7.24e-01, 17.3,14.7, - 
3028, 74212,26032019,26092023 080824,1536, 27067.6, 23.910,303.508,0.510006,359.8, 75.908,4.50e-01, 19.4, 7.2, - 
3029, 74213,26032019,25092023 230943,1609, 27066.5, 23.992,304.198,0.510454,359.8, 74.256,3.13e-01, 19.6,24.4, - 
3030, 74214,24032019,26092023 021551,1583, 27068.2, 23.943,301.899,0.511357,359.8, 78.992,6.60e-01, 19.4, -  , - 
3031, 74215,30032019,25092023 205929, 234, 27070.9, 23.828,302.565,0.505559,359.8, 78.471,9.78e-01, 17.6, 7.8, - 
3032, 74216,26032019,26092023 090147,1590, 27071.0, 23.862,301.436,0.509237,359.8, 80.356,1.11e+00, 19.4,47.4, - 
3033, 74217,30032019,26092023 070123,1608, 27071.1, 23.879,298.288,0.514316,359.9, 86.275,1.13e+00, 19.6, -  , - 
3034, 74218,24032019,26092023 034454, 166, 27082.6, 23.820,302.278,0.512847,359.8, 77.871,5.16e-01, 18.2,12.4, - 
3035, 74219,31032019,25092023 191734,1533, 27070.8, 24.131,301.020,0.508480,359.8, 79.650,9.51e-02, 18.2,69.6, - 
3036, 74220,30032019,25092023 230024,1286, 27072.4, 23.874,306.754,0.501013,359.8, 70.296,3.61e-01, 19.1,24.3, - 
3037, 74221,30032019,26092023 005027, 184, 27067.4, 24.059,302.623,0.513976,359.8, 76.976,3.24e-01, 18.3,20.7,527
3038, 74222,26032019,26092023 012035, 166, 27075.3, 23.909,303.325,0.511198,359.8, 76.099,4.35e-01, 18.2, 0.7,153
3039, 74223,24032019,25092023 214757,1628, 27066.1, 24.019,304.047,0.510599,359.8, 74.409,2.83e-01, 19.5, -  , - 
3040, 74224,24032019,26092023 000457, 486, 27071.8, 23.972,305.394,0.493200,359.8, 72.580,8.28e-01, 16.1,28.3, - 
3041, 74225,24032019,26092023 042347, 471, 27085.9, 23.896,306.100,0.503858,359.8, 71.558,5.62e-01, 17.0,13.2, - 
3042, 74226,24032019,26092023 042019, 135, 27061.2, 23.865,303.965,0.518703,359.8, 74.474,1.84e-01, 18.3, 6.6, - 
3043, 74227,24032019,26092023 092846,1533, 27075.2, 23.948,299.199,0.509869,359.8, 83.495,9.29e-01, 19.1,27.5, - 
3044, 74228,26032019,26092023 095649,1478, 27071.1, 24.035,304.175,0.506806,359.8, 75.305,5.74e-01, 19.3,20.2, - 
3045, 74229,26032019,25092023 224501, 137, 27090.5, 24.026,304.868,0.504931,359.8, 73.558,3.35e-01, 18.2, 3.2,578
3046, 74230,24032019,26092023 031300, 185, 27035.6, 23.969,302.747,0.515758,359.8, 75.653,6.14e-01, 16.9,17.6, - 
3047, 74231,30032019,26092023 090348,   4, 27084.6, 23.925,304.944,0.508262,359.8, 73.143,4.08e-01, 17.6, 0.1, 16
3048, 74232,24032019,26092023 033006,1567, 27079.7, 23.993,305.462,0.508780,359.8, 72.304,3.27e-01, 18.7,53.5, - 
3049, 74233,24032019,26092023 080400, 197, 27079.7, 23.768,304.573,0.508828,359.8, 74.130,2.96e-01, 18.8, 5.1,760
3050, 74234,24032019,26092023 015617,1241, 27081.0, 23.893,308.436,0.504307,359.8, 67.051,2.63e-01, 17.9,55.5, - 
3051, 74235,24032019,26092023 094120, 189, 27060.8, 24.013,303.058,0.508123,359.8, 76.054,4.31e-01, 17.6, 4.1,943
3052, 74236,24032019,26092023 040458,1282, 27075.3, 24.004,308.106,0.504797,359.8, 68.325,3.61e-01, 18.4,85.7, - 
3053, 74237,24032019,25092023 182529, 243, 27080.4, 23.971,303.715,0.515652,359.8, 75.652,4.53e-01, 18.0, 3.2,738
3054, 74238,26032019,26092023 032649, 137, 27098.3, 24.121,305.123,0.499782,359.8, 72.271,6.73e-01, 17.4, 6.0, - 
3055, 74239,26032019,26092023 010655, 166, 27072.7, 24.004,303.617,0.497009,359.8, 75.960,5.46e-01, 18.0, 8.0, - 
3056, 74240,30032019,26092023 001442,1628, 27082.1, 23.867,303.239,0.507164,359.8, 76.543,7.82e-01, 19.1, 9.4, - 
3057, 74241,26032019,26092023 000301,1493, 27083.3, 23.999,302.228,0.507715,359.8, 78.418,5.23e-01, 19.5,52.2, - 
3058, 74242,24032019,25092023 234500,1289, 27082.1, 23.840,303.764,0.508984,359.8, 75.404,5.27e-01, 18.4,32.6, - 
3059, 74243,05042019,25092023 225443, 184, 27070.2, 23.944,302.930,0.509445,359.8, 76.789,2.82e-01, 18.5, 3.4,768
3060, 74244,09042019,26092023 020253, 245, 27041.2, 23.898,301.643,0.504531,359.8, 78.946,7.70e-01, 18.3, 8.3, - 
3061, 74245,09042019,26092023 080349, 486, 27100.7, 23.911,303.252,0.503982,359.8, 76.023,5.40e-01, 17.6,30.5, - 
3062, 74246,24032019,26092023 060436,1316, 27077.1, 23.926,304.154,0.509805,359.8, 74.806,5.47e-01, 18.4,59.6, - 
3063, 74247,10042019,25092023 183354, 214, 27093.1, 23.906,305.088,0.504648,359.8, 73.591,4.50e-01, 18.0, 3.2,739
3064, 74248,24032019,26092023 034408,1017, 27085.8, 23.987,305.413,0.509229,359.8, 72.361,2.76e-01, 18.3, 1.4,313
3065, 74249,24032019,26092023 092815, 579, 27083.6, 24.056,304.791,0.510352,359.8, 73.894,3.61e-01, 18.6, 3.6,774
3066, 74250,24032019,26092023 061750,1532, 27081.3, 23.905,306.128,0.511300,359.8, 71.230,1.50e-01, 18.4,52.0, - 
3067, 74251,24032019,25092023 235644, 476, 27110.8, 24.133,309.054,0.493739,359.8, 66.726,6.27e-01, 17.1,33.2, - 
3068, 74252,24032019,26092023 084244,1370, 27083.6, 23.928,304.831,0.509159,359.8, 73.603,3.95e-01, 18.8,10.3, - 
3069, 74253,24032019,26092023 021839,1080, 27088.0, 24.023,306.139,0.505508,359.8, 71.294,4.52e-01, 17.4, 9.7, - 
3070, 74254,24032019,26092023 085616,1465, 27085.1, 23.991,303.971,0.510116,359.8, 75.090,4.65e-01, 19.2,25.1, - 
3071, 74255,26032019,26092023 020706, 136, 27072.5, 24.024,304.983,0.510644,359.8, 72.616,1.72e-01, 17.9, 1.5,204
3072, 74256,24032019,26092023 061820, 514, 27123.3, 23.910,307.606,0.493777,359.8, 68.644,7.80e-01, 17.5,23.9, - 
3073, 74257,24032019,26092023 053900,1383, 27084.9, 24.069,304.670,0.507422,359.8, 73.614,6.02e-01, 18.4,23.9, - 
3074, 74258,30032019,25092023 221242,1347, 27075.2, 23.906,301.567,0.517649,359.8, 78.973,4.48e-01, 18.6, -  , - 
3075, 74259,24032019,26092023 013541,1628, 27084.4, 23.880,304.152,0.508055,359.8, 74.966,6.29e-01, 19.6,62.9, - 
3076, 74260,24032019,26092023 050401,1534, 27081.4, 23.955,305.276,0.508462,359.8, 72.545,3.83e-01, 19.8,22.8, - 
3077, 74261,06042019,26092023 075950, 848, 27085.0, 23.879,304.338,0.511941,359.8, 75.136,3.02e-01, 18.5,11.7, - 
3078, 74262,24032019,26092023 043200, 491, 27088.1, 23.923,308.522,0.494008,359.8, 66.993,7.30e-01, 18.6,17.8, - 
3079, 74263,24032019,26092023 010052, 200, 27059.7, 23.725,302.897,0.506524,359.8, 78.147,4.38e-01, 16.4,13.4, - 
3080, 74264,24032019,25092023 175655, 605, 27080.2, 23.873,303.896,0.506749,359.8, 75.490,6.66e-01, 17.2,16.9, - 
3081, 74265,26032019,26092023 040127,1609, 27079.1, 23.911,306.437,0.507645,359.8, 70.520,6.54e-01, 19.7, -  , - 
3082, 74266,06042019,26092023 024510,1438, 27098.8, 24.128,305.019,0.496312,359.8, 73.517,8.30e-01, 19.0,43.7, - 
3083, 74267,09042019,25092023 214512,1277, 27084.0, 23.890,303.639,0.507858,359.8, 75.901,5.53e-01, 18.0,64.2, - 
3084, 74268,24032019,26092023 021819, 185, 27066.1, 23.596,302.466,0.528928,359.8, 77.939,3.91e-01, 18.4,15.0, - 
3085, 74269,24032019,26092023 011959, 196, 27091.1, 24.426,304.919,0.500618,359.8, 73.502,5.25e-01, 17.7, 2.1,320
3086, 74270,25032019,26092023 082506, 191, 27126.3, 24.143,307.560,0.490851,359.8, 69.167,5.61e-01, 18.0, 1.5,304
3087, 74271,06042019,26092023 014139, 212, 27097.6, 24.023,306.709,0.495980,359.8, 69.024,5.10e-01, 16.8,18.4, - 
3088, 74272,26032019,26092023 021445, 828, 27073.5, 23.660,303.363,0.507546,359.8, 76.688,7.18e-01, 18.8,11.5, - 
3089, 74273,24032019,26092023 033321,1629, 27091.6, 23.857,304.556,0.507247,359.8, 74.495,6.74e-01, 19.5, -  , - 
3090, 74274,26032019,26092023 000738, 412, 27077.1, 23.579,299.606,0.522301,359.8, 83.407,7.43e-01, 15.6,15.1, - 
3091, 74275,24032019,26092023 072932,1629, 27082.7, 23.973,304.864,0.509228,359.8, 73.402,3.50e-01, 19.6, -  , - 
3092, 74276,30032019,26092023 052203, 868, 27098.3, 23.816,305.721,0.497818,359.8, 70.811,6.12e-01, 16.1,32.1, - 
3093, 74277,26032019,25092023 175216, 183, 27096.6, 23.842,302.755,0.507600,359.8, 77.648,5.97e-01, 17.2, 4.1,954
3094, 74278,24032019,26092023 033857,1629, 27093.2, 23.929,305.272,0.508474,359.8, 72.924,4.05e-01, 19.5, -  , - 
3095, 74279,24032019,25092023 230420, 977, 27087.0, 24.219,309.300,0.496673,359.8, 64.557,4.19e-01, 17.9,28.3, - 
3096, 74280,09042019,26092023 081214, 137, 27069.7, 23.881,302.251,0.514493,359.8, 78.154,6.43e-01, 16.7, 4.0,903
3097, 74281,30032019,26092023 034028, 184, 27032.2, 23.742,302.359,0.507968,359.8, 79.097,7.96e-01, 18.0, 8.4, - 
3098, 74282,30032019,25092023 235141,1590, 27078.0, 23.933,304.158,0.507611,359.8, 74.565,9.47e-01, 19.2,58.5, - 
3099, 74283,24032019,26092023 023550,1569, 27076.7, 23.959,304.259,0.508953,359.8, 74.369,4.85e-01, 19.7,11.1, - 
3100, 74284,30032019,26092023 005159, 925, 27077.0, 24.021,304.882,0.507367,359.8, 74.331,1.00e-02, 15.7, 0.6,111
3101, 74286,24032019,26092023 011421, 979, 27075.6, 24.028,306.308,0.495091,359.8, 71.325,6.55e-01, 16.8,49.0, - 
3102, 74287,24032019,26092023 011441, 827, 27089.4, 24.001,304.934,0.504478,359.8, 72.433,2.01e-01, 19.0,42.3, - 
3103, 74288,24032019,26092023 001442,1532, 27092.9, 24.097,300.373,0.508648,359.8, 81.073,3.84e-01, 19.7,38.5, - 
3104, 74289,26032019,26092023 025416, 499, 27088.9, 24.018,304.834,0.508336,359.8, 73.164,4.25e-01, 18.3, 5.4, - 
3105, 74290,24032019,25092023 223658,1512, 27082.6, 23.971,306.329,0.507691,359.8, 71.463,4.25e-01, 18.8,51.3, - 
3106, 74291,30032019,26092023 043453,1446, 27083.5, 24.183,311.576,0.493664,359.8, 62.825,4.60e-01, 18.5, -  , - 
3107, 74292,24032019,26092023 032014, 208, 27074.1, 23.945,304.649,0.506450,359.8, 74.383,7.34e-01, 16.5, 6.7, - 
3108, 74293,24032019,26092023 052937,1628, 27095.7, 23.923,305.187,0.507562,359.8, 72.801,5.21e-01, 18.6,42.3, - 
3109, 74294,24032019,26092023 023345, 109, 27114.2, 24.029,305.521,0.498623,359.8, 72.308,3.40e-01, 17.6, 3.7,837
3110, 74295,24032019,25092023 174425, 446, 27092.0, 23.960,306.535,0.499336,359.8, 70.819,6.54e-01, 18.1,14.2, - 
3111, 74296,24032019,26092023 062822, 252, 27099.9, 23.858,305.445,0.500145,359.8, 73.639,8.64e-01, 17.9, 5.2, - 
3112, 74297,15032021,26092023 065844, 893, 27088.9, 24.074,306.776,0.504138,359.8, 69.301,6.11e-02, 17.7,29.5, - 
3113, 74298,01042019,26092023 075932, 186, 27094.8, 23.695,302.728,0.510355,359.8, 77.998,5.61e-01, 17.6, 1.6,329
3114, 74299,09042019,26092023 040822, 162, 27075.0, 23.965,303.020,0.508108,359.8, 76.110,5.54e-01, 16.8, 7.5, - 
3115, 74300,31012018,25092023 184559, 324, 27138.9, 27.727,335.210,0.738109,359.7,210.132,2.35e-01, 16.1,24.4, - 
3116, 74301,08012013,26092023 041419,  11, 27219.9, 25.937,151.203,0.720018,  0.3,292.801,6.32e-02, 14.6, 0.2, 30
3117, 74302,05092018,26092023 082738,1751, 27214.4, 20.381,216.463,0.505190,  0.3, 39.114,2.59e+00, 18.5, -  , - 
3118, 74303,04092018,26092023 023605,   2, 27323.8, 20.100,209.883,0.516911,  0.3, 52.127,1.37e-01, 15.3, 0.1, 12
3119, 74304,04092018,26092023 071548,1814, 27201.0, 20.546,224.754,0.484534,  0.3, 22.396,3.62e+00, 19.1, -  , - 
3120, 74305,04092018,26092023 001349,1814, 27196.6, 20.386,217.682,0.496270,  0.3, 34.424,1.60e+00, 19.1, -  , - 
3121, 74306,04092018,25092023 194843,1803, 27202.9, 20.255,213.999,0.503242,  0.3, 43.606,7.48e-01, 18.9, 6.3, - 
3122, 74307,08082014,26092023 033831,   2, 27174.7, 25.440,176.125,0.747339,  0.3, 87.678,2.48e-02, 17.7, 0.4,  5
3123, 74308,30012019,26092023 054427, 678, 27250.7, 57.070,180.804,0.619825,  0.2, 55.011,7.83e+00, 17.2, -  , - 
3124, 74309,09042019,26092023 093407,   5, 27168.8, 11.458,130.697,0.445647,  0.4,151.234,4.81e-01, 16.7, 0.4, 55
3125, 74310,06042019,25092023 231215,  93, 27184.5, 12.388, 95.798,0.485441,  0.1,204.219,5.13e-02, 18.7, 0.1, 12
3126, 74311,30032019,25092023 234726, 180, 27090.7, 23.738,303.609,0.499937,359.8, 76.658,8.16e-01, 18.2, 4.3,940
3127, 74312,09042019,25092023 191717,1450, 27091.7, 23.988,304.793,0.507740,359.8, 73.298,5.99e-01, 19.3,17.1, - 
3128, 74313,30032019,25092023 164944,1608, 27090.6, 23.918,304.370,0.508723,359.8, 75.215,5.69e-01, 19.7,73.7, - 
3129, 74314,24032019,25092023 203629,1628, 27089.6, 23.977,305.113,0.508799,359.8, 73.009,3.88e-01, 19.9, -  , - 
3130, 74315,24032019,26092023 053645, 175, 27074.8, 23.704,303.995,0.496906,359.8, 75.501,3.83e-01, 17.7, 1.4,108
3131, 74316,24032019,25092023 231821,1281, 27097.5, 23.802,308.273,0.497728,359.8, 67.944,7.03e-01, 17.8,58.2, - 
3132, 74317,26032019,26092023 093201, 464, 27093.0, 24.224,307.131,0.495403,359.8, 68.685,7.46e-01, 18.0,34.8, - 
3133, 74318,24032019,26092023 043413,1630, 27085.9, 23.805,304.467,0.507647,359.8, 74.952,6.41e-01, 18.6, -  , - 
3134, 74319,26032019,26092023 082737,1553, 27082.3, 23.981,304.795,0.510054,359.8, 73.610,2.93e-01, 19.7,86.4, - 
3135, 74320,24032019,25092023 190906,  19, 27079.6, 23.898,303.410,0.511278,359.8, 75.607,5.15e-01, 18.2, 0.2, 28
3136, 74321,24032019,26092023 013739, 108, 27084.5, 23.837,305.681,0.501210,359.8, 72.724,3.60e-01, 17.7, 5.7, - 
3137, 74322,24032019,26092023 092024, 184, 27100.3, 24.070,306.673,0.499993,359.8, 70.864,5.52e-01, 18.1, 5.9, - 
3138, 74323,24032019,25092023 171531, 212, 27064.6, 23.908,302.657,0.516972,359.8, 76.989,1.72e-01, 18.8,10.4,357
3139, 74324,24032019,26092023 022923, 831, 27084.4, 24.251,302.406,0.514957,359.8, 76.121,6.23e-01, 17.3,37.1, - 
3140, 74325,24032019,26092023 001623,1532, 27084.2, 23.922,302.105,0.511539,359.8, 78.828,4.75e-01, 19.4,96.1, - 
3141, 74326,24032019,25092023 223815, 453, 27111.4, 24.052,300.767,0.529592,359.8, 74.813,4.17e-01, 16.3,31.5, - 
3142, 74327,24032019,26092023 035332, 605, 27070.4, 23.885,304.492,0.508374,359.8, 74.515,3.95e-01, 17.9, 4.1,902
3143, 74328,26032019,26092023 020134, 245, 27068.7, 23.883,302.324,0.516330,359.8, 77.137,5.68e-01, 17.8,12.9, - 
3144, 74329,30032019,26092023 032703,1548, 27077.7, 23.951,305.635,0.509865,359.8, 71.973,3.36e-01, 19.2,70.9, - 
3145, 74330,24032019,25092023 214534, 447, 27097.7, 23.969,305.502,0.500973,359.8, 72.673,4.74e-01, 17.7,26.5, - 
3146, 74331,30032019,26092023 015936, 143, 27084.8, 24.100,307.591,0.482121,359.8, 66.948,6.87e-01, 18.1,23.1, - 
3147, 74332,24032019,26092023 075643, 845, 27091.5, 23.938,306.275,0.501752,359.8, 71.004,3.18e-01, 18.3,49.4, - 
3148, 74333,24032019,26092023 075119, 825, 27076.0, 24.195,302.485,0.515705,359.8, 76.880,1.92e-01, 17.2,42.9, - 
3149, 74334,24032019,26092023 011414, 628, 27099.3, 24.221,304.793,0.501545,359.8, 73.857,6.02e-01, 17.6,47.7, - 
3150, 74335,24032019,26092023 094209,1512, 27078.7, 23.997,304.143,0.509947,359.8, 74.308,3.83e-01, 19.6,26.6, - 
3151, 74336,26032019,26092023 010511,   1, 27082.4, 24.029,305.013,0.507412,359.8, 73.330,4.96e-01, 17.7, 0.1,  6
3152, 74337,24032019,26092023 011557, 184, 27071.9, 23.955,303.485,0.517967,359.8, 75.651,2.01e-01, 18.0, 0.8,113
3153, 74339,26032019,26092023 083821, 137, 27079.2, 23.921,304.109,0.508623,359.8, 74.688,4.90e-01, 18.1, 1.3,227
3154, 74340,26042019,26092023 071113,1608, 27083.0, 23.879,301.411,0.507483,359.8, 79.019,7.52e-01, 19.2,41.7, - 
3155, 74341,03042019,26092023 051239, 499, 27091.3, 24.077,305.467,0.502786,359.8, 73.202,6.09e-01, 17.5, 7.2, - 
3156, 74342,26032019,26092023 035753,1495, 27088.7, 24.179,301.255,0.502414,359.8, 79.872,5.28e-01, 19.6,55.2, - 
3157, 74343,26032019,26092023 022908, 205, 27067.6, 23.839,302.701,0.507794,359.8, 77.526,8.01e-01, 17.3, 7.6, - 
3158, 74344,24032019,26092023 082637, 238, 27102.9, 23.837,303.357,0.502834,359.8, 77.063,4.20e-01, 16.8, 4.7, - 
3159, 74345,24032019,26092023 024253,1461, 27076.4, 24.022,301.582,0.509995,359.8, 79.120,9.67e-01, 16.0,97.8, - 
3160, 74346,11042019,26092023 052116,1608, 27074.1, 23.792,294.777,0.510763,359.9, 91.428,2.08e+00, 18.8, -  , - 
3161, 74347,24032019,26092023 020221, 229, 27089.1, 23.908,305.191,0.500047,359.8, 73.443,8.02e-01, 17.2, 7.9, - 
3162, 74348,26032019,25092023 235947,  49, 27073.2, 23.939,304.204,0.513156,359.8, 73.794,2.59e-01, 17.8, 0.6, 58
3163, 74349,24032019,26092023 023458,1510, 27072.6, 23.862,297.205,0.512904,359.9, 87.011,1.15e+00, 19.7, -  , - 
3164, 74350,26032019,26092023 045046, 207, 27081.3, 23.906,305.697,0.513623,359.8, 70.736,5.77e-01, 17.9,13.6, - 
3165, 74351,24032019,26092023 030458,1630, 27067.3, 23.986,303.371,0.509076,359.8, 75.659,5.73e-01, 17.6,35.3, - 
3166, 74352,26032019,26092023 010503, 111, 27074.7, 23.897,304.327,0.504590,359.8, 74.470,7.33e-01, 17.0, 1.2,235
3167, 74353,24032019,26092023 085526, 188, 27078.4, 24.011,304.144,0.509914,359.8, 74.099,6.25e-01, 18.2, 7.7, - 
3168, 74354,24032019,25092023 214853, 181, 27064.9, 23.909,305.361,0.504165,359.8, 72.305,4.15e-01, 17.9, 7.6, - 
3169, 74355,24032019,25092023 222223,1630, 27065.8, 23.883,302.906,0.509687,359.8, 77.011,6.13e-01, 18.2, -  , - 
3170, 74356,26032019,26092023 000801, 925, 27060.0, 23.763,305.644,0.505219,359.8, 72.835,7.12e-01, 15.8,19.1, - 
3171, 74357,24032019,26092023 065445,1207, 27063.6, 23.761,302.691,0.509837,359.8, 77.381,5.75e-01, 17.7, -  , - 
3172, 74358,24032019,25092023 232037, 209, 27040.6, 23.852,305.874,0.516957,359.8, 72.085,6.58e-01, 17.6,11.0, - 
3173, 74359,26032019,25092023 221249, 137, 27093.8, 23.740,303.507,0.506331,359.8, 76.612,6.63e-01, 17.6, 1.0,192
3174, 74360,26032019,26092023 032527, 156, 27097.0, 23.930,304.519,0.503496,359.8, 73.703,5.89e-01, 17.5, 3.6,830
3175, 74361,24032019,25092023 201213, 166, 26717.9, 23.380,291.675,0.690518,359.9, 87.440,3.75e-01, 18.3, 4.5,998
3176, 74362,28032019,26092023 003335,1630, 27064.8, 23.927,303.862,0.509173,359.8, 75.223,4.82e-01, 18.9, -  , - 
3177, 74363,24032019,25092023 201734, 146, 27067.3, 24.098,301.871,0.507064,359.8, 79.948,7.10e-01, 15.9, 9.0, - 
3178, 74364,02042019,25092023 235201, 166, 27057.9, 23.753,300.433,0.519516,359.8, 80.859,3.23e-01, 18.0, 0.5, 58
3179, 74365,24032019,26092023 084103, 185, 27071.0, 24.041,305.169,0.509300,359.8, 74.465,8.45e-01, 16.8, 1.0,202
3180, 74366,01042019,26092023 091102, 184, 27069.9, 23.737,305.435,0.498906,359.8, 74.015,6.64e-01, 17.5,12.7, - 
3181, 74367,26032019,26092023 001150,1284, 27067.7, 23.847,304.664,0.504996,359.8, 73.939,1.92e-01, 18.7,27.4, - 
3182, 74368,24032019,26092023 103138, 180, 27080.4, 24.015,303.930,0.502509,359.8, 75.012,6.59e-01, 16.9, 4.0,902
3183, 74369,26032019,26092023 053716,1038, 27093.0, 24.033,306.092,0.508559,359.8, 71.139,3.86e-01, 17.8, 8.0, - 
3184, 74370,10042019,26092023 093337, 487, 27069.1, 23.846,304.628,0.508541,359.8, 74.633,6.03e-01, 17.8,60.7, - 
3185, 74371,26032019,26092023 034911, 112, 27168.9, 24.180,306.742,0.455728,359.8, 71.891,7.19e-01, 17.0, 4.3,911
3186, 74372,12042019,25092023 221803, 181, 27079.1, 23.959,302.245,0.503904,359.8, 77.246,5.42e-01, 17.4, 2.4,460
3187, 74373,26042019,25092023 185621, 537, 27085.5, 24.054,306.738,0.495314,359.8, 70.309,8.49e-01, 17.7,14.4, - 
3188, 74374,24032019,26092023 022721, 850, 27118.2, 24.004,308.304,0.497864,359.8, 66.819,6.62e-01, 17.5,86.0, - 
3189, 74375,01042019,26092023 090351, 485, 27118.4, 23.654,304.401,0.497965,359.8, 74.325,2.33e-01, 17.4,23.9, - 
3190, 74376,30042019,26092023 094606,1425, 27078.2, 23.938,301.576,0.515412,359.8, 78.326,3.82e-01, 19.0,32.3, - 
3191, 74377,24032019,26092023 095721, 181, 27093.6, 23.893,301.850,0.501584,359.8, 79.560,6.87e-01, 17.5,14.0, - 
3192, 74379,06042019,26092023 044307,1534, 27084.1, 23.956,298.445,0.511434,359.9, 84.460,1.27e+00, 18.5, -  , - 
3193, 74380,30032019,25092023 233827, 485, 27076.1, 23.959,305.165,0.509703,359.8, 72.728,4.48e-01, 18.6,22.0, - 
3194, 74381,27032019,26092023 090435,1077, 27076.3, 23.956,306.554,0.506537,359.8, 70.586,3.76e-01, 18.3,39.3, - 
3195, 74382,26032019,26092023 064121, 165, 27101.5, 23.487,301.522,0.558002,359.8, 90.594,6.65e-01, 18.0, 5.3, - 
3196, 74383,11042019,26092023 014742,1372, 27080.7, 24.055,307.212,0.503543,359.8, 69.645,2.91e-01, 19.0,15.9, - 
3197, 74384,24032019,26092023 005412,1482, 27082.5, 23.899,303.797,0.509510,359.8, 75.452,5.20e-01, 18.9, 3.5,793
3198, 74385,24032019,26092023 083555, 851, 27087.2, 23.821,302.418,0.507725,359.8, 76.525,6.49e-01, 18.3,58.6, - 
3199, 74386,26042019,25092023 201916,1456, 27087.2, 24.106,310.963,0.492270,359.8, 63.562,3.77e-01, 18.1,23.0, - 
3200, 74387,24032019,25092023 235254,1270, 27043.2, 24.010,302.059,0.513925,359.8, 77.781,7.18e-01, 18.2,53.3, - 
3201, 74388,25032019,26092023 012011, 180, 27095.2, 23.881,302.925,0.510925,359.8, 77.543,5.18e-01, 16.8, 4.1,700
3202, 74389,24032019,25092023 230243,1608, 27074.4, 23.896,304.398,0.509245,359.8, 74.529,4.18e-01, 19.1, -  , - 
3203, 74390,30032019,26092023 045119, 191, 26999.5, 23.741,300.489,0.568157,359.8, 76.830,8.39e-01, 17.0, 1.2,251
3204, 74391,25032019,26092023 020247,1608, 27078.9, 23.906,301.653,0.508558,359.8, 78.721,9.94e-01, 19.2,17.9, - 
3205, 74392,24032019,26092023 084420, 150, 27085.7, 23.837,306.081,0.495652,359.8, 72.896,3.28e-01, 17.8, 1.5,276
3206, 74393,26032019,25092023 223036, 985, 27078.2, 23.893,307.789,0.502281,359.8, 69.806,3.57e-01, 17.7,12.8, - 
3207, 74394,24032019,26092023 013525,1257, 27076.1, 23.954,306.575,0.508985,359.8, 71.119,6.22e-01, 17.8,60.2, - 
3208, 74395,25032019,26092023 020801, 209, 27080.5, 24.104,304.426,0.498091,359.8, 75.868,6.83e-01, 17.6, 8.2, - 
3209, 74396,24032019,26092023 014830, 165, 27067.1, 23.957,303.845,0.519432,359.8, 74.890,3.84e-01, 17.7, 7.7, - 
3210, 74397,30032019,26092023 074624, 211, 27076.5, 23.871,306.398,0.516124,359.8, 71.017,4.32e-01, 18.0, 4.1,897
3211, 74398,26032019,26092023 021431, 256, 27114.6, 23.863,303.622,0.510390,359.8, 75.267,4.39e-01, 18.0,31.5, - 
3212, 74399,21042019,26092023 022139,1508, 27072.4, 23.946,299.696,0.508338,359.8, 83.090,6.92e-01, 18.5,89.6, - 
3213, 74400,01062012,26092023 063405,   6, 27226.0, 63.178,156.415,0.639850,  0.1,268.758,3.53e-02, 16.3, 0.1,  2
3214, 74401,05092018,26092023 032225,1832, 27217.5, 20.158,206.341,0.511689,  0.3, 54.714,3.12e-01, 18.8,41.7, - 
3215, 74402,04092018,25092023 181729, 143, 27209.7, 20.307,209.472,0.504880,  0.3, 47.548,7.93e-02, 16.6, 2.9,635
3216, 74403,04092018,25092023 185522,   1, 27224.8, 20.276,221.237,0.489052,  0.3, 33.067,2.13e-01, 13.9, 0.1,  6
3217, 74404,04092018,26092023 021529, 343, 27258.2, 20.349,208.982,0.497697,  0.3, 45.870,2.93e+00, 18.6,33.9, - 
3218, 74405,04092018,25092023 213343,1844, 27246.5, 20.100,206.002,0.524962,  0.3, 55.809,2.29e+00, 19.1, -  , - 
3219, 74406,04092018,25092023 220238,   1, 27230.5, 20.227,209.284,0.502385,  0.3, 48.450,5.91e-02, 15.3, 0.1,  3
3220, 74407,04092018,25092023 212943, 249, 27243.3, 21.138,217.421,0.465053,  0.3, 22.517,6.91e-01, 17.3,38.6, - 
3221, 74408,07092018,26092023 041730,   5, 27181.7, 20.627,222.597,0.506005,  0.3, 37.191,2.20e+00, 18.3, 0.8,185
3222, 74409,07092018,26092023 041520,1844, 27227.2, 20.335,215.337,0.508891,  0.3, 39.729,2.38e+00, 19.1, -  , - 
3223, 74410,06042019,25092023 234443, 327, 27180.5, 13.056, 95.786,0.457403,  0.0,189.306,3.59e+00, 18.1, -  , - 
3224, 74411,14052019,25092023 202433, 183, 27200.9, 12.518, 94.088,0.485346,  0.0,205.108,7.83e-02, 17.2, 2.2,490
3225, 74412,05062019,26092023 035622, 151, 27359.1, 11.491,109.640,0.460957,  0.2,174.551,1.22e+00, 18.7,22.4, - 
3226, 74413,26032019,26092023 032932, 206, 27080.5, 23.834,303.939,0.501328,359.8, 76.029,7.01e-01, 17.3,11.7, - 
3227, 74414,24032019,26092023 075252,1338, 27060.7, 23.864,303.282,0.510536,359.8, 76.399,3.93e-01, 18.5,44.1, - 
3228, 74415,26032019,26092023 091309, 578, 27093.4, 24.002,305.692,0.497199,359.8, 72.639,4.11e-01, 18.0,53.1, - 
3229, 74416,28032019,26092023 021444,1570, 27063.9, 23.977,303.570,0.510445,359.8, 75.335,3.26e-01, 19.7,24.6, - 
3230, 74417,30042019,26092023 003635,1594, 27092.8, 24.041,304.707,0.508662,359.8, 72.893,4.64e-01, 18.0, -  , - 
3231, 74418,24042019,26092023 003411, 680, 27104.9, 23.760,298.600,0.489488,359.8, 89.708,6.69e-01, 19.2,35.5, - 
3232, 74419,25032019,26092023 065032,1513, 27083.0, 23.963,304.400,0.509648,359.8, 74.352,4.07e-01, 18.8,28.5, - 
3233, 74420,24032019,25092023 231316,1439, 27082.2, 23.918,303.185,0.510347,359.8, 76.263,6.27e-01, 18.4,31.4, - 
3234, 74421,26032019,25092023 232049, 150, 27106.9, 23.840,305.913,0.501812,359.8, 72.156,6.39e-01, 17.3, 3.0,664
3235, 74422,24032019,26092023 065043,1280, 27081.7, 23.860,306.131,0.502450,359.8, 71.342,6.44e-01, 18.2,34.1, - 
3236, 74424,26032019,25092023 214250, 342, 27076.9, 24.004,306.662,0.504647,359.8, 69.918,4.33e-01, 18.7, 3.1,697
3237, 74425,25032019,26092023 061348,1398, 27078.3, 23.970,303.759,0.509797,359.8, 75.190,4.46e-01, 18.0,12.9, - 
3238, 74426,26032019,26092023 062649,1491, 27077.7, 23.946,304.067,0.509715,359.8, 74.905,3.99e-01, 18.8,13.2, - 
3239, 74427,26032019,26092023 095204,1518, 27076.4, 23.924,305.427,0.509214,359.8, 72.777,2.18e-01, 19.6,44.6, - 
3240, 74428,24032019,25092023 210514,  23, 27071.5, 23.948,303.415,0.512029,359.8, 74.939,2.23e-01, 18.1, 0.1, 21
3241, 74429,24032019,26092023 051504,1461, 27074.6, 24.161,313.782,0.491588,359.8, 60.348,1.78e-01, 19.1,19.2, - 
3242, 74432,24032019,26092023 074922, 135, 27091.9, 23.718,305.566,0.495427,359.8, 71.966,8.00e-01, 17.9,12.1, - 
3243, 74433,24032019,25092023 181514,1450, 27068.2, 23.894,281.629,0.540301,359.9,110.291,4.03e-01, 19.0, -  , - 
3244, 74435,26032019,26092023 065531,1005, 27206.8, 24.150,310.482,0.486967,359.8, 64.875,6.00e-01, 17.5,34.1, - 
3245, 74436,24032019,26092023 104701, 786, 27061.9, 23.957,301.445,0.517038,359.8, 79.266,3.95e-01, 18.2, 8.2, - 
3246, 74437,24032019,25092023 183334, 173, 27074.3, 24.026,303.821,0.506544,359.8, 75.978,7.34e-01, 15.9, 5.2, - 
3247, 74439,24032019,26092023 054612,1291, 27091.0, 23.930,304.881,0.511090,359.8, 73.772,1.28e-01, 18.9,10.9, - 
3248, 74440,26032019,26092023 045734,1347, 27079.8, 23.993,303.968,0.512369,359.8, 74.990,4.67e-01, 17.0,26.4, - 
3249, 74441,26032019,26092023 062133,1613, 27079.4, 23.912,303.939,0.509040,359.8, 75.218,5.40e-01, 19.3, -  , - 
3250, 74442,30032019,26092023 092154, 176, 27070.8, 23.913,304.117,0.510700,359.8, 74.259,6.63e-01, 17.8, 3.4,722
3251, 74443,24032019,26092023 001415,1635, 27083.3, 23.851,305.579,0.509491,359.8, 72.905,2.19e-01, 16.9, -  , - 
3252, 74444,26032019,26092023 080457, 213, 27030.5, 23.668,306.362,0.516869,359.8, 67.300,6.35e-01, 18.1, 9.1, - 
3253, 74445,24032019,25092023 231532, 929, 27089.3, 23.955,308.795,0.495568,359.8, 66.678,3.72e-01, 17.6,24.6, - 
3254, 74447,26032019,26092023 075741, 210, 27063.8, 23.969,303.955,0.515355,359.8, 74.618,3.05e-01, 18.2,12.8, - 
3255, 74448,24032019,25092023 175334,1512, 27061.3, 23.723,297.195,0.516745,359.9, 86.786,8.79e-01, 18.3,76.1, - 
3256, 74449,24032019,26092023 010421,1618, 27063.3, 23.762,303.019,0.508500,359.8, 77.586,7.29e-01, 18.3, -  , - 
3257, 74450,26032019,25092023 235825, 453, 27078.3, 23.822,302.618,0.504427,359.8, 76.550,6.56e-01, 17.2,10.1, - 
3258, 74451,24032019,26092023 045333,1285, 27085.9, 24.006,305.340,0.509190,359.8, 72.326,2.63e-01, 19.3,10.7, - 
3259, 74452,01042019,26092023 023802, 139, 27094.7, 23.936,306.602,0.502332,359.8, 70.453,6.38e-01, 14.8, 4.7, - 
3260, 74453,30032019,25092023 232726, 164, 27125.3, 24.095,307.088,0.495347,359.8, 69.339,2.30e-01, 17.6,20.3, - 
3261, 74454,24032019,26092023 012123, 131, 27093.6, 24.023,306.094,0.505949,359.8, 71.147,8.22e-01, 16.0, 1.1,120
3262, 74455,26032019,26092023 041642,1552, 27086.0, 23.899,302.351,0.506995,359.8, 76.467,1.03e+00, 19.1,76.6, - 
3263, 74458,26032019,26092023 013007, 185, 27065.4, 23.509,303.342,0.523837,359.8, 75.124,4.04e-01, 17.7,21.8, - 
3264, 74459,24032019,26092023 023323, 186, 27069.8, 23.924,303.911,0.509172,359.8, 74.956,4.66e-01, 17.9, 0.7,143
3265, 74461,07042019,25092023 224749, 815, 27085.3, 23.991,305.326,0.498666,359.8, 72.308,6.53e-01, 17.7,34.6, - 
3266, 74462,29032019,26092023 082835,1455, 27073.5, 24.177,310.492,0.490314,359.8, 65.816,8.87e-01, 18.2, -  , - 
3267, 74465,29032019,26092023 083854, 514, 27096.2, 24.063,305.601,0.499231,359.8, 71.530,6.12e-01, 17.6,35.8, - 
3268, 74467,24032019,26092023 054346, 246, 27098.9, 23.892,309.557,0.478856,359.8, 67.609,2.21e-01, 16.6, 3.1,682
3269, 74469,24032019,26092023 010229, 846, 27065.0, 23.854,304.738,0.512749,359.8, 74.500,2.25e-01, 18.2,11.6, - 
3270, 74471,09042019,25092023 220957, 722, 27061.3, 23.826,305.320,0.498812,359.8, 75.375,7.76e-01, 18.0,77.5, - 
3271, 74472,09042019,25092023 220021,1031, 27087.0, 23.925,304.146,0.508953,359.8, 74.729,5.85e-01, 18.0,83.7, - 
3272, 74473,24032019,26092023 060327, 147, 27108.7, 23.843,306.137,0.488431,359.8, 73.585,5.00e-01, 17.0, 8.4, - 
3273, 74474,26032019,26092023 081045, 550, 27100.7, 23.752,307.831,0.492365,359.8, 70.045,7.03e-01, 18.3,19.6, - 
3274, 74475,26032019,26092023 031030, 935, 27089.7, 24.082,310.566,0.495637,359.8, 63.686,3.54e-01, 17.9,75.1, - 
3275, 74476,24032019,26092023 011558, 978, 27077.1, 23.728,301.161,0.515928,359.8, 80.241,6.55e-01, 15.6,26.8, - 
3276, 74477,26032019,26092023 030254, 445, 27097.5, 23.762,303.880,0.498384,359.8, 75.204,8.15e-01, 17.0,16.7, - 
3277, 74478,30032019,26092023 092055, 849, 27083.8, 23.921,308.018,0.499622,359.8, 67.495,6.07e-01, 18.4,15.4, - 
3278, 74479,28032019,26092023 065523, 935, 27081.3, 23.855,305.336,0.509445,359.8, 72.557,3.15e-01, 16.5, 3.1,544
3279, 74481,26032019,25092023 215549,1551, 27081.8, 23.937,305.406,0.509803,359.8, 72.638,3.17e-01, 19.6,56.8, - 
3280, 74482,24032019,25092023 235135,1429, 27080.8, 23.935,306.316,0.509318,359.8, 70.857,7.06e-02, 19.0,14.0, - 
3281, 74483,24032019,25092023 173553, 189, 27071.7, 23.812,303.906,0.510388,359.8, 75.635,4.25e-01, 18.2, 4.1,926
3282, 74485,24032019,26092023 092111, 839, 27073.1, 23.761,301.999,0.518899,359.8, 79.016,2.57e-01, 18.3,24.3, - 
3283, 74486,26062019,26092023 065152,1045, 27097.2, 11.936,102.309,0.487295,  0.1,201.374,4.81e-01, 18.5,31.5, - 
3284, 74489,24032019,26092023 091824, 198, 27074.2, 23.797,305.674,0.514199,359.8, 72.225,4.28e-01, 17.8, 4.6, - 
3285, 74490,03042019,26092023 035335, 223, 27073.5, 24.262,304.166,0.504420,359.8, 74.537,3.67e-01, 16.0,14.2, - 
3286, 74493,30032019,26092023 074200,1628, 27079.8, 23.931,303.987,0.509105,359.8, 75.003,5.30e-01, 19.7, -  , - 
3287, 74494,25032019,26092023 050520,1601, 27079.0, 23.961,304.404,0.507939,359.8, 74.149,7.20e-01, 19.4,80.7, - 
3288, 74495,26032019,25092023 223300, 153, 27094.6, 23.929,305.405,0.501156,359.8, 73.540,5.86e-01, 18.2, 2.7,573
3289, 74497,01042019,25092023 192229, 537, 27091.8, 24.032,303.639,0.498036,359.8, 74.619,6.97e-01, 17.6,30.2, - 
3290, 74498,30032019,26092023 015730,1570, 27074.7, 24.015,307.070,0.508683,359.8, 69.299,1.00e-02, 19.2, 0.9,201
3291, 74500,04092011,25092023 190100,   2, 27236.7, 15.692, 44.231,0.490870,359.6,208.855,1.18e-02, 15.8, 0.1,  1
3292, 74501,22072011,25092023 203641,   5, 27269.0, 28.679, 20.215,0.736973,359.7,110.445,7.06e-02, 14.0, 0.1, 11
3293, 74502,28012014,25092023 225320,   2, 27099.4, 25.585,155.616,0.748547,  0.3,121.540,5.34e-02, 15.5, 0.3,  4
3294, 74503,22072017,26092023 064303, 996, 27254.1, 66.415,267.811,0.543768,  0.0,154.238,2.53e+00, 15.7, -  , - 
3295, 74504,03092018,26092023 024136,1114, 27319.1, 20.202,213.275,0.515410,  0.3, 47.771,2.16e-01, 16.1,32.6, - 
3296, 74505,03092018,25092023 161143, 236, 27240.9, 20.460,217.465,0.504943,  0.3, 38.075,1.27e+00, 18.0,13.9, - 
3297, 74506,03092018,25092023 191927,   1, 27240.7, 20.106,207.717,0.513354,  0.3, 54.324,1.04e-01, 15.0, 0.1,  6
3298, 74507,04092018,26092023 105801, 205, 27258.8, 20.215,215.105,0.508079,  0.3, 44.459,2.42e-01, 18.1, 4.1,936
3299, 74508,03092018,25092023 143309,1790, 27251.9, 20.717,227.187,0.496927,  0.3, 20.874,1.96e+00, 18.7, -  , - 
3300, 74509,05092018,25092023 232256,   1, 27307.4, 20.392,219.013,0.510911,  0.3, 40.419,1.51e-01, 16.5, 0.1,  7
3301, 74510,24032019,26092023 042938,1628, 27074.8, 23.960,304.504,0.510207,359.8, 74.037,2.88e-01, 20.0, -  , - 
3302, 74512,24032019,25092023 231834,1038, 27085.8, 23.859,302.116,0.513426,359.8, 77.857,2.78e-01, 17.9,23.2, - 
3303, 74514,24032019,25092023 175344,1511, 27073.8, 23.927,303.221,0.513926,359.8, 75.600,5.15e-01, 19.1,40.7, - 
3304, 74517,09062019,25092023 214157,1244, 27084.3, 23.694,299.153,0.497485,359.8, 81.719,4.68e-01, 18.0,60.4, - 
3305, 74519,24032019,26092023 061505,1609, 27083.7, 23.961,305.212,0.507853,359.8, 72.905,4.49e-01, 14.3, -  , - 
3306, 74520,30062019,25092023 205855,1509, 27095.0, 12.119,101.714,0.458387,  0.1,188.675,3.17e-01, 17.0,50.9, - 
3307, 74522,30062019,26092023 044956,1058, 27099.1, 13.942, 76.040,0.476224,359.9,222.323,1.23e+00, 15.9, -  , - 
3308, 74523,01072019,26092023 024952, 167, 27083.6, 11.945,108.557,0.473880,  0.2,192.201,8.64e-02, 17.2, 3.2,329
3309, 74525,24032019,26092023 065757,1487, 27065.8, 23.990,300.141,0.513274,359.8, 81.039,4.63e-01, 19.6,69.7, - 
3310, 74528,30032019,26092023 034535,1317, 27084.7, 23.924,303.707,0.509172,359.8, 75.668,6.02e-01, 18.5,28.3, - 
3311, 74530,24032019,26092023 023327,1455, 27085.4, 24.057,305.171,0.506908,359.8, 73.604,6.11e-01, 18.6,70.3, - 
3312, 74531,26032019,26092023 071409,1628, 27086.0, 23.841,302.617,0.508456,359.8, 78.544,9.41e-01, 20.3, -  , - 
3313, 74532,08072019,25092023 225745, 136, 27134.9, 12.733, 93.546,0.473666,  0.0,202.666,2.21e+00, 17.1, 5.9, - 
3314, 74535,24032019,26092023 010504, 877, 27063.0, 23.941,304.255,0.503647,359.8, 74.116,3.68e-01, 16.6,53.6, - 
3315, 74536,30032019,26092023 090258,1512, 27083.2, 23.866,300.969,0.509553,359.8, 81.334,1.02e+00, 19.2,26.0, - 
3316, 74537,24032019,25092023 235208,1439, 27081.0, 23.957,302.611,0.509078,359.8, 77.561,9.64e-01, 19.3,56.6, - 
3317, 74538,24032019,25092023 224843,1609, 27081.4, 23.892,304.035,0.509427,359.8, 75.390,5.18e-01, 20.1,41.8, - 
3318, 74540,28032019,26092023 021252, 124, 27046.9, 23.887,301.501,0.504364,359.8, 79.409,6.54e-01, 15.8, 3.5,658
3319, 74542,23032019,26092023 073606, 145, 27076.6, 24.271,303.727,0.498288,359.8, 73.030,2.76e-01, 17.7, 4.5,270
3320, 74543,24032019,25092023 201445,1518, 27086.5, 23.966,300.098,0.511832,359.8, 81.331,6.41e-01, 19.4, -  , - 
3321, 74546,23032019,26092023 064203,1536, 27080.8, 23.714,300.037,0.518466,359.8, 80.767,4.40e-01, 18.4,74.6, - 
3322, 74556,26032019,26092023 043924,1508, 27065.6, 24.012,302.540,0.507961,359.8, 77.770,5.86e-01, 19.1, -  , - 
3323, 74557,22072019,26092023 013744,   4, 27150.5, 11.747,116.526,0.455524,  0.3,170.003,3.25e-02, 14.9, 0.1,  4
3324, 74558,23032019,25092023 232027,1495, 27084.9, 23.894,306.991,0.509204,359.8, 70.015,1.00e-02, 19.0,14.2, - 
3325, 74559,26032019,26092023 063242,1121, 27080.1, 24.010,304.519,0.512753,359.8, 75.322,4.33e-01, 18.4,54.2, - 
3326, 74560,25072019,25092023 190952,  30, 27213.0, 12.587, 92.546,0.487879,  0.0,207.558,7.37e-02, 14.0, 0.2, 33
3327, 74561,02042019,26092023 010859, 448, 27105.1, 23.946,307.384,0.496270,359.8, 68.978,4.49e-01, 16.2,23.2, - 
3328, 74562,26072019,26092023 064520,  84, 27119.4, 13.780,109.650,0.422263,  0.2,181.416,5.67e+00, 14.5,14.4, - 
3329, 74565,08062019,25092023 232520,  79, 27067.4, 23.948,304.024,0.503935,359.8, 74.607,6.69e-01, 17.6, 1.3,300
3330, 74567,24032019,26092023 004210, 184, 27068.9, 23.905,304.711,0.501806,359.8, 74.308,4.57e-01, 17.9, 9.7, - 
3331, 74568,24032019,25092023 182926,1347, 27070.8, 23.949,303.590,0.518864,359.8, 75.069,2.35e-01, 19.1,26.5, - 
3332, 74569,24032019,25092023 233105,1372, 27080.5, 23.916,304.603,0.509061,359.8, 73.836,4.92e-01, 19.0,25.3, - 
3333, 74570,24032019,25092023 220257, 485, 27080.3, 23.926,301.787,0.514269,359.8, 78.335,6.10e-01, 17.2,10.3, - 
3334, 74571,24032019,25092023 204921,1510, 27068.9, 24.026,294.729,0.521446,359.9, 88.853,5.86e-01, 18.9, -  , - 
3335, 74572,24032019,25092023 171110,1634, 27081.2, 23.968,303.719,0.507958,359.8, 75.135,9.87e-01, 20.1, -  , - 
3336, 74574,24032019,26092023 003055,1636, 27064.7, 23.915,303.503,0.509791,359.8, 75.893,4.80e-01, 19.2, -  , - 
3337, 74575,31032019,26092023 002550,1510, 27083.0, 23.943,300.331,0.511803,359.8, 80.877,7.38e-01, 19.1,93.4, - 
3338, 74576,26032019,26092023 080020, 184, 27094.4, 24.056,305.200,0.501360,359.8, 72.819,3.45e-01, 17.7, 9.0, - 
3339, 74578,24032019,26092023 021702, 242, 27099.5, 23.865,305.615,0.508842,359.8, 72.727,7.46e-01, 17.5,10.0, - 
3340, 74579,30032019,26092023 091623, 485, 27080.3, 23.939,302.268,0.502045,359.8, 76.093,7.16e-01, 16.9,42.4, - 
3341, 74580,13082019,25092023 182842,   0, 27243.7, 11.577,120.850,0.444607,  0.3,161.325,1.39e-01, 17.2, 0.1,  5
3342, 74581,02072019,26092023 034353,  87, 27098.2, 27.707, 62.981,0.742769,359.9, 70.700,6.86e-01, 17.9, -  ,138
3343, 74583,24032019,25092023 164804,1376, 27069.4, 23.928,303.539,0.512031,359.8, 75.316,6.00e-01, 18.9,74.6, - 
3344, 74584,24032019,25092023 182356, 462, 27076.6, 23.986,303.233,0.503902,359.8, 74.492,3.65e-01, 16.5,29.2, - 
3345, 74585,25082019,25092023 223924, 169, 27111.7, 12.155,100.963,0.462552,  0.1,190.618,8.61e-01, 18.0, 6.0, - 
3346, 74586,12082019,25092023 235320, 238, 27170.6, 11.570,120.099,0.443294,  0.3,162.525,1.71e-01, 17.2, 7.0, - 
3347, 74587,27082019,25092023 232734,1072, 27321.5, 12.236, 78.353,0.454873,359.9,220.595,5.80e+00, 16.2, -  , - 
3348, 74588,26032019,26092023 061605, 190, 27093.1, 23.918,308.841,0.491707,359.8, 68.815,5.84e-01, 17.3, 0.7,145
3349, 74589,29082019,25092023 200647,  10, 27149.2, 70.530,125.318,0.575599,  0.1, 23.939,1.62e+00, 17.0, 1.4,320
3350, 74590,24082019,25092023 183804,  13, 27152.0, 20.068,241.908,0.376970,  0.2,  6.108,4.35e+00, 17.7, 2.8,537
3351, 74591,26032019,26092023 081249,1465, 27090.7, 23.832,299.925,0.517550,359.8, 81.273,4.34e-01, 19.0,14.3, - 
3352, 74593,24032019,26092023 082752,1466, 27106.9, 24.002,307.529,0.508038,359.8, 68.763,2.74e-02, 19.3,32.1, - 
3353, 74594,21092019,25092023 162048, 182, 27175.8,  8.793,164.009,0.528544,  0.8, 54.998,3.48e+01, 18.3,28.3, - 
3354, 74595,30092019,26092023 011214, 259, 27150.6, 11.819,113.707,0.454854,  0.3,172.878,1.09e-01, 17.4, 7.8, - 
3355, 74597,02102019,25092023 214039, 952, 27038.3, 58.104,212.711,0.655216,  0.1,287.365,2.60e+00, 16.0,74.1, - 
3356, 74598,29092019,25092023 223944, 200, 27168.6, 20.636,192.736,0.515665,  0.4, 67.799,2.83e-01, 17.0, 4.2,962
3357, 74599,04102019,26092023 015442,1053, 27070.5, 11.600,116.154,0.387005,  0.3,152.775,2.84e+00, 17.8, -  , - 
3358, 74600,09092012,25092023 201812,   0, 27268.1, 17.453,304.621,0.663166,359.8,252.742,1.31e-01, 14.0, 0.1,  2
3359, 74601,30082016,25092023 235238,  11, 27301.5,  7.025,177.049,0.742410,  1.1,  6.054,5.50e-01, 17.5, 3.1, 23
3360, 74602,22012018,26092023 022703,1422, 27118.4, 14.102, 10.384,0.595407,359.5,186.074,1.81e+00, 17.7, -  , - 
3361, 74603,04042018,25092023 195529,1974, 27211.1, 27.977,179.856,0.714134,  0.3,183.092,2.20e+00, 17.6, -  , - 
3362, 74604,22022018,25092023 205056,1905, 27082.4, 28.229,276.862,0.744020,360.0,218.009,1.30e+00, 17.0, -  , - 
3363, 74605,03092018,25092023 181808, 686, 27258.9, 20.051,208.455,0.527602,  0.3, 44.390,3.76e+00, 18.7, -  , - 
3364, 74606,03092018,26092023 041519, 337, 27230.2, 19.889,195.364,0.602797,  0.4, 78.461,3.04e+00, 17.3,64.1, - 
3365, 74607,03102018,25092023 184213, 282, 27473.9, 21.172,218.916,0.552476,  0.3, 26.141,4.48e+00, 17.7,52.5, - 
3366, 74608,06042019,26092023 015720, 334, 27254.9, 11.592,118.973,0.447321,  0.3,163.959,6.33e-01, 17.4, 7.3, - 
3367, 74609,06042019,25092023 215314,1627, 27366.5, 13.460, 30.432,0.413820,359.5,298.826,1.09e+01, 16.2, -  , - 
3368, 74610,06042019,25092023 170819, 948, 27270.5, 11.237,117.675,0.451253,  0.3,159.528,1.34e+00, 17.0, -  , - 
3369, 74611,12062019,26092023 004856,1480, 27274.2, 10.672, 95.822,0.493863,  0.1,212.365,6.25e+00, 16.2, -  , - 
3370, 74612,26062019,25092023 221651, 194, 27298.9, 11.329,121.280,0.419690,  0.3,158.180,1.87e+00, 16.4,14.4, - 
3371, 74613,14082019,25092023 180225, 227, 27301.8, 11.527,120.834,0.442433,  0.3,157.396,1.44e-01, 17.7, 2.4,555
3372, 74615,01112019,26092023 011331,1074, 27186.2, 20.105,206.149,0.515200,  0.3, 57.846,2.13e-01, 16.9,10.9, - 
3373, 74616,19112019,25092023 203159, 227, 27244.7, 11.821, 94.067,0.519213,  0.0,214.413,4.96e+00, 17.3,34.4, - 
3374, 74617,21112019,26092023 073528,1283, 27124.2, 12.278,101.763,0.462943,  0.1,188.739,1.94e-01, 15.3, 9.9, - 
3375, 74619,23112019,26092023 012158, 277, 27224.0, 11.854,112.533,0.462301,  0.2,175.842,5.84e-02, 16.6, 1.0,212
3376, 74620,28112019,25092023 222201,1362, 27132.6, 12.061, 97.108,0.495033,  0.1,210.190,8.21e-01, 17.9,24.9, - 
3377, 74630,29042020,26092023 022217,   1, 27158.2, 11.698, 27.692,0.548520,359.4,168.804,1.04e+00, 17.5, 0.1,  4
3378, 74631,10052020,25092023 160638,1205, 27170.7, 62.348,256.043,0.685973,  0.0, 38.392,1.31e+00, 15.2,63.0, - 
3379, 74632,18062020,26092023 000128, 992, 27222.9, 13.527, 91.193,0.497283,  0.0,211.784,1.72e+00, 13.4, -  , - 
3380, 74633,20012019,26092023 002739, 547, 27219.9, 73.468,148.682,0.495191,  0.1,342.809,2.29e-01, 14.8,35.2, - 
3381, 74634,22092020,25092023 214100,   9, 27107.0, 11.724,124.323,0.455972,  0.4,162.825,1.08e-01, 16.7, 0.2, 35
3382, 74635,07102020,25092023 223400,1065, 27371.1, 20.539,219.073,0.504000,  0.3, 19.133,6.40e+00, 17.5,31.0, - 
3383, 74636,13102020,25092023 221418, 285, 27199.7, 66.442, 81.618,0.667463,360.0, 12.649,1.12e+00, 16.5, 7.4, - 
3384, 74637,20102020,25092023 205640, 145, 27133.8, 11.491, 95.602,0.481725,  0.1,207.973,3.71e+00, 16.7,70.1, - 
3385, 74638,11112020,25092023 234801, 197, 27100.6, 20.422,223.499,0.492431,  0.3, 34.300,3.37e-01, 17.4, 3.1,652
3386, 74639,30122018,25092023 194904,   6, 26799.1, 26.724, 35.939,0.725658,359.8,138.961,2.11e-01, 15.8, 0.1, 30
3387, 74640,09072021,25092023 230856, 230, 27223.5, 12.862,103.513,0.435804,  0.1,172.151,1.52e+00, 16.0,69.4, - 
3388, 74641,12092021,26092023 023906, 549, 27240.8, 25.540,154.381,0.680559,  0.3,224.771,1.96e+00, 16.5,58.7, - 
3389, 74642,31102021,25092023 211451, 693, 27199.3, 21.476,249.189,0.429383,  0.1,334.853,4.23e+00, 18.9, -  , - 
3390, 74643,24022022,26092023 060046, 501, 27183.2, 60.616, 78.297,0.678541,360.0,229.175,9.80e+00, 18.0,56.4, - 
3391, 74644,09032022,25092023 173124, 145, 27212.8, 63.598, 94.236,0.707729,  0.0,265.490,2.39e-01, 17.6, 1.6,289
3392, 74645,08042022,25092023 183818, 491, 27259.5, 11.742,174.408,0.534321,  0.6,317.250,1.35e+00, 17.9,32.9, - 
3393, 74646,24042022,25092023 130934, 141, 27121.8, 63.191,346.526,0.718231,359.9,252.592,3.70e-02, 15.8, 2.6,516
3394, 74647,04062001,25092023 182254,   9, 27117.5, 72.008,207.396,0.545353,  0.1,219.969,1.50e-01, 17.0, 0.8,122
3395, 74648,14052022,25092023 164856, 121, 27166.5, 72.765, 61.486,0.483965,359.9,310.681,1.00e-02, 17.3, 0.1,  2
3396, 74649,10042022,26092023 045715, 430, 27095.8, 23.915,304.188,0.510051,359.8, 73.757,8.72e-01, 17.2, 7.3, - 
3397, 74650,24082022,26092023 004917, 375, 27204.4, 12.621,295.215,0.533052,359.8,341.943,1.44e+00, 17.7, 9.7, - 
3398, 74651,29092022,25092023 234641, 224, 27267.1, 72.028,164.024,0.533930,  0.1, 13.552,9.29e-01, 17.0,27.1, - 
3399, 74652,12112022,25092023 222843,  26, 27132.5, 68.066,239.581,0.290928,  0.1,233.598,8.58e-01, 16.8, 0.3, 65
3400, 74653,12112022,26092023 054119, 166, 27234.4,117.526, 31.474,0.564635,359.9,167.067,3.59e+01, 16.9,32.4, - 
3401, 74654,15112022,26092023 003813, 313, 27239.2, 65.893,253.216,0.625867,  0.0,294.733,2.28e+01, 17.1, -  , - 
3402, 74655,23112022,25092023 165657, 301, 27179.1, 22.149,213.310,0.456470,  0.3, 10.740,4.09e+00, 17.3, -  , - 
3403, 74656,29112022,26092023 004604, 181, 27265.4, 16.257, 32.166,0.499093,359.6,287.597,8.63e+00, 17.7,83.0, - 
3404, 74657,23042008,26092023 021516, 143, 27210.4, 71.082,248.670,0.500556,  0.1, 12.416,3.67e-01, 16.0, 2.3,506
3405, 74658,16012023,26092023 001836, 239, 27255.7, 14.228, 47.561,0.431947,359.6,251.250,1.05e+01, 16.9,38.8, - 
3406, 74659,01042023,26092023 050422, 130, 27071.4, 12.666, 87.230,0.418662,360.0,203.981,6.77e+00, 16.3, -  , - 
3407, 74660,20042023,26092023 063514, 150, 27160.8,  8.300,266.716,0.372443,  0.1,143.048,9.83e+00, 16.7, -  , - 
3408, 74661,08062023,25092023 181633, 103, 27078.1, 12.771, 68.162,0.511793,359.8,275.326,3.76e+00, 17.4,76.0, - 
3409, 74662,23062023,25092023 181229,  76, 27193.3, 70.172,235.203,0.554962,  0.1,279.943,3.62e-01, 18.0, 1.3,289
3410, 74663,26072023,25092023 205431,  23, 27073.4, 69.005,300.187,0.498594,359.9,118.257,2.52e-01, 18.0, 0.1, 32
3411, 74664,26072023,26092023 023736,  58, 27353.4, 26.773,125.945,0.724418,  0.2,336.671,1.35e+00, 17.5, 1.5,206
3412, 74665,21082023,26092023 011308,  30, 27234.4, 73.851,339.717,0.476267,359.9,250.781,1.47e+00, 18.5, 0.8,163
3413, 74666,12092023,26092023 010530,   0, 27267.2,  5.965,218.695,0.466836,  1.0,304.232,3.81e+01, 17.3, 7.2, - 
3414, 74667,15092023,25092023 151729,   5, 27228.8, 26.409,254.112,0.738156,  0.1,312.985,7.83e-01, 16.5, 0.2, 12
3415, 74668,15092023,26092023 045830,   7, 27077.8, 72.396,  8.347,0.546635,359.9,227.530,9.78e-02, 18.0, 0.2, 53
3416, 74700,09092013,26092023 031854,3664, 27319.2, 22.743, 16.730,0.615301,359.7,282.056,2.46e+00, 17.0, -  , - 
3417, 74701,07032016,26092023 022619,1597, 27293.8, 55.875,206.293,0.544528,  0.1, 49.257,9.53e-01, 17.3, -  , - 
3418, 74702,21042013,26092023 061445,   1, 27293.2, 28.393, 16.332,0.738473,359.7,125.360,6.16e-02, 15.4, 0.1,  5
3419, 74703,03092018,25092023 162758,1749, 27295.4, 20.582,222.446,0.503306,  0.3, 25.441,2.85e+00, 19.1, -  , - 
3420, 74704,07092018,26092023 043632,1834, 27301.7, 20.275,214.424,0.508327,  0.3, 41.488,1.31e+00, 19.0,18.9, - 
3421, 74705,03092018,26092023 010207,1818, 27299.4, 20.536,225.984,0.496550,  0.3, 14.178,4.63e+00, 18.8,65.1, - 
3422, 74707,09082019,26092023 005207, 253, 27261.5, 10.734,110.892,0.460677,  0.2,187.538,4.88e+00, 16.1, -  , - 
3423, 74709,29082019,25092023 233301,1463, 27293.2, 11.087,112.563,0.452689,  0.3,171.263,2.02e+00, 18.1,19.1, - 
3424, 74710,30082019,25092023 234919,1098, 27324.9, 16.176, 61.023,0.472256,359.8,224.244,5.94e+00, 15.4, -  , - 
3425, 74711,02122019,26092023 004142, 308, 27115.9, 26.320,251.362,0.737552,  0.1,318.519,7.37e-01, 16.8, -  , - 
3426, 74712,14102020,25092023 233034,   5, 27273.7, 11.767,114.167,0.446636,  0.3,167.151,3.81e-02, 17.5, 0.1, 13
3427, 74713,18082022,26092023 005048,  10, 27332.5, 11.508,111.164,0.460639,  0.2,173.494,9.81e-01, 15.9, 1.3,248
3428, 74714,25092022,25092023 170810,  45, 27269.3, 12.174, 99.935,0.492743,  0.1,184.910,5.24e-01, 16.7, 3.2,739
3429, 74715,23092023,26092023 032617,   2, 27270.7, 25.986,297.512,0.749986,359.9,244.115,5.13e-01, 15.4, 2.1, 86
3430, 74801,03092018,26092023 034215,   3, 27316.1, 20.215,209.704,0.527844,  0.3, 55.604,2.08e-01, 16.4, 0.1, 27
3431, 74802,03092018,26092023 085754,1418, 27318.8, 20.648,227.553,0.491682,  0.3, 22.974,1.95e-01, 18.8, -  , - 
3432, 74803,03092018,25092023 195954, 359, 27197.6, 20.090,211.577,0.518225,  0.3, 48.316,2.75e-01, 18.3,27.4, - 
3433, 74804,03092018,26092023 001503, 587, 27309.1, 20.375,219.161,0.510834,  0.3, 40.162,2.12e-01, 16.1, 9.8, - 
3434, 74805,03092018,26092023 011123,1606, 27307.5, 20.129,210.678,0.515213,  0.3, 50.640,9.43e-02, 19.0, 4.4, - 
3435, 74806,03092018,26092023 001716,1474, 27324.9, 20.239,214.175,0.514039,  0.3, 46.040,2.88e-01, 16.7,19.8, - 
3436, 74807,06112018,26092023 005817,  39, 27308.5, 11.761,115.371,0.450713,  0.3,166.271,8.48e-02, 17.2, 0.5, 93
3437, 74810,01072019,25092023 214318, 212, 27407.7, 11.702, 80.853,0.469406,359.9,222.346,1.70e+00, 16.4,34.4, - 
3438, 74811,01072019,25092023 152927, 248, 27320.2, 12.164, 93.920,0.474405,  0.0,203.139,7.18e-01, 18.2,13.0, - 
3439, 74816,07042022,26092023 040623, 423, 27332.0, 13.307, 93.267,0.539475,  0.0,352.050,9.03e-01, 17.5,10.7, - 
3440, 74817,27082022,26092023 013813, 390, 27140.6, 31.009,127.069,0.453552,  0.2,112.255,2.69e+01, 18.7, -  , - 
3441, 74900,06072011,25092023 230619,   1, 27398.8, 26.267,133.915,0.724490,  0.2,320.960,9.90e-02, 13.5, 0.1,  3
3442, 74901,02102008,26092023 012204,   1, 27354.8, 62.767,173.911,0.667909,  0.1,264.569,1.31e-01, 14.4, 0.1,  2
3443, 74902,17102012,25092023 170739,   2, 27432.6, 24.993,215.691,0.744122,  0.3, 40.297,4.42e-02, 15.1, 0.1,  3
3444, 74903,19102017,25092023 140527,   7, 27319.9, 17.824,300.877,0.684048,359.8,247.871,1.64e+00, 17.3, 0.2, 30
3445, 74904,03092018,26092023 044904,   1, 27347.1, 20.146,211.113,0.518361,  0.3, 49.934,2.44e-01, 16.5, 0.1, 13
3446, 74905,03092018,26092023 071206,  14, 27346.2, 20.344,227.143,0.477301,  0.3, 21.135,2.23e-02, 17.7, 0.1, 19
3447, 74906,03092018,25092023 181724,1833, 27341.5, 20.169,213.867,0.507641,  0.3, 43.715,1.59e-01, 18.8, 6.9, - 
3448, 74907,07092018,26092023 075636,1774, 27356.0, 20.182,208.789,0.518918,  0.3, 50.363,9.78e-01, 18.8,10.5, - 
3449, 74908,07092018,25092023 235627,   5, 27347.7, 20.025,200.949,0.532894,  0.4, 66.522,1.64e-01, 17.5, 0.1, 19
3450, 74909,08042019,25092023 230709,  39, 27247.5, 11.592,118.355,0.456719,  0.3,164.756,6.14e-01, 17.2, 3.2,588
3451, 74910,08042019,26092023 034238,  38, 27405.3, 12.001,107.462,0.478455,  0.2,183.731,4.02e-02, 17.5, 0.2, 20
3452, 74911,09042019,26092023 063550, 171, 27266.3, 11.669,119.121,0.449969,  0.3,162.809,3.46e-01, 17.4,11.8, - 
3453, 74912,03062019,25092023 232522, 110, 27261.3, 11.732,118.096,0.509176,  0.3,238.937,4.27e+00, 15.9,39.9, - 
3454, 74913,23052019,26092023 011547, 190, 27331.6, 11.413,111.486,0.460432,  0.2,172.549,1.24e+00, 17.2, 5.2, - 
3455, 74914,24072019,25092023 202757,   3, 27416.2, 20.215,214.234,0.514946,  0.3, 41.069,2.77e+00, 17.6, 0.3, 72
3456, 74916,23102020,25092023 210659, 166, 27326.6, 11.625,101.422,0.462636,  0.1,189.272,1.47e+00, 16.8,29.0, - 
3457, 74917,03062021,25092023 212009,   1, 27323.1, 68.140,222.922,0.365854,  0.1,217.972,3.06e+00, 15.2, 0.1, 16
3458, 74918,05112021,26092023 070827,  28, 27363.0, 60.890,111.921,0.649594,  0.1, 33.110,7.48e-01, 17.9, 0.1, 25
3459, 74919,22022022,25092023 225909,  16, 27389.0, 59.746,307.365,0.669705,359.9, 43.561,2.98e-01, 16.9, 0.4, 76
3460, 74920,18102022,25092023 213112,   8, 27351.0, 55.979,323.520,0.012282,359.9,  1.670,2.16e-01, 18.1, 0.1,  5
3461, 74921,07122022,25092023 212537,   2, 27342.0, 65.723,317.602,0.558900,359.9,241.648,1.31e+00, 16.4, 0.2, 37
3462, 74922,25032023,25092023 180832, 169, 27335.4, 13.278, 57.789,0.498481,359.7,259.442,6.85e+00, 17.6, 9.9, - 
3463, 74923,21092023,26092023 003454,   2, 27326.9, 26.302,306.592,0.744637,359.8,231.259,5.19e-01, 17.1, 0.6, 87
3464, 75000,07012014,25092023 230641,  25, 27526.7, 27.285, 83.750,0.695196,360.0,348.910,2.01e+00, 15.4, 0.6,132
3465, 75001,18082017,26092023 070612,1264, 27382.3, 26.128,251.170,0.736558,  0.1,326.845,3.34e-01, 14.1, -  , - 
3466, 75002,30032018,25092023 160955, 992, 27237.6, 26.336,333.385,0.731230,359.7,188.425,1.88e+00, 16.1, -  , - 
3467, 75003,03092018,25092023 231001,1727, 27389.4, 20.115,214.413,0.501888,  0.3, 40.562,1.07e+00, 17.4,50.7, - 
3468, 75004,03092018,25092023 235148, 342, 27363.7, 20.170,215.610,0.499476,  0.3, 41.768,2.29e-01, 18.7, 2.1,457
3469, 75006,23082019,25092023 163932, 683, 27392.4, 20.231,211.827,0.507631,  0.3, 43.834,9.83e-01, 17.8,45.0, - 
3470, 75007,29082019,25092023 212909,1457, 27346.9, 14.395, 88.906,0.457446,360.0,187.833,4.08e-01, 18.1, -  , - 
3471, 75008,22102019,26092023 012339,1432, 27397.2,  8.650,181.911,0.308090,  0.9, 87.666,1.02e+01, 17.5, -  , - 
3472, 75009,24042022,25092023 230028, 517, 27360.1, 53.150,201.170,0.035544,  0.2, 50.650,1.54e+00, 18.3, -  , - 
3473, 75010,15042023,25092023 234747,  11, 27356.7, 64.025,165.766,0.631865,  0.1,167.750,1.96e+00, 17.5, 0.5, 58
3474, 75100,17102012,25092023 234902,3958, 27397.5, 60.381,101.256,0.641235,  0.0,221.429,3.04e+00, 16.5, -  , - 
3475, 75101,20112016,25092023 211212,   4, 27399.8, 14.593, 92.514,0.482289,  0.0, 39.730,8.69e-03, 17.3, 0.1,  1
3476, 75102,14022018,25092023 231115,1649, 27395.4, 62.754,145.534,0.642692,  0.1,264.290,1.61e-01, 16.3,17.3, - 
3477, 75103,02092018,25092023 205208,  28, 27381.5, 21.086,229.486,0.509540,  0.2, 10.160,2.14e+00, 18.1, 8.3, - 
3478, 75104,03092018,25092023 230845, 412, 27381.8, 20.200,211.444,0.511715,  0.3, 47.956,1.92e-02, 17.7, 1.6,350
3479, 75105,02092018,26092023 001337,   1, 27389.5, 20.216,217.078,0.508304,  0.3, 40.099,1.11e-01, 16.6, 0.1,  6
3480, 75106,02092018,26092023 012911,   1, 27384.4, 20.118,204.877,0.521680,  0.3, 56.401,1.41e-01, 11.9, 0.1,  6
3481, 75107,05092018,26092023 092916,   5, 27386.8, 20.479,206.061,0.501814,  0.3, 46.878,1.42e-01, 17.0, 0.1, 13
3482, 75108,06092018,26092023 015212,   0, 27381.9, 20.970,224.643,0.519837,  0.3, 34.846,3.67e-02, 17.0, 0.1,  1
3483, 75109,09042019,26092023 010535, 625, 27472.7, 11.249,130.809,0.431020,  0.4,140.606,2.43e-01, 15.9,72.8, - 
3484, 75110,22062019,26092023 055550,  10, 27381.3, 11.533,121.673,0.452134,  0.3,158.242,1.12e-01, 16.5, 0.2, 44
3485, 75111,04072019,26092023 004158, 657, 27371.2, 22.142,227.970,0.469716,  0.2,  4.135,3.07e+00, 16.5, -  , - 
3486, 75112,23072019,26092023 012123, 324, 27602.5, 20.956,254.667,0.371817,  0.1,318.832,6.89e+00, 16.7,81.5, - 
3487, 75113,26082019,26092023 025722, 683, 27336.6, 11.429, 94.444,0.451373,  0.0,202.923,8.10e-01, 17.8,59.3, - 
3488, 75115,10122020,25092023 174947,1014, 27445.5, 24.201,174.486,0.655280,  0.3,191.436,1.81e+00, 16.4, -  , - 
3489, 75117,27032022,26092023 075757,  39, 27235.0,  9.074,152.504,0.443771,  0.7,337.283,1.26e+01, 17.7, 9.6, - 
3490, 75118,29082022,25092023 170552,  28, 27380.3, 55.988,323.443,0.006920,359.9,282.176,1.77e-01, 18.7, 0.4, 79
3491, 75119,18092022,26092023 060355,   0, 27315.1, 15.018, 78.474,0.451792,359.9,205.665,7.03e+00, 15.5, 0.3, 70
3492, 75120,06112022,26092023 060739, 226, 27401.0, 61.804,244.156,0.560319,  0.1,354.051,2.12e+00, 16.9,16.8, - 
3493, 75121,28112022,26092023 012249, 209, 27382.6, 11.816,104.855,0.472803,  0.2,183.718,1.26e+00, 17.9, 1.7,330
3494, 75122,18052023,26092023 054041, 127, 27380.7, 64.277,235.574,0.424816,  0.1,106.532,1.57e+01, 17.5, -  , - 
3495, 75200,13092012,26092023 051809,   1, 27416.2, 69.848,243.827,0.361809,  0.1, 99.716,2.29e+00, 14.8, 0.1,  5
3496, 75201,15092014,25092023 211752,   0, 27499.8, 25.902,261.517,0.736476,  0.0,310.245,5.78e-02, 13.9, 0.1,  2
3497, 75202,03022014,26092023 095444,  26, 27370.2, 26.983, 69.366,0.729547,359.9, 72.791,8.31e-02, 16.9, 0.4, 87
3498, 75203,28072016,26092023 013352,   0, 42165.5,  2.584, 20.796,0.000282,357.2,163.663,3.12e-02, 10.6, 0.1,  1
3499, 75204,16062014,26092023 022152, 331, 27444.3, 25.216,223.677,0.743188,  0.2, 26.123,2.84e-01, 19.2,70.4,504
3500, 75206,08072018,26092023 013811,1280, 27419.5, 65.436,300.201,0.587246,359.9, 55.577,1.32e+00, 14.9, -  , - 
3501, 75207,06092018,26092023 033223,   2, 27408.0, 20.842,224.475,0.518314,  0.3, 34.291,7.75e-02, 18.2, 0.1,  5
3502, 75208,06092018,25092023 211608, 198, 27420.5, 20.385,220.494,0.503482,  0.3, 30.152,1.88e+00, 17.6, 1.9,399
3503, 75209,06092018,26092023 021615, 282, 27374.8, 20.263,222.601,0.498779,  0.3, 31.546,3.13e-01, 17.4,15.3, - 
3504, 75210,07092018,26092023 042456, 668, 27420.3, 20.395,223.203,0.499309,  0.3, 28.082,1.11e+00, 18.3,41.0, - 
3505, 75211,07092018,25092023 200730, 680, 27436.3, 20.321,218.821,0.509532,  0.3, 34.822,1.06e+00, 18.2,13.0, - 
3506, 75212,04092018,26092023 085541, 343, 27448.7, 21.066,225.100,0.517029,  0.3, 12.519,9.94e-01, 17.7,12.3, - 
3507, 75213,14092018,25092023 153612,1583, 27422.4, 20.179,212.982,0.511310,  0.3, 43.901,1.42e-01, 17.3,26.2, - 
3508, 75214,14092018,25092023 164800,1834, 27430.6, 20.466,222.655,0.506645,  0.3, 22.121,3.71e+00, 18.8, -  , - 
3509, 75215,30082018,25092023 233002, 198, 27384.3, 20.266,218.146,0.509845,  0.3, 35.478,1.82e+00, 18.5,91.6, - 
3510, 75216,11112018,26092023 011725, 253, 27385.9, 20.867,234.230,0.488604,  0.2,  9.983,2.68e+00, 18.1,46.4, - 
3511, 75217,09042019,26092023 030032, 384, 27357.5, 11.737,101.030,0.520809,  0.1,190.386,3.49e-02, 18.0, 0.5, 84
3512, 75218,09042019,25092023 161538,  80, 27433.1, 12.085, 99.703,0.485315,  0.1,195.530,6.35e-01, 17.4, 6.3, - 
3513, 75219,09042019,25092023 161253,  32, 27405.3, 11.514,108.000,0.469495,  0.2,172.852,1.56e+00, 17.1, 4.5, - 
3514, 75220,24082019,26092023 051525, 203, 27423.4, 20.148,213.316,0.510655,  0.3, 43.578,9.80e-02, 17.5, 2.3,506
3515, 75222,03102019,26092023 020941,   2, 27414.8, 20.510,225.904,0.467562,  0.3, 16.793,1.83e-01, 15.9, 0.1, 14
3516, 75223,29062022,26092023 081913, 347, 27416.5, 68.838, 51.888,0.570687,359.9, 44.605,1.02e+00, 17.2, 6.1, - 
3517, 75224,19102022,25092023 190725, 339, 27384.1, 48.813,247.646,0.198918,  0.1,209.888,1.11e+01, 19.2, -  , - 
3518, 75300,12092012,25092023 224127,1659, 27464.8, 18.164,330.003,0.682288,359.6,194.806,2.00e+00, 17.2, -  , - 
3519, 75301,07122012,25092023 151728,   2, 27474.4, 26.563,297.299,0.736211,359.9,234.768,2.97e-02, 15.4, 0.1,  3
3520, 75302,31012014,26092023 074431,   1, 27552.0, 25.627,254.341,0.737216,  0.1,331.016,2.45e-02, 15.7, 0.1,  1
3521, 75303,26122013,25092023 222652,   2, 27507.1, 26.158,268.276,0.737148,  0.0,291.189,1.48e-01, 15.8, 0.1,  8
3522, 75304,22082017,25092023 191355, 962, 27437.0, 27.082, 58.796,0.746791,359.8,222.020,4.84e-02, 15.8, -  , - 
3523, 75305,05092018,25092023 163835, 339, 27451.6, 20.914,236.750,0.491147,  0.2,  7.420,2.94e+00, 18.5,27.1, - 
3524, 75306,03092018,25092023 140239,1074, 27566.1, 20.326,232.151,0.472884,  0.2,355.079,6.99e-01, 16.5, -  , - 
3525, 75307,17072017,25092023 185748,1517, 27382.0, 23.116, 71.286,0.729677,359.9,175.304,9.21e-02, 18.3, -  , - 
3526, 75308,09112018,26092023 085746,1751, 27451.8, 20.540,226.328,0.497223,  0.3, 20.544,1.58e+00, 18.7,88.9, - 
3527, 75309,08042019,25092023 190404,1577, 27419.7, 12.760, 89.166,0.492920,360.0,207.851,3.05e-01, 16.5,12.6, - 
3528, 75310,15052019,26092023 072748,1074, 27477.9, 15.488, 51.552,0.605931,359.7,299.524,2.98e-01, 18.4,15.5, - 
3529, 75313,03012020,25092023 165933, 229, 27419.2, 12.868, 90.364,0.490258,360.0,205.566,1.95e-01, 15.9, 5.5, - 
3530, 75400,15102012,25092023 145409,   2, 27520.7, 26.116,280.112,0.736337,360.0,272.143,2.40e-02, 14.4, 0.1,  2
3531, 75401,04082016,25092023 172202, 257, 27268.6, 23.117,163.239,0.743445,  0.3,191.865,1.34e-01, 17.1, 1.8,411
3532, 75402,02092018,25092023 151322,   2, 27475.3, 20.228,219.962,0.499719,  0.3, 32.449,4.14e-02, 17.5, 0.1,  4
3533, 75403,02092018,26092023 085409, 325, 27455.4, 20.460,229.375,0.536891,  0.2, 20.509,1.67e-01, 17.5,10.6,988
3534, 75404,08042019,26092023 023745,1269, 27439.1, 12.536,101.872,0.464760,  0.1,180.638,2.82e-01, 17.5,34.3, - 
3535, 75405,08042019,26092023 004408,  21, 27450.6, 11.984,109.964,0.465920,  0.2,174.165,1.92e-02, 16.6, 0.1, 12
3536, 75406,07042019,25092023 222104, 246, 27441.8, 11.590,124.111,0.420663,  0.4,143.379,1.48e-01, 17.3, 3.1,707
3537, 75407,06042019,26092023 043832,   1, 27453.4, 11.324,129.668,0.434510,  0.4,142.467,1.16e-01, 16.8, 0.1,  8
3538, 75408,24082019,25092023 170726,1431, 27495.3, 20.356,224.590,0.500210,  0.3, 27.363,1.65e+00, 17.6,79.5, - 
3539, 75410,24042022,26092023 023439, 516, 27457.0, 52.874,201.433,0.061506,  0.2, 69.189,3.92e+00, 18.4, 9.5, - 
3540, 75411,25042022,26092023 020355, 512, 27455.8, 52.792,201.233,0.040986,  0.2, 88.513,4.35e+00, 19.0, -  , - 
3541, 75412,02062022,26092023 062853, 345, 27455.1, 61.479,213.859,0.500411,  0.1,165.816,3.18e+00, 17.7, 7.9, - 
3542, 75413,23082022,25092023 141555, 375, 27469.1,  5.816,217.287,0.474631,  1.0,305.979,3.79e+01, 17.7,69.1, - 
3543, 75414,25082022,26092023 000646,  31, 27445.3, 11.165,121.146,0.384541,  0.3,144.252,2.92e-01, 15.0, 3.8,312
3544, 75415,09082023,25092023 231406,  43, 27395.5, 10.906,137.739,0.424130,  0.5, 73.578,6.18e+00, 18.1,80.7, - 
3545, 75500,19092012,25092023 155120,   2, 26726.7, 25.557,122.969,0.743397,  0.2,197.728,4.19e-02, 14.8, 0.3,  5
3546, 75501,11102012,26092023 003145,   5, 27309.9, 24.570,166.967,0.747763,  0.3,133.548,3.18e-02, 17.4, 0.1,  4
3547, 75502,24122016,26092023 052135, 922, 27045.9, 28.757, 19.414,0.738882,359.7,109.266,1.95e-02, 15.8,41.5, - 
3548, 75503,02092018,25092023 235144, 603, 27488.0, 20.224,220.059,0.506944,  0.3, 33.950,1.88e-01, 17.2,19.3, - 
3549, 75504,03092018,26092023 002445,  20, 27478.9, 20.354,225.217,0.500875,  0.3, 27.514,1.03e-01, 17.9, 0.1, 17
3550, 75505,03092018,26092023 015337, 660, 27426.5, 20.255,219.659,0.509882,  0.3, 33.116,2.27e+00, 18.2,27.9, - 
3551, 75506,02092018,26092023 011727, 204, 27468.7, 20.735,233.181,0.494964,  0.2, 17.125,1.07e-01, 17.5, 2.9,651
3552, 75507,02092018,25092023 132555, 236, 27547.2, 20.699,238.101,0.486817,  0.2,348.420,4.93e+00, 17.0,29.6, - 
3553, 75508,07092018,25092023 184337,1844, 27501.4, 20.286,214.906,0.517197,  0.3, 36.451,2.52e+00, 19.2, -  , - 
3554, 75509,06122018,25092023 225102,   0, 27472.7, 20.287,220.556,0.508863,  0.3, 34.121,1.72e-01, 14.6, 0.1,  6
3555, 75510,06042019,25092023 162640,  80, 27448.6, 12.000,107.510,0.461672,  0.2,174.552,8.18e-01, 16.5, 4.2,947
3556, 75511,07042019,26092023 031056,   1, 27481.4, 12.091,109.983,0.457868,  0.2,169.440,1.27e-01, 13.4, 0.1,  3
3557, 75512,06042019,26092023 043842,   6, 27470.3, 11.545,121.861,0.451244,  0.3,155.823,9.40e-02, 16.8, 0.1, 11
3558, 75513,27062019,26092023 074728,1075, 27476.8, 11.412,126.159,0.446854,  0.4,150.073,1.63e-02, 17.8, 2.0,357
3559, 75514,18112019,25092023 192413, 695, 27493.3, 20.194,203.956,0.539254,  0.3, 52.742,4.00e+00, 18.2,34.2, - 
3560, 75515,21102020,26092023 050039, 976, 27468.7, 10.962,127.957,0.426050,  0.4,154.238,5.56e+00, 16.2, -  , - 
3561, 75516,07042022,26092023 072744, 256, 27261.1,  8.442, 97.709,0.419284,  0.1, 74.272,3.36e+01, 17.1, -  , - 
3562, 75600,18102012,25092023 203917,   6, 27540.0, 25.766,284.339,0.734900,359.9,278.384,1.08e-02, 16.4, 0.1,  2
3563, 75601,30012014,25092023 181405,1393, 27586.3, 26.574, 96.663,0.677730,  0.0,346.736,3.45e+00, 15.1, -  , - 
3564, 75602,21032018,25092023 160239,1876, 26998.7, 11.734,287.165,0.727099,359.8,249.129,5.52e+01, 17.9, -  , - 
3565, 75603,02092018,26092023 095643,   1, 27512.7, 20.360,230.089,0.482371,  0.2, 16.377,4.31e-02, 16.6, 0.1,  1
3566, 75604,02092018,25092023 223154,1508, 27522.8, 20.011,207.496,0.525662,  0.3, 53.511,1.26e-01, 17.8,14.3, - 
3567, 75605,02092018,26092023 014209, 681, 27536.8, 20.553,226.078,0.504862,  0.3, 19.594,2.87e+00, 18.7,87.2, - 
3568, 75606,03102018,26092023 083930,1814, 27518.5, 20.678,237.792,0.473836,  0.2,359.468,2.09e+00, 17.4, -  , - 
3569, 75607,07042019,26092023 084222,   0, 27495.2, 11.531,122.199,0.449071,  0.3,154.526,1.08e-01, 12.2, 0.1,  2
3570, 75608,08042019,25092023 201436,   1, 27496.0, 12.746,102.661,0.457619,  0.1,175.552,1.75e-01, 13.7, 0.1, 12
3571, 75609,15052019,25092023 151515,1570, 27546.6, 11.224, 83.343,0.473894,359.9,217.013,5.15e+00, 17.2, -  , - 
3572, 75610,03072019,25092023 144711,1096, 27541.2, 12.301, 83.929,0.452184,359.9,202.477,1.26e+00, 16.7, -  , - 
3573, 75612,30062019,26092023 014734, 223, 27518.4, 11.767,113.011,0.468801,  0.2,171.189,7.18e-01, 16.7, 8.4, - 
3574, 75613,10072019,25092023 204315,1435, 27523.7, 12.688, 88.368,0.467067,360.0,198.578,5.38e+00, 16.7, -  , - 
3575, 75614,29082019,26092023 010844, 755, 27472.8, 14.788, 85.404,0.436605,360.0,183.675,6.15e+00, 15.4, -  , - 
3576, 75615,02092019,25092023 175453,  44, 27511.6, 11.533,122.243,0.451388,  0.3,154.750,3.54e-02, 17.8, 0.1,  3
3577, 75616,05102019,26092023 022307,1008, 27522.1, 11.347,113.075,0.465462,  0.3,176.972,3.28e+00, 16.3, -  , - 
3578, 75617,24122019,25092023 233211,1264, 27509.3, 13.063, 86.797,0.498298,360.0,209.507,1.67e-01, 16.5,22.0, - 
3579, 75618,20042022,25092023 182112, 500, 27502.0, 16.175,137.467,0.562094,  0.3,250.474,4.36e+00, 16.2,95.3, - 
3580, 75700,02092018,25092023 223015, 625, 27543.3, 20.656,244.447,0.458177,  0.2,354.691,6.83e-02, 17.3, 5.8, - 
3581, 75701,02092018,26092023 110159,   0, 27539.2, 20.223,221.781,0.496142,  0.3, 28.305,6.01e-03, 16.1, 0.1,  1
3582, 75702,02092018,26092023 090732, 335, 27587.6, 21.188,228.203,0.505558,  0.2, 11.168,4.31e+00, 17.0,19.3, - 
3583, 75703,02092018,26092023 085131, 176, 27481.0, 20.773,232.724,0.497722,  0.2, 17.637,2.48e-01, 16.9, 3.1,664
3584, 75704,02092018,26092023 070846,1708, 27512.1, 20.687,234.250,0.485229,  0.2,  6.645,7.28e-01, 16.1,39.8, - 
3585, 75705,06092018,26092023 003519,   4, 27546.6, 20.926,239.635,0.488275,  0.2,  6.794,8.18e-02, 18.2, 0.1,  3
3586, 75706,05102018,25092023 180220, 328, 27531.5, 20.518,226.546,0.509359,  0.3, 27.645,2.78e-01, 17.8, 4.6, - 
3587, 75707,03112018,26092023 002033, 327, 27598.2, 20.984,235.179,0.512644,  0.2,  4.080,4.86e+00, 18.5, -  , - 
3588, 75708,03112018,25092023 230057,  44, 27497.8, 19.946,224.767,0.469103,  0.3, 22.307,2.51e+00, 14.1, 0.7,146
3589, 75709,11112018,25092023 225158,   0, 27524.2, 20.428,231.223,0.483962,  0.2, 14.254,6.62e-01, 17.0, 0.1,  9
3590, 75710,03072019,25092023 212906, 176, 27578.2, 11.310,126.320,0.444617,  0.4,146.761,1.48e-01, 14.8, 2.6,574
3591, 75711,12072019,26092023 002518,   6, 27533.4, 20.710,233.105,0.500307,  0.2, 17.495,1.42e-01, 16.8, 0.1, 25
3592, 75712,20072019,25092023 214105,1389, 27537.8, 11.034,119.604,0.452318,  0.3,167.686,5.31e+00, 15.0, -  , - 
3593, 75713,21042019,25092023 161704,1604, 27551.8, 11.424, 95.201,0.484867,  0.1,200.901,2.93e+00, 15.4,50.3, - 
3594, 75714,31072019,26092023 044859,1509, 27536.0, 11.028,151.289,0.425819,  0.6,114.244,1.33e+00, 17.7, -  , - 
3595, 75716,29082019,25092023 165640, 574, 27618.4, 11.530,154.950,0.438191,  0.6, 98.111,3.72e+00, 16.8, -  , - 
3596, 75717,31082019,25092023 220748,1345, 27535.7, 11.660,114.305,0.466099,  0.3,168.048,6.09e-01, 16.8,65.8, - 
3597, 75718,19092019,26092023 005301, 623, 27616.7, 12.863, 50.183,0.464287,359.6,279.581,1.24e+01, 17.7, -  , - 
3598, 75719,27032020,26092023 032400,  15, 27529.0, 71.931,307.318,0.356996,359.9, 64.057,2.48e-01, 15.5, 0.7,150
3599, 75720,29042020,25092023 231408,1241, 27549.7, 70.463,328.319,0.548903,359.9,324.556,2.00e+00, 16.3,11.6, - 
3600, 75721,10072021,25092023 230535,  68, 27458.0, 71.888,243.552,0.477318,  0.1,234.753,2.02e+01, 16.4, 8.1, - 
3601, 75722,20072021,25092023 171837, 213, 27535.3, 12.170,109.600,0.497724,  0.2,180.500,1.35e+00, 17.1,31.4, - 
3602, 75723,18102022,26092023 092915, 234, 27538.0, 69.407,227.644,0.582457,  0.1,338.910,1.09e+01, 17.1,11.8, - 
3603, 75724,16122022,25092023 152333, 281, 27530.9, 57.980, 24.407,0.085748,359.9, 88.478,8.82e+00, 18.4, -  , - 
3604, 75800,18092012,26092023 004408,   1, 27625.0, 26.760,117.175,0.730288,  0.1,341.554,3.64e-02, 15.7, 0.1,  1
3605, 75801,05082013,25092023 210814,   1, 27602.3, 26.335,134.257,0.729424,  0.2,315.278,9.59e-02, 15.9, 0.1,  3
3606, 75802,18082014,25092023 195505,   1, 27629.0, 13.409,265.970,0.584821,  0.0,343.772,3.43e+00, 14.4, 0.2, 43
3607, 75803,03092018,25092023 150656,   4, 27549.3, 20.418,229.783,0.494457,  0.2, 18.889,9.28e-02, 14.8, 0.1, 13
3608, 75804,02092018,26092023 002456, 365, 27431.9, 20.428,218.062,0.512370,  0.3, 34.268,3.47e+00, 18.6,17.8, - 
3609, 75805,06092018,26092023 100423, 264, 27569.0, 20.791,246.282,0.461459,  0.2,352.619,2.10e-01, 18.1, 1.7,395
3610, 75806,08042019,25092023 211745,   1, 27555.1, 12.086,108.757,0.467646,  0.2,173.524,1.35e-02, 16.4, 0.1,  1
3611, 75807,09042019,26092023 045126, 246, 27582.2, 12.007,108.340,0.475570,  0.2,177.333,8.66e-02, 17.1, 0.8,132
3612, 75808,27062019,26092023 101844, 257, 27552.9, 10.943,136.036,0.447696,  0.5,134.648,2.76e+00, 16.7,48.8, - 
3613, 75809,28072019,25092023 175539,1181, 27860.6, 17.514, 20.450,0.475110,359.6,302.755,4.56e+00, 17.2, -  , - 
3614, 75810,04082019,25092023 231215,   4, 27547.8, 12.432, 99.540,0.486657,  0.1,191.045,2.32e-01, 16.6, 0.1, 21
3615, 75812,23092019,25092023 212805, 247, 27621.9, 11.435,124.013,0.468149,  0.4,151.049,2.10e+00, 16.8,83.5, - 
3616, 75813,26092019,26092023 042256,  16, 27559.9, 64.545,120.587,0.496292,  0.1,304.605,1.30e+00, 15.6, 0.2, 31
3617, 75814,02102019,25092023 203624, 215, 27543.5, 11.921,110.056,0.482387,  0.2,179.828,6.09e-02, 17.4, 1.0,214
3618, 75815,29092019,26092023 021831,  60, 27430.1,  7.381, 93.778,0.681795,  0.1, 83.065,5.59e+01, 17.6,15.6, - 
3619, 75818,25032022,26092023 084324,   1, 27548.9, 20.930,239.184,0.490281,  0.2,  7.644,7.07e-02, 17.4, 0.1,  4
3620, 75820,10122022,25092023 210631,  52, 27545.2, 67.045, 91.746,0.434579,  0.0,224.831,1.88e+00, 16.7, 0.5,103
3621, 75901,24102017,25092023 200733,  11, 27547.2, 60.207,164.873,0.591924,  0.1,325.365,4.66e+00, 16.2, 0.3, 60
3622, 75902,02092018,25092023 224339,1318, 27592.7, 20.241,230.558,0.486985,  0.2, 15.566,9.24e-02, 17.6,18.4, - 
3623, 75903,02092018,25092023 223727, 174, 27594.2, 20.012,205.178,0.532732,  0.3, 56.720,2.87e-01, 17.2, 3.6,796
3624, 75904,05092018,26092023 031359,1428, 27579.1, 20.365,228.298,0.497978,  0.3, 21.713,4.98e-02, 18.3, 2.2,399
3625, 75905,05092018,25092023 232258,  81, 27601.4, 20.641,237.401,0.503058,  0.2,  8.298,2.39e+00, 17.4, 6.8, - 
3626, 75906,05092018,25092023 172319,1792, 27585.9, 20.333,228.361,0.491130,  0.3, 18.935,1.32e-01, 18.9,21.7, - 
3627, 75907,14092018,25092023 215708, 486, 27591.8, 20.308,229.199,0.490238,  0.3, 18.247,1.06e-01, 16.3, 3.8,858
3628, 75908,08112018,25092023 134733, 242, 27598.5, 20.727,242.166,0.451956,  0.2,341.503,4.01e+00, 17.4,16.6, - 
3629, 75909,10112018,25092023 140404,   2, 27715.3, 20.384,232.011,0.489454,  0.2, 12.069,2.32e-01, 15.0, 0.1, 16
3630, 75910,03042019,25092023 171639,1493, 27611.2, 21.027,241.563,0.488348,  0.2,356.196,2.45e+00, 17.8, -  , - 
3631, 75911,20062019,26092023 022019, 358, 27539.6, 11.428,101.800,0.416610,  0.1,172.899,6.48e+00, 17.2, -  , - 
3632, 75912,26082019,25092023 224447,1451, 27572.3, 11.794,103.296,0.485539,  0.1,191.345,1.66e+00, 18.0, -  , - 
3633, 75913,28062022,25092023 211139, 403, 27607.5, 61.895, 47.496,0.569814,359.9,327.547,5.94e-01, 18.1, 2.4,282
3634, 75914,19012023,26092023 002909, 244, 27505.3,  7.634,293.686,0.734016,359.6,140.379,7.08e-01, 17.2,20.1, - 
3635, 76000,28092012,25092023 230721, 244, 27610.9, 62.885,304.927,0.703215,359.9,264.572,1.78e-01, 14.0, 3.3,681
3636, 76001,31012014,25092023 225551,  14, 27636.6, 26.649,332.345,0.733759,359.7,189.905,3.45e-02, 17.2, 0.1, 13
3637, 76002,15012015,25092023 203613,  51, 27597.3, 72.566,314.332,0.531633,359.9,222.062,2.84e-01, 16.0, 1.0,184
3638, 76003,10032016,25092023 225837,1995, 27679.8, 25.506,188.040,0.675294,  0.3,170.372,1.66e+00, 15.7,85.1, - 
3639, 76004,08112016,26092023 004720,   2, 27600.6, 12.924,123.379,0.474567,  0.3,305.892,9.49e-03, 17.2, 0.1,  1
3640, 76005,30042017,25092023 215734, 956, 27648.8, 12.118,349.900,0.493699,359.4,335.676,3.67e-01, 15.2,44.6, - 
3641, 76007,31082018,25092023 220559,   0, 27612.3, 20.422,235.334,0.472156,  0.2,  6.121,9.26e-02, 15.7, 0.1,  2
3642, 76008,02092018,26092023 013203,   0, 27609.1, 20.347,230.437,0.489438,  0.2, 16.386,2.77e-02, 13.8, 0.1,  1
3643, 76009,02092018,26092023 020249,   2, 27598.3, 20.327,228.251,0.494226,  0.3, 19.852,9.71e-02, 15.7, 0.1,  6
3644, 76010,02092018,25092023 214533,   3, 27672.5, 20.564,237.755,0.483193,  0.2,  4.936,2.23e-01, 16.8, 0.1, 14
3645, 76011,02092018,26092023 003936,1615, 27619.1, 20.170,217.940,0.508650,  0.3, 33.923,9.22e-02, 17.9,27.6, - 
3646, 76012,02092018,26092023 101256, 334, 27627.4, 20.461,230.469,0.495178,  0.2, 16.142,1.01e+00, 17.9,12.7, - 
3647, 76013,05092018,26092023 033930,   4, 27652.4, 20.254,221.763,0.496054,  0.3, 25.699,5.25e-02, 16.9, 0.1,  2
3648, 76014,02102018,25092023 162127,1813, 27598.3, 20.926,247.839,0.420509,  0.1,326.471,1.14e+00, 19.0, -  , - 
3649, 76015,29102018,25092023 235549,   3, 27603.6, 20.342,230.208,0.487179,  0.2, 16.068,3.81e-02, 17.0, 0.1,  5
3650, 76016,09112018,26092023 100521, 269, 27592.2, 20.196,234.034,0.492699,  0.2, 12.492,2.63e+00, 17.9,18.0, - 
3651, 76017,25072019,26092023 050251,  49, 27588.6, 11.866,111.746,0.475980,  0.2,173.973,2.10e-02, 18.0, 0.1,  4
3652, 76018,03072019,26092023 070312,1067, 27539.3,  9.219,117.667,0.404088,  0.4,145.453,5.15e+00, 14.9, -  , - 
3653, 76019,12072019,26092023 091827,  70, 27693.1, 20.078,239.699,0.458703,  0.2,352.814,4.29e+00, 18.5,37.3, - 
3654, 76020,10092019,26092023 102253,   3, 27592.1, 20.345,228.920,0.493970,  0.3, 18.926,6.81e-02, 18.2, 0.1, 12
3655, 76021,20102019,25092023 213754,1394, 27605.5, 11.169,113.497,0.461117,  0.3,167.790,4.72e+00, 17.6, -  , - 
3656, 76022,19102019,25092023 194038,  60, 27605.5, 60.410, 75.393,0.573941,360.0, 15.855,1.49e+00, 17.3, 0.5,105
3657, 76024,15062022,25092023 215200, 245, 27591.5, 12.198,105.185,0.466337,  0.2,174.423,1.60e+00, 15.9,29.2, - 
3658, 76025,23082022,26092023 004408, 316, 27621.8, 66.261,168.260,0.341380,  0.1,334.030,4.62e+00, 17.6,20.2, - 
3659, 76026,04112020,26092023 035957,  10, 27638.8, 11.426,124.756,0.452918,  0.4,149.412,1.62e-01, 17.7, 0.3, 67
3660, 76027,15012023,26092023 010345, 229, 27561.0, 19.903,266.347,0.364820,  0.0,290.761,5.60e+00, 18.3, -  , - 
3661, 76028,02032023,25092023 141832, 153, 27641.5, 60.580,349.015,0.662781,359.9,325.321,4.00e-01, 17.2, 1.1,143
3662, 76029,16042023,25092023 224859,   8, 27574.6, 52.175,188.292,0.149385,  0.2,349.840,1.00e+01, 18.4, 0.4, 85
3663, 76100,20122009,25092023 233811,  10, 27692.6,  7.722,309.908,0.737624,359.4,111.819,1.79e-01, 14.2, 0.2, 30
3664, 76101,25122013,26092023 062508,   1, 27660.1, 26.404,336.123,0.733197,359.7,191.241,4.88e-02, 15.4, 0.1,  2
3665, 76102,11052015,25092023 220738,   2, 27611.2, 26.960,335.770,0.733105,359.7,178.388,7.45e-02, 17.2, 0.1,  3
3666, 76103,08102016,26092023 045036,   0, 27604.7, 17.433, 61.686,0.531868,359.8, 77.098,7.32e-03, 12.5, 0.1,  1
3667, 76104,05092018,26092023 095232, 688, 27647.2, 20.359,231.849,0.482401,  0.2, 12.061,7.66e-02, 18.7, 8.4, - 
3668, 76105,14102018,25092023 142130,1348, 27526.4, 25.770,169.393,0.683817,  0.3,201.776,2.26e+00, 16.2, -  , - 
3669, 76106,07042019,25092023 225950,   0, 27576.2, 20.311,227.349,0.495098,  0.3, 20.759,1.66e-01, 16.7, 0.1,  5
3670, 76107,06042019,26092023 042558, 274, 27617.3, 12.528,107.136,0.453044,  0.2,166.435,1.55e+00, 17.7,31.6, - 
3671, 76108,06062019,25092023 185052, 299, 27613.2, 11.078,117.948,0.443502,  0.3,152.817,2.35e+00, 18.5, 8.8, - 
3672, 76109,02072019,25092023 170540,  55, 27656.1, 12.579,105.212,0.462177,  0.2,169.322,1.57e+00, 16.5, 5.3, - 
3673, 76110,30082019,26092023 001156,1443, 27640.9, 69.837,129.989,0.542568,  0.1,318.406,4.70e-01, 15.9,19.5, - 
3674, 76111,13102019,25092023 221202, 265, 27703.2, 20.843,235.877,0.511266,  0.2,  2.258,5.61e+00, 16.1,64.6, - 
3675, 76112,25042014,25092023 171042,   2, 27343.4, 21.611,129.587,0.753007,  0.2,286.189,5.29e-02, 15.8, 0.3,  4
3676, 76113,01092022,25092023 223356, 312, 27620.0, 56.063,324.676,0.013127,359.9,305.905,2.55e-01, 18.3, 1.9,388
3677, 76114,16102022,26092023 015852, 269, 27641.9, 20.346,230.661,0.490345,  0.2, 15.703,5.99e-02, 18.6, 0.2, 17
3678, 76115,23102022,26092023 064642, 333, 27641.4, 20.775,235.677,0.470799,  0.2,  3.086,1.47e+00, 18.0, 3.7,758
3679, 76116,22122022,25092023 182530, 260, 27734.5, 20.697,296.017,0.687192,359.8,314.369,4.27e+00, 16.3,12.8, - 
3680, 76200,19072015,26092023 021746,1473, 27658.1, 63.091, 17.023,0.723415,359.9,274.359,9.22e-02, 15.2,32.8, - 
3681, 76201,20042016,26092023 102946,  27, 27649.4, 27.920, 24.561,0.723906,359.7, 80.705,6.23e-02, 14.7, 0.1, 31
3682, 76202,11032016,25092023 225412,2209, 27664.5, 54.222,256.522,0.333076,  0.0, 79.625,7.94e+00, 16.2, -  , - 
3683, 76203,08072009,25092023 182552,  90, 27693.6, 22.614, 87.598,0.746887,360.0,317.352,9.27e-02, 16.9, 6.1,268
3684, 76204,02092018,26092023 014427, 500, 27647.7, 21.436,242.268,0.441021,  0.2,  1.537,2.67e-01, 16.6,16.0, - 
3685, 76205,02092018,26092023 021224,1520, 27650.2, 19.994,223.905,0.490169,  0.3, 23.859,6.21e-02, 17.7, 1.8,345
3686, 76206,02092018,25092023 185121,   1, 27645.8, 20.483,235.920,0.483764,  0.2,  8.211,1.47e-01, 15.7, 0.1,  3
3687, 76207,02092018,25092023 231308, 189, 27662.3, 20.091,226.264,0.488609,  0.3, 19.395,7.93e-01, 16.4, 1.2,219
3688, 76208,05092018,25092023 141904,   2, 27657.3, 20.394,233.216,0.485875,  0.2, 11.618,5.91e-02, 17.3, 0.1,  8
3689, 76209,07042019,26092023 021933, 991, 27651.4, 12.337,104.645,0.470560,  0.1,176.321,2.23e-01, 17.2,14.5, - 
3690, 76210,07042019,26092023 092719,   0, 27649.6, 11.569,120.997,0.457104,  0.3,155.208,1.59e-02, 14.9, 0.1,  1
3691, 76211,08042019,25092023 231134, 155, 27640.1, 12.434,107.906,0.468450,  0.2,179.690,1.53e-01, 17.1, 2.5,535
3692, 76212,01072019,25092023 221703,   4, 27644.1, 11.688,121.398,0.483176,  0.3,166.112,4.44e-02, 16.9, 0.1,  3
3693, 76214,30082019,26092023 020005, 179, 27764.7, 12.274,110.277,0.458837,  0.2,162.042,6.10e-01, 16.9,26.5, - 
3694, 76215,26092019,26092023 042520,1038, 27641.0, 11.399,124.485,0.452000,  0.4,150.213,1.63e-01, 15.6,19.3, - 
3695, 76216,22102019,26092023 012417, 712, 27663.4, 10.647,111.700,0.443298,  0.3,158.372,4.84e+00, 17.2,39.3, - 
3696, 76219,28102022,26092023 011558,  94, 27651.7, 11.165,134.826,0.434613,  0.5,133.098,9.14e-02, 18.0, 0.1, 23
3697, 76220,22122022,26092023 051338, 227, 27750.2, 11.512, 66.433,0.434862,359.7,256.799,9.11e+00, 17.2, -  , - 
3698, 76221,02012023,25092023 235224,  22, 27646.1, 20.557,236.063,0.484909,  0.2,  8.474,3.47e-01, 16.8, 0.1, 23
3699, 76222,13012023,26092023 044457, 235, 27654.0, 64.714,287.443,0.633872,360.0,294.449,2.93e-01, 17.3, 0.4, 71
3700, 76300,14092012,26092023 003956,  11, 27724.1, 26.496,101.957,0.730718,  0.1, 27.705,5.05e-02, 16.9, 0.1, 14
3701, 76301,02092018,25092023 170535,   1, 27684.7, 20.213,223.974,0.503000,  0.3, 25.563,1.36e-02, 16.4, 0.1,  1
3702, 76302,02092018,26092023 073823, 330, 27748.1, 20.622,237.590,0.476032,  0.2,  2.637,2.53e-01, 16.2, 9.3, - 
3703, 76303,02092018,25092023 222258,   0, 27685.9, 20.381,231.659,0.493897,  0.2, 14.896,1.80e-01, 14.3, 0.1,  6
3704, 76304,02092018,26092023 012208,   0, 27673.0, 20.410,234.044,0.482597,  0.2,  9.377,6.26e-02, 17.4, 0.1,  3
3705, 76305,02092018,26092023 021345,   2, 27678.9, 20.399,235.059,0.477920,  0.2,  6.777,8.89e-02, 14.6, 0.1,  4
3706, 76306,02092018,25092023 232543,1401, 27595.4, 20.711,231.942,0.504651,  0.2,  0.990,4.75e+00, 18.0, -  , - 
3707, 76307,02092018,25092023 141504,  23, 27683.8, 20.344,232.053,0.487535,  0.2, 13.296,3.75e-02, 17.9, 0.2, 49
3708, 76308,05092018,25092023 160545,1788, 27676.4, 20.758,240.824,0.481159,  0.2,353.866,2.32e+00, 18.3, -  , - 
3709, 76309,11092018,25092023 160730, 243, 27771.7, 20.492,238.234,0.485516,  0.2,  3.824,1.75e+00, 16.4,58.9, - 
3710, 76310,11092018,26092023 022709,1686, 27694.8, 20.456,239.166,0.476421,  0.2,  1.309,8.24e-01, 18.3,80.6, - 
3711, 76311,12122018,25092023 212814, 176, 27683.7, 20.824,251.733,0.451807,  0.1,343.040,3.70e-01, 16.4, 7.9, - 
3712, 76312,08042019,25092023 221313,   2, 27680.4, 11.410,125.529,0.447802,  0.4,146.487,1.65e-01, 13.4, 0.1, 15
3713, 76315,14102019,26092023 012440,1050, 27542.3, 11.541,105.078,0.466623,  0.2,182.036,3.37e+00, 17.8,48.0, - 
3714, 76316,21102019,25092023 165219, 212, 27659.3, 10.686,105.338,0.487716,  0.2,185.790,1.79e+00, 17.3, 4.0,867
3715, 76317,20072020,25092023 195525, 216, 27646.6, 12.701, 75.805,0.500971,359.8,221.453,2.76e+00, 17.4,24.2, - 
3716, 76318,12092020,25092023 165109, 307, 27812.1, 25.117,221.617,0.556904,  0.2,  4.060,7.15e+00, 16.6, -  , - 
3717, 76319,13102020,26092023 040804,1073, 27660.6, 11.151,119.972,0.456275,  0.3,153.569,2.06e+00, 18.7, -  , - 
3718, 76320,05122020,25092023 220858, 267, 27655.4, 20.451,229.255,0.537414,  0.2, 15.207,3.82e-01, 17.2,21.5,818
3719, 76321,19092022,26092023 003134,  96, 27672.2, 20.572,242.669,0.483401,  0.2,350.523,1.33e-01, 17.6, 0.1, 15
3720, 76322,01122022,25092023 195513, 229, 27758.6, 26.073,247.707,0.741340,  0.1,326.453,3.87e-01, 15.5,11.6, - 
3721, 76323,30112022,26092023 044948, 275, 27750.8, 14.312,  6.656,0.522155,359.5, 24.379,7.97e+00, 17.6, -  , - 
3722, 76324,22122022,26092023 003035, 258, 27821.5, 14.866, 37.007,0.441519,359.6,273.124,8.01e+00, 17.7,33.3, - 
3723, 76400,09062015,26092023 021358,1930, 27478.1,  9.381, 54.125,0.412002,359.5,226.784,6.05e+00, 15.6, -  , - 
3724, 76401,02092018,26092023 004236, 316, 27708.3, 20.450,237.775,0.486268,  0.2,  5.361,8.94e-01, 18.2,82.1, - 
3725, 76402,02092018,26092023 032547,   6, 27715.7, 20.240,226.060,0.498701,  0.3, 21.521,9.50e-03, 17.8, 0.1,  1
3726, 76403,02092018,25092023 225303, 624, 27656.1, 21.233,239.657,0.479979,  0.2,343.119,8.78e-02, 14.8, 3.8,735
3727, 76404,11092018,26092023 101141,   0, 27592.5, 20.474,231.238,0.496097,  0.2, 17.434,2.49e-01, 15.1, 0.1,  7
3728, 76405,30082018,25092023 164000,  47, 27693.9, 20.221,234.462,0.467309,  0.2,  9.504,6.43e-02, 16.6, 0.1, 13
3729, 76406,11092018,25092023 210914, 682, 27630.8, 19.624,232.790,0.515562,  0.2,338.157,1.09e+01, 18.2, -  , - 
3730, 76407,08042019,26092023 051117, 137, 27688.9, 11.847,109.900,0.474379,  0.2,172.902,3.02e-01, 17.1, 7.5, - 
3731, 76408,24082019,25092023 194336,  80, 27691.8, 12.110,107.248,0.479739,  0.2,177.271,1.41e-02, 18.2, 0.1,  8
3732, 76409,26082019,26092023 020333,1071, 27663.3,  9.571,113.455,0.397934,  0.3,146.646,1.14e+00, 17.7, -  , - 
3733, 76410,26082019,25092023 175425,1458, 27702.1, 11.097,116.104,0.446142,  0.3,151.721,3.62e+00, 18.0, -  , - 
3734, 76411,23102019,26092023 004414,1021, 27729.2, 12.398, 99.817,0.490607,  0.1,188.839,2.17e-01, 15.9, 1.2,229
3735, 76412,23102019,25092023 224403, 250, 27692.9, 25.319, 19.588,0.533700,359.7,257.527,1.88e+00, 16.5,25.7, - 
3736, 76413,17112019,26092023 040325, 211, 27682.3, 12.120,103.187,0.488894,  0.1,186.194,2.63e-01, 16.8, 2.9,645
3737, 76414,20102020,25092023 215230, 996, 27697.1, 11.380,127.580,0.450726,  0.4,146.291,8.71e-01, 17.1,71.5, - 
3738, 76415,14102020,25092023 182801,1069, 27683.7, 11.152,119.230,0.463011,  0.3,158.266,1.49e+00, 19.0, -  , - 
3739, 76416,28082022,25092023 155737, 121, 27696.2, 12.058,111.877,0.465107,  0.2,174.406,5.58e-01, 17.3, 8.0, - 
3740, 76417,14112022,26092023 004733, 277, 27687.9, 20.220,227.729,0.353318,  0.3,346.593,3.95e+00, 17.4, -  , - 
3741, 76418,21032023,26092023 072453, 152, 27696.2,  8.954,256.117,0.522936,  0.2,117.435,2.70e-01, 17.4, 0.6, 78
3742, 76500,06022016,25092023 231411,  25, 27801.7, 27.806, 72.457,0.720875,359.9,350.389,5.01e-02, 14.8, 0.1, 22
3743, 76501,13122017,25092023 145730,   4, 27727.5, 63.033,162.601,0.637243,  0.1,263.790,1.61e-01, 15.7, 0.1, 15
3744, 76503,04092018,25092023 215624,  15, 27734.4, 20.280,227.606,0.492263,  0.3, 17.303,6.81e-02, 16.5, 0.1, 23
3745, 76504,10092018,26092023 091113,1069, 27841.9, 20.686,239.495,0.487479,  0.2,359.686,1.08e+00, 17.5,68.6, - 
3746, 76505,10092018,26092023 001019,   0, 27734.8, 20.397,235.874,0.479427,  0.2,  5.545,9.01e-02, 13.7, 0.1,  2
3747, 76506,10092018,26092023 072812,   1, 27748.9, 20.975,233.950,0.518004,  0.2,  1.335,3.83e+00, 17.6, 0.1, 10
3748, 76507,10092018,26092023 000319, 314, 27788.9, 20.596,229.650,0.499950,  0.2, 14.067,1.42e-01, 16.7, 4.8,960
3749, 76508,12092018,26092023 002049, 630, 27668.6, 20.500,232.302,0.492557,  0.2,  9.211,2.12e+00, 18.2,40.4, - 
3750, 76509,12092018,25092023 211546,1839, 27569.1, 16.630,214.192,0.555322,  0.4,335.996,1.57e+01, 17.9, -  , - 
3751, 76510,07102018,25092023 212203, 382, 27675.2, 20.708,243.252,0.476697,  0.2,341.233,4.81e+00, 18.7,19.1, - 
3752, 76511,27112018,25092023 212336, 121, 27719.3, 22.148,236.497,0.525033,  0.2,358.154,1.60e-01, 14.7, 4.7, - 
3753, 76513,08042019,25092023 171147,   1, 27726.2, 12.008,111.648,0.466844,  0.2,166.262,7.09e-03, 16.0, 0.1,  2
3754, 76514,05042019,26092023 010657, 243, 27724.2, 11.861,111.465,0.479214,  0.2,172.441,5.76e-01, 18.0,13.2, - 
3755, 76516,01092019,26092023 061149,   1, 27724.1, 11.249,131.427,0.443968,  0.4,138.295,1.58e-01, 15.6, 0.1,  9
3756, 76517,26092019,26092023 024017,1108, 27741.4, 11.175,129.360,0.449231,  0.4,137.711,8.88e-01, 17.7,98.2, - 
3757, 76518,04102019,25092023 185613,1448, 27754.1, 11.638, 30.867,0.604375,359.4,336.348,1.09e+00, 18.0, -  , - 
3758, 76520,09092021,26092023 031138, 187, 27747.5, 16.244,210.522,0.535595,  0.4, 50.073,6.54e-01, 17.5,19.3,744
3759, 76601,31082018,26092023 071310,   1, 27748.5, 20.378,229.640,0.502080,  0.2, 17.724,1.90e-01, 14.1, 0.1,  5
3760, 76602,04092018,25092023 144251,1808, 27681.5, 18.313,234.422,0.513625,  0.2,320.542,9.99e+00, 16.7, -  , - 
3761, 76603,04092018,25092023 154721,1615, 27746.3, 20.573,245.745,0.457929,  0.2,349.151,1.25e-01, 18.8, 3.1,693
3762, 76604,04092018,26092023 011722, 196, 27744.3, 20.195,232.757,0.492460,  0.2, 14.317,7.70e-02, 18.6, 0.5,110
3763, 76605,04092018,25092023 231407,1305, 27741.5, 20.762,237.092,0.486914,  0.2,  0.850,2.01e+00, 16.9, -  , - 
3764, 76606,06102018,26092023 054928, 319, 27767.6, 20.871,249.580,0.465928,  0.1,347.084,3.29e-01, 17.5,12.2, - 
3765, 76607,07112018,25092023 132200,   2, 27718.6, 20.818,237.689,0.476941,  0.2,353.035,3.34e+00, 14.5, 0.5,112
3766, 76608,08042019,25092023 233552,  56, 27753.5, 12.152,106.906,0.480864,  0.2,176.471,4.62e-02, 17.3, 0.5,112
3767, 76609,09042019,26092023 083031,   0, 27758.3, 11.398,126.540,0.438846,  0.4,140.138,2.59e-01, 14.1, 0.1,  9
3768, 76610,06042019,26092023 040949, 342, 27746.3, 11.791,124.144,0.495488,  0.4,131.994,8.33e-03, 18.1, 0.2, 33
3769, 76611,06042019,25092023 230344,  87, 27735.0, 11.748,115.271,0.475682,  0.3,166.763,8.34e-02, 18.0, 0.9,201
3770, 76612,16052019,25092023 174505, 249, 27731.8, 11.533,121.147,0.470636,  0.3,159.096,1.51e-01, 16.9, 3.0,654
3771, 76614,21082019,26092023 081228, 680, 27754.1, 20.932,230.162,0.505074,  0.2, 12.437,1.70e+00, 17.0,12.0, - 
3772, 76615,27112019,26092023 014421,1394, 27664.8, 10.021,147.081,0.445242,  0.6,101.334,6.45e+00, 18.4,41.0, - 
3773, 76617,02042020,25092023 193429,1239, 27788.5,  8.100, 32.598,0.736299,359.2,300.863,2.13e-01, 18.1,81.9, - 
3774, 76700,30092012,26092023 053420,  62, 27779.3, 22.167,346.386,0.742062,359.7,  0.766,4.42e-01, 13.9, 1.9,372
3775, 76702,03092018,26092023 095237, 288, 27812.8, 20.320,237.555,0.483405,  0.2,  2.570,9.33e-01, 17.2,19.8, - 
3776, 76703,04092018,26092023 003417, 168, 27783.0, 20.381,235.454,0.483730,  0.2,  6.291,8.54e-01, 17.2,13.1, - 
3777, 76704,04092018,25092023 234254,1409, 27744.1, 20.728,231.075,0.499102,  0.2,  8.344,1.72e-01, 17.0,59.8, - 
3778, 76705,04092018,26092023 065140,1308, 27770.1, 20.530,240.012,0.479503,  0.2,  0.644,1.18e-01, 17.5, 9.1, - 
3779, 76706,04092018,26092023 072945, 217, 27780.0, 20.408,237.123,0.478422,  0.2,  3.101,4.49e-02, 18.2, 1.9,400
3780, 76707,06042019,26092023 092257, 175, 27454.8, 10.784,111.758,0.499843,  0.3,160.849,1.00e+01, 17.1, -  , - 
3781, 76708,06062019,26092023 012240,1569, 27776.2, 10.586,110.787,0.453946,  0.2,160.689,2.24e+00, 17.0,53.0, - 
3782, 76709,25072019,25092023 212514, 344, 28096.3, 11.588,112.735,0.467699,  0.2,179.336,1.30e+00, 17.3,61.2, - 
3783, 76710,30072019,25092023 161720,1484, 27736.1, 14.344, 61.282,0.454471,359.7,179.926,1.13e+01, 16.2, -  , - 
3784, 76711,30072019,26092023 011430,1162, 27765.8, 12.281,110.000,0.457617,  0.2,162.342,1.94e-01, 17.5, 8.3, - 
3785, 76712,21082019,26092023 084918, 314, 27779.5, 20.465,239.657,0.471703,  0.2,357.989,8.32e-01, 17.6,27.4, - 
3786, 76713,20112019,26092023 003132,  52, 27745.0, 27.360,136.273,0.703711,  0.2,239.796,1.61e-02, 18.6, 0.2, 31
3787, 76714,02012020,25092023 175828, 721, 27708.6, 10.489, 83.178,0.522075,359.9,240.803,6.58e+00, 18.3, -  , - 
3788, 76715,15022020,26092023 015105,1314, 27760.3, 64.347,162.260,0.424545,  0.1,118.783,8.78e+00, 17.4, -  , - 
3789, 76716,06062021,26092023 101915,   6, 27801.5, 20.394,235.941,0.482491,  0.2,  4.847,6.07e-02, 17.0, 0.1, 10
3790, 76717,04082022,25092023 060648,   1, 42166.6,  5.013,311.470,0.001177,359.0,183.483,9.26e-03, 12.3, 0.1,  5
3791, 76718,17112022,25092023 195538,  50, 27773.3, 11.448,109.585,0.483438,  0.2,179.389,1.61e+00, 17.0, 0.4, 84
3792, 76719,10032023,25092023 190531,  11, 27829.9, 65.383, 97.618,0.376297,  0.0,313.906,8.69e+00, 16.1, 0.5,101
3793, 76800,25082014,25092023 160941, 803, 27802.2, 63.309,298.671,0.714459,359.9,278.949,8.03e-02, 14.9,11.8, - 
3794, 76801,01072015,25092023 223122,1340, 27239.9, 25.886,237.797,0.743272,  0.2,347.376,1.62e-01, 14.6,38.5, - 
3795, 76802,06032018,25092023 154313,2027, 27712.9,  8.465,231.155,0.562751,  0.6,287.940,2.97e+01, 17.9, -  , - 
3796, 76803,31082018,26092023 011937,   5, 27810.3, 20.363,237.521,0.477012,  0.2,  1.932,7.84e-02, 17.0, 0.1, 17
3797, 76804,03092018,25092023 144704,1320, 27802.2, 20.461,233.982,0.491484,  0.2,  8.440,8.31e-02, 17.6,17.2, - 
3798, 76805,03092018,26092023 053047, 416, 27866.6, 19.968,230.122,0.509485,  0.3, 25.300,1.35e-01, 18.0,29.4,406
3799, 76806,03092018,25092023 143417, 320, 27833.6, 20.436,239.908,0.473054,  0.2,357.655,3.43e-02, 15.7, 8.3, - 
3800, 76807,03092018,26092023 083735, 244, 27807.3, 20.417,236.073,0.475055,  0.2,  1.766,6.26e-02, 18.4, 0.8,184
3801, 76808,03092018,25092023 172053,   1, 27823.6, 19.678,229.099,0.508737,  0.3,  1.103,6.82e+00, 16.5, 0.1, 33
3802, 76809,03092018,26092023 065634,1706, 27801.4, 20.359,238.066,0.476215,  0.2,  1.081,9.86e-02, 16.5,30.5, - 
3803, 76810,13102018,26092023 004508,  21, 27811.6, 20.405,228.789,0.513158,  0.3, 21.052,1.05e-01, 18.0, 0.1,  9
3804, 76811,08042019,25092023 165627,   6, 27812.1, 20.853,237.825,0.503824,  0.2,  8.072,3.53e-01, 17.1, 0.1, 26
3805, 76812,08042019,25092023 215844, 119, 27800.8, 12.160,108.041,0.474367,  0.2,171.438,4.28e-02, 17.7, 0.2, 49
3806, 76813,06042019,25092023 194601, 248, 27778.1, 11.244,130.808,0.442353,  0.4,136.972,2.11e-01, 16.8, 4.7, - 
3807, 76814,08052019,26092023 003427, 227, 27952.5, 11.992, 66.830,0.484871,359.7,230.165,8.25e+00, 17.3, -  , - 
3808, 76815,05082019,26092023 050511,1405, 27804.8, 12.243,106.459,0.482334,  0.2,173.716,4.53e-02, 17.3, 1.6,188
3809, 76817,15082019,25092023 220220,  52, 27804.0, 11.964,116.974,0.506294,  0.3,179.255,2.18e-01, 15.9, 1.0,215
3810, 76820,29082019,26092023 001656, 179, 27801.8, 12.138,110.833,0.465723,  0.2,164.561,5.08e-02, 18.7, 3.5,791
3811, 76821,21032023,25092023 193112, 185, 27821.3,  7.806,346.592,0.495143,359.1,329.165,1.17e+00, 18.4,64.5, - 
3812, 76900,30102016,26092023 030332,   5, 27828.7, 24.965,  1.738,0.744329,359.7,260.553,7.94e-02, 17.4, 0.1, 16
3813, 76901,03092018,25092023 161143,  10, 27833.3, 20.563,237.536,0.494869,  0.2,  4.061,9.14e-01, 17.8, 0.8,172
3814, 76902,03092018,26092023 041118, 591, 27806.0, 20.612,238.171,0.494292,  0.2,350.715,3.23e+00, 16.5,79.0, - 
3815, 76903,03092018,26092023 050134,1788, 27829.9, 20.624,238.627,0.490042,  0.2,  0.861,1.23e+00, 17.4,63.4, - 
3816, 76904,03092018,25092023 232722,1512, 27830.6, 20.446,239.125,0.476115,  0.2,359.003,2.43e-01, 17.7,39.7, - 
3817, 76905,03092018,25092023 163011,   4, 27769.3, 20.522,239.855,0.480172,  0.2,  1.041,5.21e-02, 17.3, 0.1,  5
3818, 76906,03092018,25092023 222850, 311, 27865.2, 21.249,244.250,0.454788,  0.2,350.510,2.32e+00, 17.2,29.0, - 
3819, 76907,03092018,25092023 222639,  10, 27825.2, 20.458,235.245,0.486908,  0.2,  3.834,5.76e-01, 18.0, 0.5,103
3820, 76908,10042019,25092023 205121, 690, 27858.4,  8.810,117.294,0.404191,  0.4,166.457,4.84e+00, 14.2, -  , - 
3821, 76909,06042019,26092023 010212,  12, 27707.9, 12.077,112.990,0.454400,  0.2,160.171,1.78e-01, 16.6, 0.3, 58
3822, 76910,01052019,25092023 153029,   3, 27818.8, 11.153,110.144,0.495851,  0.2,188.759,1.85e+00, 16.2, 0.1, 27
3823, 76911,06042019,25092023 163811,1610, 27824.1, 11.680,107.999,0.479912,  0.2,173.604,1.90e+00, 18.2, -  , - 
3824, 76912,02062019,25092023 225350, 244, 27800.4, 20.771,264.013,0.372437,  0.0,311.382,1.03e+00, 17.4,23.4, - 
3825, 76913,05072019,26092023 024002,   5, 27812.5, 11.806,119.133,0.492765,  0.3,170.393,9.72e-02, 15.4, 0.2, 24
3826, 76915,24082019,25092023 135511,   5, 27909.9, 20.350,233.034,0.475600,  0.2,357.198,2.51e+00, 18.4, 0.5, 89
3827, 76916,20102019,26092023 025248,1131, 27809.1, 11.705,119.394,0.495364,  0.3,170.196,2.02e-01, 16.0,17.6, - 
3828, 76917,21122019,25092023 185324,1365, 27853.8, 26.247,108.749,0.700331,  0.1,304.088,1.49e+00, 19.1, -  , - 
3829, 76918,26042020,26092023 052820, 121, 26830.9, 25.601, 25.887,0.491356,359.7, 25.974,3.08e+01, 16.5,37.3, - 
3830, 76919,24082022,25092023 235014, 267, 27810.3, 11.586,107.111,0.479524,  0.2,174.423,1.77e+00, 17.7, 7.3, - 
3831, 76920,07022023,26092023 020704, 200, 27820.7, 11.514,123.067,0.459190,  0.4,149.626,1.01e-01, 16.7, 1.0, 94
3832, 76921,17032023,25092023 164523, 153, 28055.1, 14.164, 26.028,0.396746,359.5,333.675,7.17e+00, 17.2,49.5, - 
3833, 77000,25032014,26092023 015635,2415, 27838.2, 16.355,120.543,0.504872,  0.2,143.861,5.76e-01, 16.8, -  , - 
3834, 77001,25022017,25092023 132225,   3, 27836.5, 26.067,170.932,0.729502,  0.3,252.616,4.66e-02, 17.1, 0.1,  2
3835, 77002,24092017,25092023 233549,1937, 27837.4, 24.112,358.543,0.744549,359.7,292.195,1.24e-01, 17.4, -  , - 
3836, 77003,31082018,25092023 214352,1106, 27846.4, 20.230,244.697,0.451263,  0.2,345.842,8.64e-02, 17.5,34.4, - 
3837, 77004,03092018,26092023 011446, 337, 27878.2, 20.767,241.701,0.489840,  0.2,350.009,2.17e+00, 18.3,40.5, - 
3838, 77005,03092018,26092023 055435,   6, 27800.4, 20.393,237.230,0.478273,  0.2,  2.544,3.50e-02, 18.0, 0.1,  7
3839, 77006,10092018,26092023 033646,   3, 27927.8, 20.616,250.143,0.450926,  0.1,341.299,1.26e+00, 17.3, 0.4, 98
3840, 77007,28102018,26092023 020114, 841, 27899.7, 27.664, 59.212,0.722923,359.9, 24.822,3.80e-02, 17.4, 7.3,878
3841, 77008,06112018,25092023 222548,   3, 27849.0,  8.834,306.845,0.516139,359.5, 31.819,3.68e-01, 17.5, 0.1,  7
3842, 77009,11112018,26092023 050143, 339, 27867.3, 20.868,252.585,0.460922,  0.1,340.589,3.32e-01, 18.1, 7.4, - 
3843, 77010,07042019,26092023 004940,   5, 27815.2, 11.704,119.050,0.454333,  0.3,153.538,2.29e-01, 15.9, 1.1,110
3844, 77011,08042019,25092023 182031,   1, 27829.6, 11.832,113.941,0.475135,  0.3,165.493,5.49e-03, 17.0, 0.1,  1
3845, 77012,06042019,26092023 052616,1046, 27983.8, 11.901, 95.839,0.518229,  0.1,212.178,5.66e+00, 15.6, -  , - 
3846, 77013,19032020,25092023 204227, 799, 27817.7, 67.438,114.857,0.669751,  0.1,120.350,1.45e+00, 16.7,12.3, - 
3847, 77015,04042022,26092023 095955, 539, 27921.0, 24.120,316.364,0.448630,359.8, 50.485,2.53e+00, 16.7, -  , - 
3848, 77016,22082022,25092023 140925, 143, 27842.7, 20.409,237.039,0.484163,  0.2,  3.469,2.11e-01, 17.1, 1.8,406
3849, 77017,01092022,26092023 033549, 197, 27807.5, 56.804,151.169,0.589192,  0.1, 76.020,4.72e+00, 17.5, 4.3,950
3850, 77018,12112022,25092023 145206,  13, 27833.5, 88.908,353.005,0.323831,359.9,189.783,3.49e+01, 17.5, 2.2,476
3851, 77019,28112022,25092023 204606,   2, 27861.1, 20.361,235.897,0.477039,  0.2,  1.943,8.22e-02, 17.6, 0.1,  4
3852, 77020,25012023,25092023 230350, 239, 28002.1, 14.220, 37.779,0.400577,359.6,283.284,1.08e+01, 17.6, -  , - 
3853, 77021,01082023,25092023 224748,  17, 27836.3, 21.035,235.702,0.522118,  0.2,  9.154,4.02e+00, 16.4, 1.6,345
3854, 77022,27082023,25092023 173440,  21, 27842.5, 54.955,333.951,0.073097,359.9,208.336,4.61e+00, 18.4,29.0, - 
3855, 77100,16032015,25092023 194945,1251, 27862.1, 23.222, 91.233,0.740270,  0.0,122.507,6.69e-01, 16.3, -  , - 
3856, 77101,04092018,25092023 220425,1485, 27850.4, 19.914,232.466,0.521466,  0.2,339.620,9.71e+00, 18.2, -  , - 
3857, 77102,04092018,26092023 102222,  13, 27878.1, 20.438,240.609,0.474855,  0.2,356.688,1.72e-01, 18.4, 0.1, 29
3858, 77103,04092018,26092023 032510,1405, 27871.9, 20.232,224.445,0.507208,  0.3, 22.079,2.74e-01, 17.3,12.6, - 
3859, 77104,04092018,26092023 012842, 241, 27890.7, 20.162,242.079,0.469750,  0.2,350.275,5.97e-01, 19.6,35.9, - 
3860, 77105,11092018,26092023 014821, 205, 27740.2, 20.621,243.809,0.469936,  0.2,340.078,2.72e+00, 18.8, 2.6,571
3861, 77106,02102018,26092023 070941, 271, 27847.7, 20.914,237.549,0.463856,  0.2,  6.307,2.85e-01, 17.2, 8.9, - 
3862, 77107,02102018,25092023 161906,   1, 27887.2, 20.483,232.706,0.499098,  0.2,  5.673,9.24e-01, 15.7, 0.1, 25
3863, 77108,30102018,26092023 020145,1291, 27589.9, 25.953, 92.090,0.752032,  0.0,184.301,4.28e-02, 17.9,10.1, - 
3864, 77109,09112018,25092023 173527, 242, 27948.7, 20.513,251.167,0.474845,  0.1,331.482,3.01e+00, 18.1,17.5, - 
3865, 77110,06042019,25092023 210642,1367, 27871.1, 11.960,113.839,0.452972,  0.2,157.575,1.75e+00, 17.7, -  , - 
3866, 77111,30062019,26092023 030847,1045, 27876.4, 11.906,112.078,0.477330,  0.2,167.398,1.86e-01, 16.8,14.8, - 
3867, 77112,15052019,26092023 012721,1525, 27945.5, 11.792, 68.620,0.502739,359.8,247.152,5.14e+00, 14.6, -  , - 
3868, 77113,29072019,26092023 035602,  51, 27877.6, 11.923,112.496,0.475642,  0.2,166.264,2.90e-01, 16.3, 3.6,820
3869, 77114,31072019,25092023 170211,1507, 27871.1, 10.995,112.321,0.461051,  0.3,158.514,3.79e+00, 16.9,53.4, - 
3870, 77115,28082019,25092023 211953, 189, 27970.5, 13.496, 58.520,0.488303,359.7,241.742,7.23e+00, 18.0, -  , - 
3871, 77116,31082019,25092023 195550, 184, 27883.6, 12.509,106.586,0.546508,  0.2,193.575,3.84e+00, 16.7,73.1, - 
3872, 77118,02112019,26092023 013627, 155, 27821.8, 12.935, 63.706,0.503725,359.7,242.579,6.30e+00, 18.3,24.3, - 
3873, 77121,13102020,26092023 022516,  13, 27874.2, 11.492,112.708,0.476696,  0.2,167.862,7.35e-01, 16.3, 1.4,324
3874, 77122,06122021,26092023 005108,  10, 27887.3, 20.676,241.503,0.491281,  0.2,359.527,2.52e-01, 17.7, 0.3, 41
3875, 77123,16102022,25092023 135202, 313, 27888.1, 20.727,231.611,0.527396,  0.2,359.160,5.02e+00, 17.4,27.1, - 
3876, 77124,26112022,25092023 180539, 289, 27872.6, 11.651,120.249,0.493765,  0.3,167.128,1.91e-01, 17.0, 0.8,171
3877, 77125,27082023,26092023 034925,   6, 27856.9, 54.878,333.720,0.161878,359.9,211.678,7.45e+00, 16.9, 0.5,106
3878, 77126,17092023,26092023 011257,   6, 27874.2,  8.256,123.470,0.503146,  0.5, 28.290,1.09e+00, 18.4, 0.8,172
3879, 77200,04092018,25092023 184915,  15, 27888.8, 20.543,240.680,0.486319,  0.2,359.075,1.21e-01, 18.0, 0.3, 50
3880, 77201,04092018,26092023 083640,  16, 27893.5, 20.396,237.250,0.483023,  0.2,  2.121,5.11e-02, 18.0, 0.1,  8
3881, 77202,04092018,26092023 043657,  80, 27936.0, 20.594,235.151,0.466346,  0.2,356.798,1.25e-01, 14.3, 1.6,358
3882, 77203,04092018,25092023 172339, 301, 27913.3, 20.695,238.176,0.498393,  0.2,359.080,1.74e+00, 18.0, 8.7, - 
3883, 77205,13112018,26092023 065517, 268, 27874.9, 20.796,239.280,0.440795,  0.2,351.600,1.03e+00, 17.6,17.3, - 
3884, 77206,05122018,25092023 224349,1500, 27900.4, 20.339,227.679,0.490343,  0.3, 12.844,8.32e-02, 15.7,34.5, - 
3885, 77207,06122018,25092023 163944, 652, 27838.7, 20.337,238.376,0.498752,  0.2,  0.440,2.68e-01, 14.8, 9.3, - 
3886, 77208,07042019,25092023 182340, 306, 27901.3, 14.407, 81.294,0.615261,359.9,219.893,5.92e-01, 17.5, -  , - 
3887, 77209,08042019,26092023 002328,   2, 27873.9, 11.193,124.532,0.459737,  0.4,146.321,9.94e-01, 16.7, 0.1,  8
3888, 77210,06042019,26092023 035213,1622, 27866.6, 11.349,104.465,0.479486,  0.2,176.150,3.04e+00, 18.0,23.9, - 
3889, 77211,22092019,25092023 154826,   2, 27906.9, 20.341,227.960,0.489306,  0.3, 12.335,1.05e-01, 16.6, 0.1, 10
3890, 77212,05102019,25092023 222512,1068, 27982.6, 15.951,199.060,0.510811,  0.5,340.575,1.36e+01, 14.5, -  , - 
3891, 77215,02122021,26092023 083844, 250, 27729.8, 20.779,252.771,0.384568,  0.1,298.312,7.23e+00, 18.0,85.1, - 
3892, 77216,07072022,26092023 001550, 343, 27872.7, 11.098,136.520,0.436261,  0.5,127.843,1.93e-01, 19.2, 5.5, - 
3893, 77217,27082023,26092023 070819,  22, 27892.1, 20.625,240.447,0.483219,  0.2,352.559,1.58e+00, 18.9,10.4, - 
3894, 77218,18092023,26092023 050903,   4, 27881.5, 54.873,333.976,0.074839,359.9,184.481,5.02e+00, 17.9, 0.1, 21
3895, 77219,20092023,26092023 024609,   1, 27879.6, 54.664,333.268,0.108951,359.9,218.855,5.36e+00, 17.6, 3.1,706
3896, 77300,02012012,25092023 224231, 169, 27799.1, 31.254, 13.578,0.751077,359.8, 35.029,4.56e-02, 17.0, -  ,151
3897, 77301,08052016,26092023 041559,  17, 27895.6, 26.452, 40.658,0.724240,359.8, 87.301,3.05e-02, 15.9, 0.1, 18
3898, 77302,04092018,26092023 005539, 275, 27902.2, 20.330,234.301,0.492384,  0.2,  7.651,6.64e-01, 17.8,30.6, - 
3899, 77303,04092018,25092023 131430, 690, 28046.1, 21.671,239.340,0.523852,  0.2,331.281,4.10e+00, 16.6,62.6, - 
3900, 77304,04092018,26092023 061146,1045, 27914.9, 20.262,228.905,0.495886,  0.3, 13.738,3.31e-02, 19.2, 0.7, 52
3901, 77306,16102018,26092023 081715,   1, 27900.2, 21.107,237.682,0.433976,  0.2,346.455,2.06e-01, 16.8, 0.1,  7
3902, 77307,07112018,26092023 090040,1781, 27795.8, 19.225,217.003,0.549872,  0.3,359.404,8.89e+00, 18.5, -  , - 
3903, 77308,11122018,26092023 083051, 204, 27953.6, 20.529,236.073,0.498625,  0.2,  1.451,1.91e+00, 18.6, 7.3, - 
3904, 77309,06042019,26092023 014923, 300, 27882.7, 11.399,112.311,0.552857,  0.2,174.100,7.81e-01, 18.0, 4.9,536
3905, 77310,05082019,25092023 230300, 133, 27994.3, 12.583,110.411,0.431526,  0.2,153.960,1.48e+00, 16.4,23.6, - 
3906, 77313,07112021,26092023 010431, 271, 27899.4, 12.352,196.455,0.312900,  0.6, 73.770,8.95e+00, 17.2, -  , - 
3907, 77314,01102022,25092023 213725,   8, 27917.8, 54.971,333.576,0.104950,359.9,194.874,5.89e+00, 17.5, 0.5,110
3908, 77315,11112022,25092023 232357, 313, 27907.8, 54.783,333.937,0.019497,359.9,281.639,3.86e+00, 17.8,48.8, - 
3909, 77316,15112022,26092023 045726, 280, 27914.3, 10.820,133.923,0.486456,  0.5,135.080,5.18e+00, 17.0, 8.3, - 
3910, 77317,13112022,25092023 170631,  60, 27919.9, 55.307,334.001,0.153108,359.9,178.139,5.57e+00, 17.8,28.4, - 
3911, 77318,13082023,25092023 215110,  10, 27909.7, 55.082,335.846,0.048744,359.9,190.119,5.04e+00, 18.6, 3.3,741
3912, 77319,20082023,25092023 194658,  15, 27926.0, 54.738,333.649,0.078432,359.9,161.649,4.28e+00, 18.9, 1.7,384
3913, 77320,23082023,26092023 081406,   1, 27902.5, 54.392,332.555,0.051018,359.9,241.122,6.51e+00, 18.1, 0.1, 10
3914, 77400,18042014,26092023 013441,   0, 27928.1, 12.372,333.772,0.487625,359.5,118.673,1.41e-02, 10.4, 0.1,  1
3915, 77401,09052016,26092023 081155,   1, 27888.3, 27.057,346.774,0.735720,359.7,161.652,1.03e-02, 18.2, 0.1,  1
3916, 77402,19042017,25092023 210355,   0, 27903.2,  7.176, 49.340,0.493759,359.3,196.645,5.61e-01, 17.7, 0.1,  8
3917, 77403,04092018,25092023 230317,  10, 27955.4, 20.403,237.755,0.488139,  0.2,  1.825,1.52e-01, 18.4, 0.1, 25
3918, 77404,09092018,25092023 204641, 316, 27953.7, 21.013,236.684,0.519763,  0.2, 11.406,2.45e-01, 17.3, 8.0, - 
3919, 77405,09092018,26092023 054248, 310, 27934.5, 20.467,244.450,0.461366,  0.2,348.040,3.94e-01, 18.1,12.8, - 
3920, 77406,09092018,25092023 233626,  14, 27943.5, 20.432,239.889,0.481730,  0.2,358.160,3.73e-02, 17.6, 0.1,  1
3921, 77407,11092018,25092023 224035, 401, 27950.5, 20.605,238.348,0.493298,  0.2,355.734,1.10e-02, 18.6,12.2,261
3922, 77408,10092018,26092023 033709,   6, 27950.3, 20.976,251.198,0.476278,  0.1,344.282,5.32e-02, 17.8, 0.1,  4
3923, 77409,10092018,26092023 061313, 335, 28025.4, 21.427,257.130,0.454082,  0.1,313.401,3.98e-02, 17.3, 1.7,286
3924, 77410,08042019,25092023 233941, 175, 27929.4, 11.901,111.683,0.479659,  0.2,169.300,1.70e-01, 16.3, 2.8,539
3925, 77411,08042019,26092023 004035,   1, 27929.7, 12.352,106.664,0.478102,  0.2,170.915,4.02e-02, 15.2, 0.1,  2
3926, 77412,10042019,26092023 031315,  36, 27937.3, 11.703,115.978,0.474327,  0.3,160.678,6.31e-02, 17.1, 0.1, 19
3927, 77413,06042019,26092023 024203, 169, 27919.5, 11.176,124.914,0.458966,  0.4,145.406,8.80e-01, 18.4, 4.4,940
3928, 77414,04062019,25092023 171554,  15, 27938.8, 12.411,100.084,0.478303,  0.1,175.378,9.52e-01, 16.7, 2.3,525
3929, 77415,30072019,25092023 214317,1109, 27983.4, 12.073,136.193,0.505971,  0.4,159.088,2.38e+00, 17.6, -  , - 
3930, 77416,26072019,25092023 192803,1494, 27885.5, 14.904,177.032,0.557191,  0.5,185.831,3.27e+00, 16.6,66.3, - 
3931, 77417,14082019,25092023 223809, 219, 27929.4, 11.592,109.653,0.462303,  0.2,155.576,1.98e-01, 17.9, 1.9,426
3932, 77418,03072019,25092023 230737,1485, 27957.2, 10.975, 95.183,0.491024,  0.1,191.965,4.26e+00, 17.1, -  , - 
3933, 77420,02072020,25092023 222815,1128, 27935.3, 11.986,110.140,0.481623,  0.2,169.654,1.53e-01, 16.2, 1.1,182
3934, 77421,08042021,26092023 064308,  52, 27922.1, 11.230,123.365,0.464933,  0.4,149.114,7.68e-01, 17.8, 0.9,210
3935, 77422,11102021,25092023 232433, 638, 28042.3, 23.349,188.475,0.583926,  0.3, 15.613,1.56e+01, 17.5,79.8, - 
3936, 77423,28082022,25092023 222203, 147, 27921.7, 11.188,126.458,0.457520,  0.4,144.557,7.28e-01, 18.8, 2.5,241
3937, 77424,25092022,25092023 223709, 266, 27927.5, 69.845,315.275,0.627579,359.9,192.629,1.51e+00, 17.4, 6.9, - 
3938, 77425,01102022,25092023 173849, 317, 27900.6, 58.273,307.849,0.555343,359.9,152.126,1.81e+01, 18.0,35.5, - 
3939, 77426,16102022,26092023 004213, 308, 27929.1, 11.559,120.476,0.486853,  0.3,162.471,1.61e-01, 17.6, 0.4, 84
3940, 77427,11092023,25092023 185347,  10, 27935.3, 54.623,332.397,0.142937,359.9,199.451,7.93e+00, 18.1, 0.4, 84
3941, 77500,27052009,25092023 221728, 190, 28272.1,  3.644, 96.426,0.729803,  0.2,315.692,1.16e-01, 17.8, 7.7, - 
3942, 77501,27062013,26092023 051119, 202, 28016.5,  3.793,286.575,0.719570,359.5,343.701,1.85e-01, 13.8, 2.9,598
3943, 77502,03042016,25092023 213829, 225, 27953.7, 24.898, 39.623,0.742900,359.8,192.392,9.03e-02, 16.8, 2.5,418
3944, 77503,04092018,25092023 131756,   2, 27980.6, 20.611,250.206,0.461379,  0.1,341.471,1.00e-02, 17.5, 0.1,  1
3945, 77504,04092018,26092023 062003,   3, 27979.1, 20.417,240.240,0.478658,  0.2,355.966,1.00e-01, 16.9, 0.1, 12
3946, 77505,04092018,26092023 050445,   2, 28011.9, 21.254,236.997,0.526502,  0.2,350.373,3.89e+00, 16.5, 1.1,241
3947, 77506,09092018,25092023 134512, 344, 27968.5, 19.977,243.708,0.508962,  0.2,336.594,1.06e-01, 17.5, 1.7,333
3948, 77507,09092018,26092023 083912, 215, 27930.3, 20.450,242.034,0.471330,  0.2,353.222,1.86e-01, 18.1, 4.1,904
3949, 77508,11092018,25092023 212005, 197, 27965.0, 20.367,237.552,0.480953,  0.2,359.636,8.33e-02, 18.3, 0.1, 21
3950, 77509,03062008,25092023 184517,   4, 27970.1,  8.411,142.037,0.478102,  0.7,347.920,1.00e-02, 17.5, 0.1,  3
3951, 77510,08042019,25092023 222923,   4, 27948.6, 11.170,125.172,0.459675,  0.4,144.886,9.06e-01, 16.7, 0.1, 12
3952, 77511,08042019,26092023 013834,  75, 27962.8, 11.574,121.621,0.461067,  0.3,148.302,1.49e-01, 17.4, 0.7,148
3953, 77512,06042019,25092023 193423, 212, 28095.3, 11.134,111.373,0.483074,  0.2,165.939,2.40e+00, 19.1, 8.5, - 
3954, 77513,28072019,26092023 073609, 320, 27889.9, 11.303, 99.978,0.463494,  0.1,180.545,5.17e+00, 17.6, -  , - 
3955, 77520,19042020,25092023 181011,   1, 28032.4, 20.891,294.643,0.738673,359.9, 22.668,1.72e-01, 14.3, 0.1, 11
3956, 77522,15102020,25092023 225048, 244, 27999.8, 11.267,110.801,0.483581,  0.2,167.693,2.72e+00, 17.4,26.7, - 
3957, 77523,07072022,26092023 082208, 443, 28036.6, 27.328,219.378,0.610271,  0.2,345.161,9.04e+00, 17.8, -  , - 
3958, 77524,28082022,26092023 013613, 257, 27959.3, 10.786,127.590,0.442943,  0.4,135.896,9.41e-01, 18.0,10.2, - 
3959, 77525,30082022,25092023 210918, 277, 27982.3,  8.710,279.536,0.481837,359.9,285.628,6.51e-01, 18.8, 3.4,668
3960, 77526,30112022,25092023 231914, 252, 28070.2, 28.061,263.540,0.644389,  0.0, 19.484,3.51e+00, 17.4, 4.5,896
3961, 77527,15092023,25092023 234915,   6, 27965.5, 20.380,220.983,0.501214,  0.3, 20.888,1.71e-01, 19.0, 0.3, 74
3962, 77600,04092018,25092023 192408,   1, 28001.2, 20.419,241.117,0.475862,  0.2,354.079,3.27e-02, 16.6, 0.1,  1
3963, 77601,04092018,26092023 095152,   1, 28006.2, 20.531,246.412,0.469469,  0.2,347.037,1.21e-02, 17.3, 0.1,  1
3964, 77602,09092018,26092023 011655,   4, 27953.8, 20.445,240.546,0.465311,  0.2,352.731,2.65e-02, 18.0, 0.1,  8
3965, 77603,09092018,26092023 081438,1793, 27978.6, 20.262,260.927,0.438309,  0.1,299.331,6.68e+00, 16.2,98.6, - 
3966, 77605,03092018,25092023 134525, 662, 28089.1, 20.296,211.393,0.568180,  0.3, 17.574,9.84e+00, 17.3,34.1, - 
3967, 77607,08092018,26092023 054358,   1, 27991.8, 20.379,236.694,0.479799,  0.2,359.350,1.17e-02, 18.3, 0.1,  2
3968, 77608,07102018,25092023 202307, 256, 27997.2, 21.417,214.730,0.584903,  0.3, 21.617,2.80e+00, 14.3, -  , - 
3969, 77609,09112018,25092023 140804,   2, 27983.2, 20.398,238.638,0.483354,  0.2,358.664,1.34e-01, 17.5, 0.1,  7
3970, 77610,10012019,25092023 225955, 317, 28011.1, 20.542,249.627,0.449679,  0.1,338.117,1.59e+00, 17.6, -  , - 
3971, 77611,06042019,25092023 204531, 653, 27978.5, 10.727,107.841,0.424100,  0.2,163.065,4.07e-01, 15.7, -  , - 
3972, 77612,06042019,26092023 022515,   5, 28010.0, 11.608,115.226,0.495778,  0.3,169.210,8.43e-01, 13.3, 0.5, 99
3973, 77613,02072019,25092023 160659,1244, 27993.9, 11.788,118.805,0.505543,  0.3,172.015,1.29e-01, 16.1,16.8, - 
3974, 77615,26072019,25092023 192309,1486, 28148.9, 20.369,242.992,0.496650,  0.2,331.838,5.93e+00, 16.2, -  , - 
3975, 77617,31082022,26092023 044622, 356, 27919.7,  9.965,156.991,0.428795,  0.7,114.991,7.81e+00, 18.2,45.6, - 
3976, 77618,23102022,25092023 192240, 275, 28047.8, 21.287,227.106,0.603992,  0.2,  2.268,6.52e+00, 17.8,40.0, - 
3977, 77700,08042016,26092023 025059,1046, 27953.7, 14.953,207.554,0.540996,  0.5,122.017,3.43e+00, 17.0, -  , - 
3978, 77701,02072018,26092023 014153, 290, 27935.6, 26.611, 15.942,0.751431,359.7,181.559,1.03e-01, 17.6, -  ,773
3979, 77702,04092018,25092023 221709,   3, 28011.1, 20.477,242.699,0.470399,  0.2,349.250,5.42e-01, 18.2, 0.2, 33
3980, 77703,08092018,25092023 224925,   1, 28008.6, 20.429,240.414,0.480092,  0.2,355.156,1.53e-01, 17.1, 0.1,  2
3981, 77705,09092018,25092023 161257, 339, 28013.2, 20.634,244.909,0.476000,  0.2,348.166,5.92e-01, 18.2,13.3, - 
3982, 77706,09092018,26092023 055050,  30, 28019.6, 20.224,226.713,0.515751,  0.3, 19.858,2.57e-01, 17.9, 0.7,146
3983, 77707,09092018,26092023 025858,   4, 28016.0, 20.412,239.705,0.483392,  0.2,356.991,1.02e-01, 16.9, 0.1, 14
3984, 77708,09092018,26092023 103343, 203, 28015.6, 20.413,240.027,0.480475,  0.2,356.347,1.83e-01, 17.4, 1.8,401
3985, 77709,09092018,25092023 202336, 357, 27989.6, 21.789,223.707,0.468026,  0.3,358.810,5.22e-01, 18.0, 4.7, - 
3986, 77710,09092018,26092023 024403, 279, 28253.1, 18.975,202.421,0.603451,  0.4, 54.360,4.98e+00, 18.1,88.6, - 
3987, 77711,09092018,25092023 223343,  28, 28062.2, 20.452,242.595,0.475750,  0.2,351.416,1.65e-01, 18.3, 0.1, 25
3988, 77712,09092018,26092023 075902,   6, 28120.1, 20.225,229.572,0.507754,  0.2, 12.893,1.22e-01, 16.4, 0.1, 19
3989, 77713,08092018,25092023 215640, 652, 28050.0, 20.550,236.091,0.469045,  0.2,354.785,2.35e-01, 17.4,10.7, - 
3990, 77714,08092018,26092023 000031,1441, 27939.0, 19.167,257.904,0.456257,  0.1,296.322,7.55e-01, 17.2, -  , - 
3991, 77715,09092018,26092023 010559,1804, 28018.6, 20.653,243.186,0.449822,  0.2,342.608,2.05e-01, 19.1,46.6, - 
3992, 77716,07042019,25092023 193808, 331, 27972.4, 12.248,104.684,0.488513,  0.1,197.985,6.59e-01, 17.2,17.8, - 
3993, 77717,08042019,26092023 092936,  74, 28014.2, 11.757,116.352,0.474827,  0.3,158.681,1.69e-02, 18.3, 0.2, 33
3994, 77719,06042019,26092023 054614,1514, 27936.0,  9.732, 94.708,0.453412,  0.1,175.711,8.24e+00, 17.6, -  , - 
3995, 77720,05082019,26092023 062227, 299, 28182.8, 20.539,236.546,0.471923,  0.2,344.595,4.21e+00, 17.4,87.2, - 
3996, 77721,22082019,26092023 062930, 223, 28181.6, 12.384,118.839,0.487792,  0.3,157.285,2.90e+00, 18.0,47.9, - 
3997, 77722,29082019,26092023 051315,1487, 28037.5, 14.569,201.156,0.506075,  0.5, 86.772,6.70e-01, 17.4, -  , - 
3998, 77724,30082019,25092023 173407,1460, 28029.0, 10.450,129.942,0.449994,  0.5,129.890,3.93e+00, 18.3,58.9, - 
3999, 77725,31082019,26092023 002832,   2, 27997.3, 11.137,134.959,0.425003,  0.5,122.943,1.48e-01, 17.6, 0.1, 22
4000, 77726,03082019,26092023 022537, 158, 27967.4, 11.054,132.711,0.442862,  0.5,132.098,2.09e-01, 17.8, 1.3,274
4001, 77727,19092019,25092023 224257,1040, 27994.9, 11.075,111.230,0.436101,  0.2,142.180,5.45e+00, 15.4, -  , - 
4002, 77729,21102020,25092023 222743, 246, 27978.1, 10.343,128.231,0.451884,  0.4,131.869,6.83e+00, 18.0, -  , - 
4003, 77730,14122020,25092023 234147, 994, 27965.1, 10.342,142.555,0.464553,  0.6,112.051,5.21e+00, 15.6, -  , - 
4004, 77731,25082022,25092023 160516, 303, 28000.4, 12.013,111.761,0.478771,  0.2,172.065,7.64e-01, 15.6, 1.3,237
4005, 77732,18112022,26092023 031439,  85, 28032.3, 20.399,239.570,0.484436,  0.2,357.229,1.19e-01, 17.6, 0.7,151
4006, 77800,31082018,25092023 162038,   2, 28050.8, 20.251,231.064,0.504257,  0.2, 11.947,2.10e-02, 15.0, 0.1,  1
4007, 77801,08092018,26092023 055706,  25, 28059.2, 20.436,243.064,0.476208,  0.2,350.838,1.10e-01, 18.1, 0.4, 79
4008, 77802,11092018,25092023 212324, 325, 28143.8, 20.718,246.336,0.511943,  0.2,334.327,6.43e+00, 18.5,21.3, - 
4009, 77803,08092018,26092023 084152,1132, 28076.7, 20.406,262.286,0.406735,  0.1,303.427,4.56e+00, 15.6, -  , - 
4010, 77804,09092018,26092023 015540,   4, 28074.8, 20.427,241.803,0.481680,  0.2,352.938,9.96e-02, 18.1, 0.1, 12
4011, 77805,08092018,26092023 001040,1012, 27990.9, 19.911,233.652,0.536416,  0.2,336.631,5.93e+00, 17.0,69.4, - 
4012, 77806,06102018,25092023 132605,   2, 28042.0, 20.422,241.062,0.480417,  0.2,354.584,5.14e-02, 17.2, 0.1,  2
4013, 77807,07112018,26092023 081707, 181, 28039.7, 20.385,237.777,0.482935,  0.2,358.413,2.26e-01, 19.0, 4.6, - 
4014, 77808,07112018,26092023 075519, 202, 28040.5, 20.408,242.774,0.473034,  0.2,351.094,1.28e-01, 17.9, 3.8,834
4015, 77809,03122018,26092023 100039,  31, 28039.7, 20.910,244.456,0.488898,  0.2,352.466,2.73e-01, 15.2, 1.2,265
4016, 77810,17042019,26092023 063940, 227, 28037.8, 11.737,114.163,0.488564,  0.3,166.772,1.46e-01, 17.2, 1.8,389
4017, 77811,06042019,25092023 162208, 134, 28019.0, 12.617, 98.757,0.500660,  0.1,187.187,8.44e-02, 17.7, 0.9,186
4018, 77812,06042019,25092023 212958, 282, 28077.5, 10.989,111.242,0.479790,  0.2,165.654,2.91e+00, 18.2,17.2, - 
4019, 77813,26072019,25092023 173256,  89, 28068.0, 11.689,117.168,0.475252,  0.3,156.463,2.97e-01, 18.4, 3.5,788
4020, 77815,29072019,25092023 153038, 199, 28056.5, 11.030, 96.908,0.488411,  0.1,187.557,3.68e+00, 17.2,21.4, - 
4021, 77816,24072019,26092023 001134,  32, 28035.1, 12.120,107.042,0.494295,  0.2,176.070,5.60e-02, 16.2, 0.2, 39
4022, 77817,04082019,25092023 224945, 345, 28041.1, 11.610,115.832,0.479158,  0.3,160.816,1.47e-01, 17.5,10.6, - 
4023, 77818,07082019,25092023 215534, 307, 27987.7, 10.845,123.947,0.457295,  0.4,142.640,3.28e+00, 17.9,29.9, - 
4024, 77820,26092019,25092023 204253,  79, 27982.9, 12.168,106.150,0.512547,  0.2,178.706,2.38e-01, 17.3, 4.5, - 
4025, 77821,01112019,25092023 134751,  42, 27993.9, 20.413,239.787,0.481927,  0.2,357.288,1.66e-01, 17.9, 0.6,134
4026, 77823,29082022,26092023 072302, 144, 28024.5, 12.817, 94.263,0.507998,  0.0,194.370,1.64e-01, 17.9, 5.7, - 
4027, 77824,21102022,25092023 225758, 285, 28051.9, 20.406,239.836,0.480791,  0.2,355.616,1.56e-01, 17.8,12.6, - 
4028, 77825,25102022,26092023 022556, 332, 28051.1, 19.655,234.838,0.457039,  0.2, 11.969,2.83e+00, 18.7, -  , - 
4029, 77826,28082023,26092023 095828,   0, 28039.0, 20.659,246.435,0.482149,  0.2,349.728,5.82e-02, 16.7, 0.1,  2
4030, 77900,03092018,25092023 201958, 304, 28082.3, 20.254,228.206,0.514196,  0.3, 15.135,4.24e-01, 17.8, 5.5, - 
4031, 77901,03092018,26092023 061845,  31, 28115.2, 20.411,242.490,0.482661,  0.2,351.524,3.09e-01, 18.1, 3.2,720
4032, 77902,10092018,25092023 132232, 211, 27760.3, 20.568,242.881,0.453966,  0.2,348.748,1.18e-01, 17.8, 3.5,722
4033, 77903,10092018,25092023 154841, 197, 28102.7, 20.235,238.939,0.465835,  0.2,354.142,2.80e-01, 17.1,13.4, - 
4034, 77904,14092018,26092023 062407, 243, 27953.0, 20.140,254.247,0.465431,  0.1,315.450,3.60e+00, 17.8, -  , - 
4035, 77905,13102018,25092023 135954, 940, 28057.0, 54.017,239.241,0.567488,  0.1,205.695,1.69e+01, 16.2,72.2, - 
4036, 77906,10122018,26092023 065336, 191, 28056.2, 20.585,239.474,0.494731,  0.2,353.751,2.11e-01, 18.0, 3.8,668
4037, 77908,07042019,25092023 185205,   1, 28050.0, 11.694,117.568,0.475334,  0.3,156.948,3.55e-02, 15.3, 0.1,  1
4038, 77909,08042019,25092023 224409,   2, 28076.3, 11.035,110.369,0.482753,  0.2,167.237,2.64e+00, 16.4, 0.1, 12
4039, 77910,06042019,25092023 224348,   2, 28058.5, 11.752,116.147,0.478470,  0.3,159.549,1.12e-02, 16.6, 0.1,  1
4040, 77911,06042019,26092023 050852,  13, 28085.9, 11.627,117.637,0.475382,  0.3,156.568,3.32e-01, 16.6, 0.4, 94
4041, 77912,25042019,26092023 044902,1528, 28060.6, 10.781, 94.613,0.485711,  0.0,188.092,4.30e+00, 16.9, -  , - 
4042, 77914,06042019,25092023 215801,1629, 28064.1, 11.768,116.184,0.475693,  0.3,158.159,5.53e-02, 17.2,27.0, - 
4043, 77915,06062019,25092023 202704,1069, 28030.8, 11.538,119.447,0.466137,  0.3,151.827,2.67e+00, 18.9, -  , - 
4044, 77916,10072019,26092023 012449,   5, 28047.1, 11.529,120.477,0.484141,  0.3,158.283,5.94e-02, 17.3, 0.1,  8
4045, 77919,13082010,26092023 032353,   2, 28056.4, 27.310,301.861,0.736924,359.9,149.823,1.94e-03, 15.1, 0.1,  1
4046, 77920,14102020,26092023 093217, 275, 28098.1, 11.062,119.630,0.439762,  0.3,144.747,4.81e+00, 18.0, -  , - 
4047, 77921,21042022,25092023 135422, 221, 28117.8, 29.792, 63.388,0.673265,359.9,310.825,2.47e+00, 16.3,14.0, - 
4048, 77922,30092022,25092023 140049, 349, 28065.0, 68.575,126.418,0.587792,  0.1,311.517,6.82e+00, 17.4,24.2, - 
4049, 77923,28112022,25092023 170756, 298, 28057.0, 76.831, 75.980,0.278692,360.0,265.761,1.73e+01, 16.7, -  , - 
4050, 77924,14062023,26092023 072537, 101, 28063.4, 67.215,281.856,0.688646,360.0,174.422,1.08e-02, 17.1, 0.1,  6
4051, 78000,27122014,26092023 071350,   0, 27989.9, 20.410,240.366,0.479495,  0.2,356.301,9.32e-03, 12.5, 0.1,  1
4052, 78002,31082018,25092023 234855,   1, 28092.6, 20.312,231.567,0.491763,  0.2,  6.285,7.74e-02, 13.3, 0.1,  5
4053, 78003,03092018,26092023 014853,   2, 28085.1, 20.510,246.102,0.474800,  0.2,347.331,2.14e-02, 16.5, 0.1,  1
4054, 78004,03092018,25092023 215301, 271, 28123.4, 20.850,248.651,0.440635,  0.1,335.073,1.64e-01, 17.9,14.7, - 
4055, 78005,03092018,26092023 061459,  29, 28092.8, 20.423,242.802,0.476220,  0.2,350.931,1.01e-02, 17.7, 0.1,  2
4056, 78006,03092018,25092023 134705,1818, 28102.5, 20.448,243.407,0.476371,  0.2,349.931,7.49e-02, 18.8, 1.5,138
4057, 78007,03092018,25092023 134042,  20, 28129.9, 20.895,245.899,0.479404,  0.2,344.220,7.70e-01, 17.9, 0.4, 80
4058, 78008,03092018,25092023 171838,1360, 28092.8, 20.424,242.901,0.476200,  0.2,350.820,5.87e-03, 18.1, 2.5,560
4059, 78009,14092018,25092023 142549,  26, 28139.2, 20.390,236.783,0.505713,  0.2,354.445,5.49e+00, 16.7,25.2, - 
4060, 78010,09042019,26092023 083025, 282, 28044.0, 11.227,133.315,0.430526,  0.5,124.828,1.01e-01, 17.1, 1.5,315
4061, 78011,07042019,26092023 004237,  18, 28077.9, 11.674,118.034,0.475263,  0.3,155.888,3.41e-02, 17.2, 0.1,  5
4062, 78012,07042019,26092023 012226, 739, 28198.1, 11.615, 77.509,0.419106,359.8,192.150,7.78e+00, 15.5, -  , - 
4063, 78013,08042019,26092023 052753,   1, 28079.5, 11.510,116.977,0.475658,  0.3,158.032,5.32e-01, 14.1, 0.1,  4
4064, 78014,06042019,26092023 030517,1267, 28079.9, 11.058,110.729,0.483297,  0.2,167.084,2.72e+00, 16.5,15.4, - 
4065, 78015,06042019,25092023 211636,   4, 28070.0, 11.751,115.787,0.480759,  0.3,160.654,3.73e-02, 17.1, 0.1,  2
4066, 78016,06042019,25092023 152354, 130, 28106.4, 11.118,101.443,0.492579,  0.1,182.664,3.51e+00, 17.7, 9.6, - 
4067, 78018,06042019,26092023 030717, 279, 28094.7, 12.034,102.515,0.525738,  0.1,186.614,1.80e+00, 17.8, -  ,864
4068, 78019,14052019,26092023 010359,  30, 28079.4, 11.287,142.247,0.379266,  0.5,100.069,1.33e-01, 16.9, 0.5,123
4069, 78020,06042019,25092023 194413, 342, 28007.1, 12.372, 96.265,0.455251,  0.1,160.891,5.22e+00, 16.7,88.2, - 
4070, 78021,26062019,25092023 235536,1463, 28046.8, 14.358, 51.330,0.493188,359.7,182.191,9.03e+00, 16.6, -  , - 
4071, 78023,25072019,25092023 225145,  30, 28184.9, 20.590,246.916,0.480961,  0.2,330.841,3.54e+00, 18.3, 1.7,371
4072, 78024,02082019,26092023 054322,1483, 28096.3, 19.158, 35.049,0.470133,359.7,213.113,1.02e+01, 16.4, -  , - 
4073, 78025,05082019,25092023 230456,  51, 28140.0, 20.587,243.443,0.481225,  0.2,347.017,1.19e+00, 17.7, 4.3,974
4074, 78028,02112019,26092023 072933, 233, 28033.6, 10.712,123.219,0.472665,  0.4,136.703,4.74e+00, 17.2,17.7, - 
4075, 78029,02112019,25092023 141308,1377, 28094.0, 11.442, 71.882,0.570788,359.8,251.926,5.07e+00, 17.4, -  , - 
4076, 78030,09032021,25092023 202008, 184, 28179.8, 17.680,109.804,0.583634,  0.1,286.887,3.12e+00, 16.1,14.8, - 
4077, 78031,07112021,25092023 234048, 673, 28191.5,  4.247, 82.848,0.724901,359.7,348.307,7.91e-01, 18.2,24.7,539
4078, 78032,20122022,25092023 215643, 277, 28089.3, 68.748, 48.849,0.255759,359.9,237.306,3.33e+00, 18.5, -  , - 
4079, 78033,10092014,25092023 223234,  44, 28157.9, 25.920,172.920,0.748625,  0.3, 29.693,3.05e-02, 18.0, 0.3, 31
4080, 78034,20082023,26092023 014601,  33, 28070.1, 10.666,188.777,0.375875,  0.7, 53.342,5.22e+00, 18.0,27.7, - 
4081, 78100,24072009,26092023 012656, 167, 28185.2,  3.274,185.052,0.724202,  2.3,155.785,2.38e-01, 16.1, 3.6,725
4082, 78101,14082018,26092023 001606,1830, 27865.4, 12.602,284.618,0.513866,359.9,238.229,3.79e+01, 18.1, -  , - 
4083, 78102,03092018,25092023 143241, 233, 28106.7, 20.496,247.334,0.467740,  0.1,343.682,3.55e-01, 17.4, 4.6, - 
4084, 78103,03092018,25092023 172619, 165, 28157.8, 20.348,235.830,0.491354,  0.2,  0.433,1.50e+00, 15.3,16.9, - 
4085, 78104,03092018,26092023 003316, 203, 28034.0, 20.363,230.580,0.512381,  0.2, 14.571,2.80e-01, 16.7, 3.9,832
4086, 78105,03092018,25092023 222338, 309, 28221.7, 20.369,247.666,0.464896,  0.1,342.233,2.32e+00, 17.5,36.6, - 
4087, 78106,03092018,25092023 215859,   0, 28086.9, 19.803,258.886,0.424030,  0.1,307.959,3.70e+00, 17.1, 0.4, 91
4088, 78107,10092018,25092023 133113, 235, 28146.0, 20.595,240.184,0.481943,  0.2,353.156,1.11e+00, 15.7,39.6, - 
4089, 78108,30082018,25092023 143344,   5, 28101.8, 20.436,243.921,0.474060,  0.2,348.732,7.41e-02, 17.0, 0.1,  7
4090, 78109,30082018,25092023 174836, 654, 28196.4, 20.109,247.500,0.496270,  0.2,323.330,6.42e+00, 18.3, -  , - 
4091, 78110,30082018,25092023 144651, 695, 28122.3, 20.684,238.732,0.482313,  0.2,352.069,6.88e-01, 17.0, -  , - 
4092, 78111,03092018,25092023 224238, 315, 28118.5, 20.439,245.294,0.462973,  0.2,345.564,4.92e-02, 17.0, 1.1,117
4093, 78112,03092018,25092023 170322,  18, 28141.9, 20.441,244.535,0.474367,  0.2,347.608,3.35e-02, 17.4, 0.1,  6
4094, 78113,10092018,26092023 021224, 278, 28132.2, 20.317,249.282,0.491375,  0.1,320.735,5.94e+00, 17.8, 7.9, - 
4095, 78115,30082018,25092023 230258,   7, 28155.6, 20.435,244.134,0.475656,  0.2,347.972,1.04e-01, 16.8, 0.2, 25
4096, 78116,07042019,25092023 231417,   2, 28095.9, 11.713,116.993,0.478208,  0.3,157.679,3.19e-02, 16.6, 0.1,  2
4097, 78117,06042019,25092023 224911, 207, 28053.0, 11.945,114.432,0.509418,  0.3,170.020,8.84e-01, 18.2,44.7, - 
4098, 78118,10042019,25092023 235741,   5, 28108.8, 11.747,116.128,0.480248,  0.3,159.170,2.21e-02, 16.7, 0.1,  2
4099, 78119,08042019,25092023 215436,1582, 28107.7, 11.567,119.461,0.477431,  0.3,154.832,3.92e-02, 17.6, 0.7,153
4100, 78120,08042019,25092023 163501,  16, 28111.3, 11.750,118.225,0.467994,  0.3,151.672,5.67e-02, 17.9, 0.1,  9
4101, 78121,06042019,26092023 003653,  80, 28115.7, 11.559,119.306,0.489758,  0.3,160.784,5.91e-02, 17.8, 0.2, 46
4102, 78122,06042019,26092023 043153,  32, 28111.9, 11.497,117.585,0.507582,  0.3,148.838,1.02e+00, 18.2,23.7, 49
4103, 78123,30072019,26092023 003815, 631, 28110.2, 11.510,125.474,0.443095,  0.4,143.461,3.66e-02, 18.6, 2.7,229
4104, 78124,31072019,25092023 232537, 115, 28236.0, 12.722, 97.113,0.471476,  0.1,175.093,1.36e+00, 16.5,35.2, - 
4105, 78125,28082019,26092023 062424, 137, 28095.3, 10.806,136.909,0.428019,  0.5,113.638,9.32e-02, 17.4, 3.7,251
4106, 78129,15022023,26092023 002139,   2, 28092.2, 63.325,189.670,0.585372,  0.1,265.560,1.34e-01, 16.0, 0.1,  5
4107, 78200,03092018,26092023 100929, 182, 28192.5, 20.339,233.510,0.511694,  0.2,  9.095,8.09e-01, 17.4,26.7, - 
4108, 78201,03092018,26092023 080140, 275, 28134.8, 20.254,229.390,0.513629,  0.3, 14.395,6.12e-01, 17.8, 5.6, - 
4109, 78202,14092018,26092023 004342, 303, 28205.8, 21.162,246.875,0.471801,  0.1,339.030,4.33e+00, 18.4, -  , - 
4110, 78203,14092018,26092023 063535,   1, 28136.7, 20.426,243.653,0.476116,  0.2,349.221,8.55e-03, 16.6, 0.1,  1
4111, 78204,10092018,26092023 023915,  21, 28028.4, 20.622,244.904,0.482269,  0.2,349.714,2.98e-01, 18.1, 0.8,187
4112, 78206,14092018,25092023 134233,   4, 28117.2, 20.542,246.875,0.474320,  0.2,344.823,3.53e-01, 17.3, 0.1, 17
4113, 78207,07042019,26092023 052646,   0, 28123.8, 11.653,118.761,0.475469,  0.3,154.281,7.80e-03, 12.8, 0.1,  1
4114, 78208,07042019,26092023 015320,   2, 28133.3, 11.609,117.189,0.479188,  0.3,157.028,2.82e-01, 15.7, 0.1,  3
4115, 78209,07042019,26092023 022205, 247, 28128.4, 11.605,116.599,0.485664,  0.3,156.853,9.31e-02, 17.5, 2.7,608
4116, 78210,05042019,26092023 034256, 337, 28124.2, 11.333,115.867,0.502820,  0.3,155.426,7.40e-01, 18.4,32.0, - 
4117, 78211,08042019,26092023 035318,   2, 28122.2, 11.603,116.514,0.479478,  0.3,159.364,1.82e-01, 17.1, 0.1,  2
4118, 78213,06042019,26092023 080537,   1, 28143.9, 11.613,119.325,0.474674,  0.3,152.943,1.23e-01, 17.2, 0.1,  5
4119, 78214,06042019,26092023 082603,1076, 28122.4, 11.546,114.258,0.466972,  0.3,163.403,3.40e+00, 18.2, -  , - 
4120, 78215,03072019,25092023 224305, 213, 28085.5, 10.703,109.941,0.467874,  0.2,170.089,2.46e+00, 17.2,32.5, - 
4121, 78218,25082019,26092023 031417,  31, 28122.7, 11.657,118.623,0.476028,  0.3,154.645,2.56e-02, 18.3, 0.1,  9
4122, 78219,28082019,25092023 214507,1122, 28191.8, 12.612, 58.251,0.525001,359.7,268.483,1.76e+01, 16.6, -  , - 
4123, 78220,29092019,26092023 001654,  20, 28127.0, 11.808,116.314,0.474241,  0.3,155.934,7.92e-02, 17.0, 0.2, 42
4124, 78300,11102012,25092023 115243,   2, 27713.2, 21.420,140.846,0.756931,  0.3,267.804,2.54e-02, 14.8, 0.1,  1
4125, 78301,31082018,26092023 002259,   0, 28143.7, 20.651,244.212,0.484618,  0.2,347.805,5.08e-01, 14.2, 0.1,  2
4126, 78302,31082018,25092023 144932,   0, 28151.9, 20.435,244.599,0.474426,  0.2,347.489,8.29e-03, 12.8, 0.1,  1
4127, 78303,31082018,25092023 171820,   1, 28164.4, 20.417,242.518,0.472919,  0.2,348.579,3.55e-02, 15.4, 0.1,  3
4128, 78304,01092018,25092023 173344,   1, 28155.0, 20.493,246.791,0.470225,  0.2,342.605,3.66e-01, 15.7, 0.1,  2
4129, 78305,03092018,26092023 025425, 774, 28039.9, 20.118,233.372,0.521964,  0.2,355.991,4.94e+00, 14.7, -  , - 
4130, 78306,01092018,26092023 032307,   3, 28151.9, 20.444,244.621,0.474592,  0.2,347.384,4.57e-02, 16.2, 0.1,  1
4131, 78307,04092018,25092023 144925,   2, 28152.7, 20.500,240.467,0.484887,  0.2,352.054,5.37e-01, 15.3, 0.2, 35
4132, 78308,31082018,26092023 011307, 317, 28249.9, 20.581,243.285,0.475000,  0.2,352.359,1.35e+00, 17.9, -  , - 
4133, 78310,08092018,25092023 215549,  17, 28171.2, 20.439,245.132,0.473404,  0.2,346.331,2.83e-02, 18.3, 0.1,  5
4134, 78311,30082018,26092023 012335,  34, 28173.4, 20.446,245.134,0.477993,  0.2,345.791,7.49e-02, 18.2, 0.1, 24
4135, 78312,08092018,26092023 010014, 235, 28169.1, 20.509,245.754,0.470706,  0.2,344.334,6.78e-02, 18.1, 2.1,363
4136, 78313,30082018,25092023 233213, 360, 28146.6, 20.523,242.550,0.519763,  0.2,352.087,5.16e-01, 14.5, 7.1,673
4137, 78314,30082018,26092023 071713,  29, 28182.8, 20.762,248.447,0.483112,  0.1,334.121,9.24e-01, 17.8, 0.8,167
4138, 78315,03092018,25092023 160712, 175, 28171.5, 20.587,248.124,0.472838,  0.1,343.974,9.23e-01, 18.3,13.3, - 
4139, 78316,16092018,25092023 195940,1818, 28071.7, 18.476,235.917,0.535113,  0.2,320.898,1.16e+01, 17.8, -  , - 
4140, 78317,02102018,26092023 011843,  28, 28160.6, 20.565,247.489,0.472805,  0.1,339.230,1.35e+00, 17.8, 0.4, 74
4141, 78318,28102018,26092023 010830,  34, 28167.2, 20.442,244.986,0.474479,  0.2,346.593,8.23e-02, 18.5, 0.3, 72
4142, 78319,06042019,26092023 001443, 220, 28150.5, 11.480,116.347,0.483843,  0.3,157.805,9.10e-02, 17.5, 4.0,839
4143, 78320,08042019,25092023 161657,   3, 28146.2, 12.331,108.154,0.479516,  0.2,166.017,9.49e-02, 15.1, 0.1, 17
4144, 78322,06042019,26092023 011145,1489, 28156.5, 11.507,118.935,0.474513,  0.3,152.650,3.49e-01, 18.6,31.3, - 
4145, 78323,06042019,26092023 045831,1400, 28154.9, 11.494,119.780,0.475130,  0.3,152.617,2.87e-02, 18.4, 3.1,635
4146, 78324,06042019,26092023 062507,1128, 28128.0, 11.223,100.615,0.503595,  0.1,179.769,3.15e+00, 17.2, -  , - 
4147, 78326,06042019,26092023 033129,1579, 28160.3, 11.616,118.943,0.476277,  0.3,153.642,4.12e-02, 18.8, 9.0, - 
4148, 78327,03072019,25092023 221240, 107, 28165.8, 11.297,127.892,0.489986,  0.4,150.984,4.90e-02, 14.3, 1.9,115
4149, 78328,28072019,26092023 002043, 145, 28177.8, 20.352,234.460,0.498120,  0.2,  2.922,1.47e-01, 15.1, 3.6,810
4150, 78329,30082019,26092023 024100, 237, 28083.6, 13.268,122.144,0.440086,  0.3,138.911,7.48e+00, 15.9, -  , - 
4151, 78334,02042020,25092023 192030,1270, 28338.6, 16.340, 28.308,0.495906,359.6,278.747,1.10e+01, 17.1, -  , - 
4152, 78336,02092022,25092023 151112,   0, 28250.4, 20.925,232.192,0.409223,  0.2,321.269,1.15e+01, 14.4, 0.2, 52
4153, 78337,17102022,26092023 063918, 340, 28200.3, 20.514,214.189,0.556490,  0.3, 26.850,5.56e+00, 17.8,83.9, - 
4154, 78338,16042023,26092023 020347,  19, 28141.5, 60.111,210.503,0.618476,  0.1,172.645,1.17e+00, 17.6, 0.4, 78
4155, 78339,08082023,25092023 142520,   3, 28153.9, 20.536,238.393,0.499978,  0.2,358.053,1.12e+00, 17.4, 0.1,  5
4156, 78340,22082023,25092023 132057,  29, 28168.0, 20.944,237.450,0.564311,  0.2,  5.548,1.49e+00, 18.7,12.9, - 
4157, 78341,27082023,26092023 040056,  26, 28153.7, 20.639,246.015,0.488443,  0.2,349.154,6.29e-01, 17.9, 2.6,589
4158, 78401,31082018,25092023 215414,   1, 28193.2, 20.423,243.949,0.471877,  0.2,346.436,1.89e-02, 16.7, 0.1,  1
4159, 78402,08092018,26092023 043620,   6, 28174.6, 20.452,245.415,0.471767,  0.2,345.300,8.47e-02, 17.3, 0.1, 15
4160, 78403,08092018,25092023 172600, 198, 28248.8, 20.274,234.040,0.498851,  0.2,  3.480,1.45e-01, 17.5, 1.4,261
4161, 78404,08092018,25092023 200342,   2, 28166.1, 20.783,244.672,0.505934,  0.2,330.781,5.76e+00, 17.0, 0.8,168
4162, 78405,09092018,25092023 134014, 170, 28220.4, 20.695,243.396,0.521555,  0.2,322.548,2.49e+00, 17.5,22.1, - 
4163, 78406,09092018,25092023 220327, 260, 28297.9, 19.983,229.964,0.523328,  0.3,  2.621,9.07e-01, 18.3,12.8, - 
4164, 78407,09092018,25092023 123604, 217, 28237.1, 20.421,252.958,0.432841,  0.1,327.647,9.56e-02, 16.0,12.3,704
4165, 78408,09092018,25092023 210206, 306, 28207.6, 20.077,243.113,0.514011,  0.2,333.192,5.18e+00, 18.1, -  , - 
4166, 78409,09092018,26092023 020659,   1, 28190.7, 20.379,235.321,0.512003,  0.2,  7.597,9.65e-02, 15.3, 0.1,  6
4167, 78410,09092018,25092023 142826,   3, 28297.9, 22.462,231.999,0.578955,  0.2,  0.793,6.05e+00, 16.6, 1.4,315
4168, 78411,19102018,26092023 071457, 335, 28277.6, 21.150,256.003,0.468546,  0.1,316.953,1.11e+00, 18.7,84.5, - 
4169, 78413,09112018,26092023 081054, 326, 28356.5, 20.310,220.206,0.575837,  0.3,  6.236,5.92e+00, 17.5, -  , - 
4170, 78414,27012019,26092023 033622,  10, 28182.0,  8.373,131.848,0.488583,  0.6,  9.629,4.53e-02, 18.0, 0.1,  3
4171, 78415,07042019,26092023 090220,   0, 28165.1, 11.531,121.495,0.471619,  0.3,149.008,1.02e-01, 14.9, 0.1,  4
4172, 78416,06042019,26092023 060148,1534, 28186.0, 11.539,120.411,0.475051,  0.3,151.125,1.07e-01, 18.3, 1.9,417
4173, 78417,06042019,26092023 050425,  10, 28154.5, 11.627,119.357,0.475260,  0.3,152.939,2.71e-02, 17.7, 0.1,  1
4174, 78418,08042019,25092023 191249,   1, 28156.5, 11.754,115.913,0.483088,  0.3,159.593,1.28e-02, 16.9, 0.1,  1
4175, 78419,06042019,26092023 021540, 137, 28106.1, 11.605,114.927,0.472848,  0.3,145.499,1.80e+00, 18.3, 2.4,348
4176, 78420,06042019,25092023 175007, 177, 28189.3, 10.668,118.411,0.479560,  0.3,152.440,1.59e+00, 18.6,49.1, - 
4177, 78421,06042019,26092023 062807,1272, 28165.7, 11.525,119.744,0.473593,  0.3,151.609,2.83e-01, 18.0,13.8, - 
4178, 78422,06042019,26092023 055519,1069, 28174.1, 11.572,120.369,0.475208,  0.3,151.534,6.48e-03, 18.4, 1.0,219
4179, 78423,06042019,26092023 014509, 333, 28117.7,  9.776,103.412,0.480026,  0.2,172.740,3.11e+00, 17.8,48.0, - 
4180, 78424,04082019,26092023 065259,  11, 28216.4, 20.710,240.239,0.494035,  0.2,349.735,2.33e+00, 18.3, 0.6,118
4181, 78425,12082019,25092023 154558, 285, 28157.9, 11.775,109.511,0.495964,  0.2,170.586,1.71e+00, 16.9,23.0, - 
4182, 78426,12082019,26092023 011050,1410, 28186.8, 11.187,124.096,0.471720,  0.4,144.393,1.29e+00, 17.1,74.4, - 
4183, 78428,29092019,26092023 035318, 694, 28348.3,  9.569,146.074,0.444999,  0.7,108.451,7.54e+00, 13.7, -  , - 
4184, 78429,04102019,25092023 233936,1452, 28189.2, 10.512,131.696,0.476424,  0.5,138.531,2.88e+00, 18.0, -  , - 
4185, 78430,27112019,26092023 054808,1397, 28167.5, 10.916, 86.697,0.500543,359.9,210.612,3.67e+00, 17.8, -  , - 
4186, 78431,16102020,25092023 215816,1028, 28168.5, 11.523,116.927,0.487066,  0.3,155.904,2.53e-01, 18.7, 8.3,313
4187, 78432,21122022,25092023 230903, 207, 28168.7, 11.886,116.565,0.450878,  0.3,132.157,7.02e+00, 17.0,52.3, - 
4188, 78433,14032023,25092023 231525, 186, 28160.1,  8.386,125.077,0.310767,  0.5,158.630,1.12e+01, 17.8, -  , - 
4189, 78434,26082023,25092023 231354,   3, 28190.3, 20.830,242.977,0.492468,  0.2,342.637,1.65e+00, 18.3, 0.2, 30
4190, 78500,10092012,26092023 015608,   1, 28256.2, 24.369,250.922,0.741152,  0.1,325.447,1.25e-01, 16.2, 0.1,  7
4191, 78501,01022014,26092023 075928,   1, 28239.0, 25.530, 20.662,0.735721,359.7,142.683,8.15e-02, 17.0, 0.1,  3
4192, 78502,30072014,26092023 035451,   8, 28224.6,  8.021,144.976,0.489423,  0.8,344.631,1.28e-01, 17.0, 0.1,  5
4193, 78503,31082018,25092023 150439,   0, 28232.3, 20.530,253.316,0.451660,  0.1,330.746,8.86e-01, 13.4, 0.1, 15
4194, 78504,07092018,25092023 233610, 399, 28187.1, 20.549,252.742,0.450712,  0.1,331.987,9.83e-01, 17.1, 7.9, - 
4195, 78505,09092018,26092023 014014, 242, 28202.4, 20.601,243.979,0.486939,  0.2,338.732,2.38e+00, 16.7,26.4, - 
4196, 78506,09092018,25092023 220740,   1, 28223.5, 20.488,244.388,0.476893,  0.2,342.795,6.40e-01, 17.8, 0.1, 11
4197, 78507,09092018,26092023 095610, 187, 28198.2, 20.445,245.572,0.473287,  0.2,345.207,4.40e-02, 19.1, 0.1, 14
4198, 78508,09092018,25092023 173953,   1, 28221.3, 20.698,250.185,0.482340,  0.1,342.427,3.24e-01, 16.9, 0.1,  8
4199, 78510,09092018,26092023 020823,1101, 28394.2, 20.588,248.133,0.486365,  0.1,333.106,2.93e+00, 14.8, -  , - 
4200, 78511,02102018,26092023 035640, 413, 28231.8, 20.610,250.796,0.479909,  0.1,321.401,4.49e+00, 18.9,35.8, - 
4201, 78512,07102018,25092023 232549,1520, 28199.7, 20.396,240.570,0.474052,  0.2,350.566,2.04e-02, 18.1, 0.8,144
4202, 78513,25092018,25092023 145322, 663, 28303.4, 20.590,249.537,0.480474,  0.1,341.108,3.13e-01, 17.3,31.2, - 
4203, 78514,17102018,25092023 174315,   1, 28243.6, 11.542,122.178,0.470763,  0.3,146.421,1.07e-02, 12.4, 0.1,  1
4204, 78515,07042019,26092023 003845,   2, 28209.1, 11.639,119.235,0.476538,  0.3,152.240,3.81e-02, 16.1, 0.1,  2
4205, 78516,06042019,26092023 003726,1627, 28208.7, 11.605,119.144,0.476508,  0.3,152.385,7.87e-02, 16.8,38.2, - 
4206, 78517,07042019,25092023 163241,   1, 28205.6, 11.571,121.135,0.472236,  0.3,148.625,2.65e-02, 17.2, 0.1,  1
4207, 78518,08042019,26092023 034447,   2, 28204.1, 11.579,120.752,0.473149,  0.3,149.575,3.69e-02, 15.8, 0.1,  1
4208, 78519,06042019,25092023 233739,1628, 28181.9, 11.516,120.098,0.473370,  0.3,150.526,2.97e-01, 18.5, -  , - 
4209, 78520,08042019,26092023 042429,1601, 28179.3, 11.738,109.623,0.491638,  0.2,168.748,1.91e+00, 16.7,74.4, - 
4210, 78521,09042019,26092023 035921,  71, 28216.7, 11.574,120.574,0.474480,  0.3,150.138,1.96e-01, 18.2, 0.2, 36
4211, 78522,06042019,26092023 091606,1586, 28204.0, 11.449,120.145,0.474414,  0.3,150.338,5.21e-01, 18.5, 3.8,834
4212, 78523,06042019,26092023 035926, 347, 28161.6, 12.696,125.618,0.409979,  0.3,148.799,1.84e-02, 18.6, 0.4, 63
4213, 78524,06042019,26092023 055815,  31, 28174.0, 11.579,120.452,0.475114,  0.3,151.406,8.22e-03, 18.2, 0.1,  1
4214, 78525,06042019,26092023 002226,1576, 28201.6, 11.518,120.864,0.472076,  0.3,148.882,2.16e-01, 18.7, 6.9, - 
4215, 78526,06042019,26092023 045610, 275, 28156.6, 11.617,115.203,0.488330,  0.3,154.833,1.84e-01, 17.1, 3.8,742
4216, 78527,06042019,26092023 100438,1468, 28192.4, 11.505,120.066,0.474279,  0.3,150.703,2.81e-01, 18.7,61.8, - 
4217, 78528,06042019,25092023 220450,1628, 28200.0, 11.483,121.028,0.472424,  0.3,148.837,2.84e-01, 18.7, -  , - 
4218, 78529,12042019,25092023 214024,1129, 28207.0, 12.818,105.424,0.478611,  0.1,164.727,1.94e-01, 16.2,13.9, - 
4219, 78530,06042019,26092023 095024, 309, 28213.4, 11.428,122.452,0.457238,  0.4,148.858,3.29e-01, 18.3,12.8, - 
4220, 78531,06052019,26092023 022250,   0, 28205.1, 12.160,112.705,0.471027,  0.2,156.347,1.79e-01, 14.2, 0.1,  5
4221, 78533,06042019,25092023 165423, 363, 28335.5, 11.403,124.548,0.401446,  0.4,127.923,2.06e+00, 17.9,74.3, - 
4222, 78534,27062019,25092023 225736, 275, 28225.1, 20.207,221.048,0.516511,  0.3, 21.899,1.98e-01, 18.2, 1.2,261
4223, 78535,12082019,25092023 203734, 241, 28206.5, 11.510,120.868,0.473922,  0.3,149.163,3.74e-01, 19.2, 5.8, - 
4224, 78536,06082019,26092023 085026, 279, 28190.8, 10.839,122.444,0.452804,  0.4,140.807,3.21e+00, 18.2,67.8, - 
4225, 78537,29082019,25092023 214423, 781, 28200.7, 10.107,122.058,0.471769,  0.4,143.135,4.64e+00, 16.6, -  , - 
4226, 78538,28082019,25092023 204812,1096, 28338.9, 10.838,105.178,0.469208,  0.2,162.061,4.80e+00, 17.1, -  , - 
4227, 78539,23092019,26092023 051808, 243, 28165.3, 11.718,119.002,0.478535,  0.3,152.671,1.53e+00, 18.5,12.6, - 
4228, 78541,29112019,26092023 014554, 657, 28243.1, 19.658,216.722,0.577387,  0.3, 33.269,2.89e+00, 17.8, -  , - 
4229, 78544,19012021,26092023 092833, 228, 28205.9, 12.855,105.546,0.479053,  0.2,164.462,1.44e-01, 13.0, 1.3,269
4230, 78545,14102021,26092023 062658, 691, 28190.5, 22.408,160.904,0.585183,  0.3, 98.700,7.17e-01, 17.5,65.3, - 
4231, 78546,21102022,25092023 214922,   1, 28199.3, 20.389,238.508,0.480073,  0.2,353.816,4.62e-02, 17.8, 0.1,  3
4232, 78547,01122022,25092023 150506, 221, 28291.5, 11.684, 62.891,0.542865,359.7,266.512,5.13e+00, 12.6,41.8, - 
4233, 78601,26032017,25092023 195038,1668, 28256.0, 24.370,154.132,0.733459,  0.3,337.369,2.73e-02, 18.3, 8.0,131
4234, 78602,19112017,26092023 054513,   5, 28253.5, 58.775,123.262,0.690860,  0.1, 34.567,1.84e+00, 16.1, 0.5, 95
4235, 78603,31082018,25092023 175134,   1, 28233.6, 20.261,233.921,0.506370,  0.2,  6.289,7.34e-02, 13.7, 0.1,  3
4236, 78604,31082018,25092023 223925,   0, 28245.8, 20.264,234.391,0.504621,  0.2,  4.921,8.70e-02, 15.3, 0.1,  3
4237, 78605,09092018,25092023 212812, 253, 28275.7, 20.839,235.521,0.511516,  0.2,  0.578,2.66e+00, 13.6,18.5, - 
4238, 78606,09092018,25092023 210006,1378, 28245.1, 20.428,247.891,0.490466,  0.1,326.667,4.22e+00, 18.0, -  , - 
4239, 78607,25092018,25092023 182310,   7, 28225.6, 20.590,245.187,0.477646,  0.2,342.526,1.08e+00, 17.3, 0.7,156
4240, 78608,18102018,26092023 024206, 542, 28195.8, 20.406,247.369,0.459135,  0.1,339.053,6.25e-02, 17.2, 3.6,578
4241, 78609,18102018,26092023 003213,1069, 28215.8, 11.674,123.084,0.469076,  0.3,144.138,2.38e-01, 18.7, 6.3, - 
4242, 78610,18102018,26092023 071520,1474, 28217.2, 11.609,124.209,0.467871,  0.4,142.112,4.76e-01, 18.0,34.6, - 
4243, 78611,06112018,25092023 193348,1765, 27974.3, 12.772,217.591,0.538569,  0.5,305.447,2.30e+01, 17.6, -  , - 
4244, 78612,10012019,26092023 011703, 198, 28194.1, 20.504,247.301,0.457989,  0.1,337.888,9.25e-02, 17.0, 4.1,660
4245, 78613,03022019,26092023 045730,1683, 28113.2,  4.528,173.275,0.463925,  1.7,349.367,3.76e+01, 17.8, -  , - 
4246, 78615,09042019,26092023 040109,1482, 28216.8, 11.561,120.516,0.474597,  0.3,150.115,4.68e-02, 17.8, 0.6,103
4247, 78616,09042019,26092023 021732,  33, 28235.1, 11.463,121.912,0.471907,  0.3,148.764,6.38e-02, 17.7, 0.2, 40
4248, 78617,08042019,25092023 174548,1139, 28224.8, 11.696,117.042,0.482905,  0.3,156.920,1.53e-02, 18.1, 0.6, 71
4249, 78618,06042019,26092023 013518,1565, 28214.5, 11.395,120.384,0.475297,  0.3,150.328,2.29e-01, 18.2, 2.7,605
4250, 78619,09042019,26092023 011750, 280, 28242.0, 11.174,123.531,0.447340,  0.4,138.447,1.48e-01, 18.0, 1.3,225
4251, 78620,06042019,25092023 190208,1525, 28217.3, 11.447,121.984,0.471466,  0.3,147.098,3.15e-01, 18.2, 3.2,705
4252, 78621,06042019,25092023 213831,1076, 28223.4, 11.187,125.675,0.462223,  0.4,139.292,4.00e-01, 17.8,93.6, - 
4253, 78622,06042019,26092023 043156, 164, 28201.7, 11.212,111.968,0.474678,  0.2,158.147,4.96e+00, 18.3, -  , - 
4254, 78623,06042019,26092023 002918,   4, 28220.1, 11.547,121.717,0.472425,  0.3,147.581,1.50e-01, 16.5, 0.1,  8
4255, 78624,06042019,26092023 085050,1072, 28210.7, 11.429,122.689,0.468997,  0.4,145.428,2.77e-01, 18.6,21.8, - 
4256, 78627,06042019,25092023 220456, 207, 28234.8,  9.961,111.470,0.452050,  0.3,162.042,3.16e+00, 18.8, -  , - 
4257, 78628,06042019,25092023 231531,   4, 28239.8, 11.521,122.291,0.469111,  0.3,146.067,9.05e-02, 17.1, 0.1,  3
4258, 78629,06042019,25092023 174651,   1, 28226.1, 11.882,117.165,0.485791,  0.3,156.966,4.33e-02, 17.7, 0.1,  2
4259, 78630,06042019,25092023 211516,1629, 28210.9, 11.457,120.227,0.473616,  0.3,149.684,5.12e-01, 18.9, -  , - 
4260, 78631,26062019,25092023 212203, 227, 28323.0, 20.692,242.965,0.500443,  0.2,340.715,3.21e+00, 17.0,14.8, - 
4261, 78632,25082019,26092023 052505, 690, 28358.0, 10.580,160.808,0.473997,  0.7,108.615,3.68e+00, 17.0, -  , - 
4262, 78634,30092019,26092023 035354,1436, 28230.5, 11.420,121.852,0.470909,  0.3,143.537,2.19e+00, 16.4,93.4, - 
4263, 78635,02102019,25092023 195016, 286, 28262.7, 11.005,121.943,0.475139,  0.4,139.855,6.26e+00, 18.0,13.8, - 
4264, 78638,16072023,26092023 080631,  18, 28225.0, 20.450,245.831,0.470542,  0.2,343.454,8.88e-02, 18.2, 0.1,  4
4265, 78700,12092012,26092023 022243,   0, 28192.5, 25.745, 22.279,0.751801,359.7,198.892,9.52e-02, 14.4, 0.1,  3
4266, 78701,30062016,26092023 061947,1047, 28210.7, 24.724, 54.244,0.749440,359.8,162.320,5.68e-02, 16.8, -  , - 
4267, 78702,12012018,25092023 200235, 139, 28261.8,  7.576,166.374,0.489494,  1.0,304.575,9.09e-02, 18.2, 0.4, 74
4268, 78703,31082018,26092023 070530,   1, 28261.7, 20.306,235.676,0.504142,  0.2,  3.281,9.05e-02, 12.3, 0.1,  3
4269, 78704,02092018,25092023 145842,   5, 28180.5, 20.595,246.477,0.483535,  0.2,342.308,9.80e-01, 18.2, 0.3, 62
4270, 78705,14092018,26092023 082718, 172, 28248.3, 20.489,240.103,0.471862,  0.2,348.576,2.12e-01, 17.5, 3.0,644
4271, 78706,14092018,26092023 001453, 284, 28216.1, 20.477,248.080,0.469243,  0.1,341.117,1.45e-01, 18.2, 9.6, - 
4272, 78708,14092018,26092023 080259, 338, 28213.4, 20.633,251.641,0.467624,  0.1,328.529,2.75e+00, 18.3, -  , - 
4273, 78709,17102018,25092023 234337,1482, 28231.8, 11.342,109.719,0.495190,  0.2,176.929,4.87e-01, 18.5,26.2, - 
4274, 78710,18102018,26092023 040257,1693, 28234.5, 11.590,120.875,0.478276,  0.3,146.727,5.83e-01, 18.6,22.6, - 
4275, 78711,07042019,26092023 034701, 258, 28259.7, 11.455,122.613,0.480566,  0.4,144.819,1.42e-01, 17.6, 9.9, - 
4276, 78712,07042019,25092023 213257, 343, 28244.2, 11.790,118.152,0.550230,  0.3,150.488,2.00e-01, 16.3,30.2,478
4277, 78713,08042019,25092023 173323,   3, 28249.7, 12.068,113.047,0.478115,  0.2,157.607,2.27e-02, 16.9, 0.1,  7
4278, 78714,08042019,25092023 184722,  30, 28244.2, 11.780,114.765,0.481085,  0.3,156.472,5.99e-01, 17.3, 0.8,181
4279, 78715,06042019,25092023 204031,  43, 28265.2, 11.273,122.264,0.470390,  0.4,145.528,1.03e-01, 17.1, 0.5, 26
4280, 78716,06042019,26092023 022359, 151, 28159.4, 12.403, 79.797,0.497125,359.9,211.957,7.15e+00, 18.4,11.4, - 
4281, 78717,07042019,26092023 053409,   4, 28241.0, 11.666,121.938,0.458666,  0.3,141.528,1.56e-01, 15.5, 0.2, 38
4282, 78718,06042019,26092023 071636, 257, 28353.8, 11.483,122.960,0.466915,  0.4,144.907,4.28e-01, 18.0, 4.2,728
4283, 78719,06042019,26092023 024935, 121, 28240.9, 11.502,121.589,0.472320,  0.3,147.303,2.91e-01, 18.5, 0.3, 57
4284, 78720,06042019,26092023 023411,   4, 28240.9, 11.525,122.156,0.471907,  0.3,146.594,5.79e-02, 16.6, 0.1,  3
4285, 78721,09042019,26092023 090929,1595, 28243.8, 11.503,121.687,0.471927,  0.3,147.174,1.13e-01, 18.4, 9.7, - 
4286, 78722,10042019,26092023 083014,1069, 28204.0, 11.462,120.469,0.473423,  0.3,149.689,1.83e-01, 19.2, 8.5, - 
4287, 78723,06042019,25092023 192736,1003, 28249.5, 11.420,122.136,0.470468,  0.3,146.622,4.83e-01, 18.4,10.0, - 
4288, 78724,06042019,26092023 023008,1431, 28246.3, 11.482,121.636,0.472391,  0.3,147.248,2.44e-01, 18.3,12.2, - 
4289, 78725,06042019,25092023 205259, 247, 28232.5, 11.505,121.583,0.478460,  0.3,145.766,9.58e-02, 16.8, 3.1,138
4290, 78726,06042019,25092023 231908, 173, 28525.7, 11.285,122.553,0.481966,  0.4,145.052,4.22e-01, 18.4, 2.3,430
4291, 78727,06042019,25092023 194947,1628, 28236.2, 11.460,121.180,0.473528,  0.3,148.282,3.48e-01, 18.6, -  , - 
4292, 78728,06042019,26092023 023045,1433, 28240.4, 11.494,121.465,0.472949,  0.3,147.759,6.56e-02, 18.3,45.7, - 
4293, 78729,06042019,26092023 001420,  79, 28374.1, 11.694,120.742,0.472200,  0.3,145.844,4.06e-02, 16.3, 0.3, 59
4294, 78730,06042019,25092023 172346,  28, 28330.6, 11.089,119.620,0.471212,  0.3,143.968,1.31e+00, 18.2, 9.8, - 
4295, 78731,06042019,26092023 024716, 802, 28242.5, 11.499,120.627,0.473183,  0.3,148.836,1.76e-01, 18.8, 3.1,694
4296, 78732,06042019,26092023 084610, 258, 28247.5, 11.842,119.623,0.476864,  0.3,155.869,1.89e-01, 18.6, 2.3,434
4297, 78733,06042019,25092023 215559,1076, 28250.3, 11.496,121.632,0.472133,  0.3,146.993,3.68e-01, 18.2,17.6, - 
4298, 78734,06042019,25092023 224409, 156, 27775.5, 11.557, 78.129,0.466707,359.9,213.627,6.78e+00, 18.8, 8.8, - 
4299, 78736,06042019,26092023 000900,1032, 28238.1, 11.414,123.419,0.463434,  0.4,144.119,2.92e-01, 17.6,57.4, - 
4300, 78737,06042019,25092023 185438,  88, 28248.9, 11.552,121.546,0.471386,  0.3,147.021,1.39e-01, 17.7, 1.6,361
4301, 78738,06042019,25092023 214806, 300, 28063.6, 11.674,117.999,0.474953,  0.3,155.886,4.66e-02, 17.2, 2.9,660
4302, 78739,06042019,25092023 235307, 753, 28230.2, 11.407,122.061,0.469353,  0.3,143.969,6.07e-01, 18.0,12.7, - 
4303, 78740,06042019,26092023 022205,1628, 28238.3, 11.415,120.986,0.474402,  0.3,148.565,5.47e-01, 17.0, -  , - 
4304, 78742,06042019,25092023 211326,1129, 28252.9, 11.578,103.701,0.498424,  0.1,169.887,1.68e-01, 16.8, -  , - 
4305, 78743,06042019,26092023 023440, 237, 28232.8, 11.548,116.258,0.490800,  0.3,157.736,2.16e+00, 17.6,17.4, - 
4306, 78744,06042019,26092023 002139, 115, 28234.2, 10.760,111.648,0.473432,  0.3,167.896,2.98e+00, 17.3,11.8, - 
4307, 78745,06042019,26092023 025048,1460, 28233.7, 11.630,120.260,0.472852,  0.3,147.730,5.97e-01, 18.3,77.6, - 
4308, 78746,06042019,26092023 030732,  18, 28246.1, 11.509,121.313,0.473306,  0.3,147.747,2.93e-01, 17.1, 0.1, 13
4309, 78747,06042019,25092023 191513,  31, 28242.7, 11.562,122.068,0.475122,  0.3,146.963,1.71e-01, 18.4, 0.1, 17
4310, 78748,06042019,26092023 075535,1095, 28222.3, 10.168,130.259,0.428423,  0.5,120.268,1.66e+00, 16.2, -  , - 
4311, 78749,31052019,25092023 204037,  32, 28244.2, 11.521,121.576,0.474070,  0.3,149.135,2.13e-01, 17.8, 0.5,105
4312, 78750,31052019,25092023 192042,1541, 28242.8, 11.482,121.463,0.472943,  0.3,147.692,2.55e-01, 18.4, 1.8,396
4313, 78751,29072019,26092023 050801,1478, 28249.6, 10.995,168.340,0.435786,  0.7, 87.601,2.83e+00, 16.8, -  , - 
4314, 78752,25082019,25092023 235742, 219, 28281.4, 11.084,116.410,0.477391,  0.3,156.219,1.48e+00, 18.2, 1.8,395
4315, 78754,23112020,25092023 150602,   2, 28262.0, 20.498,241.498,0.471030,  0.2,346.027,2.56e-01, 17.4, 0.1,  4
4316, 78755,03022007,25092023 182103,   3, 28261.0,  7.546,171.980,0.488067,  1.0,294.345,1.01e-01, 18.3, 0.1,  4
4317, 78756,31102021,25092023 145418,  33, 28243.4, 20.412,240.037,0.474891,  0.2,349.170,1.40e-01, 19.2, 0.3, 26
4318, 78757,08042022,25092023 202952, 178, 28267.4,  7.680,156.160,0.490984,  0.9,324.385,1.83e-01, 18.5, 0.3, 48
4319, 78758,24082022,25092023 195635, 343, 28233.3, 17.393, 49.202,0.469367,359.7,248.172,1.15e+01, 15.3, -  , - 
4320, 78759,06112022,25092023 223049, 305, 28274.0, 67.744,238.627,0.530750,  0.1,250.196,9.03e+00, 16.9, -  , - 
4321, 78760,25082023,26092023 013945,  28, 28252.0, 20.684,250.732,0.457228,  0.1,331.525,9.01e-01, 18.8, 7.6, - 
4322, 78800,10122007,25092023 135216,   1, 28275.9,  8.055,174.787,0.489862,  0.9,283.253,5.18e-02, 17.7, 0.1,  1
4323, 78801,28042017,25092023 212319,   6, 28317.7, 66.534,146.077,0.677650,  0.1,325.394,5.36e-01, 16.2, 0.3, 57
4324, 78802,20112017,25092023 210530,  49, 28305.9,  7.338,194.127,0.485872,  1.0,256.832,1.00e-02, 18.6, 0.1,  1
4325, 78803,03122017,26092023 031011,   2, 28312.5, 23.937,117.375,0.740051,  0.1, 64.244,2.74e-01, 14.9, 0.4, 51
4326, 78804,14092018,26092023 061255,   6, 28290.7, 20.466,249.052,0.468984,  0.1,338.979,7.89e-03, 17.6, 0.1,  1
4327, 78805,14092018,25092023 221651,   0, 28295.2, 20.436,247.214,0.476397,  0.2,343.072,2.40e-01, 14.5, 0.1, 10
4328, 78806,17102018,26092023 073038,  34, 28295.4, 20.558,252.509,0.468155,  0.1,334.636,1.74e+00, 16.9, 8.1, - 
4329, 78807,06042019,26092023 035512,1069, 28272.6, 11.500,119.772,0.477643,  0.3,147.762,5.49e-01, 19.1,51.5, - 
4330, 78808,08042019,25092023 224256, 137, 28271.2, 12.285,109.041,0.485300,  0.2,164.547,1.14e-01, 18.2, 2.2,485
4331, 78809,12042019,26092023 061225, 331, 28751.9, 11.398,120.889,0.482311,  0.3,146.475,1.51e+00, 18.3,28.5, - 
4332, 78810,06042019,25092023 210216, 247, 28211.4, 12.118,117.109,0.489194,  0.3,158.819,4.36e-02, 17.9,24.1, - 
4333, 78811,06042019,26092023 010206,1628, 28258.8, 11.490,121.907,0.472218,  0.3,146.736,1.43e-01, 17.7,69.7, - 
4334, 78812,06042019,26092023 031554,1627, 28264.1, 11.367,122.253,0.473501,  0.4,146.529,5.07e-01, 18.6, -  , - 
4335, 78813,06042019,25092023 184829,1133, 28259.3, 10.376,123.357,0.448265,  0.4,139.498,4.00e+00, 16.9, -  , - 
4336, 78814,06042019,26092023 023604,  32, 28384.7, 11.256,122.126,0.473047,  0.4,146.261,2.18e-01, 18.0, 0.5, 36
4337, 78815,06042019,25092023 215216, 332, 28262.0, 11.165,122.004,0.449510,  0.4,145.359,4.56e-01, 18.1, 3.5,600
4338, 78816,06042019,26092023 013950,1463, 28258.9, 11.466,121.820,0.471917,  0.3,147.042,1.75e-01, 18.3, 2.5,483
4339, 78817,06042019,26092023 024408,1075, 28300.8, 11.279,124.659,0.467645,  0.4,141.217,6.99e-01, 19.1,81.6, - 
4340, 78818,05052019,26092023 052909, 243, 28296.1, 19.912,246.553,0.486019,  0.2,332.047,2.94e+00, 18.2,48.6, - 
4341, 78819,06042019,26092023 014902,1466, 28267.7, 12.333,106.234,0.486537,  0.2,166.832,9.26e-01, 18.1, 6.3, - 
4342, 78820,06042019,26092023 095353,1162, 28245.6, 10.921,116.429,0.476158,  0.3,157.166,2.67e+00, 17.5,37.9, - 
4343, 78821,06042019,26092023 025235,1097, 28297.3, 10.498,112.735,0.492746,  0.3,164.809,1.13e-01, 17.7,17.8, - 
4344, 78822,06042019,25092023 164852,1075, 28269.0, 11.734,118.829,0.474458,  0.3,150.211,1.99e-01, 19.4,29.2, - 
4345, 78823,06042019,26092023 082145,1463, 28265.8, 11.204,127.121,0.465870,  0.4,134.898,1.05e-01, 18.1, -  , - 
4346, 78824,25082019,26092023 032834,1437, 28265.8, 12.107,103.003,0.490804,  0.1,171.973,1.78e+00, 17.6,30.9, - 
4347, 78826,13012020,25092023 232036,  41, 28220.3, 20.662,243.821,0.453902,  0.2,339.631,6.34e-01, 18.5, 5.8, - 
4348, 78827,28062020,26092023 025435,1179, 28369.9, 14.173, 38.255,0.555749,359.6,313.330,5.15e+00, 17.3, -  , - 
4349, 78828,16122020,25092023 235430,  15, 28285.6, 20.682,265.003,0.429841,  0.0,312.956,1.20e-01, 16.2, 0.1, 21
4350, 78829,12032022,25092023 184309, 224, 28270.0,  7.518,163.545,0.488577,  1.0,309.705,1.15e-01, 18.3, 0.5, 99
4351, 78830,29032022,25092023 165056,  18, 28265.8,  7.400,173.412,0.487544,  1.0,292.995,2.64e-02, 18.5, 0.1, 10
4352, 78831,14082023,25092023 193359,  29, 28326.9, 28.035,161.445,0.640725,  0.3,311.814,3.60e+00, 16.9, 0.5,108
4353, 78900,19022015,25092023 125218,   1, 28378.6, 24.218,150.397,0.735602,  0.3,354.430,1.50e-01, 15.1, 0.1,  1
4354, 78901,23122016,26092023 004041,  12, 28311.9,  7.382,186.785,0.488276,  1.0,268.886,5.78e-02, 17.3, 0.1, 14
4355, 78902,31082018,26092023 012726,   0, 28299.3, 20.771,261.430,0.453013,  0.1,321.661,1.62e-01, 13.4, 0.1,  4
4356, 78903,01092018,25092023 225804,   4, 28309.1, 20.469,250.047,0.464789,  0.1,336.423,3.08e-02, 17.4, 0.1,  4
4357, 78904,02092018,26092023 032930,1664, 28301.4, 20.551,249.518,0.480161,  0.1,341.291,1.00e-02, 15.9, 1.2,260
4358, 78905,14092018,26092023 070326, 278, 28252.0, 19.524,240.558,0.594529,  0.2,338.883,7.52e+00, 17.4,19.4, - 
4359, 78906,13112018,25092023 232201,1628, 28306.4, 20.464,249.873,0.467563,  0.1,336.107,5.11e-01, 17.9, -  , - 
4360, 78907,06042019,25092023 223437,1629, 28300.8, 11.399,123.100,0.472144,  0.4,144.458,3.18e-01, 18.6, -  , - 
4361, 78908,06042019,26092023 042028, 728, 28323.9, 11.292,124.525,0.469265,  0.4,141.839,5.56e-01, 18.6, 9.0, - 
4362, 78909,06042019,26092023 005458,   4, 28329.0, 11.654,120.308,0.473450,  0.3,147.245,4.50e-02, 17.7, 0.1,  2
4363, 78910,06042019,26092023 051030,1486, 28281.7, 11.229,132.286,0.444792,  0.4,129.664,6.36e-01, 17.4,31.4, - 
4364, 78912,06042019,26092023 033401,1573, 28296.9, 12.117,117.701,0.495729,  0.3,149.463,3.53e-01, 17.9,56.2, - 
4365, 78913,26062019,25092023 234934,1507, 28503.9, 12.885, 32.091,0.543971,359.5,329.813,6.42e+00, 16.8, -  , - 
4366, 78914,26062019,25092023 223245, 779, 28416.2, 20.637,250.314,0.467068,  0.1,331.457,2.61e+00, 16.6, -  , - 
4367, 78915,25072019,26092023 064915,  16, 28288.5, 11.516,121.021,0.488634,  0.3,154.714,7.91e-02, 16.7, 0.1, 19
4368, 78916,31082019,26092023 072032,1477, 28289.2, 11.257,123.368,0.471243,  0.4,144.052,8.69e-01, 18.1,17.9, - 
4369, 78917,22102019,25092023 175351,1401, 28196.1, 21.180,212.804,0.542576,  0.3,356.885,8.52e+00, 15.0, -  , - 
4370, 78918,31102019,26092023 011612,   3, 28327.6, 20.532,248.070,0.479596,  0.1,339.670,3.08e-01, 17.9, 0.1, 20
4371, 78920,01092020,25092023 204123,   9, 28264.2, 24.857, 19.101,0.750358,359.7,235.646,2.72e-02, 17.8, 0.1,  4
4372, 78921,20082022,25092023 134540, 372, 28310.8, 20.530,240.869,0.488939,  0.2,351.399,7.10e-01, 18.0, 2.6,535
4373, 78922,16102022,25092023 143847, 317, 28333.7, 19.802,264.577,0.488552,  0.0,303.200,6.61e+00, 18.2,17.8, - 
4374, 78923,23042023,25092023 170526, 133, 28375.2,  4.286, 70.413,0.735644,359.4,355.087,3.28e-02, 18.0, 1.0,205
4375, 78924,23082023,25092023 214122,   2, 28295.8, 19.520,236.720,0.540082,  0.2,332.933,1.02e+01, 18.2, 0.4, 42
4376, 79000,22062010,25092023 210116,   5, 28360.5,  7.249,206.144,0.483371,  0.9,238.037,2.17e-01, 16.5, 0.1,  9
4377, 79001,27062012,25092023 191302,   3, 28316.6,  7.057,196.091,0.485640,  1.0,256.315,3.51e-02, 18.1, 0.1,  5
4378, 79002,13122017,26092023 015400,  31, 28336.1, 23.969,112.878,0.740706,  0.1, 70.521,2.04e-01, 16.7, 0.8,162
4379, 79003,07092018,25092023 222002,   3, 28341.4, 20.610,254.985,0.468335,  0.1,331.445,1.30e-01, 16.3, 0.1, 18
4380, 79004,07092018,26092023 035242,1833, 28345.2, 20.613,250.174,0.464322,  0.1,329.205,1.56e+00, 18.6,34.2, - 
4381, 79005,07092018,25092023 190314, 176, 28324.2, 20.537,247.053,0.499788,  0.2,350.262,2.71e-01, 17.7, 3.5,760
4382, 79006,05082022,26092023 045821,  10, 28330.1, 20.363,249.301,0.462917,  0.1,335.453,4.14e-01, 17.8, 0.3, 71
4383, 79007,08112018,25092023 130156,1245, 28342.6, 25.704,231.265,0.751730,  0.2,287.905,3.34e-01, 17.0, -  , - 
4384, 79008,06122018,25092023 153937, 270, 28381.8, 22.478,323.970,0.740824,359.7,311.463,5.83e-02, 16.7, 2.5,297
4385, 79009,07042019,26092023 051921,   3, 28318.6, 11.454,124.440,0.469304,  0.4,142.143,2.11e-02, 17.2, 0.1,  2
4386, 79010,08042019,26092023 031841, 329, 28365.9, 11.647,121.889,0.459525,  0.3,144.367,4.62e-02, 17.9, 0.3, 41
4387, 79011,08042019,25092023 223206, 278, 28346.5, 12.445, 99.928,0.499081,  0.1,179.691,4.10e-01, 17.7, 9.3, - 
4388, 79012,06042019,26092023 072754,1507, 28316.4, 11.302,125.398,0.467971,  0.4,140.285,2.95e-01, 17.6,52.1, - 
4389, 79013,26042019,25092023 215426,   1, 28308.5, 11.305,126.660,0.482992,  0.4,145.904,3.33e-02, 16.9, 0.1,  1
4390, 79014,26042019,26092023 085341,   1, 28313.6, 11.587,121.021,0.469898,  0.3,145.471,5.36e-02, 17.1, 0.1,  2
4391, 79015,06042019,26092023 045324,1608, 28324.2, 11.583,121.091,0.471774,  0.3,145.895,1.02e-01, 18.3,49.0, - 
4392, 79016,06042019,26092023 011229,  92, 28321.9, 11.426,123.130,0.473490,  0.4,144.631,2.13e-01, 18.6, 1.8,389
4393, 79017,06042019,26092023 022247,  87, 28331.9, 11.404,123.231,0.471891,  0.4,144.402,3.75e-01, 18.4, 1.7,360
4394, 79018,06042019,26092023 021522,1513, 28312.5, 11.382,121.013,0.470216,  0.3,145.909,7.84e-01, 16.4, -  , - 
4395, 79020,06042019,26092023 050127, 301, 28307.8, 11.367,117.945,0.486380,  0.3,149.816,9.88e-01, 18.3, 2.0,376
4396, 79021,30072019,26092023 001742, 329, 28451.5, 11.876,133.034,0.365681,  0.4,127.613,6.16e-02, 17.5, 9.1,645
4397, 79022,30082019,26092023 014304,1069, 28318.6, 11.160,126.392,0.466344,  0.4,138.310,6.27e-01, 17.5,59.8, - 
4398, 79025,30092019,26092023 025422, 184, 28317.0, 11.447,123.292,0.471177,  0.4,143.909,2.14e-01, 17.9, 1.3,221
4399, 79027,12072020,26092023 013215, 226, 27479.1, 11.710, 84.395,0.493399,359.9,220.144,4.34e+00, 18.3,24.7, - 
4400, 79028,15102020,25092023 191701,  48, 28376.9, 11.583,120.128,0.482102,  0.3,149.548,1.39e-01, 17.5, 0.6,128
4401, 79029,16112022,25092023 145236, 299, 28322.6, 20.486,256.509,0.454700,  0.1,313.054,3.39e+00, 18.6, 4.8, - 
4402, 79030,11012023,26092023 051159, 129, 28289.8, 44.432,188.509,0.275762,  0.2,319.886,3.19e+01, 16.1,89.1, - 
4403, 79031,15042023,25092023 153618,  36, 28316.3,  7.592,183.082,0.488883,  1.0,272.351,1.87e-01, 18.1, 0.1,  7
4404, 79032,08082023,25092023 191307,  40, 28316.6,  7.057,196.106,0.485556,  1.0,256.303,3.38e-02, 17.5, 0.1, 14
4405, 79101,01082017,26092023 021840,  65, 28350.5,  7.753,224.897,0.472258,  0.7,202.417,2.17e-01, 17.3, 1.6,361
4406, 79102,26102017,25092023 162117,   2, 28336.8,  7.656,207.759,0.488107,  0.9,231.972,3.84e-01, 14.8, 0.1, 12
4407, 79103,05062008,26092023 035638,   5, 28379.0,  7.374,156.970,0.503709,  0.9,324.870,4.87e-01, 17.3, 0.9,193
4408, 79104,23022018,25092023 212643,1985, 28285.5, 68.747,248.587,0.533368,  0.1,243.960,7.19e+00, 16.7, -  , - 
4409, 79105,31082018,25092023 135716,  31, 28379.4, 20.647,245.932,0.494294,  0.2,338.545,1.58e+00, 18.9, 5.7, - 
4410, 79106,02092018,25092023 225325,1077, 28348.6, 20.764,274.928,0.391348,360.0,294.393,6.65e-02, 17.3,13.8, - 
4411, 79107,07092018,26092023 060916, 174, 28369.2, 20.718,251.004,0.476456,  0.1,331.057,9.40e-01, 17.6, 8.7, - 
4412, 79108,07092018,25092023 194949,   2, 28402.7, 20.153,256.672,0.527705,  0.1,318.153,5.81e+00, 17.6, 1.2,251
4413, 79109,07092018,26092023 081655,   1, 28350.8, 20.591,250.128,0.481351,  0.1,337.270,7.36e-01, 17.5, 0.1, 10
4414, 79111,08042019,25092023 183031,   1, 28336.6, 12.293,110.676,0.482233,  0.2,159.081,5.15e-02, 14.6, 0.1,  3
4415, 79112,08042019,25092023 220928, 224, 28338.5, 11.082,116.820,0.484419,  0.3,152.484,1.61e+00, 18.3, 4.7,979
4416, 79113,08042019,26092023 023408,  36, 28317.5, 11.480,122.739,0.476087,  0.4,146.559,7.47e-02, 17.4, 0.3, 71
4417, 79114,08042019,26092023 090058,   3, 28345.8, 11.595,122.026,0.470154,  0.3,143.974,1.57e-02, 17.0, 0.1,  1
4418, 79115,06042019,25092023 230414,  31, 28340.1, 11.713,117.578,0.502421,  0.3,149.176,2.25e-01, 17.3, 3.5,135
4419, 79116,06042019,25092023 213031,1137, 28351.4, 11.491,123.274,0.475326,  0.4,143.246,2.32e-01, 19.1, 5.8, - 
4420, 79117,06042019,26092023 032923, 798, 28352.2, 11.806,117.394,0.493420,  0.3,133.411,1.00e-02, 17.3,52.3, - 
4421, 79119,30082019,25092023 225506,  96, 28341.0, 11.449,123.778,0.471467,  0.4,142.901,2.72e-01, 17.9, 2.2,475
4422, 79120,29082019,26092023 025130,1485, 28353.7, 20.033,168.506,0.593512,  0.4, 39.462,1.38e+01, 17.3, -  , - 
4423, 79122,31102019,26092023 060353,   2, 28324.9, 20.653,246.348,0.507272,  0.2,342.390,1.64e+00, 16.9, 0.7,161
4424, 79123,12032014,25092023 194159,   3, 28293.0, 25.432,270.291,0.747468,  0.0,238.932,2.15e-02, 17.1, 0.1,  3
4425, 79125,23112022,26092023 032423, 284, 28354.8, 14.959, 91.211,0.437108,  0.0,159.455,9.78e+00, 16.6, -  , - 
4426, 79126,21092023,25092023 165026,   2, 28356.9, 20.489,253.016,0.462207,  0.1,331.894,1.97e-01, 18.3, 0.1,  1
4427, 79200,02092015,25092023 202201,   1, 42165.1,  2.834, 27.059,0.005135,357.6,354.902,5.00e-02,  9.7, 0.1,  1
4428, 79201,31082018,25092023 224516,   0, 28388.2, 20.308,238.308,0.502239,  0.2,358.118,7.16e-02, 13.9, 0.1,  3
4429, 79202,02092018,26092023 050352,   1, 28374.5, 20.537,251.137,0.476687,  0.1,337.497,2.06e-02, 16.4, 0.1,  1
4430, 79203,18102018,25092023 235559,1521, 28382.7, 11.440,129.003,0.463750,  0.4,133.502,4.92e-01, 18.1,71.1, - 
4431, 79204,03042019,25092023 214007, 604, 28347.2, 20.719,249.371,0.414392,  0.1,323.690,7.66e-01, 15.8, -  , - 
4432, 79205,07042019,25092023 220747,1557, 28365.8, 11.996,114.824,0.478002,  0.3,153.222,1.21e-01, 15.1,39.1, - 
4433, 79206,06042019,26092023 090455, 227, 28389.8, 11.356,124.205,0.472626,  0.4,140.588,2.04e-01, 17.9, 1.0,172
4434, 79207,06042019,25092023 234456,   0, 28355.1, 11.715,117.660,0.484069,  0.3,153.814,5.78e-02, 14.1, 0.1,  2
4435, 79208,06042019,25092023 222151,1433, 28351.7, 11.382,119.937,0.478867,  0.3,153.658,3.27e-01, 18.6,33.3, - 
4436, 79209,06042019,26092023 095857, 299, 28362.4, 11.221,114.180,0.524269,  0.3,158.776,2.30e+00, 18.1,60.7, - 
4437, 79210,06042019,26092023 042425,  71, 28410.1, 14.036, 62.781,0.470075,359.7,249.919,1.01e+01, 15.1, -  , - 
4438, 79211,06042019,25092023 205311,1543, 28377.6, 11.539,122.202,0.471997,  0.3,143.717,1.03e-01, 18.8, 4.2,850
4439, 79212,20062019,26092023 010824,   9, 28514.7, 11.635,120.870,0.479708,  0.3,145.186,4.98e-02, 17.6, 0.1, 12
4440, 79213,02072019,25092023 230628,   1, 28365.7, 11.986,115.464,0.475846,  0.3,152.154,8.21e-02, 14.6, 0.1,  6
4441, 79214,12082019,25092023 232235,  20, 28366.4, 11.387,123.931,0.488755,  0.4,149.743,4.47e-02, 17.2, 0.1, 16
4442, 79215,12082019,26092023 010417, 278, 28383.7, 11.506,122.612,0.507627,  0.3,146.639,4.54e+00, 15.5,40.7, - 
4443, 79217,28082019,26092023 022314,  31, 28401.0, 11.104,125.847,0.468087,  0.4,137.683,1.27e+00, 17.2, 1.1,247
4444, 79218,29092019,26092023 015527, 286, 28450.3, 11.769,119.419,0.468173,  0.3,137.667,4.70e+00, 18.2,59.2, - 
4445, 79219,18102019,26092023 035614, 172, 28315.8, 20.778,249.840,0.400846,  0.1,324.836,1.42e+00, 16.0,62.3, - 
4446, 79220,19032020,25092023 225434,  65, 28130.9, 21.611,202.826,0.753349,  0.3,155.734,4.09e-02, 14.6, 0.8, 51
4447, 79222,14102020,26092023 091630, 241, 28390.3, 11.874,118.680,0.490217,  0.3,155.612,2.98e-02, 18.3, 0.7,116
4448, 79223,12102021,26092023 002552, 697, 28384.6, 21.340,263.957,0.472232,  0.0,320.735,1.51e-01, 17.5, 4.8,711
4449, 79224,12012023,25092023 234142, 101, 28388.5, 20.873,254.988,0.483449,  0.1,334.660,7.74e-02, 18.4, 0.2, 15
4450, 79225,18032023,25092023 200011, 170, 28365.7,  8.119,222.705,0.479646,  0.7,201.244,2.75e-02, 18.4, 1.2,226
4451, 79226,31082023,25092023 170428,   8, 28422.6, 62.028,205.665,0.705997,  0.1,352.770,2.13e+00, 17.4, 0.1, 18
4452, 79300,14042018,26092023 033204,   0, 28388.5,  4.721, 23.106,0.741730,358.5,133.747,2.85e-01, 16.6, 0.1,  4
4453, 79301,07092018,25092023 222030,   0, 28408.7, 20.237,237.523,0.504144,  0.2,358.832,8.86e-02, 14.3, 0.1,  2
4454, 79302,17102018,26092023 092503, 196, 28379.9, 11.404,127.444,0.467664,  0.4,137.177,5.75e-01, 16.9, 5.2, - 
4455, 79303,12122018,26092023 074236,  31, 28393.3, 20.548,248.789,0.486255,  0.1,341.452,4.44e-01, 18.2, 1.8,396
4456, 79304,03022019,25092023 232530,1694, 28452.1, 23.509,171.541,0.734909,  0.3,325.780,1.38e-01, 16.7,46.1,236
4457, 79305,09042019,26092023 065048,1069, 28288.5, 11.096,118.327,0.481621,  0.3,150.821,1.79e+00, 17.2,14.5, - 
4458, 79306,13042019,26092023 035037,1375, 28392.3, 11.146,125.570,0.472195,  0.4,137.970,9.42e-01, 17.3, -  , - 
4459, 79307,06042019,25092023 164343,1389, 28384.2, 11.459,118.810,0.480041,  0.3,149.780,1.02e+00, 17.6, 6.9, - 
4460, 79308,07062019,25092023 233322, 188, 28412.2, 11.490,121.641,0.475616,  0.3,143.612,8.28e-01, 17.4, 5.2, - 
4461, 79309,03072019,25092023 164431,1458, 28403.7, 11.191,119.670,0.494475,  0.3,157.277,2.04e+00, 17.1,95.5, - 
4462, 79310,25072019,26092023 074317,   1, 28477.1, 20.396,245.449,0.477824,  0.2,341.310,2.83e-02, 17.0, 0.1,  2
4463, 79311,28072019,26092023 013946,   8, 28379.4, 20.804,254.155,0.481698,  0.1,316.368,3.28e+00, 17.8, 0.8,175
4464, 79312,27082019,26092023 092053,1371, 28375.3, 11.442,103.875,0.468838,  0.2,149.306,6.80e+00, 17.2, -  , - 
4465, 79314,04102019,25092023 235234,1071, 28413.4, 11.172,117.117,0.499175,  0.3,161.404,2.05e+00, 18.3,88.0, - 
4466, 79315,16102020,25092023 192327, 391, 28398.1, 11.982,115.621,0.485160,  0.3,148.438,2.26e-01, 15.7, 6.1, - 
4467, 79316,30072022,25092023 204804, 416, 28417.4,  5.798,163.496,0.494898,  1.2,327.080,6.76e-01, 17.3, 1.5,283
4468, 79317,21082022,25092023 132645,   0, 28417.4, 21.194,262.092,0.400232,  0.1,296.606,2.51e+00, 15.4, 0.3, 70
4469, 79318,20042023,26092023 012855, 138, 28416.0,  5.682,289.390,0.360532,359.6, 94.964,3.68e+00, 18.3, -  , - 
4470, 79319,23062023,25092023 231801,  84, 28388.5,  4.910,126.618,0.500418,  0.9, 46.201,7.46e-01, 18.5,18.7, - 
4471, 79400,22122009,26092023 001346, 114, 28532.0, 11.451,315.606,0.526576,359.5,341.013,2.05e+00, 15.3,27.8, - 
4472, 79401,08102013,25092023 234022,  14, 28416.2, 30.073,132.960,0.742481,  0.2,213.759,6.31e-02, 16.6, 0.1, 28
4473, 79402,01092018,25092023 184133,   1, 28411.7, 20.766,264.069,0.450192,  0.0,316.150,6.85e-02, 13.5, 0.1,  2
4474, 79403,02092018,26092023 041702,1481, 28428.0, 20.600,258.909,0.455765,  0.1,322.975,4.01e-02, 15.6, 5.6, - 
4475, 79404,07092018,25092023 184002,   1, 28409.3, 20.671,254.565,0.458355,  0.1,322.926,1.03e+00, 17.6, 0.2, 38
4476, 79405,09092018,25092023 220633,   2, 28454.7, 20.480,260.866,0.445102,  0.1,316.993,1.36e+00, 16.3, 0.2, 40
4477, 79406,07092018,26092023 005749,   7, 28453.0, 20.456,248.207,0.485369,  0.1,341.597,4.51e-01, 17.6, 0.8,190
4478, 79407,12092018,26092023 045127, 343, 28034.2, 17.553,188.345,0.590944,  0.4, 82.360,7.52e+00, 17.8, -  , - 
4479, 79408,13102018,25092023 212804,  23, 27548.4, 29.111,304.426,0.742567,359.9,165.846,6.04e-01, 17.0, 3.4,737
4480, 79409,06042019,26092023 070412,1457, 28411.9, 11.534,119.779,0.477996,  0.3,147.487,5.45e-01, 18.2,25.7, - 
4481, 79410,06042019,25092023 231050,  56, 28487.6, 11.786,121.235,0.467474,  0.3,140.268,7.21e-02, 14.1, 0.3, 63
4482, 79411,06042019,25092023 225435, 352, 28413.5, 11.929,132.348,0.454175,  0.4, 95.667,9.41e-01, 17.5, 5.1,553
4483, 79412,06042019,26092023 092153, 243, 28459.5, 10.816,125.176,0.485591,  0.4,149.449,2.03e+00, 17.5,28.4, - 
4484, 79413,28062019,25092023 232716,1513, 28426.4, 11.969,102.815,0.483770,  0.1,164.537,3.88e+00, 16.8, -  , - 
4485, 79414,24082019,25092023 151928,1480, 28657.1, 14.549, 35.261,0.442055,359.6,300.306,9.71e+00, 17.5, -  , - 
4486, 79415,30092019,25092023 145215,   8, 28427.3, 20.594,258.875,0.456466,  0.1,322.998,3.79e-02, 17.1, 0.1,  9
4487, 79417,17012020,25092023 182801, 610, 28356.7, 22.960,351.366,0.136769,359.7,209.512,1.32e+01, 18.1, -  , - 
4488, 79418,08062008,26092023 040318,  27, 28422.2,  7.809,219.211,0.481843,  0.8,209.104,1.00e-02, 17.6, 0.1,  7
4489, 79419,06122021,26092023 014355, 654, 28427.8, 39.388,161.405,0.597727,  0.2,107.238,1.40e+01, 17.9,41.6, - 
4490, 79420,21102022,25092023 211152, 324, 28438.4, 21.101,277.699,0.369843,360.0,291.118,6.83e+00, 17.9,10.0, - 
4491, 79500,18122009,26092023 002542,   2, 28469.5,  6.899,229.146,0.478751,  0.7,204.848,3.84e-01, 17.0, 0.2, 23
4492, 79501,22052012,26092023 063909,   1, 28441.3,  7.937,249.111,0.473195,  0.3,160.874,1.01e-01, 17.5, 0.1,  3
4493, 79502,07092018,26092023 064624, 336, 28562.1, 20.927,271.072,0.476424,360.0,338.898,2.06e+00, 14.5, -  , - 
4494, 79503,07092018,26092023 013436, 198, 28436.7, 20.474,252.444,0.461847,  0.1,331.476,3.16e-01, 17.7, 7.9, - 
4495, 79504,07092018,26092023 010943,1044, 28452.9, 20.465,248.286,0.485339,  0.1,341.457,6.26e-02, 18.1, 5.7, - 
4496, 79505,08092018,25092023 204512, 310, 28442.7, 20.532,256.859,0.458984,  0.1,325.897,5.84e-01, 18.1,36.3, - 
4497, 79506,03102018,25092023 212248, 342, 28348.3, 21.093,252.206,0.492521,  0.1,338.729,1.07e-01, 17.9, 4.0,640
4498, 79507,09122018,26092023 005428, 145, 26740.6, 18.688, 39.977,0.416920,359.7,173.174,3.01e+01, 16.6,37.4, - 
4499, 79508,07042019,26092023 054746,   1, 28431.4, 11.385,126.170,0.467413,  0.4,137.081,1.31e-01, 14.0, 0.1,  4
4500, 79509,06042019,26092023 040346, 930, 28452.3, 11.976,115.308,0.481208,  0.3,149.677,7.27e-01, 17.2, -  , - 
4501, 79511,01072019,26092023 001329, 375, 28499.0, 11.548,108.996,0.465152,  0.2,167.363,5.92e+00, 17.3,96.4, - 
4502, 79513,21082019,26092023 002624, 995, 28545.6, 10.911, 80.249,0.524285,359.9,238.018,5.98e+00, 17.5,86.3, - 
4503, 79514,23082019,26092023 002526,1487, 28502.5, 19.525,262.039,0.472591,  0.1,287.772,6.78e+00, 18.1, -  , - 
4504, 79515,27092019,26092023 052657, 178, 28459.6, 20.909,258.275,0.449183,  0.1,312.877,1.10e+00, 17.5,25.6, - 
4505, 79517,18102019,26092023 015008, 234, 28430.0, 11.127,147.895,0.404062,  0.6, 86.157,4.05e-01, 16.9, 4.3,888
4506, 79518,10122020,26092023 002654, 276, 28419.1, 11.428,156.321,0.479679,  0.6,110.724,1.30e+00, 17.1,15.4, - 
4507, 79519,20122020,25092023 214752, 359, 28438.1, 21.419,263.595,0.479704,  0.0,322.370,1.34e-01, 13.2, 4.0,899
4508, 79520,21082022,25092023 173724,   2, 28457.9, 20.664,273.260,0.408559,360.0,296.333,1.50e+00, 16.8, 0.1, 16
4509, 79521,12012023,25092023 215449, 255, 28521.1, 24.818,224.208,0.688800,  0.2,117.175,3.00e+00, 17.7, -  , - 
4510, 79600,25082012,26092023 083614,   3, 28212.4, 21.076,205.082,0.752995,  0.3,166.518,5.19e-02, 15.6, 0.1,  7
4511, 79601,02092018,26092023 022053,   0, 28451.7, 20.776,264.984,0.451455,  0.0,314.196,7.06e-02, 13.6, 0.1,  1
4512, 79602,17092018,25092023 210703,1098, 28575.2, 20.589,249.528,0.485172,  0.1,330.693,2.25e-02, 15.7, 5.7,123
4513, 79603,02102018,25092023 200931,1363, 28469.2, 25.052,143.711,0.704569,  0.2,255.194,2.07e+00, 17.6, -  , - 
4514, 79604,08042019,26092023 025440,   1, 28470.7, 11.756,119.746,0.474883,  0.3,145.254,4.68e-02, 16.3, 0.1,  2
4515, 79605,06042019,26092023 042902,  42, 28474.0, 11.833,117.355,0.488348,  0.3,151.922,1.40e+00, 16.9, 5.7, - 
4516, 79606,06042019,25092023 212833,  49, 28461.0, 11.810,119.376,0.474316,  0.3,145.125,4.36e-02, 17.7, 0.4, 82
4517, 79607,06042019,26092023 033149, 137, 28342.4, 10.887, 97.267,0.490020,  0.1,183.167,4.75e+00, 17.3, 8.5, - 
4518, 79608,15052019,25092023 171958,1069, 28394.6, 11.270,125.168,0.495166,  0.4,151.105,2.94e-01, 17.1,27.8, - 
4519, 79609,19102019,25092023 235104,1436, 28448.1,  9.446,126.609,0.489106,  0.5,138.013,5.38e+00, 17.1, -  , - 
4520, 79610,15072020,26092023 002232, 124, 28587.0, 13.376, 74.385,0.564872,359.8,232.864,4.78e+00, 17.5, 8.6, - 
4521, 79612,01072012,26092023 014356,   8, 28368.8, 26.948,304.623,0.744105,359.8,160.955,1.22e-02, 18.0, 0.1,  3
4522, 79614,10092021,26092023 024915, 714, 28466.7, 12.036,115.371,0.479906,  0.3,148.392,8.02e-02, 17.8,74.0, - 
4523, 79700,15102012,26092023 071856,  77, 28114.0, 22.311,198.192,0.755069,  0.3,142.991,4.24e-02, 14.7, -  , 67
4524, 79701,03022017,26092023 000139,  69, 28478.3,  8.473, 91.395,0.521976,  0.0, 95.312,2.55e-01, 17.6, 5.1,955
4525, 79702,19092017,25092023 195014,  16, 28612.0, 22.504,164.411,0.735989,  0.3, 12.218,2.99e-01, 16.9, 0.3, 66
4526, 79703,03102018,26092023 081452, 451, 28461.5, 20.592,247.934,0.492174,  0.1,346.435,5.35e-02, 17.7, 2.6,465
4527, 79704,02102018,25092023 151505,  14, 28498.0, 20.449,248.412,0.466775,  0.1,334.757,4.17e-02, 18.1, 0.1,  7
4528, 79705,02112018,26092023 035301,  35, 28454.4, 20.855,250.225,0.501389,  0.1,343.389,7.54e-01, 18.0, 0.7,153
4529, 79706,09122018,26092023 040607,1119, 28478.4, 20.530,258.644,0.446709,  0.1,319.846,2.52e-02, 17.1, 3.4,732
4530, 79707,25022019,26092023 072238, 182, 28413.5,  7.082,218.668,0.481921,  0.8,218.443,3.55e-01, 17.8, 3.9,884
4531, 79708,11042019,26092023 015427,1452, 28488.8, 11.748,121.936,0.465646,  0.3,138.757,6.97e-02, 17.1,10.4, - 
4532, 79709,06042019,26092023 085032,1508, 28489.5, 11.364,120.099,0.483243,  0.3,147.033,5.59e-01, 18.0,12.2, - 
4533, 79710,06042019,26092023 014748,1072, 28502.0, 10.457,101.534,0.502171,  0.1,193.510,3.45e+00, 18.9, -  , - 
4534, 79711,08052019,26092023 045318,   4, 28533.9, 11.401,122.053,0.494860,  0.3,150.783,1.14e-01, 16.7, 0.1, 12
4535, 79712,25072019,25092023 211756,  30, 28478.8, 19.790,247.421,0.420602,  0.2,331.823,2.12e+00, 17.3, 4.4,908
4536, 79713,30072019,25092023 205205, 196, 28513.4, 11.734,111.942,0.513748,  0.2,169.497,9.71e-01, 17.2,20.8, - 
4537, 79714,31072019,26092023 010309, 281, 28511.7, 11.190,131.785,0.458844,  0.4,126.727,1.40e-01, 17.9, 2.4,509
4538, 79716,14102020,26092023 043617, 234, 28477.3, 11.177,121.187,0.479265,  0.3,142.277,1.87e+00, 18.1, 2.5,516
4539, 79717,24102020,25092023 173708, 204, 28485.3, 11.620,120.099,0.455093,  0.3,137.549,4.21e-01, 16.6,10.4, - 
4540, 79718,21112020,26092023 071053, 246, 28500.6, 11.107,116.789,0.481031,  0.3,148.114,2.91e+00, 17.6, 7.1, - 
4541, 79720,23082022,25092023 220956, 394, 28502.6, 20.824,278.866,0.370493,359.9,265.374,4.21e+00, 17.9,79.4, - 
4542, 79721,14032023,25092023 193706,  23, 28477.2,  8.028,241.118,0.477273,  0.5,176.587,3.53e-01, 17.5, 0.3, 58
4543, 79800,12092018,26092023 085507, 700, 28581.3, 20.279,247.357,0.493999,  0.2,329.147,2.63e+00, 14.3, -  , - 
4544, 79801,11092018,26092023 080058, 197, 28518.8, 20.598,254.965,0.471626,  0.1,326.896,9.99e-01, 16.6,18.2, - 
4545, 79802,02102018,25092023 234343,  13, 28479.8, 20.647,268.098,0.421444,  0.0,304.469,1.55e-01, 15.5, 0.2, 41
4546, 79803,08042019,25092023 234306,  21, 28475.4, 11.452,123.252,0.479154,  0.4,143.845,4.79e-02, 17.8, 0.3, 61
4547, 79804,08042019,25092023 165811,   1, 28498.0, 11.562,122.987,0.473696,  0.4,141.129,2.05e-02, 14.7, 0.1,  1
4548, 79805,09042019,25092023 231734,1126, 28500.8, 11.472,124.822,0.469228,  0.4,137.761,2.93e-02, 17.8, 2.0,383
4549, 79806,09042019,25092023 182147, 299, 28575.0, 12.535,118.843,0.518509,  0.3,161.390,5.99e-01, 18.0, 9.4, - 
4550, 79807,06042019,26092023 040928, 249, 28479.5, 11.703,114.362,0.488107,  0.3,150.349,1.44e+00, 17.5,37.5, - 
4551, 79808,06042019,25092023 204133,  48, 28514.3, 11.351,124.122,0.493664,  0.4,149.177,1.15e-01, 17.7, 0.2, 47
4552, 79809,06042019,25092023 190303,   1, 28524.0, 10.799,130.304,0.464951,  0.4,128.837,2.28e+00, 15.7, 0.2, 50
4553, 79810,26052019,25092023 200213, 739, 28545.7, 12.063, 69.393,0.513183,359.8,220.262,7.67e+00, 17.7, -  , - 
4554, 79811,06072019,25092023 231610,  32, 28489.6, 12.748,106.380,0.495083,  0.2,157.500,1.05e+00, 17.1, 5.0, - 
4555, 79812,27062019,25092023 143031,  37, 28689.6, 20.164,254.481,0.492999,  0.1,310.656,3.89e+00, 18.5, 8.2, - 
4556, 79813,06082019,26092023 001024, 132, 28618.0, 13.988, 51.020,0.558600,359.6,269.825,7.14e+00, 16.5,25.3, - 
4557, 79814,23092019,25092023 163632, 577, 28506.2, 11.577,111.514,0.515592,  0.2,170.230,2.23e-01, 17.2,52.7, - 
4558, 79815,25092019,26092023 012420,1098, 28510.7, 11.794,108.293,0.503148,  0.2,165.854,3.22e-01, 18.1, 4.0,676
4559, 79816,02102019,26092023 015851,1429, 28133.9, 11.197,203.910,0.533230,  0.6,318.177,1.93e+01, 14.8, -  , - 
4560, 79817,05102019,26092023 052724, 169, 28528.3, 11.262,121.248,0.473366,  0.3,137.797,6.98e-01, 18.4, 6.3, - 
4561, 79818,26102019,26092023 071702, 595, 28480.4, 10.695,129.849,0.470639,  0.4,129.392,1.94e+00, 16.5, -  , - 
4562, 79819,16102020,25092023 200233, 960, 28491.0, 12.787,104.839,0.491860,  0.1,157.240,2.01e+00, 16.9, -  , - 
4563, 79820,13102020,26092023 003448,1067, 28475.7, 10.674,126.765,0.468515,  0.4,131.898,3.13e+00, 19.0, -  , - 
4564, 79821,16102022,26092023 002013, 314, 28522.9, 10.729,127.312,0.409069,  0.4,130.564,5.63e+00, 16.2, -  , - 
4565, 79822,09082023,25092023 144246,  42, 28508.9,  4.723,220.649,0.473818,  1.2,229.696,9.02e-01, 18.6, 2.5,550
4566, 79900,23012010,25092023 232717,   5, 28623.7,  6.844,200.898,0.488577,  1.0,242.373,1.84e+00, 15.2, 0.1, 32
4567, 79901,10092016,26092023 050416, 112, 28532.6, 20.996,244.281,0.756855,  0.2, 90.702,4.39e-02, 16.7, 4.0, 74
4568, 79902,11092018,26092023 083325,   1, 28543.8, 20.503,256.277,0.463034,  0.1,325.477,1.23e-02, 17.5, 0.1,  1
4569, 79903,08092018,25092023 180424,   3, 28499.8, 20.537,255.618,0.474493,  0.1,325.587,1.84e-01, 17.9, 0.2, 32
4570, 79904,11092018,26092023 010904, 382, 28541.4, 20.918,255.197,0.456128,  0.1,314.340,1.02e+00, 15.8,94.1, - 
4571, 79905,12092018,25092023 194225, 306, 28581.9, 20.169,216.463,0.545549,  0.3, 29.942,1.61e+00, 17.0,22.3, - 
4572, 79906,08092018,26092023 053622,  71, 28532.5, 20.731,246.679,0.454644,  0.2,330.768,4.88e-02, 16.6, 0.1,  6
4573, 79907,09042019,26092023 081733,  71, 28562.4, 11.676,119.892,0.477822,  0.3,144.124,4.47e-02, 17.8, 1.1,223
4574, 79908,09042019,26092023 030321,   1, 28535.7, 11.711,120.757,0.475157,  0.3,143.131,4.75e-02, 17.0, 0.1,  2
4575, 79909,09042019,26092023 050713,   2, 28542.4, 11.864,118.780,0.478200,  0.3,144.942,5.97e-02, 15.5, 0.1,  8
4576, 79910,09042019,25092023 230956,1457, 28511.8, 10.915,123.871,0.479717,  0.4,143.607,1.92e+00, 15.6, -  , - 
4577, 79911,06042019,26092023 020921,   2, 28498.9, 11.316,125.069,0.477177,  0.4,140.039,4.33e-01, 16.9, 0.1, 31
4578, 79912,06042019,26092023 034713, 176, 28490.7, 10.226,120.955,0.487008,  0.4,144.496,6.86e+00, 17.1,20.0, - 
4579, 79913,29052019,25092023 234913,   2, 28535.8, 10.728,148.147,0.437546,  0.6,103.386,1.13e-01, 16.9, 0.1,  7
4580, 79914,23082019,25092023 234530, 241, 28661.5, 11.572, 90.644,0.569747,360.0,208.224,4.29e+00, 17.8,13.3, - 
4581, 79915,25082019,25092023 195253,1484, 28609.4, 11.964, 74.072,0.507050,359.8,226.907,6.44e+00, 17.4, -  , - 
4582, 79916,27092019,25092023 211335, 204, 28620.4, 11.409, 85.259,0.509472,359.9,192.774,7.61e+00, 15.2,87.1, - 
4583, 79917,27112019,25092023 202023,1363, 28491.7, 10.485, 96.693,0.511510,  0.1,186.346,5.22e+00, 18.4,85.6, - 
4584, 80000,12092018,25092023 125046, 183, 28432.8, 20.397,247.139,0.467863,  0.2,335.855,9.83e-01, 17.2,17.6, - 
4585, 80001,07102018,26092023 054510,1803, 28566.4, 20.883,261.584,0.473349,  0.1,321.656,1.13e-01, 18.3,17.9, - 
4586, 80002,11042019,25092023 191407, 925, 28563.9, 11.319,119.692,0.479849,  0.3,145.020,1.32e+00, 17.7,36.3, - 
4587, 80003,09042019,25092023 173938, 228, 28551.2, 11.526,124.111,0.476033,  0.4,142.923,1.57e-01, 16.7,15.1, - 
4588, 80004,06042019,25092023 230900, 196, 28552.0, 11.312,119.305,0.479967,  0.3,146.529,9.13e-01, 17.5, 5.9, - 
4589, 80005,06062019,25092023 202636, 662, 28549.5, 12.866,104.558,0.500221,  0.1,175.521,3.01e+00, 15.4, -  , - 
4590, 80006,26082019,26092023 004221, 242, 28548.8, 11.532,110.115,0.513908,  0.2,172.798,1.38e+00, 17.3,31.0, - 
4591, 80007,25092019,26092023 015421, 244, 28571.6, 10.357,124.912,0.420163,  0.4,140.224,1.57e+00, 18.4,10.8, - 
4592, 80008,02102019,26092023 014322,1419, 28592.6, 11.705, 88.783,0.548539,360.0,219.434,4.46e+00, 17.9, -  , - 
4593, 80009,02102019,25092023 172951,1069, 28607.1, 10.671,117.346,0.487304,  0.3,145.439,8.51e+00, 17.9, -  , - 
4594, 80010,28072020,25092023 232411,1123, 28552.3, 16.701,282.433,0.209634,359.9,281.328,1.50e+01, 14.3, -  , - 
4595, 80011,13102020,26092023 022953, 721, 28540.6, 11.542,122.708,0.465885,  0.3,137.120,6.47e-01, 18.7,11.2, - 
4596, 80012,21102020,25092023 235331,   6, 28559.6, 11.236,127.689,0.488836,  0.4,142.058,9.69e-03, 18.5, 0.1,  1
4597, 80013,12052021,26092023 060127, 109, 28573.9,  9.345,100.660,0.516369,  0.1, 67.664,9.29e-01, 18.2, 2.3,475
4598, 80014,18072012,25092023 221724,   4, 28525.8,  9.102,282.001,0.462095,359.8, 90.015,3.76e-01, 16.9, 0.1,  7
4599, 80100,16042016,25092023 170258,  92, 28586.4,  9.760,212.814,0.417047,  0.7,265.337,1.36e-02, 18.5, 0.1, 14
4600, 80101,07092018,25092023 174314, 335, 28585.6, 20.488,260.795,0.444058,  0.1,314.035,9.15e-01, 18.0,19.0, - 
4601, 80102,09042019,25092023 202246,1079, 28589.7, 11.515,125.542,0.466539,  0.4,133.857,8.27e-02, 17.2, 9.7, - 
4602, 80103,25042019,25092023 190625, 251, 28519.1, 15.219, 35.766,0.429603,359.6,322.116,5.16e+00, 12.4,69.4, - 
4603, 80104,06042019,25092023 163419,  14, 28663.6, 11.905,114.187,0.512620,  0.3,161.546,2.31e+00, 15.7, 5.6, - 
4604, 80105,06042019,26092023 082824,1577, 28563.2, 11.323,115.823,0.495400,  0.3,155.292,1.35e+00, 18.2,50.2, - 
4605, 80106,03062019,26092023 042407, 257, 28563.7, 11.318,117.793,0.490379,  0.3,150.670,1.92e+00, 17.6, 6.7, - 
4606, 80107,09082019,26092023 030451, 285, 28700.2, 11.176,124.076,0.489907,  0.4,136.102,1.67e+00, 18.1,17.6, - 
4607, 80108,28082019,25092023 215137,1431, 28603.9, 11.256,100.674,0.529206,  0.1,194.003,2.92e+00, 18.0,38.4, - 
4608, 80111,13102020,26092023 100247,  56, 28590.5, 11.540,125.402,0.466519,  0.4,134.123,7.50e-02, 17.4, 0.3, 68
4609, 80112,13102020,25092023 230547, 301, 28585.9, 10.906,133.462,0.448266,  0.5,122.682,1.62e+00, 17.5,41.4, - 
4610, 80113,02102022,26092023 065755, 291, 28684.5, 26.648,  3.508,0.650570,359.7,267.482,3.40e+00, 15.7,36.1, - 
4611, 80200,02012015,25092023 144036,   4, 28633.3, 24.114,155.465,0.721769,  0.3,265.535,1.02e-01, 15.7, 0.1, 10
4612, 80201,07092018,25092023 170537,   1, 28625.5, 20.677,257.952,0.477992,  0.1,326.410,1.02e-01, 13.5, 0.1,  3
4613, 80202,07092018,25092023 171701,1788, 28614.2, 20.386,261.214,0.477421,  0.1,304.453,3.86e+00, 17.9,82.5, - 
4614, 80203,03092018,26092023 012021, 136, 28617.7, 20.761,250.169,0.500909,  0.1,324.694,5.22e+00, 13.0,82.2, - 
4615, 80204,11092018,25092023 131635, 342, 28608.3, 20.631,255.348,0.462348,  0.1,329.592,6.06e-01, 17.5, 9.9, - 
4616, 80205,25092018,25092023 160630, 398, 28640.3, 20.605,255.951,0.423383,  0.1,317.025,2.96e+00, 17.6,30.8, - 
4617, 80206,07092018,26092023 010540, 315, 28552.1, 20.523,257.960,0.453567,  0.1,319.838,1.80e-01, 16.9, 5.3, - 
4618, 80207,07042019,25092023 225517,   0, 28610.8, 11.531,123.738,0.476418,  0.4,139.195,1.97e-02, 14.1, 0.1,  1
4619, 80208,11042019,26092023 001316, 133, 28586.7, 11.079,121.784,0.480586,  0.4,140.453,1.12e-02, 18.8, 0.2, 46
4620, 80209,03062019,26092023 012634, 300, 28610.1, 10.655,119.915,0.482568,  0.3,141.199,7.12e-01, 18.1,11.4, - 
4621, 80210,19072019,25092023 185852,1028, 28614.4, 13.164,110.219,0.465923,  0.2,160.551,4.75e+00, 15.5, -  , - 
4622, 80211,02082019,26092023 025926,   4, 28613.0, 11.600,123.565,0.472588,  0.4,137.801,1.26e-02, 16.1, 0.1,  2
4623, 80212,02082019,26092023 042934, 676, 28694.8, 13.297,109.549,0.445831,  0.2,140.690,6.19e+00, 16.3, -  , - 
4624, 80213,26012020,25092023 211112,1300, 28673.8, 67.695,264.584,0.495648,  0.0,  6.975,1.05e+01, 17.2,62.8, - 
4625, 80215,16122020,25092023 144123, 990, 28674.2,  4.092, 46.733,0.355905,358.7,324.974,3.49e+00, 17.7,69.7, - 
4626, 80300,16012016,26092023 004731,   2, 28626.3,  9.753,213.012,0.419262,  0.7,265.029,6.63e-03, 15.2, 0.1,  1
4627, 80301,27122016,26092023 090924,  10, 28662.4, 71.608,143.643,0.527305,  0.1,339.804,1.95e+00, 15.6, 0.1, 22
4628, 80302,03092018,26092023 042442,   2, 28645.6, 20.552,256.981,0.474440,  0.1,326.025,2.56e-02, 17.1, 0.1,  1
4629, 80303,03092018,26092023 090255, 314, 28666.3, 21.002,265.589,0.470105,  0.0,315.117,1.76e-01, 17.6, 2.1,394
4630, 80304,17102018,26092023 061851, 745, 28653.8, 11.101,131.153,0.472730,  0.4,130.088,2.76e-01, 16.6,23.9, - 
4631, 80306,02082019,26092023 023636, 245, 28643.1, 10.905,122.262,0.498180,  0.4,136.465,4.73e+00, 16.6,85.4, - 
4632, 80307,19102019,26092023 062416, 961, 28607.7, 10.093,175.963,0.503933,  0.7, 57.365,9.44e+00, 16.4, -  , - 
4633, 80308,13102020,25092023 212405,1010, 28473.0, 18.789,250.531,0.498742,  0.1,278.670,7.35e+00, 15.7, -  , - 
4634, 80309,19102020,26092023 014359, 363, 28623.9, 11.455,122.159,0.487423,  0.3,145.576,8.26e-01, 17.5,25.6, - 
4635, 80311,21122022,26092023 092643, 271, 28633.5, 11.295,119.208,0.511079,  0.3,160.685,1.02e+00, 17.2, 5.0, - 
4636, 80400,16102012,26092023 063952,  56, 28372.2,  6.768, 88.989,0.550060,360.0,102.836,2.83e+00, 16.6,14.6, - 
4637, 80401,14082018,26092023 061507,  34, 28651.3,  6.747, 31.800,0.721910,359.0,147.052,8.70e-02, 17.5, 0.3, 62
4638, 80402,02092018,25092023 231721, 745, 28740.9, 20.016,257.188,0.492272,  0.1,316.505,6.79e+00, 16.9, -  , - 
4639, 80403,06092018,25092023 232655,1845, 28653.8, 20.564,263.245,0.441702,  0.0,309.011,4.49e-01, 19.0, -  , - 
4640, 80404,07042019,26092023 043910,   1, 28647.6, 11.256,132.777,0.452779,  0.5,120.858,2.14e-01, 14.0, 0.1, 20
4641, 80405,11042019,26092023 095558,   0, 28647.1, 11.589,123.272,0.475572,  0.4,138.408,6.88e-02, 16.1, 0.1,  2
4642, 80406,09042019,25092023 221529, 241, 28614.3, 11.723,118.371,0.502714,  0.3,156.761,8.31e-01, 18.5,25.0, - 
4643, 80407,06042019,26092023 052210,  28, 28657.7, 11.380,123.924,0.478765,  0.4,139.499,3.47e-01, 17.8, 0.5,115
4644, 80409,24082019,26092023 073207,1436, 28657.1, 10.447,150.260,0.463501,  0.6,104.334,2.04e+00, 17.6,24.9, - 
4645, 80410,21092019,26092023 011247,   3, 28638.1, 11.621,117.474,0.504768,  0.3,151.085,5.48e-01, 16.8, 0.3, 53
4646, 80411,21112019,26092023 044924, 206, 28634.1, 11.078,123.488,0.487521,  0.4,142.057,3.03e-01, 17.2, 3.8,793
4647, 80413,13102021,26092023 054850, 277, 28779.8, 21.823,217.233,0.614479,  0.3, 21.365,6.85e+00, 17.7,91.6, - 
4648, 80414,27102021,25092023 234411,  31, 28626.4, 10.744,201.177,0.352874,  0.7, 40.353,6.05e+00, 17.0,19.2, - 
4649, 80415,23112022,26092023 013506, 278, 28650.6, 11.060,139.652,0.434509,  0.5,108.174,1.60e-01, 17.6, 0.3, 45
4650, 80416,16082023,25092023 123537,   3, 28614.9, 26.234,359.193,0.672671,359.7,274.130,3.70e+00, 13.4, 0.5, 87
4651, 80500,02092018,25092023 225341,   5, 28687.5, 20.263,237.740,0.509758,  0.2,355.072,8.82e-02, 16.1, 0.1, 18
4652, 80501,03092018,26092023 073933,1756, 28685.2, 20.302,264.019,0.474807,  0.0,298.528,4.22e+00, 18.1,60.7, - 
4653, 80502,03092018,26092023 063643, 176, 28711.8, 20.631,253.468,0.493024,  0.1,334.005,1.96e-01, 17.3, 4.0,884
4654, 80503,11112018,25092023 204934,  27, 28671.2, 20.424,253.156,0.470331,  0.1,328.222,1.20e-02, 17.8, 0.1,  1
4655, 80504,09042019,26092023 011808,   0, 28614.7, 11.597,123.044,0.475617,  0.4,139.125,6.58e-02, 15.7, 0.1,  4
4656, 80505,09042019,26092023 001704,   8, 28676.5, 11.557,124.304,0.474679,  0.4,136.354,7.28e-02, 16.6, 0.1, 17
4657, 80506,29042019,26092023 042044,  75, 28597.6, 11.689,116.079,0.479593,  0.3,147.233,1.77e+00, 15.7,12.4, - 
4658, 80507,01052019,26092023 005714, 213, 28653.7, 11.014,151.332,0.490763,  0.6,114.212,1.37e+00, 16.8,21.5, - 
4659, 80508,06042019,26092023 003514, 280, 28664.7, 11.457,126.694,0.501499,  0.4,116.690,7.04e-01, 18.2, 8.8, - 
4660, 80509,01122019,26092023 025401, 159, 28684.7, 11.532,124.101,0.473845,  0.4,136.737,2.08e-01, 16.4, 3.9,867
4661, 80510,14122020,26092023 025931, 990, 28864.4, 14.261, 27.024,0.599264,359.5,  5.403,8.01e+00, 14.8, -  , - 
4662, 80600,03092018,25092023 182325, 684, 28803.3, 19.842,258.262,0.496724,  0.1,298.562,7.72e+00, 17.0, -  , - 
4663, 80601,06092018,25092023 151008, 328, 28697.9, 20.464,255.816,0.462095,  0.1,322.218,2.05e-01, 17.2, 1.9,395
4664, 80602,03092018,25092023 215742, 703, 28777.5, 20.035,261.357,0.432241,  0.1,301.591,1.41e+00, 16.6, -  , - 
4665, 80603,03092018,26092023 081820,   1, 28705.0, 20.643,260.545,0.473724,  0.1,320.087,1.04e-01, 17.6, 0.1,  5
4666, 80604,07042019,26092023 033409,   1, 28710.9, 11.538,124.482,0.475403,  0.4,136.037,6.37e-02, 14.4, 0.1,  1
4667, 80605,09042019,25092023 232958,  68, 28668.6, 11.956,117.886,0.489857,  0.3,144.126,3.77e-01, 16.5, 4.7, - 
4668, 80606,07042019,26092023 030903,   2, 28710.8, 11.324,128.277,0.472096,  0.4,131.216,6.66e-02, 17.0, 0.1,  2
4669, 80607,12042019,25092023 174105,  25, 28680.0, 11.806,117.150,0.485969,  0.3,147.908,4.88e-01, 17.0, 0.8,178
4670, 80608,06042019,26092023 043950,1577, 28661.5, 11.857,109.998,0.497908,  0.2,155.665,3.07e+00, 16.4, -  , - 
4671, 80609,27062019,25092023 224833,   2, 28699.0, 11.026,138.145,0.450949,  0.5,113.978,1.07e-01, 16.7, 0.1,  9
4672, 80610,25072019,25092023 202606, 683, 28929.8, 19.660,258.770,0.472005,  0.1,304.839,5.97e+00, 16.2, -  , - 
4673, 80611,25072019,25092023 224704,1069, 28714.2, 13.551, 74.614,0.575312,359.8,232.708,5.15e-02, 17.7,17.8, - 
4674, 80612,23092019,26092023 052238, 329, 28689.1, 11.704,129.818,0.417101,  0.4,127.686,4.84e+00, 16.7, -  , - 
4675, 80613,18112019,26092023 014232, 945, 28666.1, 11.430,122.099,0.483404,  0.3,141.498,9.44e-01, 17.9, 5.3, - 
4676, 80615,31082022,26092023 055510, 387, 28670.3, 10.354,146.061,0.467702,  0.6,112.753,2.15e+00, 17.8, -  , - 
4677, 80700,27102016,26092023 041042,   2, 27046.1, 26.039, 26.213,0.285540,359.7,165.534,3.10e+01, 16.1, 1.0,225
4678, 80701,18102018,25092023 172613, 330, 28725.8, 11.172,128.384,0.494783,  0.4,135.457,1.07e-01, 16.7, 2.8,611
4679, 80702,30082018,25092023 213740,1708, 28718.8, 20.621,272.769,0.416274,360.0,294.082,1.25e-01, 16.4,31.1, - 
4680, 80703,27062019,26092023 003151, 182, 28936.1, 11.224, 76.303,0.550713,359.8,239.635,3.99e+00, 16.4,59.8, - 
4681, 80705,29092019,26092023 054805, 256, 28793.8, 10.034,125.476,0.491597,  0.4,140.265,3.45e+00, 17.9, 8.1, - 
4682, 80706,16102020,25092023 215015, 276, 28697.6, 11.264,112.997,0.493100,  0.3,147.016,4.73e+00, 18.3, -  , - 
4683, 80707,02012023,26092023 010451, 227, 28732.5, 11.947,104.401,0.553870,  0.1,167.688,3.04e+00, 17.8, 6.8, - 
4684, 80708,26082023,25092023 195219,  20, 28736.7, 55.114,342.330,0.045347,359.8,134.573,5.90e+00, 17.8, 5.6, - 
4685, 80800,06092018,26092023 081810,   1, 28711.5, 20.474,249.531,0.455921,  0.1,327.399,1.61e+00, 16.5, 0.2, 36
4686, 80801,06092018,25092023 212345, 306, 28816.3, 20.561,258.758,0.484750,  0.1,309.132,7.16e+00, 17.0,76.9, - 
4687, 80802,10092018,26092023 004932,1841, 28771.0, 20.492,260.397,0.486922,  0.1,309.594,3.14e+00, 19.0, -  , - 
4688, 80803,06042019,25092023 215342, 271, 28689.3, 11.445,120.253,0.481884,  0.3,135.024,1.80e+00, 17.8,28.5, - 
4689, 80804,12082019,26092023 022808,1053, 28740.0,  8.988,115.739,0.482918,  0.4,152.753,5.25e+00, 17.2, -  , - 
4690, 80806,27032017,25092023 115406,  12, 28757.7, 21.866,223.429,0.728774,  0.3,270.118,4.94e-02, 16.8, 0.2, 47
4691, 80900,23062012,25092023 174916,   5, 28786.7, 24.692,259.280,0.702485,  0.1, 83.477,2.19e-02, 16.4, 0.1,  4
4692, 80901,03092018,26092023 080206,   2, 28798.5, 20.292,244.879,0.496256,  0.2,342.362,1.12e-01, 16.7, 0.1,  8
4693, 80902,06092018,25092023 225757,   6, 28842.1, 20.464,256.986,0.478188,  0.1,323.329,1.05e-01, 15.7, 0.1,  9
4694, 80903,10092018,25092023 231137,1064, 28894.0, 19.565,260.208,0.469669,  0.1,297.194,6.84e+00, 16.1, -  , - 
4695, 80904,09112018,26092023 015401,1767, 28744.7, 20.476,250.174,0.513695,  0.1,317.413,5.41e+00, 17.5,91.7, - 
4696, 80905,08042019,25092023 234838,   3, 28783.3, 11.351,127.981,0.474610,  0.4,130.814,7.65e-02, 16.8, 0.1,  6
4697, 80906,06042019,26092023 071031, 160, 28725.9, 11.133,129.550,0.483186,  0.4,134.284,1.26e+00, 16.6,38.8, - 
4698, 80907,06042019,26092023 083740, 274, 28727.7, 10.928,126.709,0.494984,  0.4,140.136,3.90e-01, 16.7,24.1, - 
4699, 80909,24042019,26092023 005627,  84, 28763.7, 11.181,131.430,0.468977,  0.4,126.213,3.48e-01, 17.3, 4.5,996
4700, 80910,14052019,26092023 020741, 327, 28710.7, 10.021,120.375,0.524077,  0.4,128.164,5.08e+00, 17.2, -  , - 
4701, 80911,03072019,26092023 083223, 152, 28865.1, 12.563,119.481,0.449098,  0.3,162.687,1.37e+00, 16.3,22.0, - 
4702, 80912,29092019,26092023 040411,   9, 28782.5, 11.621,123.471,0.478049,  0.4,136.607,1.12e-01, 17.5, 0.2, 33
4703, 80913,21042023,25092023 120626, 153, 28838.4, 27.935, 88.169,0.737142,360.0,308.523,4.27e-01, 17.2,20.7, - 
4704, 81000,16012016,25092023 183511,   1, 28786.9,  9.604,214.602,0.421507,  0.7,260.027,4.72e-03, 17.0, 0.1,  1
4705, 81001,02092018,26092023 044613, 285, 28789.0, 20.494,260.822,0.461042,  0.1,315.798,6.01e-03, 19.0, 1.7, 27
4706, 81002,07092018,25092023 222216,1041, 28789.1, 20.322,261.198,0.472317,  0.1,305.141,4.12e+00, 16.7, -  , - 
4707, 81003,11092018,25092023 173112,1830, 28788.9, 20.189,259.216,0.470269,  0.1,294.255,5.04e+00, 17.7,75.0, - 
4708, 81004,28082019,25092023 202556, 299, 28782.8, 13.473, 91.345,0.471142,  0.0,171.469,6.99e+00, 17.1,88.8, - 
4709, 81005,12072020,25092023 171240, 140, 26436.8, 15.695, 38.579,0.582168,359.6,291.797,7.54e+00, 16.9, -  , - 
4710, 81006,21122022,25092023 185521, 269, 28791.4, 12.178,118.402,0.474212,  0.3,138.901,1.81e-01, 17.6,14.6, - 
4711, 81007,11082023,25092023 174534,   1, 28780.9, 11.078,125.448,0.499648,  0.4,143.299,2.07e+00, 15.0, 0.2, 31
4712, 81100,09032018,25092023 225451, 310, 28739.0,  7.441, 48.124,0.554856,359.3,174.600,3.41e+00, 17.2,37.7, - 
4713, 81101,02092018,26092023 000556,  53, 28870.5, 20.606,259.846,0.481935,  0.1,320.893,1.31e-01, 17.5, 0.5, 98
4714, 81102,07042019,26092023 024307,   1, 28809.8, 11.365,127.170,0.478400,  0.4,132.896,1.44e-02, 15.4, 0.1,  1
4715, 81103,12042019,26092023 070531,   1, 28824.4, 11.631,122.984,0.479363,  0.3,136.719,6.65e-02, 13.9, 0.1,  3
4716, 81104,06042019,26092023 064259,   3, 28824.8, 11.951,119.086,0.482612,  0.3,141.427,5.06e-02, 17.0, 0.1,  3
4717, 81107,27082021,25092023 210117, 126, 28809.3, 11.503,107.451,0.545788,  0.2,182.222,1.48e+00, 17.5, 2.1,408
4718, 81108,28082022,26092023 045919, 384, 28802.9, 12.123,105.997,0.498373,  0.2,150.975,1.40e+00, 17.0, -  , - 
4719, 81109,01102022,25092023 205514, 200, 28824.3, 20.533,266.851,0.445406,  0.0,304.736,9.49e-02, 16.6, 2.9,633
4720, 81200,22122009,25092023 193506,   2, 28840.0,  9.595, 57.769,0.447955,359.6,254.893,2.66e-01, 15.6, 0.1, 14
4721, 81201,02092018,26092023 013310,   6, 28857.1, 20.674,266.230,0.464062,  0.0,310.036,3.11e-02, 16.8, 0.1,  6
4722, 81202,11092018,26092023 004531,1458, 28852.7, 20.104,269.740,0.488333,  0.0,287.895,4.12e+00, 16.5,96.0, - 
4723, 81203,08102018,26092023 012314,  11, 28841.0, 20.408,254.929,0.471057,  0.1,323.431,2.82e-02, 17.6, 0.1,  8
4724, 81204,09042019,26092023 080631,   8, 28837.6, 11.556,124.759,0.478216,  0.4,134.154,8.79e-02, 16.4, 0.1, 16
4725, 81205,12042019,26092023 085205,  16, 28832.8, 11.157,125.696,0.494293,  0.4,135.455,2.81e-01, 17.6, 0.4, 85
4726, 81207,06042019,26092023 010200,   3, 28847.2, 10.690,142.065,0.454888,  0.6,108.714,8.56e-01, 15.2, 0.3, 78
4727, 81208,30062019,26092023 094257,1461, 28857.3, 10.325,155.434,0.437623,  0.7, 89.965,2.73e+00, 15.2, -  , - 
4728, 81210,30082019,26092023 005601,   4, 28818.0, 11.566,124.667,0.476722,  0.4,134.118,2.43e-01, 15.2, 0.1, 25
4729, 81211,21092019,26092023 080419,   2, 28840.2, 11.478,125.089,0.482180,  0.4,135.540,1.14e-01, 15.4, 0.1, 13
4730, 81212,28092019,26092023 035234,  31, 28843.8, 11.384,127.091,0.481510,  0.4,132.939,2.83e-02, 18.1, 0.5, 44
4731, 81214,06122019,26092023 022500,1367, 28800.3,  9.694, 44.268,0.306571,359.4,183.359,1.41e+01, 16.8, -  , - 
4732, 81215,27012020,25092023 211523,   1, 28347.2,  4.926, 23.751,0.298612,358.6,164.614,1.61e+01, 17.9, 0.3, 58
4733, 81216,02102021,26092023 044132, 245, 28867.0,  5.249, 75.455,0.162896,359.6,182.510,1.36e+01, 16.9,48.9, - 
4734, 81217,30012016,25092023 165247,   2, 28847.1,  9.640,218.746,0.419495,  0.6,253.190,1.00e-02, 17.4, 0.1,  3
4735, 81218,01102022,26092023 092128, 357, 28843.9, 20.517,254.582,0.469854,  0.1,322.752,2.88e-01, 18.6,37.9, - 
4736, 81300,31012016,25092023 151600,   4, 28865.3,  9.841,222.881,0.420881,  0.6,248.647,2.06e-02, 16.9, 0.1,  2
4737, 81301,02092018,26092023 091913,   1, 28883.6, 20.442,259.160,0.467790,  0.1,316.218,6.78e-01, 13.8, 0.1, 21
4738, 81303,14092018,25092023 165227,   2, 28874.0, 20.827,270.253,0.459485,  0.0,303.928,1.01e-01, 14.5, 0.1, 15
4739, 81305,06122018,26092023 083401, 170, 28867.3, 20.784,274.704,0.431503,360.0,293.131,1.72e-01, 17.3, 2.5,505
4740, 81306,09042019,26092023 023344, 243, 28883.7, 11.664,117.149,0.505593,  0.3,152.982,1.02e-01, 16.0, 4.7, - 
4741, 81307,06042019,26092023 065120, 395, 28877.7, 10.960,135.068,0.474464,  0.5,113.807,7.11e-01, 18.7, 3.1,665
4742, 81309,25072019,26092023 002950,   2, 28887.0, 10.898,140.488,0.455848,  0.5,110.383,2.08e-01, 16.5, 0.1, 23
4743, 81310,25092019,26092023 030053,1453, 28857.3, 10.408,125.573,0.470208,  0.4,123.321,4.93e+00, 17.7, -  , - 
4744, 81311,14072020,25092023 220818,1156, 28877.2, 10.158,155.064,0.422360,  0.7, 86.366,2.50e+00, 16.6,62.6, - 
4745, 81312,13122020,26092023 040558, 179, 28868.4, 11.297,125.561,0.474515,  0.4,132.719,9.07e-02, 16.2, 1.4, 96
4746, 81313,30032022,26092023 003340, 211, 28871.4,  9.438,337.852,0.467901,359.3, 61.740,1.69e+00, 18.1, 3.6,635
4747, 81400,09092018,25092023 230356,  31, 28897.9, 20.719,264.909,0.474175,  0.0,313.260,3.65e-02, 17.7, 0.1, 10
4748, 81401,10092018,25092023 225320, 123, 28861.6, 20.444,258.953,0.463532,  0.1,316.785,1.27e-01, 16.2, 2.0,442
4749, 81402,24012019,26092023 072825,  13, 28872.0, 20.501,260.157,0.453422,  0.1,317.193,7.46e-02, 17.1, 0.2, 28
4750, 81403,27042019,25092023 200123,  22, 28956.2, 10.161,151.267,0.441986,  0.7, 92.269,2.08e+00, 12.7, 4.9, - 
4751, 81404,03072019,26092023 034741,   3, 28889.2, 11.073,136.418,0.454934,  0.5,113.689,1.49e-01, 15.1, 0.1, 11
4752, 81405,25072019,26092023 075914,   5, 28873.9, 10.988,136.426,0.463607,  0.5,116.681,2.97e-01, 16.7, 0.3, 48
4753, 81406,06042019,26092023 001643,1053, 29043.8, 10.420,134.290,0.476757,  0.5, 97.705,7.27e+00, 19.1, -  , - 
4754, 81407,03102019,25092023 231925, 162, 28652.4, 17.567, 96.735,0.649841,  0.0, 60.649,1.10e+01, 18.5, -  , - 
4755, 81408,18102019,25092023 162630, 140, 28893.5, 20.453,251.455,0.477618,  0.1,326.510,2.06e-01, 16.6, 1.8,379
4756, 81409,06102022,25092023 235343, 302, 28893.5, 20.670,264.979,0.469701,  0.0,311.502,2.03e-01, 14.0, 2.6,527
4757, 81500,30012016,26092023 005821,   4, 28921.8,  9.836,224.658,0.420412,  0.6,245.209,1.03e-02, 17.3, 0.1,  1
4758, 81501,16082010,26092023 083351,1271, 28889.1, 26.149,317.657,0.752143,359.8,170.248,7.25e-02, 17.6, -  , - 
4759, 81502,02092018,26092023 011805,   7, 28915.7, 20.627,270.522,0.448545,  0.0,300.861,3.44e-02, 17.1, 0.1,  7
4760, 81503,18022018,25092023 231306,  41, 28905.4,  9.969,228.292,0.415904,  0.5,239.875,2.73e-02, 18.1, 0.1, 13
4761, 81504,03072019,26092023 013148,1489, 28909.2, 11.536,117.227,0.521438,  0.3,160.533,5.99e-02, 16.1,26.6, - 
4762, 81505,28032022,26092023 074822, 487, 28984.0, 14.459, 58.792,0.674300,359.7, 85.145,3.17e+00, 17.9,92.5, - 
4763, 81506,04082022,25092023 201836,   1, 28998.3, 20.241,254.696,0.491896,  0.1,324.306,4.07e+00, 16.1, 0.5,102
4764, 81600,18012012,26092023 005627,   0, 28957.7, 20.302,179.885,0.564063,  0.4, 41.356,1.01e-02, 11.9, 0.1,  1
4765, 81601,21112016,25092023 182440,1423, 29035.2,  7.012,115.133,0.548628,  0.4,  7.946,4.88e+00, 13.6, -  , - 
4766, 81602,22102017,25092023 163752,2007, 28950.4,  5.996, 22.869,0.324365,358.8,164.564,1.53e+01, 18.8, -  , - 
4767, 81603,08102018,25092023 202153, 640, 28993.2, 20.737,266.554,0.480165,  0.0,303.416,2.13e+00, 17.6,62.3, - 
4768, 81604,13052019,25092023 204757,1593, 28933.3, 10.709,107.737,0.508877,  0.2,158.031,4.26e+00, 17.3, -  , - 
4769, 81605,01072019,26092023 020530,1018, 28949.5, 12.371,104.792,0.524408,  0.1,171.456,1.38e+00, 16.2, -  , - 
4770, 81606,26072019,26092023 015945,1171, 28949.1, 11.748,120.793,0.488683,  0.3,139.698,6.79e-02, 16.9, 7.0, - 
4771, 81607,25082019,25092023 225655,1401, 28947.6, 20.574,272.661,0.428569,360.0,292.999,6.05e-02, 17.7, 1.7,301
4772, 81608,21062021,25092023 180906, 209, 29016.4, 28.602,325.388,0.690403,359.8,294.470,4.07e+00, 14.4,17.3, - 
4773, 81609,16102022,25092023 214249, 340, 28971.3, 21.389,276.305,0.459873,360.0,285.778,5.61e+00, 17.2,92.5, - 
4774, 81700,23122009,26092023 012208, 187, 28941.8,  8.771, 90.319,0.446672,360.0,185.474,2.69e-01, 13.7, 1.5,256
4775, 81702,02092018,25092023 235724,   2, 28956.8, 20.601,264.425,0.474083,  0.0,312.580,8.80e-02, 16.7, 0.1,  8
4776, 81704,09042019,26092023 021800, 968, 28949.5, 11.768,120.870,0.487945,  0.3,139.629,7.49e-02, 17.0, 5.2, - 
4777, 81705,25042019,26092023 024820,1419, 28955.2, 11.412,127.210,0.479355,  0.4,129.773,1.71e-01, 16.5,13.1, - 
4778, 81706,29052019,25092023 233628,  43, 29046.0, 11.317,132.889,0.466237,  0.5,118.232,3.42e-02, 17.3, 1.2, 36
4779, 81707,30062019,26092023 003303, 220, 28966.8, 10.908,122.158,0.484417,  0.4,134.608,2.49e-01, 17.1, 2.5,543
4780, 81708,25072019,26092023 015055,1069, 29009.8, 19.320,246.919,0.542193,  0.2,315.225,2.66e+00, 17.3,13.6, - 
4781, 81709,26082019,25092023 194443,  20, 28953.5, 11.469,127.418,0.472505,  0.4,128.209,1.33e-01, 17.5, 0.2, 47
4782, 81710,21102019,26092023 081654, 192, 28928.2, 10.460,150.775,0.492064,  0.6,101.932,1.31e+00, 16.8,41.4, - 
4783, 81711,21102020,26092023 025519,  28, 28955.5, 11.396,126.575,0.479478,  0.4,130.826,1.17e-01, 16.5, 0.5,102
4784, 81712,14122020,26092023 004335, 332, 28952.6, 11.056,144.743,0.463400,  0.6, 91.511,1.97e-01, 15.9, 5.1, - 
4785, 81713,04092021,26092023 082749,   1, 29119.8, 20.611,244.500,0.541653,  0.2,327.872,5.42e+00, 14.9, 0.3, 56
4786, 81714,28102022,26092023 030015, 220, 28962.1, 10.931,142.718,0.442514,  0.5,102.291,1.22e-01, 15.7, 2.5,545
4787, 81800,11082016,26092023 005101,1452, 29215.8, 11.948,121.589,0.482130,  0.3,128.744,7.74e+00, 17.2, -  , - 
4788, 81801,28042019,26092023 060944, 299, 28952.8, 13.438, 93.314,0.513642,  0.0,176.349,2.35e+00, 17.8,24.3, - 
4789, 81802,30062019,26092023 025257,   7, 29134.4, 11.305,124.397,0.507060,  0.4,141.404,2.52e-01, 16.2, 0.1, 26
4790, 81803,20072019,26092023 023524, 223, 29052.9, 10.629,126.386,0.495223,  0.4,149.492,2.28e+00, 16.4,24.8, - 
4791, 81804,29072019,26092023 093143, 625, 29019.6, 10.643,139.142,0.487702,  0.5,104.389,3.13e+00, 14.2, -  , - 
4792, 81805,30092019,26092023 080218, 249, 29025.3, 11.413,120.856,0.517506,  0.3,152.318,1.00e-01, 17.1, 3.1,677
4793, 81900,23012017,25092023 230335,   3, 29000.9,  9.433,225.316,0.419609,  0.6,241.655,1.37e-02, 17.2, 0.1,  1
4794, 81901,02092018,25092023 221148,   1, 29001.3, 20.797,271.827,0.460562,360.0,300.422,4.60e-02, 16.0, 0.1,  3
4795, 81902,10092018,26092023 011426,   1, 28958.9, 20.660,265.112,0.473163,  0.0,311.075,1.34e-01, 17.4, 0.1,  8
4796, 81903,14092018,26092023 010558,1836, 28881.9, 18.987,278.620,0.453277,359.9,253.710,8.57e+00, 18.1, -  , - 
4797, 81904,05102018,26092023 020046, 368, 28992.6, 20.842,272.144,0.460876,360.0,299.785,3.45e-01, 16.1, 3.9,853
4798, 81905,06042019,26092023 011605,   7, 28997.2, 11.560,123.795,0.488772,  0.4,136.935,7.25e-01, 17.1, 1.0,147
4799, 81907,16012020,26092023 084509,1329, 28976.8, 11.131,110.083,0.540541,  0.2,177.230,2.45e+00, 16.4,42.3, - 
4800, 81908,02032020,26092023 065713,   5, 29035.2, 90.245,341.965,0.474472,359.9,185.389,4.25e+01, 16.5, 1.2,238
4801, 81909,15102020,26092023 010404,1071, 28986.2, 10.332,107.823,0.536908,  0.2,168.077,3.99e+00, 16.1, -  , - 
4802, 81910,23102022,25092023 212018, 206, 29017.3, 21.499,289.954,0.426927,359.9,272.126,1.18e-01, 17.4, 1.9,411
4803, 82000,09092018,25092023 155111,   2, 29040.1, 20.779,272.759,0.459168,360.0,297.921,1.24e-01, 12.9, 0.1, 10
4804, 82001,09092018,25092023 205551,1805, 29024.3, 18.676,262.678,0.515950,  0.1,279.746,7.64e+00, 17.3, -  , - 
4805, 82002,09092018,25092023 181650, 196, 29017.7, 20.686,256.902,0.469303,  0.1,312.630,1.90e+00, 17.9,87.0, - 
4806, 82003,07042019,26092023 031834,   2, 29024.0, 11.213,131.182,0.477284,  0.4,124.494,1.38e-02, 16.1, 0.1,  2
4807, 82004,04042019,25092023 193330,1577, 29037.5, 20.517,260.170,0.450982,  0.1,308.418,1.21e-01, 16.6, 4.0,851
4808, 82005,06042019,26092023 000537,  11, 28946.0, 11.748,121.041,0.486979,  0.3,138.909,4.67e-02, 16.0, 0.1, 19
4809, 82006,06042019,25092023 161501,  49, 29031.7, 11.537,126.016,0.473715,  0.4,127.546,1.48e-01, 17.9, 0.5,101
4810, 82007,10052019,25092023 162215,1127, 29030.8, 11.542,126.629,0.476308,  0.4,127.791,2.02e-01, 16.8,22.1, - 
4811, 82008,10052019,26092023 053706,1032, 28979.2, 10.875,124.183,0.494396,  0.4,129.220,2.10e+00, 17.9, -  , - 
4812, 82009,07102020,25092023 201406,   5, 29060.9, 11.483,121.977,0.478183,  0.3,125.607,1.93e+00, 15.7, 1.4,206
4813, 82010,20072019,26092023 033004, 252, 29021.1,  9.312,123.331,0.477955,  0.4,132.657,3.27e+00, 16.6,66.3, - 
4814, 82011,24082019,25092023 181918, 727, 29034.6,  9.655,125.602,0.499535,  0.5,132.580,3.74e+00, 18.0, -  , - 
4815, 82012,29092019,26092023 022449,   3, 29011.3, 20.401,258.757,0.466953,  0.1,314.853,1.49e-01, 17.9, 0.1, 11
4816, 82013,29082019,25092023 222429, 242, 28916.7, 10.995,116.121,0.493564,  0.3,147.006,3.15e+00, 17.1,53.4, - 
4817, 82014,21122019,25092023 180302,1372, 28987.9, 20.828,274.463,0.407212,360.0,275.885,2.36e+00, 17.1, -  , - 
4818, 82015,05112022,25092023 184242,   1, 29039.2, 64.630,249.967,0.415896,  0.1,323.962,9.82e-01, 16.6, 0.1,  3
4819, 82100,02092018,25092023 174324,   8, 29075.8, 20.764,272.308,0.458808,360.0,298.176,1.03e-01, 17.3, 0.2, 44
4820, 82101,30082018,25092023 190043,1814, 29063.1, 20.706,273.067,0.465342,360.0,294.584,9.72e-01, 18.9,88.7, - 
4821, 82102,25072019,26092023 000842, 269, 29061.5, 11.380,128.127,0.481028,  0.4,127.931,1.36e-01, 17.2, 3.1,613
4822, 82103,22102019,25092023 163216,1072, 29072.8,  9.643,113.744,0.506536,  0.3,159.450,5.17e+00, 17.4, -  , - 
4823, 82104,17082010,25092023 142952,  60, 29143.8, 25.173,226.938,0.759446,  0.2,320.606,1.00e-02, 17.1, 0.8,  3
4824, 82200,19032017,25092023 235840,   0, 42166.9,  0.145,100.238,0.000191, 53.8, 89.550,1.00e-02, 11.8, 0.1,  2
4825, 82201,10092018,25092023 232108, 344, 29109.5, 20.610,270.686,0.451938,  0.0,294.782,1.93e+00, 18.0,12.3, - 
4826, 82202,17042019,26092023 033140,   2, 29078.2, 11.552,128.102,0.472876,  0.4,124.383,3.96e-02, 16.2, 0.1,  2
4827, 82203,06042019,25092023 185501,1512, 29073.6, 10.937,134.249,0.499484,  0.5,129.061,3.23e-01, 17.2,61.5, - 
4828, 82204,23082019,26092023 025657,  93, 29087.7,  9.239,128.083,0.465679,  0.5,146.347,6.58e+00, 17.2, 3.9,839
4829, 82206,29082019,26092023 040808, 383, 29037.7, 11.525,113.792,0.455938,  0.3,129.374,2.10e+00, 17.0, -  , - 
4830, 82207,19102019,26092023 053506,   2, 29093.7, 10.913,139.077,0.465422,  0.5,110.931,2.43e-01, 16.8, 0.1, 15
4831, 82208,18102020,26092023 110730,  38, 29075.7, 11.155,124.751,0.508801,  0.4,140.140,4.23e-01, 17.8, 0.3, 69
4832, 82209,20122022,25092023 173638,  92, 29086.6, 11.415,128.470,0.478594,  0.4,126.123,5.02e-02, 18.2, 0.1, 13
4833, 82210,31122022,25092023 144401, 214, 29115.2, 12.220, 91.744,0.438827,  0.0,181.543,7.45e+00, 16.4,32.3, - 
4834, 82211,17012023,25092023 132338, 249, 29117.5, 11.751, 91.470,0.594317,  0.0,210.547,1.76e+00, 18.4, 2.0,436
4835, 82212,03032023,25092023 235729, 153, 29103.0, 12.310,113.766,0.369656,  0.2,131.376,4.73e+00, 15.8,99.1, - 
4836, 82300,09092018,26092023 004152,   2, 29129.1, 20.560,272.213,0.453460,360.0,294.473,1.45e+00, 16.9, 0.2, 49
4837, 82301,09092018,25092023 184754,  17, 29121.7, 20.612,289.872,0.399165,359.9,266.221,3.06e+00, 17.7, 1.2,245
4838, 82302,11042019,25092023 193819,  80, 29108.2, 11.774,123.174,0.483126,  0.3,131.608,1.22e-01, 17.2, 1.5,314
4839, 82303,06062019,26092023 083449,   1, 29121.0, 10.795,142.243,0.466717,  0.6,107.986,1.32e-01, 15.7, 0.1,  7
4840, 82304,13082019,26092023 042301, 279, 29117.5, 11.023,139.075,0.458528,  0.5,108.525,3.66e-01, 17.7,18.3, - 
4841, 82306,26102019,26092023 013226, 205, 28997.0, 11.503,124.075,0.490615,  0.4,136.383,1.49e-01, 14.1, 5.0, - 
4842, 82308,19122020,25092023 213141, 259, 29050.3, 14.022, 90.253,0.498173,360.0,172.678,3.60e+00, 16.7,27.4, - 
4843, 82309,25092022,26092023 081632, 259, 29097.1, 11.164,134.768,0.465668,  0.5,116.078,1.39e-01, 17.0, 0.5, 45
4844, 82310,13012023,25092023 144347,  81, 29104.6, 74.032, 55.422,0.571856,359.9,235.343,9.44e-01, 16.4, 8.9, - 
4845, 82311,17012023,26092023 032318, 243, 29112.3, 11.436,126.687,0.485434,  0.4,129.840,1.36e-01, 11.9, 9.9, - 
4846, 82312,20082023,25092023 182216,  10, 29114.9, 25.414,248.643,0.764114,  0.1,261.479,3.87e-02, 16.3, 0.9, 11
4847, 82400,19032018,25092023 174414, 153, 29193.9,  5.960,155.691,0.413557,  1.2,333.089,7.35e+00, 18.5,12.3, - 
4848, 82402,03042019,25092023 210206, 401, 29127.1, 20.712,276.529,0.456777,360.0,290.494,2.80e-01, 16.6, 9.6, - 
4849, 82403,20042019,26092023 073933,1543, 29119.4, 11.273,131.703,0.472189,  0.4,119.883,2.60e-01, 15.6,12.0, - 
4850, 82404,14052019,26092023 014317,  36, 29124.3, 11.385,128.179,0.480871,  0.4,126.800,9.46e-02, 17.5, 0.1, 10
4851, 82405,31072019,25092023 225838,   0, 29189.5, 10.387,158.997,0.458694,  0.7, 87.248,1.32e+00, 15.7, 0.2, 37
4852, 82407,25122019,25092023 223054,1148, 29115.5, 11.321,129.829,0.476929,  0.4,122.737,2.28e-01, 15.6, 8.7, - 
4853, 82408,15102020,25092023 174600,  57, 29107.9, 11.302,130.984,0.476934,  0.4,120.861,2.34e-01, 17.0, 1.5,267
4854, 82409,15122022,26092023 043952, 280, 29139.8,  6.565,141.269,0.432618,  0.9, 98.179,7.74e+00, 17.8,84.2, - 
4855, 82500,30112018,25092023 235927,  54, 29130.4, 20.298,241.819,0.511465,  0.2,343.387,1.34e-01, 15.7, 0.8,172
4856, 82501,24062019,26092023 093252,   1, 29175.0, 10.895,142.422,0.455736,  0.5,103.031,1.95e-01, 13.9, 0.1,  8
4857, 82502,14082019,26092023 034653,   1, 29151.4, 11.210,134.064,0.468238,  0.5,115.211,1.67e-01, 13.6, 0.1, 12
4858, 82503,03102019,26092023 022218, 226, 29131.4, 10.634,142.160,0.480103,  0.6,113.419,5.37e-01, 17.3, 2.7,598
4859, 82600,24032018,25092023 142205,  76, 29187.4,  7.097,169.013,0.430128,  1.0, 40.537,7.28e-02, 17.7, 0.7,144
4860, 82601,08062018,26092023 032441,1900, 29134.7, 16.167,204.367,0.591282,  0.4,117.187,3.90e+00, 17.4, -  , - 
4861, 82602,09092018,25092023 184804,   5, 29147.5, 20.556,268.833,0.464407,  0.0,302.406,1.87e-01, 17.6, 0.1,  9
4862, 82603,06092018,25092023 201458,1787, 29200.5, 21.172,298.032,0.382257,359.8,254.031,6.25e-01, 16.9, -  , - 
4863, 82604,06092018,25092023 231855,  67, 29165.1, 20.679,269.133,0.477402,  0.0,302.890,5.40e-01, 18.4, 2.3,499
4864, 82605,07042019,26092023 092554,1557, 29161.8, 11.201,133.955,0.468672,  0.5,115.410,3.09e-01, 14.7,61.2, - 
4865, 82606,09082019,25092023 222254, 106, 29371.3, 12.059,119.246,0.528341,  0.3,143.243,1.00e+00, 15.4,24.9, - 
4866, 82607,30092019,26092023 092806, 246, 29182.8, 10.157,203.968,0.351496,  0.7, 30.848,6.18e+00, 16.3, -  , - 
4867, 82608,28102022,25092023 164522, 274, 29170.5, 11.926,120.872,0.475214,  0.3,135.237,4.95e+00, 17.5,25.9, - 
4868, 82610,24012023,25092023 142231, 240, 29176.4, 67.489, 90.174,0.330675,360.0,225.523,2.85e+00, 17.9, -  , - 
4869, 82611,17082023,26092023 014357,   7, 29187.2, 20.584,277.693,0.433444,360.0,284.953,1.67e-01, 16.9, 0.1, 14
4870, 82700,16012018,26092023 060956,  27, 29226.9, 56.450,112.977,0.051784,  0.1,110.905,5.71e+00, 15.2, 0.8,171
4871, 82702,05092018,25092023 213615, 334, 29278.2, 20.348,265.471,0.474265,  0.0,306.393,1.40e+00, 18.1,40.7, - 
4872, 82703,29102018,25092023 150238,  25, 29200.0, 20.542,266.385,0.435767,  0.0,295.601,1.33e-01, 16.3, 0.5, 95
4873, 82704,22102019,26092023 100440,1377, 29176.3, 10.291,175.262,0.521275,  0.7, 56.940,7.51e+00, 16.4, -  , - 
4874, 82705,18082020,26092023 093709,1072, 29189.7, 10.855,146.507,0.439753,  0.6, 93.483,2.14e-01, 17.7,43.9, - 
4875, 82706,28092020,26092023 090303, 289, 29180.7, 11.504,124.902,0.478409,  0.4,122.445,2.16e+00, 17.5,44.0, - 
4876, 82707,21102020,25092023 231206,  33, 29162.7,  9.817,156.527,0.378418,  0.7, 78.864,6.28e+00, 16.4, 7.4, - 
4877, 82708,14062021,25092023 224447, 805, 29145.1, 13.137,331.317,0.530482,359.5,110.264,1.99e+00, 17.2,10.8, - 
4878, 82800,02102018,25092023 212314,  28, 29225.3, 20.387,257.609,0.472073,  0.1,314.013,1.10e-01, 17.9, 0.4, 88
4879, 82801,02102018,25092023 215825,  24, 29224.5, 20.363,260.218,0.471641,  0.1,310.446,1.21e-01, 17.0, 0.3, 70
4880, 82802,02112018,26092023 074846, 282, 29177.4, 20.656,275.019,0.453342,360.0,291.612,2.32e-01, 17.7,12.5, - 
4881, 82804,27112019,25092023 160841,1395, 29158.8,  8.866,104.378,0.518497,  0.2,168.714,5.44e+00, 18.3,82.8, - 
4882, 82805,17072020,26092023 004104, 207, 29231.5, 11.876,121.732,0.485193,  0.3,127.719,1.48e+00, 17.5,14.9, - 
4883, 82806,26112022,25092023 162930, 298, 29229.9, 12.419,107.980,0.519362,  0.2,160.805,2.74e-01, 17.9,24.5, - 
4884, 82807,18032023,25092023 194842, 189, 29234.3, 13.309, 10.066,0.434844,359.4, 27.931,4.75e-01, 18.0,28.9, - 
4885, 82808,15072023,26092023 055646,  68, 29222.8, 11.079,132.462,0.482547,  0.5,121.994,9.93e-03, 18.3, 0.2, 45
4886, 82900,25032009,25092023 192957,   0, 29252.8, 13.111, 14.355,0.440021,359.4, 19.262,8.28e-03, 12.1, 0.1,  1
4887, 82901,31012014,25092023 140725,2201, 29290.2, 17.222,102.634,0.653437,  0.1,311.805,3.17e+00, 15.5, -  , - 
4888, 82903,19102018,25092023 211128, 274, 29224.4, 20.936,292.168,0.395142,359.9,261.643,2.65e-01, 17.7, 2.6,533
4889, 82904,06042019,26092023 094208,   5, 29244.3, 11.261,131.291,0.479097,  0.4,121.264,7.00e-02, 17.1, 0.1,  5
4890, 82905,26072019,25092023 210826,   1, 29320.2, 11.047,139.031,0.464994,  0.5,106.428,1.76e-01, 14.2, 0.1,  6
4891, 82906,30092019,25092023 172504, 308, 29174.7, 10.645,131.227,0.425722,  0.5,114.525,1.01e+00, 18.0,57.3, - 
4892, 82907,22062020,25092023 161631, 602, 29251.5, 10.858, 97.001,0.582412,  0.1,179.044,2.50e+00, 16.6, -  , - 
4893, 82908,08042022,26092023 032355,  35, 29254.3, 13.553,  6.051,0.445211,359.4, 34.353,8.01e-02, 17.5, 0.7, 20
4894, 83000,16032010,26092023 002645, 161, 29398.1, 13.587, 17.773,0.440738,359.5, 10.371,1.17e-01, 16.0, 1.9,415
4895, 83001,12092018,26092023 025924, 359, 29250.1, 20.716,277.083,0.454466,360.0,289.216,2.30e-01, 17.8, 1.9,404
4896, 83002,12092018,26092023 084009, 299, 29209.7, 20.420,263.949,0.482592,  0.0,299.690,1.65e+00, 17.9,25.4, - 
4897, 83003,14062019,25092023 212545,1348, 29296.7, 11.741,124.963,0.483586,  0.4,133.029,1.93e+00, 14.9, -  , - 
4898, 83100,05052019,25092023 155743,1231, 29343.0,  5.297,272.221,0.714433,360.0, 50.182,1.32e-02, 17.4, 9.2,261
4899, 83101,15052019,26092023 033508, 243, 29331.9,  9.071,132.895,0.432630,  0.6,103.574,5.34e+00, 16.6, -  , - 
4900, 83102,04072019,25092023 232926, 285, 29320.0, 11.663,126.385,0.487700,  0.4,124.242,2.36e-01, 12.1,12.0, - 
4901, 83103,26082019,26092023 031302,   1, 29296.0, 10.861,141.220,0.465856,  0.5,105.636,3.16e-01, 16.0, 0.1, 10
4902, 83104,18062020,26092023 010600, 300, 29260.3, 10.560,111.134,0.513568,  0.3,167.098,7.13e+00, 18.2, -  , - 
4903, 83105,10122020,26092023 102058, 975, 29299.2, 11.565,126.758,0.484119,  0.4,125.734,1.68e-01, 14.1, 8.8, - 
4904, 83106,06122021,25092023 231435, 604, 29240.6, 10.317,129.448,0.497376,  0.5,102.077,6.84e+00, 17.0, -  , - 
4905, 83200,02022016,25092023 173705, 162, 29605.9, 22.231, 40.976,0.373915,359.7,112.529,2.00e+01, 17.7,53.0, - 
4906, 83201,12092018,25092023 203822,  57, 29263.6, 20.349,256.640,0.482331,  0.1,317.178,1.53e-01, 15.0, 0.4, 75
4907, 83202,12092018,25092023 133017,   2, 29317.9, 20.367,261.587,0.467550,  0.1,307.117,4.41e-02, 17.2, 0.1,  3
4908, 83203,17022019,25092023 155813, 184, 29315.0, 21.636, 25.190,0.748621,359.7,225.316,7.93e-02, 13.9, 2.0,271
4909, 83204,30072019,25092023 233122, 226, 29062.8, 13.557,157.044,0.502405,  0.5, 45.402,3.33e+00, 16.8, -  , - 
4910, 83301,09092018,25092023 144629,  34, 29342.4, 20.378,265.315,0.464218,  0.0,302.310,4.24e-02, 17.9, 0.1,  7
4911, 83302,15052019,26092023 055440, 226, 29332.1, 10.675,142.753,0.495903,  0.6,115.517,1.52e-01, 13.8, 3.8,789
4912, 83303,23082019,26092023 025305,1071, 29416.3, 10.063,173.875,0.451300,  0.7, 65.640,2.03e+00, 16.8, -  , - 
4913, 83304,25082019,26092023 003850, 391, 29472.1, 10.592,114.224,0.530944,  0.3,168.802,4.68e+00, 17.4, -  , - 
4914, 83305,01122019,25092023 231214, 207, 29337.2, 10.696,157.929,0.403765,  0.7, 70.433,8.60e-02, 16.1, 3.0,625
4915, 83306,02042023,25092023 170424,  54, 29378.3, 62.235, 79.737,0.678464,360.0,296.714,6.69e-01, 16.4, 1.3,268
4916, 83400,04032019,25092023 201041,1634, 29372.9, 20.566,278.863,0.436813,359.9,280.622,2.44e-01, 17.3,19.4, - 
4917, 83401,07042019,26092023 032618,   0, 29353.1, 10.774,142.423,0.470808,  0.6,105.557,1.53e-02, 15.1, 0.1,  1
4918, 83402,30072019,26092023 100625, 266, 29445.8, 10.646,142.149,0.493977,  0.6,112.605,2.55e-01, 16.9, 6.4, - 
4919, 83403,03082019,25092023 232742, 274, 29391.3, 10.635,135.098,0.486055,  0.5,112.648,1.67e+00, 18.5, 4.1,899
4920, 83404,26082019,26092023 033438, 213, 29334.7, 12.998,100.528,0.535863,  0.1,171.348,6.36e-01, 16.7,10.5, - 
4921, 83405,21082019,25092023 184106,1491, 29406.7, 20.676,252.656,0.508948,  0.1,314.101,3.35e+00, 18.1, -  , - 
4922, 83406,02102019,25092023 212215, 126, 29366.4, 10.799,142.398,0.459196,  0.6,101.340,1.08e+00, 18.0, 7.2, - 
4923, 83408,12082020,26092023 013527,  43, 29364.9, 10.515,150.652,0.464910,  0.6, 93.981,1.00e-02, 16.7, 0.9, 44
4924, 83410,26102021,25092023 184413,   3, 29249.9,  0.531,282.227,0.416309,357.8,266.643,2.36e+01, 17.7, 3.7,817
4925, 83411,03072022,25092023 224610, 200, 29368.1, 11.569,121.746,0.507289,  0.3,137.025,8.06e-01, 15.8,24.3, - 
4926, 83412,07092022,26092023 001100, 129, 29421.5, 12.774, 94.988,0.493146,  0.0,190.747,7.01e+00, 14.5,65.5, - 
4927, 83413,24012023,25092023 222206, 242, 29373.9, 56.769,126.536,0.597486,  0.1,251.459,8.02e+00, 18.0, 8.9, - 
4928, 83501,11042019,26092023 070810, 244, 29214.1, 12.699,108.181,0.510629,  0.2,155.648,6.05e-01, 17.5,23.5, - 
4929, 83502,15052019,25092023 235328, 278, 29394.2, 10.833,138.725,0.483805,  0.5,115.340,8.50e-02, 16.9, 4.4,978
4930, 83503,26052019,26092023 025356,  49, 29378.6, 10.745,136.457,0.476586,  0.5,110.419,1.63e+00, 17.5, 0.6,116
4931, 83504,29052019,25092023 160442,   1, 29398.9, 10.826,139.332,0.472003,  0.5,105.982,7.91e-01, 16.9, 0.1,  4
4932, 83506,11072019,26092023 023755, 255, 29437.0, 12.387,108.631,0.520067,  0.2,152.800,1.74e+00, 17.6,16.6, - 
4933, 83507,26082019,25092023 210001, 277, 29306.3, 10.843,137.671,0.474098,  0.5,109.505,1.94e+00, 18.0,26.4, - 
4934, 83508,30092019,26092023 072137,  34, 29385.8, 10.897,139.767,0.475082,  0.5,105.037,1.36e+00, 17.2, 0.4, 77
4935, 83510,07092021,26092023 015232, 272, 29387.5, 11.431,128.414,0.482492,  0.4,124.071,2.51e-01, 17.6, 9.2, - 
4936, 83511,30062022,25092023 153351,  46, 29388.9, 10.546,165.486,0.402290,  0.7, 65.043,1.95e+00, 17.4, 4.3,946
4937, 83600,19022012,25092023 141709,   1, 29430.9,  0.791, 25.733,0.385204,350.8,275.368,9.16e-03, 16.7, 0.1,  1
4938, 83601,06032017,26092023 035658,   5, 29311.0, 10.997, 79.938,0.471583,359.9,113.866,9.09e-01, 16.0, 0.6,132
4939, 83602,06042019,25092023 164429,   2, 29397.7, 10.299,144.954,0.474369,  0.6,103.137,1.41e+00, 16.2, 0.2, 44
4940, 83603,24042019,25092023 165305,   2, 29390.7, 10.744,138.004,0.474772,  0.5,108.027,1.47e+00, 16.8, 0.5, 48
4941, 83605,04082019,26092023 083356, 170, 29388.3, 10.097,145.533,0.493254,  0.6,106.517,1.44e+00, 16.9,25.1, - 
4942, 83606,05082019,26092023 070037, 237, 29179.3, 14.743, 95.188,0.549843,  0.0,175.271,4.19e+00, 16.6, -  , - 
4943, 83607,29082019,26092023 085251, 281, 29423.4, 10.824,136.080,0.490775,  0.5,113.609,1.59e+00, 17.7, 4.7,985
4944, 83608,22102019,26092023 045810, 247, 29483.6, 10.551,149.779,0.469785,  0.6, 95.533,6.48e+00, 16.9, -  , - 
4945, 83700,06122015,25092023 185105,2845, 29441.8, 12.252, 84.375,0.426165,359.9,272.705,5.22e-01, 18.0, 7.8, - 
4946, 83701,12092018,25092023 215229, 313, 29418.0, 19.736,294.538,0.370068,359.8,249.128,2.20e+00, 15.4,37.1, - 
4947, 83702,08092018,25092023 172633,  31, 29429.9, 20.421,272.482,0.465092,360.0,292.413,1.63e-01, 16.7, 0.4, 79
4948, 83703,07042019,26092023 022338, 230, 29426.8, 10.438,146.072,0.473262,  0.6,100.233,1.03e+00, 16.7,25.2, - 
4949, 83704,12062019,26092023 013614,   0, 29445.2, 10.028,146.122,0.482139,  0.6,106.883,1.18e+00, 15.8, 0.1,  3
4950, 83706,24082019,26092023 083412, 723, 29508.2, 11.801,126.870,0.453120,  0.4,114.191,8.16e+00, 18.1, -  , - 
4951, 83707,02102019,25092023 225452, 248, 29421.6, 10.691,134.253,0.483308,  0.5,114.125,1.61e+00, 17.6, 5.2, - 
4952, 83708,26082023,25092023 170751,   4, 29434.0, 20.468,272.215,0.467142,360.0,293.794,6.50e-02, 17.8, 0.1,  6
4953, 83800,30062017,26092023 055005,  72, 29481.4, 12.235,304.452,0.520801,359.7,  5.535,1.59e+00, 17.1, 1.8,280
4954, 83801,06042019,26092023 012423, 274, 29400.1, 10.727,136.888,0.480493,  0.5,109.692,1.23e+00, 18.0,64.1, - 
4955, 83802,08062019,25092023 222920, 214, 29501.8, 10.716,148.921,0.479102,  0.6, 93.816,7.59e-01, 17.4,16.1, - 
4956, 83803,14082019,25092023 133442,1431, 29467.1, 20.563,282.920,0.421492,359.9,271.282,2.25e-01, 17.2,30.6, - 
4957, 83804,17102020,26092023 051120, 228, 29441.1, 10.927,145.383,0.499245,  0.6, 95.129,3.67e+00, 17.3, 4.0,840
4958, 83805,04092021,26092023 035411, 132, 29436.5,  9.506,152.987,0.488962,  0.7, 80.460,5.90e+00, 16.3,13.9, - 
4959, 83900,31012017,26092023 022146,  11, 29476.2,  7.993,297.834,0.382977,359.6,155.588,8.82e-02, 17.8, 0.1,  8
4960, 83901,07042019,26092023 030853,   2, 29474.1, 10.425,158.517,0.470205,  0.7, 88.155,8.87e-02, 15.6, 0.1,  6
4961, 83902,07052019,25092023 163138,   4, 29491.0, 10.621,148.993,0.461380,  0.6, 93.470,1.00e-01, 16.4, 0.1, 20
4962, 83903,25042019,26092023 062548,   3, 29477.4, 10.157,145.335,0.510452,  0.6,112.075,1.49e+00, 16.8, 0.9,121
4963, 83904,30062019,26092023 065227,   0, 29601.9,  7.899,150.214,0.448865,  0.8,104.892,8.52e-01, 16.8, 0.1, 21
4964, 83905,01072019,26092023 075722,   0, 29583.6,  9.780,174.908,0.428306,  0.8, 59.888,1.33e+00, 15.0, 0.1, 16
4965, 83906,25072019,25092023 221926,   0, 29485.9, 11.123,138.105,0.467135,  0.5,105.517,1.84e-01, 14.1, 0.1,  7
4966, 83907,29072019,26092023 080832,   3, 29470.1, 10.507,142.990,0.480965,  0.6,104.293,1.27e+00, 17.0, 0.5, 46
4967, 83908,26082019,25092023 200530,1019, 29476.7, 10.348,141.371,0.486467,  0.6,106.714,1.97e+00, 17.6,13.1, - 
4968, 83909,25082019,25092023 235950,1454, 29492.4, 10.744,141.667,0.467433,  0.5,101.626,1.38e+00, 18.2,14.2, - 
4969, 83910,28082019,26092023 012255, 224, 29480.0, 12.672, 91.682,0.550366,  0.0,186.251,1.25e+00, 17.0, 4.8,907
4970, 83911,29032020,26092023 103003,1271, 29471.4, 11.403,225.852,0.418857,  0.5,356.545,5.30e-01, 18.5, -  , - 
4971, 83912,28082022,25092023 235820, 376, 29395.2,  9.330,123.978,0.486640,  0.4,126.977,8.03e+00, 17.8,86.0, - 
4972, 83913,08092022,25092023 183618, 356, 29565.8, 16.322,303.839,0.507894,359.7,224.215,7.07e+00, 15.1,48.5, - 
4973, 83914,18012023,25092023 215353, 248, 29465.4, 11.518,128.751,0.485113,  0.4,118.191,1.32e+00, 17.8,98.1, - 
4974, 84000,30082019,26092023 070722, 683, 29495.0, 10.764,140.920,0.483622,  0.5,101.281,2.38e+00, 17.8,73.3, - 
4975, 84002,14102020,26092023 061954, 286, 29486.4, 10.835,142.155,0.466884,  0.5,101.332,8.28e-01, 18.0, 3.2,415
4976, 84100,09092018,25092023 121717,1612, 29536.1, 20.461,277.083,0.443737,360.0,282.189,7.05e-02, 17.9, 3.6,781
4977, 84101,14052019,26092023 002957, 342, 29528.8, 10.723,143.556,0.486789,  0.6,102.344,1.37e+00, 16.4,60.5, - 
4978, 84103,03072019,26092023 084429,  16, 29535.7, 11.390,132.462,0.480053,  0.4,114.266,1.90e-01, 17.1, 0.2, 44
4979, 84105,13112020,26092023 014748, 739, 29464.1, 22.691, 50.401,0.750614,359.8,145.702,4.32e-02, 18.7, 7.9,324
4980, 84106,17122020,26092023 022655,  16, 29534.6, 21.723, 75.027,0.752597,359.9,112.563,7.45e-02, 17.4, 0.3, 33
4981, 84200,04032016,25092023 223629,   5, 29544.7, 21.320,196.025,0.729603,  0.3,244.709,1.34e-01, 13.1, 0.2, 24
4982, 84201,02082019,26092023 080954,1458, 29549.6, 10.535,144.373,0.502373,  0.6,111.935,1.37e-01, 17.3, 7.1, - 
4983, 84202,29072021,26092023 044525,  51, 29548.6, 10.573,143.066,0.503601,  0.6,114.778,1.71e-01, 17.2, 0.9,172
4984, 84203,27012023,25092023 235554, 239, 29585.4,  8.916,101.712,0.499449,  0.2,177.227,7.87e+00, 18.4,11.2, - 
4985, 84300,07042019,26092023 041939,  17, 29612.6, 10.291,160.826,0.429440,  0.7, 82.004,5.42e-01, 18.0, 0.7,145
4986, 84302,25082019,25092023 181223,1458, 29587.3, 10.138,121.506,0.513168,  0.4,135.474,6.26e+00, 17.9,56.5, - 
4987, 84303,21092019,25092023 224328,1460, 29648.5, 10.187,175.726,0.516033,  0.7, 50.422,1.02e+01, 17.5, -  , - 
4988, 84400,04022019,25092023 194636,1686, 29657.9,  6.987,347.277,0.584029,359.0,174.965,2.51e+01, 18.0, -  , - 
4989, 84401,07042019,26092023 083518,   2, 29589.9, 10.669,147.876,0.460943,  0.6, 93.139,2.12e-01, 14.4, 0.1, 19
4990, 84402,30052019,26092023 080553, 802, 29593.9, 10.397,155.048,0.468619,  0.7, 88.481,1.43e+00, 17.9,64.5, - 
4991, 84403,20062019,26092023 082434, 253, 29599.1, 12.416,116.655,0.506789,  0.3,137.770,1.39e-01, 17.3, 0.8,181
4992, 84404,25092019,26092023 044722,   0, 29611.7, 10.518,160.295,0.440355,  0.7, 82.329,6.78e-01, 14.3, 0.1,  3
4993, 84405,27112019,25092023 212610,  81, 29478.2, 10.395,141.745,0.486175,  0.6,106.378,1.90e+00, 17.7, 2.2,369
4994, 84407,08112021,25092023 224521, 649, 29585.1, 10.162,160.222,0.471008,  0.7, 81.436,1.70e+00, 17.5,15.4, - 
4995, 84500,28102018,25092023 201013, 347, 29593.4, 26.738,306.358,0.764131,359.8,164.659,8.24e-02, 17.2,39.1,430
4996, 84501,14122018,26092023 032617,   6, 29611.8, 20.393,274.897,0.448975,360.0,284.239,1.27e-01, 17.0, 0.1, 18
4997, 84502,03022019,25092023 221629,1316, 29597.6, 25.570,273.365,0.770816,360.0,224.690,5.10e-02, 14.4, -  , - 
4998, 84503,14062019,26092023 023245,   3, 29566.1, 12.080,121.767,0.472291,  0.3,117.881,5.06e+00, 14.5, 3.1,630
4999, 84504,15042019,26092023 034637,  38, 29744.8, 10.282,164.912,0.632185,  0.7, 91.385,5.72e+00, 15.5,23.3, - 
5000, 84505,14072019,25092023 230201, 296, 29665.6, 11.923,123.580,0.498921,  0.3,127.056,1.61e+00, 17.5,34.7, - 
5001, 84506,29092019,26092023 010837, 278, 29505.4, 10.383,141.565,0.486266,  0.6,105.929,1.91e+00, 18.3,16.7, - 
5002, 84507,25102019,26092023 092046, 266, 29625.3, 10.223,188.578,0.459389,  0.7, 59.426,8.06e+00, 16.9,70.6, - 
5003, 84509,03102021,25092023 171518, 688, 29067.3, 26.305,328.944,0.308988,359.7,160.379,1.71e+01, 13.1, -  , - 
5004, 84511,16082022,26092023 020206, 325, 29619.6, 20.201,267.056,0.473452,  0.0,298.753,3.41e-02, 17.1, 0.9,182
5005, 84600,19092009,26092023 051054, 399, 29704.6, 27.322,319.626,0.763152,359.8,131.762,2.36e-02, 17.6,11.8, 43
5006, 84601,17102017,26092023 020256,2162, 29472.4, 20.952,110.703,0.710289,  0.1, 59.312,3.29e+01, 17.6, -  , - 
5007, 84602,12092018,25092023 132958, 289, 29635.6, 20.509,281.272,0.430151,359.9,272.360,7.44e-02, 16.4, 9.0, - 
5008, 84603,04052019,26092023 002624,   2, 29655.4,  9.736,143.224,0.453040,  0.6,105.431,1.40e+00, 14.9, 0.1, 25
5009, 84604,04072019,26092023 041222,  39, 29641.1, 10.467,151.717,0.471626,  0.6, 92.119,8.28e-02, 17.3, 0.5, 99
5010, 84605,21092019,25092023 160125,  29, 29620.7, 11.442,117.209,0.530718,  0.3,152.308,6.67e-01, 17.1, 2.2,474
5011, 84606,21102019,26092023 070324, 271, 29620.6, 10.772,145.622,0.464582,  0.6, 92.959,3.95e-01, 18.5,23.0, - 
5012, 84607,21102019,26092023 044633,   5, 29678.7, 11.525,130.936,0.485107,  0.4,114.883,9.74e-02, 17.1, 0.1, 17
5013, 84608,13012020,26092023 112554, 228, 29634.5, 11.049,127.280,0.489030,  0.4,121.275,1.99e+00, 17.0,17.6, - 
5014, 84609,12112022,26092023 030402,  36, 29647.5, 11.090,137.853,0.477523,  0.5,106.526,6.67e-02, 16.7, 0.1, 27
5015, 84610,23032023,26092023 022232,  68, 29655.7,  7.370,137.015,0.259943,  0.7,346.946,1.62e+01, 17.8, 5.1, - 
5016, 84700,05082016,25092023 161338,  20, 29667.2, 21.956,107.809,0.742232,  0.1, 52.539,3.19e-01, 16.8, 0.6,123
5017, 84701,27042019,25092023 192255,   0, 29624.4,  9.179,113.823,0.551612,  0.3,155.113,4.10e+00, 13.1, 0.1, 10
5018, 84703,01062019,26092023 050535,1111, 29590.5, 11.636,118.956,0.466016,  0.3,103.806,7.42e+00, 15.2, -  , - 
5019, 84706,29092019,26092023 002509,   7, 29636.6, 11.413, 96.483,0.502722,  0.1,168.622,1.76e+00, 16.8, 2.1,365
5020, 84707,16102019,25092023 165643,1413, 29670.8, 24.855,237.505,0.745574,  0.2,175.839,7.85e-01, 16.3,94.5, - 
5021, 84708,07022020,26092023 103435,1313, 29563.7, 12.641, 93.077,0.548190,  0.0,158.253,6.09e+00, 16.1,68.7, - 
5022, 84709,16062020,26092023 044900,  85, 29680.2, 11.526,130.899,0.482743,  0.4,114.952,1.43e-01, 17.0, 0.8,170
5023, 84710,26072020,25092023 205253,1127, 29661.6, 12.198, 98.978,0.564883,  0.1,191.401,1.49e+00, 17.5, -  , - 
5024, 84711,14092021,26092023 082901,   2, 29685.0, 20.445,103.065,0.743929,  0.1, 83.647,3.13e-01, 15.0, 0.1, 10
5025, 84800,17032015,25092023 162951,   2, 29693.2, 20.020,196.734,0.731835,  0.4,263.872,2.02e-02, 16.1, 0.1,  3
5026, 84801,27042017,26092023 005437, 228, 29751.6,  9.864,249.739,0.394191,  0.3,325.992,2.21e+00, 17.5,10.3, - 
5027, 84802,04082018,25092023 161656,   1, 29541.1, 26.246,296.187,0.767847,359.9,185.308,1.18e-01, 16.3, 0.1,  3
5028, 84803,06102018,25092023 223617,  13, 29776.9, 20.390,143.053,0.734609,  0.3, 12.479,1.31e-01, 16.8, 0.1, 24
5029, 84804,10042019,26092023 100526,1626, 29693.7, 10.404,152.193,0.474000,  0.6, 91.208,2.40e-01, 15.4, 5.8, - 
5030, 84805,27072019,25092023 230037, 277, 29724.2, 10.747,137.424,0.506244,  0.5,116.523,1.04e+00, 16.8,47.5, - 
5031, 84807,27032023,25092023 212033, 134, 29775.3, 10.663,339.933,0.358949,359.3, 42.608,4.48e+00, 17.2,11.1, - 
5032, 84900,02032019,25092023 171910,1304, 29718.8, 20.440,278.297,0.454407,360.0,279.351,1.76e-01, 17.6,19.1, - 
5033, 84901,09062019,26092023 022130, 254, 29714.1, 10.497,156.468,0.467688,  0.7, 82.402,1.43e-01, 16.9,10.3, - 
5034, 84902,05072019,25092023 225046,   8, 29712.1, 10.279,153.701,0.465813,  0.7, 88.237,9.89e-02, 16.8, 0.1, 24
5035, 85000,12062012,26092023 040237,   5, 29747.9, 22.817,252.239,0.714853,  0.1,136.109,7.11e-02, 14.2, 0.1, 13
5036, 85002,04092018,25092023 211304, 344, 29741.9, 20.335,269.772,0.463310,  0.0,290.681,9.63e-02, 17.4, 0.3, 33
5037, 85004,22062019,26092023 023042,  20, 29726.6, 10.331,158.965,0.477410,  0.7, 84.932,7.49e-02, 17.9, 0.2, 31
5038, 85005,11072019,26092023 023709,   2, 29747.4, 10.391,153.450,0.472407,  0.6, 88.699,8.89e-02, 16.8, 0.1,  5
5039, 85006,24102019,25092023 235732,   1, 29738.6,  9.564,156.491,0.527924,  0.7, 91.498,7.71e-01, 13.9, 0.5, 71
5040, 85007,27122022,26092023 073530, 227, 29727.6, 10.592,144.631,0.491351,  0.6,102.091,8.61e-01, 16.6, 9.9, - 
5041, 85100,02092018,25092023 183707,1798, 29697.4, 20.111,300.017,0.407960,359.8,223.833,6.72e+00, 16.7, -  , - 
5042, 85101,02092018,25092023 190111,   7, 29750.8, 20.705,291.780,0.415767,359.9,257.699,6.53e-02, 16.5, 0.1, 17
5043, 85102,08112018,25092023 154440,1243, 29747.7, 21.082,301.165,0.394779,359.8,245.035,1.79e-01, 17.1,11.0, - 
5044, 85103,10042019,26092023 042310,   0, 29763.2, 10.390,154.164,0.472054,  0.7, 87.808,8.56e-02, 13.6, 0.1,  2
5045, 85104,10042019,26092023 051706,   2, 29764.8, 10.397,155.074,0.469439,  0.7, 85.984,6.22e-02, 14.7, 0.1,  4
5046, 85105,30092019,26092023 071131, 346, 29771.8, 10.376,152.400,0.474869,  0.6, 90.821,1.07e-01, 16.7, 2.8,578
5047, 85106,16082020,26092023 040341, 786, 29791.9, 18.393,306.269,0.368150,359.8,213.283,1.22e+01, 14.8, -  , - 
5048, 85107,09122020,25092023 164506,1015, 29780.8, 10.641, 89.210,0.588931,360.0,223.045,4.74e+00, 12.6, -  , - 
5049, 85200,30062019,26092023 022707,1531, 29774.9, 10.875,144.387,0.464793,  0.6, 93.928,3.09e-01, 17.3, 2.2,465
5050, 85201,23082019,26092023 122449, 274, 29773.2, 10.700,137.943,0.505757,  0.5,116.487,2.48e-01, 16.9, 1.4,285
5051, 85202,20102019,26092023 050906, 156, 29785.8, 10.099,152.405,0.493265,  0.7, 86.992,2.34e-01, 17.7,11.2, - 
5052, 85203,16112021,26092023 014440,   2, 29787.9, 20.783,295.957,0.396239,359.8,250.110,1.24e-01, 14.9, 0.1,  7
5053, 85204,01102022,26092023 042030,  91, 29807.7, 19.892,275.998,0.517632,360.0,264.467,6.25e+00, 17.7, 4.9, - 
5054, 85301,07042019,26092023 025001,   0, 29819.6, 10.433,153.705,0.469994,  0.6, 86.463,6.97e-02, 12.8, 0.1,  2
5055, 85302,25042019,25092023 221813,  17, 29805.8, 10.296,153.750,0.474479,  0.7, 89.451,8.05e-02, 16.7, 0.2, 26
5056, 85304,30082019,25092023 214158,1484, 29816.5, 10.387,152.072,0.475696,  0.6, 89.904,3.03e-01, 18.2, 8.0, - 
5057, 85305,25092019,25092023 233017, 274, 29771.0, 13.516,103.628,0.515509,  0.1,152.646,8.54e-01, 17.3,30.4, - 
5058, 85306,15062023,25092023 195313,  42, 29814.1, 10.286,354.002,0.363508,359.3, 35.460,1.55e-02, 17.7, 0.1,  5
5059, 85400,10092010,26092023 025343,   4, 29836.3, 10.738,355.978,0.361760,359.3, 28.814,2.20e-01, 15.7, 0.1, 19
5060, 85402,09042019,26092023 105448,  43, 29834.1, 10.352,155.091,0.472253,  0.7, 85.555,1.24e-01, 16.6, 0.7,154
5061, 85403,12082019,26092023 031528, 192, 29842.7, 11.821,117.240,0.530311,  0.3,143.542,1.69e-01, 17.0, 6.3, - 
5062, 85404,04092021,25092023 223726, 738, 29746.6, 27.065,333.953,0.320848,359.7,156.675,1.69e+01, 12.9, -  , - 
5063, 85500,02092018,25092023 202901,   3, 29852.7, 16.099,311.971,0.359148,359.7,224.871,5.18e+00, 17.8, 0.4, 70
5064, 85502,01082019,26092023 085646, 770, 29800.5, 24.066, 79.976,0.684407,359.9,142.711,3.61e+00, 16.8,85.8, - 
5065, 85503,21102019,26092023 060521,1416, 29861.0, 27.444,348.929,0.762035,359.7, 87.714,8.80e-02, 16.9, -  , - 
5066, 85504,13092020,26092023 104524,   3, 29854.3, 10.306,159.742,0.465014,  0.7, 78.733,8.64e-02, 16.8, 0.1,  5
5067, 85505,05092023,25092023 173138,   1, 29763.8, 69.006,183.962,0.260082,  0.1,  0.804,6.07e+01, 16.8, 0.9,190
5068, 85700,26102019,26092023 053206,  34, 29894.3, 10.579,153.580,0.449759,  0.6, 79.449,3.00e-02, 17.9, 0.2, 21
5069, 85800,10032010,25092023 142001,   0, 29915.5, 59.092, 53.939,0.065549,359.9,192.442,2.91e+00, 14.3, 0.1,  6
5070, 85801,14072017,26092023 044600,   2, 29928.1, 20.380,253.027,0.719126,  0.1,176.290,1.02e-01, 13.9, 0.1,  5
5071, 85802,04012018,25092023 175821,  39, 29936.9, 10.904, 12.124,0.357348,359.3,353.499,5.52e-02, 17.1, 0.7, 52
5072, 85803,25012019,25092023 211443,   1, 29931.8, 20.562,288.033,0.437456,359.9,263.443,1.22e-01, 15.6, 0.1,  3
5073, 85805,29082019,25092023 191526,1124, 30166.0, 12.760, 66.876,0.567955,359.8,222.876,5.69e+00, 17.2,42.0, - 
5074, 85806,15062020,26092023 050009, 245, 30219.3, 24.110,339.759,0.633373,359.7,345.103,2.53e+00, 17.0,26.0, - 
5075, 85807,14082020,25092023 171447, 331, 29913.7, 10.407,152.090,0.475862,  0.6, 89.706,2.07e-01, 17.0, 0.9,121
5076, 85808,18102022,25092023 174134, 236, 29959.6, 11.698, 76.810,0.563551,359.8,206.123,5.12e+00, 17.7, 5.7, - 
5077, 85900,10012019,26092023 014618,  34, 29947.9, 20.451,283.924,0.445152,359.9,268.851,3.76e-01, 17.4, 1.6,342
5078, 85901,16092020,26092023 012835,   8, 29951.1, 10.331,157.101,0.466972,  0.7, 80.939,3.34e-01, 17.6, 0.1,  4
5079, 85902,13012023,26092023 023004, 227, 29917.4, 19.576,270.334,0.502397,  0.0,278.839,3.93e+00, 18.5, 4.7,880
5080, 86000,10042019,26092023 024131,   0, 29743.7, 10.405,154.392,0.466012,  0.7, 86.728,6.74e-02, 13.0, 0.1,  2
5081, 86100,21122009,26092023 054742,   1, 29492.4, 26.288,301.355,0.766956,359.9,179.443,1.02e-01, 15.0, 0.1,  2
5082, 86101,02092018,25092023 222818,1512, 29671.8, 19.990,308.504,0.355980,359.8,217.177,6.01e+00, 17.7, -  , - 
5083, 86102,26062019,26092023 015139, 582, 29893.6, 13.656,113.470,0.606532,  0.2,114.451,6.32e+00, 15.4, -  , - 
5084, 86103,04012020,26092023 035723,1327, 29853.1, 12.905, 97.225,0.567457,  0.1,141.485,6.55e+00, 15.7, -  , - 
5085, 86104,15102020,26092023 061401,1055, 30110.3, 21.016, 28.293,0.661678,359.7, 21.569,4.54e+00, 16.1,84.1, - 
5086, 86200,15032016,26092023 063624,   2, 30019.8, 22.350,272.711,0.716144,360.0,110.701,3.94e-02, 15.9, 0.1,  4
5087, 86201,02072019,26092023 003202, 372, 30044.6,  9.193,135.869,0.560906,  0.6,136.933,6.42e+00, 17.3, -  , - 
5088, 86202,21102022,25092023 175840, 243, 30038.3, 20.705,266.940,0.483873,  0.0,285.190,3.19e+00, 17.8, 7.9, - 
5089, 86300,28042017,25092023 180805, 263, 30189.8, 19.961,223.828,0.691648,  0.3, 36.319,2.83e+00, 16.5,12.8, - 
5090, 86301,17102018,26092023 014656,   0, 42169.0,  1.870,327.022,0.000287,356.8,207.881,1.00e-02, 12.2, 0.1,  1
5091, 86302,25072019,25092023 230734,  36, 30035.7, 11.652,128.055,0.499560,  0.4,116.665,5.08e-01, 16.7, 2.4,515
5092, 86303,17032020,26092023 110400,1275, 29903.6, 29.518, 19.665,0.408855,359.7,135.206,2.59e+01, 17.9, -  , - 
5093, 86304,02042020,26092023 072707,1263, 30025.4, 11.161,140.796,0.474484,  0.5, 96.196,1.70e-01, 19.0,64.3, - 
5094, 86305,21102020,26092023 064854, 355, 29985.4,  9.517,157.769,0.484424,  0.7, 70.638,6.63e+00, 18.4,38.2, - 
5095, 86306,30102022,26092023 033756, 221, 30024.6, 10.399,129.479,0.496643,  0.5,107.090,6.16e+00, 16.4,69.2, - 
5096, 86400,05082015,26092023 015002, 308, 29846.4,  1.647, 21.241,0.601017,355.6,148.308,2.61e+01, 17.8, -  , - 
5097, 86401,17062015,25092023 234556,2082, 30027.2, 14.821, 43.996,0.711912,359.6,105.912,2.61e+00, 17.6, -  , - 
5098, 86403,12062019,26092023 073102,  29, 30097.0, 10.259,155.907,0.481875,  0.7, 81.601,1.12e+00, 17.4, 2.2,474
5099, 86404,26062019,26092023 011800,  36, 30059.6, 20.451,285.838,0.446004,359.9,265.295,4.17e-02, 16.5, 0.6,109
5100, 86406,26092022,25092023 151335, 361, 30059.4, 75.305, 10.983,0.121743,359.9, 73.317,1.14e+01, 18.0, -  , - 
5101, 86500,05072019,26092023 013845, 193, 30218.3, 13.160, 78.085,0.583781,359.9,212.537,5.95e+00, 15.2,53.8, - 
5102, 86501,26082019,25092023 225255,1067, 30087.9, 10.997,143.426,0.474210,  0.6, 92.989,1.46e-01, 17.8,12.2, - 
5103, 86502,26082019,25092023 134206, 244, 30067.6, 11.704, 91.001,0.569871,  0.0,194.650,3.73e+00, 17.9,81.3, - 
5104, 86600,12042019,25092023 222139,  43, 30103.3, 12.229,116.236,0.528876,  0.3,139.754,1.28e-01, 16.1, 0.5,111
5105, 86701,20062019,26092023 015220,1483, 30148.7,  9.626,132.374,0.501343,  0.5, 68.852,1.77e+00, 15.3, -  , - 
5106, 86702,13092019,25092023 181846,   2, 30182.4, 11.544,155.320,0.503194,  0.6, 84.191,1.26e+00, 15.4, 0.2, 53
5107, 86800,28052019,25092023 190032,1100, 30116.1, 13.614, 72.605,0.597338,359.8,223.287,5.27e+00, 17.0, -  , - 
5108, 86801,01072019,26092023 054324, 262, 30175.9, 10.040,158.814,0.525209,  0.7, 83.186,4.28e+00, 15.4,64.1, - 
5109, 86802,30072019,26092023 120044,1512, 30153.4, 10.570,146.307,0.479973,  0.6, 84.693,3.83e+00, 17.9, -  , - 
5110, 86803,24082019,25092023 221302,   1, 30415.0,  9.666,168.644,0.466187,  0.8, 59.730,6.27e+00, 14.8, 0.8,167
5111, 86804,22082022,26092023 001935, 169, 30199.2, 20.359,266.697,0.483616,  0.0,284.714,1.23e+00, 16.7,18.8, - 
5112, 86805,21092023,25092023 190327,   3, 30134.1, 24.521,354.538,0.416231,359.7,214.523,2.20e+01, 18.0,20.8, - 
5113, 86901,03082023,26092023 044822,   6, 30173.8, 21.966,283.249,0.496955,359.9,283.313,5.55e+00, 16.8, 2.7,566
5114, 87000,24032015,26092023 025630,  71, 29991.1, 25.433, 95.088,0.698449,  0.0,106.179,3.69e+00, 13.8,15.3, - 
5115, 87001,10022015,25092023 213024, 170, 30195.3, 24.049, 12.063,0.690235,359.7,293.562,1.95e+00, 15.9,15.2, - 
5116, 87002,06042019,26092023 073410, 168, 30238.8,  9.234,168.379,0.508449,  0.8, 86.656,2.24e+00, 15.2,66.3, - 
5117, 87003,15082019,25092023 220058,  59, 30199.0, 11.157,129.687,0.520344,  0.4,122.610,1.20e-01, 14.9, 0.1, 23
5118, 87004,26082019,26092023 074007,1433, 30205.3, 11.056,145.478,0.474305,  0.6, 84.939,1.92e+00, 17.4,48.2, - 
5119, 87005,25092019,26092023 074022,   0, 30206.8,  9.870,174.081,0.468980,  0.8, 61.422,2.45e+00, 15.1, 0.3, 69
5120, 87006,02102019,26092023 021903, 286, 30203.7, 10.930,133.486,0.517130,  0.5,117.154,2.04e-01, 16.2, 5.2, - 
5121, 87007,15102022,26092023 042354,  83, 30212.0, 10.232,169.940,0.478770,  0.7, 67.346,1.19e-01, 14.0, 0.7,156
5122, 87100,07042019,25092023 173508,1596, 30209.2, 10.900,133.298,0.518930,  0.5,117.582,2.84e-01, 15.7,13.3, - 
5123, 87101,31072019,26092023 023412, 190, 30323.6, 11.815,180.961,0.530699,  0.6, 39.195,4.38e+00, 14.2,97.2, - 
5124, 87102,28082019,25092023 213957,   4, 30230.9, 10.158,161.153,0.480333,  0.7, 69.537,2.33e+00, 17.7, 0.1, 24
5125, 87200,01022019,26092023 055037, 156, 30437.8, 12.504,  2.549,0.215500,359.4,328.446,8.57e+00, 17.8, 6.8, - 
5126, 87201,14072019,26092023 075903,   1, 30246.2, 11.835,120.949,0.528470,  0.3,132.905,1.71e-01, 14.1, 0.1,  5
5127, 87202,25082019,26092023 100916, 332, 30263.4, 11.324,137.302,0.491057,  0.5, 99.361,9.76e-01, 18.2, 9.8, - 
5128, 87204,08092020,26092023 091426,1082, 30323.4, 23.850,344.283,0.712673,359.7, 38.248,3.26e+00, 16.0, -  , - 
5129, 87205,23112021,26092023 011345, 618, 30444.0, 25.249,258.875,0.695088,  0.1, 73.602,4.00e+00, 14.9,28.6, - 
5130, 87300,16092013,26092023 021623,  80, 30384.3, 24.609,316.767,0.703147,359.8, 10.370,2.62e+00, 15.4, 6.9, - 
5131, 87301,30072019,26092023 100117,1073, 30283.9, 11.878,132.194,0.492095,  0.4,105.361,5.04e-01, 18.6,38.2, - 
5132, 87302,30072019,26092023 020050,   2, 30271.5, 12.025,152.852,0.394060,  0.6, 57.656,3.76e-01, 16.7, 0.1,  6
5133, 87303,25092019,25092023 194403,1124, 30279.3, 10.303,162.008,0.491263,  0.7, 61.735,3.71e+00, 17.9,23.9, - 
5134, 87304,21112019,26092023 083505, 245, 30235.7, 11.276,135.901,0.494221,  0.5,101.200,1.44e+00, 17.3, 7.0, - 
5135, 87305,03082022,25092023 232835,  28, 30445.9, 19.396,278.193,0.678929,360.0,274.515,1.73e+01, 16.6,19.3, - 
5136, 87500,04082008,25092023 174500,  61, 29944.4,  3.903,327.613,0.372365,358.4,193.277,2.54e+00, 17.2,12.6, - 
5137, 87501,04082018,25092023 192258,1874, 30310.9, 19.150,310.168,0.639447,359.7,249.011,1.63e+01, 16.7, -  , - 
5138, 87502,27062019,25092023 203501,  90, 30332.3, 10.027,163.502,0.471255,  0.7, 69.685,1.03e+00, 16.8, 8.0, - 
5139, 87503,21102019,25092023 223520,1127, 30292.0,  9.883,138.771,0.568013,  0.6,132.724,3.30e+00, 17.2, -  , - 
5140, 87504,13102020,25092023 145924,1074, 30357.7, 21.679,251.282,0.530368,  0.1,299.194,5.44e+00, 16.4, -  , - 
5141, 87600,07102018,25092023 161403,  35, 30352.9, 20.674,297.382,0.434042,359.8,245.292,2.67e-01, 16.9, 0.3, 44
5142, 87700,08082016,26092023 112845, 560, 30373.6, 27.526, 21.251,0.767058,359.7, 27.480,3.26e-02, 18.2,80.4,332
5143, 87701,11122019,25092023 205313,1362, 30444.1, 21.577,283.004,0.721822,359.9, 96.439,1.16e+00, 17.7,59.2, - 
5144, 87800,30072019,26092023 012241,1099, 30366.3, 13.930, 93.251,0.579698,  0.0,175.077,2.28e+00, 16.0, -  , - 
5145, 87801,27112019,26092023 031423,1357, 30456.9, 20.723,318.735,0.700095,359.7, 69.586,1.77e+00, 16.7,49.3, - 
5146, 87900,30052019,26092023 111308, 229, 30403.0, 12.882,113.296,0.569061,  0.2,134.534,2.62e+00, 16.2, -  , - 
5147, 87901,04062019,25092023 170522, 403, 30413.6, 11.532,125.836,0.525613,  0.4,124.568,1.14e-01, 17.2, 7.8, - 
5148, 87902,17072019,25092023 223945,  33, 30423.8, 11.176,145.866,0.468440,  0.6, 83.175,3.24e+00, 14.2,26.3, - 
5149, 87903,28082019,26092023 112153,1077, 30433.9, 10.068,157.434,0.467454,  0.7, 70.838,4.33e+00, 18.8, -  , - 
5150, 87904,21092020,25092023 205527,1074, 30444.8, 10.372,214.109,0.369323,  0.6,325.444,7.10e+00, 17.4, -  , - 
5151, 87905,06042023,25092023 234022,   0, 30339.0, 10.967,137.620,0.484048,  0.5, 91.911,1.37e+00, 13.7, 0.5,107
5152, 88000,22082012,26092023 082044,3822, 30428.3,  8.096,316.920,0.372065,359.3,109.670,5.83e-01, 16.7,57.1, - 
5153, 88001,04122018,26092023 101246,1748, 30466.6, 13.726,355.488,0.505178,359.4,142.889,2.06e+01, 17.6, -  , - 
5154, 88002,10012019,25092023 133434, 306, 30345.0, 20.723,298.101,0.426639,359.8,244.348,7.93e-03, 17.1, 1.6,259
5155, 88004,12102021,26092023 053522, 678, 30411.2, 10.212,150.564,0.460746,  0.6, 78.582,5.21e+00, 15.6,72.8, - 
5156, 88100,09102012,25092023 202308, 560, 30231.7, 24.255, 12.276,0.693328,359.7,293.812,1.93e+00, 15.9,31.2, - 
5157, 88101,05112018,25092023 233137,1777, 30102.1, 17.831,222.739,0.622210,  0.3,316.300,1.20e+01, 14.3, -  , - 
5158, 88102,11122020,25092023 233158, 964, 30558.1, 31.626, 59.775,0.734968,359.9,331.089,3.12e+00, 14.3,97.3, - 
5159, 88103,12042022,26092023 052325, 314, 30462.7,  8.175,353.792,0.186505,359.1, 54.565,5.31e+00, 18.7, 8.8, - 
5160, 88200,24122022,26092023 005946, 272, 30536.4, 24.017, 39.277,0.678481,359.7,238.300,2.40e+00, 16.7, 6.0, - 
5161, 88300,22092019,25092023 231307,1021, 30521.8,  8.874,157.419,0.533794,  0.8, 83.564,9.79e+00, 17.7, -  , - 
5162, 88400,01042019,25092023 115007, 390, 30204.0, 11.354,306.257,0.304776,359.6,312.713,1.18e+01, 18.4,21.1, - 
5163, 88401,20062019,26092023 032909, 184, 30518.6, 10.174,151.082,0.507930,  0.6, 91.265,1.01e-01, 17.0, 1.6,312
5164, 88402,03122021,25092023 203804, 274, 30723.2, 20.482,252.269,0.608414,  0.1,308.906,7.38e+00, 15.8,44.4, - 
5165, 88500,27062019,26092023 004312,   5, 30568.3, 10.065,177.117,0.456527,  0.8, 47.927,8.22e-01, 16.4, 0.2, 41
5166, 88600,22112020,25092023 204541, 277, 27423.2, 11.525,123.503,0.426811,  0.4,146.110,3.16e-01, 17.7,10.5, - 
5167, 88601,08102022,25092023 182005, 269, 30546.9, 11.216,131.060,0.411371,  0.4,128.400,3.50e+00, 17.6, -  , - 
5168, 88700,14072019,26092023 102033, 270, 30613.9, 10.452,172.670,0.489387,  0.7, 52.957,1.00e+00, 18.0,35.2, - 
5169, 88701,27102019,25092023 211819,1425, 30628.0, 19.226,315.628,0.701866,359.7, 99.541,1.37e+01, 18.1, -  , - 
5170, 88702,27102019,25092023 235644,  15, 30486.8, 10.307,154.019,0.540215,  0.7, 70.755,7.92e+00, 15.1, 4.8, - 
5171, 88800,21092017,26092023 055401,  68, 29543.0, 18.274, 81.158,0.383952,359.9,133.975,2.63e+01, 16.7, 8.0, - 
5172, 88802,12022021,25092023 225823,  32, 30795.2, 12.283, 36.635,0.247594,359.5,343.135,1.71e+01, 16.9, 5.1,556
5173, 89000,19062013,25092023 203055,2550, 30633.5, 20.526,355.187,0.412977,359.6,157.273,2.74e+01, 18.1, -  , - 
5174, 89001,06092018,25092023 181342, 306, 30671.3, 20.706,300.756,0.428945,359.8,238.114,1.91e-01, 16.8, 5.3, - 
5175, 89002,14092018,26092023 024839,1832, 30591.4, 19.421,284.748,0.506143,359.9,248.664,6.03e+00, 18.4, -  , - 
5176, 89200,23062020,26092023 005330,   0, 30666.2, 10.238,171.503,0.493706,  0.7, 57.889,2.00e+00, 12.9, 0.2, 46
5177, 89300,04052019,26092023 014033,1323, 30646.1,  9.401,145.155,0.552349,  0.7, 92.808,2.40e+00, 15.7, -  , - 
5178, 89301,27102021,26092023 002439, 676, 30738.4, 21.062,309.175,0.378215,359.8,219.710,1.66e-01, 16.4, 1.5,238
5179, 89400,14082019,25092023 203410,   1, 30329.7, 10.112,164.204,0.477287,  0.7, 69.236,1.32e+00, 16.2, 0.2, 49
5180, 89401,24082023,25092023 224619,   1, 30672.4, 11.453,136.185,0.568520,  0.5,132.604,8.75e+00, 16.8, 1.7,341
5181, 89500,22012021,26092023 055136, 245, 30866.3, 25.383,273.865,0.712284,360.0, 47.015,3.58e+00, 14.3,49.7, - 
5182, 89601,03112018,25092023 164120, 715, 30807.7, 20.454,295.212,0.443870,359.8,244.358,2.60e-01, 15.2,15.6, - 
5183, 89602,05042021,25092023 134727, 902, 30667.9, 24.612,355.535,0.420116,359.7,213.149,2.15e+01, 18.6, -  , - 
5184, 89603,18122022,25092023 184158,   7, 30826.5, 12.354, 32.304,0.384139,359.5,270.168,1.94e+00, 17.7, 0.2, 49
5185, 89700,03072019,26092023 085737,   1, 30863.7, 10.840,212.201,0.431581,  0.6, 19.184,6.07e+00, 16.0, 0.7,149
5186, 89701,26082019,26092023 055353,1124, 30883.5, 10.408,187.107,0.466708,  0.7, 39.826,2.28e+00, 17.7, -  , - 
5187, 89702,14072023,25092023 202258,  21, 30833.3, 20.925,306.647,0.426782,359.8,228.869,2.32e-01, 16.7, 0.1,  9
5188, 89800,23082019,26092023 051339,   0, 30985.4,  9.489,177.050,0.453624,  0.8, 50.367,8.44e+00, 16.4, 0.5,113
5189, 89801,25102020,26092023 011659, 599, 30783.6,  8.596,165.674,0.486856,  0.9, 48.218,9.08e+00, 16.4, -  , - 
5190, 89802,31082022,26092023 010751, 281, 30864.4,  2.891,201.257,0.447399,  2.4,347.100,5.48e+00, 18.2,20.9, - 
5191, 89803,16022023,25092023 141322, 201, 30825.0, 58.169,117.812,0.128375,  0.1,110.165,5.57e+00, 17.2,13.8, - 
5192, 89900,10092018,25092023 223648, 227, 30799.1, 56.842,117.232,0.202647,  0.1, 85.392,6.94e+00, 17.5,25.2, - 
5193, 89901,14052019,26092023 112524,1583, 30880.5, 10.007,159.226,0.500645,  0.7, 78.384,2.98e-01, 14.3, -  , - 
5194, 89902,20102019,26092023 044739,1316, 30817.3,  9.524,189.075,0.530126,  0.8, 41.769,1.47e+00, 17.0, -  , - 
5195, 89904,19012023,25092023 143033,  60, 30912.4, 58.015,120.895,0.139602,  0.1, 36.075,7.61e+00, 17.5,14.8, - 
5196, 90000,24042022,26092023 045541, 471, 30886.2, 11.204, 84.300,0.180643,359.9,246.765,1.01e+01, 17.5, -  , - 
5197, 90100,22112019,25092023 214418,1347, 30633.0, 10.403, 71.185,0.632727,359.8,171.310,9.35e+00, 16.0, -  , - 
5198, 90200,15092017,25092023 212859, 174, 30932.6,  8.382, 97.099,0.367321,  0.1,164.576,2.05e+00, 17.3, 8.1, - 
5199, 90201,20072019,26092023 011144,1043, 30928.5, 10.938,139.100,0.517481,  0.5, 99.810,9.05e-02, 16.5, 6.2, - 
5200, 90202,13122022,25092023 190725,   1, 30928.3, 14.717,168.808,0.447865,  0.5, 38.978,4.07e+00, 16.3, 0.8,160
5201, 90300,13082019,26092023 130025,  13, 30964.1, 10.068,167.151,0.453819,  0.7, 52.890,1.54e+00, 17.9, 0.7,124
5202, 90301,27082019,26092023 034330, 306, 30914.5, 11.076,213.061,0.396860,  0.6,  9.898,1.79e+00, 16.4, -  , - 
5203, 90302,20082023,25092023 213645,  31, 30950.3, 56.380,121.044,0.174926,  0.1, 70.202,3.39e+00, 18.1, 0.5,104
5204, 90400,22092019,25092023 150121,   2, 31010.4, 10.466,198.096,0.562081,  0.7, 38.206,5.96e+00, 15.5, 1.9,412
5205, 90401,16042023,26092023 073732, 157, 30897.0, 14.064,100.540,0.585841,  0.1, 86.474,3.70e+01, 17.6, -  , - 
5206, 90500,29082019,25092023 201623,1080, 31008.2, 11.051,154.923,0.456731,  0.6, 63.481,1.36e-01, 14.6, 4.8,493
5207, 90503,22032022,26092023 040838, 550, 31159.1, 10.432, 38.491,0.413808,359.4, 89.267,3.00e+01, 18.0,74.8, - 
5208, 90600,01072019,26092023 081109, 329, 31021.7, 10.017,157.413,0.516680,  0.7, 80.080,1.40e+00, 16.7,78.0, - 
5209, 90700,09082016,26092023 002210,1279, 30862.7,  8.968, 39.651,0.289944,359.3,346.678,1.38e+01, 17.3, -  , - 
5210, 90701,04032019,26092023 114000,1658, 31017.3, 16.193, 60.889,0.488257,359.8, 87.924,9.32e+00, 17.1,69.9, - 
5211, 90800,26082019,25092023 170140,1069, 31114.4, 11.103,149.075,0.510193,  0.6, 74.984,2.23e+00, 17.9, -  , - 
5212, 90900,01072019,26092023 003003,   5, 31099.3,  9.976,177.989,0.460753,  0.8, 42.218,2.33e-01, 17.3, 0.1, 18
5213, 91000,15062019,26092023 095406,  12, 31120.4,  9.972,167.729,0.490518,  0.7, 61.408,1.29e-01, 17.4, 0.1, 24
5214, 91002,19042020,25092023 203507, 343, 31118.5,  5.106,336.000,0.386616,358.7,149.738,2.28e+00, 18.0, 5.9,761
5215, 91100,30072019,26092023 130643, 285, 31151.6, 10.121,184.977,0.470368,  0.7, 42.374,2.30e+00, 17.6,62.6, - 
5216, 91101,29072022,26092023 050417, 421, 31162.6, 25.614, 80.543,0.752090,359.9, 85.775,3.20e+00, 17.3, -  , - 
5217, 91102,16082023,26092023 102601,  11, 31231.1,  4.570,134.033,0.134777,  1.2,356.258,3.42e+01, 17.3, 5.5, - 
5218, 91200,23052006,26092023 014840, 190, 31223.2,  7.195, 54.169,0.054054,359.4,140.329,2.24e+01, 18.2, -  , - 
5219, 91201,11052019,25092023 223752,1201, 31117.6,  8.312,170.235,0.522408,  0.9, 50.156,8.10e+00, 16.2, -  , - 
5220, 91202,17112022,25092023 224245, 245, 31195.0,  9.356,133.757,0.562992,  0.6,140.150,4.53e+00, 18.1, 5.0, - 
5221, 91300,01052019,25092023 194841,   1, 31390.5, 10.926,147.909,0.490506,  0.6, 86.640,3.05e+00, 14.0, 0.8,161
5222, 91400,12082019,26092023 110027, 243, 30954.8,  8.791,197.257,0.405724,  0.8, 21.117,8.08e+00, 15.9,85.7, - 
5223, 91600,15082019,26092023 042801,1428, 31269.2, 10.906,157.789,0.462775,  0.6, 59.085,2.18e-01, 17.1,23.0, - 
5224, 92000,12062021,25092023 224833, 746, 31345.3, 11.037,151.401,0.454714,  0.6, 69.987,2.72e-01, 14.7, -  , - 
5225, 92100,16072019,26092023 115832,   2, 31381.4,  9.952,168.714,0.492664,  0.7, 57.934,4.61e-02, 16.9, 0.1,  3
5226, 92101,26092022,25092023 172049, 357, 31365.2, 56.854,  2.983,0.070135,359.8,126.464,1.03e+01, 17.5, -  , - 
5227, 92200,01062008,25092023 222825,  37, 31438.3,  9.176, 37.592,0.269426,359.3,302.682,4.03e+00, 17.6, 1.6,311
5228, 92301,15102019,25092023 170846, 241, 31391.6, 10.790,160.353,0.477970,  0.7, 59.537,4.58e+00, 16.7, -  , - 
5229, 92400,08122016,25092023 235846,   0, 42166.6,  0.143,101.987,0.000041,250.3,214.818,9.81e-03, 12.2, 0.1,  1
5230, 92401,15082018,26092023 074209, 140, 31511.4, 10.531, 52.995,0.273938,359.6,267.170,5.07e+00, 18.6,13.4, - 
5231, 92500,02102018,26092023 011331,1788, 31324.1, 21.061,318.066,0.402318,359.7,172.969,9.53e+00, 16.2, -  , - 
5232, 92501,29082020,25092023 232744,1122, 31510.6,  8.229,220.083,0.417931,  0.7,327.572,1.18e+01, 17.3, -  , - 
5233, 92600,14092018,25092023 233142,  11, 31453.9, 21.689,325.849,0.380289,359.7,194.621,1.15e+00, 17.9, 0.8,128
5234, 92601,18012023,26092023 050630, 248, 31474.1,  8.426,103.127,0.209161,  0.2,156.280,5.25e+00, 17.9, -  , - 
5235, 92800,20102019,25092023 212349, 741, 31529.6,  9.913,164.815,0.510621,  0.7, 65.307,8.56e+00, 17.8, -  , - 
5236, 92900,31072019,25092023 215842, 210, 31580.9, 12.120,140.806,0.518701,  0.5, 84.118,1.50e+00, 17.6, 7.8, - 
5237, 93000,25032018,25092023 215940,1995, 31588.1,  3.857,103.578,0.450582,  0.4, 77.243,7.68e+00, 18.1,68.8, - 
5238, 93001,26082019,26092023 032432, 341, 31631.6, 11.048,144.768,0.514799,  0.6, 82.963,1.80e+00, 17.4,57.4, - 
5239, 93002,30082019,25092023 230325, 211, 31558.4,  9.889,154.759,0.536374,  0.7, 85.203,1.78e-01, 14.4,16.3,522
5240, 93100,10092018,26092023 000831,1244, 31585.0, 20.487,307.929,0.474572,359.8,221.956,1.71e+00, 16.0, -  , - 
5241, 93101,12112018,26092023 074033, 326, 31602.0, 20.654,307.328,0.466479,359.8,218.627,1.94e+00, 16.7,98.4, - 
5242, 93102,24042022,25092023 174542, 397, 31637.2, 49.318,210.976,0.494807,  0.1,154.183,1.73e+01, 16.6,30.7, - 
5243, 93200,26032017,26092023 091408,  11, 31685.6, 14.111,176.796,0.613548,  0.5, 51.805,2.58e+00, 17.2, 2.4,509
5244, 93201,28042017,25092023 125320,1989, 31676.8,  8.824,326.225,0.385558,359.3,221.120,1.43e+01, 18.0, -  , - 
5245, 93202,22092019,26092023 094404,   3, 31615.9,  8.381,114.960,0.355582,  0.4, 81.179,7.93e+00, 17.4, 0.3, 49
5246, 93203,24042022,25092023 193538, 275, 31639.6,  7.960, 29.878,0.270638,359.2,  0.319,4.41e+00, 18.2,15.0, - 
5247, 93300,15042018,25092023 184559,  12, 31641.2,  5.392,217.605,0.335921,  1.1,271.077,1.09e+00, 17.9, 0.1, 26
5248, 93302,28082019,25092023 194714,   5, 31583.8,  9.952,166.175,0.480788,  0.7, 53.198,1.23e+00, 17.1, 0.7,145
5249, 93400,29062020,26092023 034426, 360, 31662.5,  9.645,160.375,0.560319,  0.7, 66.013,6.77e+00, 16.7, -  , - 
5250, 93500,14092018,25092023 141104,  51, 31681.7, 20.624,306.542,0.455221,359.8,224.540,3.10e-01, 16.2, 1.3,225
5251, 93501,07102020,26092023 004644,1014, 31750.6, 14.344, 76.565,0.566529,359.9,231.655,7.96e+00, 17.5, -  , - 
5252, 93600,07092018,25092023 173047,1749, 31661.1, 21.907,327.057,0.424546,359.7,189.661,1.76e+00, 17.6,37.1, - 
5253, 93601,28032022,25092023 185519, 533, 31695.7,  4.683,182.325,0.291504,  1.6,314.265,1.09e+01, 18.6, -  , - 
5254, 93700,03092018,25092023 214918, 316, 31722.1, 21.685,324.216,0.402003,359.7,196.487,2.29e-01, 15.0, 7.3, - 
5255, 93800,23122009,26092023 073543,   1, 31741.0,  5.739,216.014,0.348814,  1.1,272.938,1.50e+00, 17.0, 0.1,  4
5256, 93801,18092018,26092023 025708, 378, 31739.5, 21.349,318.385,0.428772,359.7,206.936,2.23e-01, 16.8, 5.9, - 
5257, 93802,21092019,25092023 170136,1435, 31762.6,  9.580,181.814,0.422666,  0.8, 26.421,1.52e+00, 17.7, -  , - 
5258, 93900,07082019,26092023 023053,1504, 31798.2,  7.907,157.911,0.469665,  0.9, 34.253,1.08e+01, 17.5, -  , - 
5259, 93901,26092019,26092023 111108, 635, 31783.6, 11.209,154.618,0.478613,  0.6, 60.263,5.69e-01, 17.3,21.3, - 
5260, 93902,31032022,25092023 183645, 155, 31737.3,  8.684, 52.537,0.240813,359.5,172.085,4.74e+00, 17.9,19.6, - 
5261, 94000,02102018,25092023 194711,1816, 31733.9, 21.582,326.379,0.378455,359.7,173.407,5.61e+00, 18.1,48.6, - 
5262, 94100,26082019,26092023 121825,1429, 31839.1,  9.806,161.330,0.537171,  0.7, 74.174,2.30e-01, 16.7, 4.1,836
5263, 94101,05112019,26092023 035832,1136, 31817.5,  9.850,160.332,0.538173,  0.7, 75.647,1.71e-01, 17.4,24.6, - 
5264, 94102,06062022,25092023 225554,  43, 31858.1, 22.941,207.450,0.692339,  0.3,299.050,3.12e+00, 15.6, 4.4,936
5265, 94200,05022022,25092023 160644,  98, 31845.8,  8.021, 82.055,0.289565,359.9,227.849,3.10e+00, 18.0, 2.2,305
5266, 94201,19062023,25092023 213052,  39, 31825.1,  8.177,117.378,0.336315,  0.4, 68.514,6.42e+00, 18.0, 1.6,315
5267, 94400,03092022,25092023 175132, 382, 31906.3,  7.213,170.367,0.380002,  1.0,343.794,1.41e+00, 18.0, -  , - 
5268, 94500,29072019,26092023 053539,   8, 31935.1,  7.563,176.441,0.570147,  1.0, 44.694,2.91e+00, 16.2, 1.3,272
5269, 94501,26082019,25092023 203358,1450, 31923.1, 10.746,140.455,0.607917,  0.5,111.746,3.75e+00, 17.2, -  , - 
5270, 94600,22092019,26092023 014246,1462, 31928.8,  9.396,184.897,0.496291,  0.8,  9.553,7.08e+00, 17.4, -  , - 
5271, 94602,25052023,26092023 003430,  98, 31956.6,  6.921, 15.289,0.242502,358.9, 14.799,2.93e+00, 17.5,15.3, - 
5272, 94603,27052023,26092023 020406, 103, 31972.5,  9.316, 45.020,0.245263,359.4,347.088,4.41e+00, 17.8, -  , - 
5273, 94800,23082019,26092023 092601,   1, 31988.3,  9.967,172.641,0.484338,  0.8, 43.335,3.73e-01, 16.8, 0.1,  9
5274, 94801,27102019,25092023 143423,1422, 31931.3,  9.395,172.572,0.523709,  0.8, 17.405,9.63e+00, 17.3, -  , - 
5275, 94900,20102019,26092023 025343,1420, 31972.2, 10.350,183.487,0.473269,  0.7, 12.984,1.25e+01, 17.4, -  , - 
5276, 94901,10012020,25092023 213916,1350, 31936.7, 10.490,178.553,0.581059,  0.7, 72.353,6.17e+00, 15.6, -  , - 
5277, 94902,22072023,25092023 220307,  61, 31979.0,  7.396,130.711,0.312563,  0.7,131.836,2.41e+00, 18.1,44.5, - 
5278, 95001,16092023,26092023 091155,   1, 32006.1,  4.501, 55.263,0.312207,359.0,170.972,6.42e+00, 17.6, 0.1, 12
5279, 95101,03112019,26092023 024502, 344, 32119.5, 10.406,183.543,0.457884,  0.7, 22.589,2.52e+00, 17.6, -  , - 
5280, 95102,31102021,25092023 231910, 207, 32033.9,  8.742,329.618,0.447656,359.3,220.016,1.37e+01, 17.5,18.4, - 
5281, 95103,02112022,26092023 074126, 123, 32053.5,  7.468,223.858,0.450532,  0.7,284.656,1.77e+01, 17.9, 9.8, - 
5282, 95200,21102019,25092023 224918,1119, 32039.5, 11.125,156.398,0.500318,  0.6, 52.711,2.96e+00, 18.4, -  , - 
5283, 95201,18012023,25092023 233425, 218, 32068.8, 12.270, 95.622,0.124855,  0.1,173.330,1.19e+01, 17.9,28.9, - 
5284, 95300,23032018,26092023 130923,1971, 32083.4,  1.921,144.839,0.417631,  3.3, 29.875,6.32e+00, 16.9, -  , - 
5285, 95301,30082022,26092023 001743,   1, 32113.6,  9.557,191.087,0.435516,  0.8, 19.789,2.12e-02, 17.5, 0.1,  1
5286, 95302,20082023,25092023 212341,  33, 32081.2, 14.737,316.417,0.513999,359.6,251.637,2.77e+01, 17.9, -  , - 
5287, 95400,18082020,25092023 212743, 109, 32138.4,  8.026, 90.243,0.335079,360.0,228.112,1.46e+00, 17.9, 5.7,415
5288, 95401,06112021,26092023 020525, 360, 32112.1,  9.400,200.153,0.414779,  0.8,  6.907,8.79e+00, 17.4, -  , - 
5289, 95500,28042017,25092023 210830, 152, 32024.9,  5.144,338.109,0.299147,358.7, 98.856,2.14e+00, 12.8, 9.0, - 
5290, 95502,01102022,25092023 134850, 246, 32085.5, 19.060,323.991,0.231353,359.7,194.066,1.75e+01, 17.8,28.4, - 
5291, 95600,16032012,26092023 012628,  47, 32768.0,  7.408, 56.456,0.067581,359.4,332.975,9.58e+00, 17.6,15.9, - 
5292, 95601,02112018,26092023 090452,  62, 31984.6, 20.581,311.200,0.447269,359.8,214.580,7.28e+00, 17.6,87.8, - 
5293, 95602,30092022,25092023 175103,  17, 32105.2, 12.852,307.701,0.531730,359.6,195.624,2.87e+01, 17.1, 9.7, - 
5294, 95700,07092018,26092023 095129,1772, 32167.9, 22.129,333.241,0.380873,359.7,178.905,4.80e-01, 18.0,30.2, - 
5295, 95701,27072019,26092023 084739,   1, 32180.0, 10.946,152.742,0.504603,  0.6, 66.614,1.13e-01, 13.6, 0.1,  6
5296, 95703,31082022,25092023 123821, 228, 32144.6,  1.601,184.182,0.560100,  4.7, 13.560,1.42e+01, 17.8,14.7, - 
5297, 95704,26072023,26092023 014456,  41, 32177.4, 20.615,303.554,0.496454,359.8,227.814,1.00e-02, 17.4,12.8, - 
5298, 95800,07092018,25092023 194404,1663, 32132.3, 20.971,320.537,0.452626,359.7,191.276,4.27e+00, 18.2,59.6, - 
5299, 95801,14062019,25092023 195405,   3, 32323.6, 10.393,157.524,0.497681,  0.7, 51.694,6.15e+00, 15.5, 1.4,216
5300, 95900,07092016,25092023 123327, 169, 32224.9,  8.133,104.107,0.320937,  0.2,215.034,9.44e-01, 17.0, 6.5, - 
5301, 95902,04082022,25092023 232923, 242, 32234.4, 21.495,324.810,0.408690,359.7,192.674,1.41e-01, 16.9, 2.4,484
5302, 96000,26082019,26092023 035907, 229, 32212.6,  7.824,169.132,0.462078,  0.9, 54.916,2.36e+00, 14.2,54.5, - 
5303, 96100,27062021,25092023 214916, 741, 32263.1, 10.550,157.174,0.490751,  0.7, 53.127,6.18e+00, 15.9, -  , - 
5304, 96200,03062019,26092023 024051,1541, 32319.3,  5.038,121.661,0.593922,  0.8, 98.719,1.18e+01, 15.7, -  , - 
5305, 96201,11102021,26092023 105527,   2, 32160.3,  9.096,173.805,0.488661,  0.8, 42.621,6.93e+00, 16.1, 0.5,106
5306, 96202,21082022,26092023 025752, 225, 32291.7,  9.324,167.392,0.537480,  0.8, 58.650,1.69e+00, 17.4, 6.3, - 
5307, 96203,09022023,25092023 203816, 226, 32230.0, 22.357,353.291,0.232501,359.7,136.244,7.09e+00, 17.7, -  , - 
5308, 96300,12072010,26092023 080041, 153, 32135.2,  5.665,274.907,0.338727,359.9,176.069,9.35e+00, 18.1, -  , - 
5309, 96301,11042015,26092023 001115, 140, 32264.6, 14.432, 94.271,0.674214,  0.0,223.452,4.51e+00, 14.7,34.4, - 
5310, 96302,18102022,26092023 005636, 336, 32320.1,  9.749,182.474,0.485205,  0.8, 30.407,4.31e-01, 17.0,15.6, - 
5311, 96400,26082012,26092023 030851, 197, 32429.0,  6.763,146.708,0.284081,  0.9,125.998,1.25e+01, 16.5, -  , - 
5312, 96402,28112016,25092023 202851,  70, 32331.1,  2.779,138.245,0.217143,  2.1,247.221,3.01e+00, 17.2, 9.5, - 
5313, 96403,24012023,25092023 195926, 243, 32348.2,  8.227,118.523,0.323384,  0.4,179.167,1.97e+00, 18.1,44.5, - 
5314, 96502,23102019,25092023 162235,   2, 32333.3,  8.575,186.537,0.390990,  0.9, 26.501,8.68e+00, 16.8, 0.9,198
5315, 96600,11052019,26092023 035455, 963, 32356.9,  9.142,179.513,0.488283,  0.8, 34.508,7.05e+00, 14.5, -  , - 
5316, 96703,24032020,25092023 160633, 206, 32177.6, 10.604, 65.485,0.564335,359.7,153.830,1.23e+01, 17.1,79.1, - 
5317, 96800,18032018,26092023 072916,2015, 32423.5,  4.081,242.387,0.356233,  0.9,227.364,2.63e+00, 17.3,27.1, - 
5318, 96801,03092018,25092023 231152,1833, 32354.3, 21.785,329.550,0.361982,359.7,164.442,3.94e+00, 17.0, -  , - 
5319, 96802,12062019,26092023 141610,   1, 32496.7, 10.678,176.740,0.565447,  0.7, 36.233,1.14e+00, 16.2, 0.3, 52
5320, 96803,27082021,25092023 142636, 244, 32240.6, 27.076, 72.062,0.363360,359.9,115.212,1.84e+01, 16.6,23.9, - 
5321, 96804,16072023,25092023 181950,  63, 32440.2,  7.464,156.864,0.397524,  0.9,329.049,4.32e+00, 17.9, 4.0,550
5322, 97000,05092016,25092023 231109,2558, 32069.7, 19.270,337.986,0.635439,359.6,202.612,2.70e+01, 17.2, -  , - 
5323, 97001,10092023,26092023 012628,   9, 32469.3,  2.574,273.941,0.396295,359.9,193.183,3.37e+00, 18.0, 1.0,200
5324, 97100,02112015,25092023 144901, 183, 42609.8, 26.284,  1.804,0.493233,359.7,209.318,1.63e+01, 15.6,27.4, - 
5325, 97101,09022016,25092023 092806,2399, 35213.6, 12.025,342.215,0.520837,359.4,214.789,5.07e+01, 16.9, -  , - 
5326, 97201,03092018,25092023 094737,1755, 32451.5, 19.201,286.663,0.589336,359.9,246.354,2.19e+00, 17.1, -  , - 
5327, 97202,08092018,26092023 033809,1820, 32443.4, 22.036,331.722,0.337358,359.7,155.839,7.56e+00, 18.7, -  , - 
5328, 97204,25082019,25092023 200713,   6, 32513.2, 11.038,160.477,0.477862,  0.6, 46.864,5.21e-02, 17.6, 0.1, 14
5329, 97206,10092021,26092023 031549,   7, 32527.2, 20.282,307.860,0.482704,359.8,217.689,1.70e+00, 16.7, 1.0,210
5330, 97300,25122011,26092023 073354,   5, 32922.6, 13.108, 55.748,0.186669,359.7,130.226,1.30e+01, 16.3, 0.8,168
5331, 97301,21112022,25092023 222310, 120, 32435.4,  8.095,145.538,0.467271,  0.8, 25.296,2.39e+01, 17.3,13.4, - 
5332, 97501,08092018,26092023 011157,   9, 32570.4, 21.654,326.710,0.416945,359.7,189.928,2.31e+00, 17.1, 2.4,430
5333, 97502,26082019,26092023 080953,1484, 32606.7,  9.990,152.722,0.491487,  0.7, 41.858,1.18e+01, 18.0, -  , - 
5334, 97503,14012021,25092023 205156, 183, 32583.5,  5.757, 18.364,0.143377,358.7,316.745,8.80e-01, 17.3,17.1, - 
5335, 97600,22102008,26092023 134432,   4, 32577.1,  5.032,349.173,0.304928,358.5, 54.365,2.54e-01, 16.6, 0.1, 22
5336, 97601,14052023,26092023 022258,  53, 32616.3,  1.174,220.818,0.328432,  4.6,301.831,4.48e+00, 15.8,18.2, - 
5337, 97700,18082023,25092023 155114,  10, 32643.7, 17.121,331.164,0.221760,359.6,221.835,1.08e+01, 18.2,31.7, - 
5338, 97800,26082019,26092023 014621,   0, 32605.2,  9.851,157.303,0.556286,  0.7, 74.250,5.66e-01, 16.1, 0.1,  8
5339, 97900,05022011,25092023 222828, 158, 31311.6, 26.210, 35.248,0.245635,359.8,180.421,3.90e+01, 17.7,41.4, - 
5340, 97901,22082019,25092023 223127,   1, 32682.1,  9.963,174.802,0.486706,  0.8, 33.683,3.43e-01, 17.4, 0.1,  6
5341, 98000,11062019,25092023 233702,  48, 32611.6,  9.322,208.379,0.442858,  0.7,349.639,6.44e+00, 15.8,19.2, - 
5342, 98001,21092019,26092023 061541,  10, 32591.6,  9.758,194.612,0.475508,  0.8, 11.024,6.75e+00, 15.6, 4.4,902
5343, 98100,26062019,25092023 184604,1541, 32704.2, 20.461,331.133,0.442309,359.7,160.791,1.27e+01, 14.7, -  , - 
5344, 98101,29082019,25092023 231409,  61, 32458.0, 14.033,136.395,0.652062,  0.4, 90.883,8.25e+00, 16.1,10.5, - 
5345, 98102,23092019,26092023 002548,  23, 32800.2,  8.515,173.840,0.516118,  0.9, 46.863,4.74e+00, 17.6, 5.4, - 
5346, 98300,16122017,26092023 011957,1614, 33101.9, 10.201,234.483,0.707206,  0.4,299.698,2.73e+01, 15.8, -  , - 
5347, 98500,28082019,25092023 221236,   3, 32922.2,  8.801,191.191,0.459644,  0.8, 18.518,5.92e+00, 16.5, 0.9,179
5348, 98501,16072023,26092023 004356,  60, 32808.8,  5.807,296.132,0.397690,359.5,157.826,1.73e+00, 16.9, 4.4,883
5349, 98600,20012008,26092023 013332,   1, 32819.9,  6.207,181.777,0.323960,  1.2, 61.709,6.31e-01, 15.8, 0.1,  3
5350, 98601,14092023,26092023 092705,   2, 32811.1,  8.253,199.410,0.533856,  0.9, 21.352,5.85e+00, 15.6, 0.4, 69
5351, 98700,06102015,25092023 201145, 227, 33296.1,  7.254, 70.743,0.216737,359.6,281.897,1.12e+01, 17.7,28.0, - 
5352, 98701,22122022,25092023 233431, 124, 32834.4,  4.952,274.006,0.304039,359.9,274.658,3.18e+00, 17.9,13.1, - 
5353, 98800,12082016,25092023 222430,   1, 32896.9,  6.267,200.447,0.319890,  1.1,  0.081,2.74e+00, 17.2, 0.1,  7
5354, 98801,27092016,25092023 180250, 100, 32875.3,  6.477,172.430,0.330701,  1.2, 79.710,6.52e-02, 17.4, 1.0, 25
5355, 98900,07092016,26092023 040349,   2, 33099.7,  6.440,184.092,0.308821,  1.2, 47.004,2.66e+00, 17.5, 0.1, 12
5356, 98901,17122017,26092023 011003, 296, 32197.9,  8.723,276.893,0.516824,359.9,264.028,6.12e+01, 18.0, -  , - 
5357, 98902,09032018,26092023 100747,   6, 32945.1,  7.480, 84.751,0.273267,359.9, 50.247,1.01e+01, 16.9, 0.6, 96
5358, 98905,21092020,26092023 074508, 768, 32958.6, 10.443, 75.321,0.239555,359.8, 43.026,8.05e+00, 17.4, -  , - 
5359, 99000,26062019,26092023 023154, 118, 32916.7, 21.388,323.114,0.438826,359.7,164.636,8.27e+00, 12.8,62.1, - 
5360, 99100,16102021,25092023 192003, 102, 32938.8,  6.212,339.772,0.180187,358.9,228.531,1.64e+01, 17.9, 8.1, - 
5361, 99300,24122016,26092023 052326,1104, 32443.1, 27.461, 71.660,0.380343,359.9,113.164,1.82e+01, 16.6, -  , - 
5362, 99500,03082016,26092023 031045,  52, 32991.0,  6.039,191.914,0.322372,  1.2, 44.745,1.28e-01, 18.7, 0.7,139
5363, 99700,19092015,25092023 123355,   0, 33074.5,  5.362,200.197,0.309458,  1.3, 26.771,2.33e-01, 15.9, 0.1,  2
5364, 99800,26082016,26092023 043842, 227, 33141.1,  5.766,212.386,0.301927,  1.1,  4.051,6.01e-01, 18.0, 2.9,575
5365, 99802,26082019,26092023 045439,1110, 33196.9,  7.884,171.442,0.523331,  0.9, 46.154,1.08e+01, 14.8, -  , - 
5366, 99803,01082021,26092023 082730, 123, 33151.3,  3.692,169.282,0.363887,  2.0,322.050,7.91e+00, 17.6,13.4, - 
5367, 99902,26052023,25092023 223250,   4, 33106.4,  6.172,212.999,0.304683,  1.0,  2.507,6.00e-01, 17.2, 0.1, 20
5368, 99903,25082023,25092023 184524,  29, 33093.5,  9.165,196.164,0.533598,  0.8, 20.891,5.09e+00, 18.4,44.4, - 
5369,100000,07032010,26092023 113910,   6, 33143.8,  6.353,214.221,0.306918,  1.0,  1.596,1.74e-01, 15.5, 0.1, 29
5370,100001,25102016,25092023 181205,   2, 32988.5,  6.978, 18.641,0.421881,359.0,243.970,6.33e+00, 17.2, 0.3, 45
5371,100100,27042019,26092023 102829, 642, 33021.1,  9.615,183.616,0.500343,  0.8, 11.355,8.06e+00, 16.4, -  , - 
5372,100101,20012020,25092023 125006, 169, 32731.0, 15.538,340.566,0.636731,359.5,211.165,3.08e+01, 17.3,24.9, - 
5373,100200,24032006,26092023 025914,   0, 33111.7,  6.015,189.212,0.336160,  1.2,  3.790,3.91e+00, 16.1, 0.1,  5
5374,100300,29032009,26092023 071347,   0, 33176.7,  5.864,205.840,0.330637,  1.2,338.791,3.59e+00, 15.4, 0.1,  3
5375,100301,22072015,25092023 233828,   1, 33166.5,  6.482,219.777,0.303287,  0.9,348.573,2.02e+00, 17.8, 0.6,121
5376,100302,06112016,25092023 151144,2499, 33106.3, 24.318,243.746,0.714174,  0.1,290.078,1.90e+01, 14.6, -  , - 
5377,100401,16092017,26092023 011902, 342, 33339.0,  5.653,103.914,0.353023,  0.3, 43.242,6.81e+00, 17.7,35.3, - 
5378,100402,20092022,26092023 041605,  30, 33190.1,  1.717,131.507,0.438343,  3.0, 95.372,5.62e+00, 18.0, 7.1, - 
5379,100600,01042016,25092023 150645,1778, 33373.3, 20.206,314.535,0.523687,359.7,195.390,4.27e+00, 18.1, -  , - 
5380,100601,07062023,26092023 054116, 103, 33271.9,  6.106,234.269,0.291119,  0.7,322.036,1.16e-02, 18.2, 0.5, 74
5381,100700,02102018,25092023 231459, 269, 33107.1, 22.313,341.293,0.284365,359.7,142.623,4.82e+00, 17.6,48.7, - 
5382,100701,27042023,25092023 132015, 141, 33284.5,  6.742, 29.735,0.294866,359.0,150.437,2.06e+01, 17.9, -  , - 
5383,100800,23052018,25092023 235959,1946, 33327.5,  0.054, 50.316,0.325519,190.5,101.268,4.35e+00, 18.3,42.5, - 
5384,100901,29102019,25092023 172530, 100, 33364.7, 24.279,240.336,0.649063,  0.2,269.825,2.29e+01, 15.7, -  , - 
5385,101000,21042009,26092023 014145,   3, 33338.1,  6.177,235.113,0.293788,  0.7,319.284,6.60e-03, 16.0, 0.1,  1
5386,101002,05102022,25092023 235302,  72, 33356.6,  6.845,211.492,0.339096,  0.9,  0.867,2.17e-01, 15.4, 0.7,133
5387,101003,23032023,25092023 172803,   2, 33163.5,  9.482,358.741,0.202488,359.2,230.882,1.30e+01, 17.8, 0.2, 37
5388,101100,18092019,26092023 054034,1070, 33444.2, 13.039,139.513,0.549561,  0.4, 56.339,1.07e+01, 15.4, -  , - 
5389,101300,11092018,25092023 143426,1777, 33402.8, 22.432,341.919,0.302842,359.7,142.237,5.94e+00, 16.0, -  , - 
5390,101400,18022018,26092023 074959, 156, 32954.6, 35.075, 37.126,0.731015,359.8,152.297,6.39e+01, 17.5,44.8, - 
5391,101402,24012023,25092023 213803, 239, 33410.7,  8.024, 15.372,0.377780,359.1, 63.474,6.77e+00, 16.8, -  , - 
5392,101500,19072017,26092023 091632,2071, 33230.6, 30.108,303.405,0.626495,359.9,269.698,2.54e+01, 15.8, -  , - 
5393,101501,02042021,26092023 074201,   1, 33167.5, 17.411, 34.262,0.559177,359.6,157.627,2.78e+01, 17.3, 0.3, 37
5394,101502,18032023,25092023 094729, 186, 33327.0,  6.896,178.204,0.519661,  1.1,341.722,2.63e+01, 18.0, -  , - 
5395,101800,04112012,26092023 061453,   1, 33547.6, 15.691,329.847,0.278352,359.6,319.575,1.47e-03, 13.4, 0.1,  1
5396,101801,02092018,25092023 173437,1840, 33414.8, 19.958,314.444,0.532852,359.7,190.522,6.58e+00, 18.4, -  , - 
5397,101802,08042019,25092023 230718, 918, 33445.2, 30.504,114.586,0.645449,  0.1, 39.035,3.48e+00, 13.4, -  , - 
5398,101900,07062015,26092023 004835,  84, 33546.3,  7.243,263.635,0.291593,  0.1,260.389,1.63e-01, 15.9, 1.6,321
5399,101901,04092018,26092023 091301,1751, 33544.1, 20.673,316.981,0.498635,359.7,197.021,2.13e+00, 17.9,80.7, - 
5400,101902,25102019,25092023 200056,   1, 33552.2,  6.416,260.315,0.294500,  0.2,267.910,2.15e-01, 17.2, 0.2, 13
5401,102000,27082022,25092023 134041, 367, 33565.0,  9.659,356.064,0.237232,359.2,233.157,1.34e+01, 18.0, -  , - 
5402,102200,07102019,26092023 030827,   5, 33588.9,  8.944, 74.745,0.421641,359.8, 90.196,6.62e+00, 17.4, 0.2, 43
5403,102300,06092018,25092023 185110,1507, 33541.1, 20.047,314.784,0.529609,359.7,194.214,4.68e+00, 17.7, -  , - 
5404,102301,28082019,26092023 115837,  12, 33745.4, 11.270,162.550,0.519155,  0.6, 33.413,5.26e+00, 17.4, 3.6,720
5405,102600,22112019,25092023 192754,  96, 33696.1,  2.473,102.984,0.264567,  0.7,187.316,1.33e-01, 17.0, 1.3,220
5406,102800,29052013,26092023 052806,   2, 33743.9,  7.526,283.050,0.288687,359.8,224.990,2.97e-01, 16.1, 0.1,  3
5407,102801,16052018,25092023 175845, 433, 33695.2,  7.069,354.460,0.243853,358.9,130.562,3.83e+00, 15.4,22.9, - 
5408,102901,29102021,26092023 045442,   3, 33670.0,  6.271,162.890,0.639856,  1.2, 37.004,1.11e+01, 17.5, 1.7,310
5409,103000,21092019,26092023 120649,1462, 33789.4,  5.184,181.383,0.283946,  1.5, 15.716,1.32e+01, 17.8, -  , - 
5410,103001,02092022,25092023 202542, 385, 33812.4, 22.445,347.289,0.325607,359.7,145.506,5.55e+00, 17.5,11.6, - 
5411,103002,11042023,25092023 161700, 165, 33785.4,  8.783,285.694,0.222267,359.8,257.678,1.56e+01, 17.7, -  , - 
5412,103100,06102020,26092023 030109, 814, 30620.8, 27.015,335.825,0.281826,359.7,151.713,1.98e+01, 13.3,89.0, - 
5413,103101,24022023,25092023 183800, 187, 33825.9, 18.073,320.400,0.297494,359.7,221.908,2.41e+01, 17.9, -  , - 
5414,103200,12082019,26092023 120326,  10, 33862.4, 11.079,165.306,0.491346,  0.7, 31.651,5.47e-01, 17.3, 0.4, 77
5415,103300,20042017,25092023 145101, 108, 33982.3,  6.108,295.778,0.282069,359.5,194.649,2.81e-01, 16.2, 1.1,218
5416,103301,14082019,26092023 004040,   0, 33799.0, 17.225, 28.952,0.524585,359.6,152.617,2.32e+01, 16.2, 0.6,118
5417,103400,01082019,26092023 012020,   1, 33892.8,  8.998,186.123,0.555181,  0.8, 27.065,1.09e+00, 17.0, 0.2, 31
5418,103500,01112019,26092023 010549,1244, 33894.6, 31.564,333.984,0.660572,359.8,170.105,3.31e+01, 17.3, -  , - 
5419,103601,08102021,26092023 004003,  34, 33927.0,  7.683,100.300,0.287915,  0.2, 81.643,1.52e+01, 17.5, 3.7,534
5420,103800,25102022,26092023 092518, 267, 33969.8, 11.778,158.439,0.504768,  0.6, 41.718,5.34e-01, 17.3,13.1, - 
5421,103900,10042018,25092023 114356, 254, 34078.0,  2.942,172.707,0.385085,  2.5,332.642,2.68e+00, 18.4,38.9, - 
5422,103901,10092018,25092023 233451,1338, 33762.7, 22.328,338.385,0.417766,359.7,161.617,2.40e+00, 16.4, -  , - 
5423,103903,03062021,26092023 045740, 355, 33979.4,  0.838,274.923,0.275594,359.5,219.808,1.04e+00, 17.9,11.1,361
5424,104000,30082022,26092023 082743, 315, 33993.2, 26.484,286.598,0.420844,359.9,180.414,1.28e+01, 17.3, -  , - 
5425,104100,22122016,26092023 014031,  25, 34622.9,  1.940,331.316,0.258385,356.7,173.746,5.61e+00, 15.8, 2.3,406
5426,104101,29032017,26092023 025240,  93, 33861.6, 26.060, 48.846,0.591504,359.8,133.786,4.55e+01, 16.9,18.8, - 
5427,104201,15022023,25092023 235434, 214, 34031.6,  2.712,226.760,0.200031,  1.9,199.870,6.59e+00, 18.4, -  , - 
5428,104300,22122017,25092023 222008,2100, 34682.2, 37.517,343.537,0.293552,359.8,183.022,4.74e+01, 17.9, -  , - 
5429,104301,28112019,26092023 091004,   7, 34064.8, 11.449,172.159,0.425909,  0.7,  5.444,1.51e+00, 17.9, 2.6,522
5430,104302,22032023,26092023 041944, 135, 34081.7, 16.952,345.783,0.267019,359.6,274.547,5.07e+00, 17.6, 3.2,631
5431,104400,11072013,26092023 003226,   0, 34106.9, 16.946,346.190,0.256770,359.6,284.823,8.87e-03, 11.3, 0.1,  1
5432,104401,30122016,25092023 230608,  44, 34076.4, 20.626,324.650,0.479187,359.7,175.032,7.94e+00, 17.1,10.8, - 
5433,104403,18022023,26092023 055816,  30, 34117.4,  6.388,345.635,0.117207,358.9, 68.080,9.73e+00, 17.8, 1.5,279
5434,104600,07092018,26092023 041646,1780, 34148.4, 22.580,345.738,0.346174,359.7,145.652,2.60e+00, 16.2, -  , - 
5435,104601,02112018,25092023 225113,  33, 33914.0, 23.504,343.748,0.484610,359.7,164.217,6.17e+00, 13.8, 9.9, - 
5436,104700,30092019,25092023 224711, 194, 34884.4,  6.102,182.097,0.334548,  1.2, 27.183,7.62e+00, 18.1, -  , - 
5437,105001,06122018,25092023 161809,1660, 34196.9, 39.046, 18.140,0.559496,359.8,160.615,6.25e+01, 16.8, -  , - 
5438,105100,06022008,25092023 122246,   1, 34262.8,  1.574,230.453,0.241178,  2.9, 14.998,9.21e-03, 14.2, 0.1,  1
5439,105101,22072015,26092023 031713,  91, 34255.9,  4.469,308.770,0.320825,359.0, 39.341,5.46e+00, 17.0,20.1, - 
5440,105102,31082016,25092023 201923,1629, 33605.9, 24.900, 23.237,0.578339,359.7,155.541,1.94e+01, 16.3, -  , - 
5441,105103,01072019,26092023 093042, 112, 33982.8, 10.986,150.411,0.607343,  0.6, 71.095,2.21e+00, 16.1,64.0, - 
5442,105104,23092019,26092023 021851,  35, 34287.9,  9.201,160.396,0.602839,  0.8, 65.902,1.88e+00, 17.4, 0.7,145
5443,105105,04042022,25092023 151521, 509, 34169.9,  9.827, 59.899,0.443447,359.6,125.098,2.34e+01, 18.7,53.6, - 
5444,105300,09112020,25092023 122118, 315, 34263.7,  9.459,194.173,0.579269,  0.8,  5.156,6.47e+00, 13.4,81.5, - 
5445,105301,07112021,26092023 022449, 161, 35770.7, 15.891,356.645,0.731297,359.5,206.030,4.31e+01, 17.6,72.3, - 
5446,105500,12102021,25092023 165030, 208, 34173.5, 21.711,316.553,0.476924,359.7,219.688,1.90e+01, 17.3,17.6, - 
5447,105600,30072019,26092023 132733,   2, 34427.5,  9.073,166.361,0.599561,  0.8, 51.403,4.96e+00, 17.8, 0.4, 87
5448,105900,28082019,25092023 104707,1130, 34438.4,  2.520,179.859,0.291373,  3.0,331.341,3.01e+00, 17.7, -  , - 
5449,106000,16112017,26092023 103622, 158, 33694.2, 23.671, 48.140,0.689103,359.8,120.397,6.25e+01, 17.4,45.3, - 
5450,106100,03102018,25092023 235313,1818, 34480.0, 22.935,349.227,0.246481,359.7,120.956,4.53e+00, 18.5, -  , - 
5451,106101,24042023,26092023 083321,  18, 34466.3,  6.191, 13.378,0.220460,358.8, 91.130,9.85e-01, 17.9, 0.7, 50
5452,106200,08102015,25092023 160741,   6, 34624.0, 12.454,294.149,0.107520,359.8,249.565,1.01e+01, 17.1, 0.3, 58
5453,106202,08082020,25092023 213005, 161, 35190.8, 22.718, 22.878,0.344557,359.7, 90.194,2.68e+01, 17.2,23.3, - 
5454,106400,26082016,26092023 010941,   1, 34614.3, 11.246,302.263,0.307588,359.7,265.076,1.89e+01, 17.2, 0.2, 37
5455,106402,29082019,26092023 014359,   2, 34605.4,  6.847,318.867,0.201658,359.2,265.086,7.32e+00, 17.4, 0.2, 31
5456,106501,14072020,26092023 070838,1165, 34594.4,  4.797,  1.196,0.271179,358.4,144.838,6.78e+00, 17.9, -  , - 
5457,106600,30062019,25092023 153959,   0, 34884.0,  8.509,186.498,0.589052,  0.9, 23.024,5.12e+00, 15.8, 0.7,128
5458,106700,25042023,25092023 144541, 128, 34607.2,  6.499,299.163,0.281234,359.5,194.355,7.25e-01, 16.0, 8.8, - 
5459,106800,14042022,25092023 142223, 299, 34619.1,  7.799,329.193,0.272983,359.2,133.599,3.62e-01, 17.4, 2.5,416
5460,106901,16092023,25092023 203512,   8, 34605.5, 24.045,  6.604,0.464227,359.7,199.138,2.57e+01, 17.3,62.6, - 
5461,107000,28062019,26092023 011203, 348, 34562.9, 20.408,351.494,0.257315,359.6,155.394,1.36e+01, 17.5, -  , - 
5462,107201,01112019,25092023 235228, 474, 34336.3, 34.384, 10.308,0.550405,359.8,160.605,3.01e+01, 17.2,64.3, - 
5463,107500,06122016,26092023 100721,   3, 35168.9, 17.170,340.796,0.104256,359.6,291.104,8.77e+00, 17.9, 0.4, 75
5464,107501,13062017,26092023 094728, 102, 34613.1,  4.568, 47.559,0.019773,358.8,172.279,9.50e+00, 17.5,29.4, - 
5465,107701,15052021,25092023 231354, 265, 35866.5, 25.427,352.717,0.348932,359.7,221.323,4.91e+01, 17.0, -  , - 
5466,107800,19042018,26092023 091100,  27, 34853.2,  5.301,174.814,0.264432,  1.4,312.102,3.89e+00, 13.8, 6.8, - 
5467,107900,09122015,26092023 054729,   2, 36028.9,  5.215,110.620,0.198360,  0.5, 33.338,1.53e+01, 17.2, 0.2, 42
5468,107901,11092017,25092023 112957, 212, 34995.9, 32.209,315.586,0.196979,359.8,215.583,3.06e+01, 17.3,29.8, - 
5469,108000,29062018,25092023 163505, 145, 34887.9,  2.182,178.923,0.439612,  3.5,  8.178,4.71e+00, 15.5,33.0, - 
5470,108001,28082019,26092023 011159,  14, 34965.5, 11.572,152.505,0.589315,  0.6, 57.069,4.07e+00, 17.4, 1.2,228
5471,108202,22072023,25092023 135620,  62, 34918.8, 17.467,315.633,0.650816,359.7,224.587,6.56e+00, 17.2, 2.1,369
5472,108300,07012018,26092023 002942,2010, 34811.1, 34.945,  2.040,0.506490,359.8,158.380,3.04e+01, 17.3, -  , - 
5473,108301,23082020,26092023 093336,  36, 35018.1, 13.247, 98.285,0.360806,  0.1, 54.204,2.04e+01, 17.2, 3.6,677
5474,108302,17112022,26092023 004704, 306, 34553.9, 21.405,337.452,0.554025,359.7,154.170,1.22e+01, 16.1, -  , - 
5475,108501,11032022,25092023 151148, 132, 35156.5, 10.101,359.021,0.236367,359.3,236.447,2.20e+01, 17.6,18.9, - 
5476,108600,25112016,26092023 040228,   3, 34908.1,  5.128,117.063,0.187391,  0.7,101.020,1.25e+01, 17.4, 0.4, 76
5477,108601,21042018,25092023 215350,1271, 34948.6,  5.934,162.144,0.309886,  1.2,339.675,5.61e+00, 17.0, -  , - 
5478,108700,15072023,26092023 001644,  13, 35023.5,  2.918,172.680,0.285693,  2.6,344.750,4.82e+00, 15.0, 1.5,295
5479,109000,11072016,25092023 132932,   1, 34944.8,  7.940, 58.202,0.304582,359.5,119.576,1.56e+01, 16.5, 0.1, 27
5480,109001,21022018,26092023 115342, 128, 34992.4,  6.243, 54.213,0.517487,359.3,162.113,2.10e+01, 18.0, -  , - 
5481,109002,16082018,25092023 211143,   0, 35141.0,  3.409, 10.890,0.167286,357.8,126.692,6.04e+00, 17.2, 0.1, 19
5482,109004,04072023,26092023 040621,  51, 35104.1, 11.372,167.362,0.667099,  0.6, 33.690,2.49e+00, 16.1,35.3, - 
5483,109100,12042018,26092023 014134,1926, 35100.6,  4.953,169.543,0.264612,  1.5,329.030,4.35e+00, 16.9, -  , - 
5484,109102,25092019,25092023 125612,   4, 35128.1,  8.682,192.086,0.508921,  0.9,  6.337,5.26e+00, 16.4, 3.4,681
5485,109200,25032014,26092023 031149,  20, 35268.9,  5.293,262.063,0.314326,  0.2,166.476,4.49e+00, 16.1, 0.8,135
5486,109201,23092019,25092023 142702, 266, 34944.8,  8.701,162.919,0.591663,  0.8, 53.595,5.09e+00, 13.7,95.1, - 
5487,109400,10012011,26092023 123821,   7, 35304.6, 19.304, 71.022,0.442667,359.9, 90.815,2.19e+01, 16.7, 0.8,158
5488,109500,31012014,26092023 015744,  34, 35188.2,  7.107,  8.336,0.141414,358.9,353.282,2.95e+00, 16.9, 1.8,260
5489,109600,10112013,25092023 185301,   0, 34910.9, 11.880, 56.095,0.033918,359.6,332.650,5.00e+00, 16.6, 0.1,  6
5490,109700,14052009,25092023 210433,  32, 35247.3,  7.875,345.870,0.237626,359.1,188.423,5.12e+00, 15.0, 7.0, - 
5491,109701,17092017,26092023 010459, 181, 34969.7, 17.108, 28.014,0.054164,359.6, 69.876,3.65e+01, 17.1,63.5, - 
5492,109801,17042018,26092023 041027, 342, 35339.2,  2.178,207.725,0.242294,  3.0,282.095,5.35e+00, 18.0, -  , - 
5493,109802,26042022,26092023 034339, 156, 35228.9, 13.893,  7.534,0.057917,359.5,340.744,8.02e+00, 17.5, 7.9, - 
5494,110000,26062008,25092023 182043,   6, 35190.1, 14.830, 14.959,0.095932,359.5, 22.108,6.55e+00, 15.7, 0.4, 42
5495,110001,10022018,25092023 222646,   0, 27014.6, 24.127,100.109,0.753974,  0.1, 24.870,7.60e-03,  9.9, 0.1,  1
5496,110100,25022018,25092023 213545,1632, 35258.0,  6.353,175.725,0.478466,  1.2, 10.380,3.61e+01, 17.1, -  , - 
5497,110101,14082018,25092023 102228,1838, 35339.4,  3.316,170.363,0.279800,  2.2,329.337,3.69e+00, 17.9,31.0, - 
5498,110200,23022022,25092023 163010, 280, 38399.7, 34.460,326.532,0.446156,359.8,222.616,3.61e+01, 16.7, -  , - 
5499,110600,26062019,26092023 023146,1077, 35377.2, 10.118,183.691,0.588391,  0.7, 11.342,9.62e-01, 15.7, -  , - 
5500,110700,14012023,26092023 001024,  10, 35449.4,  8.845, 54.703,0.164278,359.5, 59.029,1.87e+00, 16.9, 0.3, 26
5501,110800,09022016,25092023 161125,   4, 35385.5,  8.308,  9.880,0.163482,359.1, 13.427,2.41e+00, 14.3, 0.3, 59
5502,111000,13022016,25092023 125949, 104, 35535.7,  7.562, 22.162,0.075140,359.1,297.747,5.43e+00, 17.6,19.8, - 
5503,111001,26032018,26092023 022543,   7, 35527.6,  6.029,189.983,0.253424,  1.2,281.613,6.77e-01, 18.0, 0.2, 40
5504,111501,27022016,26092023 033836,  99, 37068.7, 11.890, 42.339,0.234026,359.5,112.109,3.18e+01, 16.9,21.1, - 
5505,111502,18082020,25092023 202651,   3, 35816.7, 39.164,  7.434,0.427264,359.8,207.973,3.84e+01, 16.7, 1.7,162
5506,111503,08012023,26092023 112822, 229, 35635.4,  8.710,168.367,0.576344,  0.8, 24.882,4.81e+00, 14.0,15.1, - 
5507,111601,11012020,25092023 192952, 421, 35614.4, 20.734,341.856,0.390257,359.7,175.135,6.92e+00, 16.4, -  , - 
5508,111700,08112018,26092023 061820,1782, 35672.1, 21.988,351.855,0.371280,359.7,130.603,7.80e-01, 18.1, -  , - 
5509,111701,20102019,26092023 075145,   2, 35849.3, 15.038,133.688,0.068221,  0.3,287.288,1.55e+01, 16.5, 0.3, 46
5510,111703,07112021,25092023 133133, 106, 35486.0, 24.408, 36.221,0.552303,359.7,160.110,5.13e+01, 17.1,25.6, - 
5511,111800,09102007,26092023 033057,1987, 36980.4, 38.752,  6.799,0.580828,359.8,178.297,7.68e+00, 17.9, -  , - 
5512,111801,17082013,26092023 050624,3459, 35648.1, 13.503, 96.195,0.602854,  0.1,103.993,3.91e+01, 16.1, -  , - 
5513,111802,25032018,25092023 193123,1600, 35716.2,  4.567,164.595,0.280898,  1.6,323.302,3.04e+00, 17.3, -  , - 
5514,111803,28042022,26092023 071345, 484, 35716.9,  9.480, 54.794,0.144623,359.5, 36.626,3.56e+00, 17.9,47.9, - 
5515,111900,12052017,26092023 050554,1602, 35874.9, 28.636,  6.989,0.462455,359.7,138.575,2.29e+01, 16.6, -  , - 
5516,112001,27042022,26092023 040955, 509, 35739.4,  7.211,359.305,0.213354,359.0, 22.287,1.48e+00, 18.5,32.6, - 
5517,112300,17042020,25092023 203201,  28, 35786.3,  4.906, 44.418,0.173725,358.9,353.579,9.15e-02, 17.2, 0.1, 15
5518,112600,17032010,26092023 063200,4375, 35373.7, 33.881, 39.300,0.343035,359.8,146.682,5.12e+01, 15.6, -  , - 
5519,112800,07112016,25092023 194509, 335, 35961.5, 25.244,329.050,0.331643,359.7,190.204,3.35e+01, 17.4, -  , - 
5520,112801,15012018,26092023 001332, 244, 35833.4, 29.756,359.985,0.442687,359.7,141.007,2.30e+01, 16.5,83.6, - 
5521,112802,05102020,26092023 000550, 122, 35819.4, 12.348, 86.252,0.617642,359.9, 95.158,2.32e+01, 17.5,16.7, - 
5522,112803,29102021,25092023 224501, 688, 35838.7, 11.329, 95.807,0.406065,  0.1, 48.686,1.98e+01, 18.4,61.2, - 
5523,112804,30112021,26092023 054002, 660, 35887.6,  9.830, 35.766,0.250429,359.4,151.580,6.34e+00, 16.9, -  , - 
5524,112900,09072012,25092023 090001,1521, 35836.4, 26.197,351.286,0.607494,359.7,215.329,3.09e+01, 15.6, -  , - 
5525,113001,25102016,26092023 010245,  28, 34693.4, 18.145,346.192,0.211227,359.6,180.103,9.88e+00, 16.4, 2.4,361
5526,113002,23032017,25092023 191834, 139, 35922.8, 14.495, 21.093,0.311724,359.5,213.105,1.47e+01, 16.5, 9.4, - 
5527,113004,21022022,26092023 001516,  61, 35784.2, 15.547,297.913,0.381602,359.8,218.402,3.51e+01, 16.9,16.2, - 
5528,113005,25092022,25092023 171142, 357, 35899.0,  9.243,148.546,0.042364,  0.7, 75.914,2.04e+01, 17.6, -  , - 
5529,113100,15042009,25092023 205418,  99, 35696.8,  8.577, 22.606,0.199113,359.2,117.193,5.59e+00, 16.3,21.3, - 
5530,113101,14072023,25092023 152545,  33, 35943.9, 14.653,161.054,0.238955,  0.5, 25.053,1.38e+01, 17.2, 2.4,416
5531,113300,03052014,25092023 091853, 154, 35738.9, 21.537, 32.890,0.297659,359.7,242.313,1.61e+01, 17.1,17.4, - 
5532,113302,24032020,25092023 235126,1276, 36032.7, 10.908,352.722,0.248019,359.3,  1.056,9.41e-01, 17.9, -  , - 
5533,113500,06082008,25092023 130758,   1, 36203.4, 25.257,337.054,0.221210,359.7,162.228,2.66e+01, 16.0, 0.2, 30
5534,113501,14112018,25092023 112146,   2, 36055.6, 11.452,357.642,0.142252,359.3,222.136,6.27e+00, 17.3, 0.1, 13
5535,113600,09042016,26092023 123730,   5, 36029.0,  9.176, 33.727,0.219749,359.3,150.974,4.65e+00, 17.0, 1.5,295
5536,113601,29042020,25092023 175104,1241, 36180.2, 35.123, 36.179,0.390736,359.8,115.055,2.78e+01, 16.9, -  , - 
5537,113700,17082018,25092023 223825,1833, 36103.0,  1.822,139.150,0.218827,  3.2,341.492,5.38e+00, 17.8,81.6, - 
5538,113702,01042022,25092023 144059, 150, 36117.8,  9.787,  1.474,0.212986,359.2,351.032,2.08e+00, 17.4,59.5, - 
5539,113900,21032018,26092023 015724,   6, 36059.9,  1.461,339.181,0.232969,355.4,156.798,4.60e+00, 17.3, 2.3,445
5540,114000,07042016,26092023 004908, 168, 35949.8, 29.233,  3.216,0.363162,359.7,194.747,1.82e+01, 17.0,15.4, - 
5541,114001,31122022,26092023 015233,   3, 36677.4,  9.689,258.697,0.506055,  0.2,347.146,2.89e+01, 16.5, 0.7,105
5542,114002,20042023,26092023 013545,   8, 36160.7,  9.109, 45.090,0.210823,359.4, 81.604,2.82e+00, 17.7, 0.3, 32
5543,114100,05082007,25092023 154826,   9, 35738.3,  8.563,195.941,0.462441,  0.8,350.083,7.07e+00, 16.5,17.8, - 
5544,114101,27012020,25092023 125057,   1, 36310.1, 16.692,331.560,0.616204,359.6,215.799,3.26e+01, 15.8, 0.2, 34
5545,114102,20052022,25092023 153620, 151, 36135.0,  3.387,235.328,0.406990,  1.3,321.446,2.18e+01, 17.6,37.6, - 
5546,114200,31082016,26092023 015329,  36, 36961.9, 14.265,120.552,0.749907,  0.3, 78.435,3.01e+01, 17.2,24.1, - 
5547,114201,02112019,25092023 191344,1420, 36174.8,  5.094,148.536,0.297772,  1.3,330.367,9.05e+00, 18.2, -  , - 
5548,114300,28012017,26092023 020528,  26, 36430.7, 35.571,  9.284,0.610611,359.8,179.994,2.92e+01, 17.3,68.9, - 
5549,114400,20062020,26092023 045145, 153, 36561.8, 37.200, 31.065,0.293869,359.8, 89.470,2.79e+01, 16.7, -  , - 
5550,114500,24082019,26092023 091345,1069, 36346.8, 12.360,157.655,0.451209,  0.6,357.063,6.96e+00, 16.8, -  , - 
5551,114600,01092014,25092023 213835,  38, 36254.5, 34.772, 25.667,0.500399,359.8,177.218,3.45e+01, 15.8,16.9, - 
5552,114601,23042020,26092023 101202,1099, 36404.5, 21.276,336.154,0.561046,359.7,225.523,2.48e+01, 16.3, -  , - 
5553,114604,22062021,26092023 003215, 601, 36219.9,  9.741,163.604,0.708797,  0.7, 43.454,7.84e+00, 16.5, -  , - 
5554,114700,19102019,26092023 094531, 102, 36055.3, 10.026,196.105,0.591364,  0.7,357.595,6.52e+00, 14.4,33.3, - 
5555,114800,04122018,25092023 181927,1752, 36200.1, 20.490,334.654,0.334130,359.7,146.566,1.83e+01, 17.4, -  , - 
5556,114902,13102020,25092023 224744, 698, 44387.5, 10.883, 90.554,0.333918,360.0,228.166,9.90e+00, 17.7, -  , - 
5557,115000,26082016,26092023 035913,1423, 36054.7, 16.193,105.134,0.514623,  0.1, 77.217,2.80e+01, 16.4, -  , - 
5558,115100,15032015,25092023 171344, 161, 36371.1,  8.192, 76.419,0.060334,359.8,335.628,4.31e+00, 16.8,30.3, - 
5559,115101,19112019,26092023 094234,1025, 36244.1, 11.750,137.687,0.638060,  0.5, 39.815,9.87e+00, 17.3, -  , - 
5560,115201,27072014,26092023 033102,   3, 36524.3,  7.553, 37.550,0.176952,359.2,119.564,3.29e+00, 16.5, 0.8,156
5561,115202,05082019,25092023 223737,   3, 36618.3,  0.949,287.805,0.139477,358.0,200.433,3.51e+00, 17.3, 1.2,231
5562,115203,27092019,26092023 071103,1383, 36367.8, 30.263,346.497,0.203378,359.7,133.164,1.98e+01, 13.3, -  , - 
5563,115300,21102019,26092023 033348,1431, 36449.5, 27.636, 62.951,0.258326,359.9, 60.317,2.14e+01, 17.8, -  , - 
5564,115301,16092023,25092023 205211,   4, 36454.0, 31.047,  6.664,0.417254,359.7,165.575,1.67e+01, 17.4, 0.3, 60
5565,115401,28112022,26092023 004338,   0, 36059.2, 12.133,219.372,0.690523,  0.5,305.038,2.35e+01, 17.3, 0.1, 18
5566,115402,27032023,26092023 032944, 130, 36423.8,  9.196, 45.765,0.228706,359.4,184.380,4.49e+00, 16.6, 8.2, - 
5567,115403,30032023,25092023 145111, 178, 36361.5,  1.174,320.936,0.496075,355.4,180.933,2.32e+01, 17.8, -  , - 
5568,115404,16092023,25092023 184230,   8, 36504.1, 38.318,  9.120,0.461826,359.8,169.555,3.42e+01, 16.8,82.5, - 
5569,115500,08052016,25092023 180129, 162, 36257.7, 16.420,344.937,0.141574,359.6,194.357,9.33e+00, 17.1,16.8, - 
5570,115501,10052023,26092023 035743, 137, 36825.9, 16.337, 51.282,0.071139,359.7,295.434,2.80e+01, 17.4, -  , - 
5571,115600,07052019,26092023 033436,   3, 36386.7, 36.835, 10.078,0.508549,359.8,203.098,2.93e+01, 16.9, 1.0,107
5572,115700,17082017,26092023 002328,2188, 36458.9, 19.134, 38.142,0.327237,359.7,201.953,1.01e+01, 16.7, -  , - 
5573,115701,18092018,25092023 172830, 775, 36602.9,  3.207,188.658,0.189741,  2.3,327.319,4.68e+00, 17.0, -  , - 
5574,115703,23022021,26092023 054051,   4, 36543.0,  7.558,190.684,0.280941,  1.0,280.248,2.15e+00, 16.9, 0.3, 58
5575,115800,09032018,25092023 192711,  46, 36405.2, 13.454,103.990,0.448957,  0.1, 63.055,2.17e+01, 16.9, 5.7,893
5576,115802,12092020,25092023 180937,1098, 36604.3,  7.511,169.197,0.633743,  1.0, 25.906,8.48e+00, 17.1,53.9, - 
5577,115803,21082023,26092023 022227,  31, 36559.2, 16.229,329.834,0.124129,359.6,102.543,1.16e+01, 17.6, -  , - 
5578,115900,02052019,26092023 031239,1477, 36548.2,  2.010,161.929,0.190598,  3.6,324.122,5.63e+00, 17.6, -  , - 
5579,115901,16102020,26092023 115646, 244, 36547.7,  8.434,180.038,0.617655,  0.9,349.159,9.84e+00, 16.7, -  , - 
5580,116000,14072016,25092023 230414,   0, 36394.0, 10.953,119.162,0.129042,  0.3, 78.381,1.58e+01, 16.1, 0.1, 15
5581,116100,25082009,26092023 041648, 949, 36453.7, 31.881, 44.887,0.348526,359.8,115.180,3.02e+01, 16.1, -  , - 
5582,116101,17092017,26092023 105009,2104, 36614.9, 35.589,347.439,0.238682,359.8,236.912,2.43e+01, 18.0, -  , - 
5583,116200,14042007,25092023 194730, 253, 37524.5, 22.293,138.706,0.549931,  0.3, 43.202,3.19e+01, 16.4, -  , - 
5584,116300,29102013,25092023 175751,   0, 36183.7, 27.704,344.876,0.569771,359.7,224.244,2.74e+01, 15.5, 0.1, 24
5585,116302,17022020,25092023 175040, 179, 36628.4,  7.464, 87.902,0.330298,359.9,355.605,3.11e+00, 17.2,17.3, - 
5586,116303,01032023,26092023 072135,  39, 36602.1, 16.018,328.487,0.176022,359.6,200.653,1.07e+01, 16.2,12.9, - 
5587,116401,18042020,26092023 015209, 655, 35785.9, 24.273,348.553,0.781308,359.7,208.595,2.82e+01, 16.6, -  , - 
5588,116700,03032017,25092023 184530, 102, 36987.6,  9.887, 22.860,0.064169,359.3,206.659,7.26e+00, 17.3,10.1, - 
5589,116900,18072009,26092023 002541,  70, 37375.2, 11.817, 19.193,0.351531,359.4, 45.868,3.54e+00, 16.4,15.8, - 
5590,116901,02092016,26092023 005458,   4, 36763.8,  7.501, 84.112,0.071359,359.9,286.759,4.13e+00, 16.4, 0.4, 30
5591,117000,01112022,26092023 040244, 306, 36729.9, 23.146,335.796,0.384573,359.7,131.112,6.84e+00, 17.0, -  , - 
5592,117100,24022022,25092023 202252, 137, 36820.2,  4.575,302.737,0.286958,359.2,293.211,1.40e+01, 17.5, 9.5, - 
5593,117300,20042018,25092023 125251, 453, 36828.0,  4.744,198.256,0.213153,  1.5,283.801,2.04e+00, 17.8,79.2, - 
5594,117400,24082022,26092023 095806, 382, 36772.5, 10.812, 46.435,0.269301,359.5,171.792,2.72e+01, 17.1,63.4, - 
5595,117601,26082019,26092023 020815, 975, 36935.4, 11.805,166.157,0.513988,  0.6,  7.173,4.20e+00, 17.2, -  , - 
5596,117603,19092023,26092023 125144,   2, 36920.5,  7.344,193.742,0.460028,  1.0,347.338,7.10e+00, 17.3, 4.7,927
5597,117800,27022017,25092023 233411,   7, 36986.6, 11.656,292.871,0.209174,359.8,210.720,1.18e+01, 16.8, 0.5, 87
5598,117900,08042022,25092023 223005, 486, 36860.3, 12.276, 34.095,0.603318,359.5,137.628,2.35e+01, 18.2,88.7, - 
5599,118000,23022018,25092023 224620, 331, 37375.5, 15.732,283.603,0.577551,359.9,291.857,2.77e+01, 17.7,53.1, - 
5600,118001,31032022,26092023 130658,   3, 36808.4,  8.142,103.428,0.445593,  0.2,123.735,2.45e+01, 16.9, 0.6, 86
5601,118100,02032016,25092023 172842,  71, 37797.3, 11.998, 60.826,0.106617,359.7,159.448,6.11e+00, 17.7, 5.8, - 
5602,118102,14062023,26092023 013205,  93, 37056.7,  8.661, 98.957,0.160430,  0.1, 30.850,5.50e+00, 17.5, 3.4,454
5603,118200,25102013,25092023 221424,   3, 37337.2, 19.634,290.646,0.515245,359.9,275.138,2.17e+01, 16.7, 1.2,223
5604,118201,04122015,26092023 040058,   2, 36871.4, 14.557,325.930,0.288139,359.6,205.587,1.08e+01, 16.8, 0.2, 26
5605,118300,30112008,25092023 220230,  72, 37054.1,  4.082,100.430,0.153688,  0.3,267.164,1.14e-01, 16.5, 0.8,157
5606,118301,19042018,25092023 203934,1939, 37052.4,  4.406,196.442,0.185488,  1.6,291.032,1.33e+00, 17.8,83.6, - 
5607,118302,19042018,26092023 052927,   5, 37059.1,  4.859,203.834,0.191460,  1.4,270.130,7.39e-01, 17.5, 0.3, 47
5608,118400,01022016,25092023 231708, 213, 37069.4,  2.544, 53.651,0.151748,358.1,300.827,1.01e-01, 16.3,20.1,353
5609,118402,25112019,26092023 011459,  64, 38890.3, 21.510, 62.682,0.554124,359.8,121.412,4.79e+01, 16.6,17.6, - 
5610,118500,25112016,26092023 095436,2454, 37174.8, 34.643,346.037,0.256035,359.8,156.695,2.48e+01, 17.3, -  , - 
5611,118503,28022019,26092023 141159,1340, 37186.5, 30.971,354.344,0.231258,359.7,140.586,1.96e+01, 13.4, -  , - 
5612,118504,18052023,26092023 104334, 102, 37040.2,  9.046, 46.506,0.301375,359.4,159.525,1.47e+01, 18.1, -  , - 
5613,118600,28112016,26092023 030658,2426, 37096.3, 30.918,324.080,0.419349,359.8,232.045,2.67e+01, 17.1, -  , - 
5614,118601,25112017,26092023 005402,  31, 37204.0, 34.632,349.180,0.272943,359.8,153.152,2.45e+01, 17.2, 3.5,673
5615,118700,09032018,26092023 053506, 121, 37153.6,  9.643, 30.117,0.282093,359.3,338.513,3.70e+00, 16.9,10.9, - 
5616,118800,28062022,25092023 185355,  95, 37169.1,  1.308,268.809,0.175493,  0.2,202.476,1.01e+00, 17.6, 0.6, 86
5617,118801,19022023,26092023 000326, 190, 37126.2, 10.889, 75.339,0.323680,359.8, 91.663,2.21e+01, 18.1,28.0, - 
5618,118900,09012022,25092023 120621,   2, 37242.8,  9.085, 28.604,0.121691,359.3, 76.680,9.87e+00, 17.6, 0.9,176
5619,119000,08092018,25092023 183244, 366, 36473.0,  7.284,101.346,0.578215,  0.2,105.798,3.10e+01, 17.7,65.4, - 
5620,119001,05042022,26092023 103303,   4, 37214.0,  5.369,204.215,0.180349,  1.3,264.700,6.99e-01, 17.4, 0.1, 17
5621,119100,13032018,25092023 203412,   3, 37288.1,  1.692,219.879,0.239150,  3.3,257.674,2.65e+00, 16.8, 0.6, 87
5622,119101,02092018,26092023 111310,   8, 36941.4,  9.023,113.351,0.132012,  0.3,111.291,1.43e+01, 16.4, 0.8,138
5623,119102,05072022,26092023 014117, 185, 37202.4,  7.466,125.159,0.169974,  0.6, 51.883,1.38e+01, 17.3,48.7, - 
5624,119201,09072018,26092023 064025,1684, 37234.9, 18.493, 38.169,0.456445,359.7,116.254,1.15e+01, 17.2, -  , - 
5625,119202,14062023,25092023 185237,  94, 37228.4, 14.212, 51.727,0.180854,359.7,199.099,7.91e+00, 16.7,34.5, - 
5626,119300,16092023,25092023 182524,   4, 37276.5,  1.424,247.261,0.174383,  2.0,230.937,1.24e+00, 17.9, 0.1, 17
5627,119400,25112008,25092023 191423,  11, 37293.5, 13.640, 54.352,0.128246,359.7,224.325,8.65e-01, 16.6, 0.3, 35
5628,119500,21112016,26092023 100322,1612, 37410.4,  7.324, 35.809,0.135141,359.1, 53.829,1.29e+01, 17.2, -  , - 
5629,119503,27032020,26092023 044100,1270, 37292.7, 13.888,  3.669,0.351360,359.5, 98.096,1.22e+01, 17.9, -  , - 
5630,119505,30072023,26092023 095206,   6, 37350.3,  9.286, 17.181,0.106830,359.2, 71.385,2.58e+00, 13.9, 3.5,640
5631,119700,09042018,25092023 145155,   4, 37235.5,  0.052,190.986,0.235988, 60.0,301.613,5.54e+00, 17.3, 1.3,241
5632,119701,18052018,26092023 133706,1259, 37536.2,  7.561, 55.813,0.090530,359.4, 77.968,1.69e+01, 18.8, -  , - 
5633,119702,27072019,26092023 004826,   1, 37336.0,  5.238,196.436,0.182960,  1.4,308.585,3.64e+00, 15.9, 0.1, 28
5634,119703,28012022,25092023 220302, 601, 37310.0, 21.966, 72.911,0.289157,359.9, 93.805,1.72e+01, 17.7, -  , - 
5635,119901,07112021,26092023 094342, 123, 37116.1,  2.603, 25.459,0.407877,357.3,219.995,2.16e+01, 17.5,76.1, - 
5636,120000,01112015,25092023 212106,2252, 37323.0, 25.662, 25.897,0.360056,359.7,181.193,2.66e+01, 18.0, -  , - 
5637,120001,27042017,26092023 020537,   9, 37149.4,  9.821, 23.651,0.230468,359.3,151.268,4.68e+00, 16.7, 2.5,412
5638,120100,05022019,25092023 210602,   3, 37360.9,  9.190,294.125,0.207116,359.7,238.539,1.47e+01, 17.0, 0.4, 51
5639,120101,23072023,26092023 002505,  60, 37442.0,  8.264,336.166,0.115489,359.2,193.799,4.23e-01, 17.7, 7.9, - 
5640,120200,02082019,26092023 012648, 573, 37544.1,  9.487, 81.643,0.134677,359.9, 46.307,1.03e+01, 16.9, -  , - 
5641,120201,26092019,25092023 233533,1395, 37455.3,  3.889,132.775,0.253493,  1.3, 43.581,7.23e+00, 17.4, -  , - 
5642,120202,23032023,25092023 160837, 181, 37442.8, 21.249,316.499,0.204338,359.7,171.636,1.13e+01, 17.8,28.3, - 
5643,120300,13032018,26092023 015055,   1, 37526.5,  3.472,215.800,0.096616,  1.7,309.713,3.86e+00, 16.8, 0.3, 53
5644,120400,05022016,26092023 015744,  52, 37517.1,  3.710, 97.959,0.076340,  0.3,318.421,1.42e+00, 17.3, 6.1,887
5645,120401,23122017,26092023 093458,   7, 37346.3,  9.146, 21.193,0.003794,359.2, 21.384,8.72e+00, 17.6, 0.4, 82
5646,120500,24012017,26092023 024427,   5, 37524.3,  7.090, 71.088,0.021695,359.6,204.523,4.91e+00, 17.0, 0.3, 30
5647,120501,16052018,25092023 114739,1519, 37515.3,  5.154,143.927,0.082197,  1.2,230.621,1.76e+00, 16.9,51.5, - 
5648,120601,20042020,25092023 083704, 571, 37981.6, 14.254,200.906,0.680002,  0.5,352.004,6.01e+01, 17.0, -  , - 
5649,120702,01072022,26092023 125346, 393, 37485.3,  5.423, 51.492,0.320756,359.1,157.335,1.18e+01, 17.1,87.5, - 
5650,120800,06112016,26092023 063227,1628, 37738.2, 47.132,359.931,0.546439,359.8,211.196,3.96e+01, 16.5, -  , - 
5651,120801,16092020,25092023 103515, 782, 38137.5, 30.258, 49.328,0.245316,359.8,144.772,3.91e+01, 16.5, -  , - 
5652,120802,31032022,26092023 015248, 530, 37566.1, 11.464, 31.995,0.133634,359.4,165.345,6.96e+00, 18.5, -  , - 
5653,120900,08092016,25092023 172601,2514, 27641.9, 22.022,220.575,0.693690,  0.3,185.968,4.79e+00, 16.4, -  , - 
5654,120901,07112021,26092023 025026, 685, 37592.3, 17.119,303.699,0.092747,359.8,282.281,1.29e+01, 18.4, -  , - 
5655,120902,20122022,25092023 133535, 211, 37566.1, 16.457, 79.101,0.278183,359.9, 81.767,2.88e+01, 17.1,27.3, - 
5656,121000,28052022,26092023 055758, 483, 37447.7,  6.426, 78.757,0.315919,359.7,165.442,2.20e+01, 18.3, -  , - 
5657,121101,13032019,25092023 233517,   2, 37658.5,  2.587,141.297,0.074605,  2.3,169.169,2.33e+00, 17.5, 0.2, 40
5658,121102,23122022,26092023 002329,   3, 37617.7,  9.097,316.596,0.340797,359.4,212.926,1.94e+01, 13.9, 3.4,659
5659,121103,13072023,26092023 001239,  70, 37570.8,  3.553, 43.556,0.326071,358.4,169.507,1.37e+01, 17.4,21.7,866
5660,121200,10092020,26092023 003701,   2, 37697.3, 35.441,  3.919,0.349031,359.8,211.464,3.55e+01, 16.7, 0.6, 82
5661,121202,27032022,26092023 004443, 521, 37667.1,  4.717, 92.304,0.090924,  0.0, 62.744,5.21e+00, 18.2, -  , - 
5662,121300,14042023,25092023 144316,  31, 37998.1, 17.080,326.900,0.371370,359.6,265.454,2.31e+01, 16.9,28.1, - 
5663,121400,01052013,26092023 024300,   4, 37716.8,  6.406, 44.576,0.138770,359.1,332.884,1.84e+00, 16.5, 0.2, 29
5664,121401,09102020,26092023 145432,   2, 37706.8,  6.861,197.736,0.454709,  1.0,342.563,4.86e+00, 16.9, 1.7,335
5665,121402,21032023,25092023 153713, 182, 37623.8,  8.987,106.648,0.580172,  0.2, 64.899,2.82e+01, 18.1,23.3, - 
5666,121500,21092012,26092023 022555,   3, 37616.9, 21.957,104.691,0.814755,  0.1,268.873,8.04e-03, 11.2, 0.1,  1
5667,121501,11062017,25092023 121717,2288, 37728.7,  7.525, 80.859,0.256422,359.8, 96.109,4.00e+00, 16.7, -  , - 
5668,121502,05012018,26092023 043249,2048, 37700.5, 33.849,349.066,0.337007,359.8,211.043,2.26e+01, 17.6, -  , - 
5669,121503,28072019,26092023 044128,   7, 37733.9,  1.307,269.034,0.164714,  0.2,200.233,5.49e-01, 17.4, 0.4, 83
5670,121504,15042020,26092023 142848,1248, 37728.5, 10.345, 48.036,0.048674,359.5,119.890,9.89e+00, 17.7,55.7, - 
5671,121600,13042020,26092023 041618, 182, 37671.5, 20.824,343.467,0.227683,359.6,208.767,1.27e+01, 17.3,13.0, - 
5672,121700,14042020,25092023 091610, 418, 37764.4,  4.125, 26.637,0.045400,358.3, 57.662,4.40e+00, 17.7,37.6, - 
5673,121800,09022007,25092023 091114,4389, 37804.5,  8.102, 47.807,0.055353,359.4, 30.172,5.38e+00, 17.5, -  , - 
5674,121900,09032016,25092023 114240,   4, 37772.7,  5.394, 59.861,0.047033,359.3,343.174,4.73e+00, 17.2, 0.8,132
5675,121902,07102021,25092023 212718, 228, 37782.3, 31.536,  4.740,0.297683,359.7,115.852,2.10e+01, 17.7,22.5, - 
5676,122000,17102009,25092023 190936, 156, 38021.5, 16.345,  6.926,0.285079,359.5,157.744,7.78e+00, 17.1,42.2, - 
5677,122001,14032018,26092023 070008,1970, 37635.9, 31.612, 40.721,0.460291,359.8, 98.149,2.74e+01, 17.2, -  , - 
5678,122002,13102018,25092023 160633,   3, 37580.5,  3.662, 95.507,0.162200,  0.2,130.320,1.54e+01, 17.4, 0.7,132
5679,122003,15052021,26092023 111131,  94, 37795.3,  4.697,196.438,0.184637,  1.5,306.795,3.94e+00, 17.1,15.3, - 
5680,122004,07112021,25092023 222749, 681, 37790.9, 14.939,302.610,0.323019,359.7,213.259,1.56e+01, 18.2, -  , - 
5681,122300,12122015,26092023 002753,   3, 36843.5, 25.498,  7.454,0.396047,359.7,132.526,2.01e+01, 16.5, 0.4, 71
5682,122301,20022018,25092023 132524, 332, 37968.2,  8.956,290.710,0.040608,359.7,352.403,2.40e+01, 17.4,80.5, - 
5683,122303,14042020,26092023 031647,   3, 38125.4, 45.718, 16.063,0.459967,359.8,202.682,3.95e+01, 16.3, 0.7,115
5684,122401,15062018,26092023 010742,1904, 37903.5,  3.955,188.113,0.142897,  1.9,307.372,3.66e+00, 15.9, -  , - 
5685,122402,05092018,26092023 025138,   2, 37899.6,  1.562,244.691,0.153833,  2.0,231.708,1.03e+00, 17.4, 0.1, 18
5686,122404,27032020,26092023 053110,  89, 37817.0,  5.001, 79.425,0.010301,359.7,358.111,6.79e+00, 16.2,26.6, - 
5687,122500,10042018,25092023 162631,1984, 37655.1, 33.370,346.070,0.614674,359.8,219.384,5.01e+01, 17.1, -  , - 
5688,122501,06062018,25092023 201508, 742, 37784.0, 33.635, 35.241,0.415430,359.8,101.513,2.82e+01, 17.0, -  , - 
5689,122600,20092017,26092023 143659,1069, 38162.0,  6.775,177.861,0.581447,  1.1,342.501,9.66e+00, 16.6, -  , - 
5690,122602,18072023,25092023 205421,  10, 37949.8, 27.417,333.034,0.090436,359.7,248.031,1.57e+01, 16.8, 1.1,178
5691,122700,16022023,26092023 021655, 186, 37909.9,  4.084,140.331,0.296369,  1.4, 18.289,1.61e+01, 18.2,14.9, - 
5692,122800,02042017,25092023 144341,  58, 38135.5, 12.643, 38.625,0.080289,359.5,163.763,6.98e+00, 17.4, 6.1, - 
5693,122801,24092017,25092023 160844,   3, 37959.5,  3.887, 78.296,0.097437,359.6, 38.776,1.55e+00, 17.2, 0.1, 15
5694,122803,08072019,26092023 043023,1537, 38018.3,  5.266,204.727,0.438300,  1.3,303.674,5.66e+00, 16.8, -  , - 
5695,122804,01022020,25092023 201603, 218, 38069.8,  4.666, 24.145,0.068108,358.5,207.341,7.01e+00, 17.2,42.3, - 
5696,122806,19082022,25092023 194410,  37, 37988.7,  6.361,104.257,0.175869,  0.3, 35.966,2.26e+01, 17.4, 5.2,738
5697,122807,27122022,25092023 222534, 266, 37915.7,  8.120,133.618,0.635225,  0.6, 41.998,1.82e+01, 18.1, -  , - 
5698,122808,16062023,26092023 011613,  94, 38054.9, 14.146, 11.378,0.163213,359.5,  5.007,5.97e+00, 17.6, -  , - 
5699,122900,04112015,26092023 025859, 527, 37920.0,  3.645, 82.163,0.036487,359.7, 32.431,6.71e+00, 14.6, -  , - 
5700,122901,13092017,26092023 050803,1572, 37980.6, 14.624, 60.136,0.263050,359.7,146.796,1.57e+00, 17.7, -  , - 
5701,122903,05022022,26092023 003659, 595, 37984.9, 27.075, 33.394,0.717844,359.8,160.673,3.51e+01, 18.2, -  , - 
5702,123000,21112019,25092023 152823,1402, 37974.3, 35.446,349.918,0.615689,359.8,194.526,3.61e+01, 17.8, -  , - 
5703,123001,30122022,26092023 135050,  95, 38046.6, 28.087,289.687,0.081682,359.9,185.358,5.64e-01, 17.2, 0.8,118
5704,123103,10052021,25092023 195610, 864, 39175.7, 24.078,338.606,0.187674,359.7,134.360,3.12e+01, 18.2, -  , - 
5705,123104,07112021,26092023 150303,   6, 38022.6,  8.165,326.331,0.377747,359.2,130.267,1.37e+01, 17.0, 5.4, - 
5706,123105,28112022,25092023 175245, 298, 38061.9, 15.871,264.630,0.135605,  0.1,289.271,2.45e+01, 17.6,81.9, - 
5707,123106,16092023,26092023 111945,   3, 38049.8,  6.410, 80.099,0.078911,359.8,104.591,2.08e+00, 17.2, 0.1,  8
5708,123200,06022016,26092023 033012, 101, 38015.5, 15.231, 32.342,0.062012,359.6,177.012,6.88e+00, 17.6, 8.6, - 
5709,123300,09042018,25092023 163103,  70, 38183.8,  1.232,265.724,0.152363,  0.5,246.572,4.32e+00, 16.1,12.5, - 
5710,123400,21072015,26092023 125345,1618, 38344.7,  4.728,187.349,0.178916,  1.6, 18.774,1.60e+01, 16.5, -  , - 
5711,123402,24082022,25092023 182819, 392, 38114.4,  5.579,183.227,0.431794,  1.3,346.410,1.46e+01, 17.3, -  , - 
5712,123500,09122007,26092023 033358,   3, 37994.1,  6.869, 52.430,0.111402,359.3,190.158,5.21e+00, 15.3, 0.1, 15
5713,123502,27032020,26092023 054558, 895, 38123.4,  3.461, 74.374,0.095255,359.4,353.907,4.03e+00, 17.1,90.4, - 
5714,123602,11012018,25092023 202138,   4, 38156.6, 28.639,292.733,0.075728,359.9,169.862,1.88e-02, 16.2, 0.1,  7
5715,123606,12042022,26092023 132152,   0, 38151.4,  6.011,241.490,0.176280,  0.6,338.326,1.31e+01, 17.5, 0.3, 22
5716,123700,25022011,26092023 031149,  44, 38169.6,  9.722, 44.986,0.131209,359.4,155.262,5.71e+00, 17.6, 5.7,928
5717,123701,04102016,26092023 101959, 164, 38228.8, 26.023, 15.013,0.294294,359.7,218.388,2.94e+01, 16.4,28.1, - 
5718,123702,14042018,26092023 014523,   0, 37865.8,  8.636, 47.055,0.092905,359.4,112.041,5.52e+00, 16.6, 0.4, 42
5719,123703,01102021,25092023 145423,   1, 38173.4,  1.248,298.016,0.149924,357.5,172.009,3.33e+00, 17.6, 0.1, 19
5720,123800,22102017,25092023 134334,   3, 38047.9,  4.153, 69.898,0.038363,359.3, 22.598,4.15e+00, 16.8, 0.2, 36
5721,123801,04032019,25092023 203327,   2, 38005.7,  5.651,124.152,0.131396,  0.7,107.964,5.50e+00, 17.4, 0.4, 20
5722,123900,10032010,26092023 101738,   3, 38361.3,  5.254, 70.513,0.277007,359.5, 77.187,2.09e+01, 16.1, 0.4, 72
5723,123901,05092011,26092023 102449,   2, 38225.2, 14.560,349.426,0.116094,359.5,219.103,7.18e+00, 16.9, 0.5, 57
5724,123903,30122016,26092023 003617, 278, 37810.1, 29.569, 59.326,0.272015,359.9, 72.839,1.61e+01, 16.6,20.3, - 
5725,123904,23032017,25092023 112337,   4, 38399.7,  8.520, 56.181,0.195330,359.5,147.962,4.32e+00, 16.8, 1.3,240
5726,124000,05032013,26092023 044403, 196, 38483.4, 10.045, 35.361,0.200266,359.4,168.851,3.98e+00, 16.9,45.7, - 
5727,124001,19072015,25092023 172618,   2, 38406.8,  8.714, 39.225,0.169144,359.3,122.500,4.83e+00, 16.6, 0.3, 62
5728,124200,18022012,26092023 073437,   3, 38273.6,  8.061, 40.973,0.063862,359.3,169.139,5.40e+00, 17.2, 0.3, 25
5729,124201,12122017,26092023 003200, 123, 38315.3, 10.215, 66.753,0.056147,359.7,141.951,5.96e+00, 17.4,17.0, - 
5730,124202,13012019,25092023 221843,  97, 38300.9,  3.088, 80.949,0.083915,359.6,326.419,1.98e+00, 17.8, 1.2,171
5731,124203,29112022,25092023 132727, 111, 38272.1,  1.933,127.311,0.065349,  2.4,199.864,2.09e+00, 17.4,41.4, - 
5732,124300,08042016,26092023 025638,  50, 38283.3, 12.797, 16.981,0.241769,359.4,172.832,9.48e+00, 17.3, 3.7,720
5733,124301,14112017,25092023 201124, 418, 38245.4,  2.841, 92.910,0.153167,  0.1, 62.272,1.94e+00, 18.3, -  , - 
5734,124303,22092023,26092023 012829,   0, 38309.6, 35.976,  9.014,0.255555,359.8, 74.442,9.90e+00, 16.9, 2.5,477
5735,124400,02082019,25092023 100306, 188, 38391.6,  7.846, 47.761,0.022528,359.3, 19.588,5.73e+00, 17.4,94.7, - 
5736,124500,16082012,26092023 085028,2202, 38240.3,  6.550, 66.347,0.069586,359.5, 56.717,4.13e+00, 17.3, -  , - 
5737,124501,10012013,25092023 223009,   5, 38367.4, 21.168,323.696,0.153131,359.7,209.471,1.09e+01, 16.6, 0.9,136
5738,124502,15112022,26092023 172653,  90, 38286.8,  5.626, 57.931,0.621299,359.3,129.686,1.97e+01, 17.4,13.7, - 
5739,124600,27072006,25092023 183947,   2, 38641.0,  9.988, 30.241,0.299824,359.3,109.857,2.26e+01, 17.5, 0.4, 56
5740,124601,12042018,25092023 182415, 149, 38327.8,  1.245,246.220,0.181335,  2.3,257.306,1.51e+00, 17.7, 8.2, - 
5741,124602,12092018,26092023 022622,1788, 38547.0, 24.481,355.257,0.399519,359.7, 95.587,7.85e+00, 18.3, -  , - 
5742,124603,04072019,26092023 041553,  38, 38284.1,  9.818, 97.269,0.342903,  0.1,102.454,1.59e+01, 16.3, 4.2,807
5743,124604,01052021,25092023 203530, 858, 38349.4, 40.532,359.592,0.501057,359.8,173.858,3.40e+01, 17.0, -  , - 
5744,124701,02092016,25092023 175909,1109, 38116.1,  3.576,339.301,0.140229,358.1,238.430,4.62e+00, 16.9,71.9, - 
5745,124704,27082019,25092023 174956,1487, 38374.9,  9.883,330.828,0.236769,359.3,233.825,1.10e+01, 18.6, -  , - 
5746,124705,14112022,26092023 040023,   0, 38343.6,  6.897, 73.802,0.327293,359.7, 73.893,2.47e+01, 17.2, 0.4, 33
5747,124801,25042022,25092023 234854,  10, 38394.2,  7.901,194.751,0.127617,  0.9, 77.698,3.02e+00, 17.6, 2.0,386
5748,124802,29052022,26092023 180258, 417, 38364.3, 21.649, 65.066,0.508751,359.8,102.607,3.33e+01, 17.1, -  , - 
5749,124803,19092022,25092023 093119, 368, 38431.8, 11.605, 25.802,0.068544,359.4,219.459,9.80e+00, 17.9, -  , - 
5750,124901,21022018,25092023 165244,   1, 38448.1,  4.671,  0.670,0.116404,358.4,221.050,5.13e+00, 17.4, 0.1, 20
5751,124902,22092019,26092023 045205,   3, 38433.8,  8.030,175.933,0.585594,  0.9,341.687,6.86e+00, 15.0, 1.2,237
5752,125000,14112010,26092023 003306,1655, 37359.8, 22.368,340.123,0.577488,359.7,225.672,2.80e+01, 16.1, -  , - 
5753,125001,11102014,25092023 232317,  38, 38317.3, 32.823,354.408,0.567331,359.8,212.347,1.69e+01, 15.5,11.2, - 
5754,125002,19052015,26092023 081959,1772, 38468.4,  5.714, 69.081,0.099714,359.5, 44.688,4.29e+00, 17.1, -  , - 
5755,125003,02102018,26092023 074559,  37, 38516.9, 28.267,350.109,0.211985,359.7,175.488,1.13e+01, 16.9, 1.9,365
5756,125005,25102020,26092023 094845,1053, 38326.5,  7.773,156.329,0.666937,  0.9, 23.185,1.06e+01, 15.0, -  , - 
5757,125100,21012012,25092023 202337,   0, 38448.2, 22.182,286.510,0.824368,359.9, 13.614,8.43e-03, 10.7, 0.1,  1
5758,125102,10022019,25092023 221825,   0, 38445.3,  4.393, 70.186,0.076758,359.4, 41.930,4.30e+00, 16.9, 0.3, 58
5759,125200,17102017,26092023 055059, 537, 37678.5, 26.969, 37.573,0.666862,359.8,138.181,4.20e+01, 17.9, -  , - 
5760,125201,26032019,26092023 022301, 152, 38498.9,  2.216,199.127,0.101562,  3.2,110.219,3.28e-01, 17.9, 5.2,968
5761,125202,25032022,26092023 161644,   1, 38377.0,  4.972,175.625,0.409703,  1.5, 51.168,1.42e+01, 17.4, 0.1, 21
5762,125300,01032016,25092023 094054,  39, 38551.3, 11.804, 32.715,0.139664,359.5,134.087,7.55e+00, 17.3, 1.6,270
5763,125400,09032015,25092023 204221,   0, 38947.7, 13.005, 10.295,0.258217,359.4,110.925,7.12e+00, 17.1, 0.2, 35
5764,125401,28022017,26092023 054748, 428, 38526.8,  3.502, 74.799,0.132728,359.4,139.275,3.33e+00, 18.4, 6.9, - 
5765,125501,11082018,26092023 070017, 927, 38652.2,  2.165,111.467,0.281515,  1.3, 32.672,4.95e+00, 14.5, -  , - 
5766,125502,10032019,25092023 185040,  58, 38587.1, 14.342, 37.723,0.071751,359.6, 61.001,3.21e+00, 17.2,11.4, - 
5767,125503,07052019,25092023 143840, 687, 38559.3, 34.897,  9.940,0.428961,359.8,117.450,2.48e+01, 17.5,79.4, - 
5768,125600,11032018,26092023 111959,1251, 38591.0,  0.910, 88.605,0.192112,359.6, 51.107,5.84e+00, 16.3, -  , - 
5769,125601,11072019,25092023 211126,1537, 38579.0,  3.676, 84.804,0.081705,359.8,117.639,2.31e-01, 13.8, -  , - 
5770,125700,30082016,25092023 152434,   0, 38553.5,  6.247, 92.057,0.144127,  0.0,134.858,5.35e+00, 17.2, 0.1, 10
5771,125803,31102019,26092023 024558,1421, 38437.8,  5.821,120.963,0.542372,  0.7,119.591,1.81e+01, 18.9, -  , - 
5772,125901,14072023,26092023 014045,  73, 38532.7, 14.984,131.377,0.686875,  0.3, 74.338,5.75e+00, 15.5, -  , - 
5773,126000,04112015,26092023 075942, 165, 39248.3, 19.395,321.097,0.317795,359.7,174.082,1.85e+01, 17.2,58.1, - 
5774,126001,30082021,25092023 225814,  13, 38736.0,  1.593,248.531,0.233200,  1.7,231.753,3.50e+00, 12.9, 2.6,484
5775,126002,26022023,26092023 053957, 156, 38561.7, 14.783,345.076,0.407790,359.5,105.584,7.37e+00, 17.3,24.6, - 
5776,126100,02102007,25092023 184834,   1, 38599.2,  4.492, 73.335,0.170365,359.5,227.166,2.63e+00, 14.6, 0.3, 66
5777,126300,09042018,26092023 101332,  68, 38679.4,  2.325,346.767,0.143470,356.9,137.437,1.60e+00, 17.2, 6.5, - 
5778,126301,03012019,25092023 160836, 518, 38687.7, 21.206, 21.073,0.199540,359.7,127.063,1.94e+01, 17.8, -  , - 
5779,126302,20032021,26092023 054556, 657, 38577.1, 44.083,  5.727,0.618221,359.8,160.261,4.08e+01, 17.6, -  , - 
5780,126303,02102021,25092023 185619, 242, 38747.2, 35.991,358.025,0.590199,359.8,212.144,4.82e+01, 16.9,53.5, - 
5781,126304,16052023,25092023 101957,   6, 38648.0,  6.884,257.242,0.383741,  0.3,272.875,1.73e+01, 15.6, 8.5, - 
5782,126400,14092006,26092023 015349,   2, 38753.7,  2.190,180.433,0.032568,  3.4,189.849,2.28e+00, 16.1, 0.3, 61
5783,126401,15092015,26092023 014929, 879, 38751.0,  6.220, 80.376,0.130008,359.8, 61.190,1.36e-01, 17.5,12.8, - 
5784,126402,17122017,25092023 183923,1998, 38953.2, 26.921,349.995,0.725837,359.7,188.673,2.45e+01, 17.4, -  , - 
5785,126404,04092022,25092023 235216,   1, 38741.5,  4.878, 89.368,0.074900,360.0,132.621,1.12e-01, 17.2, 0.1,  3
5786,126500,19112006,25092023 165949,   6, 38752.7,  8.885,223.493,0.058203,  0.6, 66.641,1.62e+00, 16.3, 0.3, 33
5787,126501,21092017,26092023 083315,  15, 38756.1,  3.148,211.371,0.120733,  2.0, 87.488,8.51e-01, 17.7, 0.5, 85
5788,126502,26092019,25092023 190231, 770, 38847.0, 19.969, 49.987,0.196793,359.7,173.609,2.33e+01, 17.8,99.2, - 
5789,126601,11032018,25092023 152119,   4, 38756.2,  4.270,216.208,0.138922,  1.4,241.598,9.22e-02, 14.8, 0.1,  7
5790,126700,10082015,25092023 233434,   0, 38890.7, 19.129, 33.414,0.094640,359.7,128.859,1.12e+01, 16.7, 0.1, 18
5791,126701,17042018,25092023 130736,1985, 38770.5, 17.027, 53.222,0.367095,359.7,117.686,1.54e+01, 17.5, -  , - 
5792,126704,24012023,26092023 083459,  42, 38780.2,  2.571,105.186,0.012938,  0.8, 74.703,4.96e+00, 16.5,12.3, - 
5793,126800,21062019,25092023 230005, 230, 38647.9, 12.082,147.289,0.593177,  0.5, 33.869,3.44e+00, 11.9,32.2, - 
5794,126801,17112020,25092023 215907,   6, 38892.6, 25.930,338.719,0.163656,359.7,204.864,1.28e+01, 17.4, 0.4, 68
5795,126802,01052022,25092023 091341, 501, 38811.1,  2.121, 72.515,0.069303,358.8,275.147,1.07e+00, 18.8, 5.7,464
5796,126900,16122015,25092023 213928,   4, 38217.5, 20.781,357.298,0.618360,359.6,167.431,1.29e+01, 16.0, 1.9,309
5797,126901,04032016,26092023 131543,1758, 38530.3, 27.268,352.819,0.571521,359.7,182.766,2.30e+01, 17.3, -  , - 
5798,126902,05062016,26092023 002459, 264, 37934.7,  1.407, 85.744,0.197731,359.5,278.262,4.87e+00, 16.7, -  , - 
5799,126903,22102019,25092023 215303, 122, 38815.0, 21.331, 26.460,0.173471,359.7,104.777,2.28e+01, 16.4,13.4, - 
5800,126904,23012020,25092023 130152, 175, 38082.0, 27.456,333.117,0.076667,359.7,257.202,1.47e+01, 16.8, -  , - 
5801,126905,07112020,26092023 030734,1047, 38759.4,  5.662,227.181,0.574092,  0.9,291.757,8.61e+00, 16.4, -  , - 
5802,127000,08122007,25092023 143048,   4, 38674.5,  1.604, 99.123,0.006138,  0.7,256.393,1.45e+00, 17.5, 0.8, 88
5803,127001,20042018,26092023 092834,   0, 39002.6,  0.662,128.302,0.078781,  8.1,102.761,4.14e+00, 17.3, 0.1, 19
5804,127004,22042020,26092023 062337,  99, 38810.6,  5.522, 67.178,0.166891,359.4,132.079,3.06e+00, 17.1,19.9, - 
5805,127101,12092016,25092023 215003,   3, 38943.2,  3.609,168.234,0.066649,  2.1,104.753,5.43e+00, 16.8, 1.1,213
5806,127102,24032020,25092023 152700, 439, 38900.8,  3.945,102.057,0.106329,  0.4,220.590,5.30e+00, 18.2,12.4, - 
5807,127103,12122020,26092023 170211, 296, 41805.9, 26.685,357.808,0.386865,359.7,167.753,1.29e+01, 16.8,29.1, - 
5808,127104,01022022,26092023 041812,   8, 39027.4,  5.873, 78.579,0.137593,359.7, 86.878,1.82e+01, 17.1, 0.7,138
5809,127105,05062022,26092023 120759,   1, 38877.8,  3.444,223.516,0.071276,  1.6, 30.353,1.20e+00, 17.8, 0.2, 18
5810,127106,29032023,26092023 024652, 134, 38599.5,  4.891,146.156,0.653921,  1.3, 50.926,3.44e+01, 17.8,66.2, - 
5811,127200,14032018,25092023 165456,  13, 38895.8,  1.740,193.489,0.084813,  4.1,179.244,8.57e-03, 17.8, 0.1, 18
5812,127201,04102019,25092023 110143,  98, 38911.1, 11.638, 94.145,0.193610,  0.0,275.340,4.86e+00, 17.0, 3.1,559
5813,127203,23122021,26092023 224838, 633, 64176.8, 21.566,289.601,0.880639,359.9,278.038,7.27e-02, 11.2,73.4, - 
5814,127300,17102017,26092023 040827,1271, 39016.8, 18.359, 62.343,0.071786,359.8, 63.004,1.77e+01, 16.7, -  , - 
5815,127301,11062023,25092023 214017,  36, 38882.5,  1.927,252.392,0.053877,  1.2, 51.153,3.17e+00, 17.5, 7.6, - 
5816,127305,19082022,25092023 194059,   3, 38906.9,  3.830,111.766,0.098618,  0.7,126.366,5.29e+00, 17.5, 0.2, 31
5817,127401,05052016,25092023 200852,  10, 38896.8,  9.393, 17.405,0.585956,359.2,195.578,3.14e+01, 17.0, 2.0,373
5818,127402,22092017,26092023 113043, 107, 38899.9,  1.954,194.283,0.050681,  3.7, 66.567,2.63e+00, 17.4,19.8, - 
5819,127403,23012018,26092023 001432,2066, 38939.5, 20.725, 60.826,0.219514,359.8,110.215,2.91e+01, 17.6, -  , - 
5820,127404,18052018,25092023 090504,  65, 38921.0,  4.115,217.742,0.133328,  1.4,237.099,1.15e-01, 15.7, 1.4,261
5821,127405,11122018,26092023 040804, 123, 38941.9,  1.877,251.824,0.106775,  1.2, 53.816,1.48e-01, 17.7, 4.0,752
5822,127500,21032010,26092023 025156,1242, 39093.4,  8.226, 67.655,0.348956,359.6,106.348,2.37e+01, 17.5, -  , - 
5823,127501,21032015,26092023 064936, 258, 38905.0,  8.081, 51.482,0.306052,359.4,341.798,5.14e+00, 16.9,97.5, - 
5824,127502,18072017,26092023 055842,  11, 38029.9,  3.349, 64.975,0.054892,359.0, 42.712,5.14e+00, 17.1, 2.5, 95
5825,127504,23102019,26092023 000000, 326, 38923.2,  5.111,195.223,0.079639,  1.4,127.711,2.99e+00, 17.6,35.0, - 
5826,127505,23102019,26092023 032819,  74, 38959.4,  6.800,220.009,0.489422,  0.9,295.807,1.18e+00, 17.8,17.6, - 
5827,127506,14082020,25092023 200052, 164, 39127.4, 19.308, 60.724,0.082981,359.8, 83.639,1.78e+01, 16.7,13.6, - 
5828,127601,21092023,25092023 190514,   2, 38981.0,  3.508, 50.526,0.206991,358.6,192.562,5.80e+00, 17.1, 0.3, 57
5829,127700,19082014,26092023 142724,   3, 38998.9,  4.356, 87.065,0.073824,359.9,130.211,1.58e+00, 16.4, 0.1, 23
5830,127701,26072014,26092023 102029,   0, 38997.8,  2.499,208.757,0.030224,  2.6,162.124,1.72e+00, 16.7, 0.1,  4
5831,127702,25112017,25092023 213341,   2, 39012.8,  5.276, 81.722,0.063664,359.8,111.740,1.18e+00, 17.6, 0.3, 24
5832,127703,17032018,25092023 192451, 160, 37571.7, 23.576,339.415,0.615642,359.7,192.462,2.68e+01, 16.8, -  , - 
5833,127704,20082020,26092023 134825,   5, 39009.3,  2.972,165.893,0.065269,  2.5, 34.075,8.68e-01, 17.5, 0.6, 34
5834,127705,01022023,25092023 102626, 121, 38998.9,  2.712,204.444,0.049905,  2.5,187.992,2.51e+00, 17.8,17.1, - 
5835,127706,19042023,25092023 193429, 152, 38901.1,  4.000,305.442,0.486135,359.0,256.842,2.91e+01, 16.9, -  , - 
5836,127800,31102015,25092023 171802,   1, 39030.0,  2.069,321.870,0.098391,357.3,258.721,8.65e-01, 17.0, 0.1,  3
5837,127801,21102015,26092023 013528,1648, 32209.9,  4.109,359.564,0.583186,358.2,149.114,4.69e+01, 16.7, -  , - 
5838,127802,30042017,26092023 033511,2112, 39030.5,  7.405, 59.176,0.068501,359.5,144.242,3.94e+00, 17.5, -  , - 
5839,127803,13032018,25092023 113303, 693, 39022.5,  5.134, 69.435,0.266322,359.4, 77.286,1.10e+01, 18.0,81.2, - 
5840,127804,13102018,26092023 025141,   1, 39052.6,  3.680, 65.146,0.071850,359.1,206.842,4.05e+00, 16.9, 0.2, 37
5841,127902,04052022,25092023 191848, 354, 39038.0,  3.130, 68.758,0.116303,359.1,216.783,3.44e+00, 18.5, 6.2, - 
5842,128001,09112008,26092023 045506,   0, 39031.0,  3.734, 97.902,0.077087,  0.3, 47.932,1.00e+00, 16.2, 0.1, 15
5843,128002,07082013,26092023 020440,  93, 41418.4,  9.819, 10.820,0.195430,359.2,336.276,9.25e+00, 16.9, 4.9,719
5844,128100,03042013,26092023 052807, 143, 39012.8, 25.551, 23.832,0.281417,359.7,174.350,8.22e+00, 16.6, 6.7, - 
5845,128101,29042017,26092023 035002, 130, 39079.5,  5.093, 85.205,0.062495,359.8,100.262,1.07e-01, 17.1, 3.6,623
5846,128103,27032020,26092023 084134,1259, 39500.5, 32.692,355.752,0.120772,359.8,205.451,2.95e+01, 17.9, -  , - 
5847,128104,18032021,26092023 051947, 914, 39398.1, 26.662,320.151,0.206303,359.8,237.596,6.13e+01, 18.1, -  , - 
5848,128107,05072022,26092023 031350, 405, 39227.4,  8.672, 59.594,0.139895,359.5, 91.055,2.58e+01, 17.3,50.6, - 
5849,128108,17042023,25092023 172344, 158, 39071.0,  4.292, 88.987,0.092186,359.9,105.239,1.72e+00, 17.9,82.6, - 
5850,128200,02082014,26092023 052217,   4, 39132.8,  7.966, 44.404,0.162355,359.3,120.401,4.78e+00, 17.0, 0.3, 40
5851,128203,28042023,26092023 022432, 144, 39142.0,  8.599, 53.246,0.506997,359.5,330.438,6.27e+00, 16.4, -  , - 
5852,128301,03102019,25092023 154532, 271, 39196.4, 18.399, 68.753,0.598268,359.8, 94.319,2.10e+01, 16.7,25.6, - 
5853,128400,02102016,25092023 224630,   5, 39230.2,  1.131,  1.746,0.093479,353.4,174.971,4.19e+00, 17.0, 0.6,105
5854,128401,06122015,25092023 194832, 106, 39062.8,  2.655,267.587,0.032672,  0.2, 19.685,2.17e+00, 17.6,25.8, - 
5855,128402,10112017,25092023 161920,2040, 39237.9, 36.389,  8.578,0.348346,359.8,214.256,2.56e+01, 17.4, -  , - 
5856,128500,09022007,26092023 131938,   1, 39190.2,  2.167,328.620,0.022727,357.2,346.990,4.13e+00, 16.7, 0.3, 60
5857,128501,11062021,26092023 052827, 123, 39154.1,  2.789,258.809,0.045904,  0.5, 44.863,1.70e+00, 17.5,22.0, - 
5858,128502,22012023,25092023 210031,   8, 39278.3, 26.822,317.259,0.200567,359.8,204.928,2.44e+01, 17.3, 0.9,171
5859,128600,13022007,26092023 055629,   1, 39195.3,  3.445,101.175,0.075535,  0.4, 62.041,9.12e-01, 17.4, 0.1, 21
5860,128604,02102019,25092023 221227, 156, 39153.1, 13.577,208.373,0.199827,  0.5,326.201,4.36e+00, 17.7, 9.3, - 
5861,128700,18012015,26092023 054953,   6, 39364.1,  8.944, 28.813,0.194578,359.2,134.761,5.84e+00, 16.9, 1.2,213
5862,128701,20072015,25092023 155417,   3, 39211.8, 10.452, 35.318,0.199633,359.4,130.262,7.67e+00, 17.0, 0.5, 90
5863,128703,03022019,26092023 134520,1688, 39064.1, 38.487, 11.471,0.458481,359.8,136.037,2.29e+01, 17.9, -  , - 
5864,128801,07022011,25092023 232830,4301, 39226.8, 11.716, 36.318,0.186982,359.5,117.111,7.90e+00, 16.9, -  , - 
5865,128802,10012019,26092023 094128,1697, 39211.1,  1.950,241.163,0.120476,  1.8,228.058,3.45e-01, 17.7,17.7, - 
5866,128900,01102008,26092023 130619,   3, 39241.4,  5.552, 46.037,0.180910,359.0,211.799,3.56e+00, 15.7, 0.1,  9
5867,128901,09032018,25092023 184550, 649, 39237.2,  1.238,340.948,0.239143,354.5,123.575,1.96e+00, 17.3, -  , - 
5868,129000,29122017,26092023 040429,   1, 39339.2,  3.463,135.134,0.090591,  1.6, 77.399,6.64e+00, 17.1, 1.6,215
5869,129001,09042018,26092023 153325,1971, 39201.3, 19.709, 40.573,0.372408,359.7,138.506,1.55e+01, 17.6, -  , - 
5870,129100,09082019,25092023 175404,1507, 39274.4,  6.088,100.026,0.106338,  0.2,117.094,8.68e+00, 16.9, -  , - 
5871,129202,30012019,25092023 235528, 273, 39411.5, 13.862,307.027,0.129333,359.7,251.722,2.46e+01, 18.5,32.2, - 
5872,129300,09112018,26092023 043655, 156, 39248.0, 10.426,104.183,0.240505,  0.2, 48.186,1.26e+01, 16.9,33.5, - 
5873,129400,08042016,25092023 152134, 477, 39236.6, 14.526, 49.774,0.192919,359.7,131.899,7.94e+00, 17.5, -  , - 
5874,129401,23092020,26092023 014633,1071, 39135.1,  5.965,244.230,0.459791,  0.6,279.024,4.81e+01, 16.7, -  , - 
5875,129402,12022021,26092023 005336, 947, 39346.4, 23.159, 36.510,0.333318,359.7,110.495,2.14e+01, 16.7, -  , - 
5876,129500,09062007,25092023 145934,   5, 39054.6,  3.005,102.771,0.034811,  0.5, 40.989,5.08e+00, 15.6, 2.0,377
5877,129501,22092008,26092023 110736,   2, 39365.2,  2.865,108.627,0.062097,  0.8, 56.631,8.43e-02, 14.3, 0.1,  4
5878,129502,13112010,25092023 223209, 135, 39355.0,  5.575,232.348,0.116106,  0.8, 73.204,1.42e-01, 17.1, 0.4, 59
5879,129503,20092015,26092023 021930, 188, 39552.2,  7.112, 49.628,0.087260,359.3,151.882,3.13e+00, 17.5,35.1, - 
5880,129504,04022016,25092023 134929, 178, 39352.6, 18.079, 20.094,0.208153,359.6,137.153,9.45e+00, 17.0,17.0, - 
5881,129506,04052022,25092023 183725,   3, 39351.8,  1.636, 66.225,0.054668,357.9,203.292,2.83e+00, 17.9, 0.6, 32
5882,129507,21052022,25092023 094751, 490, 39386.3,  8.875,181.858,0.730777,  0.9, 10.127,8.99e+00, 17.4, -  , - 
5883,129508,21082023,25092023 221947,  29, 39385.4, 19.998,344.234,0.305049,359.6,135.550,9.33e+00, 16.6,39.2, - 
5884,129600,27032019,26092023 011220, 187, 39135.2, 33.468,339.476,0.591823,359.8,199.136,2.62e+01, 17.5,61.0, - 
5885,129700,28042009,26092023 101748,   2, 39600.6, 13.440,357.401,0.358831,359.4,125.551,6.44e+00, 14.8, 0.1, 16
5886,129702,21042018,25092023 235107,1980, 39417.7,  8.470, 66.832,0.401318,359.6,101.693,7.14e+00, 17.4, -  , - 
5887,129704,19052020,26092023 000814,1198, 39370.0, 21.850, 40.135,0.216601,359.7,188.068,1.07e+01, 17.5, -  , - 
5888,129900,12041993,25092023 131335,   1, 39454.2,  8.798,329.369,0.063890,359.3, 74.414,1.55e-02, 12.7, 0.1,  1
5889,129901,25012018,26092023 025735,  60, 38566.0, 19.144, 88.816,0.288311,360.0, 34.922,2.02e+01, 16.9,28.9, - 
5890,129902,23032018,25092023 184946,  93, 39424.7,  1.152,306.422,0.265883,356.5,274.943,4.50e+00, 17.6,58.0, - 
5891,129903,24032018,26092023 020028, 746, 39488.9,  2.037,  7.458,0.094106,356.3, 88.419,4.59e+00, 17.5, -  , - 
5892,129904,23042022,26092023 010224,   7, 39470.8,  5.110, 24.809,0.497830,358.6,148.591,1.64e+01, 17.0, 0.6,112
5893,129905,26112022,26092023 182623, 168, 39377.1, 23.757, 58.673,0.619756,359.8,105.528,2.85e+01, 17.3,21.8, - 
5894,130002,22012018,26092023 121400,2010, 39471.9,  4.138, 83.425,0.037795,359.8,107.371,1.35e+00, 18.5,34.7, - 
5895,130003,19012020,26092023 011101, 423, 39463.3,  4.168, 83.683,0.039688,359.8, 99.997,1.27e+00, 18.1, 2.9,524
5896,130100,15042016,26092023 013805, 405, 39606.4,  5.643, 35.739,0.123406,358.9,170.795,4.08e+00, 18.2,86.8, - 
5897,130101,26072017,26092023 091554, 154, 39469.8, 16.054, 39.908,0.597937,359.6,355.857,3.28e+01, 17.2, -  , - 
5898,130103,12102021,25092023 103357, 686, 39463.7, 19.325,293.785,0.364933,359.8,295.112,2.97e+01, 17.8, -  , - 
5899,130200,30012006,25092023 215532,   5, 39517.3,  1.232,226.073,0.079401,  4.0,211.261,1.21e+00, 16.9, 0.2, 33
5900,130201,26042014,26092023 043514, 194, 39422.9, 13.516,321.607,0.519925,359.6,217.447,2.59e+01, 16.8,25.9, - 
5901,130202,28022017,25092023 130036,1643, 39508.1,  7.120, 43.084,0.192300,359.2, 24.298,3.95e+00, 17.4, -  , - 
5902,130203,27102017,26092023 014840, 430, 39657.4,  7.346, 29.400,0.068949,359.1,316.053,5.03e+00, 17.9,69.2, - 
5903,130204,11122018,26092023 001444,   3, 39405.5,  0.347,220.579,0.040600, 13.2,341.940,5.36e+00, 16.9, 0.9,154
5904,130207,21032022,26092023 065942, 534, 39514.0, 26.375, 25.076,0.444400,359.7,170.771,3.72e+01, 16.8, -  , - 
5905,130300,07062010,26092023 085453,4856, 39396.0, 14.040,356.582,0.300760,359.5,204.817,1.25e+01, 19.4, -  , - 
5906,130400,22112013,26092023 110757, 271, 39372.4,  4.948,153.162,0.085405,  1.4, 71.852,6.43e+00, 16.4,53.6, - 
5907,130401,03102015,26092023 024404, 529, 39344.5, 11.166,  7.987,0.464566,359.3,198.564,2.39e+01, 17.0, -  , - 
5908,130402,06112015,26092023 084232, 801, 39525.0, 39.825, 13.095,0.055024,359.8,121.627,2.13e+01, 16.5, -  , - 
5909,130403,24032017,26092023 084857,   3, 39786.4,  9.438,341.330,0.214939,359.2,166.791,1.63e+01, 16.8, 0.5, 57
5910,130404,24102017,25092023 195253, 267, 39423.1, 31.583, 16.287,0.567586,359.8,172.666,3.92e+01, 16.6, -  , - 
5911,130405,16022018,25092023 155028,1982, 39586.6, 42.842,353.233,0.805975,359.8,183.666,3.90e+01, 16.9, -  , - 
5912,130406,20022021,26092023 110508, 156, 39439.8,  5.996, 29.428,0.472691,358.9,137.139,1.63e+01, 17.8,11.5, - 
5913,130500,15022007,25092023 233521,   0, 39457.8,  1.695, 67.036,0.202147,358.1,256.681,1.85e+00, 14.1, 0.2, 38
5914,130501,28012017,25092023 235844,   1, 42166.0,  0.117,103.439,0.000180,353.8, 90.758,5.00e-02, 12.1, 0.1,  1
5915,130502,23022023,26092023 064734, 139, 39566.8,  3.405,242.786,0.061060,  1.0, 69.570,7.34e-01, 18.1, 4.5,557
5916,130600,08102015,25092023 073227,1447, 39520.6,  1.828, 54.023,0.062897,357.4,252.114,5.53e+00, 15.5, -  , - 
5917,130602,23112019,26092023 050236, 390, 39548.2, 18.749, 43.393,0.501640,359.7,170.607,2.26e+01, 17.1,41.5, - 
5918,130605,18022021,25092023 232846, 567, 39538.9, 15.307, 47.067,0.501441,359.7,190.028,2.20e+01, 17.9, -  , - 
5919,130700,24022017,25092023 093154,   4, 39701.4,  7.220,343.432,0.212618,359.0,238.626,9.66e+00, 17.1, 0.6, 78
5920,130702,12112022,25092023 220904,   1, 39726.7, 33.296, 27.086,0.256633,359.8,148.261,2.34e+01, 16.7, 0.9,157
5921,130703,19032023,25092023 223054,  98, 39585.5,  8.349,237.751,0.315466,  0.5,312.660,1.44e+01, 17.2,15.4, - 
5922,130800,19072010,26092023 072257,   5, 39300.1,  6.590, 25.734,0.170422,359.0,147.986,9.15e+00, 16.2, 0.3, 41
5923,130802,28112016,26092023 135415,  87, 39558.4,  1.518,189.587,0.106114,  4.8, 27.447,4.86e+00, 17.0,23.3, - 
5924,130803,22032022,25092023 101041, 525, 39604.5, 25.671,316.782,0.510638,359.8,194.740,2.35e+01, 17.5,61.8, - 
5925,130900,18082017,26092023 075546,  97, 39490.3, 13.898, 54.633,0.443041,359.7,164.954,2.12e+01, 17.6,44.8, - 
5926,130901,16042023,26092023 032528, 160, 39652.0,  3.678,275.328,0.069566,359.8,356.989,3.89e-01, 18.0,19.9, - 
5927,130902,25082023,26092023 131711,   2, 39578.3, 18.872,334.704,0.218304,359.6,156.683,2.13e+01, 16.9, 0.6, 90
5928,131000,06022016,25092023 195535, 158, 39625.1, 12.590,  6.277,0.261023,359.4,182.514,1.07e+01, 17.1,25.6, - 
5929,131001,24092022,25092023 123144, 241, 39661.4,  1.698,195.822,0.015761,  4.2, 52.584,3.88e+00, 18.1,50.8, - 
5930,131002,18042023,25092023 085538, 159, 39586.8, 14.310,354.286,0.320783,359.5,203.062,1.38e+01, 17.6, -  , - 
5931,131100,26092013,26092023 101711,   2, 39665.7, 19.667,199.097,0.828423,  0.4, 97.164,8.03e-03, 11.2, 0.1,  1
5932,131103,07042022,26092023 015436,  34, 39705.8,  1.826,204.382,0.077362,  3.7,188.957,1.31e+00, 17.8, 1.9,332
5933,131104,10042023,25092023 171124,   1, 39657.5, 12.067,322.914,0.178593,359.5,250.592,6.88e+00, 17.6, 0.1,  8
5934,131200,11102013,25092023 162538,   3, 39721.2,  1.783,178.907,0.044983,  4.2,345.904,1.75e-01, 16.9, 0.1, 20
5935,131201,02052013,26092023 032407,   3, 39899.5,  5.491,339.719,0.232169,358.7,202.421,1.94e+01, 15.1, 0.6,112
5936,131203,20022023,25092023 210135, 214, 39702.0,  2.172, 81.665,0.023142,359.4, 57.799,2.61e+00, 18.0, -  , - 
5937,131300,19112016,26092023 035414, 153, 40024.3, 35.680, 17.875,0.326739,359.8,189.132,2.17e+01, 16.6,16.4, - 
5938,131303,25042022,25092023 205452, 516, 40160.2, 30.891, 20.041,0.394970,359.8,191.640,3.77e+01, 17.6, -  , - 
5939,131304,07062022,26092023 093645, 433, 39734.3,  1.741,252.388,0.106767,  1.3,202.333,1.34e-01, 18.4, 4.1,781
5940,131305,13052023,25092023 175737, 132, 39716.3,  2.911, 51.357,0.289460,358.3,128.849,1.06e+01, 17.3, -  , - 
5941,131400,13012008,26092023 084324,   4, 39785.1,  0.579, 19.698,0.038980,347.0,305.909,2.01e+00, 16.1, 0.2, 32
5942,131402,17012023,25092023 144939, 219, 39749.8,  6.382,356.263,0.069871,358.8,195.334,6.00e+00, 17.6,12.5, - 
5943,131500,12032018,25092023 121910, 180, 39809.4,  2.332,241.277,0.072468,  1.5, 24.592,2.01e+00, 17.5,18.4, - 
5944,131501,22032018,26092023 031234,1760, 39805.5, 11.508, 65.177,0.138267,359.7, 90.565,7.17e+00, 17.6, -  , - 
5945,131502,04022019,25092023 173410,  41, 39883.4,  9.125, 67.564,0.109923,359.7, 89.044,7.20e+00, 17.1, 2.2,393
5946,131503,03062019,25092023 234842,1433, 39785.8,  9.697, 65.121,0.148914,359.7,103.526,7.15e+00, 17.8, -  , - 
5947,131600,26092009,25092023 104900,  66, 39717.8,  2.509,301.919,0.090435,358.5,318.795,4.67e+00, 17.2,23.1, - 
5948,131601,31032014,26092023 130724, 185, 40244.4, 24.791,  2.308,0.261712,359.7,180.473,1.89e+01, 17.5,21.6, - 
5949,131602,26102014,25092023 220335,  14, 39727.5, 14.698, 88.094,0.112313,360.0,138.483,7.51e+00, 17.0, 1.1,123
5950,131605,30062022,26092023 020634, 448, 40062.3, 25.988, 72.347,0.340061,359.9, 56.887,2.81e+01, 17.7,58.9, - 
5951,131701,02032016,26092023 151058, 500, 39722.9, 17.956, 30.845,0.414416,359.6,171.112,9.74e+00, 16.7, -  , - 
5952,131800,15112012,26092023 003710, 134, 39865.1,  3.738,289.317,0.067361,359.4, 15.329,1.53e-01, 16.9, 3.5,645
5953,131801,03082016,26092023 053716,   4, 39831.7,  4.043,278.398,0.066201,359.8,  7.424,6.49e-02, 17.4, 0.2, 16
5954,131900,05082007,25092023 214129,   2, 39863.6,  4.120, 85.690,0.076321,359.8,110.128,1.96e-01, 14.9, 0.1,  9
5955,131901,28042017,26092023 080413,   7, 39828.3,  3.783, 71.227,0.053543,359.3,106.862,2.67e+00, 17.4, 0.2, 36
5956,131902,11102018,26092023 091125, 308, 40118.8, 21.145, 42.402,0.190821,359.7,113.009,3.26e+01, 17.4, -  , - 
5957,131904,03022019,26092023 143914,  47, 39966.8, 22.112,322.871,0.041437,359.7,225.426,1.23e+01, 17.0,18.4, - 
5958,131906,01082022,26092023 123215, 276, 39850.1, 15.871,308.020,0.084118,359.7,  0.542,1.21e+01, 17.8,15.0, - 
5959,131907,31082022,26092023 110802, 137, 40264.7, 17.259, 53.639,0.562782,359.7, 97.992,3.81e+01, 17.3,24.7, - 
5960,131908,05092022,26092023 062538,  80, 39841.6,  1.838,108.021,0.072764,  1.3, 49.045,1.25e+00, 17.8, 2.9,529
5961,131909,19092022,26092023 054650, 330, 39873.7, 27.600,348.572,0.155511,359.7,172.930,1.96e+01, 17.5,65.7, - 
5962,131910,23022023,25092023 072733,   9, 39843.0,  6.754, 65.967,0.053011,359.5,322.514,4.16e+00, 17.5, 0.2, 36
5963,132000,01032016,25092023 052345,  68, 40007.9, 15.848,317.062,0.511614,359.7,251.066,3.76e+01, 17.3,32.1, - 
5964,132001,27012017,26092023 130548,   1, 39879.7,  4.014,277.590,0.039762,359.8,310.049,1.52e+00, 17.8, 0.2, 26
5965,132002,04012020,25092023 202913,   1, 39887.5, 20.569, 44.940,0.048421,359.7,204.120,5.67e+00, 16.2, 0.1,  6
5966,132005,26032022,26092023 051002, 546, 40753.7, 21.299, 19.696,0.281601,359.7, 46.460,2.19e+01, 17.8, -  , - 
5967,132006,07042022,25092023 161700,  35, 39494.3, 16.495,231.801,0.694612,  0.3,288.694,5.89e+01, 17.9, 9.3, - 
5968,132100,25082016,26092023 122917,   4, 40005.2, 10.358, 26.481,0.117312,359.3, 95.629,8.27e+00, 16.8, 0.3, 42
5969,132101,23122017,26092023 025607,2023, 39899.4,  4.703, 70.017,0.092132,359.4,118.767,5.77e+00, 18.0,53.2, - 
5970,132102,11032018,26092023 115436, 179, 40108.5,  9.994,113.598,0.253368,  0.3, 46.830,1.62e+01, 17.4,36.2, - 
5971,132103,09092018,25092023 204216,   3, 39893.8,  4.812, 69.896,0.093654,359.4,118.093,5.80e+00, 17.5, 0.3, 26
5972,132106,27102019,25092023 213132, 656, 39854.5, 16.876, 76.560,0.306351,359.9,137.378,1.50e+01, 17.0, -  , - 
5973,132203,09102021,25092023 165335,   8, 39897.3, 14.300,286.815,0.225484,359.9,196.054,1.85e+01, 16.0, 1.2,141
5974,132204,26102021,25092023 225312, 135, 39882.9,  3.807,255.425,0.101783,  0.5,306.434,4.50e+00, 17.7,30.4, - 
5975,132205,30102021,26092023 153432, 242, 39946.7, 12.911,272.820,0.610334,360.0, 22.769,3.94e+00, 16.5, 6.3, - 
5976,132206,09052023,26092023 024320, 130, 39831.4,  2.936,142.010,0.239588,  2.1, 57.604,1.71e+01, 16.8,16.8, - 
5977,132300,04102018,26092023 012653,   4, 39943.3,  3.003,227.673,0.094715,  1.7,238.343,3.49e-01, 16.5, 0.3, 52
5978,132302,21062021,26092023 075618, 541, 39620.6, 35.055, 28.984,0.550006,359.8,179.492,3.52e+01, 17.5,91.9, - 
5979,132303,16082023,25092023 171123,  38, 39907.9,  7.092, 59.616,0.160372,359.4,179.491,6.41e+00, 17.4,72.7, - 
5980,132403,26032023,25092023 194513, 181, 39914.1, 36.574,355.016,0.465286,359.8,176.650,2.35e+01, 17.8, -  , - 
5981,132500,26102011,25092023 210436,   0, 39899.6,  4.700,283.786,0.097569,359.7,206.585,9.23e-01, 17.0, 0.1, 16
5982,132501,21022017,26092023 073558, 837, 40264.0, 29.257,350.472,0.269672,359.7,166.684,3.25e+01, 16.8, -  , - 
5983,132502,21082017,26092023 143411, 108, 39738.3, 15.896, 45.741,0.441627,359.7,167.194,2.24e+01, 17.0,15.2, - 
5984,132503,15032018,26092023 142132, 134, 40211.1, 14.400, 46.707,0.188093,359.6, 46.812,3.18e+01, 17.1,70.3, - 
5985,132506,29012022,26092023 103735,  68, 39999.1,  1.689, 95.203,0.022282,  0.4,357.035,2.20e+00, 17.2,19.2, - 
5986,132507,01042022,26092023 045529,   4, 39895.5,  0.323,254.766,0.126061,  4.7,359.861,1.75e+00, 17.9, 1.0, 67
5987,132600,14022013,25092023 182837,   1, 40032.1,  0.617,227.569,0.161506,  7.2,220.966,3.38e+00, 14.8, 0.1, 14
5988,132601,23112006,26092023 141840,  11, 39988.1,  3.564,247.920,0.058828,  0.8,116.367,4.32e-01, 17.1, 0.8, 49
5989,132602,08112010,25092023 231035,1272, 40211.3, 17.981, 41.517,0.440445,359.7,169.037,8.47e+00, 16.1, -  , - 
5990,132603,16032015,26092023 054716,  15, 40432.0, 14.253, 64.460,0.387625,359.8,143.060,1.57e+01, 16.0, 1.1,200
5991,132604,19092017,25092023 111031,   1, 40005.9,  1.701,211.140,0.061442,  3.7,222.785,2.04e+00, 17.2, 0.1, 14
5992,132605,08102018,26092023 162421,1335, 39942.5,  2.881, 89.420,0.088127,359.9,107.941,2.22e+00, 17.3, -  , - 
5993,132608,20042023,26092023 081149, 155, 39815.5, 23.689, 21.533,0.371703,359.7,164.278,1.20e+01, 17.4, -  , - 
5994,132609,24062023,25092023 201347,  92, 40049.7,  6.261,314.878,0.136465,359.2,163.468,2.37e+01, 17.0, -  , - 
5995,132700,19092017,25092023 195751,   4, 39601.9,  3.693,151.727,0.089369,  1.8,340.525,6.11e+00, 17.0, 0.3, 34
5996,132702,16022021,25092023 234630, 218, 40016.8,  1.584,215.912,0.079536,  3.7, 62.490,2.21e+00, 17.6,30.0, - 
5997,132703,25032022,26092023 103547,   8, 40013.8,  1.737,108.874,0.034417,  1.4, 89.638,1.10e+00, 17.6, 1.0,181
5998,132800,11092017,26092023 022808,2201, 40029.3,  4.959, 24.895,0.039768,358.6,252.344,5.35e+00, 18.2, -  , - 
5999,132802,13112020,26092023 025339,  41, 39978.8,  6.228, 64.236,0.405945,359.4,132.087,5.40e+00, 17.3, 1.2,192
6000,132803,23082022,25092023 224619, 358, 39980.9,  1.941,224.076,0.107972,  2.7,327.462,1.68e+01, 17.9,32.8, - 
6001,132804,19022023,26092023 130257, 180, 40030.9,  1.529, 65.535,0.016087,357.7,215.214,2.94e+00, 17.7, 2.5,451
6002,132805,28032023,26092023 002709,   7, 40024.9,  1.584,215.899,0.087602,  3.7, 51.436,3.14e+00, 17.7, 1.1,112
6003,132901,20102017,26092023 134541,   5, 40051.6,  6.080, 65.342,0.046533,359.5,169.073,1.75e-02, 17.8, 0.2, 14
6004,132902,15042018,25092023 230323,   0, 40053.6,  4.525, 77.016,0.044375,359.6,176.178,1.00e-02, 10.7, 0.1,  1
6005,132905,26032022,26092023 050621,   1, 40038.9,  3.490, 82.031,0.077666,359.7, 60.904,1.58e+00, 18.0, 0.2, 18
6006,132906,02082022,26092023 082741, 417, 40033.6,  5.728, 47.884,0.165548,359.1,189.257,4.12e+00, 18.2, -  , - 
6007,133000,19102015,26092023 115945,   1, 40056.3,  3.018,240.142,0.097734,  1.2,225.387,4.37e+00, 17.4, 2.9,353
6008,133002,09012018,25092023 164035, 163, 40175.8, 34.259,345.401,0.537615,359.8,133.305,2.16e+01, 18.0,29.2, - 
6009,133003,19022018,26092023 044759, 267, 39682.8,  7.485,299.516,0.473482,359.5,215.345,1.86e+01, 17.0,34.5, - 
6010,133101,14032018,26092023 112344, 189, 39838.0,  8.709, 91.924,0.365859,  0.0,101.885,1.58e+01, 17.9, -  , - 
6011,133102,20062018,26092023 104339,  27, 40099.0,  3.726,222.500,0.091971,  1.5,250.856,2.36e-01, 14.0, 0.8,128
6012,133103,30032022,26092023 142721,   8, 40091.2,  2.399,138.253,0.094358,  2.4, 55.903,4.76e+00, 17.5, 0.2, 33
6013,133300,19052006,26092023 101332,   1, 40160.4,  4.639,281.220,0.047712,359.7,260.963,1.72e+00, 15.9, 0.1, 10
6014,133302,30042017,25092023 220458,   2, 40074.5, 10.732, 76.849,0.137337,359.8,120.968,8.88e+00, 17.2, 0.4, 76
6015,133303,14022018,25092023 204334, 537, 40344.2, 33.004,332.212,0.519222,359.8,177.830,3.09e+01, 17.2, -  , - 
6016,133304,04032018,25092023 093133,   1, 40139.1,  1.484,262.821,0.092047,  0.7,214.590,1.63e-01, 14.1, 0.1,  5
6017,133307,28122019,26092023 010454, 103, 40067.1, 20.133, 45.348,0.331804,359.7,171.539,7.18e+00, 15.9,57.6, - 
6018,133308,23082022,25092023 095023, 218, 40306.8,  2.742,343.536,0.278992,357.4,145.389,2.20e+01, 17.2,22.2, - 
6019,133309,01112022,26092023 141145, 303, 40135.2,  5.351,273.929,0.070302,359.9, 15.640,2.93e-02, 18.0,30.4, - 
6020,133311,14112022,26092023 151154, 250, 40163.6, 19.790,352.713,0.112782,359.6,303.435,3.54e+00, 17.3,21.6, - 
6021,133312,19092023,25092023 085220,   2, 40147.1, 13.918,353.717,0.148138,359.5,141.011,2.57e+01, 17.6,18.6, - 
6022,133400,01012008,26092023 015643,   6, 40177.8,  3.947,298.554,0.077724,359.1,265.156,2.34e+00, 16.5, 0.5, 84
6023,133402,11102018,25092023 084906, 283, 39923.1,  2.308,110.564,0.159595,  1.2,224.384,3.62e+00, 16.9, -  , - 
6024,133404,29032022,26092023 084653, 154, 40155.4,  6.361, 36.510,0.060666,359.0,206.369,5.51e+00, 17.8,16.7, - 
6025,133405,17092023,26092023 023149,   7, 40217.0,  1.090,340.308,0.162562,353.8,137.335,2.42e+01, 17.4,57.7, - 
6026,133501,20052007,26092023 035225,4394, 40218.5,  5.276, 63.775,0.107314,359.3,131.292,2.56e+00, 14.7, -  , - 
6027,133503,26082016,25092023 220915,   1, 40078.6,  3.640, 53.763,0.114557,358.7,177.478,7.87e+00, 17.2, 0.1, 15
6028,133504,30072016,25092023 174751,   0, 40196.7,  5.027,283.419,0.052514,359.7,341.540,3.47e-02, 17.6, 0.1,  3
6029,133506,16092017,25092023 103407,   0, 40147.5,  4.249,201.863,0.189845,  1.6,306.820,4.99e+00, 17.1, 0.1,  6
6030,133507,17092017,25092023 184254,1398, 40087.9,  4.928,337.074,0.095232,358.6, 43.985,3.01e+00, 18.0, -  , - 
6031,133509,10012021,26092023 144430, 212, 40267.7, 13.568, 65.328,0.237368,359.8,163.407,2.40e+01, 17.0,23.7, - 
6032,133510,18022023,25092023 133649,   2, 40179.7,  5.062,280.768,0.058297,359.8,  2.978,6.31e-02, 17.3, 0.1,  7
6033,133511,05112018,25092023 221129, 328, 40161.8,  1.953,246.276,0.012642,  1.5,172.897,1.74e+00, 18.0,83.8, - 
6034,133600,08032016,26092023 034801,  12, 40141.6,  3.936, 72.260,0.126632,359.4, 49.873,2.86e+00, 17.4, 8.2,497
6035,133601,07092016,25092023 164625, 433, 40197.2,  4.835,283.917,0.211070,359.7, 28.959,4.28e-02, 18.2, 6.7, - 
6036,133603,20032018,25092023 230322, 156, 40171.3,  1.437,265.861,0.093036,  0.4,210.611,1.68e-01, 17.3, 4.9,731
6037,133606,27082022,25092023 124548,   2, 40198.9,  5.006,282.400,0.045974,359.7,328.219,5.96e-01, 17.7, 0.1,  7
6038,133700,17092015,26092023 071845,1428, 39996.0, 28.244,  8.827,0.419509,359.7,173.684,6.92e+00, 17.4, -  , - 
6039,133701,18022018,26092023 010430,   1, 40316.5,  6.711, 39.239,0.118196,359.1, 34.509,4.79e+00, 17.3, 0.9, 93
6040,133703,08022021,25092023 164324, 169, 40213.8,  4.871, 79.686,0.083650,359.7,185.957,1.66e+00, 17.3,25.3, - 
6041,133801,07122016,26092023 172451,2455, 40203.9, 18.206,298.747,0.643279,359.8,348.890,4.37e+00, 16.6, -  , - 
6042,133900,26042006,25092023 181159,1986, 40593.0, 14.905,  3.344,0.514122,359.5,161.410,1.34e+01, 16.9, -  , - 
6043,133901,20102006,25092023 220131,   0, 40488.9, 24.620,330.817,0.066887,359.7,254.160,1.18e+01, 15.7, 0.2, 20
6044,133902,04112011,25092023 190604,  46, 40067.5,  2.195,204.225,0.199938,  3.1,355.837,5.91e+00, 15.8,12.2, - 
6045,133903,27092013,26092023 102344,   2, 39815.4,  7.886, 53.352,0.136956,359.4,249.288,5.23e+00, 15.0, 1.2,219
6046,133905,30082016,26092023 054028,   1, 40182.1,  6.131, 94.092,0.121586,  0.1,161.515,7.54e+00, 17.2, 0.3, 33
6047,133906,14032018,26092023 025200,   3, 40229.2,  1.783,143.303,0.100842,  3.5,101.494,4.12e+00, 17.5, 0.4, 30
6048,133908,24092023,26092023 035631,   0, 40294.3,  2.248, 21.429,0.344713,356.8,117.129,2.20e+01, 17.7, 4.3,816
6049,134000,08122007,25092023 083624,   0, 40217.4,  7.463, 68.371,0.087563,359.6, 35.521,3.98e+00, 15.4, 0.3, 53
6050,134001,23012017,26092023 022550,  11, 40233.5, 15.485, 16.839,0.307693,359.5,173.608,1.39e+01, 16.6, 4.6,821
6051,134002,24032017,26092023 100411, 104, 40280.7,  6.125,265.767,0.099573,  0.1, 45.646,9.26e-02, 17.3, 0.7,132
6052,134006,03072022,26092023 104623, 413, 40458.2,  5.724, 30.213,0.239338,358.8, 28.281,2.69e+01, 17.8,49.9, - 
6053,134100,11062012,25092023 184950,  36, 40461.1,  6.732, 62.872,0.015629,359.5, 97.971,2.56e+00, 16.4,10.2, - 
6054,134102,12032018,26092023 110719,   0, 40278.8,  1.907,238.310,0.086709,  2.0,237.424,1.69e+00, 15.8, 0.1,  7
6055,134103,12062018,26092023 050046, 169, 40077.9,  1.562,126.332,0.173553,  3.0,  1.650,1.34e+00, 18.2, 1.6,194
6056,134104,15102018,26092023 013438,  33, 40111.8, 20.359,334.494,0.360581,359.7,169.605,2.12e+01, 16.9, 6.4, - 
6057,134105,30112018,25092023 175842,1724, 40237.1,  1.292,145.370,0.139851,  5.0,355.525,9.14e+00, 16.8, -  , - 
6058,134106,09012019,25092023 154522, 214, 40299.6,  1.809,277.351,0.063350,359.6, 18.340,1.00e-02, 18.1,28.1, - 
6059,134107,12102021,26092023 155932, 155, 40601.8, 20.233, 69.310,0.404867,359.9, 68.896,3.43e+01, 16.9,47.2, - 
6060,134108,25032022,26092023 010512, 182, 40292.1,  4.850,292.181,0.049321,359.5,331.078,6.25e-02, 18.1, 1.4, 50
6061,134200,19102006,25092023 204603,   0, 40367.1,  5.317,285.056,0.049585,359.7,350.669,3.84e-01, 17.0, 0.3, 23
6062,134203,14032022,26092023 104516,   1, 40308.4,  5.166,286.053,0.050351,359.6,333.355,5.25e-01, 16.5, 0.1, 23
6063,134205,14092023,25092023 201157,   0, 40306.6, 13.211,348.324,0.380112,359.4,192.384,1.17e+01, 17.0, 3.4,624
6064,134300,27072014,25092023 221721,   6, 40319.0,  1.310,222.584,0.106878,  4.0,228.823,2.28e+00, 16.7, 0.3, 49
6065,134302,11072016,25092023 093037,2216, 40345.9,  7.064, 61.606,0.148160,359.5,165.653,1.84e+00, 17.3, -  , - 
6066,134303,14092017,25092023 153349,1699, 38860.3, 27.667,359.323,0.341979,359.7,153.579,3.66e+01, 17.3, -  , - 
6067,134304,16012018,26092023 113526,   0, 40312.4,  3.454,100.913,0.137484,  0.4, 35.401,4.65e+00, 17.4, 0.2, 15
6068,134305,17042020,25092023 181657,1068, 40325.9, 20.243, 40.191,0.316410,359.7,166.615,7.13e+00, 16.1, -  , - 
6069,134306,08112020,25092023 150125, 503, 40001.1, 24.350,350.605,0.474517,359.7,220.313,2.24e+01, 17.0, -  , - 
6070,134307,20012023,26092023 154250, 166, 40185.5, 22.625,337.140,0.316369,359.7,174.563,1.39e+01, 17.0,60.7, - 
6071,134400,31072006,25092023 215118,   0, 40426.4,  1.377, 98.853,0.072328,  0.8, 97.355,2.48e+00, 17.1, 0.1, 25
6072,134402,28092011,25092023 143634,  16, 40313.4,  4.857,291.751,0.057237,359.5,354.451,6.57e-01, 17.5, 2.9,439
6073,134403,04122013,25092023 182317,   1, 40374.0,  0.580,349.343,0.055743,348.0,176.869,3.85e+00, 16.9, 0.4, 61
6074,134404,16122015,26092023 000201,  15, 40377.9,  7.577, 45.385,0.097963,359.3, 43.111,4.53e+00, 17.0, 0.9,148
6075,134406,30112017,26092023 061413,   5, 40152.8,  5.507, 74.979,0.246564,359.6,129.802,1.82e+00, 13.8, 0.7,140
6076,134408,03062021,26092023 030348, 265, 40378.6,  2.546, 77.588,0.084375,359.3, 33.738,3.49e+00, 17.1,91.1, - 
6077,134410,29072023,26092023 022659,  37, 40368.4, 11.959,327.973,0.164410,359.5,216.103,1.29e+01, 17.3, 4.1,715
6078,134500,28102016,25092023 192131,   0, 40229.1,  6.659,336.687,0.054297,359.0,257.914,7.38e+00, 17.4, 0.1, 16
6079,134501,14122018,25092023 191627,  33, 40362.0,  1.574, 99.213,0.034977,  0.8, 55.435,1.39e-01, 16.3, 0.6, 67
6080,134502,03102021,25092023 160154, 697, 40299.1, 13.010, 60.296,0.626310,359.7,102.266,9.17e+00, 16.3,73.4, - 
6081,134503,04042022,25092023 131247,   8, 40333.9,  1.567, 72.976,0.023034,358.4,111.083,1.67e+00, 18.2, 0.6, 87
6082,134600,17012008,25092023 203407,   1, 40347.4,  3.182, 37.828,0.086606,358.1,104.265,4.59e+00, 15.2, 0.1,  5
6083,134602,26072014,26092023 103918, 152, 40504.8, 24.494, 28.245,0.095891,359.7,130.050,1.05e+01, 16.2,11.2, - 
6084,134604,08062016,26092023 044353,  10, 40356.9, 34.024, 29.749,0.495852,359.8,155.007,1.78e+01, 16.5, 0.8,152
6085,134605,30072016,25092023 170225,   6, 40366.3,  2.836, 78.365,0.235740,359.4,126.987,4.85e+00, 17.3, 2.0,348
6086,134608,08102020,26092023 041723,  12, 40192.9,  4.975, 63.212,0.314842,359.3,150.603,2.43e+01, 16.8, 1.5,255
6087,134609,14042021,26092023 010824,  97, 40386.7,  3.815,253.620,0.156689,  0.6,309.159,1.78e+00, 17.3,19.2, - 
6088,134610,11052021,25092023 192140, 118, 40544.2, 17.481, 42.338,0.207449,359.7,179.245,5.87e+00, 15.9,60.4, - 
6089,134611,20042022,26092023 010921, 254, 40386.6, 13.676, 42.348,0.364590,359.6,243.075,3.49e+00, 15.6,34.6, - 
6090,134612,19112022,25092023 162947,  82, 40387.7,  6.149, 69.719,0.038451,359.5,156.250,3.01e-02, 17.8, 1.0,110
6091,134700,16062007,26092023 034959,   2, 40453.1,  0.234,206.980,0.043773, 22.0,205.018,1.48e+00, 15.6, 0.3, 62
6092,134701,05092016,26092023 041055,   1, 40044.3,  1.076,170.807,0.063657,  7.0, 19.463,5.23e+00, 17.3, 0.1, 17
6093,134702,17092017,25092023 092936,   5, 40370.9,  3.944,253.268,0.042308,  0.6, 42.752,3.66e+00, 17.3, 0.6, 44
6094,134704,15032018,26092023 135735,  10, 40355.4,  1.927,192.316,0.523847,  3.8,352.408,2.83e+01, 16.8, 1.5,257
6095,134705,14082018,26092023 044915,   1, 40412.3,  2.421, 77.590,0.028905,359.2, 13.546,2.94e+00, 17.8, 0.5, 80
6096,134707,12052021,26092023 091847, 154, 40290.7, 22.853, 20.280,0.094189,359.7,123.556,9.66e+00, 16.7,44.3, - 
6097,134708,20012020,26092023 033100, 255, 40412.5, 15.638,304.653,0.208591,359.7,184.564,1.52e+01, 17.8,46.4, - 
6098,134709,31102021,25092023 220418, 288, 40409.4, 21.850, 45.231,0.170637,359.7,145.383,1.32e+01, 15.9,17.1, - 
6099,134800,30012016,26092023 032259,  42, 40440.4, 12.767,  2.537,0.041634,359.4,219.330,2.27e-01, 16.9, 1.3,225
6100,134802,13042020,26092023 145836,   8, 40422.8,  4.629, 66.406,0.063860,359.3,224.793,2.14e+00, 17.7, 0.6, 41
6101,134803,29012023,25092023 195222,   2, 40429.7,  1.692, 85.438,0.024805,359.5,162.013,3.48e+00, 17.3, 0.5, 85
6102,134901,10102010,25092023 201229,   0, 40456.9,  5.553,288.242,0.044599,359.6,327.072,2.76e-02, 16.0, 0.2, 15
6103,134902,18082014,26092023 014311,   6, 40447.7,  3.449,257.884,0.011906,  0.5, 31.665,1.37e+00, 16.7, 0.4, 77
6104,134903,09092016,25092023 172030,   1, 40508.4,  3.566,257.604,0.021342,  0.5,101.899,1.96e+00, 17.4, 0.2, 29
6105,134904,19022020,26092023 115303, 208, 40450.6, 32.805,328.658,0.326603,359.8,203.066,2.72e+01, 17.4,28.5, - 
6106,134907,01092022,26092023 000246,   0, 40459.7,  4.459,319.149,0.089595,358.8,255.312,1.23e-01, 17.2, 0.2,  9
6107,135001,27042012,25092023 191618,3268, 40359.5, 10.082, 24.679,0.227704,359.3,295.779,8.83e+00, 16.0, -  , - 
6108,135003,13032018,26092023 011707,  10, 40709.1, 16.981,314.529,0.209031,359.7,180.226,1.14e+01, 16.8, 1.2,209
6109,135005,12112021,25092023 185859, 635, 40484.2, 21.147, 44.617,0.147294,359.7,134.401,7.17e+00, 16.9, -  , - 
6110,135101,08062008,25092023 173105, 364, 41109.4, 29.158,355.552,0.362183,359.7,113.266,4.15e+00, 17.3,81.8, - 
6111,135103,12062016,25092023 075114,   0, 41132.0,  5.746,352.880,0.022089,358.7,240.058,1.12e-02, 11.0, 0.1,  1
6112,135105,12092020,26092023 012916,  14, 40359.7,  7.497, 43.709,0.237764,359.3,187.895,2.02e+01, 17.2, 1.4,255
6113,135106,02032022,26092023 032032, 256, 42727.4, 20.140, 54.969,0.059369,359.8,148.222,2.04e+00, 17.4, 6.4,976
6114,135107,02062023,26092023 050244, 112, 40453.8, 15.904,151.726,0.722574,  0.4, 30.664,9.51e+00, 16.4,26.2, - 
6115,135200,23042011,26092023 045146,  96, 40572.0,  2.839, 48.347,0.101576,358.1, 62.315,4.54e-01, 16.2,13.7, - 
6116,135201,16022013,26092023 095359,   0, 40508.8,  3.823, 74.548,0.084205,359.4, 23.893,1.96e+00, 16.4, 0.1, 16
6117,135203,30092019,25092023 221447, 283, 40643.1, 11.939,159.814,0.605379,  0.6, 10.295,6.68e+00, 16.2, -  , - 
6118,135204,19042020,25092023 140712,1249, 40365.7, 29.276, 24.668,0.627833,359.8,219.393,2.07e+01, 17.8, -  , - 
6119,135300,26062009,25092023 175519,   0, 40538.2,  6.323,192.159,0.128887,  1.2,320.696,5.80e+00, 16.7, 0.1,  6
6120,135302,30082016,25092023 130754,  11, 40523.6,  1.583,133.045,0.086079,  3.4,296.343,4.81e+00, 17.5, 0.3, 46
6121,135303,29062017,25092023 064354,   6, 40531.7,  5.754,289.143,0.079231,359.6,313.220,5.89e-02, 17.7, 0.1, 15
6122,135305,27082022,26092023 030613, 390, 40530.9,  5.933, 95.542,0.123694,  0.1, 43.923,7.01e+00, 18.5, -  , - 
6123,135306,17122022,26092023 054005, 246, 40530.6,  2.527,136.642,0.075365,  2.2,202.213,7.46e-01, 17.1, 5.8,762
6124,135400,04112007,26092023 003718,   1, 40272.8,  4.336, 79.108,0.014757,359.6, 58.905,1.13e+00, 16.7, 0.1, 15
6125,135401,02072017,26092023 093930,   8, 41414.4,  4.050, 90.719,0.544620,360.0, 81.754,3.80e+01, 16.5, 1.9,287
6126,135402,16122017,26092023 013239,1657, 41088.1, 23.974, 44.801,0.199232,359.8,104.289,2.55e+01, 16.8, -  , - 
6127,135403,15062018,26092023 031004, 156, 40519.7,  1.492,235.417,0.086148,  2.7,244.050,3.23e+00, 17.8,34.4, - 
6128,135404,15082018,25092023 134343, 577, 36475.4, 29.963,341.123,0.676084,359.8,230.556,2.10e+01, 17.4, -  , - 
6129,135407,25022020,26092023 071110,1293, 40301.1, 18.209, 45.013,0.729508,359.7,128.454,8.16e+00, 13.0,58.7, - 
6130,135408,30062022,26092023 051935, 102, 40545.3,  0.284,105.190,0.130083, 11.7,135.777,1.99e+00, 17.5,16.5, - 
6131,135500,03052011,26092023 015258,   8, 40572.0,  5.424,280.536,0.028768,359.8,290.297,2.99e+00, 17.1, 0.2, 38
6132,135502,22052018,25092023 144644, 103, 40560.5,  0.400,178.695,0.038455, 18.4,307.908,1.80e-01, 16.9, 2.5,465
6133,135503,04112018,25092023 171650,1698, 40302.0, 32.562,314.424,0.661502,359.8,257.831,3.21e+01, 16.6, -  , - 
6134,135508,01082022,25092023 232251, 123, 40520.8, 10.634, 67.865,0.483852,359.7,127.185,5.30e+01, 17.0,38.3, - 
6135,135509,21092023,26092023 002002,   0, 40577.5,  0.379, 37.520,0.045965,340.7, 57.073,7.00e-01, 17.7, 0.2, 36
6136,135600,05072016,25092023 171550,1337, 40591.4,  1.956, 87.298,0.011734,359.7,206.813,1.97e-01, 17.5,46.8, - 
6137,135601,20072020,25092023 190521,  40, 40593.7,  1.935, 87.381,0.019245,359.7,178.855,2.27e-01, 17.6, 1.6,283
6138,135603,14092023,26092023 024107,   8, 40596.5, 24.377,349.529,0.183138,359.7,175.927,1.30e+01, 17.8,32.3, - 
6139,135702,15112019,26092023 070757,   2, 40401.2,  6.502, 82.515,0.375276,359.8, 56.288,1.68e+00, 14.5, 1.0,173
6140,135704,12102021,25092023 103337,  60, 40392.8, 12.196,308.962,0.342329,359.6,213.372,1.87e+01, 17.3,27.0, - 
6141,135705,20122022,25092023 205925, 277, 40672.4,  8.241,292.254,0.054106,359.7, 52.323,1.77e+01, 17.4, -  , - 
6142,135706,24032023,26092023 110857, 179, 40297.2,  4.806,116.005,0.645600,  0.7, 87.564,2.33e+01, 18.0,24.5, - 
6143,135800,09052016,25092023 185847, 980, 40584.2,  5.974, 70.860,0.063393,359.6,251.261,1.59e-02, 17.3, 7.4, - 
6144,135801,28042017,26092023 044603,1103, 40319.5,  4.928, 57.130,0.173738,359.1,189.020,7.39e+00, 17.9, -  , - 
6145,135802,14072017,26092023 161902,   5, 40631.9,  6.215, 68.699,0.034581,359.5,148.856,2.01e-02, 17.0, 0.1, 14
6146,135803,24022018,25092023 113307,  17, 40637.4,  5.887,291.300,0.040237,359.6,342.028,3.53e-02, 17.4, 1.6,146
6147,135805,03042019,26092023 122714,1541, 40638.6,  5.536, 78.206,0.227207,359.7, 72.532,3.12e+00, 14.4, -  , - 
6148,135806,09082019,25092023 181932, 134, 39776.3, 30.096, 54.120,0.036231,359.8, 58.735,1.68e+01, 16.6,25.7, - 
6149,135807,14102020,25092023 220332,   6, 41117.6,  3.770,148.385,0.451891,  1.7,350.071,4.15e+01, 17.7,60.1, - 
6150,135809,07042022,25092023 173037, 160, 40599.1,  6.103, 38.103,0.091660,359.0,191.246,7.02e+00, 17.1, 5.3,954
6151,135810,17042023,25092023 154341, 155, 40629.8,  4.460,277.918,0.017485,359.8,212.784,1.55e+00, 18.3, 1.5,203
6152,135901,31012017,25092023 202244, 138, 40615.8,  2.240,228.492,0.203551,  2.2,303.218,5.41e+00, 16.9,10.1, - 
6153,135902,13032018,26092023 164204,   5, 40637.6,  6.025,286.450,0.032621,359.7,298.945,1.78e+00, 17.5, 0.2, 24
6154,135904,01102019,25092023 063125,   0, 40663.9,  4.497, 61.377,0.085717,359.2,284.691,2.00e+00, 15.8, 0.5, 56
6155,135906,17042020,26092023 141925,   5, 40750.6, 32.655, 23.483,0.268199,359.8,154.555,2.69e+01, 17.4, 1.1,195
6156,135907,22032023,26092023 055448, 153, 40606.5, 21.670, 27.827,0.260579,359.7,166.700,1.17e+01, 17.1, 8.1, - 
6157,136000,08102013,25092023 131140,1260, 40676.2,  6.751, 40.478,0.070577,359.1,238.090,1.77e+00, 17.6, -  , - 
6158,136004,21012018,26092023 155831,   3, 40663.0,  2.944,263.306,0.030408,  0.3,129.841,5.80e-02, 17.2, 0.4, 27
6159,136005,20012020,25092023 123743, 167, 40474.5, 23.453, 49.401,0.111977,359.8,342.531,7.59e+00, 15.8, -  , - 
6160,136007,10102020,26092023 032330, 668, 40651.7,  7.321,164.417,0.661567,  1.0, 13.098,5.05e+00, 16.2, -  , - 
6161,136008,15042023,26092023 050509, 161, 40178.0, 18.750, 44.451,0.713715,359.7,141.780,3.93e+01, 17.2, -  , - 
6162,136100,30112015,25092023 203759, 312, 40693.0,  5.669,298.136,0.043173,359.4,306.056,1.11e-02, 17.5, 9.6, - 
6163,136101,22032018,26092023 001949,1244, 40505.4, 22.168, 57.699,0.310500,359.8,110.490,1.68e+01, 17.6, -  , - 
6164,136103,03072019,25092023 065406,1223, 40705.2, 10.964,163.846,0.575167,  0.7,  4.543,2.44e+00, 16.6,62.8, - 
6165,136104,10082019,25092023 235848, 129, 40793.7, 32.515, 37.990,0.342214,359.8,190.404,2.58e+01, 16.3,69.4, - 
6166,136105,18082023,25092023 071612,   1, 40693.7,  0.346,146.799,0.019127, 21.7, 30.432,2.82e-01, 17.4, 0.1, 14
6167,136106,09092023,25092023 181912,   1, 40656.4,  4.558,277.678,0.089187,359.8,310.798,2.57e+01, 17.4, 3.1,317
6168,136200,02082008,26092023 051144, 123, 40702.7, 13.169,  2.152,0.085536,359.4,123.319,2.00e+00, 16.9, 2.6,389
6169,136201,03032011,26092023 034800,   2, 40699.6,  0.955, 82.490,0.043352,358.7, 95.781,9.48e-01, 16.7, 0.5, 84
6170,136202,19122011,25092023 104233,   3, 40366.3,  2.188,283.935,0.191002,359.3,257.763,5.87e+00, 16.1, 0.7, 33
6171,136203,25112011,26092023 000041,   4, 40578.7,  0.387, 35.758,0.029153,340.9, 69.283,2.48e+00, 16.2, 1.0,165
6172,136205,13022016,26092023 130427,   2, 40714.3,  6.230, 71.598,0.030922,359.6,144.408,1.03e-02, 16.1, 0.1,  6
6173,136206,19032018,25092023 224842,1899, 40690.0,  5.263, 77.418,0.193975,359.7, 70.812,2.36e+00, 14.1, -  , - 
6174,136209,26102022,25092023 222842,  10, 40616.5, 21.817,303.147,0.156377,359.8,318.695,2.82e+01, 16.0, 1.5,247
6175,136300,03102011,26092023 024357,   1, 40750.1,  7.002,126.105,0.263095,  0.6, 80.648,5.26e+00, 15.6, 0.1,  6
6176,136301,02082014,25092023 200543,  83, 40749.0,  3.191, 82.020,0.080438,359.6,248.718,1.76e+00, 16.6,20.0, - 
6177,136302,05092015,26092023 012105,   1, 40736.7,  5.531,297.464,0.008114,359.4,237.881,1.54e+00, 17.1, 0.4, 24
6178,136303,14022016,25092023 201120,   3, 40725.3,  6.236, 71.907,0.027339,359.6,147.804,1.34e-02, 17.6, 0.2,  5
6179,136400,01052011,26092023 135855,   2, 40410.6,  5.334, 40.002,0.019793,358.9, 16.135,5.38e+00, 14.5, 0.8,154
6180,136401,13092017,25092023 075149,2161, 40619.7,  3.868,177.724,0.100348,  1.9, 43.358,2.27e+01, 16.6, -  , - 
6181,136402,20092017,26092023 124618, 121, 40758.0,  5.826,288.904,0.011615,359.6,352.253,1.83e+00, 17.8, 2.7,435
6182,136406,18042021,25092023 162453,  65, 40762.9,  2.109, 70.395,0.193793,358.7, 80.940,3.25e+00, 17.6, 1.7,300
6183,136500,25112011,26092023 003411,   2, 40608.5,  0.729,161.671,0.144958, 10.3,151.936,3.10e+00, 16.7, 0.1, 21
6184,136501,27072012,26092023 040548,   0, 40780.9,  0.558, 92.267,0.025448,  0.4, 37.760,5.63e-03, 16.5, 0.1,  2
6185,136502,26082019,26092023 102745,1040, 40708.3, 11.267,161.424,0.592469,  0.6, 10.784,2.29e+00, 16.6, -  , - 
6186,136504,28082016,25092023 234015,   5, 40779.9,  4.375, 19.977,0.068751,358.4,193.451,4.35e+00, 17.3, 0.8,112
6187,136505,14032021,25092023 142910, 901, 41038.0, 19.336,347.540,0.087180,359.6, 50.398,8.38e+00, 16.4,91.5, - 
6188,136506,31032022,26092023 060735,   4, 40767.4,  0.827,113.710,0.142416,  4.1,  0.279,4.19e+00, 17.8, 0.1, 17
6189,136507,30062022,25092023 182139, 427, 40762.7,  6.107, 62.506,0.033398,359.4,186.349,1.36e+00, 17.7,26.6, - 
6190,136600,19102006,25092023 160912,   3, 40794.6,  6.380,289.203,0.056835,359.6,137.681,8.75e-01, 16.0, 0.6, 65
6191,136601,04062010,25092023 100657,   5, 39807.4, 16.988, 30.967,0.299972,359.6,170.499,1.06e+01, 16.8,22.6,291
6192,136604,14052021,25092023 165515, 308, 40745.9, 21.399, 46.839,0.415970,359.7,214.565,2.31e+01, 17.4,33.4, - 
6193,136605,10022023,26092023 015735, 224, 40578.6, 25.923,302.056,0.550789,359.8,222.678,2.61e+01, 17.2, -  , - 
6194,136701,10032016,26092023 003006,   1, 40810.5,  6.256, 70.490,0.026179,359.6,143.912,7.54e-03, 17.0, 0.2, 10
6195,136702,16022018,26092023 025414, 392, 41063.9, 30.678, 33.342,0.086106,359.8,280.830,1.74e+01, 17.2,30.8, - 
6196,136703,17022018,25092023 102930,   6, 40803.8,  5.472,304.622,0.046075,359.3,248.604,1.74e+00, 17.7, 0.3, 48
6197,136704,04072019,26092023 093410,  14, 40857.5,  3.588, 73.204,0.175676,359.3, 38.013,2.36e+00, 17.2, 4.0,752
6198,136705,21102019,26092023 114106,1068, 40926.7,  9.833,164.185,0.532981,  0.7,356.004,4.32e+00, 17.6, -  , - 
6199,136706,29042020,25092023 122459,1240, 40655.6, 26.073, 39.194,0.490196,359.8,176.619,2.06e+01, 18.2, -  , - 
6200,136707,06092021,25092023 160553, 510, 40803.9, 27.548,346.808,0.142887,359.7,229.702,1.21e+01, 17.4,29.8, - 
6201,136800,18102006,25092023 220249,   2, 40759.7,  3.911, 74.485,0.034281,359.4, 42.500,1.71e+00, 16.8, 0.9,173
6202,136801,23112006,26092023 025024,3290, 40383.6,  9.842, 56.589,0.371701,359.6,238.666,2.83e+00, 15.5, -  , - 
6203,136803,15012016,25092023 153216,1003, 40476.6, 21.639,322.640,0.160568,359.7,268.525,9.63e+00, 16.8,57.7, - 
6204,136805,29102017,25092023 153932,   5, 40957.1, 11.473, 19.905,0.151997,359.4,142.173,9.96e+00, 16.6, 2.3,179
6205,136806,21102020,26092023 040410, 214, 40879.0, 17.791,302.439,0.152894,359.8,  2.387,1.37e+01, 15.6,19.0, - 
6206,136807,29072021,25092023 080759, 768, 40773.8, 31.416,281.410,0.617132,360.0,217.003,1.89e+01, 13.8, -  , - 
6207,136808,02042022,26092023 170347, 485, 40800.6,  0.747,196.523,0.234406,  9.2,359.024,5.66e+00, 18.1, -  , - 
6208,136809,23092022,25092023 085737,  99, 40838.3,  0.503, 85.022,0.027493,357.9, 54.027,7.47e-02, 18.4, 0.2, 13
6209,136900,22032009,26092023 065410,2232, 40785.1,  3.598, 73.608,0.147036,359.4, 56.475,1.83e+00, 17.6, -  , - 
6210,136902,18102014,26092023 004706,  13, 40848.7,  3.395,267.546,0.029430,  0.1,118.744,3.05e-02, 17.3, 0.2, 26
6211,136903,21112016,26092023 000128,2494, 40844.3,  3.074,289.411,0.085309,359.3,196.630,6.38e+00, 17.9,82.0, - 
6212,136904,22092020,25092023 134004, 184, 40932.3, 19.014,315.227,0.369953,359.7,236.623,1.23e+01, 16.9,20.6, - 
6213,137000,18102004,26092023 012024,  14, 40992.4,  0.126,334.027,0.024635,327.7,152.859,1.14e-01, 17.9, 0.8, 59
6214,137001,23042009,26092023 114409,   9, 40896.0,  3.823, 67.900,0.057820,359.2, 95.313,1.90e+00, 16.2, 0.2, 27
6215,137002,05092011,26092023 142534,   2, 40888.0,  7.515, 54.993,0.232633,359.4, 72.966,2.17e+00, 16.1, 0.3, 47
6216,137004,14092020,26092023 094259, 191, 40831.1,  4.693,254.380,0.094393,  0.4,329.388,6.85e+00, 17.8, 9.2, - 
6217,137005,10042022,26092023 033042, 156, 40854.2,  6.234,262.645,0.097741,  0.2,304.526,3.90e+00, 17.3,18.6, - 
6218,137006,18112022,26092023 025002,  99, 40852.5,  6.537,288.236,0.158303,359.7, 93.619,1.18e+00, 17.6,32.6, - 
6219,137100,09112007,25092023 180439,4387, 41158.4, 20.670,  9.892,0.277438,359.6,246.824,7.30e+00, 16.0, -  , - 
6220,137101,25042009,25092023 181255,1286, 40688.8, 18.687,298.469,0.233224,359.8,302.059,2.81e+01, 15.9, -  , - 
6221,137103,08102015,25092023 190224,   4, 40890.3,  3.579, 67.216,0.010993,359.1,305.384,1.88e+00, 17.1, 0.1, 15
6222,137104,09072016,25092023 130632,  17, 40903.0,  0.918,258.518,0.025242,  1.5,222.473,3.87e-02, 16.9, 0.6, 74
6223,137105,06092016,25092023 094938,   0, 40899.8,  0.661, 78.576,0.016203,357.0,122.307,1.53e-02, 17.2, 0.1,  4
6224,137106,09122017,26092023 084341,  10, 40909.3,  1.892,194.586,0.063774,  3.8, 58.784,3.66e+00, 17.4, 0.7, 95
6225,137110,02102019,26092023 135842,   4, 40631.5, 20.207, 64.125,0.229481,359.8,181.975,1.87e+01, 16.9, 0.4, 68
6226,137113,23032021,25092023 171507, 138, 40926.7,  1.752, 13.184,0.269633,355.7,274.223,3.88e-02, 17.9, 4.6,771
6227,137115,09042022,26092023 124845, 126, 40885.6,  3.725,268.949,0.019363,  0.1,108.950,5.54e-02, 17.8, 6.0,384
6228,137202,17092023,26092023 045429,   3, 40828.1,  4.060, 90.256,0.548044,360.0, 81.969,3.82e+01, 16.8, 0.7,122
6229,137300,21032010,25092023 111812, 192, 41155.8,  9.092, 63.664,0.661154,359.6, 66.011,8.31e+00, 14.5,68.4, - 
6230,137301,26102017,26092023 003026,   2, 40901.5,  0.508, 77.987,0.015702,355.6, 77.354,1.91e-01, 16.7, 0.2, 28
6231,137303,12032018,25092023 224420,   0, 40954.4,  1.244,303.411,0.062551,357.0,170.396,1.06e+00, 17.7, 0.1, 17
6232,137304,21092019,25092023 125409,   4, 40849.1, 20.191, 50.897,0.441460,359.8,138.880,1.22e+01, 13.9, 0.3, 58
6233,137305,04102019,25092023 214058,1433, 40902.3,  6.277,174.103,0.147473,  1.2,348.452,5.69e+00, 18.7, -  , - 
6234,137307,08042022,25092023 170503,  33, 40875.9, 10.129, 17.342,0.216052,359.3,213.316,1.03e+01, 17.4, 3.4,351
6235,137308,18022023,26092023 074137,  16, 40924.4,  3.510,123.979,0.126102,  1.2,304.953,2.30e+00, 17.9, 0.6, 47
6236,137309,14032023,25092023 223928, 193, 40925.0,  5.741,285.377,0.094623,359.7,347.216,1.83e+00, 17.9, -  , - 
6237,137400,18022012,25092023 213406,   1, 41130.0,  0.396, 34.900,0.013937,341.4,185.396,3.84e-02, 16.6, 0.1,  3
6238,137404,26012018,26092023 104842,   3, 40965.4,  3.579,283.003,0.030620,359.6,343.653,5.67e-01, 17.8, 0.3, 32
6239,137405,18102018,25092023 205434,   3, 41027.2,  0.569, 45.166,0.017590,348.9,164.866,1.49e+00, 17.6, 0.1, 20
6240,137406,06042022,26092023 005250, 493, 40973.9,  6.209, 13.900,0.176355,358.8,153.344,6.87e+00, 17.8, -  , - 
6241,137500,18042010,25092023 082250,   0, 40972.8,  3.634, 57.218,0.056639,358.8,157.499,2.53e+00, 16.2, 0.1,  4
6242,137503,22092017,25092023 233907,   0, 40997.1,  3.609,271.018,0.041237,360.0,342.786,2.21e+00, 17.1, 0.4, 33
6243,137505,30102021,25092023 173805, 693, 40960.6, 14.402,349.525,0.423796,359.5,213.244,2.25e+01, 17.8, -  , - 
6244,137601,16022016,25092023 203308,   4, 40983.1,  6.301, 73.201,0.024720,359.6,130.976,8.03e-03, 17.1, 0.3, 13
6245,137602,22092017,25092023 180640,   6, 41011.6,  2.086, 78.166,0.124123,359.2, 90.058,7.64e+00, 16.9, 1.7,310
6246,137607,28102021,25092023 223959,   0, 40643.6, 37.020,349.363,0.503889,359.8,216.721,4.76e+01, 14.0, 0.2, 40
6247,137608,07062022,25092023 120656,   8, 40932.9,  4.273,308.853,0.107539,358.9,297.880,8.97e+00, 17.8, 1.1,167
6248,137609,06122022,25092023 132318, 109, 41239.1,  5.015,317.498,0.650289,358.9,252.103,2.64e+01, 17.2,13.0, - 
6249,137610,31122022,26092023 140621,  41, 40963.6,  1.725,238.184,0.185404,  2.2,306.850,4.61e+00, 16.2,13.6, - 
6250,137611,01022023,25092023 201819, 210, 40950.0,  5.131,118.039,0.289871,  0.7, 27.750,1.39e+01, 17.6,37.1, - 
6251,137612,02032023,26092023 030240, 137, 41027.5, 13.681, 57.417,0.419159,359.7, 88.677,2.14e+01, 16.7,68.5, - 
6252,137613,09062023,26092023 041443,  12, 40994.7,  0.385,281.140,0.010638,357.4,221.251,1.36e-01, 18.1, 0.2, 33
6253,137614,13072023,26092023 062737,  44, 40962.8,  2.610,135.698,0.068150,  2.1, 46.253,1.15e+01, 17.3, 4.9,575
6254,137700,01122011,26092023 052356,   8, 41025.6,  3.705,288.504,0.063226,359.4,163.222,1.93e+00, 16.9, 0.3, 40
6255,137701,05072016,25092023 210706,  52, 41008.4,  1.882, 76.480,0.020767,358.9,168.120,2.24e-01, 16.3, 3.7,243
6256,137702,06112016,26092023 120002, 190, 40911.4, 23.498,  5.108,0.108667,359.7,193.521,1.16e+01, 17.1,25.6, - 
6257,137703,12012018,25092023 201039, 335, 41835.3, 26.912, 61.142,0.147775,359.9,156.794,2.22e+01, 16.8,34.7, - 
6258,137704,11012019,26092023 005649,  12, 40931.6,  3.267,254.085,0.144353,  0.6,307.655,3.84e+00, 17.4, 0.5, 84
6259,137708,14072021,25092023 213212, 718, 40834.8, 15.503, 56.319,0.402199,359.7,185.802,1.96e+01, 17.5,65.3, - 
6260,137710,28072022,25092023 182218,  17, 41014.2,  2.578,234.487,0.073555,  1.7,227.598,9.58e-02, 18.0, 0.6, 46
6261,137711,22112022,25092023 113450, 211, 41020.4,  4.724, 61.433,0.043196,359.2,199.149,2.61e+00, 18.1, 7.9, - 
6262,137800,23112012,25092023 150436,   0, 40370.3,  3.049,116.030,0.162493,  1.1,123.044,7.50e+00, 16.0, 0.1,  8
6263,137802,24082016,26092023 014725,  12, 41020.5,  6.075,279.861,0.028805,359.8, 42.662,6.87e-03, 17.4, 0.2, 16
6264,137803,06112016,26092023 152927, 125, 40962.0, 10.692, 63.428,0.448904,359.7,108.408,1.58e+01, 13.8, -  , - 
6265,137804,21042017,25092023 111228, 311, 41044.9,  6.556, 71.900,0.049466,359.6,171.362,5.76e-02, 17.3, 5.7, - 
6266,137805,28042017,25092023 134632, 623, 40900.0, 24.891,336.249,0.059209,359.7, 77.624,1.31e+01, 17.2, -  , - 
6267,137806,14072018,25092023 221053, 190, 40985.2, 18.724,  2.203,0.140156,359.6,121.524,1.24e+01, 17.0,11.2, - 
6268,137900,20092011,26092023 052127,   5, 40929.5,  5.648, 51.372,0.272344,359.1,150.977,2.74e+00, 15.6, 0.2, 22
6269,137901,21022007,26092023 021505,   1, 41045.5,  1.260, 72.420,0.020899,357.9,166.955,5.30e-02, 14.6, 0.1,  2
6270,137903,17072017,26092023 024831, 207, 41081.6, 29.132,317.929,0.439363,359.8,158.899,3.13e+01, 16.7, -  , - 
6271,137904,04052019,26092023 160611,1072, 41045.7,  3.752, 62.290,0.061831,359.0,316.106,3.61e+00, 18.1, -  , - 
6272,137906,27042020,26092023 020214,1064, 40881.1, 17.655, 53.867,0.394876,359.7,185.339,1.96e+01, 17.5,96.5, - 
6273,137907,11092020,25092023 120333,   2, 41205.9, 14.463,  1.923,0.219895,359.5,142.108,5.21e+00, 14.8, 0.5, 80
6274,137909,16042021,25092023 134053, 102, 41021.0, 11.605, 40.915,0.520950,359.5,331.941,9.17e-01, 16.7,14.0, - 
6275,137910,12072021,25092023 130749, 108, 41067.4, 23.205, 59.302,0.281284,359.8,151.468,2.30e+01, 16.9,11.3, - 
6276,137911,06062022,26092023 055447, 128, 41145.7,  3.997, 59.073,0.119391,359.0,280.080,2.20e+00, 17.5,11.3,389
6277,137912,24042023,26092023 141757, 129, 41056.4,  6.965,292.246,0.057506,359.6, 13.019,6.31e-02, 17.6, 0.6, 99
6278,138000,20082007,26092023 043945,5172, 41098.5,  6.943, 52.794,0.300488,359.3,294.704,2.57e+00, 16.3, -  , - 
6279,138001,30122007,26092023 013026, 394, 41193.1,  1.209, 36.673,0.112000,354.6,181.297,5.76e+00, 16.2, -  , - 
6280,138002,21032010,26092023 165725,   1, 41083.4,  6.342,303.493,0.019435,359.4,176.318,8.78e-01, 17.0, 0.1,  5
6281,138003,23082014,25092023 232639,   0, 41066.7,  1.826,298.324,0.076542,358.2,212.300,2.97e+00, 16.8, 0.1, 18
6282,138004,08022016,26092023 032940, 180, 40470.2, 31.081,340.878,0.192729,359.8, 99.229,1.80e+01, 16.6,23.5, - 
6283,138005,16032018,25092023 211202, 158, 41093.9,  5.372,357.777,0.189037,358.6,170.234,5.59e+00, 17.1,74.2, - 
6284,138006,14042018,25092023 175830,   4, 41058.6,  0.876,276.023,0.030239,359.3,191.082,1.24e-01, 17.8, 0.1, 10
6285,138101,31012017,25092023 202253,  48, 41123.2,  4.374,282.123,0.037700,359.7,333.727,1.99e+00, 17.4, 4.7,873
6286,138102,16092017,26092023 051504,   8, 41086.6,  3.842,271.961,0.023399,360.0,104.252,5.15e-02, 17.5, 0.1, 17
6287,138104,09012019,25092023 152443,   3, 41160.8, 25.530,351.712,0.202119,359.7,211.553,1.28e+01, 17.6, 1.9,301
6288,138105,03062019,26092023 041959,  20, 41137.3, 20.128, 52.701,0.035568,359.8,229.070,2.86e+00, 15.6, 6.0, - 
6289,138106,07082019,26092023 135435,   1, 40985.5,  0.989,263.787,0.290830,  0.8,297.761,2.17e+01, 16.4, 0.3, 30
6290,138107,29122019,25092023 150816, 127, 41079.5, 19.563, 50.708,0.017139,359.7,316.251,1.67e+00, 18.3,36.6, - 
6291,138109,11052021,26092023 004654, 486, 41158.4,  5.637,  2.720,0.147043,358.7,145.558,5.58e+00, 16.3,22.5, - 
6292,138110,23022023,25092023 085234,   9, 41086.6,  1.405,243.725,0.070700,  2.3,265.249,2.45e+00, 17.9, 1.2,123
6293,138111,03042020,25092023 110156,  44, 41078.4,  3.250, 80.190,0.031632,359.6,268.694,2.35e+00, 15.5, 2.5,342
6294,138200,07022011,25092023 232803, 166, 41032.3,  7.432,288.962,0.048708,359.7,103.034,2.10e+00, 17.9,59.6, - 
6295,138202,22042017,25092023 231316,1196, 41031.4, 12.503, 22.645,0.540634,359.4, 14.595,3.32e+00, 17.7, -  , - 
6296,138205,11032018,26092023 040113, 332, 41121.7,  5.510,294.501,0.090167,359.5,244.494,1.95e+00, 17.1,14.9, - 
6297,138208,23042022,26092023 051611, 132, 41113.4,  0.793, 61.675,0.011205,354.6,129.391,1.39e-02, 17.7, 3.0,319
6298,138209,22122022,26092023 033937, 274, 41118.8,  3.419,  1.216,0.201117,357.8,224.025,8.20e+00, 16.7,37.9, - 
6299,138210,26032023,25092023 212111, 133, 41206.6, 17.114, 18.919,0.143900,359.6,124.721,1.28e+01, 16.5,15.0, - 
6300,138211,11062023,26092023 051643,   1, 41113.1,  0.786, 61.978,0.010157,354.6,119.268,6.78e-03, 17.8, 0.1,  7
6301,138300,22112010,25092023 071542,   0, 41140.8,  7.083,100.734,0.022380,  0.2, 27.413,1.00e-02, 11.3, 0.1,  1
6302,138301,04042014,26092023 011911,1832, 41127.7, 16.565, 66.595,0.086758,359.8, 86.064,5.71e+00, 17.3, -  , - 
6303,138302,23032017,26092023 015553, 192, 41142.0,  1.531, 70.772,0.008781,358.2,103.212,7.39e-01, 18.5,15.7, - 
6304,138304,17022018,26092023 020944, 154, 41132.6,  6.952,297.597,0.026593,359.5,311.036,3.35e-02, 17.8, 1.6,289
6305,138306,17092018,26092023 043325, 247, 41083.4,  5.523,301.001,0.235698,359.3, 31.892,2.84e+00, 17.0,65.7, - 
6306,138307,03022019,25092023 212816, 447, 41120.1,  7.907, 99.535,0.142500,  0.1, 65.757,4.70e+00, 18.2,58.9, - 
6307,138308,25032019,25092023 131120,   8, 40991.5,  8.965, 38.445,0.246695,359.3,145.410,1.11e+01, 16.6, 1.7,319
6308,138309,02082019,25092023 113833, 214, 41115.1,  5.945, 17.921,0.208926,358.8,135.987,4.72e+00, 17.5,48.2, - 
6309,138314,07072022,26092023 103015, 331, 41138.7,  0.444, 40.234,0.008901,344.3,200.342,8.24e-02, 17.3, 6.9, - 
6310,138315,11092023,26092023 103125,   8, 41138.9,  0.439, 39.852,0.008838,344.0,205.463,4.35e-02, 18.8, 0.1, 21
6311,138400,17012007,26092023 011135,  92, 40768.0,  5.261, 50.603,0.232083,359.1,260.069,3.84e+00, 16.1,27.0, - 
6312,138401,02062007,26092023 032922,   0, 41141.5, 10.571, 28.414,0.000766,359.4,161.240,1.00e-02, 13.0, 0.1,  1
6313,138402,19122012,25092023 161143, 272, 40936.4,  0.643,136.516,0.192615,  9.7,135.689,5.42e+00, 16.2,66.1, - 
6314,138403,24032014,26092023 015541,1600, 41054.8, 13.248, 71.097,0.165645,359.8,119.207,5.56e+00, 17.9, -  , - 
6315,138404,03022016,26092023 021355, 539, 41036.0, 25.694,298.907,0.693804,359.9,228.015,3.00e+01, 17.6,72.5, - 
6316,138405,01022016,26092023 074543,2406, 41172.3,  9.779, 75.765,0.447106,359.8,104.836,2.49e+01, 17.1, -  , - 
6317,138406,12062017,26092023 091703,   0, 41143.4,  0.911, 54.270,0.031922,354.4,179.346,8.68e-01, 17.3, 0.1,  6
6318,138408,10032018,25092023 200546,  18, 41168.4,  2.793,228.467,0.091255,  1.8,242.047,1.61e+00, 17.6, 1.1,197
6319,138409,02112018,25092023 225537, 452, 41109.7, 15.934, 62.989,0.127692,359.8,173.112,2.27e+01, 17.8, -  , - 
6320,138410,03022019,26092023 032444,  12, 41080.2,  7.216,301.041,0.048863,359.5,252.408,2.40e+00, 17.0, 1.8,298
6321,138411,11022019,26092023 053846,  11, 41058.8,  5.999,304.775,0.029788,359.3, 25.690,3.81e+00, 17.1, 0.4, 61
6322,138412,26032019,26092023 054622, 132, 41139.9,  7.157,100.625,0.048084,  0.2, 90.498,2.68e+00, 17.5,11.2, - 
6323,138413,26032019,26092023 100115,1299, 41138.7, 13.008, 81.546,0.243342,359.9, 86.393,8.12e+00, 17.6, -  , - 
6324,138416,02102019,25092023 071542,  99, 41134.4,  5.823,  3.303,0.194511,358.7,203.298,6.59e+00, 17.9,14.9, - 
6325,138417,07112019,25092023 195219,1203, 41117.5, 20.429, 39.994,0.404260,359.7,102.733,2.36e+01, 16.3, -  , - 
6326,138419,10052022,26092023 161938, 135, 41120.7,  7.101,306.051,0.111644,359.4,226.838,1.19e+00, 17.8, 0.8,136
6327,138420,14062023,25092023 155800,  75, 41144.6,  2.571,253.317,0.049080,  0.8,358.798,1.07e-01, 17.5, 0.9,153
6328,138421,07082023,26092023 010003,  47, 41228.0, 18.086,351.404,0.332033,359.6,149.690,1.14e+01, 16.7, -  , - 
6329,138501,20092011,25092023 165850, 568, 41160.1,  6.541, 87.389,0.433942,359.9,181.303,1.96e+00, 16.9,25.7, - 
6330,138503,26022016,26092023 044812, 361, 41244.3,  1.602, 96.305,0.274617,  0.5,333.696,1.22e-01, 17.8, 5.6,731
6331,138504,07092016,26092023 152044,   0, 41176.4,  1.236,238.453,0.031985,  3.0,330.016,2.92e+00, 17.3, 0.1,  5
6332,138505,12032018,25092023 184443, 390, 41222.0, 10.345,116.032,0.258426,  0.3, 27.291,2.55e+01, 17.6, -  , - 
6333,138507,09082019,25092023 162404,1480, 41175.5,  1.905, 29.698,0.082752,356.4,164.148,5.65e+00, 16.8, -  , - 
6334,138508,06022022,25092023 234848, 252, 41128.2,  4.460,311.957,0.227205,358.9,236.504,4.58e+00, 17.6, 8.8, - 
6335,138509,14032022,25092023 200150,   3, 41165.9,  3.094, 60.668,0.023946,358.7,204.417,1.95e+00, 16.6, 0.1, 21
6336,138510,11042022,26092023 064940, 178, 41145.5,  5.733,358.985,0.074107,358.7,168.010,7.58e+00, 16.8,60.4, - 
6337,138512,07092022,25092023 170306,   2, 41162.1,  0.394, 25.373,0.015013,340.6,119.876,1.43e-01, 17.3, 0.1,  7
6338,138513,10092023,25092023 215557,  13, 41170.0,  2.783,232.187,0.068249,  1.6,224.881,1.73e-01, 17.3, 0.7,135
6339,138600,18121998,26092023 095442,   0, 41189.1, 13.014, 36.666,0.106724,359.5,220.783,9.23e-03, 12.6, 0.1,  1
6340,138601,25052006,25092023 210541,   0, 41184.5,  0.740,292.048,0.035933,356.9,170.163,1.32e-01, 16.9, 0.1,  6
6341,138602,09122007,25092023 092225,   2, 41184.0,  5.033,277.339,0.127680,359.8,232.422,3.53e+00, 15.4, 0.2, 29
6342,138604,20092017,25092023 221322,  47, 41188.2,  4.131,288.269,0.029926,359.5,358.254,8.04e-01, 17.6, 5.1,949
6343,138606,21022018,26092023 121034,1543, 41095.9, 25.665, 30.336,0.385325,359.7,114.118,2.37e+01, 16.4, -  , - 
6344,138607,17032018,26092023 043019,  14, 41185.2,  7.227,296.477,0.027235,359.6,333.657,1.34e-01, 18.1, 0.2, 17
6345,138611,12102021,25092023 054530, 338, 41219.9, 30.059,327.527,0.389733,359.8,248.590,1.88e+01, 17.1, -  , - 
6346,138612,08042022,25092023 234224, 138, 41179.8,  3.088, 71.806,0.195032,359.2, 14.168,8.15e-01, 17.9,17.1, - 
6347,138613,06042022,26092023 060238, 534, 41179.7,  5.759,  2.356,0.096704,358.7,171.439,4.94e+00, 17.4, -  , - 
6348,138614,18032023,25092023 153848,   4, 41191.2,  1.645, 69.819,0.021785,358.2,  6.532,4.27e-02, 17.0, 0.1,  7
6349,138701,04022008,26092023 165404,   1, 41209.5,  7.007,298.281,0.052973,359.5,  4.355,1.57e-02, 16.7, 0.1,  5
6350,138702,27092011,26092023 145408,   2, 41117.9,  6.305,298.669,0.078662,359.5,138.585,1.76e+00, 16.9, 0.2, 21
6351,138703,02022016,26092023 171608,   5, 41325.0, 21.438, 18.052,0.043363,359.7, 89.708,1.04e+01, 17.0, 1.6,267
6352,138705,01042017,26092023 160036,   7, 41125.7,  1.883, 70.837,0.049559,358.5, 34.252,7.53e-01, 17.4, 0.8,149
6353,138706,03032017,25092023 232418,  11, 41210.4,  6.354, 72.154,0.022499,359.6,118.535,1.17e-02, 17.5, 0.2, 18
6354,138707,13082017,26092023 000942,   1, 41172.6, 21.463,302.595,0.663973,359.8,265.125,3.00e+01, 16.0, 0.2, 44
6355,138708,08032018,25092023 182158, 195, 41170.3,  2.237,269.446,0.084657,  0.1,186.863,1.40e+00, 17.8,24.4, - 
6356,138709,22032021,26092023 160018, 416, 40998.9, 13.014, 53.390,0.438527,359.6,166.518,2.14e+01, 17.6,58.7, - 
6357,138710,07042022,26092023 093958,  16, 41202.7,  3.211, 56.327,0.032240,358.6,198.719,2.22e+00, 18.0, 1.3,142
6358,138712,23022023,25092023 105443,   5, 41206.7,  1.314,280.348,0.032781,359.1,208.565,9.09e-01, 18.2, 0.6, 72
6359,138800,08062008,25092023 163806,   8, 41107.9,  5.540, 71.337,0.217028,359.5, 51.347,7.99e+00, 17.7, 9.2, - 
6360,138801,22102011,25092023 182621,   0, 41082.5,  5.596,283.104,0.046469,359.7,303.755,8.57e-01, 16.1, 0.2, 28
6361,138802,16032012,25092023 213453,   2, 41379.8,  4.511, 65.491,0.127448,359.3,168.154,2.29e+00, 16.1, 0.9,161
6362,138803,14062015,25092023 234833,  58, 41080.4, 16.688,  2.588,0.099067,359.5,201.485,3.57e+00, 16.8, 3.6,658
6363,138804,27092016,25092023 185349,   6, 41235.1,  3.042, 66.390,0.022655,358.9,203.307,1.46e+00, 17.2, 0.1, 24
6364,138805,26082017,25092023 100923,  13, 41208.3,  8.580, 18.258,0.124751,359.2, 75.581,6.38e+00, 16.9, 0.9,147
6365,138806,16092017,25092023 144746,   2, 41213.9,  5.584,275.767,0.066855,359.9,257.752,2.31e+00, 17.6, 0.1, 11
6366,138807,24092017,26092023 002116,1842, 40986.0, 32.275, 50.974,0.031529,359.8,144.076,1.70e+01, 16.8, -  , - 
6367,138808,19092017,26092023 013550, 188, 41207.1,  2.053,119.225,0.310256,  1.8, 68.535,7.55e+00, 18.1, -  , - 
6368,138809,04102021,25092023 181902,  13, 41159.4,  1.224,162.660,0.114276,  6.0,343.212,6.29e+00, 17.4, 0.4, 70
6369,138901,03082016,25092023 231252,1520, 41247.3,  0.658, 41.793,0.007955,350.1,132.309,4.07e-02, 17.8, 9.3,970
6370,138902,09042018,25092023 015302,1942, 41247.4,  1.080,354.670,0.805367,353.2,311.620,1.27e+00, 17.6,15.6, - 
6371,138903,22042018,25092023 185912,1255, 41304.3, 13.967, 21.062,0.250783,359.5,319.450,7.31e+00, 17.1, -  , - 
6372,138904,19102018,25092023 235300, 223, 41061.7,  4.533, 49.867,0.378322,358.9,202.722,2.91e+00, 15.4,46.4, - 
6373,138905,27082019,25092023 230503,   1, 41247.2,  0.639, 40.817,0.008311,349.7,134.174,3.65e-02, 17.5, 0.1,  3
6374,138907,08112020,25092023 221830,1048, 41341.0, 36.659, 17.155,0.574024,359.8,176.423,3.00e+01, 17.5, -  , - 
6375,138908,27112022,26092023 072151, 134, 40958.1,  7.740, 76.511,0.719813,359.8, 87.812,4.63e+01, 17.6,29.4, - 
6376,139000,20082007,26092023 061337,   0, 41216.1,  5.769, 42.981,0.142256,359.0,229.305,4.21e+00, 14.2, 0.1,  4
6377,139001,22052007,25092023 123537,   0, 41138.2,  5.775,282.074,0.037260,359.8,258.777,1.39e+00, 13.8, 0.2, 38
6378,139002,03022017,25092023 191327,  81, 41235.8, 16.699,298.684,0.294546,359.8,288.333,2.50e+01, 16.9, 9.1, - 
6379,139003,09092017,26092023 164308,   4, 41258.6,  0.612, 36.770,0.026082,348.7, 57.549,1.65e-01, 17.2, 0.1, 22
6380,139004,14092017,25092023 183355,   6, 41256.0,  2.473, 64.753,0.014588,358.6,  2.732,1.35e+00, 17.2, 0.2, 26
6381,139005,24082021,25092023 235842,   1, 42169.5,  0.163,135.427,0.001071,336.7,241.201,1.00e-02, 10.9, 0.1,  1
6382,139006,03102018,26092023 040757,1813, 41294.9, 10.508,339.590,0.208187,359.3,219.826,6.93e+00, 17.4,61.5, - 
6383,139008,31012020,26092023 171943, 906, 41270.0,  3.814, 68.155,0.058071,359.2,151.464,1.50e+00, 17.4,77.4, - 
6384,139009,17082020,26092023 144429,  11, 41265.3,  2.631, 61.037,0.054879,358.5,210.714,1.69e+00, 18.0, 1.0,148
6385,139010,06122021,25092023 220144, 103, 41254.2,  5.830, 80.573,0.175201,359.8, 71.274,7.14e+00, 17.4, 5.7, - 
6386,139012,18022023,25092023 162020,   1, 41266.6,  4.853,276.067,0.010666,359.9,109.426,2.25e-02, 17.8, 0.4, 24
6387,139100,02102007,25092023 193924,   3, 41334.4,  3.530, 67.412,0.039711,359.1,179.622,1.51e+00, 16.2, 0.1, 17
6388,139101,22112006,25092023 164150, 257, 41186.6,  1.052,103.452,0.148123,  1.8,213.368,9.28e-02, 17.2, 5.8, - 
6389,139102,24112008,25092023 192954,   1, 41246.8,  4.087,273.868,0.009838,359.9, 78.594,5.13e-01, 14.1, 0.1, 16
6390,139103,22102008,26092023 021208,   8, 40525.4,  4.834,281.352,0.052503,359.7,287.926,2.92e+00, 17.3, 0.6,111
6391,139104,08032011,25092023 130043,   2, 41285.0,  7.258,299.498,0.023882,359.5,325.123,1.08e-02, 16.4, 0.1,  7
6392,139105,29102015,25092023 191939,2884, 41225.2,  7.369,350.708,0.171553,359.0,212.023,1.78e+01, 15.3, -  , - 
6393,139106,01032016,26092023 003258,   7, 41296.1,  6.309, 74.342,0.025250,359.7,118.574,1.17e-02, 17.7, 0.1,  9
6394,139107,21072017,26092023 030406,  59, 40662.1, 34.306,322.793,0.412050,359.8,141.567,3.17e+01, 16.3, 8.4, - 
6395,139108,26012019,26092023 075118,   3, 40297.0, 11.846,324.718,0.183727,359.5,216.452,3.27e+01, 16.3, 2.1,397
6396,139109,22092019,25092023 193107, 153, 41209.8,  8.759,347.371,0.199137,359.2,241.457,7.28e+00, 16.8,11.5, - 
6397,139110,24092019,26092023 143800,1407, 41243.3, 22.017, 59.616,0.308860,359.8,155.639,1.79e+01, 17.2, -  , - 
6398,139112,14032022,25092023 185643,  44, 41266.5, 11.572, 31.100,0.046419,359.4,213.430,2.90e+00, 17.7,24.5, - 
6399,139113,03052022,25092023 160051, 101, 41287.8,  8.174,282.894,0.035464,359.8,305.985,1.71e+00, 18.0,26.0, - 
6400,139114,01082022,25092023 193840,  51, 41280.7,  4.084, 71.178,0.045523,359.4, 11.180,2.34e+00, 17.3, 6.0, - 
6401,139115,19022023,26092023 040001, 209, 41305.6,  0.611,311.538,0.015393,353.1,162.603,8.43e-02, 18.1, 1.7,260
6402,139200,28012008,26092023 072238,  37, 41124.6,  0.495,339.505,0.017529,347.3,189.770,1.46e-01, 15.2, 6.4,147
6403,139201,14022013,26092023 141356, 121, 41028.0, 17.224, 18.563,0.419652,359.6,173.357,2.73e+00, 16.2,34.9, - 
6404,139202,01012014,26092023 051153,   6, 41300.6, 10.316,279.466,0.139965,359.9,201.496,1.34e+00, 17.1, 0.2, 35
6405,139206,02032016,25092023 230525,  71, 41291.2, 12.561, 64.254,0.233051,359.7,176.911,8.60e+00, 17.0, 5.3,977
6406,139209,21122019,26092023 051620,  47, 41307.8, 13.260,350.428,0.035179,359.4,285.255,4.14e-01, 17.2, 2.2,297
6407,139210,28032020,26092023 113635, 116, 41239.8, 21.394, 60.833,0.303239,359.8,155.195,1.79e+01, 17.2, 9.3, - 
6408,139211,27032020,26092023 012047,  70, 41276.4,  8.028, 53.706,0.144364,359.4,163.621,7.51e+00, 17.6, 2.5,446
6409,139212,28072022,25092023 070914, 100, 41317.0,  3.847, 67.047,0.096815,359.2,164.968,2.82e+00, 17.8,15.3, - 
6410,139213,20102022,26092023 044639,  16, 41293.1,  7.864,294.681,0.029349,359.6,190.301,3.07e-01, 18.2, 0.2, 11
6411,139214,08042023,25092023 071152, 162, 41420.0,  4.923, 67.561,0.253501,359.4, 10.899,5.24e+00, 16.9,15.4, - 
6412,139215,12042023,25092023 163935, 163, 41309.6, 23.327,318.138,0.255834,359.8,256.738,1.29e+01, 17.6, -  , - 
6413,139216,14092023,25092023 142126,   2, 41307.9,  0.519,339.439,0.011857,347.8,173.554,9.01e-02, 14.1, 0.1, 13
6414,139300,07112007,26092023 082647,  16, 41334.0,  0.638, 27.691,0.004387,348.5,160.769,8.25e-03, 17.0, 0.2, 29
6415,139301,20092011,25092023 183911,   3, 41341.0,  8.055, 21.573,0.069012,359.1,241.762,7.78e+00, 16.6, 0.1, 20
6416,139302,07022011,26092023 035433,   0, 41350.4,  1.609, 48.637,0.035201,356.7,208.363,1.82e+00, 16.8, 0.2, 34
6417,139303,09082016,25092023 203435,   1, 41329.4,  1.110,292.580,0.015318,357.7,175.933,1.15e-01, 17.9, 0.3, 23
6418,139305,25012019,25092023 090408,  30, 41318.4,  5.578, 79.393,0.197424,359.7,118.402,4.71e+00, 17.2,14.7,531
6419,139308,06012022,26092023 053903, 241, 41393.1, 24.672, 13.557,0.163198,359.7,101.472,9.77e+00, 16.8,19.6, - 
6420,139309,08042022,26092023 140753, 533, 41332.4,  1.561,248.065,0.108577,  1.7,248.204,1.09e+00, 18.5, 3.4,483
6421,139310,23022023,26092023 202609,  65, 41245.1, 18.743, 65.709,0.595733,359.8, 72.642,2.98e+01, 16.2, -  , - 
6422,139311,14032023,26092023 003915,   1, 41320.8,  1.376,319.791,0.011329,356.1,322.103,2.09e+00, 17.6, 0.2, 36
6423,139312,14092023,25092023 221845,   8, 41341.3, 21.626,  4.057,0.616577,359.6,186.102,4.36e+01, 15.8, -  , - 
6424,139400,17082007,26092023 153428,   1, 41368.6,  6.729,300.746,0.022297,359.5, 62.599,3.31e+00, 16.2, 0.1, 11
6425,139401,16012007,26092023 165356,   2, 41345.5,  3.221, 11.679,0.024764,357.7,357.740,3.95e+00, 17.1, 0.1, 24
6426,139403,05022016,26092023 150613,   9, 41330.5, 13.544, 28.154,0.117049,359.5,152.018,4.51e+00, 17.2, 0.5, 87
6427,139404,24012017,25092023 192955, 376, 41345.7, 11.185,328.069,0.019882,359.4,198.741,1.06e+00, 17.1, 8.8, - 
6428,139405,07012018,26092023 101121,   1, 41448.2,  1.739,107.114,0.061501,  1.3,253.840,3.64e+00, 17.1, 0.2, 22
6429,139406,12032018,26092023 064355, 121, 41379.1,  1.604,253.467,0.035066,  1.3,262.785,8.10e-01, 17.0,12.6, - 
6430,139407,25122019,26092023 091754,  73, 41356.4,  2.936, 86.626,0.008133,359.8,310.413,3.00e-01, 17.3, 3.1,570
6431,139409,23082022,26092023 053912, 253, 41333.0,  1.419, 63.778,0.048350,357.4, 72.466,3.32e+00, 18.1, -  , - 
6432,139410,22092022,26092023 122107,   1, 41305.7,  4.087,257.059,0.110924,  0.4,315.441,5.82e+00, 17.1, 0.4, 68
6433,139501,01032011,25092023 223510,   0, 41295.1, 25.522,  2.546,0.387621,359.7,200.528,1.17e+01, 16.3, 0.1, 11
6434,139502,27072009,25092023 150933,  14, 41408.5, 12.859, 46.926,0.220936,359.6,134.127,4.28e+00, 15.4, 0.5, 85
6435,139503,01122011,25092023 142435,   2, 41361.5,  9.441,315.698,0.023924,359.4,263.365,3.54e-01, 17.0, 0.1,  8
6436,139504,14022013,26092023 134622,   6, 41043.4,  7.127, 28.974,0.162614,359.1,182.461,5.04e+00, 16.6, 1.0,184
6437,139505,17102015,25092023 223618,2051, 41307.4,  7.223, 22.305,0.260328,359.0,161.164,7.47e+00, 17.4,99.8, - 
6438,139506,10032016,25092023 131620,   8, 41366.9,  6.399, 73.965,0.025970,359.6,106.658,3.84e-03, 16.9, 0.1, 16
6439,139507,24082016,26092023 101536,   7, 41244.0, 22.098,329.760,0.283403,359.7,149.526,1.31e+01, 16.7, 0.7, 92
6440,139508,25112016,25092023 211248,  44, 41365.1, 12.254, 82.377,0.178916,359.9, 88.582,8.40e+00, 16.8, 1.7,310
6441,139515,01082022,25092023 222659,   5, 41373.5,  0.706,322.438,0.014145,352.6,221.197,6.49e-01, 17.8, 0.2, 31
6442,139516,21082022,25092023 092324,  14, 41367.7,  0.765,314.231,0.005059,354.0,260.357,8.26e-02, 18.2, 0.1, 21
6443,139600,12012008,25092023 192117,   0, 41417.8,  6.354,302.953,0.091399,359.4,313.648,2.70e+00, 15.3, 0.1,  5
6444,139601,04072012,26092023 162748,   0, 41375.1,  4.772, 68.501,0.018641,359.4,152.856,1.00e-02, 11.2, 0.1,  1
6445,139603,24112016,25092023 225416,2072, 41307.0,  4.543, 48.743,0.326699,358.9,203.122,2.36e+00, 15.4, -  , - 
6446,139604,07012017,25092023 090654, 106, 41464.1, 12.919,349.000,0.462160,359.4,198.017,1.41e+01, 16.9,33.4, - 
6447,139605,21092017,25092023 131142,2161, 41429.4, 37.114,354.590,0.169875,359.8,124.943,2.01e+01, 17.2, -  , - 
6448,139607,13032018,25092023 190557,  91, 41383.9,  1.648,257.136,0.117957,  1.0,192.778,1.69e-01, 16.8, 6.7,633
6449,139608,13032018,26092023 012358,   0, 41468.4,  1.142,327.889,0.074554,354.8,158.894,2.25e+00, 15.4, 0.3, 42
6450,139609,12032018,26092023 143933,  10, 41413.9,  3.367,259.349,0.088325,  0.4,300.309,2.89e+00, 17.4, 0.4, 78
6451,139612,09022019,25092023 123316, 137, 41476.6,  6.312, 85.359,0.234307,359.9, 64.156,5.75e+00, 17.5, 4.1,673
6452,139614,21082019,25092023 104658,1429, 41330.1, 25.326,352.252,0.437391,359.7,162.461,1.71e+01, 16.2, -  , - 
6453,139616,06122019,25092023 205419,1320, 41401.8,  5.156, 63.457,0.242154,359.3,290.988,9.63e-01, 10.6,12.9, - 
6454,139617,28122019,26092023 084624,   1, 41394.3,  2.996, 86.423,0.023886,359.8, 99.304,1.40e+00, 17.2, 0.3, 34
6455,139618,17042021,25092023 220158,   1, 41688.4, 35.846,353.880,0.346725,359.8,205.619,4.22e+01, 15.5, 0.2, 39
6456,139619,01122022,26092023 051417, 293, 41377.3,  1.913,350.237,0.278601,356.2, 99.633,3.65e+00, 16.4,35.6, - 
6457,139620,16012023,26092023 144647,   1, 41380.5,  0.542, 73.899,0.005950,354.7, 58.666,8.63e-03, 10.3, 0.1,  1
6458,139700,10012011,26092023 023928,   2, 41576.6,  3.083, 69.321,0.088698,359.1,221.256,2.32e+00, 14.7, 2.2,302
6459,139702,07102012,26092023 090726, 129, 41388.4,  5.853,110.487,0.176075,  0.4, 57.431,5.51e+00, 16.7,33.5, - 
6460,139703,16112014,26092023 002419,   0, 41405.1,  1.463,291.411,0.021448,358.3,161.325,1.66e-01, 17.0, 0.1,  4
6461,139705,05102015,25092023 192248,   4, 41404.6,  7.688,299.108,0.011253,359.5,263.876,2.89e-02, 17.0, 0.2, 15
6462,139707,13102014,25092023 203546, 214, 41338.2,  6.528, 75.885,0.254070,359.7, 88.094,2.73e+00, 17.9,34.6, - 
6463,139708,09032016,26092023 164739,2045, 41367.1, 12.723, 58.579,0.187250,359.7,120.745,9.59e+00, 17.3, -  , - 
6464,139710,19102016,26092023 091132, 445, 41354.1,  0.990, 23.184,0.161485,352.6, 52.853,1.87e-01, 17.8,15.9, - 
6465,139711,09042018,25092023 121615, 215, 41228.7,  2.952,104.456,0.418847,  0.6,227.996,1.63e+00, 17.9,16.8, - 
6466,139713,25022019,26092023 101944,1656, 41400.1,  5.264, 64.182,0.291873,359.3,171.932,4.23e+00, 17.5,43.3, - 
6467,139715,30102019,25092023 221454, 634, 41404.3,  3.693,225.684,0.071361,  1.4,210.197,8.72e-02, 17.4,11.1, - 
6468,139716,17022020,25092023 170332, 518, 41395.1,  5.236, 67.920,0.238304,359.4,282.159,1.49e+00, 17.7, -  , - 
6469,139718,21032020,25092023 120218,1242, 41418.2,  3.261, 85.777,0.053473,359.8, 90.323,2.63e+00, 17.0, -  , - 
6470,139721,10042022,25092023 094745,  14, 41402.0,  1.789,  5.154,0.032013,355.8,261.245,2.67e+00, 17.7, 0.4, 62
6471,139722,22112022,26092023 054712, 191, 41356.1,  2.067, 46.012,0.238242,357.3,102.917,6.78e+00, 18.0, 7.9, - 
6472,139723,16032023,26092023 043832,   1, 41400.2,  0.707, 18.162,0.012674,349.4,280.513,1.65e-01, 17.5, 0.1,  6
6473,139724,29032023,25092023 232759, 159, 41396.4,  1.806,307.627,0.140050,357.6,205.160,5.33e+00, 18.0,56.1, - 
6474,139725,14092023,26092023 123157,   4, 41378.7, 41.525,  6.557,0.370693,359.8,216.396,2.79e+01, 17.4, 1.6,281
6475,139800,26082011,26092023 035343, 409, 41297.6,  3.325, 66.914,0.115914,359.0,163.271,1.85e+00, 15.7,36.7,939
6476,139801,26112013,26092023 005555,   0, 41420.2,  3.861,271.761,0.030853,360.0,349.939,2.16e+00, 16.0, 0.1, 18
6477,139802,04122007,26092023 034453,   6, 41398.0,  5.524,301.575,0.048884,359.3,266.586,4.86e+00, 16.1, 0.6, 86
6478,139803,25032011,25092023 141654,  12, 41423.6,  5.330, 45.179,0.238578,359.0,306.335,2.17e+00, 16.3, 0.6, 88
6479,139804,25022014,26092023 045035, 149, 41460.4,  5.098,300.985,0.111058,359.3,217.022,4.31e+00, 17.3,23.8, - 
6480,139805,09102015,26092023 044359,   0, 41424.8,  0.667, 11.276,0.001861,348.6, 80.893,5.91e-02, 17.5, 0.1,  2
6481,139806,19042017,26092023 004254, 242, 41389.3,  0.327,  7.673,0.054499,337.3,298.357,8.04e-02, 17.4, 7.6, - 
6482,139807,09102017,26092023 054149, 482, 41326.3, 13.232, 39.445,0.133038,359.5, 31.388,3.99e+00, 17.1, -  , - 
6483,139808,13032018,26092023 031643,   2, 41441.9,  3.675, 98.587,0.202043,  0.3,145.526,6.73e+00, 17.4, 0.7,126
6484,139810,26122019,26092023 032651,   0, 41403.7,  2.986, 86.700,0.028116,359.8, 37.238,8.06e-01, 15.1, 0.1, 19
6485,139812,25122019,26092023 002121,   1, 41421.1,  3.073, 86.508,0.041925,359.8,343.077,1.24e+00, 17.3, 0.1,  8
6486,139814,27082020,26092023 005136, 181, 41419.7,  9.459,316.371,0.015076,359.4,252.190,3.46e-01, 17.6, 2.8,477
6487,139816,20032021,25092023 225354,  51, 41862.2, 11.168,295.852,0.353531,359.7, 47.339,1.54e+01, 16.1, 4.2,669
6488,139817,31032022,25092023 105317,   8, 41432.7,  0.996,306.758,0.011627,356.0,143.800,6.07e-02, 18.0, 0.2, 12
6489,139818,03052022,25092023 215703, 105, 41413.3,  7.056,268.840,0.068522,  0.0, 40.012,3.81e+00, 17.8, 5.5, - 
6490,139819,30062022,25092023 203619,  74, 41419.1,  0.736, 26.422,0.008232,350.1,216.829,8.37e-03, 17.9, 0.5, 82
6491,139820,06092022,25092023 234516,   0, 41424.6,  2.936, 57.234,0.029636,358.5,223.401,1.84e+00, 15.6, 0.1,  2
6492,139821,11092023,25092023 124638,  12, 41429.3,  3.348, 17.704,0.017926,357.8,302.425,5.24e+00, 17.6, 0.4, 54
6493,139822,13092023,25092023 143646,   3, 41398.7,  3.936,300.238,0.052612,359.1,329.290,2.11e+01, 17.9, 1.1,183
6494,139900,07012014,25092023 233026, 183, 41456.5,  8.452, 51.329,0.011751,359.4, 29.903,8.67e-02, 16.8, 2.2,230
6495,139901,27042017,26092023 154233, 502, 41378.0,  8.618, 66.558,0.177871,359.6,110.366,6.47e+00, 17.0, -  , - 
6496,139902,06022018,26092023 013623,  68, 41485.0,  7.610,302.218,0.017320,359.5,300.141,9.88e-02, 17.7, 1.3,243
6497,139903,21042018,25092023 180204,1234, 41253.2, 31.749, 36.442,0.595261,359.8,128.563,8.29e+00, 17.8, -  , - 
6498,139904,15082018,25092023 223044,  31, 41444.2,  9.514,318.619,0.003159,359.4,133.776,3.69e-01, 17.6, 0.7,103
6499,139908,22102020,26092023 021942,   0, 41441.4,  3.004, 86.649,0.012606,359.8, 74.032,1.28e+00, 16.7, 0.3, 19
6500,139910,04112021,25092023 142027,   8, 41433.4,  0.950,346.497,0.002518,352.6,298.106,9.58e-02, 18.0, 0.3, 38
6501,139911,21082022,26092023 134901, 210, 41438.7,  1.322, 11.494,0.053832,354.3, 59.816,1.80e+00, 18.3,49.4, - 
6502,139912,15082023,25092023 115954,  38, 41451.0, 20.742,327.077,0.071398,359.7, 83.728,1.52e+01, 17.5, -  , - 
6503,139913,15092023,26092023 085223,   7, 41446.6,  4.122,270.694,0.112075,  0.0, 39.766,3.99e-01, 17.9, 0.9,161
6504,140001,03032006,25092023 064126,   1, 41631.6,  2.581, 25.163,0.017618,357.3,344.918,3.56e+00, 17.1, 0.8,103
6505,140002,10012008,26092023 055515,   2, 41445.7,  4.921,275.598,0.027523,359.9, 13.644,8.83e-01, 16.4, 0.2, 28
6506,140003,02082005,26092023 064419,   6, 41379.3,  1.682,253.114,0.041740,  1.3,236.316,1.44e+00, 16.5, 3.2,591
6507,140004,19072011,26092023 044718,   0, 41463.9,  0.972, 41.178,0.011208,353.6,211.905,9.65e-03, 16.7, 0.1,  2
6508,140005,15072012,26092023 085454,   6, 41444.4,  5.774,286.904,0.027323,359.6,307.234,7.08e-01, 16.8, 0.8,153
6509,140008,14032018,25092023 231447,   1, 41459.2,  1.729,253.147,0.055641,  1.2,203.726,9.59e-03, 16.1, 0.1,  4
6510,140010,20022020,26092023 015259,1247, 41443.7, 22.874, 51.723,0.157786,359.8,183.312,5.75e+00, 17.2,51.2, - 
6511,140012,23122022,25092023 092622, 270, 41457.2, 21.109, 56.072,0.067024,359.8,168.395,3.08e+00, 16.9, 6.5, - 
6512,140013,13022023,26092023 045936, 206, 41388.2, 17.869, 71.917,0.438415,359.9, 88.398,2.06e+01, 17.4,76.8, - 
6513,140014,19022023,25092023 083853, 216, 41458.2,  5.324,278.978,0.016908,359.8, 29.996,3.47e-01, 18.2,27.5, - 
6514,140015,16052023,26092023 033318,   1, 41460.2,  0.439, 88.719,0.083058,359.1, 83.834,5.06e+00, 15.6, 0.6,105
6515,140016,17092023,25092023 112716,   0, 41402.5,  1.432,174.151,0.054170,  5.3,260.974,1.61e+01, 17.4, 0.1, 22
6516,140100,25032011,26092023 133011,  11, 41450.8,  0.864, 29.239,0.005113,351.8,190.047,3.70e-01, 17.1, 0.6,114
6517,140101,05052011,25092023 181430,  15, 41515.7,  5.780, 82.918,0.221463,359.8,138.950,5.53e+00, 16.7, 1.1,176
6518,140102,29072008,26092023 161045,   1, 41464.3,  6.973,300.774,0.033064,359.5,231.224,3.36e+00, 15.0, 0.3, 64
6519,140103,14032012,25092023 191121,   2, 41481.7, 22.454, 13.780,0.307764,359.7,150.314,9.44e+00, 16.2, 0.1, 26
6520,140104,22072015,26092023 040333,   4, 41485.7,  7.376, 68.382,0.009315,359.6,194.998,3.76e-02, 17.0, 0.1, 10
6521,140105,01032011,25092023 212855,   1, 41491.0,  0.722,349.610,0.012296,350.2,267.117,3.42e-02, 16.7, 0.1,  3
6522,140106,04102015,25092023 095456,  21, 41499.6,  4.966, 25.029,0.047531,358.6, 72.825,4.37e+00, 16.9, 0.8,144
6523,140107,06102015,25092023 233027,   5, 41487.9,  7.054,300.337,0.030101,359.5,348.983,2.08e+00, 16.9, 0.6, 62
6524,140108,08102005,25092023 121211,   5, 41494.0,  7.810,300.634,0.014643,359.5,101.664,6.85e-01, 17.6, 1.0,179
6525,140110,19042017,26092023 123742, 944, 41601.5, 16.872, 41.611,0.184096,359.7,109.934,9.91e+00, 15.6, -  , - 
6526,140111,14092017,25092023 215112, 741, 41391.8,  6.881, 67.907,0.044236,359.6, 63.594,5.42e+00, 18.1, -  , - 
6527,140112,16092017,26092023 044954, 280, 41499.9,  7.225,304.661,0.035451,359.4,203.672,1.23e-02, 18.0, 5.9,824
6528,140113,14032018,25092023 092112,   2, 41477.5,  1.722,253.135,0.055614,  1.2,208.182,3.53e-02, 16.3, 0.1,  9
6529,140114,30112018,25092023 221734, 249, 41862.4, 27.551, 55.949,0.249885,359.8, 71.602,2.24e+01, 16.1, -  , - 
6530,140117,04112021,25092023 192351, 214, 41491.7,  7.801,300.396,0.024746,359.5,248.375,4.98e-02, 18.1, 4.6,654
6531,140118,02122021,25092023 233707, 120, 41477.6,  5.572,281.305,0.013339,359.8,209.348,3.39e-01, 17.4, 5.4,976
6532,140119,25032022,26092023 005333, 143, 41547.3,  2.797, 50.661,0.191533,358.2,203.447,1.72e+00, 17.8,28.8, - 
6533,140120,23022023,25092023 193312, 194, 41472.0,  1.157, 45.599,0.105387,355.0,127.720,6.14e+00, 18.2, -  , - 
6534,140200,29112007,26092023 002347,  16, 41512.9,  7.913,297.944,0.034904,359.6,210.175,1.38e+00, 15.9, 1.3,198
6535,140201,22062007,26092023 002250,   1, 41509.9,  7.477,304.192,0.023338,359.5,246.876,5.03e-02, 16.0, 0.1,  5
6536,140202,04102012,25092023 121447,   1, 41375.8,  5.541,270.387,0.050503,  0.0,267.945,5.17e+00, 17.0, 0.1, 10
6537,140203,24072015,26092023 041202,   1, 41510.2,  4.642, 96.487,0.009440,  0.2,157.404,4.01e-02, 17.1, 0.1,  2
6538,140204,07102015,25092023 071827,2839, 41480.7, 37.535,358.870,0.336469,359.8,226.730,1.99e+01, 17.3, -  , - 
6539,140206,14042018,26092023 031349,  31, 41480.4,  4.265,347.558,0.138142,358.3,261.657,5.55e+00, 17.4, 4.0,751
6540,140208,26082019,26092023 054427,1422, 41346.4, 36.410, 17.745,0.573504,359.8,176.102,2.99e+01, 17.6, -  , - 
6541,140211,13062021,25092023 082926,   0, 41487.3,  3.033, 58.554,0.099104,358.6,212.937,2.46e+00, 15.1, 0.3, 46
6542,140212,07112021,25092023 112545, 449, 41503.8, 14.017,  8.521,0.020240,359.5,143.058,2.30e-01, 17.8,11.6, - 
6543,140213,05042022,25092023 171640, 535, 41561.7, 25.246,  1.260,0.365993,359.7,122.548,1.44e+01, 17.0, -  , - 
6544,140300,03112010,26092023 072411,  90, 41190.0, 20.195, 55.392,0.548743,359.8, 85.505,3.42e+01, 16.5,14.3, - 
6545,140301,01022016,25092023 212417,2333, 41427.2, 21.309, 27.977,0.314132,359.7,159.766,9.71e+00, 17.5, -  , - 
6546,140302,04102016,26092023 145352,  70, 41582.8, 11.518, 57.076,0.081929,359.6,281.583,1.05e+01, 17.4,23.4, - 
6547,140303,01022017,26092023 070620,   0, 41497.0,  2.770, 64.333,0.029863,358.7,255.076,1.17e+00, 16.6, 0.1,  7
6548,140304,01022019,26092023 130456,   9, 41560.5,  9.274, 48.422,0.062460,359.4,134.023,2.82e+00, 15.3, 2.0,356
6549,140305,13022019,26092023 061628, 216, 41579.2,  0.361, 31.420,0.033744,339.0,301.255,1.10e+00, 16.9, 8.3, - 
6550,140306,26072019,25092023 172935, 159, 41476.6,  1.368,151.058,0.146460,  5.0,356.819,3.85e+00, 17.7,87.4, - 
6551,140309,02092022,25092023 065109, 386, 41523.3,  3.357, 44.268,0.017338,358.3,173.001,2.36e+00, 18.3, -  , - 
6552,140310,01112022,26092023 141023, 108, 41549.9, 13.956, 13.677,0.117779,359.5,194.473,1.03e+01, 17.6,12.2, - 
6553,140311,18112022,25092023 115335, 305, 41515.9,  1.521,240.990,0.076122,  2.3,291.336,1.25e+00, 18.2,15.1, - 
6554,140312,14032023,26092023 073329,   7, 41512.3,  3.290,262.331,0.069061,  0.3,262.492,4.23e+00, 16.9, 1.1,200
6555,140313,13062023,26092023 150723,   5, 41528.6,  0.983,357.543,0.009670,352.5,144.867,1.05e+00, 16.9, 0.7, 87
6556,140400,02042008,25092023 112706,  21, 41561.2,  1.083, 23.657,0.018269,353.3,211.952,1.14e+00, 17.0, 0.6, 86
6557,140403,23082014,26092023 025532, 153, 41481.7,  9.055,278.601,0.166955,359.9,119.583,2.27e+00, 17.6,15.0, - 
6558,140405,01082016,26092023 001204, 485, 41517.5,  2.232, 25.081,0.231666,356.8,136.182,1.12e+00, 17.6,25.2, - 
6559,140406,24092017,25092023 153241,   8, 41743.7, 19.036, 25.453,0.306352,359.6,177.972,9.79e+00, 15.9, 3.4,608
6560,140407,22032018,25092023 221727, 122, 41420.3,  0.437,117.245,0.140540, 10.3,286.021,4.97e+00, 16.1,55.1, - 
6561,140409,08092021,25092023 181236,   0, 41542.2,  1.479,298.907,0.013242,357.8,112.176,1.23e-01, 17.5, 0.1,  5
6562,140411,21122022,26092023 043508, 277, 41538.8, 10.372,291.174,0.074618,359.8,239.704,1.47e+01, 17.0, -  , - 
6563,140500,22102008,26092023 092833,   0, 41539.4,  1.544, 55.961,0.050144,357.0,186.438,2.32e-01, 16.1, 0.2, 16
6564,140501,25102013,25092023 214739,2573, 41551.8, 23.975,308.057,0.625071,359.8,253.837,4.07e+00, 17.3, -  , - 
6565,140502,09102012,25092023 235125,2498, 41440.3, 11.966, 31.248,0.054673,359.5,145.167,4.89e+00, 17.1, -  , - 
6566,140505,12052015,25092023 143534, 514, 41037.8,  2.248,256.701,0.296587,  0.8, 14.603,2.13e+01, 18.1,84.6, - 
6567,140506,30062017,25092023 100128,1342, 41573.4, 12.540, 56.887,0.124349,359.7, 75.446,9.11e+00, 17.8, -  , - 
6568,140507,15092017,26092023 045708,  17, 41560.2,  1.782,293.526,0.030039,358.5,146.603,1.37e-01, 17.7, 0.7, 74
6569,140508,19092017,25092023 205821,   0, 41531.0,  5.756,279.159,0.040975,359.8,133.125,2.00e+00, 17.3, 0.1,  9
6570,140509,21102017,26092023 041121,  20, 41558.3,  7.650,304.058,0.015976,359.5,281.831,3.10e-02, 17.4, 0.4, 51
6571,140510,13112017,26092023 025021,2123, 41521.9,  5.296, 71.038,0.041449,359.5,351.238,1.03e+01, 16.2, -  , - 
6572,140511,17082018,25092023 181731,  37, 41574.6,  7.021,284.624,0.121737,359.7,208.853,9.30e-01, 17.5, 1.0,177
6573,140514,21122019,26092023 125402, 176, 41942.0, 17.636,351.240,0.105335,359.6,177.757,1.43e+01, 17.3, -  , - 
6574,140515,21032020,25092023 231931,1164, 41553.7,  2.714,100.776,0.213928,  0.5,283.921,5.87e+00, 17.5,51.0, - 
6575,140517,28042022,26092023 114001, 330, 41558.4,  3.004,220.793,0.043943,  1.9,179.648,3.80e-02, 18.2, 3.8,636
6576,140600,07112007,26092023 015115,   0, 41550.4,  1.235, 34.148,0.015744,354.6,263.370,1.00e+00, 17.2, 0.1,  4
6577,140601,23112008,25092023 170641,   1, 41614.8,  0.942,322.038,0.019030,354.3,297.460,9.38e-02, 16.8, 0.1,  5
6578,140603,03082017,25092023 234202, 137, 41653.4,  0.643,331.436,0.091564,350.8,239.737,1.21e-01, 16.9,10.4,742
6579,140605,17032018,25092023 125603,   7, 41587.5,  7.853,302.972,0.013809,359.5,298.602,1.48e-02, 17.9, 0.1, 11
6580,140606,20032018,25092023 073227,  62, 41575.1,  1.764,295.120,0.014690,358.4,131.524,1.01e-01, 17.9, 1.3,146
6581,140608,13022020,25092023 175018,  98, 41551.9, 21.626, 53.717,0.045619,359.8,244.002,5.07e+00, 16.8,30.6, - 
6582,140610,21092020,26092023 014812,   0, 41438.3,  2.133, 55.689,0.215483,357.9,114.957,7.74e+00, 14.5, 0.6,110
6583,140612,03112021,25092023 200252,   4, 41573.8,  1.461,301.286,0.027405,357.6,137.789,1.05e-01, 17.4, 0.1, 18
6584,140614,16012023,25092023 125325,   0, 41578.2,  0.763, 89.430,0.001470,359.7, 42.278,6.77e-03, 14.4, 0.1,  6
6585,140615,15022023,25092023 194343, 180, 41462.3,  9.311,104.208,0.580125,  0.2, 43.093,2.81e+01, 17.1,23.2, - 
6586,140616,27072023,26092023 033256,  14, 41121.3,  6.485,123.028,0.827155,  0.6, 63.380,4.32e+01, 16.6,49.2, - 
6587,140617,21092023,26092023 070249,   0, 41570.8,  9.884, 40.403,0.106617,359.4,161.568,6.83e+00, 16.5, 1.5,284
6588,140700,02112003,26092023 043323,   1, 41601.5, 10.533,247.978,0.117071,  0.3,142.626,1.03e-02, 12.7, 0.1,  1
6589,140701,05051997,25092023 193208,   1, 41597.9,  7.683,331.689,0.150296,359.1,159.921,1.11e-02, 12.6, 0.1,  1
6590,140702,02012008,25092023 061935,   6, 41610.1,  7.707,304.132,0.085948,359.5,286.433,1.10e+00, 15.9, 0.2, 38
6591,140703,16112006,26092023 111316,   3, 41594.9,  4.263,278.599,0.040325,359.8,  1.793,1.55e+00, 16.3, 0.3, 56
6592,140704,20102011,25092023 103630,   5, 41626.4,  4.025,277.733,0.134203,359.8, 74.669,4.28e-01, 16.7, 0.2, 41
6593,140705,10032016,25092023 062523,   1, 41604.6,  6.549, 13.894,0.156826,358.9,235.519,4.67e+00, 17.1, 0.2, 27
6594,140707,01122015,25092023 151606,   1, 41534.9,  5.347,272.861,0.087253,360.0,318.981,1.67e+00, 16.9, 0.3, 51
6595,140708,20092017,26092023 070826,   1, 41569.0,  2.707,159.066,0.170988,  2.6,351.128,5.26e+00, 17.2, 0.2, 18
6596,140709,20012018,25092023 234158,   4, 41572.2,  1.515,300.067,0.018082,357.8,138.184,2.35e-01, 17.8, 0.9, 79
6597,140710,15042018,26092023 010431,   0, 41600.1,  4.777, 79.106,0.002146,359.7,133.535,2.00e-02, 14.5, 0.1,  1
6598,140711,29062018,25092023 234800, 179, 40322.4, 34.728,336.548,0.256618,359.8,189.707,2.87e+01, 15.8,30.2, - 
6599,140713,09042021,25092023 205606, 189, 41632.3,  0.313,331.724,0.178654,343.1,232.613,2.29e-01, 17.6, 9.9,899
6600,140714,28052022,26092023 043752,   0, 41595.8,  2.481, 39.502,0.087174,357.5,339.918,2.46e+00, 17.5, 0.2, 15
6601,140715,07072022,26092023 005332, 397, 41603.8,  1.128,338.131,0.026760,354.1,276.448,4.35e-02, 18.0, 5.6,713
6602,140801,07112007,26092023 052722,   2, 41663.4,  3.757,277.295,0.008524,359.8,162.155,7.47e-01, 14.9, 0.2, 32
6603,140802,30122007,25092023 220039,  27, 41627.8,  1.682, 55.986,0.031259,357.3,208.038,1.94e-01, 14.8, 0.6, 81
6604,140804,09012007,26092023 104312,   1, 41628.7,  1.580,301.832,0.019431,357.7,128.803,1.57e-01, 16.8, 0.1,  4
6605,140805,09122007,25092023 233731,   1, 41634.3,  1.939, 61.103,0.021076,358.0,205.109,6.09e-02, 13.7, 0.1,  4
6606,140806,08092013,26092023 000530, 156, 41830.5,  4.951,282.907,0.164424,359.7, 26.358,1.72e+00, 16.4,33.5, - 
6607,140808,07022016,25092023 191056, 256, 41504.2, 29.964,327.942,0.300436,359.8,163.772,2.13e+01, 16.9, -  , - 
6608,140809,10032016,25092023 121058, 134, 41630.0, 13.431,  7.551,0.022277,359.4,169.002,1.61e-01, 17.2, 3.3,597
6609,140812,09052018,25092023 210301,   2, 42714.7,  3.942, 81.117,0.000333,359.7, 33.089,2.43e-02, 15.1, 0.1,  1
6610,140813,06062023,26092023 085131,  99, 41762.0,  7.827, 56.789,0.023007,359.5, 12.607,1.89e+00, 17.5,24.9, - 
6611,140815,06012019,26092023 135247,   5, 41616.7,  7.957,302.647,0.012869,359.5,320.951,1.39e-01, 17.5, 0.4, 32
6612,140816,01042019,25092023 220018, 117, 41637.7, 13.028, 46.803,0.244898,359.6,129.976,8.36e+00, 16.2,62.9, - 
6613,140819,26082020,26092023 033021, 936, 41806.9, 22.003, 41.048,0.311781,359.7,106.971,2.26e+01, 17.0,94.9, - 
6614,140820,23012014,26092023 045445,   6, 41623.2, 11.253, 36.327,0.001131,359.4,  7.528,6.54e-02, 17.3, 0.1, 18
6615,140822,16012023,26092023 012434,   0, 42062.7,  0.691, 91.230,0.000181,  0.1,180.847,1.78e-02, 12.5, 0.1,  1
6616,140823,17012023,26092023 000331,   0, 41629.6,  0.763, 88.760,0.001356,359.6,345.966,7.14e-03, 15.1, 0.5, 31
6617,140824,20012023,25092023 211000, 214, 41621.9,  5.989,290.273,0.008331,359.6,341.334,1.59e-01, 17.5, 4.3,736
6618,140825,23012023,25092023 222649, 244, 41613.1,  4.113,272.945,0.103980,359.9,233.622,3.52e+00, 17.6, -  , - 
6619,140900,18031994,26092023 000146,   0, 41650.4, 13.328,344.800,0.008795,359.5,119.678,1.76e-02, 12.4, 0.1,  1
6620,140901,10102007,26092023 145251,   5, 41844.4,  1.371,340.456,0.009090,355.0,310.868,1.06e+00, 17.2, 0.1, 21
6621,140902,20112011,26092023 143407,1102, 41572.6,  0.934, 87.612,0.293124,359.5, 77.200,8.18e+00, 14.7, -  , - 
6622,140903,20012009,25092023 234406,  27, 41647.3,  1.256,329.625,0.022809,355.2,238.604,6.13e-02, 16.7, 1.1, 73
6623,140904,21042011,25092023 115743,   7, 41643.4,  8.045,302.850,0.012411,359.5,286.561,2.20e-02, 17.0, 0.1, 14
6624,140906,11092015,26092023 085828,   1, 41631.5,  7.052, 62.623,0.043538,359.5, 96.533,4.90e-01, 15.4, 0.4, 32
6625,140908,17102012,25092023 105520,   8, 41578.4,  5.282,278.978,0.035947,359.8,200.256,1.01e+00, 17.9, 0.1, 21
6626,140909,09022016,25092023 131502,   1, 41635.2,  6.526, 65.638,0.036860,359.5,105.621,1.71e-02, 16.1, 0.1,  5
6627,140911,20082017,26092023 080448,2019, 41694.5, 27.133, 40.123,0.034519,359.8,235.885,1.64e+01, 16.9, -  , - 
6628,140912,15042018,25092023 153056,   2, 42741.5,  3.897, 83.635,0.000230,359.7,342.762,3.29e-02, 13.3, 0.4, 21
6629,140913,15042018,25092023 235845,   0, 42167.1,  0.137, 97.847,0.000068, 40.5, 54.658,2.73e-02, 10.8, 0.1,  1
6630,140914,15042018,26092023 013821,   1, 41652.9,  4.819, 78.659,0.023219,359.7,156.421,8.23e-01, 17.3, 0.1,  7
6631,140916,15042018,26092023 102046,1907, 41659.0,  5.080, 81.064,0.058568,359.7, 93.836,9.21e-01, 17.3, -  , - 
6632,140917,16042018,26092023 125425,1957, 41647.4,  4.837, 78.604,0.015202,359.7,135.834,1.19e+01, 19.1, -  , - 
6633,140918,01072018,25092023 182351, 985, 41598.8, 13.717, 45.818,0.103650,359.6,104.756,8.30e+00, 14.0, -  , - 
6634,140919,02122018,26092023 160435,   1, 41601.9,  0.929,332.383,0.015899,353.4,318.649,2.85e-01, 17.6, 0.1,  4
6635,140920,27082019,25092023 074232, 134, 41653.9,  1.047,  2.309,0.017993,352.8, 65.416,2.53e+00, 17.3,11.2, - 
6636,140921,04112021,25092023 134040,   8, 41635.4,  0.916,342.142,0.011994,352.6, 43.979,5.26e-02, 16.5, 0.1,  9
6637,140922,03052022,25092023 180226,   5, 41653.3,  1.050,  9.728,0.021812,352.8,272.305,7.08e-01, 18.0, 0.1,  8
6638,140923,16012023,25092023 235856,   0, 42155.2,  0.162, 91.913,0.000346,156.8,161.523,1.00e-02, 10.3, 0.1,  1
6639,140924,15022023,25092023 185018, 175, 41648.8,  8.097,302.432,0.018143,359.5,276.559,5.02e-01, 18.4, 8.6, - 
6640,140925,27042023,26092023 011442, 104, 41646.7,  5.110,282.274,0.110529,359.7,201.153,5.32e+00, 17.3, 8.9, - 
6641,141000,01102005,26092023 004418,   1, 41661.8, 11.591,256.601,0.122370,  0.2, 99.339,8.15e-03, 13.2, 0.1,  1
6642,141001,19092006,25092023 113226,   1, 41664.9,  1.086,326.661,0.004967,354.7, 84.461,7.58e-02, 13.8, 0.1,  2
6643,141002,13082013,25092023 074652, 124, 41561.0, 18.947, 25.413,0.179451,359.6,168.443,7.78e+00, 16.2,78.1, - 
6644,141003,25102016,26092023 103128, 300, 42671.5, 13.970, 57.187,0.116134,359.7,101.810,2.42e+01, 16.8, -  , - 
6645,141004,03102016,25092023 075415,  17, 41653.6,  8.206,301.720,0.015648,359.5,286.602,2.18e-02, 17.2, 0.4, 31
6646,141006,19092017,26092023 144139,   4, 41694.3,  7.353,308.556,0.022934,359.4, 56.526,2.00e+00, 17.8, 0.9,170
6647,141007,15122017,25092023 192032,1991, 41596.1, 28.364, 43.398,0.339284,359.8, 98.057,1.58e+01, 17.5, -  , - 
6648,141008,17032018,25092023 194650, 420, 41690.4,  5.627,290.140,0.016120,359.6,236.967,7.56e-01, 18.6,54.9, - 
6649,141009,22032018,26092023 125059, 536, 41684.2,  7.257,285.831,0.059013,359.7,274.210,1.46e+00, 18.6, -  , - 
6650,141010,09052018,26092023 023215,   1, 41654.6,  4.787, 78.745,0.000951,359.7,121.018,4.08e-03, 16.8, 0.1,  4
6651,141011,03052018,26092023 054434,   1, 41655.1,  4.789, 78.774,0.001013,359.7,125.151,4.87e-03, 16.6, 0.5, 29
6652,141012,16032019,25092023 163404, 542, 40944.4, 27.531, 46.656,0.629318,359.8,123.953,1.91e+01, 17.6, -  , - 
6653,141014,29032020,26092023 143149,   2, 41588.3,  1.244,307.816,0.007497,356.7,  1.332,1.29e+00, 17.3, 0.9,163
6654,141015,16102020,25092023 111606, 214, 41678.0,  4.456, 26.973,0.136187,358.5, 87.424,2.31e+00, 17.3,91.4, - 
6655,141016,14022021,25092023 181815, 254, 41648.9,  5.103, 88.354,0.182510,359.9, 85.147,6.28e+00, 17.3,10.5, - 
6656,141100,07082007,25092023 081821,  10, 41706.6,  3.851,275.922,0.104156,359.8,335.524,1.64e+00, 15.6, 1.9,343
6657,141101,21062009,26092023 080443,  39, 41670.0,  0.968, 15.295,0.019382,352.3, 48.610,1.39e-01, 15.3, 0.8,105
6658,141102,15042009,25092023 192304,   2, 41666.6,  1.200, 38.119,0.028042,354.7, 15.525,7.72e-02, 13.8, 0.1,  4
6659,141104,29102014,26092023 103900, 206, 41533.9,  3.161,251.021,0.102299,  0.8, 58.565,4.27e+00, 17.1,17.1, - 
6660,141105,10112013,26092023 115810,  75, 41677.3,  0.954,344.812,0.010410,352.7,285.293,8.26e-02, 15.9, 1.9,270
6661,141106,07122015,26092023 025313,   1, 41684.1,  8.020,303.180,0.010159,359.5,274.406,1.08e+00, 17.0, 0.4, 27
6662,141107,09022016,25092023 175619,   2, 41612.7,  2.080,346.635,0.072917,356.6,188.823,2.82e+00, 17.0, 0.2, 28
6663,141109,11092016,26092023 022041,1260, 41654.3,  5.194, 87.975,0.183866,359.9, 86.974,6.23e+00, 17.8, -  , - 
6664,141111,20122017,25092023 165811, 689, 41683.2,  8.563,299.071,0.035421,359.6,334.130,2.91e-01, 18.2,75.1, - 
6665,141112,25032018,25092023 135858,   2, 41732.8,  1.085,335.512,0.006173,354.1,358.263,1.09e-01, 16.6, 0.1,  6
6666,141113,15022019,25092023 100828,1680, 41658.2,  8.868,359.858,0.286287,359.1,191.603,9.85e+00, 18.4, -  , - 
6667,141118,03042022,26092023 050529, 121, 41732.5,  4.586,  7.085,0.135064,358.4,180.237,4.39e+00, 17.8,37.1, - 
6668,141119,11042022,26092023 000103, 219, 41673.9,  9.352,290.233,0.023312,359.7,  1.006,1.27e+00, 17.8,38.4, - 
6669,141120,19082022,26092023 052419,   2, 41646.2,  1.868,114.464,0.117481,  1.7, 39.734,6.64e+00, 17.0, 0.1, 16
6670,141121,18032023,26092023 135641, 130, 41673.9,  8.899,286.728,0.009722,359.8,203.640,1.28e+00, 17.4,19.0, - 
6671,141200,01102007,25092023 223530,   3, 41702.8, 10.584, 29.358,0.036430,359.4, 54.507,3.64e-01, 16.5, 0.3, 35
6672,141201,25072011,25092023 223418,   0, 41694.8,  5.090,281.709,0.025286,359.7,264.135,1.07e+00, 17.3, 0.1,  6
6673,141203,18012007,25092023 211209,   2, 41666.6,  3.450, 65.777,0.106968,359.0,333.625,1.36e+00, 16.5, 0.2, 38
6674,141205,19102017,25092023 173805, 372, 41702.6,  1.189,324.734,0.009492,355.2,313.903,1.10e-01, 17.1,11.8, - 
6675,141206,21012018,25092023 201141,  72, 41697.4,  1.161,323.401,0.004032,355.2, 53.498,7.31e-02, 17.2, 0.5, 72
6676,141207,09032018,26092023 012918, 130, 41741.1, 20.125, 43.811,0.349587,359.7,136.518,2.26e+01, 16.9,14.0, - 
6677,141208,17052018,25092023 213312,  11, 41866.0,  6.535, 65.359,0.171807,359.5,188.013,3.74e+00, 17.5, 0.9,116
6678,141211,03042021,26092023 073608,  90, 41699.3,  0.977,340.855,0.005588,353.1,189.254,4.43e-02, 16.4, 1.3,232
6679,141212,27102021,26092023 125634, 157, 41679.9, 11.883,260.926,0.319459,  0.1,348.142,1.33e+01, 17.3, 9.4, - 
6680,141213,25032022,25092023 154507, 164, 41628.4,  6.233,298.821,0.013781,359.4,262.787,9.69e-01, 17.7,32.4, - 
6681,141300,02032001,26092023 104611,   0, 41717.5,  1.641, 52.584,0.024078,357.0,213.681,5.27e-02, 13.3, 0.1,  1
6682,141301,24052006,25092023 182309,   1, 41838.0,  5.986,283.664,0.006642,359.7, 55.781,6.88e-02, 17.7, 1.1,114
6683,141302,14072007,26092023 020300,  18, 41740.9,  8.067,304.234,0.019869,359.5,217.254,3.95e-01, 15.4, 1.0,118
6684,141303,16102009,26092023 105912,   8, 41638.4,  1.644,314.953,0.080798,357.0,283.895,4.84e+00, 17.3, 6.3, - 
6685,141304,03042012,26092023 143212,1542, 41775.0, 11.297, 32.964,0.100384,359.4,120.419,2.42e+00, 16.2, -  , - 
6686,141306,07092016,26092023 115526,  21, 41558.8, 10.315, 42.583,0.193973,359.4,119.169,9.77e+00, 15.6, 6.9, - 
6687,141308,06032017,25092023 231644, 156, 42588.9, 18.271, 47.022,0.153821,359.7, 86.961,3.04e+01, 16.8,48.0, - 
6688,141309,21112017,25092023 215612, 770, 41924.6, 18.173,307.860,0.531028,359.7,211.599,1.79e+01, 14.4, -  , - 
6689,141310,19022018,25092023 201906, 718, 41748.2,  7.563, 77.833,0.189281,359.8, 70.386,6.36e+00, 17.5,27.3, - 
6690,141311,08032018,25092023 063828,  21, 41725.6,  6.468,289.745,0.035028,359.6,262.166,1.48e+00, 17.1, 2.0,337
6691,141312,14032018,25092023 142401,1307, 41659.8, 13.032,324.860,0.105654,359.5,156.275,9.07e+00, 17.2, -  , - 
6692,141313,20032018,26092023 015356,   1, 41798.3,  5.256, 75.314,0.302870,359.6,106.719,8.65e+00, 16.6, 0.7,137
6693,141314,21032018,26092023 040753,1941, 41728.2,  3.903, 56.148,0.186295,358.9, 12.601,2.81e+00, 14.4, -  , - 
6694,141315,12042018,26092023 040848, 180, 41724.9,  1.549,308.247,0.015321,357.2,110.981,1.67e-01, 17.6, 7.1,562
6695,141316,14082018,26092023 132318,   7, 41729.0,  8.103,303.375,0.009427,359.5,322.673,1.03e+00, 17.6, 0.2, 34
6696,141318,02122021,26092023 073841,  89, 41726.6,  1.006,345.286,0.005397,353.1,333.333,2.68e-02, 17.3, 0.9, 79
6697,141319,25032022,25092023 084630, 240, 41722.3,  1.158,  0.864,0.010556,353.5,157.498,1.49e+00, 18.3, 1.8,309
6698,141320,03042022,26092023 101718, 103, 41625.4, 11.750, 35.156,0.342112,359.5,213.211,1.11e+01, 17.1, 8.8, - 
6699,141321,03052022,25092023 175337, 507, 41714.8,  1.856,300.952,0.023261,358.1,146.218,4.81e-01, 18.4,40.4, - 
6700,141322,07062022,25092023 085339, 286, 41715.2,  7.373,293.829,0.011325,359.6,275.749,4.41e-01, 17.9, 5.4,980
6701,141323,28082022,25092023 160434, 389, 41723.9,  3.553,276.251,0.073099,359.8,263.484,3.06e+00, 18.2, 6.2,988
6702,141324,30092022,25092023 082206, 127, 41727.3, 11.888, 45.273,0.076657,359.5,265.646,1.50e+00, 17.6, 1.7,304
6703,141325,20092023,26092023 111537,   4, 41694.6, 13.173,275.179,0.141133,360.0,163.023,1.30e+01, 18.1,16.3, - 
6704,141400,09111993,25092023 211711,   0, 41749.6,  6.795,282.678,0.106880,359.8,229.899,8.67e-03, 12.6, 0.1,  1
6705,141402,21102011,25092023 231740,   0, 41750.9,  8.500,301.914,0.009499,359.5,282.609,4.55e-02, 17.6, 0.4, 27
6706,141403,14032007,26092023 144232, 693, 41727.2,  6.260,299.649,0.026087,359.4, 88.701,4.08e-01, 17.2, 6.4,932
6707,141404,23102014,26092023 031052,   3, 41832.1, 10.860, 32.734,0.051620,359.4,152.434,2.41e+00, 16.5, 1.3,236
6708,141406,03102013,26092023 032322,  29, 41746.6,  8.010,304.327,0.018207,359.5,230.304,1.24e+00, 17.0, 0.6, 75
6709,141407,21122017,25092023 110618,2053, 41594.9, 17.905,292.859,0.664643,359.8,262.538,2.79e+01, 17.1, -  , - 
6710,141409,21052018,26092023 092136, 193, 41692.1,  3.032, 31.055,0.116846,357.8, 96.713,6.43e+00, 17.6,69.2, - 
6711,141410,07052019,26092023 035642,   0, 41733.4, 20.264, 56.247,0.012830,359.8,275.357,3.73e-02, 12.8, 0.1,  1
6712,141411,16022020,26092023 062730, 326, 42747.3, 30.790, 40.089,0.359690,359.8,112.946,6.69e+00, 16.9, -  , - 
6713,141412,17022017,25092023 140213,   2, 41739.9,  2.203,295.924,0.022333,358.6,128.807,1.21e-01, 17.6, 0.1, 12
6714,141413,05052022,26092023 050128,  38, 41731.0,  1.100,335.493,0.022594,354.1, 65.143,1.03e-01, 18.1, 0.4, 69
6715,141415,01092022,25092023 232313,   9, 41704.0,  7.432, 51.304,0.195108,359.3,168.575,9.43e+00, 17.3, 0.5, 77
6716,141416,25112022,25092023 094250, 300, 41743.5,  6.549,291.147,0.007259,359.6,346.253,2.72e-01, 18.1, 2.6,310
6717,141500,16122006,26092023 052332,   1, 41768.5, 10.453,162.521,0.129983,  0.7,145.839,8.63e-03, 12.9, 0.1,  1
6718,141501,25092011,26092023 020131,   1, 41768.8,  1.279,  6.215,0.059850,354.1,165.970,1.53e+00, 17.3, 0.2, 29
6719,141502,17072014,25092023 071557,   8, 41761.9,  8.248, 63.970,0.059353,359.6,142.375,3.59e-01, 16.9, 0.4, 46
6720,141503,08102015,26092023 062604,   0, 41550.7,  3.620, 38.248,0.088857,358.3, 90.919,6.02e+00, 17.3, 0.2, 35
6721,141505,31102016,25092023 085227,  35, 42638.1, 22.233,348.783,0.314063,359.7, 79.650,1.70e+01, 16.1, 3.8,647
6722,141507,21072017,25092023 064344,  17, 41831.2,  0.706,227.061,0.118014,  6.5,340.340,6.25e+00, 16.7, 4.0,719
6723,141508,15082017,25092023 211300,  17, 41678.8,  1.925,105.464,0.157033,  1.1, 66.225,6.59e+00, 17.0, 0.8,148
6724,141509,18082017,25092023 195312,   1, 41740.4,  9.998, 33.513,0.088772,359.4,156.795,5.15e-01, 14.8, 0.2, 32
6725,141510,22032018,25092023 185047,   3, 41751.7,  1.989,299.860,0.007792,358.3, 94.869,6.66e-02, 17.8, 0.1,  3
6726,141511,26032018,26092023 014319, 102, 41765.9,  1.574,258.709,0.047619,  0.9,206.372,1.67e-02, 17.9, 0.5, 78
6727,141514,27072020,26092023 020310, 328, 42766.4, 35.685,332.952,0.287120,359.8,227.422,3.17e+01, 14.6,96.4, - 
6728,141517,01042022,26092023 054739, 538, 41744.3, 12.133, 46.250,0.245043,359.6,135.827,8.98e+00, 17.7,30.0, - 
6729,141518,29042022,26092023 000431, 508, 41744.4,  0.996,146.001,0.153318,  6.7, 27.875,6.48e+00, 17.8, -  , - 
6730,141519,03052022,25092023 135744,   3, 41767.6,  5.496,287.372,0.238041,359.6, 40.357,1.44e+00, 18.1, 0.1,  8
6731,141520,17022023,26092023 160355,   9, 41746.8,  2.454, 32.919,0.214984,357.3,101.226,1.11e+01, 17.1, 0.5, 85
6732,141521,17032023,26092023 044207, 121, 41768.3,  5.092,260.346,0.094492,  0.3,258.587,3.75e+00, 17.8, 2.6,391
6733,141600,24052001,26092023 082351,   2, 41784.8, 13.043,341.684,0.001564,359.5, 82.912,1.66e-02, 13.6, 0.1,  1
6734,141601,24092012,25092023 204810,   2, 41778.7,  7.857, 56.782,0.013624,359.5,336.368,5.98e-01, 14.6, 0.1,  8
6735,141602,01022016,26092023 062350,  99, 41891.3, 20.547, 35.555,0.176975,359.7,144.125,7.79e+00, 17.1,15.1, - 
6736,141603,12032018,26092023 020325, 234, 41823.7,  5.857,281.897,0.085844,359.8, 38.238,8.34e-01, 18.3,44.6, - 
6737,141605,19022020,25092023 191138,1308, 41783.6, 14.354,354.708,0.009637,359.5,234.635,2.77e-01, 14.5, -  , - 
6738,141606,16092020,26092023 071543, 187, 41582.2, 13.656,312.172,0.401576,359.6,188.556,3.02e+01, 16.9, -  , - 
6739,141607,24092020,26092023 052817, 132, 41795.9,  6.837,325.653,0.058057,359.1,209.425,3.13e-01, 17.5, 9.5, - 
6740,141608,07102020,25092023 054338, 175, 42563.8, 12.895,286.804,0.339726,359.8,301.816,2.66e+01, 15.9,90.3, - 
6741,141610,21032022,25092023 225138, 354, 41887.1, 29.292,346.517,0.117380,359.7, 34.085,9.62e+00, 17.2,24.7, - 
6742,141611,05052022,26092023 021511,  34, 41787.9,  3.081,266.495,0.036254,  0.2, 12.016,6.00e-01, 17.9, 2.6,278
6743,141612,25012023,25092023 122216, 131, 41768.2,  9.130, 50.304,0.057147,359.5, 97.027,2.65e+00, 14.0,16.3, - 
6744,141613,17022023,26092023 002513,  47, 41781.7,  5.643,282.556,0.021780,359.7, 86.402,9.34e-02, 17.8, 0.3, 52
6745,141614,14052023,26092023 044748,  34, 41787.0,  6.883,289.633,0.029538,359.7,256.445,1.20e+00, 17.8, 1.8,335
6746,141700,26122011,26092023 035333,  36, 41818.2, 11.044,326.373,0.004984,359.4,246.265,4.25e-01, 17.5, 0.6,103
6747,141703,25072012,25092023 071523,   0, 41818.9,  7.490, 68.792,0.002224,359.6,252.819,4.36e-02, 16.8, 0.1,  5
6748,141704,16042015,25092023 083328,   2, 41822.2,  2.796,301.935,0.033505,358.7, 42.773,2.12e-01, 14.7, 0.1, 26
6749,141705,01112015,26092023 040549,  36, 41797.2,  8.266,305.077,0.009487,359.5,278.940,1.17e-02, 17.3, 0.4, 49
6750,141706,30112015,25092023 104049,   8, 41796.5,  5.877,281.427,0.007160,359.8,343.747,4.61e-02, 17.0, 0.1, 16
6751,141707,03022016,25092023 224737,2426, 41886.6, 22.353,  2.195,0.184835,359.7,161.253,9.49e+00, 17.1, -  , - 
6752,141708,08112016,26092023 171706,2317, 41790.0,  2.771, 63.451,0.027259,358.7,258.415,1.88e+00, 16.7, -  , - 
6753,141710,16102018,26092023 054830,  32, 41796.2,  1.175,333.294,0.009033,354.6,314.315,1.22e-01, 17.8, 1.0,152
6754,141711,31102018,26092023 114543,1772, 41809.9, 31.273,338.997,0.101950,359.8, 89.478,5.38e+00, 16.6, -  , - 
6755,141714,04032019,26092023 054935, 433, 41805.1,  1.623,310.579,0.011374,357.2,115.688,5.56e-02, 17.9, 6.3, - 
6756,141718,19012020,26092023 064253,   1, 41800.7, 12.030,292.087,0.169717,359.8,104.010,2.44e-03, 15.5, 0.1,  1
6757,141720,03122021,26092023 025709, 649, 41856.3,  1.939,257.617,0.506963,  0.8, 38.373,4.15e+00, 15.6,13.4, - 
6758,141722,31032022,26092023 090432, 240, 41797.2,  4.892, 93.497,0.265213,  0.1, 70.794,9.97e+00, 16.8,24.2, - 
6759,141724,22122022,25092023 222033,   0, 41775.9,  1.215,333.762,0.009806,354.8,328.897,9.69e-02, 17.4, 0.2, 32
6760,141725,29012023,25092023 213601,  11, 41807.8,  7.866,302.273,0.085932,359.5, 93.501,1.47e+00, 16.9, 0.3, 42
6761,141727,19032023,26092023 121154, 179, 41792.5,  7.259,298.448,0.020293,359.5,269.741,1.41e+00, 17.9, 1.3,228
6762,141728,15062023,25092023 170737,  14, 41792.4,  4.681,351.435,0.107210,358.4,292.957,7.65e+00, 17.7, 0.8,110
6763,141729,15072023,25092023 174317,   1, 41788.4,  5.323,275.724,0.070719,359.9,325.663,1.79e+00, 16.7, 0.5, 97
6764,141731,05082023,25092023 070042,  39, 42001.1,  7.782,157.512,0.446512,  0.9,302.900,2.73e+01, 17.1, -  , - 
6765,141732,13082023,25092023 180017,  30, 41792.8,  3.962, 38.108,0.119797,358.5,183.377,4.71e+00, 18.2,21.6, - 
6766,141801,21112011,25092023 154339,   3, 41826.9,  8.477,304.091,0.011305,359.5,240.401,2.07e-02, 17.2, 0.1,  8
6767,141802,26072015,25092023 164704,   1, 41815.0,  4.707, 96.485,0.002395,  0.2,244.135,3.16e-02, 16.6, 0.1,  7
6768,141804,31052017,26092023 050603,   7, 41835.4,  4.070, 52.569,0.435233,358.8,145.975,5.37e+00, 16.8, 0.5, 87
6769,141805,21072017,26092023 063205, 219, 41853.5,  6.755,283.306,0.172636,359.8,269.724,1.30e+00, 17.5,24.4, - 
6770,141806,19092017,25092023 221016, 151, 41776.8,  8.130,305.696,0.010508,359.5,257.941,2.55e-02, 18.0, 1.8,246
6771,141807,22022018,25092023 211548, 127, 41759.7,  4.762,273.808,0.117855,359.9,239.987,1.92e+00, 17.8,10.6,594
6772,141809,28042022,26092023 153655,  14, 41819.2,  3.656, 11.544,0.079875,358.0,192.351,5.01e+00, 17.6, 0.9,107
6773,141810,25082022,25092023 074624,   1, 41802.8,  2.369,145.254,0.147291,  2.7,339.174,5.43e+00, 17.3, 0.4, 75
6774,141811,18022023,26092023 130234,  17, 41828.1,  1.678,352.183,0.031918,355.6,107.411,1.87e+00, 17.6, 0.6, 73
6775,141900,18022010,26092023 040119,  96, 41603.0,  3.555, 60.011,0.187885,358.9,  0.648,2.37e+00, 14.2,15.9, - 
6776,141901,21092009,25092023 215357, 151, 41793.8, 10.469,317.443,0.024149,359.5,210.612,6.95e-01, 16.9, 5.8, - 
6777,141902,14092006,25092023 192534,   2, 41833.1,  3.584, 33.607,0.063905,358.2,107.974,3.06e+00, 14.6, 0.1, 19
6778,141903,31012013,26092023 000618,  29, 41765.8, 11.146,271.334,0.137882,360.0,296.585,4.13e+00, 15.8, 7.0, - 
6779,141904,26072016,25092023 212416, 132, 41812.3, 24.274,328.484,0.523872,359.7,167.619,2.80e+01, 15.4,71.0, - 
6780,141906,20092017,25092023 094935,  12, 41835.0,  5.797,283.306,0.002945,359.7, 57.122,1.67e-02, 17.5, 0.2, 31
6781,141907,21072017,25092023 124245,  13, 41832.8,  1.283,328.732,0.010572,355.3,328.329,2.60e-02, 17.5, 0.4, 44
6782,141908,22092017,26092023 060957, 185, 42013.3,  5.255, 60.397,0.239591,359.3, 93.101,6.64e+00, 17.3,13.0, - 
6783,141909,18032018,26092023 075300, 110, 41734.2,  6.320, 68.743,0.197363,359.5,160.717,8.61e+00, 17.1, 8.3, - 
6784,141910,03062019,26092023 155530,1200, 41860.7, 26.369, 47.635,0.234459,359.8,158.192,5.94e+00, 16.0, -  , - 
6785,141914,13042021,26092023 161614, 834, 41636.3, 26.916, 22.224,0.575520,359.7,137.603,2.18e+01, 16.1, -  , - 
6786,141915,02082021,25092023 064851,   6, 41827.3,  3.895,312.103,0.343820,358.8,282.043,5.47e+00, 15.8, 0.9,141
6787,141916,14092021,25092023 084640,  20, 41831.1,  6.127,293.744,0.035705,359.5,  2.788,4.01e+00, 17.6, 2.2,390
6788,141917,29102021,25092023 212632, 688, 41843.0,  2.673, 10.999,0.024524,357.2, 27.056,3.18e+00, 19.7,12.5, - 
6789,141918,14032022,25092023 160332,   6, 41847.0,  6.961,325.743,0.042508,359.1,187.220,1.07e-01, 17.7, 0.2, 28
6790,141919,20122022,26092023 164954, 275, 41830.9,  7.354, 65.774,0.070264,359.6,120.879,3.51e+00, 17.2,10.9, - 
6791,141920,19022023,26092023 120031, 210, 41820.8,  5.775, 71.071,0.222373,359.5, 59.202,1.01e+01, 17.7,62.4, - 
6792,142000,21012007,26092023 061031, 214, 42397.4,  5.970, 74.056,0.123128,359.6, 71.856,7.67e+00, 17.2,24.5, - 
6793,142001,08102005,25092023 120715,  15, 41824.9,  8.335,305.170,0.005604,359.5,207.733,9.15e-02, 17.3, 0.3, 44
6794,142002,05062008,26092023 072534,   0, 41857.8,  2.822, 44.112,0.116273,358.0, 66.031,1.96e+00, 16.5, 0.1,  4
6795,142003,11102007,25092023 174444,   1, 41854.1,  1.229,335.770,0.008689,354.7,342.435,9.27e-03, 16.8, 0.1,  2
6796,142004,05062011,25092023 235102, 154, 41836.9,  4.596,272.388,0.108268,360.0,251.799,3.36e+00, 17.2,47.0, - 
6797,142005,30112008,25092023 202800,  37, 41785.5,  6.832,287.830,0.080182,359.7,303.372,1.54e+00, 17.0, 3.8,659
6798,142006,30112008,26092023 042257,  39, 41866.3,  8.740,306.972,0.021622,359.5,207.741,1.54e-01, 17.1, 0.9,168
6799,142007,23032011,25092023 171718,   1, 41858.4,  1.884,306.504,0.013050,357.8, 25.403,4.41e-02, 17.3, 0.1,  3
6800,142008,07052014,26092023 104119, 227, 41272.1, 19.251, 41.113,0.174100,359.7,354.677,8.13e+00, 17.8,23.9, - 
6801,142010,21102015,25092023 102021, 237, 41856.4,  9.438,315.507,0.036730,359.4, 80.094,3.43e-01, 17.5, 4.8,869
6802,142011,24082016,26092023 160806,   1, 41783.3,  0.075,172.518,0.089717, 66.8, 98.906,7.06e+00, 17.0, 0.1, 12
6803,142013,23012017,25092023 145112,   3, 42080.7, 18.431,350.258,0.319954,359.6,168.367,9.29e+00, 16.3, 3.9,720
6804,142014,30072017,25092023 212506,   1, 41872.3,  1.795,358.761,0.018527,355.8,203.904,1.99e+00, 17.9, 0.1,  4
6805,142015,22102017,25092023 143016,1838, 41417.6, 16.513, 58.500,0.123254,359.8, 19.292,7.43e+00, 17.1, -  , - 
6806,142017,10022018,25092023 185007, 102, 41858.7,  8.401,305.420,0.012004,359.5,335.931,1.09e-02, 17.8, 0.9, 92
6807,142018,21042018,25092023 180603,   1, 41867.1, 13.713,  6.341,0.008916,359.4,164.413,6.69e-02, 16.8, 0.1,  3
6808,142021,29032022,26092023 101521, 328, 41863.3,  1.716, 41.734,0.023014,356.5,211.345,9.91e-01, 18.0,11.6, - 
6809,142022,28082022,26092023 083016, 389, 41931.8, 10.945, 90.173,0.245381,360.0, 34.637,1.88e+01, 17.3, -  , - 
6810,142023,15022023,25092023 142235, 130, 41860.8,  8.561,304.313,0.007322,359.5,306.365,5.13e-02, 17.8, 1.6,269
6811,142024,14032023,26092023 043730, 191, 41768.1,  6.696,141.092,0.441476,  0.9, 41.695,1.55e+01, 17.8,14.4, - 
6812,142025,21032023,25092023 235523, 101, 41865.1,  9.562,313.875,0.014092,359.5,233.395,4.20e-01, 17.8, 1.2,103
6813,142026,13052023,26092023 042233,  99, 41838.2,  1.630,267.485,0.460775,  0.3,240.423,1.05e+01, 15.6, -  , - 
6814,142027,30052023,25092023 193736,  36, 42161.1,  1.271, 92.694,0.000526,  0.2,214.126,1.16e-02, 15.4,50.4, 15
6815,142028,13062023,25092023 204351, 102, 41837.5, 16.739,356.956,0.200881,359.5,232.232,4.10e+00, 15.4,18.2, - 
6816,142100,09051995,26092023 073246,   0, 41885.9, 14.097,350.612,0.001879,359.5,326.269,1.00e-02, 13.5, 0.1,  2
6817,142101,08021994,26092023 100449,   0, 41871.7,  8.752,307.175,0.005274,359.5,298.821,1.00e-02, 13.1, 0.1,  1
6818,142102,19121998,25092023 154017,   1, 41879.7, 12.991,345.573,0.004194,359.4,351.567,9.85e-03, 13.7, 0.1,  1
6819,142103,01022003,25092023 192321,   1, 41888.9, 14.221,353.231,0.001806,359.5,259.865,2.27e-02, 12.4, 0.1,  1
6820,142104,22092011,25092023 100126,  32, 41831.3, 14.125,350.272,0.010837,359.5,204.020,4.98e-01, 17.1, 1.3,173
6821,142105,11122012,25092023 194251, 123, 41728.8,  7.432,317.434,0.024808,359.3, 30.661,1.54e+00, 17.3,16.4, - 
6822,142106,18092015,25092023 071144, 229, 41874.8, 13.006,345.419,0.025530,359.4,146.355,1.50e-01, 17.0, 8.2,775
6823,142107,22092015,26092023 061626, 130, 41845.1, 13.945, 56.721,0.041546,359.7, 95.589,8.86e+00, 16.7, 8.1,959
6824,142110,28012017,25092023 130341, 219, 41855.6,  9.028,300.831,0.015207,359.6,239.119,1.30e-01, 17.7,12.5, - 
6825,142111,30072017,26092023 132355, 504, 41864.1,  1.613,342.152,0.066224,355.7,217.412,2.43e+00, 17.8,34.1, - 
6826,142112,16092017,26092023 004910,  10, 41742.5,  1.281,330.365,0.096411,355.2,114.343,4.59e-02, 17.7, 0.1, 18
6827,142113,15102017,25092023 192756, 333, 42011.6, 27.617,327.687,0.227797,359.8,259.530,9.95e+00, 17.3,48.8, - 
6828,142116,07032018,25092023 155904,  74, 41873.4,  4.352,250.901,0.092458,  0.6,323.190,2.26e-01, 17.5, 2.6,475
6829,142117,21052018,26092023 025000,   0, 41879.9,  1.223,347.328,0.016626,354.2,313.374,4.63e-01, 17.4, 0.3, 18
6830,142118,11122018,26092023 043127,   1, 41980.3,  1.469,354.179,0.028527,355.0, 88.702,1.74e+00, 17.8, 0.5, 98
6831,142121,27092021,25092023 194005,   0, 41879.6,  7.089,291.467,0.023022,359.6,258.563,9.23e-01, 15.3, 0.1,  2
6832,142122,03072022,26092023 082349, 361, 41895.8,  9.313,  9.397,0.052649,359.2, 30.038,8.38e+00, 17.8,15.7, - 
6833,142123,01092022,26092023 040428,  73, 41878.4,  2.296,  5.593,0.088654,356.7,201.787,2.36e+00, 17.5, 2.5,458
6834,142124,22092022,25092023 072117, 161, 41877.7,  8.765,301.625,0.003969,359.6,211.614,3.84e-01, 17.9, 1.0,180
6835,142200,06031989,26092023 155303,   1, 41897.2, 11.828,340.155,0.000719,359.4,219.176,8.46e-03, 12.9, 0.1,  1
6836,142201,15011994,25092023 221833,   0, 41893.5,  9.547,310.196,0.001403,359.5,132.000,1.00e-02, 13.1, 0.1,  1
6837,142202,14021994,25092023 194355,   1, 41896.2, 12.309,335.025,0.006715,359.4,322.966,1.00e-02, 12.9, 0.1,  1
6838,142203,11042007,25092023 223821,   1, 41898.2,  8.729,303.781,0.005855,359.5,271.198,5.56e-02, 16.6, 0.2, 18
6839,142204,21022007,25092023 235707,2141, 41891.0,  6.604,280.890,0.027592,359.8,147.705,2.94e+00, 18.0, -  , - 
6840,142205,15012010,25092023 072255,  70, 41909.7, 14.291,  1.082,0.004382,359.5, 15.506,7.77e-02, 16.2, 1.8,194
6841,142207,08032008,25092023 224737, 518, 41887.8,  6.662,285.536,0.112234,359.7,273.270,9.21e-01, 15.4,11.3, - 
6842,142208,21122011,25092023 063630, 166, 41898.0,  5.801,283.866,0.008075,359.7,133.146,3.22e-02, 17.6, 9.9,237
6843,142209,26102013,25092023 125700, 394, 41920.2,  8.598,305.290,0.023570,359.5,207.583,1.02e+00, 17.1,40.4, - 
6844,142210,25112013,26092023 032741,1949, 41584.3, 25.214, 31.340,0.379020,359.7,171.327,7.27e+00, 15.1, -  , - 
6845,142211,09042015,26092023 173953,   1, 41905.9,  1.292,335.171,0.009835,355.0,  5.085,6.83e-02, 17.2, 0.1,  4
6846,142212,06112015,26092023 064827,  70, 41903.5,  9.345,308.062,0.043371,359.5,105.862,1.18e-01, 17.3, 1.4,257
6847,142213,13122015,25092023 225802, 169, 41909.0, 11.526,329.462,0.013581,359.4, 41.904,4.10e-01, 17.4, 2.9,513
6848,142214,10092016,26092023 012258,2185, 41824.7, 13.359, 63.294,0.122012,359.7,129.548,8.51e+00, 17.5, -  , - 
6849,142215,13072017,26092023 053704,   9, 41271.5, 10.773,321.302,0.526488,359.5,189.223,2.72e+01, 18.5, 1.7,316
6850,142216,12012018,26092023 015655,1490, 41795.7, 13.088,325.373,0.114553,359.5,199.833,7.88e+00, 17.9,67.2, - 
6851,142217,09042018,25092023 185847,   4, 41899.1,  1.528,260.623,0.050190,  0.8,202.567,1.45e-01, 17.8, 0.3, 28
6852,142218,23022017,26092023 132217,   6, 41890.3,  8.528,305.257,0.009550,359.5,327.030,6.65e-03, 17.6, 0.1, 12
6853,142219,01022019,25092023 131309,  99, 41464.7, 11.662,331.993,0.202855,359.4,195.606,8.87e+00, 17.1,15.4, - 
6854,142222,30062022,25092023 213043, 123, 41904.7,  9.661,297.456,0.033824,359.7, 65.056,6.04e-02, 17.9, 0.8, 76
6855,142223,29072022,25092023 055656, 238, 41870.0,  2.388,203.957,0.273287,  2.8,326.447,5.40e+00, 18.0,92.4, - 
6856,142224,26092022,26092023 035418,  45, 41902.9,  8.926,302.916,0.012029,359.6,211.721,1.53e+00, 16.8, 6.1, - 
6857,142225,01022023,25092023 164037,   2, 41937.5,  9.006, 52.379,0.118969,359.5,128.269,4.04e+00, 13.9, 1.0,143
6858,142226,19032023,26092023 075524, 187, 41902.9, 11.843,340.012,0.017172,359.4,182.614,1.69e-01, 17.5, 0.4, 55
6859,142227,14032023,26092023 055330, 179, 41902.8,  1.648,343.843,0.008804,355.7,227.226,1.60e+00, 17.9, 1.4,239
6860,142300,16031996,26092023 150003,   1, 41919.8, 11.954,324.242,0.000787,359.5,194.112,9.52e-03, 12.8, 0.1,  1
6861,142301,26101986,26092023 123741,   2, 41919.5, 10.584,318.912,0.002847,359.5,297.849,9.81e-03, 12.8, 0.1,  1
6862,142302,04061995,25092023 155458,   2, 41912.7, 14.291,  1.149,0.000636,359.5,118.718,1.00e-02, 13.6, 0.1,  1
6863,142303,28012003,26092023 041200,   0, 41912.5, 13.707,  9.268,0.005472,359.5,250.393,1.78e-02, 12.9, 0.1,  1
6864,142304,29062003,25092023 172248,   1, 41912.3, 13.950,  7.334,0.001421,359.5,329.786,1.00e-02, 13.6, 0.1,  1
6865,142305,20092003,26092023 172728,   1, 41929.0, 12.826, 17.734,0.002275,359.4,192.457,1.00e-02, 13.1, 0.1,  1
6866,142306,23112008,26092023 074708,  13, 41921.5,  1.770,312.516,0.007481,357.3,  6.523,8.47e-02, 16.3, 0.3, 41
6867,142307,25092008,26092023 021156,   0, 42026.4,  3.582, 36.430,0.056173,358.3,345.963,2.76e+00, 16.4, 0.1,  4
6868,142308,08112009,26092023 080932, 105, 41758.6,  2.898,252.669,0.493104,  0.8,325.784,2.01e+00, 15.3,28.6, - 
6869,142309,09112009,25092023 062707,  89, 41925.9,  9.219,301.315,0.012525,359.6,209.066,7.73e-02, 16.7, 1.9,269
6870,142310,09092010,26092023 041014, 698, 41876.1,  1.318,310.589,0.078668,356.6,308.350,1.05e-01, 16.7,30.3, - 
6871,142312,16012012,25092023 062425,   2, 41930.6,  6.594,287.078,0.026769,359.7, 89.008,1.66e-02, 14.9, 0.1,  6
6872,142313,18022012,26092023 102625, 188, 42020.4, 20.814,112.991,0.839103,  0.1, 56.705,3.84e-01, 17.1, -  ,577
6873,142317,07102015,25092023 173105, 520, 41916.5,  0.741,265.904,0.163741,  0.8,228.991,5.41e+00, 17.6,31.2, - 
6874,142318,26102011,26092023 071744,  73, 41904.3,  1.345, 27.385,0.050267,354.8,262.146,2.55e-01, 16.1, 2.4,401
6875,142319,31072016,25092023 213438,1456, 41923.9,  7.389,269.792,0.054183,  0.0,173.868,2.90e+00, 16.2,46.2, - 
6876,142321,19112016,26092023 000525,   5, 41915.5,  5.840,265.802,0.057378,  0.1, 56.046,2.78e+00, 17.1, 0.2, 27
6877,142325,16022018,25092023 155639,2041, 41936.8, 16.170, 43.947,0.228432,359.7, 64.641,8.28e+00, 17.2,89.3, - 
6878,142326,18042018,25092023 084211, 213, 41937.8,  1.565,323.830,0.064446,356.4,139.240,1.69e-01, 18.0, 4.7,621
6879,142328,21052018,26092023 003007, 163, 41834.7,  1.277,330.029,0.012569,355.2,315.786,5.09e-02, 18.4, 2.9,529
6880,142329,16082018,25092023 165424,  32, 41914.9,  7.901, 28.433,0.054702,359.1,215.289,5.82e+00, 17.5, 1.2,182
6881,142330,14032019,26092023 135455,1523, 41873.6, 25.581, 61.307,0.369011,359.8, 70.890,1.74e+01, 16.7, -  , - 
6882,142333,06052019,26092023 083749,1602, 41809.6, 21.761, 52.212,0.456668,359.8,138.530,1.60e+01, 17.8, -  , - 
6883,142334,28072019,26092023 080424, 235, 41963.5,  1.394,329.923,0.004008,355.6, 37.262,2.08e-02, 18.4, 3.7,661
6884,142339,22092020,25092023 230148, 162, 41909.2,  1.466,182.434,0.236226,  5.1, 37.865,5.25e+00, 18.1, 7.8, - 
6885,142340,02122021,25092023 210725, 133, 41924.4,  1.743,314.827,0.009653,357.2, 32.266,1.66e-01, 17.4, 1.9,342
6886,142341,05042022,26092023 023437, 533, 41912.6,  8.218,298.013,0.037785,359.6,224.766,2.66e+00, 18.1,13.3, - 
6887,142342,07042022,25092023 081125, 180, 41923.0,  5.819,285.702,0.076785,359.7,  7.139,7.76e-01, 18.4,37.0, - 
6888,142343,04072022,25092023 124511, 206, 41949.0,  1.289,337.152,0.017014,354.9,226.733,5.66e-03, 17.6, 1.2,173
6889,142344,02092022,25092023 205551,   2, 41927.7, 14.222,353.203,0.021112,359.5,296.081,1.57e-01, 17.4, 0.2, 15
6890,142345,27032023,26092023 153114, 153, 41908.3,  9.599, 49.642,0.153479,359.5,108.356,8.02e+00, 17.2,83.3, - 
6891,142346,30032023,25092023 125313, 177, 41915.0,  2.062,  8.101,0.235081,356.4,224.574,4.35e+00, 17.2, -  , - 
6892,142347,19032023,26092023 122059,  45, 41917.5, 14.127,  9.657,0.035748,359.5,146.034,4.40e-01, 17.3, 3.0,541
6893,142348,23042023,25092023 193726,   2, 41873.4,  1.382,125.744,0.176537,  3.4, 28.873,5.18e+00, 15.4, 1.5,273
6894,142349,10052023,25092023 232704,   0, 41921.7,  1.234,350.775,0.018756,354.1,293.255,3.61e-01, 16.9, 0.1,  2
6895,142350,18032014,25092023 100315,   1, 41909.2, 11.589, 21.682,0.001232,359.4,186.459,8.58e-02, 16.1, 0.1,  4
6896,142400,11022007,25092023 155032,  10, 42130.6,  9.064, 48.777,0.386930,359.4,115.239,2.49e+01, 12.3,26.2, - 
6897,142401,04031986,26092023 040233,   1, 41938.9, 11.742,323.064,0.006230,359.5,156.209,1.00e-02, 13.6, 0.1,  1
6898,142402,12022007,25092023 115912,  70, 41382.3, 18.848,344.943,0.374807,359.6,154.854,7.41e+00, 14.9,27.4, - 
6899,142403,17082007,25092023 225922,  36, 40831.3,  2.463,261.509,0.043134,  0.5,302.044,1.16e+00, 12.7,19.3,257
6900,142404,15012007,25092023 145026,   1, 41783.2, 27.853,318.772,0.418574,359.8,248.894,1.99e+01, 17.1, 0.3, 34
6901,142406,09112007,26092023 163434,   1, 41959.5,  1.477,344.058,0.015391,355.3, 81.086,1.12e+00, 16.8, 0.1,  5
6902,142407,18122004,26092023 030017,  28, 41939.6,  5.823,284.163,0.007931,359.7,140.458,3.53e-03, 16.0, 0.4, 67
6903,142408,04082011,25092023 233032,2074, 42014.7, 18.813, 32.752,0.189520,359.7,147.331,8.44e+00, 16.7, -  , - 
6904,142409,03102011,25092023 181155,   0, 41879.9,  7.234,297.833,0.113994,359.5,251.296,2.95e+00, 16.1, 0.1,  3
6905,142410,14102012,25092023 091525, 121, 41783.8,  8.289,311.186,0.026814,359.4,243.482,1.00e+00, 16.8,19.7, - 
6906,142411,18012012,25092023 104701,   2, 41949.7,  5.798,282.978,0.021478,359.7,283.278,9.49e-01, 17.0, 0.2, 15
6907,142413,01082015,25092023 150353,   3, 42178.8, 38.702, 14.453,0.528466,359.8,224.138,2.59e+01, 12.6, 3.1,428
6908,142414,09022016,25092023 162857,  30, 41992.0, 13.410,343.339,0.001440,359.5,137.614,3.63e-01, 18.1, 0.3, 51
6909,142415,31122016,25092023 221039,  28, 41949.6,  8.268,234.502,0.361383,  0.5,166.011,1.06e+01, 14.8, 2.8,440
6910,142416,01032016,25092023 194509,   1, 41938.9,  1.385,330.714,0.011727,355.5,  2.582,1.41e-01, 17.4, 0.1,  5
6911,142417,13122017,26092023 125238, 183, 41830.5,  9.075,  6.717,0.213689,359.2, 40.939,4.63e+00, 16.9,24.9, - 
6912,142420,25042022,25092023 121523,   1, 41745.8, 10.346,286.537,0.168130,359.8,296.114,7.92e+00, 16.7, 0.2, 26
6913,142421,20082022,26092023 002450, 227, 41943.4,  1.455,326.109,0.051345,356.0, 16.193,8.47e-02, 17.8, 6.7,312
6914,142422,24082022,26092023 104146,   2, 41897.2, 17.446,284.315,0.416850,359.9,248.367,1.85e+01, 16.6, 2.2,284
6915,142423,07092022,26092023 102118, 345, 41951.5, 12.564,330.198,0.130940,359.5,130.037,1.37e+01, 15.1,87.0, - 
6916,142424,28112022,25092023 104519,  92, 41945.5, 13.447,343.749,0.002863,359.5,101.674,3.31e-02, 17.4, 1.1, 40
6917,142501,22112008,25092023 234139, 445, 41972.9,  1.738,353.475,0.050075,355.8,273.316,2.00e+00, 17.5,37.3, - 
6918,142502,25072009,26092023 023559,  32, 41754.4,  3.867,271.154,0.090095,360.0, 17.017,5.53e+00, 16.6, 1.0,148
6919,142503,20032010,25092023 162205,   4, 41950.8,  7.276,293.004,0.005012,359.6,358.184,1.47e-02, 16.6, 0.1,  9
6920,142504,05112011,26092023 015132,   9, 42254.7, 13.521,355.315,0.416020,359.4,172.411,1.45e+01, 15.8, 2.1,349
6921,142505,03022011,26092023 150716,  32, 41971.9,  8.021, 13.543,0.243038,359.1,172.051,7.95e+00, 16.6, 2.2,405
6922,142506,25022009,25092023 174629, 134, 41904.8,  1.708,276.701,0.138330,359.6,249.336,2.64e+00, 17.7,11.5, - 
6923,142507,09122015,26092023 035637,  16, 41979.0,  7.277,287.485,0.031761,359.7,351.757,3.68e+00, 17.0, 0.8,129
6924,142508,03082016,25092023 222704,   1, 41994.0,  2.817, 35.965,0.019113,357.8,220.773,2.43e+00, 17.2, 0.1, 20
6925,142509,19102016,25092023 164538,   3, 41966.9,  2.323,  6.212,0.019753,356.8,151.318,2.81e+00, 17.4, 0.2, 21
6926,142510,26102016,26092023 025419, 391, 41910.7,  7.294,292.301,0.007169,359.6,337.503,2.80e-01, 18.0,17.2,876
6927,142511,18022017,26092023 125703,  22, 41961.6,  7.624,316.694,0.017997,359.3,211.997,1.26e-01, 17.1, 0.7, 92
6928,142513,24092017,25092023 103746, 322, 41923.3,  5.290, 75.320,0.295677,359.6,107.796,3.27e+00, 15.7,76.2, - 
6929,142514,08032018,25092023 180024, 166, 41969.5,  7.357,292.261,0.014731,359.6,250.199,6.97e-02, 18.5, 3.6,560
6930,142515,11032018,26092023 172229,   2, 41945.5,  5.942,278.658,0.053223,359.8,166.698,2.32e+00, 17.7, 0.6, 90
6931,142517,12042019,26092023 045124,1116, 41958.6,  4.331, 83.932,0.063323,359.8,166.459,1.41e+00, 15.2, -  , - 
6932,142518,29082019,25092023 194756, 951, 41943.1,  3.587, 36.372,0.091621,358.3, 85.259,6.45e+00, 17.8,35.6, - 
6933,142519,31082019,25092023 225903,   7, 42038.6, 14.217, 71.111,0.179354,359.8, 85.080,3.20e+01, 16.1, 1.1,211
6934,142520,27012020,25092023 191957,  22, 42056.5,  4.131, 82.644,0.010646,359.7, 93.078,1.56e+00, 15.4, 5.5,932
6935,142521,25102021,25092023 072032,  43, 41956.7,  4.616,298.222,0.018181,359.3,207.686,5.44e+00, 17.4, 1.8,197
6936,142522,27032022,25092023 225807, 544, 42034.6,  7.450,106.796,0.697811,  0.3, 11.040,6.51e+00, 18.4,52.7, - 
6937,142523,07042022,25092023 231506, 509, 41958.0,  4.187,  9.085,0.171279,358.2,271.707,2.39e+00, 18.8,10.5, - 
6938,142524,09062022,26092023 173627, 448, 41977.8,  8.216,351.865,0.633047,359.1, 33.199,1.00e-02, 17.9,17.8, - 
6939,142525,21082022,25092023 170108,   2, 41908.5,  1.386,328.947,0.010215,355.6,348.091,2.21e-02, 17.8, 0.1,  3
6940,142526,24022023,26092023 120514, 213, 41959.0,  1.267, 19.506,0.119652,354.2,149.915,3.97e+00, 18.3,25.8, - 
6941,142527,09042023,25092023 225126,   0, 41967.4,  8.189,310.159,0.015852,359.4,239.063,1.75e+00, 16.7, 0.3, 24
6942,142528,08092023,25092023 135150,   1, 41959.9,  3.106,273.816,0.048444,359.9,244.647,1.70e+00, 17.5, 0.1,  9
6943,142600,23042007,25092023 200256,   4, 41982.0,  6.178,285.120,0.004228,359.7, 94.707,2.20e-02, 16.0, 0.4, 28
6944,142601,11102007,26092023 050449,   0, 41988.1,  1.444,334.333,0.014090,355.5,338.838,4.98e-01, 16.7, 0.1,  9
6945,142602,02082008,25092023 203506, 355, 41973.1,  2.996,161.909,0.128452,  2.4,335.968,4.83e+00, 15.3, 7.9, - 
6946,142603,08012008,26092023 075956,  17, 41977.1,  8.604,303.254,0.023639,359.5,233.321,3.81e-01, 16.7, 0.4, 47
6947,142605,23122011,25092023 233237, 164, 41989.3, 13.565,346.307,0.017087,359.5,143.202,3.52e-01, 17.0, 9.1,744
6948,142606,22122011,25092023 185805,   2, 41984.3,  7.524,293.128,0.004298,359.6, 24.394,2.77e-02, 17.3, 0.3, 18
6949,142607,12062012,26092023 023531,  11, 40810.8, 23.948, 11.924,0.142594,359.7,132.222,1.01e+01, 16.8, 1.1,209
6950,142608,18112014,26092023 030520,  42, 42001.0,  7.402,293.208,0.019002,359.6,248.627,7.01e-01, 16.6, 0.5, 84
6951,142609,05092015,25092023 084824,   2, 42012.7,  7.465,291.919,0.040247,359.6,269.736,6.12e-01, 17.1, 0.3, 42
6952,142610,01032016,26092023 100009,  41, 41988.5,  2.030,346.052,0.043530,356.5,232.272,1.92e+00, 17.3, 3.4,586
6953,142611,31082016,25092023 230425,  10, 41924.9,  5.567,293.180,0.306534,359.5,155.942,1.55e+01, 15.9, 1.3,200
6954,142613,22122016,25092023 180008, 120, 41831.1, 29.815, 52.446,0.349762,359.8, 90.678,1.66e+01, 16.7,46.2, - 
6955,142614,01072017,26092023 005230, 597, 41592.6, 29.690,332.813,0.591820,359.8,197.952,2.74e+01, 15.8, -  , - 
6956,142615,31082017,25092023 172803, 639, 41904.2,  6.893, 75.748,0.067645,359.7,288.815,4.76e+00, 14.0, -  , - 
6957,142616,20092017,25092023 234408, 235, 41931.5,  5.889,280.927,0.029245,359.8,285.549,1.42e+00, 17.9, 3.8,634
6958,142617,11102018,25092023 163712,   4, 41956.9,  7.237,293.099,0.007883,359.6, 61.180,6.97e-02, 17.7, 0.4, 30
6959,142623,01122021,25092023 112307, 102, 41973.8,  2.055,252.269,0.240871,  1.1,290.986,3.08e+00, 17.4,10.5,917
6960,142624,26012022,26092023 021906,   0, 41980.2,  1.454,330.613,0.011030,355.7, 78.377,3.47e-02, 17.5, 0.1,  3
6961,142625,31012022,25092023 155232,   2, 41956.5,  2.571,163.571,0.140697,  2.8,310.288,4.83e+00, 15.3, 0.2, 17
6962,142626,14032022,25092023 105010, 185, 41948.7,  6.081,284.669,0.021438,359.7,337.424,2.67e-01, 18.0, 2.3,377
6963,142627,25042022,25092023 172005, 369, 41977.8,  4.546, 14.455,0.086345,358.4,239.412,3.00e+00, 18.2, 5.7,930
6964,142628,26052022,25092023 215104,  49, 42104.6,  2.661, 95.317,0.005907,  0.2,179.809,3.42e+00, 17.1,16.8, - 
6965,142629,31082022,25092023 114353, 355, 41977.6,  2.172,355.460,0.017667,356.6,306.198,2.58e+00, 18.1, 7.8, - 
6966,142630,22092022,26092023 143023,   3, 41966.1,  7.563,297.280,0.024056,359.6,155.350,4.07e+00, 17.6, 0.1, 13
6967,142631,02112022,25092023 082723, 158, 41978.0,  2.760, 85.818,0.055106,359.7,301.780,3.57e+00, 16.5,24.3, - 
6968,142632,15022023,26092023 095400,  15, 41969.1,  5.760,280.915,0.040515,359.8,280.465,1.44e+00, 17.5, 0.4, 76
6969,142633,21032023,26092023 174701, 180, 42014.1,  6.566,359.346,0.126501,358.9,106.637,1.75e+01, 15.7,16.7, - 
6970,142634,18042023,25092023 082505,  74, 41972.4,  9.021, 51.953,0.125701,359.5,126.027,3.78e+00, 13.0,31.2, - 
6971,142635,17082023,26092023 045307,  26, 41922.2, 23.059,175.875,0.472065,  0.3,145.027,9.19e+00, 17.3, 5.9, - 
6972,142700,06022005,25092023 072448,   0, 42001.4, 13.861, 48.221,0.003773,359.6, 84.381,1.28e-02, 10.7, 0.1,  1
6973,142701,26082006,25092023 172052,   1, 41988.9, 11.676,332.258,0.004617,359.4,191.962,9.73e-02, 15.0, 0.1,  2
6974,142703,31052006,25092023 181919,  37, 42005.0,  9.362,310.877,0.029557,359.5,232.316,4.61e-01, 17.3, 0.9,142
6975,142704,06102011,26092023 025515, 658, 42351.2, 10.921,324.713,0.022740,359.4,140.165,6.57e-01, 17.9,26.6, - 
6976,142705,07112004,26092023 113451,   5, 41998.3,  7.265,291.343,0.062999,359.6,278.801,7.95e-01, 16.5, 0.3, 38
6977,142706,25092009,26092023 014054,  49, 41994.6,  6.339,285.537,0.003905,359.7, 23.217,9.80e-02, 16.7, 1.0,140
6978,142707,23122011,26092023 094037,   1, 42006.2,  1.478,331.298,0.009556,355.8,343.144,4.20e-02, 16.2, 0.2, 15
6979,142708,12022013,26092023 032814,   5, 42181.4,  6.727,353.631,0.291727,358.9,215.815,1.37e+01, 14.8, 3.0,514
6980,142709,15122011,25092023 070054, 180, 42087.0,  9.391,171.338,0.797108,  0.8,  9.073,3.06e-01, 17.0, -  ,619
6981,142711,28102014,26092023 105048,  15, 41993.7,  7.043,292.316,0.016560,359.6, 38.961,4.28e-01, 17.4, 0.5, 84
6982,142713,28042017,26092023 032210,2318, 41989.2,  2.657, 49.847,0.059463,358.1,288.517,2.13e+00, 18.6, -  , - 
6983,142714,18092017,26092023 022916, 463, 41991.9,  8.674,306.693,0.022656,359.5,289.454,8.66e-01, 18.2,40.7, - 
6984,142717,06032018,25092023 083654,2026, 41986.1,  9.932, 70.143,0.137546,359.7, 88.853,6.91e+00, 17.5,75.3, - 
6985,142718,20092017,25092023 195356, 147, 41574.4,  2.021,338.482,0.088591,356.6,154.745,1.86e-01, 17.7,34.2,801
6986,142720,12082018,25092023 234835,  74, 41951.2,  8.956,303.924,0.000913,359.5, 81.298,1.62e+00, 17.3,10.1, - 
6987,142721,14122018,25092023 182224,1728, 41911.0, 41.887,345.632,0.805734,359.8,207.248,2.77e+01, 16.7, -  , - 
6988,142727,01012020,26092023 054002, 835, 42257.0, 39.641,354.755,0.176579,359.8,121.764,1.70e+01, 16.7, -  , - 
6989,142728,08102020,25092023 031110, 211, 41909.3,  6.890,283.526,0.510843,359.8,257.703,2.75e+01, 16.7, -  , - 
6990,142732,05042021,25092023 094945, 695, 42031.8, 21.117, 21.081,0.389910,359.7,246.622,1.11e+01, 17.8,50.4, - 
6991,142734,01052022,25092023 145602,  90, 42006.0,  2.492, 90.097,0.018631,360.0, 37.439,1.86e+00, 16.8, 9.9, - 
6992,142735,08062022,26092023 025137, 155, 42004.6,  3.944, 92.538,0.188340,  0.1, 71.493,8.70e+00, 16.1,75.8, - 
6993,142736,09062022,25092023 113430,  19, 41990.7,  2.647, 53.499,0.073794,358.2,318.184,1.46e+00, 17.8, 0.8,141
6994,142737,28072022,26092023 043238, 247, 41990.2,  4.638,265.461,0.128819,  0.2,277.057,4.83e+00, 17.5,56.1, - 
6995,142738,25082022,26092023 120917,  42, 41990.0,  8.724,306.108,0.003666,359.5,335.143,2.00e-02, 18.3, 1.4, 87
6996,142739,18122022,25092023 225637, 178, 41993.3, 12.883,339.209,0.003063,359.5, 30.562,4.23e-02, 17.6, 1.1,173
6997,142740,29032023,25092023 225348,   1, 42010.9,  8.304,303.720,0.051274,359.5,124.368,2.79e-01, 16.8, 1.5,191
6998,142741,09082023,26092023 073433,  44, 41993.0,  9.322,301.900,0.017271,359.6,  1.195,1.00e-02, 17.3, 0.2, 25
6999,142742,20092023,26092023 022849,   0, 42005.7,  1.859,315.103,0.016501,357.3, 29.872,6.44e-02, 17.8, 0.1,  3
7000,142800,25012001,26092023 170046,   1, 42013.2, 14.511,322.666,0.002659,359.6,266.953,1.17e-02, 13.4, 0.1,  1
7001,142801,25092007,25092023 170430,   1, 42024.8,  1.668,323.252,0.012056,356.6,356.343,5.74e-02, 16.3, 0.1,  2
7002,142803,24102009,26092023 025928,  72, 42253.3,  6.797,287.928,0.017029,359.7,323.028,1.55e-01, 17.5, 0.6, 92
7003,142805,04042010,26092023 045518,   4, 42002.0,  1.873,206.651,0.007502,  3.5, 13.490,5.52e+00, 15.8, 0.6,108
7004,142806,26102011,26092023 040401,  73, 42021.3,  6.265,285.515,0.000897,359.7, 67.510,1.97e-01, 17.1, 2.2,293
7005,142807,21102015,25092023 093337, 156, 42004.1,  6.337, 74.729,0.187441,359.7,147.364,8.31e+00, 17.6, 8.3, - 
7006,142808,08042016,26092023 082937,  22, 42023.8,  1.478,332.548,0.018421,355.7,328.284,9.78e-02, 16.5, 0.8, 99
7007,142809,01102016,25092023 082644,   6, 42039.6,  1.860,156.872,0.187918,  3.8, 31.494,4.77e+00, 16.7, 0.2, 36
7008,142810,07102016,25092023 145337,   0, 42011.1,  3.011,277.378,0.090193,359.7,138.056,1.54e+00, 14.5, 0.1, 14
7009,142811,27112016,25092023 221540, 395, 42023.8,  7.563,296.315,0.076023,359.6,230.826,3.81e+00, 17.8, 8.0, - 
7010,142813,05052017,25092023 191243,   2, 41505.4, 12.142, 70.140,0.233140,359.8,131.712,1.45e+01, 13.3, 0.9,158
7011,142814,17092017,25092023 133956, 453, 42130.4, 27.805, 47.532,0.277856,359.8, 90.664,3.38e+01, 16.2, -  , - 
7012,142815,12072017,25092023 163147,   1, 42010.9,  2.250,307.065,0.023960,358.1, 99.425,1.55e-01, 17.8, 0.1,  3
7013,142816,26112017,25092023 180511, 373, 42018.1,  8.855,305.786,0.012233,359.5,255.944,1.48e-01, 17.8, 6.5,934
7014,142817,19032018,25092023 220549, 180, 41993.3,  1.463,331.645,0.011528,355.7,355.715,1.00e-02, 18.0, 3.0,534
7015,142818,21022018,26092023 124752,1988, 42007.9,  7.299,289.125,0.023521,359.7,302.569,1.57e+00, 18.3,14.6, - 
7016,142822,16102020,26092023 022350, 186, 42015.7,  2.092,346.763,0.012462,356.6,326.231,2.15e+00, 17.9, 3.4,607
7017,142824,13042021,26092023 151742, 333, 42051.2,  3.127, 90.114,0.135648,360.0,105.632,4.07e+00, 16.8, -  , - 
7018,142825,07092021,25092023 190936,   1, 42060.4, 17.563,356.141,0.134613,359.6,207.040,1.05e+01, 17.0, 0.3, 52
7019,142826,04112021,25092023 225703, 185, 42010.2,  1.771,334.658,0.002274,356.3,264.361,1.49e+00, 17.7,12.6, - 
7020,142827,06062022,25092023 225229,  18, 42022.4,  2.689, 90.205,0.056736,360.0,113.342,3.45e+00, 16.2, 4.9,911
7021,142828,03102022,26092023 153113, 273, 42016.7,  4.405, 79.492,0.146973,359.7,271.945,5.52e+00, 16.4,28.3, - 
7022,142829,22122022,26092023 033751, 134, 42033.3, 20.175, 55.357,0.114340,359.8,205.108,2.71e+00, 16.6,18.7, - 
7023,142830,23032023,25092023 133135,   1, 41892.3, 14.015,277.532,0.612202,359.9,278.394,3.01e+01, 16.9, 0.7, 96
7024,142831,15062023,25092023 082738,  99, 42016.4,  5.666,275.472,0.081509,359.9,298.945,1.83e+00, 17.8, 1.7,154
7025,142832,21072023,26092023 071155,  63, 41997.0, 25.017,318.350,0.344899,359.8,222.536,1.24e+01, 17.3, -  , - 
7026,142833,15092023,25092023 184641,   6, 42019.7, 27.783,351.547,0.112710,359.7,248.890,1.12e+01, 18.0, 0.3, 56
7027,142834,14092023,26092023 180416,   6, 42043.4, 33.250, 23.182,0.522573,359.8,152.711,2.34e+01, 17.5,42.4, - 
7028,142900,12041993,26092023 095000,   0, 42037.6, 17.564,350.521,0.028609,359.6, 90.223,4.44e-02,  9.6, 0.1,  1
7029,142901,26112003,25092023 213118,   0, 42032.5, 12.644, 19.729,0.000518,359.4,277.510,1.96e-02, 13.0, 0.1,  1
7030,142902,23012012,26092023 013456,   0, 42044.6,  1.346,350.418,0.019807,354.6,301.957,2.01e-02, 13.8, 0.1,  1
7031,142903,07122010,26092023 021005,   2, 42332.3,  7.806, 46.818,0.169529,359.3,161.519,8.03e+00, 16.0, 0.6, 25
7032,142904,21112012,25092023 171935, 186, 41994.6,  7.289,291.469,0.108204,359.6,239.598,3.83e-01, 17.7,18.6, - 
7033,142905,13032015,26092023 033242,  79, 42045.6,  6.293,285.698,0.006869,359.7,271.446,1.16e-01, 17.1, 1.3,195
7034,142906,18102015,25092023 182226,   0, 42029.5,  4.586,275.428,0.017597,359.9,179.039,3.95e-01, 17.1, 0.1,  5
7035,142907,09012016,25092023 185938,   1, 42040.2, 11.728,333.141,0.020818,359.4,283.949,1.15e-01, 17.4, 0.1,  9
7036,142908,09082016,26092023 134650,  13, 41717.6, 13.013, 28.654,0.201440,359.5,222.161,1.87e+01, 16.4, 1.3,205
7037,142909,29082016,25092023 112144,  42, 42035.0,  2.444,322.934,0.023998,357.7, 80.239,1.96e+00, 17.4, 1.8,222
7038,142910,19112015,26092023 161746, 190, 41989.5, 10.259,359.192,0.443197,359.3,105.433,1.74e+01, 17.1,21.9, - 
7039,142911,04102016,25092023 221418, 154, 42029.5,  7.483,293.742,0.008642,359.6,292.023,4.65e-02, 17.5, 2.1,299
7040,142912,20102016,26092023 062012, 185, 42278.2, 19.967, 59.796,0.617802,359.8, 86.690,4.23e+01, 17.4,68.6, - 
7041,142913,21022017,26092023 133459,  15, 42038.5,  9.105,304.587,0.003378,359.5,254.562,3.14e-02, 17.6, 0.4, 47
7042,142914,11082018,25092023 092247, 126, 42067.8,  8.044, 65.539,0.068488,359.6,155.967,3.10e+00, 17.0,17.7, - 
7043,142917,21102019,25092023 222241,1302, 43438.3, 34.019, 14.385,0.426399,359.8,229.650,2.19e+01, 14.7, -  , - 
7044,142920,28072020,26092023 155557, 473, 41028.2,  6.902, 75.360,0.173560,359.7, 52.077,7.19e+00, 17.2, -  , - 
7045,142922,09012022,25092023 221510, 622, 41364.6, 26.552,342.121,0.630127,359.7,192.885,2.28e+01, 18.0, -  , - 
7046,142923,30062022,26092023 002422,   8, 42030.9,  1.383,342.059,0.087952,355.0,203.574,2.87e+00, 17.4, 0.7, 76
7047,142925,14052023,26092023 082054, 118, 42009.0, 11.229,  1.717,0.176063,359.3,275.169,5.51e+00, 17.1, 8.6, - 
7048,142926,15062023,25092023 130427, 101, 42029.6,  8.794,306.666,0.003171,359.5,255.160,9.73e-02, 17.9, 3.0,546
7049,142927,14072023,25092023 215611,   4, 42050.5, 12.965,339.869,0.034073,359.5,268.352,1.11e+00, 17.6, 0.3, 24
7050,143000,03051981,26092023 024830,   1, 42052.9,  1.532,271.799,0.006239,359.9,142.587,1.00e-02, 13.0, 0.1,  4
7051,143001,15022007,25092023 223110, 238, 41974.4,  6.906,310.717,0.141120,359.3,279.444,1.74e+00, 16.7,10.0,733
7052,143002,30052006,26092023 045550, 315, 42092.6,  2.984,300.131,0.014945,358.8, 82.839,1.74e-01, 17.3, 9.3, - 
7053,143003,20092006,25092023 202756,   3, 41680.4,  1.253,351.326,0.142052,354.2, 95.151,7.90e-02, 17.0, 0.4, 21
7054,143004,03112008,25092023 124500, 878, 42091.6,  5.641,281.042,0.076184,359.8,250.347,8.93e-01, 16.3,70.4, - 
7055,143006,17082009,26092023 150241,   1, 42054.0,  8.798,307.223,0.005607,359.5,350.463,7.59e-02, 16.3, 0.1,  3
7056,143007,06022011,26092023 042019, 153, 42005.2, 12.906,339.292,0.002221,359.5, 30.455,4.03e-02, 17.7, 0.4, 38
7057,143008,13052010,26092023 122011,   1, 42051.4, 14.688,  2.017,0.001956,359.5, 94.213,2.57e-02, 16.0, 0.2, 12
7058,143009,27062012,25092023 163049,  73, 42069.2,  2.443, 23.898,0.051690,357.1,316.429,2.88e+00, 17.2,12.7, - 
7059,143010,18102015,26092023 050342, 301, 42027.4,  8.964,307.112,0.074863,359.5,178.150,1.69e+00, 17.1,29.1, - 
7060,143012,25112016,25092023 200350,   3, 42058.3,  8.620,307.305,0.007950,359.5, 22.761,1.06e+00, 17.4, 0.2, 24
7061,143013,01052017,25092023 205142,1999, 42065.1, 17.905,311.061,0.524881,359.7,236.042,2.64e+01, 15.8, -  , - 
7062,143014,14112017,26092023 043005, 687, 42026.9,  5.338,284.024,0.130916,359.7,120.154,2.68e+00, 18.0,43.3, - 
7063,143015,17042018,25092023 132029,  11, 41962.1, 18.629,345.604,0.305384,359.6,147.100,6.78e+00, 15.8,10.7,970
7064,143016,02012019,26092023 102837,1010, 41837.9, 14.601, 12.175,0.235908,359.5,112.163,1.74e+01, 16.8, -  , - 
7065,143017,01022019,26092023 154057,  12, 42016.9,  1.696,337.908,0.014646,356.0,260.947,1.45e+00, 17.7, 1.2,168
7066,143018,03032019,26092023 012557,1490, 41981.0, 40.993,341.843,0.814031,359.8,208.151,2.80e+01, 17.0, -  , - 
7067,143020,11042019,25092023 180525,  36, 42079.9,  4.215, 82.027,0.035825,359.7,143.993,1.26e+00, 17.1, 1.6,250
7068,143021,27042019,25092023 072942,   5, 42042.0,  5.660, 78.378,0.122220,359.7,131.159,4.68e+00, 16.8, 0.1, 20
7069,143022,03062019,25092023 144916, 109, 42045.8, 21.054, 52.736,0.183544,359.8,124.853,3.52e+00, 14.3,15.7, - 
7070,143023,09082019,25092023 233912,1460, 42145.0, 33.282,  9.981,0.518340,359.8,237.365,2.58e+01, 13.9, -  , - 
7071,143024,30012020,26092023 104941,   1, 42029.6,  7.803, 74.913,0.087880,359.7,121.951,6.25e+00, 17.1, 0.7, 46
7072,143029,18082020,26092023 062528, 924, 42042.2, 11.014, 75.771,0.259981,359.8, 94.892,1.08e+01, 15.8, -  , - 
7073,143030,12092020,26092023 024024,1072, 42075.0, 12.107,162.837,0.572180,  0.6,347.668,3.60e+00, 17.3, -  , - 
7074,143032,09042018,25092023 091501,  81, 42062.6,  2.376,306.555,0.012730,358.2, 26.121,2.27e-02, 18.0, 0.4, 57
7075,143033,06082021,26092023 160211, 385, 42062.5,  4.348,355.062,0.105829,358.3,109.457,3.21e+00, 17.8,45.1, - 
7076,143034,06102021,26092023 154635,   5, 42056.0,  7.622,293.911,0.002888,359.6,347.290,1.50e-01, 18.0, 0.4, 35
7077,143035,05042022,25092023 185029, 249, 42046.2,  7.628,322.236,0.087958,359.2,191.066,9.25e-01, 18.5,21.8, - 
7078,143036,06042022,25092023 113216, 536, 42053.8, 16.618, 18.004,0.104088,359.6,166.752,4.99e+00, 18.0, -  , - 
7079,143037,29042022,26092023 200030, 478, 42005.5, 11.973, 53.547,0.449248,359.6,120.192,9.46e+00, 17.0,46.5, - 
7080,143038,19112022,26092023 065738,  12, 40652.0,  3.303,100.034,0.157081,  0.4,136.296,6.90e+00, 15.1, 9.0,206
7081,143100,29102005,25092023 081542,   0, 42074.2,  9.999, 29.003,0.001992,359.3,251.004,1.00e-02, 10.7, 0.1,  1
7082,143101,01121997,26092023 143345,   0, 42078.5, 15.587, 32.710,0.001250,359.6,196.138,1.00e-02, 11.2, 0.1,  1
7083,143102,06081981,26092023 040217,   1, 42088.0,  5.157,279.202,0.001046,359.8,231.115,1.00e-02, 13.0, 0.1,  5
7084,143103,26071998,26092023 142745,   0, 42079.3, 14.262,  6.603,0.003554,359.5,191.530,1.00e-02, 11.2, 0.1,  1
7085,143104,02092005,25092023 204626,   0, 42075.3,  5.200,278.561,0.024441,359.8,222.734,1.32e+00, 11.8, 0.1,  3
7086,143105,13032007,26092023 010604, 102, 42067.4,  7.624,294.010,0.006747,359.6,282.022,1.27e-01, 16.0, 1.9,327
7087,143106,05102007,26092023 162217,   1, 42126.9,  2.045,319.269,0.020791,357.4,352.843,1.28e-01, 14.4, 0.1,  5
7088,143108,01032011,25092023 154117,   1, 42008.5, 33.424,326.219,0.058703,359.8,194.160,2.15e+01, 15.0, 0.2, 37
7089,143109,24112008,25092023 190347,   1, 42080.5,  1.853,319.274,0.016364,357.1,357.243,8.52e-02, 15.0, 0.1,  2
7090,143110,20112011,26092023 071139,  98, 42082.0,  7.825,284.431,0.106737,359.8,220.351,2.06e-01, 16.2, 2.6,432
7091,143111,24122013,25092023 220627, 151, 42078.6,  1.920,278.816,0.339259,359.5,274.695,4.91e+00, 16.2,76.0, - 
7092,143112,04122013,25092023 133230,  11, 42165.8,  2.260, 90.527,0.086725,360.0,112.251,7.04e+00, 17.0, 6.9, - 
7093,143114,09122013,25092023 201741,  11, 41966.3,  5.132, 31.520,0.455092,358.7,212.800,5.76e+00, 16.3, 3.7,520
7094,143118,12062016,26092023 172701,   1, 42167.1,  6.283, 12.844,0.004077,358.8, 52.796,1.00e-02,  8.2, 0.1,  1
7095,143120,31082016,25092023 200959,   1, 42065.9,  1.357,356.505,0.021258,354.5,283.062,5.79e-01, 17.6, 0.1,  6
7096,143123,24112016,26092023 082937, 149, 42080.2,  1.417,  0.213,0.022010,354.7,286.079,5.87e-01, 17.1, 2.7,458
7097,143126,15022018,26092023 071256, 503, 42056.0, 23.528, 42.969,0.327298,359.8, 78.053,2.43e+01, 17.2,58.2, - 
7098,143128,11082018,26092023 142317,  13, 42067.4,  6.897,289.289,0.005282,359.7,180.627,1.41e+00, 17.9, 2.5,376
7099,143135,06112021,26092023 045739, 649, 42056.3,  3.662, 99.604,0.390748,  0.3, 41.925,2.47e+00, 17.1,66.8, - 
7100,143136,01042022,26092023 004332,  33, 42073.7,  9.860,338.764,0.233590,359.3,224.986,1.07e+01, 17.5, 3.1,359
7101,143137,02042022,25092023 075619, 180, 42079.0,  6.588,301.909,0.045207,359.4,226.210,1.33e+00, 18.4,16.8, - 
7102,143138,20082022,26092023 163709, 324, 42076.4,  7.402,293.391,0.028163,359.6,251.079,7.74e-01, 17.9, 7.3,964
7103,143139,23092022,25092023 221918,   8, 42078.6,  7.395,294.388,0.002745,359.6, 64.580,4.25e-02, 17.7, 0.2, 18
7104,143140,12012023,26092023 104417, 219, 41949.7, 19.364, 62.783,0.255280,359.8,108.817,4.62e+01, 15.5,45.3, - 
7105,143141,18032023,25092023 172829,  96, 42069.1,  3.326, 67.166,0.144011,359.1,162.598,7.63e+00, 17.4, 3.4,612
7106,143142,16092023,26092023 065743,   1, 42079.3,  2.799, 88.286,0.030901,359.9,200.942,6.63e+00, 14.9, 0.3, 61
7107,143200,03022003,25092023 213209,   0, 42085.2, 17.771, 16.061,0.000391,359.6,357.405,1.31e-02, 11.1, 0.1,  1
7108,143201,15111998,26092023 002613,   0, 42086.7,  4.697,277.645,0.001502,359.8,184.392,1.00e-02, 13.1, 0.1,  1
7109,143202,15021983,26092023 131254,   0, 42102.3,  4.720,277.440,0.003032,359.8,350.267,1.23e-02, 13.3, 0.1,  1
7110,143203,28032011,26092023 002145,   0, 42098.5,  2.300,339.613,0.020824,357.0,305.156,2.05e+00, 16.2, 0.1,  5
7111,143204,02112011,25092023 173444, 152, 42157.0, 11.640, 34.628,0.313768,359.5,154.752,9.11e+00, 16.2,16.8, - 
7112,143205,18082012,25092023 212227,  89, 42098.7, 12.633,335.370,0.024167,359.5,136.207,1.96e-01, 16.6, 1.5,205
7113,143207,07062022,26092023 112317,  18, 41939.0,  9.238,289.013,0.072415,359.7,221.342,1.79e+00, 15.9, 4.2,619
7114,143209,26032014,26092023 043743,  99, 42198.7,  9.806, 23.890,0.191134,359.3,153.512,1.02e+01, 16.0, -  , - 
7115,143211,10112014,25092023 095212, 211, 42126.2,  8.599,305.070,0.082957,359.5,171.958,2.25e+00, 16.8,31.3, - 
7116,143212,18072015,26092023 105857,  11, 41984.6,  1.503,341.057,0.006711,355.4,184.052,1.27e-01, 17.5, 0.7, 86
7117,143213,09032016,26092023 130124,  47, 42094.1, 11.617,328.942,0.023797,359.4,104.626,3.19e-01, 16.8, 0.6, 96
7118,143215,24112016,25092023 190655,  99, 42115.5,  7.728,294.465,0.013508,359.6,283.741,1.80e-01, 18.2, 4.1,443
7119,143216,30122016,26092023 155341,1370, 41996.6, 21.860, 25.408,0.381776,359.7,149.734,1.15e+01, 16.8, -  , - 
7120,143217,14092017,25092023 184210,   7, 42105.7,  7.674,355.955,0.061872,359.0,152.156,4.36e+00, 16.9, 0.7,118
7121,143218,16092017,25092023 183703,   2, 42101.3,  6.997,290.581,0.024201,359.6,169.584,1.38e+00, 17.3, 0.4, 58
7122,143220,18012018,26092023 024325,  37, 42179.0,  6.679, 75.737,0.050478,359.7,101.703,3.11e+00, 17.6, 9.0, - 
7123,143222,12032018,25092023 111859,  48, 42100.2,  7.841,294.280,0.016966,359.6,351.732,1.89e-01, 18.0, 2.1,376
7124,143224,01052019,25092023 212917,1022, 42020.7,  5.407, 86.022,0.194406,359.9, 56.457,7.09e+00, 15.1, -  , - 
7125,143225,22102019,26092023 045433, 271, 42095.1,  9.248,304.988,0.001560,359.5,323.002,6.68e-03, 17.5, 4.9,402
7126,143226,07102019,26092023 025223, 214, 42124.9, 11.667, 18.161,0.142443,359.4, 72.814,1.07e+01, 17.1,29.4, - 
7127,143227,23042020,26092023 144307, 983, 42430.3,  4.202, 86.123,0.157787,359.8,108.032,5.79e+00, 17.2, -  , - 
7128,143229,04052021,25092023 174340,   2, 42115.3,  5.918,281.246,0.036070,359.8,225.205,1.24e+00, 16.4, 0.3, 49
7129,143230,16102021,26092023 015255, 242, 42097.9,  8.031,306.268,0.025179,359.5,172.361,3.25e+00, 17.3, 7.2, - 
7130,143231,28102021,26092023 014209, 681, 42049.0, 21.264,308.356,0.346851,359.8,168.461,1.35e+01, 17.9, -  , - 
7131,143232,04042022,25092023 145614,  11, 42096.3,  4.238,266.855,0.119581,  0.1,292.430,2.81e+00, 17.5, 1.3,119
7132,143233,26042022,25092023 194202,  81, 42080.1,  2.744, 91.306,0.094935,  0.0,271.276,7.06e+00, 17.3,17.9, - 
7133,143235,26042022,25092023 182518,   4, 42095.1,  7.613,294.336,0.011600,359.6,359.688,1.37e-01, 17.9, 0.1, 16
7134,143236,31082022,26092023 114707, 186, 42081.5, 11.152,285.803,0.054973,359.8,268.338,7.51e+00, 17.3, -  , - 
7135,143237,28062021,25092023 180354, 326, 42099.9,  1.783, 91.707,0.085427,  0.1, 92.152,9.08e-01, 17.2,75.5, - 
7136,143238,21122022,25092023 090840,  38, 42105.9,  2.667, 88.983,0.058665,359.9,121.417,5.41e+00, 15.9, 9.2, - 
7137,143300,03121994,25092023 170339,   0, 42127.0,  0.752,270.550,0.003027,  0.1,106.157,6.20e-03, 12.9, 0.1,  1
7138,143301,09101999,26092023 064612,   0, 42129.3, 11.622, 49.060,0.095784,359.6,167.165,3.40e-02, 13.0, 0.1,  1
7139,143302,14102001,26092023 001350,   0, 42111.2, 11.904, 18.846,0.001856,359.4,115.937,8.11e-03, 10.8, 0.1,  1
7140,143303,20091993,26092023 162113,   1, 42102.4,  5.212,317.369,0.001849,359.0,256.452,3.61e-02, 11.6, 0.1,  1
7141,143304,13012008,26092023 083300,   0, 42636.8,  6.036, 72.222,0.001002,359.6,209.400,1.39e-02, 14.5, 0.1,  1
7142,143305,05092008,26092023 005903,   1, 42113.5, 12.188,333.493,0.002235,359.5,253.980,2.87e-02, 15.8, 0.1,  4
7143,143307,29112007,25092023 235340, 453, 42102.7,  7.876,304.680,0.048746,359.5,277.357,2.31e+00, 17.2,64.5, - 
7144,143308,22042011,25092023 175332,   8, 42089.9,  2.146, 26.050,0.031439,356.7,257.586,1.60e+00, 16.3, 0.9,174
7145,143309,24092011,26092023 035633,  62, 42102.6,  2.760,284.033,0.075260,359.4,316.913,6.30e+00, 16.9,11.2,915
7146,143310,21042007,25092023 210910,   0, 42124.0,  6.945,298.467,0.062729,359.5,354.704,3.04e+00, 16.7, 0.1,  4
7147,143311,25072009,25092023 070556,  16, 42111.3,  8.407,306.449,0.009021,359.5,138.304,1.34e+00, 16.4, 1.2,181
7148,143312,31102012,26092023 075052,  74, 41968.0, 18.730, 37.630,0.056540,359.7,205.515,6.47e+00, 15.8, 2.5,421
7149,143313,04082008,26092023 113417,   2, 42119.2,  3.367,266.356,0.092890,  0.2,284.518,4.30e+00, 16.6, 0.1, 16
7150,143315,07102012,25092023 205647, 531, 42114.8,  5.054,279.341,0.030855,359.8,294.348,2.14e-01, 17.8,20.2, - 
7151,143318,23072015,26092023 061038, 126, 42074.3, 22.591, 29.611,0.083307,359.7,210.260,1.04e+01, 16.6, 6.2, - 
7152,143319,05062016,25092023 102244,  20, 42054.2, 32.551, 12.960,0.304335,359.8,123.885,1.44e+01, 15.4, 1.8,308
7153,143321,25022017,26092023 052650,  32, 42187.6, 13.713,338.600,0.026858,359.5,322.587,4.65e-01, 17.0, 2.5,458
7154,143322,23072017,25092023 072756, 244, 42108.0,  8.557,301.738,0.008272,359.6,250.025,2.33e+00, 17.3,12.1, - 
7155,143323,26072017,25092023 225729,   0, 42105.6,  2.024,338.006,0.014839,356.7,338.867,2.01e+00, 16.9, 0.1,  5
7156,143324,21042018,26092023 080255, 160, 42136.9,  1.303,155.588,0.127429,  5.4, 39.523,7.38e+00, 15.3,94.2, - 
7157,143325,15082018,25092023 145724,1865, 41841.9, 24.327,352.150,0.720257,359.7,172.838,4.47e+01, 15.4, -  , - 
7158,143326,29092018,26092023 034703,  31, 42598.6, 39.998,345.581,0.441893,359.8,149.676,2.90e+01, 17.8, 7.7, - 
7159,143327,19102018,25092023 064918,1734, 42224.4, 34.659, 12.163,0.041019,359.8, 76.612,1.11e+01, 15.5, -  , - 
7160,143328,12042019,25092023 233712, 109, 42143.9,  5.774, 67.498,0.208340,359.5,180.738,9.61e-02, 17.9, -  , - 
7161,143330,23082019,25092023 223425, 697, 42101.4,  2.002, 27.048,0.066914,356.5,184.284,5.90e+00, 17.2,19.6, - 
7162,143333,01022020,25092023 205139,   5, 42120.0,  3.512, 84.509,0.003320,359.8, 89.211,1.56e-01, 17.0, 0.1, 14
7163,143335,07042021,25092023 202359,   1, 42113.3, 15.563,  0.895,0.164503,359.5, 35.319,5.69e+00, 16.6, 0.2, 22
7164,143336,02092022,25092023 194708, 158, 42114.7,  1.635,331.698,0.017022,356.1,351.529,3.39e-02, 18.2, 5.0,914
7165,143337,14062023,26092023 073142, 100, 42080.2,  5.267,106.559,0.164075,  0.4,127.645,8.37e+00, 17.1, -  , - 
7166,143338,22092023,25092023 193247,   1, 42107.9,  4.610,304.828,0.057438,359.1,170.277,1.47e+01, 17.3, 8.5, - 
7167,143400,18092006,25092023 210942,   0, 42136.0,  1.991,317.586,0.014096,357.4, 72.759,3.58e-02, 17.1, 0.1,  2
7168,143401,20052007,26092023 181044, 533, 42362.4,  4.141, 78.600,0.336814,359.6,106.013,1.45e+00, 18.4,26.7, - 
7169,143404,29032009,25092023 183249,   4, 42120.7, 14.492,353.859,0.007446,359.5, 52.723,1.87e-01, 13.5, 0.1, 12
7170,143405,11062009,26092023 174556,   0, 42139.4, 10.358,187.194,0.098607,  0.7, 69.232,3.25e-02, 12.9, 0.1,  1
7171,143407,15022012,25092023 163115,   1, 42121.3,  0.639,273.193,0.018604,359.6,218.211,4.03e-01, 16.7, 0.2, 30
7172,143408,25102009,25092023 223950,   1, 42196.2,  6.979,296.500,0.133445,359.5,310.643,1.98e+00, 16.7, 0.2, 20
7173,143409,19102014,25092023 081034,  17, 42157.6,  6.599,286.317,0.013645,359.7, 15.772,7.03e-02, 16.7, 1.0, 61
7174,143410,18102014,25092023 135518, 193, 42397.2,  2.299, 81.526,0.160854,359.4,129.062,7.92e+00, 16.7,47.3, - 
7175,143412,17102015,26092023 020526,   0, 42116.5,  1.590,318.737,0.002630,356.7,  7.721,5.13e-03, 17.4, 0.1,  1
7176,143413,13122015,25092023 195349, 391, 42097.7,  9.401,301.835,0.074385,359.6, 85.542,1.21e+00, 17.0,22.2, - 
7177,143415,30072016,25092023 231949,   1, 42138.1,  7.741,299.426,0.011760,359.5,226.050,4.40e+00, 16.6, 0.4, 27
7178,143416,21102016,25092023 194642,  98, 41608.3, 28.917, 47.567,0.170807,359.8,335.394,1.57e+01, 16.5, 8.7, - 
7179,143417,25112016,26092023 170602, 501, 41810.2, 27.700, 52.169,0.379445,359.8, 91.229,1.65e+01, 17.0,39.4, - 
7180,143418,23122016,26092023 083308, 301, 42135.1,  8.924,309.003,0.020040,359.5,152.358,1.85e-02, 18.5, 3.4,580
7181,143419,30062017,25092023 211942, 147, 42150.1,  8.822,292.051,0.029922,359.7,245.107,1.36e+00, 17.5,25.2, - 
7182,143421,24092017,26092023 022109,2048, 42140.7, 13.617,271.268,0.433303,360.0,314.426,2.11e-02, 16.6,12.0, 43
7183,143422,14102017,26092023 025707,1829, 42113.3, 17.217, 56.853,0.075326,359.7, 80.509,1.09e+01, 16.9, -  , - 
7184,143423,17102017,26092023 062805, 304, 42178.7,  7.506,284.001,0.089261,359.8,241.731,3.06e+00, 17.2,57.9, - 
7185,143426,26032018,26092023 090947, 452, 42097.4,  0.305, 79.661,0.267903,351.7, 90.381,5.17e+00, 18.0,10.9, - 
7186,143428,19082018,26092023 062832, 547, 41955.4, 20.074, 39.516,0.111682,359.7,102.311,8.95e+00, 17.2, -  , - 
7187,143429,03122018,25092023 151318,1732, 42005.8, 30.354,333.569,0.492538,359.8,218.197,2.63e+01, 12.1, -  , - 
7188,143432,24082019,26092023 054544,1458, 42134.6,  7.591, 69.282,0.118189,359.6, 19.611,4.83e+00, 17.4, -  , - 
7189,143436,20112019,25092023 142543,  70, 42195.5,  2.257,291.442,0.046468,358.9,228.292,4.00e+00, 13.4, 4.6,849
7190,143437,19012020,25092023 222038,   3, 42026.0,  3.349, 88.443,0.062972,359.9, 73.999,6.52e+00, 14.7, 1.1,192
7191,143439,04082021,25092023 102330,   8, 42221.8,  6.597, 78.082,0.067028,359.7, 98.595,7.93e+00, 16.0, 1.2,193
7192,143440,04082021,25092023 122314, 118, 42171.6,  3.645, 78.662,0.024669,359.5,202.870,1.94e-01, 17.5, 2.6,471
7193,143441,30102021,26092023 005939, 279, 42032.8,  5.058,207.044,0.372582,  1.3,  5.674,6.83e+00, 12.7,35.1, - 
7194,143442,06112021,25092023 123019,   1, 42084.5,  2.932,269.434,0.128144,  0.1,259.328,4.55e+00, 17.0, 1.2,127
7195,143443,30012022,26092023 121029,  32, 42179.6,  2.662, 88.560,0.088659,359.9, 34.856,5.90e+00, 17.0, 2.1,381
7196,143444,31032022,26092023 131414, 486, 42123.4,  5.134, 46.538,0.149855,359.0,179.435,6.15e+00, 18.2,14.7, - 
7197,143445,21042022,26092023 022255, 144, 41758.0,  1.420, 19.444,0.195688,354.8,112.127,1.40e+00, 15.9,32.5, - 
7198,143446,10102022,26092023 044314,   2, 42180.9,  0.888, 90.082,0.023540,359.9, 61.732,6.93e+00, 16.9, 1.2,219
7199,143447,20122022,26092023 084420,   8, 42288.4,  6.298, 74.212,0.020716,359.6,152.918,1.16e+01, 17.2, 1.7,206
7200,143448,17012023,26092023 131640, 242, 42139.7, 14.167,356.084,0.085415,359.5,106.191,2.52e-01, 17.0, 2.5,413
7201,143449,26012023,25092023 093717,  99, 42128.2,  2.651,101.763,0.225770,  0.6, 82.264,7.59e+00, 16.9,13.9, - 
7202,143450,20022023,25092023 185951,   3, 42125.6,  3.639,356.221,0.123913,357.9,155.204,1.07e+01, 17.1, 0.4, 64
7203,143451,19032023,25092023 172211,  30, 42098.7, 17.366,352.381,0.186394,359.6,191.060,9.08e+00, 16.5, 2.2,349
7204,143452,14092023,26092023 025956,   4, 42116.0,  2.907, 88.017,0.110425,359.9,154.309,9.73e+00, 17.3, 2.4,433
7205,143453,17092023,26092023 051539,   3, 42118.9,  2.012, 96.642,0.128474,  0.4, 73.217,6.11e+00, 17.3, 0.2, 18
7206,143454,20092023,26092023 050700,   2, 42110.3,  1.288, 99.567,0.181360,  1.0,115.372,1.01e+01, 17.0, 6.2, - 
7207,143500,27121984,25092023 142233,   1, 42181.6,  9.226,307.698,0.003085,359.5, 97.737,7.57e-02, 13.0, 0.1,  1
7208,143501,24102006,25092023 090613,   0, 42163.7, 11.641, 28.840,0.000189,359.4,131.819,6.37e-03, 12.1, 0.1,  1
7209,143502,15021993,26092023 032626,   0, 42473.5, 14.516,352.911,0.000726,359.5,105.250,1.50e-02, 12.7, 0.1,  1
7210,143503,24092001,26092023 042545,   0, 42163.8, 11.884, 23.217,0.000121,359.4,159.634,2.77e-04, 12.0, 0.1,  1
7211,143504,03042005,25092023 094023,   0, 42163.9, 10.509, 25.506,0.000255,359.3,182.737,8.87e-03, 10.2, 0.1,  7
7212,143505,15011994,26092023 041325,   0, 42145.5,  6.065,357.009,0.086485,358.8, 11.405,1.75e-02, 10.7, 0.1,  1
7213,143506,05092000,26092023 164226,   1, 42151.0, 12.531,266.865,0.140761,  0.0, 32.274,2.83e-02, 13.2, 0.1,  1
7214,143507,03071992,26092023 145510,   1, 42579.3, 13.589, 16.770,0.000736,359.5, 41.165,1.46e-02, 12.8, 0.1,  1
7215,143508,16102004,25092023 081619,   0, 42164.6, 16.157, 38.286,0.000278,359.6,150.476,1.03e-02,  9.9, 0.1,  2
7216,143509,17121998,25092023 193911,   1, 42166.8,  8.341,353.730,0.034752,359.1,290.203,2.05e-02, 10.1, 0.1,  1
7217,143510,14052007,26092023 155914,   0, 42165.1, 10.885, 37.487,0.009598,359.4,355.059,1.00e-02,  9.9, 0.1,  3
7218,143511,04062004,25092023 200210,   1, 42165.3, 10.758, 32.925,0.000169,359.4,213.273,2.18e-02, 11.9, 0.1,  1
7219,143512,04102006,25092023 183914,   1, 42622.4, 12.526, 22.357,0.000473,359.4,143.252,1.86e-02, 13.3, 0.1,  1
7220,143513,01021995,25092023 220726,   1, 42161.6, 12.770, 17.479,0.003242,359.4,101.396,1.79e-03, 10.2, 0.1,  1
7221,143514,18012004,25092023 114839,   0, 42164.3,  9.048, 51.757,0.000192,359.5,155.891,9.99e-03, 12.1, 0.1,  4
7222,143515,08092007,25092023 103017,   0, 42165.2, 12.612, 35.315,0.000781,359.5,148.501,1.00e-02, 11.1, 0.6, 36
7223,143516,29042006,26092023 061532,   0, 42165.8,  8.460, 56.811,0.000516,359.5,124.526,1.01e-02, 12.2, 0.1,  1
7224,143517,13092003,25092023 204854,   0, 42164.2, 13.484, 42.727,0.004921,359.6,219.196,2.28e-02,  8.3, 0.1,  1
7225,143518,26082001,26092023 141326,   1, 42164.8, 10.346, 39.788,0.000268,359.4,182.493,9.93e-03, 12.1, 0.1,  1
7226,143519,04061995,26092023 161937,   1, 42165.8, 15.790, 16.840,0.005771,359.5,160.539,1.00e-02,  8.5, 0.1,  1
7227,143520,17022001,25092023 180514,   1, 42166.2, 10.248, 26.023,0.000618,359.3,184.777,1.00e-02, 11.3, 0.1,  1
7228,143521,07112000,25092023 120124,   1, 42161.7, 12.448, 18.776,0.000069,359.4,327.951,1.03e-02, 11.7, 0.1,  1
7229,143522,15011994,25092023 221927,   1, 42165.1, 11.589,  9.051,0.000406,359.4,180.329,3.41e-02, 11.9, 0.1,  1
7230,143523,29082002,26092023 001405,   1, 42165.5, 10.056, 27.440,0.009867,359.3,354.423,3.26e-02, 10.0, 0.1,  1
7231,143524,20011985,26092023 075422,   2, 42153.2,  7.690,294.753,0.001528,359.6,314.652,8.59e-03, 14.0, 0.1,  2
7232,143525,01031989,25092023 121259,   0, 42160.7,  0.217,244.063,0.001466, 10.1,259.910,3.99e-02, 11.6, 0.1,  1
7233,143526,31102006,25092023 234506,   1, 42139.2, 12.483,289.928,0.001736,359.8,325.448,3.75e-02, 11.3, 0.1,  1
7234,143527,09012005,26092023 153443,   2, 42176.9,  7.592,295.856,0.003913,359.6,271.696,5.95e-03, 15.9, 0.1,  4
7235,143528,21072006,26092023 130936,   1, 42177.2,  7.710,297.219,0.018053,359.6, 45.953,3.60e-03, 14.0, 0.1,  1
7236,143529,18072006,25092023 133547,   4, 42174.5,  9.118,308.477,0.001639,359.5, 17.788,1.31e-03, 16.2, 0.1, 12
7237,143530,30012008,26092023 154221,   2, 42182.6, 11.281,325.853,0.002250,359.5,116.998,2.57e-02, 15.5, 0.1,  5
7238,143533,21072009,26092023 013231,  99, 42177.5,  8.655,301.931,0.017813,359.6,227.616,1.02e-01, 17.1, 2.5,384
7239,143534,19072009,26092023 012055,   5, 42155.0,  8.230, 52.457,0.016743,359.4,345.754,1.05e-01, 16.9, 0.1, 13
7240,143535,22112010,26092023 000310,   1, 42165.3,  7.021,100.375,0.004064,  0.2,179.371,1.20e-03,  8.1, 0.1,  1
7241,143536,03112010,26092023 164608,   8, 42083.3,  8.802,308.495,0.025206,359.5,224.291,8.40e-02, 17.2, 0.1,  8
7242,143537,28032011,25092023 214648, 151, 42093.9,  7.720, 68.462,0.289996,359.6,145.692,9.62e+00, 17.0, -  , - 
7243,143538,21032009,25092023 193651,   4, 42146.1, 14.807,  4.901,0.009928,359.5,  7.672,1.42e-01, 15.3, 0.1, 20
7244,143539,24082011,26092023 163451,   3, 42161.5,  9.151,308.330,0.002153,359.5,179.426,5.88e-01, 17.0, 0.1, 11
7245,143540,28072009,25092023 153829,  15, 42175.7,  8.521,304.021,0.153998,359.5, 93.727,1.34e+00, 16.6, 2.1,376
7246,143541,26102011,25092023 170730,   0, 42175.9,  3.793,274.479,0.036334,359.9,352.154,2.46e-01, 17.3, 0.1,  3
7247,143542,28012008,25092023 183137,   3, 42151.1,  5.654,340.846,0.179669,358.8,205.766,7.69e+00, 17.1, 0.3, 52
7248,143543,22062012,25092023 072950,   0, 42165.2,  5.509, 92.424,0.000330,  0.0,188.984,1.34e-02, 11.4, 0.1,  1
7249,143545,15022012,25092023 214451,   1, 42144.0,  6.876, 67.286,0.018990,359.6,271.295,1.10e-01, 16.4, 0.1,  8
7250,143546,15112012,25092023 231951,   0, 42195.4,  5.668, 18.179,0.126928,358.7,185.608,6.65e+00, 16.8, 0.1,  5
7251,143547,10112008,25092023 223109, 100, 42127.0,  7.987,294.449,0.005530,359.6,231.739,1.93e-01, 16.8, 2.5,411
7252,143548,19122011,25092023 175424, 309, 42149.5,  9.184,306.384,0.008128,359.5,310.271,6.72e-02, 18.0, 5.1,322
7253,143549,29072012,26092023 020723,   1, 42154.1,  5.666,281.832,0.004419,359.8,188.829,1.02e-01, 16.4, 0.1,  4
7254,143551,27102014,26092023 062703, 179, 42095.4, 19.515, 58.164,0.284978,359.8, 75.141,8.02e+00, 16.9,18.2, - 
7255,143552,28102014,26092023 155309,   2, 42160.2,  7.857,295.500,0.002501,359.6, 46.296,5.75e-03, 17.2, 0.1,  3
7256,143553,14092015,25092023 200007,  37, 42170.3,  3.872, 49.542,0.228042,358.7,134.102,2.37e+00, 16.6, 1.5,201
7257,143554,07102015,26092023 022927,2207, 42078.6, 15.409, 52.187,0.041700,359.7, 75.117,7.58e+00, 17.0, -  , - 
7258,143555,12012016,26092023 104427,1718, 38685.3, 32.291,350.938,0.156883,359.8,126.903,1.89e+01, 13.5, -  , - 
7259,143556,30082013,26092023 134424,   1, 42184.6, 13.950, 13.910,0.002306,359.5, 26.430,3.31e-02, 15.4, 0.2, 12
7260,143557,12032016,26092023 060407, 133, 42542.6, 11.866, 49.256,0.310361,359.6,113.348,6.26e+00, 16.1,33.3, - 
7261,143558,25052016,25092023 103438,   6, 42308.3, 27.458, 35.392,0.461580,359.8,146.108,1.68e+01, 11.9, 1.1,120
7262,143559,09072016,26092023 152840,   8, 42164.5,  1.316,324.249,0.101811,355.7,282.744,6.43e+00, 17.3, 0.4, 68
7263,143560,08092016,26092023 035531,   8, 42201.9,  5.669,313.880,0.115453,359.1,247.829,4.70e+00, 16.8, 1.0,114
7264,143561,22102016,26092023 024342, 385, 42100.5,  8.079,294.031,0.003295,359.6,290.677,8.32e-01, 17.8,49.4, - 
7265,143563,22112016,25092023 195605, 201, 42046.3, 19.289,347.553,0.124798,359.6,160.665,9.13e+00, 17.1,10.0, - 
7266,143564,22112016,25092023 222913,   1, 42235.6,  3.454, 19.086,0.090901,357.9,251.777,6.62e+00, 16.5, 0.1, 12
7267,143565,02092016,26092023 163241,  17, 42180.2,  6.664,287.461,0.004446,359.7,259.721,2.00e-01, 17.9, 0.6, 86
7268,143567,22072017,25092023 233036,   2, 42097.0, 13.582, 26.561,0.360353,359.5,173.020,1.17e+01, 15.4, 0.4, 65
7269,143568,17082017,26092023 035407, 189, 42175.6,  7.844,297.720,0.021897,359.6,298.292,3.90e-01, 16.9,13.3, - 
7270,143569,10092017,26092023 053127, 100, 42096.5,  7.635,296.703,0.073491,359.6,143.387,1.27e+00, 16.3,12.8, - 
7271,143570,21092017,26092023 123310, 411, 42183.0,  7.583,308.371,0.245166,359.4,269.290,3.07e-02, 17.3,10.1, - 
7272,143571,15102017,25092023 185216, 154, 42139.9,  8.783,308.181,0.007264,359.5,234.013,2.74e-01, 17.8, 5.6,981
7273,143572,19102017,26092023 173020,1274, 42175.0,  8.975, 55.954,0.307485,359.5, 99.692,4.97e+00, 16.6,64.2, - 
7274,143573,15112017,25092023 211124, 394, 42083.2, 16.857, 89.635,0.398675,360.0,141.474,1.66e+01, 17.2,39.0, - 
7275,143575,09012018,26092023 164259, 861, 42164.6, 10.702,321.332,0.010944,359.5,220.242,7.90e-01, 16.9,46.3, - 
7276,143576,26012018,26092023 032653,  27, 42160.4, 13.799,344.867,0.016536,359.5,191.346,1.33e+00, 17.3, 1.6,272
7277,143577,18022018,26092023 032730, 168, 42155.5, 13.896,345.151,0.030442,359.5,337.898,1.18e+00, 16.0, 5.9,877
7278,143578,18022018,26092023 042043,  73, 42167.8, 13.835,345.142,0.038126,359.5,164.628,1.80e+00, 17.5, 2.1,300
7279,143579,11032018,25092023 223630,   9, 42166.2,  2.954,266.249,0.016427,  0.2,313.956,8.94e-02, 17.9, 0.3, 25
7280,143580,19032018,26092023 032006,  92, 42154.1, 13.798,344.865,0.024920,359.5,254.930,1.34e+00, 17.1, 8.2, - 
7281,143581,22062018,26092023 015819,   0, 42172.3,  2.462, 89.788,0.001382,359.9,251.878,7.95e-02, 16.4, 0.1,  2
7282,143583,09122018,25092023 232527,  35, 42392.9, 25.674,330.679,0.232460,359.7,254.175,1.83e+01, 17.3,40.2, - 
7283,143586,27072019,26092023 021942, 575, 42160.0, 15.393, 68.792,0.334853,359.8, 93.653,2.62e+00, 17.7, -  , - 
7284,143588,03102018,25092023 223532,   2, 42165.9, 11.731, 26.617,0.005933,359.4, 89.726,6.30e-02, 16.5, 0.1,  6
7285,143589,13042020,25092023 104652, 679, 42169.2,  0.028,140.482,0.175243,119.8, 23.848,4.29e+00, 17.0, -  , - 
7286,143593,10112020,26092023 102614, 190, 42150.7,  6.746, 47.585,0.178541,359.2, 76.916,8.86e+00, 16.2,37.4, - 
7287,143595,14112020,26092023 054941,1029, 42349.7, 17.842,  7.028,0.205944,359.6,252.360,1.02e+01, 14.7,71.1, - 
7288,143596,19022021,25092023 195316,   4, 42178.5,  2.771, 62.530,0.100349,358.7,107.883,2.37e+00, 16.7, 1.8,313
7289,143597,18052021,25092023 195944,   1, 42166.7,  6.483,326.057,0.000153,359.1,227.174,7.97e-03, 12.2, 0.1,  1
7290,143598,03082021,25092023 064030, 211, 42167.6,  5.407,322.036,0.048300,358.9,254.229,3.63e+00, 17.4, 9.6, - 
7291,143600,15011996,26092023 001344,   1, 42658.7, 12.899, 22.378,0.000578,359.5, 30.233,1.38e-02, 13.0, 0.1,  1
7292,143601,04111999,25092023 145531,   0, 42189.6,  8.412,342.852,0.005139,359.2,156.866,1.70e-02, 10.6, 0.1,  1
7293,143602,29072009,26092023 022857,   0, 42147.5,  5.824,283.007,0.001424,359.7, 18.537,1.00e-02, 12.9, 0.1,  1
7294,143603,15081999,26092023 005434,   0, 42166.0,  7.628,352.464,0.003383,359.0,286.932,1.00e-02,  8.3, 0.1,  1
7295,143604,23091998,26092023 041439,   0, 42592.9, 10.742, 19.581,0.000866,359.3,141.810,1.59e-02, 12.9, 0.1,  1
7296,143605,10032004,25092023 211042,   1, 42165.1,  7.720, 37.899,0.000406,359.2,122.045,2.24e-02, 11.9, 0.1,  1
7297,143606,29061997,26092023 060359,   0, 42518.1, 14.079, 11.030,0.000649,359.5,293.949,1.00e-02, 12.5, 0.1,  1
7298,143607,28042005,25092023 131634,   0, 42164.5,  9.806, 16.731,0.000558,359.3,150.603,2.84e-02, 12.0, 0.1,  1
7299,143608,28031995,25092023 180602,   0, 42165.7,  7.838,  7.160,0.093545,359.0,323.645,2.03e-02, 10.1, 0.1,  1
7300,143609,12062001,26092023 173224,   1, 42164.7,  9.966, 43.093,0.000288,359.4,172.236,1.22e-02, 12.3, 0.1,  1
7301,143610,22122000,26092023 052733,   0, 42139.7,  9.987, 28.317,0.000568,359.3,192.078,1.00e-02, 12.9, 0.1,  1
7302,143611,30031995,25092023 184918,   1, 42504.9, 14.557,  2.395,0.000401,359.5,220.175,1.00e-02, 12.4, 0.1,  1
7303,143612,23111997,25092023 082834,   0, 42165.3, 13.714, 11.145,0.000322,359.5,167.445,2.69e-02, 10.4, 0.1,  2
7304,143613,10031997,26092023 125255,   0, 42162.9, 10.221, 22.165,0.000853,359.3, 99.533,1.28e-02, 12.7, 0.1,  1
7305,143614,04012005,25092023 194147,   1, 42547.8, 13.478,346.810,0.003704,359.5,304.384,1.43e-02, 12.7, 0.1,  1
7306,143615,18091980,26092023 044617,   0, 42193.2,  5.610,  3.920,0.129672,358.7, 68.439,2.36e-02, 10.2, 0.1,  1
7307,143616,24021992,26092023 150251,   1, 42167.2, 12.698,357.474,0.000357,359.4,167.515,1.07e-02, 12.5, 0.1,  1
7308,143617,30011993,25092023 183938,   1, 42647.6, 15.044,342.367,0.001469,359.5,244.926,1.00e-02, 13.0, 0.1,  1
7309,143618,06022000,26092023 031620,   0, 42164.6,  9.349, 32.147,0.000541,359.3,158.488,5.00e-02, 12.0, 0.1,  1
7310,143619,19032001,26092023 143700,   1, 42598.8, 10.733, 37.090,0.001011,359.4,136.497,2.23e-02, 11.8, 0.1,  1
7311,143620,10101993,25092023 170650,   1, 42158.1,  8.657,333.540,0.129624,359.2,113.544,2.75e-02, 13.0, 0.1,  1
7312,143621,28011995,26092023 094337,  21, 42144.7,  5.658,353.865,0.100474,358.7, 32.115,2.38e-02, 10.7, 0.1,  2
7313,143622,24021987,26092023 130518,   1, 42164.2,  2.767,275.599,0.002659,359.8,238.063,3.61e-02, 11.5, 0.1,  1
7314,143623,14102006,26092023 033337,   0, 42159.7, 13.806,344.822,0.004780,359.5,260.009,9.13e-03, 13.6, 0.1,  1
7315,143624,23101992,26092023 151823,   0, 42188.3,  9.020,308.952,0.003935,359.5,335.414,7.37e-02, 12.7, 0.1,  1
7316,143625,30042006,26092023 164142,   5, 42170.2,  7.939,295.425,0.001353,359.6,292.219,1.60e-01, 17.1, 0.4, 29
7317,143626,17122004,26092023 171048,   4, 42182.0,  6.534,287.123,0.001315,359.7,207.780,1.11e-02, 16.5, 0.1, 12
7318,143627,13032007,26092023 055602,   0, 42189.3,  1.706, 17.894,0.117070,355.7,153.267,1.60e+00, 16.0, 0.1, 15
7319,143628,31122007,26092023 041457,   1, 42132.1, 11.918,333.631,0.017469,359.4,285.750,6.97e-02, 15.5, 0.3, 22
7320,143629,08122007,25092023 235848,   0, 42165.9,  0.140,100.474,0.000050,269.8,123.270,1.67e-02, 12.1, 0.1,  1
7321,143630,04032008,26092023 134038,   2, 42152.4, 13.173,344.841,0.016354,359.4,169.756,1.91e-01, 13.8, 0.1,  6
7322,143631,01082008,26092023 154656,  33, 42164.9,  7.753,291.129,0.071970,359.7, 14.880,1.90e-01, 16.5, 0.9,128
7323,143632,20082007,25092023 212438,   2, 42171.5,  9.944, 45.056,0.003408,359.4, 35.871,7.75e-02, 16.7, 0.1,  7
7324,143633,18012009,25092023 230333,   1, 42164.1,  7.399, 35.534,0.000648,359.2,272.452,3.36e-02,  8.6, 0.1,  1
7325,143634,23112008,25092023 065729,   4, 42196.4, 14.057,  7.441,0.006591,359.5,179.586,1.80e-01, 14.7, 0.3, 29
7326,143635,25042009,26092023 050933,   1, 42164.6,  0.784, 93.457,0.000584,  0.5, 98.914,1.00e-02, 11.1, 0.1,  1
7327,143636,03092008,26092023 150655,   3, 42140.0,  8.809,309.769,0.084038,359.5,215.463,2.00e+00, 17.4, 0.1, 22
7328,143637,20052009,25092023 235846,   0, 42164.4,  0.143,102.236,0.000038,319.5, 80.637,1.69e-02, 12.1, 0.1,  1
7329,143638,19052009,26092023 053028,  92, 42210.5,  9.068,307.158,0.063994,359.5,188.724,1.27e-02, 17.2, 0.7, 75
7330,143639,16092009,25092023 073929,   1, 42168.1,  0.210,122.263,0.001091, 35.1,224.447,3.41e-02, 11.3, 0.1,  1
7331,143641,26102009,26092023 163911,   3, 42163.3,  9.189,308.001,0.001460,359.5, 91.940,5.36e-03, 17.1, 0.1,  5
7332,143642,15062010,25092023 090249,   0, 42166.1,  0.328, 94.476,0.000045,  2.4, 17.145,1.53e-02, 11.7, 0.1,  1
7333,143643,12082010,26092023 122946,   3, 42162.6,  7.154,285.608,0.075341,359.7,233.746,2.80e+00, 16.8, 0.1, 15
7334,143644,26082010,26092023 044707,   0, 42164.7,  5.828, 80.811,0.000645,359.8, 77.324,1.00e-02, 11.4, 0.1,  1
7335,143645,15122010,25092023 235411,   0, 42167.6,  5.701,282.370,0.012796,359.7, 26.198,1.69e-01, 16.6, 0.1,  5
7336,143646,02022011,25092023 194758,   0, 42263.1,  4.652,294.332,0.075505,359.4,321.969,5.86e+00, 16.6, 0.1,  5
7337,143647,29032011,25092023 172947,   2, 42491.5,  5.215, 26.512,0.003814,358.7,112.161,8.38e-03, 11.0, 0.1,  1
7338,143648,08052011,25092023 221110,   0, 42164.0,  2.586, 45.081,0.000204,357.8,146.444,2.56e-02, 12.2, 0.1,  1
7339,143649,02092005,26092023 122324,   2, 42184.6,  6.561,286.790,0.023133,359.7,308.831,5.57e-01, 17.1, 0.3, 18
7340,143650,17022012,25092023 235846,   1, 42165.4,  0.147,101.843,0.000071,350.8, 86.836,1.00e-02, 11.9, 0.1,  1
7341,143651,12032012,25092023 091126,   0, 42164.6,  3.654, 43.051,0.005167,358.4,  1.269,1.18e-02,  9.7, 0.1,  1
7342,143652,18052012,26092023 100452,   0, 42164.2,  4.461, 62.885,0.000394,359.2,142.059,1.00e-02, 11.4, 0.1,  1
7343,143653,01072012,26092023 002804,   0, 42163.4,  5.095, 67.844,0.001867,359.4, 15.896,1.00e-02,  8.6, 0.1,  1
7344,143655,01042013,26092023 045729,   0, 42164.9,  2.586, 43.379,0.000196,357.8,147.388,1.00e-02, 12.2, 0.1,  1
7345,143656,22062013,25092023 235847,   0, 42166.8,  0.136, 99.262,0.000059,212.5,217.686,1.00e-02, 12.0, 0.1,  1
7346,143657,20072013,25092023 135612,   0, 42164.5,  3.272, 37.692,0.005824,358.1,175.413,1.00e-02,  9.5, 0.1,  1
7347,143658,20062013,26092023 161839,   3, 42158.6,  7.750,293.097,0.055460,359.6,247.683,2.51e-01, 17.6, 0.1, 19
7348,143659,16092013,25092023 235848,   0, 42164.2,  0.139,101.435,0.000049,127.6,  9.106,1.00e-02, 11.6, 0.1,  2
7349,143660,24102013,26092023 145638,   1, 42164.4,  2.938, 74.730,0.005653,359.3,182.401,1.00e-02, 11.2, 0.1,  5
7350,143662,18042014,25092023 220521,   1, 42164.8,  3.050, 59.179,0.000375,358.7,126.001,1.37e-02, 10.5, 0.1,  1
7351,143664,22012015,25092023 222511,   3, 42171.3,  5.152, 80.440,0.015663,359.7,246.840,8.88e-02, 16.4, 0.1,  9
7352,143665,02052015,25092023 235846,   1, 42164.9,  0.145,103.030,0.000175,298.2, 93.105,1.00e-02, 11.1, 0.1,  1
7353,143667,28102015,26092023 134348, 224, 42425.0, 20.213, 45.746,0.322267,359.7,139.287,3.14e+01, 16.8,34.3, - 
7354,143673,31032016,25092023 195140, 151, 42170.0, 11.696, 27.277,0.010923,359.4,156.397,3.28e-01, 16.8, 5.2,643
7355,143674,20082016,25092023 221022,   0, 42197.3,  1.761, 90.441,0.000135,360.0,165.880,1.00e-02, 13.4, 0.1,  1
7356,143676,07102016,26092023 153358,  33, 42146.9,  6.612,287.423,0.004240,359.7,288.348,1.67e-01, 17.7, 0.6, 62
7357,143678,18012017,25092023 135710,   2, 42165.2,  5.875,322.373,0.199050,359.0,211.753,1.34e+01, 16.1, 0.7,124
7358,143679,03022017,26092023 074131,  12, 42143.2, 17.182, 50.058,0.165748,359.7, 89.892,8.42e+00, 16.4, 0.6, 94
7359,143680,24112016,26092023 160341,   3, 42177.0, 10.384,318.176,0.012983,359.5,233.971,3.66e-01, 17.4, 0.3, 21
7360,143681,02062017,26092023 132054,  25, 42175.2, 10.428, 63.734,0.112339,359.7,117.662,5.50e+00, 16.0, 4.4,810
7361,143682,28062017,26092023 055252,   4, 42198.5,  6.036,  4.644,0.066641,358.8,150.117,6.50e+00, 16.9, 0.2, 27
7362,143683,02062017,26092023 010623,   1, 42186.3,  3.615,273.513,0.040763,359.9,238.635,1.39e+00, 16.7, 0.1, 16
7363,143686,15032018,26092023 060028, 178, 42200.8,  4.702,269.861,0.083583,  0.0,281.482,4.58e+00, 18.0,10.6, - 
7364,143692,16112019,26092023 033028,   1, 42172.5,  3.965, 81.924,0.030354,359.7,349.711,1.79e+00, 16.7, 0.1,  8
7365,143696,23112020,26092023 041305,   0, 42097.6,  8.530, 78.534,0.235684,359.8, 34.577,1.15e+01, 15.5, 0.1, 20
7366,143697,16032019,25092023 235847,   0, 42164.4,  0.142, 98.641,0.000040,325.9,117.050,2.66e-02, 12.0, 0.1,  1
7367,143698,02092021,25092023 193534, 150, 42127.3,  3.926, 86.322,0.184871,359.8,140.475,2.23e+00, 16.2,18.2, - 
7368,143699,30092021,25092023 194258,  49, 42170.6,  2.661, 62.178,0.213903,358.6, 37.529,4.14e+00, 15.8,11.1,961
7369,143700,26082003,26092023 155308,   0, 42177.3,  8.760, 34.927,0.005428,359.3,109.973,1.00e-02, 10.7, 0.1,  1
7370,143701,01021995,26092023 152144,   1, 42154.3, 11.958, 11.702,0.000454,359.4,161.919,1.69e-02, 12.8, 0.1,  1
7371,143702,22112005,25092023 071226,   0, 42171.6,  7.786,294.993,0.001736,359.6,211.907,1.97e-02, 14.2, 0.1,  1
7372,143703,12092001,26092023 084149,   0, 42166.8, 11.196,258.102,0.131471,  0.1, 71.369,2.89e-02, 13.2, 0.1,  1
7373,143704,09102005,26092023 014925, 402, 42377.6,  1.404,261.019,0.392121,  0.8,343.213,5.13e+00, 18.4, -  , - 
7374,143706,10012008,25092023 213420,   1, 42195.7,  8.808, 57.071,0.000270,359.5,114.903,1.23e-02, 12.6, 0.1,  1
7375,143707,30122007,25092023 101002,   2, 42178.1,  9.113,305.215,0.013281,359.5,225.678,2.74e-01, 13.9, 0.1, 17
7376,143708,07062008,26092023 114928, 271, 42124.5,  3.927,334.900,0.165595,358.3,164.468,7.50e+00, 17.8, -  , - 
7377,143709,02082008,26092023 015403,   1, 42298.9,  8.716, 34.102,0.049311,359.3,113.538,9.33e+00, 15.9, 0.1, 18
7378,143712,17032010,25092023 224709,   8, 42291.7, 14.315,353.627,0.044634,359.5,112.348,7.68e-01, 17.2, 0.8, 54
7379,143715,04022011,25092023 233710, 856, 42261.0, 31.658, 24.877,0.085006,359.8, 38.273,7.05e+00, 14.5, -  , - 
7380,143716,29092011,25092023 092953,   7, 42137.9,  7.441,293.295,0.037698,359.6,342.940,1.06e+00, 16.2, 0.3, 46
7381,143717,26102011,25092023 060805, 490, 42071.1,  6.923,292.011,0.120331,359.6,262.019,1.13e+00, 18.0, -  , - 
7382,143718,16012012,26092023 003941,   4, 42194.1, 10.956,322.026,0.030735,359.5,179.094,2.37e-01, 15.0, 0.5, 52
7383,143719,17022012,25092023 173459, 388, 42241.2, 11.065, 63.976,0.343228,359.7,192.170,1.80e-01, 16.5,22.6, - 
7384,143720,13062007,26092023 023824, 208, 42133.6,  6.466,285.535,0.050245,359.7,332.361,1.86e-01, 13.9, 4.7,682
7385,143721,12102013,26092023 034330,  31, 42202.3,  7.830,295.223,0.004877,359.6,177.386,1.28e-01, 17.0, 0.7, 59
7386,143722,17112013,26092023 083837,1628, 42532.3, 16.008,351.879,0.286840,359.5,330.396,5.58e+00, 16.7, -  , - 
7387,143725,09032015,26092023 150553,   1, 42345.9,  7.032,270.532,0.124206,  0.0,293.652,4.28e+00, 15.7, 0.4, 68
7388,143726,07042015,26092023 143648, 243, 42343.7, 41.434,353.703,0.491836,359.8,187.461,9.20e+00, 16.9,75.5, - 
7389,143727,09052015,25092023 072808,   0, 42202.4,  2.882,  5.775,0.066238,357.4, 38.185,3.30e+00, 16.3, 0.3, 24
7390,143728,24072015,25092023 235838,   0, 42166.1,  0.138, 99.800,0.000174, 79.4,125.552,1.00e-02, 11.9, 0.1,  3
7391,143729,19092015,25092023 232245,   3, 42173.7, 12.708, 10.146,0.045660,359.4,217.483,1.74e+01, 17.1, 1.3,241
7392,143732,14042016,26092023 031505, 336, 42328.5,  0.769,322.270,0.124907,353.1,239.488,4.48e+00, 18.4,31.1, - 
7393,143733,28022016,25092023 081050, 182, 42351.6,  9.745,307.113,0.007459,359.5,131.683,2.66e-01, 17.3, 5.1,873
7394,143734,25112016,25092023 185103,   2, 42167.5, 20.324,341.292,0.023239,359.6, 32.519,1.01e+01, 16.8, 0.5, 87
7395,143735,02022017,25092023 224233,   0, 42070.7, 23.700, 44.949,0.111236,359.8,118.201,1.40e+01, 14.3, 0.1, 12
7396,143736,01072017,25092023 222041, 582, 42120.5,  7.914, 64.416,0.320371,359.6,  0.983,3.07e+00, 15.8, -  , - 
7397,143737,12092017,25092023 155504,   5, 42211.9,  6.440,288.044,0.156687,359.7,193.648,3.10e+00, 17.4, 0.1, 15
7398,143740,29112017,26092023 141324, 224, 42125.0,  8.580, 56.053,0.025885,359.5,185.513,7.66e+00, 17.9, -  , - 
7399,143741,15012018,26092023 145407,   1, 42148.2,  9.269,307.358,0.001718,359.5,133.337,5.14e-03, 16.2, 0.1,  4
7400,143743,19022018,25092023 195820, 243, 42097.6, 13.711, 25.170,0.148952,359.5,100.352,1.29e+01, 17.7,65.0, - 
7401,143745,29012019,26092023 004058,  14, 42272.2, 11.441,336.474,0.140246,359.4,165.977,9.67e+00, 16.7, 6.4, - 
7402,143746,22092019,25092023 215107,1457, 42200.1,  4.786,199.996,0.186392,  1.5,115.530,6.72e-02, 17.0,25.6, - 
7403,143749,29062020,26092023 055359,1091, 41997.0, 14.466, 66.346,0.495999,359.8,121.195,1.14e+01, 13.1, -  , - 
7404,143751,04112021,25092023 143640,   5, 42185.0,  7.867,294.509,0.013094,359.6,234.560,1.14e+00, 17.8, 0.1, 10
7405,143752,05112021,25092023 194557, 627, 42169.8, 11.702, 27.280,0.008075,359.4,155.718,3.58e-01, 18.5, 9.2, - 
7406,143753,06122021,25092023 190456, 223, 42127.5,  5.389, 98.588,0.344823,  0.2, 66.918,8.10e+00, 16.9, -  , - 
7407,143754,06122021,26092023 034130,   0, 42143.0,  5.300, 87.148,0.154949,359.9, 97.073,9.05e+00, 13.9, 0.4, 68
7408,143755,01032022,26092023 003152, 570, 42174.0, 21.280, 44.929,0.186588,359.7,122.888,9.01e+00, 18.0, -  , - 
7409,143756,16122019,25092023 085948, 560, 42165.3,  1.002, 34.451,0.025226,353.3,314.114,1.00e-02, 18.3,51.1, - 
7410,143757,05042022,26092023 014331,   3, 42156.4,  2.334, 88.346,0.028650,359.8,176.963,2.69e+00, 17.4, 0.6,108
7411,143758,27042022,26092023 040825,  40, 41984.5,  6.216,100.401,0.269688,  0.2, 99.184,9.87e+00, 15.9,17.7, - 
7412,143759,29042022,25092023 235228, 245, 42142.5,  5.575, 93.440,0.272199,  0.1, 62.916,7.56e+00, 17.0, -  , - 
7413,143760,22072022,26092023 012233,   5, 42193.9,  2.937, 88.550,0.024986,359.9, 80.167,5.44e+00, 16.7, 0.7,123
7414,143761,01082022,26092023 111135,   0, 42195.0,  3.211, 86.239,0.021358,359.8,246.789,6.42e+00, 17.3, 0.2, 29
7415,143762,29072022,26092023 144959, 387, 42156.5,  3.183, 84.854,0.102376,359.7,112.129,7.01e+00, 17.3, -  , - 
7416,143763,27082022,25092023 163756, 212, 42169.6, 14.219,326.075,0.149777,359.6,203.104,6.56e+00, 17.4, 6.7, - 
7417,143764,03092022,25092023 173941, 357, 42137.1, 13.961, 69.793,0.234473,359.8,182.779,2.33e+01, 18.2,38.4, - 
7418,143765,30082022,25092023 114343,   1, 42182.1,  4.540, 82.261,0.015051,359.7,159.335,3.63e+00, 17.0, 0.1, 10
7419,143766,03092022,26092023 043405,  33, 42159.1,  3.823, 85.414,0.079048,359.8,144.555,6.67e+00, 16.5,10.7, - 
7420,143767,06092022,26092023 111959,  56, 42151.4,  5.658, 81.118,0.042451,359.8,326.322,8.72e+00, 15.5, 2.6,471
7421,143768,22092022,25092023 211410, 121, 42166.8,  8.012,306.982,0.396381,359.5, 30.060,4.34e+00, 17.7,14.3, - 
7422,143769,15102022,25092023 204446,   2, 42120.3,  0.839, 93.451,0.238132,  0.5,133.413,1.10e+01, 14.3, 0.4, 64
7423,143770,16122022,25092023 215049, 228, 42151.5,  3.575, 83.028,0.088952,359.7,164.474,5.88e+00, 16.0,21.3, - 
7424,143771,12012023,25092023 202905, 151, 42142.8, 13.849, 42.344,0.046823,359.6,134.402,2.66e+00, 17.2,23.9, - 
7425,143772,24012023,26092023 000034, 217, 42130.2,  2.373,102.143,0.263501,  0.7,  5.649,6.92e+00, 17.8,48.0, - 
7426,143773,30012023,25092023 081430, 164, 42372.0,  5.838,316.992,0.405048,359.1,278.961,1.90e+01, 17.5,19.2, - 
7427,143774,31012023,26092023 073847, 163, 42018.1,  7.034, 74.984,0.458134,359.7, 39.143,1.88e+01, 17.8,13.9, - 
7428,143775,15022023,26092023 073607,   0, 42165.6,  4.884, 81.729,0.039168,359.7,217.030,5.19e+00, 16.6, 0.1,  7
7429,143776,14042023,26092023 065615,   2, 42124.0,  1.540,146.626,0.304142,  4.2, 35.937,1.08e+01, 15.7, 0.1, 24
7430,143777,19042023,26092023 045108, 153, 42180.2,  6.231,283.720,0.347668,359.7,194.523,5.73e+00, 18.1,44.7, - 
7431,143778,15062023,25092023 075424,  48, 42138.1,  1.467,116.316,0.232788,  2.4, 74.939,8.52e+00, 16.2, 9.4, - 
7432,143779,24062023,25092023 165943,  91, 42154.9,  3.811,349.467,0.191403,358.1,290.283,4.29e+00, 17.4,13.3, - 
7433,143780,11072023,25092023 170307,  17, 42251.4,  9.285,308.088,0.159144,359.5,314.923,2.48e-01, 17.0, 1.4,185
7434,143781,05082023,25092023 224553,  38, 42175.0,  4.452, 87.834,0.077747,359.9, 16.719,1.04e+01, 16.9, 3.5,580
7435,143782,07092023,26092023 023851,   1, 42154.1,  2.403, 87.615,0.018016,359.8, 62.594,1.05e+01, 17.1, 0.1, 18
7436,143783,19092023,26092023 051559,   6, 42159.4,  1.112, 96.998,0.100762,  0.8,124.333,9.15e+00, 17.0,16.7, - 
7437,143784,20092023,25092023 072739,   1, 42151.2,  6.317, 73.976,0.076384,359.6,181.173,1.19e+01, 17.0, 0.1, 20
7438,143785,20092023,25092023 212211,   4, 42155.3,  7.455,297.365,0.008272,359.6,307.552,4.46e+00, 16.7, 0.2, 41
7439,143786,20092023,25092023 205526,   3, 42180.3, 13.961, 13.827,0.006265,359.5, 89.094,1.27e-01, 17.4, 0.2, 23
7440,143800,19091993,26092023 001554,   0, 42209.4,  9.567, 21.194,0.149563,359.3, 44.621,2.25e-02, 10.8, 0.1,  1
7441,143803,16122011,25092023 184608,   1, 42202.5, 12.328,338.000,0.020754,359.4,215.998,2.06e-01, 13.4, 0.1,  4
7442,143804,12122012,26092023 130959,   0, 42184.8,  5.967,215.173,0.178591,  1.0,353.138,2.93e+00, 16.2, 0.1,  3
7443,143805,09072013,25092023 090853,   2, 42197.7,  6.773,287.022,0.083684,359.7,251.661,3.58e-01, 15.2, 0.1, 18
7444,143806,01022014,26092023 200522,2014, 43352.1, 25.273,354.252,0.451786,359.7, 86.691,1.00e+01, 16.0, -  , - 
7445,143807,20102014,25092023 100810, 875, 42450.3, 31.330,336.492,0.347634,359.8,222.622,2.03e+01, 16.6, -  , - 
7446,143809,20082016,26092023 022617,   0, 42197.7,  1.733, 90.429,0.000210,360.0,126.865,9.11e-03, 13.5, 0.1,  1
7447,143811,17082017,26092023 075312, 159, 42208.7,  7.897,295.496,0.009444,359.6,186.229,1.84e-01, 17.6, 8.1, - 
7448,143814,20092017,26092023 053617, 212, 42183.4,  6.347,286.660,0.006785,359.7,291.170,1.00e+00, 18.4,12.2, - 
7449,143815,14112017,26092023 054727,1233, 42215.8,  7.505,303.375,0.016345,359.5,228.744,8.33e-01, 17.4,31.3, - 
7450,143817,06032018,25092023 084914,  10, 42229.3,  1.719,252.569,0.034816,  1.3,202.535,2.08e-01, 16.3, 0.3, 55
7451,143818,08032018,25092023 194409, 512, 42202.2,  7.840,295.032,0.040789,359.6,293.051,5.48e-03, 18.4, 1.1,148
7452,143820,14102018,26092023 025329,  99, 42217.4,  9.076,308.716,0.011925,359.5,351.600,1.26e+00, 17.6, 7.8, - 
7453,143821,09112018,26092023 015749,   0, 42206.5,  2.027,320.430,0.015682,357.3,  5.956,1.16e-02, 15.6, 0.1,  2
7454,143822,06012019,25092023 201719,   0, 41328.4, 22.625,  7.979,0.335650,359.7,191.844,1.73e+01, 13.2, 0.1, 13
7455,143823,13012019,25092023 234553,   3, 42204.3,  5.597,285.360,0.002410,359.7,333.865,6.43e-03, 17.7, 0.4, 23
7456,143824,28022019,26092023 001108,   5, 42296.6,  8.069,296.327,0.004034,359.6,185.873,6.73e-02, 17.4, 0.1, 19
7457,143825,09032019,26092023 004838,   3, 42134.3,  7.750, 73.732,0.051022,359.7, 68.102,5.20e+00, 17.4, 2.1,375
7458,143828,07082019,26092023 060815,   9, 42134.0,  8.040, 12.672,0.099772,359.1, 97.950,1.06e+01, 17.0, 1.5,267
7459,143829,02032020,26092023 112241, 152, 42647.2, 29.727, 43.830,0.617016,359.8,136.008,2.75e+01, 16.3, -  , - 
7460,143832,09032021,26092023 101721, 856, 42201.0,  2.573,308.787,0.025458,358.3, 64.942,2.36e-01, 18.3,25.2, - 
7461,143833,10092021,25092023 191831, 591, 42217.9, 10.594, 73.456,0.214632,359.8,  7.312,1.26e+01, 17.3,43.1, - 
7462,143834,30082022,26092023 105104,   0, 42163.2,  6.343, 80.224,0.063986,359.8,114.198,1.13e+01, 14.5, 0.1,  7
7463,143835,14102022,26092023 090213, 132, 42216.6,  1.587,  3.157,0.017281,355.3,265.051,7.56e-01, 17.7, 6.7,700
7464,143836,18102022,26092023 043019,  21, 42204.8, 14.841,  7.177,0.002264,359.5,237.110,4.49e-01, 16.9, 0.6, 51
7465,143837,01022023,25092023 064306, 153, 42190.8,  6.442,285.916,0.024371,359.7,265.952,1.02e+00, 17.7, 1.2,196
7466,143838,29032023,25092023 180124, 169, 42190.6,  3.792, 62.154,0.264768,359.0, 67.991,1.24e+00, 17.9,62.9, - 
7467,143839,22022023,25092023 102049, 101, 42208.4, 14.599,  0.674,0.012877,359.5,156.343,4.63e-01, 17.9, 0.3, 39
7468,143840,27082023,26092023 064648,   5, 42181.7,  4.778, 81.573,0.051761,359.7,170.964,8.85e+00, 15.7, 5.1,932
7469,143841,11092023,25092023 210221,   1, 42209.3,  2.070,320.036,0.016619,357.4, 38.462,1.46e-01, 17.8, 0.1,  4
7470,143900,07082007,26092023 165924,   3, 42245.1,  9.225,308.359,0.002771,359.5,137.367,6.02e-03, 16.2, 0.1,  7
7471,143902,07102005,26092023 033556, 189, 42289.4,  1.924,239.044,0.069197,  2.0,324.387,2.30e+00, 16.9,19.7, - 
7472,143903,07052008,25092023 095249,  49, 42195.4, 21.091, 12.880,0.233436,359.6,202.789,1.29e+01, 16.5, 4.6,672
7473,143904,27092011,25092023 173104,   2, 42216.4,  9.048,308.815,0.004834,359.5, 11.321,3.65e-01, 18.1, 0.1, 18
7474,143906,07102005,25092023 115042,   7, 42163.5,  7.907,295.357,0.007239,359.6,169.262,1.60e-01, 16.8, 0.4, 38
7475,143908,10012013,25092023 090504, 101, 42186.6, 13.680, 27.720,0.109950,359.5,189.472,4.81e+00, 16.9,58.6, - 
7476,143910,17102015,26092023 124138, 196, 42266.7, 11.663,309.201,0.353563,359.6,297.818,1.05e+00, 18.0,19.4, - 
7477,143912,10022016,26092023 151205,1244, 42226.3, 14.325,343.220,0.069106,359.5,332.479,4.37e+00, 16.8,92.3, - 
7478,143913,27102016,26092023 115413, 396, 42357.3, 33.393,334.452,0.123494,359.8,118.863,2.88e+01, 18.2,62.3, - 
7479,143914,28022017,26092023 035238,   0, 42239.4,  1.875, 14.555,0.023326,356.0,266.488,1.18e+00, 17.1, 0.1,  5
7480,143915,31082017,26092023 050747,2198, 42213.9,  7.488, 73.994,0.007295,359.7,225.881,5.35e+00, 17.5, -  , - 
7481,143916,14102017,26092023 101305,   1, 36862.0,  6.473,160.219,0.286583,  1.1, 49.422,1.46e+01, 16.8, 0.1, 27
7482,143917,26012018,25092023 230723,  51, 42235.9,  7.871,295.555,0.011951,359.6,227.958,1.53e+00, 17.6,11.9, - 
7483,143919,11032018,26092023 012428,1784, 42238.1, 10.139,314.339,0.007244,359.5,302.850,3.81e-01, 18.3, 5.3,862
7484,143920,13032018,25092023 060909, 154, 42223.6,  2.144,318.665,0.020009,357.5,354.420,1.61e-01, 17.6, 7.0, - 
7485,143921,11062018,25092023 200101,   2, 42217.0,  2.424, 90.502,0.008350,360.0,295.072,1.16e-02, 14.5, 0.1,  1
7486,143922,09102018,25092023 074147, 326, 42251.2,  2.734, 16.646,0.186852,357.3,265.258,1.43e+00, 17.3,19.6, - 
7487,143923,01112018,25092023 142402,1722, 42280.1, 17.752,311.480,0.382594,359.7,231.756,4.21e+01, 16.0, -  , - 
7488,143925,16022020,26092023 124032,  95, 41903.5,  2.892, 96.422,0.167588,  0.3, 75.587,8.93e+00, 16.2, -  , - 
7489,143927,20042020,26092023 084850, 846, 42170.2,  6.616, 82.639,0.247650,359.8,103.247,8.89e+00, 17.1, -  , - 
7490,143928,14082020,25092023 165833,   2, 42031.7, 10.351, 11.168,0.447829,359.3,236.099,1.19e+01, 16.7, 0.5, 92
7491,143929,16102021,25092023 081348,  44, 42222.5, 14.376,350.601,0.022688,359.5,203.923,3.44e-01, 17.2, 0.9,170
7492,143930,15102021,25092023 235329,  11, 42220.5,  8.189,295.183,0.013095,359.6,189.761,1.26e-01, 17.1, 0.6, 61
7493,143931,01092022,25092023 232947,   0, 42236.4,  8.793,311.867,0.011023,359.4,218.788,2.15e-01, 16.9, 0.2, 17
7494,143932,16012023,25092023 220846, 247, 42225.3, 10.902,110.156,0.568774,  0.2,108.590,2.60e+00, 17.1, -  , - 
7495,143933,11042023,26092023 174800, 108, 42221.1, 10.962, 65.741,0.180416,359.7,143.065,1.45e+01, 16.2, 7.1, - 
7496,143934,15042023,25092023 194232, 159, 42253.7, 15.700, 44.344,0.218690,359.6,117.634,1.40e+01, 16.9, -  , - 
7497,143935,26042023,26092023 043012,   0, 42236.8,  1.733,  6.957,0.033817,355.7,218.414,1.14e+00, 17.4, 0.1,  3
7498,143936,21082023,25092023 180602,  33, 42221.7, 12.860,322.702,0.318159,359.5,249.759,7.46e+00, 17.0,75.0, - 
7499,144000,12031997,25092023 211237,   1, 42246.9, 14.450,349.768,0.006048,359.5, 83.120,1.76e-02, 13.3, 0.1,  1
7500,144001,06082007,25092023 102125, 197, 42233.8,  1.951,239.896,0.042631,  1.9,324.810,4.26e+00, 16.9, 6.4,979
7501,144002,27062006,26092023 052407, 123, 42418.7, 15.587,  6.797,0.069296,359.5,216.988,3.13e+00, 16.8,14.4, - 
7502,144003,23112009,25092023 210939,   1, 42259.1,  9.346,308.026,0.006107,359.5, 39.969,9.69e-03, 16.2, 0.3, 20
7503,144004,25022011,25092023 182618,  37, 42287.8,  7.205, 29.467,0.056430,359.1, 17.140,7.07e+00, 17.0, 4.1,667
7504,144005,15082012,26092023 085442, 261, 40338.6, 14.167,355.085,0.803264,359.5,173.284,4.31e+00, 13.1, -  , - 
7505,144006,27112006,26092023 143232,   2, 42277.2,  4.499,  0.130,0.053146,358.3,185.587,4.41e+00, 16.4, 0.4, 27
7506,144007,08012013,25092023 215252,   1, 42249.0,  7.435,290.117,0.096588,359.7,284.239,1.08e+00, 17.1, 0.1, 20
7507,144008,30082013,26092023 021332,   5, 42211.3, 13.725, 11.359,0.247886,359.5,163.856,9.13e+00, 15.7, 0.2, 39
7508,144009,18082014,25092023 151708, 123, 42208.6, 10.784, 69.947,0.086786,359.7, 50.321,8.25e+00, 16.5, 4.9,856
7509,144011,02022016,26092023 081325,  48, 42419.8, 27.287,  6.019,0.041475,359.7,238.092,1.04e+01, 15.8, 2.9,436
7510,144012,24062016,25092023 231850,   3, 42279.0,  3.995, 15.747,0.312725,358.2,182.230,3.23e+00, 16.8, 0.1, 11
7511,144014,22112016,25092023 161524, 316, 42299.3, 26.330,332.423,0.310914,359.7,204.593,1.38e+01, 16.9,87.1, - 
7512,144015,24052017,26092023 025208, 134, 41872.4, 19.939, 17.088,0.451823,359.6,149.433,1.38e+01, 16.4, -  , - 
7513,144017,25102017,26092023 103258,  72, 42294.1,  9.452,308.005,0.015412,359.5,309.151,3.41e-01, 17.1, 6.9, - 
7514,144018,21012018,25092023 112822, 151, 42254.4,  7.087,288.610,0.007559,359.7,104.793,6.83e-03, 17.6, 2.6,254
7515,144019,12022018,26092023 041205,   1, 42528.7,  8.938, 88.391,0.498368,360.0, 71.219,1.97e+01, 16.6, 0.3, 50
7516,144023,14032019,25092023 141614,  11, 41904.4, 13.999, 59.112,0.385823,359.7,163.871,1.06e+01, 13.0,14.4, - 
7517,144024,30082019,25092023 135419,   1, 42248.6,  2.643,243.613,0.097415,  1.3,297.849,4.33e+00, 15.4, 0.1,  4
7518,144025,01042022,25092023 223738,   1, 42251.5, 14.170, 10.521,0.007207,359.5,249.400,3.54e-01, 17.8, 0.2, 12
7519,144026,13122017,26092023 020644, 180, 42273.5,  6.806, 77.080,0.103867,359.7, 93.965,3.27e+00, 17.7,39.9, - 
7520,144027,07062022,26092023 083036, 120, 42241.3,  4.932,285.222,0.052153,359.6,301.717,6.26e+00, 17.2,30.5, - 
7521,144028,25082022,26092023 041422, 157, 42256.5, 13.318,326.068,0.072900,359.5,198.357,5.26e+00, 17.5, 5.3,684
7522,144029,20102022,25092023 220406,  10, 42239.8,  6.659,287.767,0.006592,359.7,  6.967,4.88e-02, 17.8, 0.2, 25
7523,144030,23032023,26092023 151155, 182, 42253.9,  9.047,309.646,0.014073,359.5, 57.597,3.49e-01, 17.6,20.7, - 
7524,144031,15062023,26092023 114452, 100, 42234.8, 13.146,  7.872,0.039487,359.4,249.567,5.08e-01, 17.8,15.9, - 
7525,144032,18092023,25092023 092532,   3, 42168.7,  0.782, 90.330,0.394429,359.9,168.308,2.94e+01, 16.8,10.2, - 
7526,144100,26032006,26092023 172059,   1, 42271.3, 11.995, 23.487,0.000686,359.4, 21.526,1.00e-02, 13.6, 0.1,  1
7527,144101,15032005,25092023 145646,   3, 42280.8,  8.046,296.159,0.003446,359.6,169.533,1.29e-02, 16.3, 0.1,  9
7528,144102,28102008,25092023 072115, 196, 42254.8,  2.320,323.756,0.094938,357.5,253.483,1.39e-01, 17.8, 3.9,708
7529,144103,30112008,25092023 174242, 152, 42063.9,  5.140,262.886,0.071578,  0.2,197.078,5.41e+00, 16.7,35.3, - 
7530,144104,28092011,26092023 125628,  36, 42270.1,  7.902,296.079,0.004910,359.6,108.170,5.17e-02, 17.2, 0.9, 91
7531,144105,15082017,25092023 080549,2082, 42302.1, 12.217, 59.862,0.207103,359.7, 41.019,6.42e+00, 17.0,67.3, - 
7532,144108,10082015,25092023 210603,   0, 42248.0,  6.260,287.651,0.037402,359.7,263.535,1.93e+00, 16.9, 0.1,  4
7533,144109,09092015,26092023 055352, 223, 42268.8,  9.212,306.860,0.006698,359.5,187.049,2.46e-01, 16.8,16.4,741
7534,144110,23092015,25092023 164232, 121, 42534.0, 16.466, 25.935,0.305803,359.6,212.055,1.35e+01, 16.4,26.0, - 
7535,144113,17112015,25092023 110022, 123, 42231.7, 12.864,336.523,0.014145,359.5,182.749,5.59e-01, 17.8, 9.3, - 
7536,144114,18112016,26092023 140017, 356, 42236.7, 10.908,337.893,0.138233,359.4,161.243,9.30e+00, 17.0,31.4, - 
7537,144115,24032017,25092023 201256,   9, 42261.6,  6.264,284.408,0.038704,359.7,269.077,1.53e+00, 17.3, 0.5, 48
7538,144116,25032017,26092023 005925, 390, 42256.6, 10.987,311.463,0.485652,359.6,264.025,1.28e+01, 15.1,93.7, - 
7539,144119,16052018,25092023 164520, 196, 42032.8, 17.490,351.563,0.178573,359.6,151.198,7.08e+00, 17.2,11.2, - 
7540,144120,09082018,26092023 000520,  29, 42298.5, 12.599,344.700,0.061259,359.4, 74.191,1.07e+01, 17.2, 7.4, - 
7541,144121,06112018,26092023 110131, 105, 42194.9, 19.194, 14.200,0.166669,359.6,187.231,7.54e+00, 17.6, 3.9,662
7542,144129,11122020,26092023 160345,   0, 42165.3,  5.519,297.250,0.004772,359.4,185.836,1.00e-02,  8.6, 0.1,  1
7543,144130,14092021,26092023 131700, 731, 42270.7,  9.904,286.078,0.153392,359.8,288.952,8.59e+00, 16.7, -  , - 
7544,144131,11102021,25092023 185505, 249, 41833.1, 39.185,  2.274,0.789709,359.8,193.814,4.75e+01, 16.5, -  , - 
7545,144132,29042022,25092023 203920,   3, 42268.8,  0.678,321.588,0.102176,352.4,278.215,6.98e+00, 17.7, 0.7,134
7546,144133,24042022,25092023 212506, 514, 42265.5,  8.492,307.143,0.046245,359.5, 45.487,2.05e+00, 18.0, -  , - 
7547,144134,21122022,25092023 160357, 132, 42273.2,  0.182,349.395,0.150686,328.2,159.601,4.20e+00, 17.3,11.7, - 
7548,144200,09052004,26092023 142015,   1, 42289.4, 10.854, 33.107,0.000658,359.4, 37.598,1.00e-02, 13.6, 0.1,  1
7549,144201,15121998,26092023 053416,   0, 42289.7,  3.195,268.146,0.000455,  0.1,345.174,1.38e-02, 12.8, 0.1,  1
7550,144202,14101985,25092023 174307,   0, 42297.6, 14.398,323.389,0.012216,359.6, 27.272,4.35e-02,  9.9, 0.1,  1
7551,144204,16122011,25092023 081338,   1, 42133.8, 15.669,  7.173,0.051279,359.5,157.461,3.04e+00, 13.9, 0.1,  5
7552,144205,05052008,25092023 170451,   1, 42486.3, 23.760,338.010,0.263425,359.7,190.856,1.50e+01, 15.9, 0.1, 15
7553,144208,08082011,25092023 165942,   1, 42317.8,  3.244,301.881,0.095942,358.8,221.869,5.82e+00, 16.4, 0.1,  5
7554,144209,14062012,25092023 194109, 255, 42292.9,  2.138,321.379,0.040123,357.4,350.663,1.69e-01, 16.9, 6.9,990
7555,144210,04102012,26092023 002007, 219, 42290.1,  8.162,296.130,0.004967,359.6,235.386,1.16e-02, 17.9, 1.8,151
7556,144211,18102012,25092023 212423,   4, 42275.6,  0.045, 46.501,0.233231,241.9, 85.099,5.88e+00, 16.5, 0.5, 89
7557,144212,16012013,26092023 021329,  72, 42256.3,  3.919,259.954,0.103533,  0.4,277.701,3.88e+00, 17.1, 1.6,298
7558,144215,18112015,26092023 050840,  41, 42305.1,  9.345,308.845,0.004962,359.5,115.048,1.29e-01, 17.5, 0.4, 75
7559,144217,08032016,26092023 013831, 995, 42396.9, 11.012,340.995,0.082353,359.4,202.358,1.02e+01, 17.2, -  , - 
7560,144218,10092016,26092023 052237, 339, 42288.6,  6.973,286.058,0.024216,359.7,347.975,1.20e+00, 17.7,23.2, - 
7561,144219,30102016,25092023 222436,   2, 42326.4, 12.203,330.613,0.163852,359.5,218.492,7.02e+00, 16.8, 0.7, 90
7562,144221,04082017,26092023 150443,   6, 42300.1,  9.500,307.721,0.003645,359.5,106.707,3.56e-02, 17.4, 0.1, 15
7563,144222,14112017,26092023 085155, 330, 42329.7,  1.927,297.871,0.039690,358.3,292.450,2.30e+00, 17.2,33.7, - 
7564,144223,07122017,25092023 184003, 251, 42330.6, 14.472, 35.965,0.338067,359.6,166.937,4.08e+00, 16.8,90.9, - 
7565,144225,06032018,26092023 162426,  70, 42322.4,  1.628, 19.232,0.213770,355.5,201.440,8.41e+00, 17.2,11.2, - 
7566,144226,09042018,25092023 201301,1144, 42256.5,  2.859, 62.741,0.198415,358.7,134.455,5.20e+00, 14.5, -  , - 
7567,144227,15072018,25092023 220226, 302, 42231.4, 18.868, 75.702,0.389979,359.9, 55.039,8.42e+00, 16.8, -  , - 
7568,144231,10122020,26092023 034719,  83, 42290.6,  1.924,239.196,0.067066,  1.9,324.451,2.66e+00, 17.2, 1.4,261
7569,144232,12112021,26092023 020122,  37, 42252.8,  9.279,308.113,0.004418,359.5,354.696,1.41e-01, 17.6, 0.6,100
7570,144233,30042022,26092023 080233, 190, 42475.0,  9.513, 93.234,0.752054,  0.0, 98.441,3.16e+01, 16.8,26.5, - 
7571,144234,03092022,25092023 225836, 161, 42282.5, 10.814, 32.988,0.018489,359.4,310.243,1.04e-02, 17.2,15.1, - 
7572,144235,17102022,25092023 153958,  68, 42314.1,  3.602, 96.980,0.119549,  0.2, 88.973,6.12e+00, 16.6,16.6, - 
7573,144236,24032023,26092023 030337,  37, 42276.5,  3.435, 89.899,0.104764,360.0, 53.384,7.49e+00, 16.9, 1.9,259
7574,144237,18042023,25092023 203357, 151, 42296.1, 12.251,331.763,0.006333,359.5,317.597,7.01e-02, 18.0, 3.2,584
7575,144238,22062023,25092023 105324,   0, 42305.5,  3.748,239.826,0.006853,  1.0,206.990,1.00e-02,  8.3, 0.1,  1
7576,144239,09092023,25092023 193349,   4, 42309.6,  5.823, 82.142,0.117080,359.8,168.728,1.22e+01, 14.0, 2.4,431
7577,144240,18092023,25092023 162831,   3, 42246.9,  4.767,342.192,0.745618,358.5,215.033,1.54e+01, 16.7, 0.3, 50
7578,144300,13032005,26092023 082322,   0, 42302.5,  2.063,275.267,0.000719,359.7,331.518,1.65e-02, 13.2, 0.1,  1
7579,144301,18082007,26092023 031254,  29, 42308.3,  3.817,257.066,0.087213,  0.5,319.220,3.99e+00, 15.3, 0.9,143
7580,144303,21112011,26092023 003748,   0, 42302.4,  2.328,  9.615,0.040261,356.8,275.114,1.94e+00, 16.5, 0.1,  4
7581,144304,09092013,25092023 214858, 658, 42252.1,  8.930, 56.935,0.023411,359.5, 86.199,6.03e-01, 12.1,18.9, - 
7582,144306,05092016,26092023 040513,  10, 42279.3,  7.760,291.332,0.059465,359.7,282.268,9.49e-01, 16.8, 1.6,238
7583,144310,30092017,25092023 220057,  92, 42237.9, 18.124, 65.960,0.385980,359.8,144.769,3.35e+01, 15.9,16.1, - 
7584,144311,16042018,25092023 121627,   6, 42041.5, 25.104, 13.257,0.330733,359.7,152.904,3.31e+01, 15.6, 1.0,175
7585,144313,04022019,26092023 155840, 372, 42313.1,  9.052,307.977,0.011003,359.5,  1.831,6.83e-02, 18.3,18.1, - 
7586,144314,04082019,25092023 203301,1101, 42234.1,  2.718,283.999,0.652868,359.4,340.343,7.44e+00, 17.2, -  , - 
7587,144316,04082022,25092023 065309,  31, 42316.3,  7.284,303.050,0.058973,359.5,312.026,3.92e+00, 17.1, 8.0, - 
7588,144317,20042023,26092023 013529, 100, 42247.0,  0.659,101.276,0.246793,  2.6,109.297,9.70e+00, 17.3, 7.6, - 
7589,144318,25082023,25092023 221814,  29, 42309.0, 12.965,328.131,0.130294,359.5,170.212,8.32e+00, 17.4,74.6, - 
7590,144400,14032001,25092023 115038,   1, 42323.2, 12.575, 19.431,0.000816,359.4,131.353,1.00e-02, 13.5, 0.1,  1
7591,144401,22052001,26092023 013447,   0, 42331.6,  5.525,  4.242,0.134607,358.6,116.057,6.63e-03, 13.1, 0.1,  1
7592,144402,18062004,26092023 033058,   0, 42322.2, 13.001, 18.520,0.018469,359.4,169.910,1.34e+00, 12.3, 0.1,  2
7593,144403,24062006,26092023 175002,   3, 42327.2,  1.794,  7.543,0.042923,355.8,292.591,9.91e-01, 16.8, 0.1, 15
7594,144404,04062008,25092023 192918,1300, 42427.2, 14.648, 12.104,0.101045,359.5,158.152,6.98e+00, 19.0, -  , - 
7595,144406,09022011,25092023 113337,  73, 42329.5,  9.800,306.561,0.002966,359.6, 84.073,2.59e-02, 16.6, 1.3,170
7596,144407,13072010,25092023 223929,4797, 42434.3, 20.868, 14.557,0.347355,359.6,223.086,7.67e+00, 14.8, -  , - 
7597,144408,11102012,26092023 032029, 185, 42335.0,  6.745,288.150,0.033764,359.7,323.160,1.73e-01, 17.7, 5.1,653
7598,144409,10112013,26092023 050648,   0, 42355.5,  4.284, 10.571,0.057915,358.3,103.803,2.46e+00, 16.6, 0.1,  9
7599,144410,02092014,26092023 162839,   1, 42693.2,  5.530,315.715,0.108929,359.1,134.336,4.53e+00, 16.4, 0.4, 62
7600,144411,15062015,26092023 181803, 282, 42196.1, 10.493, 53.013,0.068965,359.6, 69.079,3.78e+00, 17.4,38.7, - 
7601,144412,14052016,26092023 105346, 302, 42274.5,  5.082, 59.370,0.125691,359.2, 78.050,7.72e+00, 18.0,12.2, - 
7602,144413,24012017,26092023 120116,  58, 42358.3, 12.292,328.197,0.132300,359.5,215.940,9.94e+00, 16.6, 2.8,481
7603,144415,13082017,26092023 021359,2125, 42445.0, 24.198,348.956,0.309670,359.7,162.258,3.08e+01, 13.2, -  , - 
7604,144417,18092017,25092023 075750, 486, 42285.0,  5.163,  6.130,0.066956,358.5,215.072,4.55e+00, 17.9,31.2, - 
7605,144418,20112017,26092023 030754,2103, 42309.2, 17.387, 56.545,0.171744,359.8,144.409,1.09e+01, 17.2, -  , - 
7606,144419,11032018,25092023 200637,   2, 42307.9,  6.843,305.476,0.153690,359.4,275.115,4.33e+00, 17.3, 0.3, 57
7607,144420,15032018,25092023 143014, 472, 42310.5,  3.020,335.866,0.038962,357.8,291.632,2.45e+00, 18.2,22.0, - 
7608,144421,17062018,26092023 014136,  65, 42167.0,  4.562, 76.319,0.199397,359.6,201.282,1.07e+01, 15.0,20.1, - 
7609,144422,16022020,26092023 050038, 491, 42291.7, 38.031,351.555,0.203955,359.8,105.573,3.05e+01, 16.7,85.1, - 
7610,144423,25122019,26092023 100807, 198, 42112.8,  4.724, 94.511,0.180774,  0.1, 56.405,2.61e+00, 17.2,39.9, - 
7611,144424,27032020,25092023 103134,   1, 42167.9,  4.729,299.948,0.004520,359.2,  5.896,1.00e-02, 11.8, 0.1,  1
7612,144425,05112021,26092023 011004, 161, 42343.5,  8.150,296.265,0.023637,359.6,222.928,5.20e-01, 17.6, 5.3,294
7613,144426,07042022,25092023 174606,  70, 42324.2,  5.765, 17.080,0.186847,358.7,218.137,4.56e+00, 17.5, 5.4,940
7614,144427,03052022,25092023 202316,  33, 42318.1,  6.750,288.381,0.020088,359.7,147.522,4.88e-02, 17.8, 0.1,  2
7615,144428,02072022,25092023 122845, 428, 42333.0,  2.204,315.106,0.150801,357.7,105.598,3.65e+00, 17.5, 8.8, - 
7616,144429,02032023,25092023 105000,   0, 42259.3,  3.360, 67.851,0.000114,359.1,279.534,1.71e-02, 15.3, 0.1,  1
7617,144430,14032023,26092023 033950, 180, 42325.7,  6.540,300.171,0.088003,359.4,180.523,1.71e+00, 17.9,11.0, - 
7618,144431,24032023,26092023 035928, 181, 42334.3,  8.346,296.400,0.017522,359.6,235.023,2.92e-01, 17.3, 3.5,579
7619,144432,19042023,26092023 073217,   0, 42309.3, 15.531, 30.881,0.372160,359.6,127.650,7.15e+00, 17.5, 0.4, 58
7620,144433,07082023,25092023 133653,   1, 42245.0,  9.133,296.482,0.472983,359.6,279.440,1.97e+01, 16.1, 2.4,442
7621,144500,10042002,25092023 231449,   1, 42347.3,  9.287, 23.919,0.145777,359.2,107.942,6.41e-03, 13.0, 0.1,  1
7622,144501,16111998,26092023 132853,   0, 42356.1,  5.244,356.027,0.103113,358.6,109.517,5.93e-03, 13.1, 0.1,  1
7623,144502,03021995,25092023 214207,   0, 42359.7, 12.366,  0.183,0.011290,359.4,331.119,8.83e-03, 11.1, 0.1,  1
7624,144504,05112011,25092023 202648,  50, 42141.5,  7.442,325.406,0.095023,359.2,197.594,3.20e+00, 16.8,10.5, - 
7625,144505,30112000,25092023 180405,   1, 42386.8,  6.049,311.895,0.154381,359.2,193.676,5.15e+00, 17.0, 0.1, 23
7626,144506,05062015,26092023 143445,1477, 42301.7, 13.368, 34.643,0.301810,359.5,160.647,1.01e+01, 16.2, -  , - 
7627,144509,02052016,26092023 170827,  32, 42357.1,  2.660, 43.524,0.204626,357.8,164.636,7.79e+00, 15.7,18.5, - 
7628,144510,18102016,26092023 055312, 402, 42376.6,  1.869, 22.146,0.332411,356.2,236.485,7.08e+00, 16.4, -  , - 
7629,144512,14112017,25092023 223038,   5, 42308.7,  5.873, 77.449,0.013065,359.7,344.185,2.02e+00, 16.3, 0.3, 31
7630,144514,06022019,26092023 000123,1687, 42337.8, 13.499, 64.451,0.116337,359.7,135.831,9.46e+00, 17.9, -  , - 
7631,144515,29082019,26092023 014542,   5, 42339.8,  4.991,267.034,0.121983,  0.1,344.055,2.25e+00, 17.2, 0.3, 24
7632,144518,21012020,26092023 161231, 624, 42159.3, 25.543, 69.278,0.608634,359.9, 94.237,1.75e+01, 18.3, -  , - 
7633,144520,03042020,26092023 123041, 895, 42060.5, 29.744,316.728,0.638204,359.8,200.324,3.04e+01, 14.6, -  , - 
7634,144521,02122021,25092023 112420, 214, 42354.4,  7.563,295.265,0.037229,359.6,269.065,2.05e+00, 17.2, 9.0, - 
7635,144522,04012022,26092023 143956, 622, 42327.1, 23.035, 49.818,0.192428,359.8,153.839,8.04e+00, 17.6, -  , - 
7636,144523,27032022,26092023 161017,  10, 42186.3, 14.609, 23.514,0.131602,359.5,130.607,3.38e+00, 14.3, 2.8,498
7637,144524,04072022,25092023 180200, 444, 42728.9, 31.050, 45.796,0.251159,359.8,156.874,3.74e+01, 17.0,81.6, - 
7638,144525,22122022,25092023 163152, 200, 42343.9,  3.960, 85.978,0.081434,359.8,330.260,6.69e+00, 15.9, 9.3, - 
7639,144526,14092023,25092023 224426,   9, 42381.9, 36.971, 21.374,0.064251,359.8,133.582,2.74e+01, 17.6,81.6, - 
7640,144600,05101999,25092023 163639,   1, 42366.9,  7.351,347.852,0.043874,359.0, 20.794,1.00e-02, 11.3, 0.1,  1
7641,144601,16101995,26092023 144149,   2, 42378.0, 17.867,352.104,0.033320,359.6, 75.987,1.29e-02, 13.2, 0.1,  1
7642,144602,22101975,26092023 041540,   1, 42365.1,  3.388,269.387,0.003004,  0.1, 39.008,9.09e-03, 13.2, 0.1,  3
7643,144603,15082007,25092023 112503,  95, 42360.8,  1.969,333.380,0.058713,356.7,320.860,1.74e-01, 16.7, 4.4,321
7644,144604,18022007,26092023 095503,   2, 42365.8,  8.917,301.097,0.058664,359.6,246.451,2.00e+00, 17.1, 0.3, 25
7645,144605,19022007,26092023 015025,   0, 42373.9, 13.141,337.405,0.006195,359.5,150.742,1.54e-02, 14.1, 0.1,  1
7646,144608,17012013,25092023 201612,   3, 42363.3, 14.375, 11.077,0.024747,359.5,171.571,7.77e-01, 16.8, 0.1,  9
7647,144609,08102009,25092023 220626,2514, 42311.3,  4.950, 34.962,0.026864,358.7,100.811,7.42e+00, 16.4, -  , - 
7648,144610,17122011,26092023 091042, 543, 42342.7,  5.727,285.146,0.055399,359.7,269.058,2.79e+00, 19.0, -  , - 
7649,144611,09012016,25092023 232118,1462, 42342.8,  3.709,286.734,0.375229,359.5,223.510,1.29e+00, 18.0, -  , - 
7650,144613,10102016,25092023 131418,  42, 42289.9,  8.378,302.837,0.104211,359.5,182.874,3.29e+00, 17.4, 2.0,289
7651,144617,09112017,26092023 132523, 220, 42364.6, 14.220, 28.952,0.232444,359.5,120.448,1.08e+01, 16.6,33.5, - 
7652,144619,19012018,25092023 191954, 219, 42396.1,  6.962,287.431,0.071810,359.7,195.407,1.37e+00, 18.0,23.6, - 
7653,144622,06102018,25092023 060921,  74, 42374.9,  9.147,307.710,0.028940,359.5, 64.432,1.31e+00, 17.1, 6.7, - 
7654,144623,26042019,26092023 002934,   4, 42388.4,  2.556,240.180,0.090579,  1.4,308.930,5.36e+00, 14.9, 1.3,223
7655,144625,27042020,26092023 021358,1017, 42282.9, 34.955, 22.695,0.468969,359.8,161.490,1.41e+01, 12.9, -  , - 
7656,144626,01082020,25092023 180106,1139, 42343.8,  8.710, 73.746,0.080880,359.7,152.083,7.69e+00, 16.2, -  , - 
7657,144627,04112021,26092023 031425,   4, 42293.5,  4.580,124.640,0.213587,  0.9,111.287,1.49e+01, 16.7, 0.5, 66
7658,144628,27022023,25092023 114755, 164, 42413.3,  1.916,323.061,0.220320,357.0,297.096,4.59e+00, 16.6, -  , - 
7659,144629,12042023,26092023 042719, 163, 42372.3,  6.851,287.775,0.081955,359.7,150.782,9.18e-01, 17.6,45.0, - 
7660,144630,16082023,25092023 205554,   1, 42347.2, 13.263,324.875,0.086521,359.5,272.051,9.12e+00, 16.4, 0.5, 85
7661,144700,11021999,26092023 061852,   0, 42384.6, 14.263, 11.500,0.002621,359.5,162.094,1.00e-02, 13.6, 0.1,  1
7662,144701,13041980,26092023 005155,   0, 42400.2,  9.082,303.684,0.005718,359.6,275.291,1.00e-02, 13.0, 0.1,  1
7663,144702,12051999,25092023 210332,   0, 42390.3,  5.802,283.334,0.000721,359.7,210.533,1.37e-02, 13.1, 0.1,  1
7664,144703,16091998,26092023 033205,   0, 42399.2,  6.214,354.186,0.104630,358.8, 94.017,5.36e-03, 13.0, 0.1,  1
7665,144704,07082005,25092023 234956,   1, 42408.0,  2.470,327.285,0.019881,357.5, 37.040,1.21e+00, 17.2, 0.1, 12
7666,144705,09032008,25092023 233330,   0, 42385.2,  1.972,333.451,0.021218,356.7,310.661,6.47e-02, 17.3, 0.1,  2
7667,144706,04082005,26092023 101229,2165, 42717.3,  1.708,356.649,0.127834,355.6,112.055,7.06e+00, 17.9,68.4, - 
7668,144707,25112011,25092023 213819, 413, 42381.8,  2.565,306.267,0.101738,358.4, 45.818,1.62e-01, 17.2,12.2, - 
7669,144709,23112017,25092023 222529,  17, 42388.3,  8.411,297.170,0.002989,359.6,306.190,2.12e-02, 17.6, 0.3, 39
7670,144710,09042008,26092023 130328, 164, 42415.9, 15.988,353.576,0.024198,359.5,262.228,1.85e+00, 16.2, 7.4,790
7671,144711,17092015,26092023 084831,2130, 42378.5, 11.966, 59.317,0.054628,359.7,188.745,6.03e+00, 16.4,58.1, - 
7672,144713,03112015,26092023 021911,2881, 42385.9, 11.298,323.320,0.001245,359.5,262.388,1.81e-01, 17.6, -  , - 
7673,144714,28102014,26092023 062917,2160, 42387.0, 13.465, 55.115,0.062665,359.7, 61.974,1.06e+01, 17.5, -  , - 
7674,144715,04122016,26092023 061015, 180, 42244.2, 20.231,316.124,0.276023,359.7,254.605,1.19e+01, 16.9,32.5, - 
7675,144717,17122017,26092023 035918,2044, 42408.4, 22.865, 37.138,0.266189,359.7, 58.883,1.11e+01, 17.6, -  , - 
7676,144718,03022018,25092023 214807,2058, 42387.1,  6.416, 78.331,0.076730,359.7, 42.072,3.10e+00, 12.5,30.0, - 
7677,144719,18022018,25092023 092600, 178, 42383.1,  9.667,307.138,0.001977,359.5,161.037,6.84e-02, 17.5, 5.9,576
7678,144720,20022018,26092023 103143, 165, 41881.2, 34.554,351.188,0.366295,359.8,228.494,3.81e+01, 16.5,50.0, - 
7679,144724,09022022,26092023 113116, 158, 42396.0,  1.561,202.846,0.238876,  4.3,342.843,4.75e+00, 17.6, 7.3,990
7680,144725,19042022,25092023 121139,  44, 42365.2, 11.323,349.878,0.258090,359.3,207.626,1.17e+01, 16.3, 4.5,713
7681,144726,22092022,25092023 211214,   1, 42377.7,  2.466,317.891,0.026771,357.8, 66.876,2.36e-02, 17.6, 0.4, 35
7682,144727,07062022,25092023 222424, 106, 42390.6,  9.662,308.666,0.005177,359.5, 94.869,1.71e-02, 18.0, 0.4, 15
7683,144728,05082023,25092023 212223,  42, 42356.6,  5.802, 79.593,0.110964,359.7,167.317,1.15e+01, 15.9, 3.3,410
7684,144800,03031997,26092023 124709,   0, 42403.3,  7.922,  4.625,0.102585,359.0, 38.733,6.00e-03, 12.8, 0.1,  1
7685,144802,07092011,25092023 202113,   4, 42411.3, 10.105,306.492,0.007565,359.6, 59.783,2.26e-02, 16.8, 0.1, 10
7686,144806,30012016,25092023 110423, 100, 42259.1, 13.090,326.280,0.110806,359.5,270.702,6.36e+00, 16.7,63.8, - 
7687,144808,02082017,25092023 181843, 433, 42496.3, 12.854, 58.597,0.258054,359.7,156.784,7.96e+00, 17.6,64.4, - 
7688,144810,14112017,26092023 040640, 595, 42437.6,  2.352, 19.680,0.127683,356.9,101.213,4.80e+00, 17.7, -  , - 
7689,144811,19022018,26092023 015531, 159, 42357.3, 32.136, 30.391,0.241981,359.8, 97.636,1.63e+01, 17.2,12.9, - 
7690,144812,20022018,26092023 043919,2041, 42411.5,  6.555, 72.314,0.075125,359.6,294.323,6.04e-02, 17.7, 4.5,527
7691,144818,05102019,25092023 174855,   1, 43103.3, 20.908,309.536,0.278174,359.8,270.773,1.23e+01, 16.5, 0.3, 43
7692,144820,18092022,25092023 201932, 214, 42412.0,  9.726,  1.028,0.293998,359.2,174.064,1.13e+01, 17.3,13.1, - 
7693,144821,19012023,26092023 052238, 246, 42277.4, 10.967,330.650,0.346084,359.4,180.452,1.71e+01, 17.5, -  , - 
7694,144822,25012023,26092023 021916,  84, 42406.9,  8.845, 54.947,0.052457,359.5, 97.836,2.14e+00, 14.0,19.4, - 
7695,144824,18082023,26092023 002209,  35, 42401.0, 14.046,323.593,0.232113,359.6,206.496,4.92e+00, 17.0,52.9, - 
7696,144900,12011999,25092023 191100,   1, 42530.3, 14.768,353.794,0.000847,359.5,120.234,1.26e-02, 12.5, 0.1,  1
7697,144901,06082007,25092023 065653,  26, 42437.4,  9.693,309.407,0.008383,359.5, 96.055,1.51e-03, 15.7, 0.3, 61
7698,144902,04122007,26092023 161222,   2, 42449.4,  9.347,309.826,0.032610,359.5,105.125,1.42e+00, 16.4, 0.2, 41
7699,144903,11082005,26092023 002839,2306, 42468.7,  8.799, 71.467,0.108161,359.7,124.671,8.76e+00, 15.6, -  , - 
7700,144904,09062007,25092023 201315,   1, 42433.1,  2.267,324.755,0.025928,357.4,  3.904,3.15e-02, 15.0, 0.1,  2
7701,144905,16052012,26092023 060234,   5, 42419.8,  2.032,332.827,0.039063,356.8,302.926,1.54e-01, 17.0, 0.2, 23
7702,144906,16012013,26092023 054403,  28, 42626.3,  7.171,285.371,0.017577,359.7,215.232,2.96e+00, 16.4, 2.3,409
7703,144908,30112016,25092023 112311, 185, 42405.5,  8.004,300.563,0.116531,359.5, 15.452,1.01e-02, 17.8, 4.6,317
7704,144909,20012018,25092023 201633,2072, 42406.4,  7.118,305.262,0.170594,359.4,162.597,3.20e+00, 18.0,77.0, - 
7705,144910,21022018,25092023 195052,  99, 42426.3,  6.970,288.601,0.056153,359.7,246.296,8.91e-01, 17.4, 5.9,887
7706,144912,15082018,25092023 154728,  29, 42394.1,  3.805, 51.831,0.167329,358.7,207.720,6.56e+00, 17.5, 1.2,170
7707,144914,29102018,26092023 081345, 217, 42245.1, 15.096, 84.207,0.445093,359.9, 81.320,1.67e+01, 16.2, -  , - 
7708,144917,08122021,25092023 155945,   1, 42431.7,  1.850, 90.825,0.001489,360.0, 24.335,5.25e-03, 13.8, 0.1,  2
7709,144918,22032022,26092023 095036,   0, 42411.5,  2.424, 82.688,0.056646,359.5,101.776,1.86e+00, 16.8, 0.1,  5
7710,144920,03052022,26092023 095110, 130, 42457.6,  2.262, 15.191,0.119033,356.7, 76.212,2.40e+00, 17.4,14.8, - 
7711,144921,06112022,26092023 003534, 315, 42459.4, 29.292, 25.355,0.104361,359.8,331.693,1.77e+01, 16.9,25.9, - 
7712,144923,21122022,26092023 154732, 192, 42423.8,  2.389, 82.582,0.043152,359.5, 96.272,1.55e+00, 16.9,41.8, - 
7713,144925,27032023,25092023 145316, 179, 42427.0,  8.134,297.729,0.007250,359.6,142.103,2.33e-01, 17.7,19.5, - 
7714,144926,12092023,25092023 173602,   0, 42429.5,  2.822,267.870,0.046039,  0.1,229.514,3.41e+00, 17.7, 0.1, 14
7715,145000,14011999,26092023 070237,   0, 42454.9, 14.515,349.674,0.000574,359.5, 60.116,1.00e-02, 13.6, 0.1,  1
7716,145001,27092000,25092023 232124,   0, 42454.5,  8.348,294.237,0.095049,359.6,202.770,2.71e-02, 13.4, 0.1,  1
7717,145002,05012005,25092023 091954,1424, 42377.4, 14.967,354.508,0.021690,359.5,186.464,4.52e-01, 17.1,45.6, - 
7718,145003,30052008,25092023 221222,  56, 42335.3,  2.597, 90.840,0.128549,360.0, 98.077,4.05e+00, 16.9, 5.4,988
7719,145004,03082008,26092023 061912,  10, 42448.2,  9.264,300.485,0.034172,359.6,104.813,2.28e+00, 15.8, 0.7, 68
7720,145005,24122011,26092023 032459,  32, 42442.2,  8.655,295.728,0.009779,359.6,186.290,4.48e-01, 17.1, 3.4,235
7721,145006,26032012,26092023 014052,   3, 42442.0,  7.546,325.404,0.043776,359.2, 60.321,2.33e+00, 16.9, 0.8,100
7722,145007,23012013,26092023 035915,1388, 42461.0, 20.401, 19.966,0.057005,359.6, 68.244,7.70e+00, 14.6, -  , - 
7723,145008,11042015,25092023 061629,   1, 42446.4, 13.550, 17.206,0.018273,359.5,148.339,5.31e-01, 16.1, 0.3, 24
7724,145009,04102016,26092023 172436, 161, 42464.6,  9.821,305.500,0.003695,359.6,152.316,1.98e+00, 16.6,25.8, - 
7725,145010,16092017,26092023 134837, 185, 42545.0,  7.841,298.971,0.023220,359.6,226.213,3.79e-01, 17.7, 4.5,803
7726,145013,04032019,26092023 020747, 485, 42433.5,  5.492, 73.063,0.024443,359.6, 61.572,3.16e-01, 16.1,19.7, - 
7727,145017,26082020,26092023 111226,   9, 42351.5,  7.403, 64.075,0.200172,359.5,153.910,8.80e+00, 17.0, 0.4, 72
7728,145018,15092020,26092023 005550,   1, 42413.7,  3.745, 38.829,0.109418,358.4, 25.430,2.25e+00, 17.2, 0.1, 22
7729,145019,31102021,25092023 204354, 145, 42271.8,  9.085,354.504,0.089355,359.2,122.396,9.86e+00, 16.5,36.6, - 
7730,145021,14042023,25092023 113914, 107, 42406.9,  6.964,267.327,0.390837,  0.1,136.632,2.59e+00, 17.5, 2.4,248
7731,145100,22112013,26092023 074700,  41, 42484.1,  7.934,296.887,0.035374,359.6,188.056,3.25e-01, 16.6, 1.4,240
7732,145101,23062008,26092023 040248, 106, 42826.1, 38.095, 17.204,0.665785,359.8,204.875,2.36e+01, 12.2,53.8, - 
7733,145102,30102011,25092023 090128,  51, 42460.2,  9.616,306.551,0.031779,359.5,209.765,6.75e-01, 16.9, 8.0, - 
7734,145103,04022016,25092023 070836,1670, 42455.1, 12.623, 32.173,0.053551,359.5,108.478,3.39e+00, 16.0, -  , - 
7735,145104,25032017,25092023 190129,1274, 42648.5, 18.241, 26.121,0.407642,359.6,119.644,1.93e+01, 16.2, -  , - 
7736,145105,30072017,26092023 150348,  61, 42449.7,  8.538,286.452,0.102477,359.8,190.212,3.09e+00, 16.9,10.8, - 
7737,145106,14092017,26092023 091314, 546, 42483.0, 12.797, 65.905,0.262849,359.7, 61.239,6.75e+00, 17.4, -  , - 
7738,145110,08122021,26092023 082834,  14, 42471.4,  1.857, 90.752,0.013144,360.0,100.635,2.80e-01, 15.9, 0.5, 39
7739,145111,17012023,26092023 002209,  16, 42450.5,  2.999, 78.703,0.064766,359.4, 55.573,1.00e-02, 17.6, 0.3, 15
7740,145112,12012023,25092023 060920,   2, 42307.9,  3.317, 68.228,0.000617,359.1,163.357,1.97e-02, 17.4, 0.3, 18
7741,145113,19122022,26092023 092928,   0, 42509.8,  3.059, 68.511,0.000511,359.0,298.116,2.43e-02, 15.9, 0.1,  1
7742,145114,27052023,26092023 035641, 106, 42460.1, 10.257,303.841,0.023455,359.6,  0.107,1.35e+00, 18.1,43.2, - 
7743,145200,20052007,26092023 140238,   0, 42491.1, 14.344, 11.524,0.000878,359.5, 19.620,1.46e-02, 12.7, 0.1,  1
7744,145201,02062006,26092023 035917,   1, 42494.5,  8.034,298.434,0.012947,359.6,226.427,8.63e-03, 15.9, 0.1,  5
7745,145203,14112010,25092023 192203,   7, 42468.1,  2.315,326.052,0.031416,357.4,331.168,9.50e-02, 16.1, 0.1, 18
7746,145205,30072014,26092023 103539,   0, 42488.7,  2.251, 88.904,0.000104,359.9,  7.719,1.04e-02, 14.5, 0.1,  1
7747,145206,23072014,25092023 221003,  49, 42462.0, 19.135, 36.831,0.104468,359.7, 89.004,8.80e+00, 15.9, 2.7,383
7748,145208,07102016,25092023 191849,   5, 42479.9,  9.277,311.634,0.039364,359.5, 16.528,6.02e-01, 17.0, 0.2, 30
7749,145209,15122016,25092023 110439, 135, 42454.5,  7.970,298.657,0.100748,359.6,199.303,3.13e-01, 16.9, 2.4,380
7750,145210,14082017,25092023 161527,1570, 42196.0, 24.245, 32.065,0.259994,359.7,291.533,2.69e+01, 14.3, -  , - 
7751,145211,15032017,26092023 034325,2385, 42486.5,  5.815, 76.638,0.060247,359.7,195.109,4.56e-01, 17.8,76.1, - 
7752,145212,21022018,25092023 232308,1865, 42485.0,  7.155,290.347,0.004486,359.7,  8.492,2.18e-01, 18.1, 3.1,339
7753,145213,06102018,25092023 080434, 241, 42431.8,  0.924,319.388,0.066263,354.4,196.436,2.80e+00, 17.3,94.2, - 
7754,145214,16112018,26092023 054535,1259, 42490.7, 18.758,353.064,0.257024,359.6,148.512,9.00e+00, 16.6,86.1, - 
7755,145215,07052019,26092023 020047,   2, 42504.3,  7.783, 65.687,0.044783,359.6, 84.224,2.96e+00, 17.7, 0.6,112
7756,145217,27112019,26092023 095225,   4, 43677.2, 18.364,  9.787,0.061617,359.6,216.103,1.65e+01, 17.2, 0.6,108
7757,145218,09032021,25092023 200321, 901, 42439.5, 30.089,  4.857,0.294316,359.7,134.468,1.88e+01, 17.5,75.9, - 
7758,145220,22012022,26092023 173739,   2, 42142.9,  0.259, 94.535,0.000115,  3.7,133.903,1.36e-02, 13.6, 0.1,  1
7759,145221,15072022,25092023 130854, 131, 42544.5,  1.069, 86.749,0.001460,359.4,102.166,2.75e-02, 13.1, -  , 15
7760,145222,24082022,25092023 075407, 208, 42479.0,  8.058,298.727,0.096050,359.6,220.833,3.91e+00, 17.7, 5.5,687
7761,145223,19122022,26092023 093207,   0, 42510.3,  3.058, 68.486,0.000488,359.0,304.627,9.99e-03, 16.5, 0.1,  1
7762,145300,02042003,26092023 152300,   1, 42514.4, 14.516, 10.181,0.000141,359.5,  0.111,1.18e-02, 13.2, 0.1,  1
7763,145301,15112004,25092023 091304,   0, 42511.4, 13.073, 21.305,0.000567,359.5, 99.604,1.30e-02, 12.9, 0.1,  1
7764,145302,07012008,26092023 050447, 268, 42498.3, 14.576,351.890,0.056242,359.5, 81.492,4.52e-01, 17.4, 8.8, - 
7765,145303,30072014,26092023 121219,   0, 43178.2,  2.976, 87.541,0.000558,359.8, 57.310,1.50e-02, 13.7, 0.1,  1
7766,145305,30042017,25092023 121643, 636, 42397.8, 14.878, 24.613,0.408843,359.5,169.957,5.06e+00, 17.2,32.1, - 
7767,145306,21092017,25092023 235855,   1, 43355.6, 31.139,354.191,0.703347,359.7,189.562,4.15e+01, 15.2, 1.1,204
7768,145309,08122021,26092023 045408,   1, 42497.7,  2.378, 89.032,0.043148,359.9,112.878,1.77e+00, 16.0, 0.1, 18
7769,145310,22012022,25092023 183542,   0, 42135.6,  1.270, 92.708,0.000216,  0.2,180.025,1.00e-02, 13.8, 0.1,  1
7770,145311,31012023,25092023 211227, 234, 42502.1,  9.356,316.373,0.087461,359.4,198.875,3.64e+00, 17.7, -  , - 
7771,145312,18042023,25092023 165903, 149, 42475.0, 10.871,333.558,0.329305,359.4,216.037,9.72e+00, 17.8, 9.9, - 
7772,145400,25022005,26092023 043409,   0, 42434.3, 14.789,355.038,0.000593,359.5,151.151,1.32e-02, 13.5, 0.1,  1
7773,145401,18111993,25092023 210646,   0, 42525.0,  9.384,301.440,0.001057,359.6,221.034,1.66e-02, 13.1, 0.1,  1
7774,145402,16012010,26092023 005501,   9, 42524.0,  8.958,298.138,0.009934,359.6,180.752,3.68e-02, 17.1, 0.2, 19
7775,145403,13122013,25092023 233320, 158, 42517.5, 10.185,307.823,0.006243,359.6,110.440,2.17e-02, 17.9, 0.8,130
7776,145405,14052009,26092023 093607,   0, 42477.8, 20.317,  2.947,0.203804,359.6,186.101,5.13e+00, 15.3, 0.2, 20
7777,145406,08022011,26092023 004258,   1, 42518.8,  3.932, 28.905,0.093554,358.3,230.202,2.54e+00, 16.5, 0.3, 53
7778,145407,21092017,26092023 124121,   4, 42532.2, 10.005,308.744,0.020900,359.5, 52.080,8.90e-01, 16.2, 0.5, 88
7779,145410,15022013,25092023 143042, 537, 42569.5,  6.052,285.901,0.133887,359.7,290.182,2.09e+00, 17.2,94.7, - 
7780,145411,20082016,26092023 143800,   2, 42526.5,  6.445, 67.015,0.000554,359.5,335.344,1.05e-02, 11.0, 0.1,  1
7781,145413,16112017,25092023 083518,   4, 42511.9, 14.624, 14.714,0.021605,359.5,145.635,3.35e+00, 15.3, 0.7, 82
7782,145414,16022018,26092023 001252, 153, 42514.7,  7.676,294.944,0.105676,359.6,230.674,1.87e+00, 17.4, 5.3,899
7783,145415,21022018,25092023 102656, 162, 42506.5,  7.788, 68.509,0.197655,359.6, 68.677,4.24e+00, 17.4,24.2, - 
7784,145418,04112018,25092023 181556, 244, 42526.2,  6.313,273.699,0.142413,359.9,210.045,2.29e+00, 17.4, 6.0,985
7785,145421,19112019,25092023 154603, 485, 42524.6, 20.963, 57.172,0.133936,359.8,103.740,4.01e+00, 17.4,86.1, - 
7786,145422,04012020,26092023 011845, 302, 42496.3,  7.293, 75.935,0.131229,359.7, 75.784,1.11e+01, 17.8, -  , - 
7787,145423,20012020,25092023 184611, 864, 42482.9, 10.373, 68.127,0.309172,359.7,131.109,5.76e+00, 17.5, -  , - 
7788,145427,17092020,26092023 004120,   0, 42528.5, 15.261, 19.905,0.165305,359.5,263.340,2.86e+00, 14.2, 0.2, 31
7789,145429,11122020,25092023 191041, 110, 42535.7, 21.709, 37.390,0.565598,359.7,160.795,1.59e+01, 16.3,19.1, - 
7790,145430,08122021,26092023 042412, 145, 42539.7,  1.834, 90.023,0.005731,359.9,162.857,2.70e-01, 18.2, 5.3,893
7791,145431,02072022,25092023 215621,   1, 42166.0,  1.268, 92.592,0.000475,  0.2, 79.368,1.00e-02, 13.1, 0.1,  1
7792,145432,22112022,26092023 055715, 304, 42517.9,  6.561, 72.389,0.035008,359.6,100.244,1.62e+00, 17.4,24.0, - 
7793,145433,19022023,26092023 174406, 212, 42404.0, 22.039, 65.861,0.524482,359.9, 72.408,3.54e+01, 16.8, -  , - 
7794,145500,15011999,26092023 012126,   0, 42541.6, 10.013,312.230,0.000444,359.5,164.012,1.50e-02, 12.9, 0.1,  1
7795,145501,23112006,25092023 073154, 683, 42316.8,  2.843,309.748,0.016179,358.4,346.979,8.42e+00, 17.8, -  , - 
7796,145503,19042017,25092023 223210,   1, 42604.6,  6.970, 66.637,0.001070,359.5,310.028,1.00e-02, 15.0, 0.1,  1
7797,145504,30072014,25092023 210943,   1, 42550.2,  6.936, 66.772,0.000755,359.5,286.157,1.04e-02, 11.1, 0.1,  1
7798,145505,02092013,26092023 104601,   1, 42543.0, 14.634,  9.111,0.000831,359.5,141.494,1.94e-02, 13.3, 0.1,  1
7799,145506,01092014,25092023 230932,   0, 42546.4,  8.516,298.210,0.025903,359.6,224.995,4.55e-01, 17.1, 0.1, 16
7800,145507,14022016,26092023 160113, 165, 42760.5, 15.685,355.997,0.038637,359.5, 80.412,1.60e+00, 17.0,37.8, - 
7801,145508,27042016,25092023 223924,2601, 42575.0, 23.452, 39.058,0.115416,359.7,148.184,1.03e+01, 17.5, -  , - 
7802,145509,08052016,26092023 163116, 109, 42499.8,  9.327, 26.976,0.063000,359.3,180.738,2.85e+00, 17.0,19.9, - 
7803,145510,19052017,25092023 215419,  41, 42531.0,  6.535, 71.315,0.078540,359.6,154.419,2.87e+00, 16.6, 3.3,598
7804,145511,24052017,26092023 051144,1166, 42382.1, 24.603, 45.126,0.502650,359.8,161.955,8.23e+00, 16.2, -  , - 
7805,145512,13022018,25092023 232448,2048, 42500.2, 24.877, 33.205,0.290070,359.7,120.335,2.14e+01, 18.1, -  , - 
7806,145513,18022018,26092023 065115, 149, 42533.6,  9.489, 63.427,0.073104,359.6, 92.938,5.76e+00, 17.0,19.4, - 
7807,145517,09042018,25092023 145422,1983, 42510.1,  9.378, 69.309,0.297248,359.7,112.597,1.17e+01, 17.6, -  , - 
7808,145520,04022019,25092023 105715, 190, 42455.5,  2.300, 59.492,0.271424,358.2,153.919,1.00e+01, 18.0, -  , - 
7809,145527,02072022,25092023 113825,   0, 41912.9,  1.267, 92.731,0.000160,  0.2, 95.081,1.00e-02, 13.2, 0.1,  1
7810,145528,02112022,26092023 111736,  10, 42304.4,  3.347, 67.896,0.000253,359.1,155.006,1.18e-02, 12.8, 0.1,  1
7811,145529,12012023,26092023 082647,   0, 42073.0,  3.158, 67.900,0.000150,359.0,140.462,1.00e-02, 12.8, 0.1,  1
7812,145530,15122022,26092023 034829, 277, 42544.2,  3.733, 86.237,0.068376,359.8,340.586,6.56e+00, 17.8,76.6, - 
7813,145600,23041993,25092023 190739,   1, 42568.5, 13.031,328.768,0.000404,359.5,187.048,1.00e-02, 13.0, 0.1,  1
7814,145601,02022003,26092023 174850,   2, 42571.1,  9.718, 38.610,0.002149,359.4, 87.480,1.27e-02, 13.1, 0.1,  1
7815,145602,26022008,25092023 130559,  21, 42563.7,  9.980, 45.499,0.001240,359.5,113.464,1.00e-02, 15.1, 0.1,  4
7816,145603,07122006,26092023 040731, 647, 42526.8, 14.530, 14.268,0.027019,359.5,186.284,2.64e+00, 15.1, -  , - 
7817,145604,02022016,26092023 121610, 313, 42666.4, 11.165,358.037,0.444751,359.3,230.521,4.71e+00, 17.3, -  , - 
7818,145606,24022017,25092023 213058,   1, 42556.3,  7.356, 13.912,0.246103,359.0,202.655,6.97e+00, 16.7, 0.1, 23
7819,145607,05032017,26092023 013014, 160, 42546.4, 14.416, 51.560,0.143174,359.7, 99.001,8.86e+00, 17.2, 6.9, - 
7820,145608,22072017,25092023 104535,  18, 42578.2,  2.511,329.296,0.023607,357.5,334.992,9.17e-01, 17.5, 0.9,105
7821,145610,14022018,25092023 224723, 544, 42526.9,  7.525, 67.903,0.326693,359.6,126.697,3.70e+00, 17.7, -  , - 
7822,145611,13022018,26092023 011408,1311, 42528.7, 11.890, 61.818,0.103048,359.7,137.590,5.72e+00, 17.4,61.2, - 
7823,145612,15022018,25092023 174721, 187, 42505.0,  8.163, 65.981,0.164470,359.6,115.812,5.95e+00, 17.8,71.3, - 
7824,145613,18022018,26092023 132010,2042, 42505.4, 22.984, 46.160,0.344733,359.8,113.444,1.34e+01, 17.9, -  , - 
7825,145614,12042018,26092023 064428,1981, 42536.8, 16.551, 56.253,0.305011,359.7,128.266,1.04e+01, 18.4, -  , - 
7826,145615,15112018,25092023 135126,   1, 42525.7, 11.101,120.548,0.301409,  0.3,  2.075,1.50e+01, 17.1, 0.1, 21
7827,145616,11012019,25092023 190937,1367, 42565.9,  5.108, 76.487,0.022027,359.6, 87.452,4.36e-01, 17.6,81.6, - 
7828,145618,09082019,25092023 221130,   0, 42566.1,  1.379,268.547,0.026502,  0.2,190.318,1.03e-01, 17.2, 0.1,  8
7829,145621,12102020,26092023 030919,  71, 42421.9,  1.141,258.581,0.303948,  1.3,171.763,3.16e+00, 16.5,19.2, - 
7830,145622,25032021,26092023 160944, 121, 42555.1,  9.661,314.337,0.056357,359.5,207.745,2.50e+00, 17.4, 4.3,754
7831,145623,05042022,25092023 174338,   5, 42577.2,  5.717,285.493,0.070623,359.7,287.491,1.55e+00, 16.8, 1.3,176
7832,145624,29072022,26092023 054729, 421, 42555.5,  7.228, 67.635,0.070343,359.6,162.267,5.70e+00, 17.1, -  , - 
7833,145625,02082022,26092023 034011, 156, 42556.0,  7.692, 72.188,0.243718,359.7,101.226,6.85e+00, 17.4,78.7, - 
7834,145626,27082022,25092023 102639, 180, 42556.3, 10.167,309.002,0.009693,359.5, 82.414,3.36e-02, 17.6, 0.4, 60
7835,145627,02112022,26092023 020101,   1, 42566.7,  3.377, 68.077,0.000255,359.1,166.306,1.20e-02, 14.2, 0.1,  1
7836,145628,29012023,25092023 062531, 159, 42557.0,  8.229,306.421,0.007887,359.5,276.027,3.44e-01, 17.8, 3.3,543
7837,145629,11092023,25092023 222813,   1, 42567.5, 12.051, 10.497,0.000991,359.4,183.425,1.35e-02, 12.9, 0.1,  1
7838,145630,14092023,26092023 160122,   8, 42740.1,  6.932,153.657,0.733817,  1.0,358.644,3.32e+01, 17.3,85.7, - 
7839,145700,23101995,25092023 210628,   0, 42576.0, 10.113,312.716,0.001867,359.5,254.041,1.23e-02, 12.9, 0.1,  1
7840,145701,15032008,25092023 093649,   1, 42578.1, 13.616,348.376,0.000440,359.5,168.335,1.14e-02, 12.6, 0.1,  2
7841,145702,09032008,25092023 184516, 179, 42590.1,  9.942,310.961,0.017463,359.5, 79.944,2.20e-02, 17.4, 2.9,167
7842,145703,11092016,25092023 181409, 384, 42701.4,  3.946, 95.085,0.204761,  0.1, 68.502,6.04e+00, 17.0,61.2, - 
7843,145704,27052017,26092023 075335,   0, 42572.7,  7.005, 69.171,0.012697,359.6,173.467,2.66e-01, 17.0, 0.1,  4
7844,145705,05032018,26092023 115416,   2, 42465.1,  0.409,296.540,0.082838,353.9,234.081,3.34e+00, 15.8, 0.1, 16
7845,145706,08032018,25092023 065924,  92, 42550.5,  8.938,298.456,0.010540,359.6,202.814,2.33e-02, 17.4, 1.3, 97
7846,145707,02082018,26092023 134519,1855, 42516.4, 13.263, 29.928,0.335119,359.5,192.587,6.58e+00, 15.0, -  , - 
7847,145709,06122018,25092023 211412, 135, 42566.0,  7.333,266.257,0.489894,  0.1,177.614,1.65e+00, 17.6, 3.5,492
7848,145713,15012020,26092023 014202,  16, 42575.2,  4.490, 94.829,0.150118,  0.1, 72.889,6.20e+00, 16.9, 1.5,265
7849,145715,15042021,26092023 135352, 889, 42584.0, 20.100, 54.582,0.086427,359.8,183.849,2.51e+00, 17.6,23.3, - 
7850,145716,29032022,25092023 111257, 162, 42579.9,  8.208,299.230,0.012424,359.6,195.658,5.02e-02, 18.1, 0.8,140
7851,145717,23032023,26092023 153808,  61, 42575.3,  9.698,312.160,0.015521,359.5,117.149,1.20e-03, 17.6, 1.4,222
7852,145718,09082023,26092023 115749,  11, 42613.7, 32.561, 18.989,0.012188,359.8,311.575,2.37e+01, 12.1, 1.5,237
7853,145719,10092023,25092023 224258,   1, 42586.5, 12.056, 10.501,0.000569,359.4,169.798,1.00e-02, 12.5, 0.1,  1
7854,145720,11092023,25092023 224524,   1, 42588.3, 12.056, 10.503,0.000774,359.4,195.916,1.00e-02, 17.2, 0.4,  9
7855,145800,26071995,25092023 205813,   0, 42597.6, 11.403, 15.429,0.000258,359.4, 94.021,1.45e-02, 12.9, 0.1,  1
7856,145801,25041998,26092023 054145,   1, 42599.5,  9.406,305.570,0.000932,359.5,253.530,1.14e-02, 13.3, 0.1,  1
7857,145802,04012008,25092023 174419,  21, 42860.6, 15.415,355.047,0.097028,359.5,234.335,2.08e+00, 13.3, 5.0,678
7858,145803,22102016,25092023 213035,1988, 43185.6, 23.791,  6.612,0.306880,359.7, 47.374,2.07e+01, 16.4, -  , - 
7859,145805,15112017,26092023 154019, 109, 42589.7,  8.244,325.925,0.055822,359.3,169.397,1.25e-01, 16.7, 2.6,460
7860,145807,13102018,25092023 171502,   1, 42460.1, 36.376,  9.672,0.217150,359.8,185.717,2.41e+01, 14.8, 0.6,109
7861,145808,30072019,25092023 091951,1367, 42594.7, 11.716,343.135,0.282952,359.4,220.210,8.24e+00, 15.1, -  , - 
7862,145810,28042020,26092023 011531, 189, 42542.7,  7.715, 74.873,0.177897,359.7,128.032,8.02e+00, 17.9,14.7, - 
7863,145811,10092023,25092023 225505,   1, 42602.0, 12.057, 10.501,0.000195,359.4,224.409,1.47e-02, 12.8, 0.1,  1
7864,145900,19081995,25092023 233531,   0, 42618.2, 11.909,323.417,0.000899,359.5,231.027,1.28e-02, 12.8, 0.1,  1
7865,145901,05092005,25092023 220533,   0, 42632.6,  7.297,291.258,0.014659,359.6,243.016,1.16e-01, 15.2, 0.1,  3
7866,145902,22102008,25092023 082710,  30, 42623.0, 15.363,356.556,0.013614,359.5,209.581,5.50e-02, 15.3, 0.5, 60
7867,145903,18042023,25092023 184122,   6, 42660.2, 10.171,310.877,0.012409,359.5,100.940,3.43e-01, 17.7, 0.2, 26
7868,145905,24032019,26092023 052803,1456, 27072.5, 24.107,309.836,0.502283,359.8, 66.264,2.46e-01, 17.5,51.6, - 
7869,145906,25012012,25092023 094100,  40, 42622.1,  4.404,257.487,0.138700,  0.4, 32.612,2.63e+00, 16.4, 2.0,321
7870,145907,12122011,26092023 182810,  72, 42702.1,  2.432, 93.315,0.075785,  0.1,110.481,5.67e+00, 17.4, 1.9,339
7871,145909,07122015,26092023 151509,  33, 42536.9,  8.495,352.700,0.151768,359.1,161.665,6.86e+00, 16.7, 1.8,196
7872,145910,20082015,25092023 091854,   5, 42621.2,  5.040,354.075,0.071304,358.5,287.301,4.25e+00, 17.1, 0.4, 46
7873,145911,11082016,25092023 172142,2531, 42589.8,  7.835,  8.052,0.206842,359.0,257.987,9.49e+00, 17.6, -  , - 
7874,145912,21082008,26092023 071037,   5, 42623.7,  2.848,318.970,0.020803,358.1,  5.681,1.94e-01, 14.8, 0.2, 24
7875,145913,18012018,25092023 120649, 244, 42847.7,  8.353,272.540,0.632389,360.0,229.649,2.76e+01, 17.1,42.8, - 
7876,145914,09042018,25092023 225831, 103, 42571.1,  0.591, 95.493,0.082824,  1.3,103.594,3.23e+00, 14.7,51.2, - 
7877,145915,12042018,25092023 152510,  29, 42610.3,  1.496,259.974,0.028917,  0.9,233.101,1.29e-01, 14.7, 1.7, 91
7878,145918,02072022,26092023 040853,   1, 42619.8,  1.278, 92.702,0.001013,  0.2, 30.125,1.55e-02, 13.7, 0.1,  1
7879,145919,27032023,25092023 225801, 178, 42629.8, 10.218,310.069,0.010867,359.5,136.537,1.67e-01, 18.0,10.2, - 
7880,145920,17042023,26092023 151644, 158, 42626.4, 22.952, 53.809,0.048662,359.8,161.803,3.31e+00, 17.0,55.1, - 
7881,146000,16021999,25092023 194935,   1, 42639.2, 13.839,343.582,0.001685,359.5,232.255,1.28e-02, 13.6, 0.1,  1
7882,146002,25082017,25092023 201739,   5, 42539.9, 10.143,308.710,0.008506,359.5, 77.086,9.06e-02, 17.1, 0.4, 61
7883,146004,20032018,26092023 053904, 123, 42665.8,  6.467,287.360,0.033415,359.7,248.960,1.68e+00, 18.1, 6.3,950
7884,146006,31032019,26092023 002211, 985, 42683.1, 10.945, 59.147,0.098360,359.6, 97.270,6.88e+00, 16.9, -  , - 
7885,146007,30042019,25092023 055234,  34, 42644.0,  0.590,284.564,0.086201,357.5,255.834,2.83e+00, 17.4, 3.8,562
7886,146008,05122019,26092023 122412, 579, 42636.4, 21.064, 53.734,0.067401,359.8,107.713,5.60e+00, 17.0, -  , - 
7887,146010,24022020,25092023 053809, 818, 42476.1, 16.304,291.769,0.603095,359.8,251.262,3.19e+01, 14.8, -  , - 
7888,146011,21092020,26092023 114554,1047, 42613.7,  9.457,307.595,0.220365,359.5,179.656,1.30e+01, 17.6, -  , - 
7889,146012,11052021,26092023 151609, 343, 42669.9,  0.954,307.877,0.095206,355.7,154.676,2.99e+00, 17.5,26.6, - 
7890,146013,31122021,26092023 023228, 465, 42492.1, 19.031, 41.188,0.651786,359.7,144.263,6.62e+00, 16.3,33.7, - 
7891,146014,20102022,25092023 173656, 159, 42622.0, 15.589,355.203,0.075442,359.5,192.214,2.72e+00, 16.7,18.5, - 
7892,146015,25042023,26092023 115712, 152, 42626.2, 26.062, 46.122,0.208363,359.8,183.675,1.11e+01, 16.9, -  , - 
7893,146016,14052023,25092023 060644, 132, 42632.0,  9.137,301.882,0.002463,359.6,250.340,5.55e-01, 18.0, 6.1,998
7894,146101,05012008,25092023 204538, 112, 42510.9, 21.690, 33.217,0.288175,359.7,148.895,1.09e+01, 15.8, 6.0, - 
7895,146102,11122012,25092023 225541,  34, 43025.7, 19.611, 28.708,0.118028,359.7,117.809,9.65e+00, 16.3,14.3, - 
7896,146104,20102009,25092023 131905,5084, 42616.9, 22.287, 31.668,0.290163,359.7,147.970,1.12e+01, 16.3, -  , - 
7897,146105,01082017,26092023 002923,1791, 42659.7,  6.944, 68.930,0.018134,359.6, 37.664,7.07e-01, 17.1, -  , - 
7898,146106,09032018,25092023 135458,  41, 42621.6,  6.768,288.345,0.046222,359.7,290.529,1.59e+00, 17.5, 1.7,229
7899,146108,14072019,25092023 212757,1314, 42657.4, 19.775, 54.778,0.015288,359.8, 59.613,3.12e-02, 17.1,15.7, - 
7900,146109,13092021,26092023 040515, 120, 42568.2,  5.297,117.760,0.277460,  0.7,154.728,1.29e+01, 17.7,41.4, - 
7901,146110,29042022,25092023 230022,  73, 42660.9,  1.243,278.679,0.028281,359.3,207.867,2.78e-01, 18.1, 2.2,351
7902,146111,10092023,25092023 233910,   1, 42649.6, 13.141, 11.935,0.002446,359.4, 34.455,1.00e-02,  9.8, 0.1,  1
7903,146112,17092023,25092023 144102,   1, 42553.6,  1.485,221.234,0.066028,  3.6, 15.400,2.93e+01, 17.5, 1.2,215
7904,146200,05012008,26092023 045803,   5, 42684.2, 10.255,310.617,0.016772,359.5, 61.327,2.13e-02, 14.5, 0.4, 22
7905,146201,07092011,25092023 192405,   3, 42578.9,  8.109,295.432,0.061676,359.6,218.920,1.44e+00, 17.4, 0.2, 33
7906,146202,12102009,25092023 170328,   2, 42685.1, 10.187,311.296,0.015405,359.5,121.105,3.05e-02, 16.4, 0.1,  6
7907,146204,25112016,25092023 185914,  99, 42670.5,  7.814,292.318,0.010458,359.7,225.097,6.00e-02, 17.3, 3.2,312
7908,146208,22032022,25092023 155233,   1, 42666.8,  2.414, 99.273,0.153420,  0.5, 65.068,5.69e+00, 16.0, 0.1,  8
7909,146209,10062022,26092023 155945, 435, 42679.8,  8.585, 59.221,0.012869,359.5,196.816,1.10e+00, 17.6,99.4, - 
7910,146210,20082023,25092023 085004,  10, 42677.1, 14.967,342.729,0.047296,359.5,219.173,2.42e+00, 17.4, 1.0,152
7911,146300,07081993,26092023 181221,   1, 42705.0, 12.923,344.499,0.002398,359.4,246.381,1.28e-02, 12.8, 0.1,  1
7912,146301,12081991,25092023 104650,   0, 42699.0, 14.596,351.268,0.000675,359.5,100.230,1.04e-02, 12.6, 0.1,  1
7913,146302,16032010,26092023 013338,   0, 42691.2,  2.542,  9.744,0.040088,357.1,268.144,1.57e+00, 16.7, 0.1,  5
7914,146303,01112010,26092023 091459,  31, 42693.9,  8.540,300.149,0.019238,359.6,168.085,1.21e-01, 16.7, 0.9,112
7915,146304,20082014,26092023 164523,  27, 42694.4, 12.879, 30.845,0.118201,359.5,126.923,2.58e+00, 16.0, 0.9,152
7916,146305,18082014,26092023 032912,2399, 42686.5, 11.053, 45.917,0.185654,359.5,146.825,1.23e+01, 16.3, -  , - 
7917,146307,16122017,26092023 003606, 360, 42675.6,  4.413,285.574,0.005242,359.6,245.090,2.77e+00, 17.7,40.0, - 
7918,146308,10042018,26092023 060646,  10, 42703.7, 14.613,350.491,0.016876,359.5,174.255,7.21e-01, 16.7, 0.2, 31
7919,146309,26042019,26092023 010018, 938, 42708.6,  5.215, 76.443,0.037721,359.6, 64.007,8.79e-01, 14.0,48.7, - 
7920,146400,30042006,25092023 100041,  36, 42724.8,  8.478,299.920,0.027114,359.6,167.293,3.87e-01, 16.7, 1.0,137
7921,146401,27112006,25092023 202112,   4, 42716.8, 10.425,311.145,0.019086,359.5, 77.937,1.46e-01, 16.6, 0.2, 23
7922,146402,17082009,26092023 034430,   0, 42796.1,  3.950, 26.892,0.051624,358.3,263.896,2.70e+00, 16.6, 0.1,  6
7923,146403,08072005,25092023 180538,   1, 42661.1,  9.415,315.373,0.030397,359.4,154.877,1.31e+00, 16.7, 0.2, 25
7924,146406,24012014,25092023 195613,   1, 42716.5, 11.463, 40.049,0.000972,359.5,109.093,1.40e-02, 14.0, 0.1,  1
7925,146407,12032018,26092023 022149, 217, 42691.3, 10.572,308.647,0.030622,359.6,115.021,2.07e+00, 17.8,15.2, - 
7926,146408,14122018,26092023 175924,  61, 42714.2,  1.263,277.979,0.024636,359.3,208.952,1.11e-01, 16.9, 1.2,222
7927,146409,01022019,26092023 025542,   3, 42699.4, 10.271, 43.067,0.003421,359.4,301.287,1.72e+00, 16.3, 1.1,163
7928,146410,21092019,26092023 110025,   9, 42681.9, 21.819, 51.603,0.124345,359.8,154.875,5.89e+00, 15.0, 0.7, 87
7929,146411,23102019,26092023 135214, 722, 42723.6,  9.533, 78.849,0.057479,359.8,143.338,8.11e+00, 17.1, -  , - 
7930,146412,22112019,26092023 050048, 980, 42708.9,  5.256, 76.494,0.034720,359.6, 48.175,6.55e-01, 17.1,27.3, - 
7931,146413,02032020,25092023 102347, 222, 42711.6,  8.107,337.561,0.113321,359.2,157.438,9.20e+00, 17.9,92.1, - 
7932,146414,12102020,26092023 015653,  33, 42697.7,  5.272, 92.139,0.416492,  0.0, 30.467,5.75e-01, 17.6, 1.2,188
7933,146416,23112020,26092023 004139,1034, 42803.9, 36.167, 22.731,0.685595,359.8,162.141,3.19e+01, 16.7, -  , - 
7934,146417,05042021,25092023 113926, 109, 42683.0, 20.912, 57.922,0.105273,359.8,144.289,5.08e+00, 13.3,19.9, - 
7935,146418,08042021,25092023 200637, 531, 42727.3, 19.867, 55.307,0.009611,359.8, 45.644,1.00e-02, 17.7,13.5, - 
7936,146500,28012011,26092023 080337,  11, 42932.1,  3.269,274.383,0.103392,359.9,273.545,4.42e+00, 16.3, 0.8,108
7937,146502,03102016,26092023 044426,   1, 42523.5,  3.778, 96.192,0.206730,  0.2,137.087,7.63e+00, 16.8, 0.1,  8
7938,146503,15032018,25092023 215539, 134, 42787.2,  8.681,300.924,0.009031,359.6,203.411,7.51e-02, 17.8, 2.7,480
7939,146504,09042018,26092023 101327,1956, 42736.4,  9.591, 73.615,0.252893,359.8, 58.929,5.70e+00, 15.8, -  , - 
7940,146505,03022019,26092023 060857,   3, 43735.3, 16.917,  4.316,0.370630,359.5,286.668,8.59e+00, 17.6, 1.4,244
7941,146506,06022022,25092023 062443, 277, 42733.9,  9.138, 78.454,0.155005,359.8, 59.679,8.22e+00, 17.1,85.4, - 
7942,146507,12082023,26092023 074200,   9, 42750.2,  6.911, 83.515,0.046796,359.9,119.151,7.86e+00, 17.2, 1.3,111
7943,146600,11051999,25092023 095057,   0, 42763.5, 10.211, 26.041,0.000753,359.3,343.977,2.06e-02, 12.8, 0.1,  1
7944,146601,29122005,26092023 151358,   1, 42768.6,  2.215,283.856,0.001931,359.3,347.515,1.49e-02, 13.1, 0.1,  1
7945,146602,10091986,26092023 012101,   0, 42761.3, 11.210,316.988,0.000430,359.5,229.916,1.18e-02, 13.2, 0.1,  1
7946,146603,12092013,26092023 000019,   0, 42751.5, 10.501,310.759,0.014030,359.5,100.144,2.85e-02, 16.5, 0.3, 20
7947,146604,04112015,25092023 213635,1983, 42783.2,  5.822, 32.527,0.266576,358.9,108.037,7.98e+00, 17.5, -  , - 
7948,146605,02092016,26092023 081012,2048, 42964.8, 31.839,357.043,0.177925,359.8,233.140,2.43e+01, 17.5, -  , - 
7949,146607,19062018,26092023 005305,  61, 42756.9, 14.712,350.531,0.005290,359.5, 59.658,4.42e-01, 17.7, 7.7, - 
7950,146609,27082022,26092023 133924,  26, 42805.9,  9.413,306.256,0.066831,359.5,294.489,3.29e+00, 16.7, 3.6,563
7951,146610,30012023,25092023 121551, 133, 42729.3,  4.060,226.991,0.156177,  1.3,235.060,4.66e+00, 17.3,19.3, - 
7952,146611,24032023,25092023 161440, 179, 42755.9,  8.719,305.778,0.157102,359.5,245.616,8.23e+00, 16.6, -  , - 
7953,146700,15022007,25092023 131129,   7, 42739.0,  3.461,218.555,0.175543,  1.7,289.141,6.15e+00, 17.4, 1.3,181
7954,146701,19072015,25092023 185239,  34, 42743.1,  2.931, 39.306,0.274003,357.9,185.688,1.08e+01, 16.0, 3.1,515
7955,146702,05082016,25092023 185254,   1, 42765.6,  2.178,284.073,0.007979,359.3,209.596,5.65e-01, 17.1, 0.1,  7
7956,146703,17122017,26092023 045503, 108, 42768.7,  2.206,283.670,0.013742,359.3,247.226,4.76e-01, 17.4, 5.3,935
7957,146704,23032018,26092023 114943, 161, 42682.4,  4.250, 71.920,0.233363,359.4,113.908,7.67e+00, 17.6, -  , - 
7958,146705,23032018,26092023 020203,   1, 42778.8,  1.302,273.603,0.016537,359.8,201.935,7.71e-02, 17.8, 0.1,  4
7959,146707,25042022,26092023 015844, 421, 42772.8, 15.136, 64.026,0.296420,359.8, 96.558,1.19e+01, 17.4, -  , - 
7960,146708,09062022,25092023 102245,  18, 42727.8,  3.242,301.805,0.132986,358.8,337.669,6.69e+00, 17.5, 1.7,222
7961,146709,02112022,25092023 124130,   0, 42783.7,  3.642, 68.506,0.005276,359.2,193.079,1.12e-02, 10.6, 0.1,  1
7962,146710,05092023,25092023 162700,   8, 42864.7, 35.850,317.096,0.791771,359.8,215.718,8.19e+01, 16.8, 3.1,561
7963,146800,11022011,25092023 125626,  70, 42785.1, 15.656, 48.221,0.134319,359.7,101.997,4.35e+00, 17.3, 8.1,993
7964,146801,03032011,26092023 074014,  27, 42781.1,  7.954,293.167,0.018358,359.6,342.256,1.25e+00, 16.6, 0.5, 74
7965,146802,16112011,26092023 043049,   9, 42842.0,  8.875,308.055,0.038597,359.5,130.032,4.89e+00, 16.0, 0.3, 57
7966,146804,19022014,26092023 125102,2334, 42862.3, 11.212,332.066,0.291227,359.4,118.607,9.91e+00, 15.7, -  , - 
7967,146806,30102014,25092023 215836,   1, 42866.9,  8.132,300.780,0.035636,359.5,312.426,3.99e+00, 16.7, 0.1, 17
7968,146807,02042013,26092023 000802,1490, 42797.8, 14.001, 17.351,0.015938,359.5,260.507,4.12e-01, 17.0,40.2, - 
7969,146808,16022017,26092023 145556,  12, 43200.4,  1.847,346.543,0.182422,356.1,213.961,7.08e+00, 17.0, 1.6,241
7970,146809,28022017,26092023 122747,  28, 41242.0, 28.540,325.296,0.361256,359.8,237.960,3.13e+01, 17.1,23.7, - 
7971,146810,29082019,25092023 112354, 160, 42953.0, 12.671, 11.684,0.430281,359.4,149.923,1.20e+01, 17.6,22.2, - 
7972,146811,23032020,25092023 185246, 953, 42809.9,  8.268, 62.571,0.374388,359.6,183.405,7.42e+00, 13.0,99.4, - 
7973,146813,15042023,26092023 110300, 160, 42778.7, 24.021, 50.167,0.189175,359.8,165.302,8.34e+00, 17.6, 7.0, - 
7974,146901,04042016,25092023 084043,  67, 42810.9, 13.748,340.479,0.008141,359.5,173.804,3.69e-01, 17.0, 0.6, 91
7975,146902,16032018,26092023 012603,1139, 42538.4, 18.573, 56.785,0.287821,359.8,173.099,8.77e+00, 17.8, -  , - 
7976,146904,29032022,26092023 102331, 179, 42770.0,  5.428, 65.357,0.263220,359.4,154.566,9.75e+00, 17.9,51.3, - 
7977,146905,27032023,25092023 091618, 179, 42818.1,  9.601,298.836,0.470047,359.6,157.253,3.80e-01, 17.4, 5.1,285
7978,147000,19082007,26092023 015440,   0, 42847.0, 15.690,356.476,0.026409,359.5,203.498,1.13e+00, 15.4, 0.1,  8
7979,147001,26102011,25092023 082247,  11, 42800.2, 10.858,316.632,0.050123,359.5,315.381,9.80e-01, 16.2, 2.4,391
7980,147002,16042013,25092023 184937,2365, 42970.6,  2.039,  7.858,0.126823,356.3,116.135,3.36e+00, 15.3, -  , - 
7981,147004,03072016,26092023 105259,  12, 42325.9, 15.076, 58.633,0.215017,359.7,133.637,9.59e+00, 13.9, 0.7,104
7982,147005,12012018,26092023 073154,  10, 42685.6, 19.972,333.823,0.157656,359.7,267.134,1.56e+01, 17.0, 0.9,144
7983,147006,25032018,26092023 084806,1254, 42450.1, 20.042,351.372,0.137075,359.6,216.653,1.17e+01, 18.4, -  , - 
7984,147007,25082018,26092023 063655,   3, 42827.6, 15.144,354.369,0.003931,359.5,203.770,4.56e-01, 16.7, 0.5, 41
7985,147008,14022020,25092023 192256, 918, 42814.7, 19.335, 48.944,0.118978,359.7,168.169,4.14e+00, 15.7, -  , - 
7986,147009,04032021,26092023 002212,  16, 42854.5, 10.321,298.488,0.084422,359.7,199.115,1.04e+00, 15.9, 2.5,412
7987,147010,10042022,26092023 144134, 154, 42840.3,  0.697,302.771,0.042730,355.1,219.132,2.58e+00, 17.6, 7.0,736
7988,147012,11062023,25092023 091211,  99, 42827.2, 10.428,306.085,0.013649,359.6,301.765,3.91e+00, 17.0, 9.6, - 
7989,147100,26012001,25092023 082339,   1, 42865.8, 13.476,340.531,0.002245,359.5,168.856,1.37e-02, 12.6, 0.1,  1
7990,147101,23082006,25092023 105648, 472, 42833.4, 16.038, 12.651,0.013479,359.5,160.947,6.51e-01, 17.8,21.1, - 
7991,147102,02042013,26092023 024822, 485, 42879.3, 42.642,  5.746,0.375782,359.8,169.604,3.22e+01, 16.0, -  , - 
7992,147103,08082013,25092023 210559,  17, 42434.8,  6.410,259.900,0.601486,  0.2,301.646,2.49e+01, 16.4, 2.0,369
7993,147104,01082014,26092023 162323,   2, 43891.0, 13.542,316.400,0.114218,359.6, 11.220,1.81e+01, 17.1, 0.2, 37
7994,147105,14082017,25092023 131605, 137, 42519.1, 30.239, 34.460,0.627696,359.8,143.450,9.98e+00, 16.9,82.6, - 
7995,147106,25032018,26092023 001715, 207, 42821.3,  1.421, 97.889,0.108494,  0.7, 74.596,5.42e+00, 13.8, -  , - 
7996,147107,16012020,25092023 191916,1306, 42840.7, 22.263, 51.561,0.246260,359.8,187.540,6.28e+00, 17.1, -  , - 
7997,147109,25042020,26092023 060639,1245, 42836.9,  9.384,156.171,0.567601,  0.7,358.613,5.26e+00, 16.3, -  , - 
7998,147110,26102021,25092023 161158, 135, 42847.7,  3.893, 77.031,0.171311,359.5,105.824,7.84e+00, 17.2,13.8, - 
7999,147111,02112022,25092023 095429, 286, 42858.8,  0.902, 89.721,0.012927,359.8, 11.325,1.25e+00, 16.9,34.4, - 
8000,147112,03112022,25092023 103643,  16, 42860.8,  0.772, 97.579,0.004716,  1.4, 30.987,7.28e-01, 17.3, 0.6, 93
8001,147200,14092009,25092023 144327, 947, 42782.2,  1.744,311.492,0.450641,357.3,218.254,1.02e+00, 16.1, -  , - 
8002,147201,09042008,25092023 094102,  12, 42876.8, 14.077,343.198,0.020589,359.5,170.518,5.44e-01, 16.7, 0.1, 15
8003,147202,16122011,26092023 094933,   4, 42340.0,  3.029, 34.285,0.059741,357.9, 85.856,7.49e+00, 16.4, 0.6, 67
8004,147204,16122015,25092023 185536,   2, 42892.4, 13.188,329.856,0.006826,359.5,189.036,3.88e-01, 17.7, 0.1, 11
8005,147205,03082016,25092023 190726,   2, 43246.0,  5.511, 57.538,0.337955,359.2,130.610,7.88e+00, 14.3, 2.1,281
8006,147206,27012017,25092023 083032,  60, 42879.7, 13.889,337.943,0.009854,359.5,160.093,3.55e-01, 17.4, 0.6,105
8007,147208,28042017,26092023 173738,2218, 42866.9, 13.721, 70.664,0.068282,359.8,108.043,8.74e+00, 17.8, -  , - 
8008,147209,24032018,25092023 153038,   1, 42875.0,  1.181,302.086,0.020788,357.0,161.155,1.75e-01, 15.4, 0.1,  4
8009,147210,05082018,26092023 001600,1821, 42786.9, 11.895, 55.700,0.456914,359.6,226.621,1.53e+01, 15.1, -  , - 
8010,147211,03062019,26092023 120434,  12, 42866.1, 19.909, 55.593,0.016381,359.8, 83.163,7.61e-02, 15.6, 0.4, 65
8011,147214,12112020,25092023 173240, 140, 42922.5,  9.115, 46.144,0.249440,359.4, 95.745,7.43e+00, 16.8,35.1, - 
8012,147215,12042021,26092023 024447, 890, 42357.2, 35.495, 15.880,0.768604,359.8,141.327,3.14e+01, 17.5, -  , - 
8013,147216,03112022,26092023 123429,   0, 42866.2,  0.884, 92.735,0.017785,  0.3, 23.196,5.04e-01, 16.4, 0.1, 12
8014,147217,23022023,26092023 082833, 212, 42869.7,  2.946,325.875,0.039069,358.0, 19.820,1.84e-02, 18.0, 1.3,215
8015,147218,24042023,25092023 181124,  37, 42850.4, 11.328,330.003,0.130178,359.4,210.146,4.19e+00, 17.5,19.9, - 
8016,147219,27042023,26092023 001848, 138, 42879.9, 15.303,  4.755,0.008287,359.5,125.322,3.74e-01, 18.0,15.8, - 
8017,147301,10032016,26092023 124355,  27, 42902.1, 11.140,317.843,0.015760,359.5,255.401,5.39e-01, 17.4, 0.8,112
8018,147304,29012020,25092023 140947,1332, 42830.2, 11.494,333.840,0.288210,359.4,192.665,1.60e+01, 16.1, -  , - 
8019,147305,13042020,26092023 083303,1257, 42931.9,  4.117, 58.169,0.379726,359.0, 74.153,3.53e+00, 16.6, -  , - 
8020,147306,21092020,25092023 192326,   6, 42864.0,  5.581,207.088,0.141363,  1.2,103.321,7.73e+00, 17.4, 1.0,177
8021,147307,09122015,25092023 204418, 954, 42892.5, 14.652,347.957,0.019684,359.5,  7.083,1.92e-01, 18.3,81.0, - 
8022,147308,09112021,26092023 055950, 649, 42905.9,  9.899, 63.495,0.257401,359.6,200.520,7.16e+00, 13.4,55.4, - 
8023,147309,05042022,25092023 091231, 103, 42877.6,  2.914,233.951,0.127259,  1.5,287.602,5.73e+00, 17.0, 6.0, - 
8024,147401,09102011,25092023 145208, 130, 42929.7, 15.559, 11.536,0.036469,359.5,179.303,2.94e+00, 17.2,21.5, - 
8025,147403,28112016,26092023 104038,  38, 42630.1, 10.411,308.767,0.009962,359.6,213.727,3.82e+00, 16.9,26.4, - 
8026,147404,15092017,26092023 001751,  10, 42909.6,  9.535,302.904,0.009589,359.6,235.218,4.16e-01, 17.5, 0.4, 27
8027,147405,07052016,25092023 083029,2172, 42916.8,  8.927, 71.807,0.142023,359.7,139.847,4.90e+00, 17.9,48.4, - 
8028,147406,18022018,25092023 213217,1633, 42875.6, 14.760, 48.656,0.350431,359.7, 89.390,9.95e+00, 18.0,78.6, - 
8029,147407,25082018,26092023 131930,   4, 42882.7,  5.488, 73.173,0.022810,359.6,241.192,3.52e-01, 14.1, 0.4, 58
8030,147408,05092021,26092023 084316, 394, 42852.8, 14.748, 65.217,0.434163,359.8,193.764,1.74e+01, 17.5,33.0, - 
8031,147410,04052023,25092023 104939,  91, 42921.5,  8.999,297.952,0.084022,359.6,193.439,4.84e-01, 16.1, 3.5,616
8032,147500,11052017,26092023 021430,1508, 42933.8, 16.554, 58.731,0.225167,359.8,149.181,6.34e+00, 16.7, -  , - 
8033,147501,21122017,25092023 232304,2102, 42946.8, 21.670,346.428,0.221747,359.7,315.996,1.42e+01, 17.2, -  , - 
8034,147502,22082019,26092023 132220,1446, 42870.2, 41.746,340.762,0.555411,359.8,196.095,3.35e+01, 15.7, -  , - 
8035,147503,28012020,25092023 172254,1286, 43236.3, 20.031,349.481,0.055821,359.6,165.809,1.74e+01, 17.3, -  , - 
8036,147505,12092021,25092023 194849, 710, 36859.4, 17.157, 65.283,0.707469,359.8, 85.640,3.30e+01, 16.7, -  , - 
8037,147506,03112021,25092023 193900, 185, 42918.7,  4.237,298.872,0.159728,359.2,196.922,5.15e+00, 17.9, 5.3,791
8038,147507,22032022,25092023 071022,  76, 42849.6, 10.262, 65.116,0.370526,359.7,200.677,3.67e+00, 14.7,25.6, - 
8039,147508,11042023,25092023 091328,  65, 42926.0,  8.827,297.508,0.001038,359.6,163.065,3.47e-01, 17.6, 0.3, 37
8040,147600,07031977,26092023 091124,   0, 42951.5,  7.135,293.728,0.007918,359.6, 13.567,1.56e-02, 12.9, 0.1,  1
8041,147601,20102016,26092023 004815,   2, 42882.0, 43.750,357.998,0.433122,359.8,177.891,3.25e+01, 15.7, 1.4,249
8042,147602,15092017,25092023 212152, 394, 42955.2, 11.550,320.542,0.009093,359.5, 17.350,9.86e-01, 17.9,44.7, - 
8043,147604,16012018,26092023 031144,2078, 42952.9,  5.491, 81.293,0.094777,359.8,306.412,6.27e-01, 12.0,31.1, - 
8044,147605,18032018,26092023 063402,1077, 42911.6, 12.417, 63.284,0.337173,359.7,116.498,1.17e+01, 17.0, -  , - 
8045,147606,20032018,25092023 200757, 212, 42959.1,  1.156,285.561,0.040839,358.5,213.820,9.85e-01, 17.4,51.0, - 
8046,147609,23092022,26092023 114403, 365, 42947.3, 14.221, 94.664,0.349106,  0.0,213.525,8.70e+00, 16.8, -  , - 
8047,147610,30012023,25092023 213216, 237, 42950.8,  1.160, 59.095,0.130961,356.2,131.231,4.27e+00, 18.3, -  , - 
8048,147611,15042023,25092023 081648,  10, 42944.1,  2.414,281.753,0.029883,359.4, 63.002,3.45e+00, 17.0, 1.7,302
8049,147700,14022007,26092023 043302,   6, 42978.8,  9.815,301.725,0.029389,359.6,194.800,4.29e-01, 15.0, 0.3, 55
8050,147701,20072010,26092023 011119, 176, 43315.7, 28.289,349.805,0.293134,359.7,217.858,1.68e+01, 15.6,67.7, - 
8051,147702,30032011,25092023 094137, 155, 42974.4,  9.620,303.494,0.012581,359.6,341.220,5.03e-01, 17.8, 8.6, - 
8052,147703,06122016,25092023 202851, 219, 42780.6, 10.623,310.646,0.013552,359.5, 90.121,2.20e-01, 17.5,10.6, - 
8053,147704,15082018,26092023 020949,  10, 42968.7,  1.179,304.595,0.015466,356.8,143.420,5.24e-03, 17.5, 0.3, 52
8054,147705,13102022,26092023 172521,   5, 42964.1,  0.876, 90.248,0.010884,359.9,  2.095,3.94e-01, 16.2, 0.2, 27
8055,147800,14102007,25092023 161623,   1, 42943.0, 12.474,328.503,0.012423,359.5,209.833,4.58e-01, 17.1, 0.1,  5
8056,147801,09102015,26092023 174601,   1, 43089.4,  9.841,317.958,0.034620,359.4, 49.663,1.19e+00, 16.7, 0.2, 29
8057,147802,06112016,26092023 011532,   1, 43402.3, 26.460,358.347,0.118202,359.7, 81.018,1.14e+01, 16.4, 0.3, 49
8058,147803,18112016,25092023 205652, 332, 43889.5,  7.643,293.127,0.520630,359.6,195.711,4.46e+01, 17.7, -  , - 
8059,147804,09032018,26092023 125553,1072, 42919.3,  5.924, 70.476,0.211510,359.5, 52.657,3.83e+00, 18.3, -  , - 
8060,147806,05022019,25092023 111921,1686, 43005.2, 13.643,324.536,0.135671,359.6,292.026,2.43e+00, 17.1, -  , - 
8061,147807,07082019,26092023 034643,  21, 43140.8,  3.073, 30.097,0.171182,357.8,151.659,3.45e+00, 16.6, 7.6, - 
8062,147808,28032023,25092023 203041, 121, 42983.0, 21.191, 56.895,0.128002,359.8, 83.711,6.69e+00, 14.9,30.8, - 
8063,147900,03022006,26092023 034953,  13, 43012.7,  9.846,316.845,0.091030,359.5,130.094,1.05e+00, 16.4, 0.7,124
8064,147901,14102004,25092023 181822, 133, 42926.0, 15.821,359.062,0.021993,359.5,221.030,7.22e-01, 15.4,17.4, - 
8065,147902,17012013,25092023 190916,   1, 43289.5, 26.131,341.629,0.261083,359.7,202.669,1.99e+01, 12.6, 0.1, 20
8066,147903,24082015,25092023 032604, 300, 42696.1,  6.983,234.058,0.683095,  0.6,282.742,4.20e+01, 17.5,96.1, - 
8067,147905,14032018,26092023 120710,  22, 43237.8,  1.156,292.442,0.047223,357.8,173.085,5.32e-02, 16.7, 0.9, 69
8068,147907,12102020,25092023 201642,  45, 42951.7,  1.173,262.947,0.046809,  0.8,286.357,3.94e-01, 17.8, 5.2,945
8069,147908,26092022,25092023 175228, 153, 43199.0, 21.102,347.901,0.254706,359.6,202.544,8.60e+00, 16.7, -  , - 
8070,147909,23022023,26092023 045610,  41, 43006.8,  7.428,294.839,0.060330,359.6,211.191,1.22e+00, 17.5, 1.2,205
8071,148001,19112016,25092023 142432,  30, 43027.8, 10.855,313.402,0.027071,359.5, 68.000,2.75e-01, 17.8, 0.9, 80
8072,148003,28112022,25092023 141343, 155, 43014.9, 15.672,329.781,0.408890,359.6,223.150,1.62e+01, 17.3,12.3, - 
8073,148100,24082009,26092023 161829,   8, 42024.2, 14.282,351.047,0.385703,359.5,126.164,2.81e+01, 17.2, 1.0,187
8074,148102,21072017,26092023 060108,  10, 43038.1,  5.371, 73.165,0.014623,359.6,218.356,3.32e-01, 14.7, 1.1,107
8075,148103,18092017,26092023 003600,  73, 43290.4,  6.463, 76.417,0.254032,359.7,128.506,9.17e+00, 16.9, 3.0,552
8076,148105,16032018,26092023 071630,   1, 43038.5,  1.201,283.575,0.014793,358.8,183.890,8.06e-03, 16.1, 0.1,  4
8077,148106,08012019,25092023 123224, 180, 43047.6,  5.635,341.630,0.270615,358.7,117.209,6.34e+00, 17.3,13.2, - 
8078,148107,24032020,25092023 145925,1260, 43032.7,  7.163, 59.395,0.262698,359.4,140.099,9.40e+00, 17.7, -  , - 
8079,148108,24012021,26092023 063125, 103, 42996.5, 22.677, 97.238,0.508174,  0.0, 41.862,1.46e+01, 17.3, 7.0, - 
8080,148109,04092023,25092023 085859,  12, 43053.2,  2.754,293.383,0.066542,359.0,  9.787,7.55e-01, 17.2, 3.0,534
8081,148201,15032018,26092023 035914,   4, 43066.8,  1.247,276.834,0.014438,359.4,176.957,1.96e-02, 16.6, 0.1,  8
8082,148202,03062019,26092023 144811,  16, 43069.5, 19.558, 54.106,0.019937,359.8,101.964,2.44e-02, 16.2, 0.8, 74
8083,148205,07102021,26092023 044928, 711, 43075.2, 33.974,347.483,0.065261,359.8, 85.557,1.01e+01, 17.9, -  , - 
8084,148206,01062022,25092023 100409, 430, 43108.9, 17.370,246.230,0.728637,  0.2,349.687,1.44e+01, 17.3,32.4, - 
8085,148300,23112006,26092023 115859,  10, 43018.4,  3.008,344.478,0.128021,357.6,351.196,2.06e+00, 15.2, 3.4,550
8086,148301,01082008,25092023 080137,   3, 43544.3,  5.032, 23.199,0.071566,358.6,211.160,5.11e+00, 14.0, 1.6,279
8087,148302,21092015,26092023 161245,1994, 43303.8,  9.068,286.381,0.127780,359.8,221.685,5.66e+00, 17.3, -  , - 
8088,148303,06122012,25092023 135502,  10, 42900.1,  5.201,  2.819,0.087246,358.6,292.634,6.70e+00, 16.9, 1.6,272
8089,148304,15032018,26092023 043505,  76, 43060.1,  0.775,319.156,0.021617,353.5,230.880,3.19e-02, 12.7, 1.0,114
8090,148305,14012019,26092023 033138,   1, 43046.5,  5.287,118.853,0.146877,  0.7, 12.595,1.42e+01, 16.5, 0.2, 26
8091,148306,23032020,26092023 175949, 177, 43063.2, 20.585, 57.519,0.052439,359.8,174.940,5.52e+00, 16.6,89.3, - 
8092,148308,12042021,25092023 233112,   2, 42637.5, 35.580, 23.788,0.683403,359.8,161.875,3.17e+01, 16.7, 0.3, 54
8093,148309,12052021,26092023 025300,  94, 43096.4, 20.305, 56.866,0.050547,359.8, 74.436,1.10e+00, 17.1, 7.2, - 
8094,148310,05092022,26092023 062425,   5, 43084.5,  1.161,300.790,0.015658,357.1,118.833,1.51e-02, 17.8, 0.3, 30
8095,148311,24112022,25092023 181751,  28, 43080.2, 11.617,310.837,0.023664,359.6,119.370,1.13e-01, 17.1, 0.2, 29
8096,148400,05072016,25092023 071046,  99, 44030.6, 13.787, 59.958,0.055211,359.7, 37.870,7.63e+00, 15.8, 7.7, - 
8097,148401,14032018,25092023 093023,   0, 43139.4,  3.583, 77.188,0.209497,359.5,172.477,7.92e+00, 15.2, 0.1, 18
8098,148402,15032018,26092023 012016,   0, 43110.2,  1.163,306.369,0.016478,356.6,194.253,2.13e-02, 17.5, 0.3, 20
8099,148403,05052018,26092023 053630,  11, 42925.7,  1.085,271.860,0.054052,359.9,248.761,8.22e-01, 18.1, 2.4,440
8100,148407,25092019,25092023 183736,1460, 43179.4, 19.943, 86.792,0.335313,360.0, 43.918,1.69e+01, 17.6, -  , - 
8101,148408,12112021,26092023 084222, 242, 43083.7,  1.692,256.858,0.090613,  1.0,227.194,6.91e+00, 17.5, 8.0, - 
8102,148500,22072015,25092023 155406,1271, 42863.4, 33.507, 24.489,0.655274,359.8,123.360,1.41e+01, 17.7, -  , - 
8103,148501,20102017,25092023 222958,1615, 43104.4, 14.113,345.846,0.175127,359.5, 96.000,9.96e+00, 17.1, -  , - 
8104,148502,15032018,26092023 042810,   1, 43235.6,  0.920, 60.265,0.156130,355.3,110.668,5.07e+00, 15.9, 0.4, 71
8105,148503,17032018,25092023 145231,  32, 43134.5,  1.163,304.691,0.012670,356.7,181.482,5.36e-02, 17.5, 0.5, 79
8106,148504,19042018,26092023 005326,1983, 43005.6,  1.057,285.578,0.082652,358.4,203.612,8.11e+00, 18.2, -  , - 
8107,148505,23042018,25092023 172920,1696, 30808.7,  6.592,220.755,0.292148,  0.9,206.758,2.77e+01, 17.4, -  , - 
8108,148506,12022019,25092023 181649, 730, 43323.0, 31.859, 40.390,0.486766,359.8,193.996,6.90e+00, 15.2, -  , - 
8109,148508,26022020,25092023 235225,1304, 43116.2, 23.725, 59.898,0.133437,359.8,110.781,5.50e+00, 17.3, -  , - 
8110,148511,02042022,26092023 035111, 205, 43085.6,  8.036, 59.941,0.294043,359.5,140.307,9.30e+00, 17.7, 8.6, - 
8111,148512,01082022,26092023 021654, 271, 43123.7,  4.111,327.898,0.020927,358.5,242.340,2.07e+00, 17.8, 2.6,461
8112,148600,27112014,26092023 064804, 158, 43358.6, 33.102, 10.227,0.057081,359.8,123.892,1.75e+00, 15.8, 9.5, - 
8113,148602,20032015,25092023 084134,   1, 43224.0,  5.416,  9.101,0.106455,358.6,243.595,3.49e+00, 16.9, 0.3, 46
8114,148603,22022018,25092023 095734,  81, 43145.2,  7.276,297.562,0.084799,359.5,149.932,2.61e+00, 18.0, 6.1,956
8115,148605,14022020,25092023 171804, 101, 43188.2, 21.806, 52.747,0.125925,359.8,273.325,1.06e+01, 16.7,10.8, - 
8116,148606,14052023,25092023 215730,   3, 43138.9, 17.119, 32.706,0.167137,359.6,170.872,4.36e+00, 16.7, 2.0,262
8117,148701,13032018,26092023 051921,   1, 43191.8,  0.522,309.180,0.092095,352.6,218.535,3.60e+00, 16.3, 0.2, 41
8118,148702,13032018,25092023 232703,   0, 43166.2,  1.182,285.715,0.010398,358.5,217.506,9.59e-02, 16.3, 0.1,  2
8119,148703,24072018,26092023 033934,  99, 43688.1,  9.994, 52.558,0.224697,359.5,143.637,2.86e+01, 16.2,22.0, - 
8120,148704,10102018,26092023 050016,  82, 43208.4, 14.307, 84.360,0.228349,359.9,136.746,1.44e+01, 15.5,35.4, - 
8121,148711,15052023,26092023 133337, 130, 43185.6, 22.738, 49.809,0.083504,359.8,107.909,9.30e+00, 16.4, 5.8,988
8122,148800,13032018,25092023 160533, 397, 43081.7,  0.505,329.318,0.099363,349.0,222.716,2.69e+00, 16.7, -  , - 
8123,148802,28032018,26092023 005047,  21, 43165.2,  7.876, 70.879,0.285770,359.7,115.724,9.75e+00, 16.3, 5.3,910
8124,148803,21032018,25092023 201826,  99, 43102.1,  4.395, 74.026,0.234217,359.5,111.497,7.73e+00, 17.0,18.5, - 
8125,148806,24012023,25092023 174130, 241, 43121.6,  6.810,294.667,0.429085,359.6,251.000,2.00e+01, 17.5,21.8, - 
8126,148900,14022015,26092023 111805,  13, 43216.0, 19.085, 32.274,0.102535,359.7,135.710,6.13e+00, 17.1, 1.9,306
8127,148901,15112017,25092023 213550,  45, 43190.4,  7.945,359.871,0.319471,359.1,196.122,5.75e+00, 16.8, 5.7,989
8128,148902,13032018,26092023 093226,  11, 43199.7,  1.161,290.359,0.012172,358.1,187.991,5.68e-02, 16.7, 0.6, 49
8129,148903,07062022,26092023 065750,  34, 43192.3,  0.641,355.096,0.207357,348.7,153.162,1.53e-01, 16.0, 1.5,180
8130,148904,29112022,25092023 215510, 100, 43158.5, 12.476,119.363,0.243368,  0.3, 24.206,1.54e+01, 17.0,39.9, - 
8131,149000,09092015,25092023 073205,  15, 43215.9, 11.050,316.055,0.027616,359.5,109.398,2.31e-02, 17.3, 0.2, 25
8132,149001,22082017,25092023 072255,  10, 43258.1,  5.943,284.835,0.096065,359.7,337.273,5.45e+00, 17.0, 0.5, 88
8133,149002,14032018,26092023 085921,   1, 43229.1,  1.156,289.190,0.014411,358.2,200.403,8.77e-02, 16.1, 0.1,  5
8134,149003,17092023,26092023 043815,   2, 43196.5, 18.886, 53.894,0.202404,359.8, 87.772,2.43e+01, 16.7, 0.3, 59
8135,149100,04032018,26092023 032459,  87, 43231.3,  0.904, 52.551,0.139439,354.2,103.137,4.25e+00, 16.2, 9.7, - 
8136,149101,03072022,25092023 161947,   4, 43241.1, 18.164,267.719,0.405785,  0.0,282.921,1.16e+01, 17.0, 0.3, 41
8137,149201,23012017,26092023 183027,  10, 44168.4, 19.754,342.347,0.222373,359.6, 52.338,2.12e+01, 17.1, 2.4,331
8138,149202,14032018,26092023 000935,   0, 43254.8,  1.148,302.685,0.010389,356.9,136.123,2.89e-02, 16.6, 0.1,  2
8139,149204,14032018,26092023 023629,  14, 43283.7,  1.716,252.083,0.019281,  1.3, 93.234,8.29e-03, 17.5, 0.8, 90
8140,149208,19082020,26092023 181921, 384, 43355.3, 10.394,318.672,0.031285,359.5,104.367,9.59e-01, 17.5,12.6, - 
8141,149209,16052022,25092023 171340,  44, 43253.6,  1.166,289.075,0.025396,358.2,290.032,1.00e-02, 17.3, 1.0,111
8142,149210,22032023,26092023 015949, 184, 43200.3, 11.928, 78.784,0.284600,359.9,137.826,9.49e+00, 17.5, 8.5, - 
8143,149300,26042011,26092023 004243,   2, 43315.5, 21.631, 48.436,0.029970,359.8,244.429,8.53e+00, 15.7, 0.4, 71
8144,149301,03082016,26092023 003808,   2, 43064.0,  3.344,  4.373,0.248765,357.7, 74.012,3.06e+00, 17.1, 0.4, 75
8145,149303,18022018,25092023 183041, 634, 43240.6, 25.964,340.408,0.287525,359.7,161.734,1.32e+01, 17.4, -  , - 
8146,149304,29012020,25092023 220523, 391, 43238.0, 36.752, 35.852,0.532232,359.8,151.347,1.95e+01, 16.7,34.7, - 
8147,149305,22062023,26092023 005255,   0, 43278.7,  3.723,239.745,0.016759,  1.0,  2.554,1.52e-02, 10.3, 0.1,  1
8148,149400,12042018,26092023 203148,  65, 42555.8,  5.055, 79.230,0.703670,359.7,139.048,1.03e+01, 14.2,38.5, - 
8149,149401,21062018,26092023 052841,   3, 43508.8, 17.536, 12.436,0.363971,359.6,109.866,4.31e+00, 15.3, 1.4,246
8150,149402,24082019,25092023 053619, 239, 43285.7, 10.869,310.007,0.023411,359.6,189.329,3.15e+00, 17.8,21.7, - 
8151,149403,01082022,25092023 072304, 404, 43271.3,  8.851, 66.547,0.096559,359.6,168.234,9.60e+00, 17.8, -  , - 
8152,149500,15122006,25092023 185217, 189, 43438.1,  0.473,311.613,0.173859,351.5,234.491,7.24e+00, 17.2, -  , - 
8153,149501,21092009,25092023 110058, 177, 43365.3,  8.025,322.359,0.138141,359.3, 56.568,4.65e+00, 15.9, 8.0, - 
8154,149502,20092011,26092023 173114, 173, 43541.9,  9.239,300.471,0.058269,359.6,138.813,2.25e+00, 17.6,91.1, - 
8155,149503,22022017,25092023 194946,1251, 43034.9, 24.348, 91.329,0.512471,  0.0, 47.090,1.46e+01, 17.0, -  , - 
8156,149504,02092018,25092023 031027, 298, 47602.7,  4.963,172.877,0.636561,  1.5,353.044,2.76e+01, 16.8,44.2, - 
8157,149505,25012020,25092023 163304,1337, 43143.5, 15.561, 22.574,0.755389,359.5,188.293,3.11e+01, 17.7, -  , - 
8158,149600,19072021,26092023 024848, 796, 43179.3, 35.937, 30.145,0.665540,359.8,193.334,3.21e+01, 18.0, -  , - 
8159,149601,04092023,25092023 112907,  14, 43334.7, 11.146,299.234,0.184954,359.7,  1.448,1.91e+00, 17.9, 8.7, - 
8160,149700,08082016,25092023 095333,1993, 43348.4, 10.069, 40.003,0.055871,359.4,165.619,4.41e+00, 17.8, -  , - 
8161,149701,13092017,26092023 022825, 282, 43404.2,  4.432,354.222,0.189601,358.3,143.854,8.47e+00, 17.4,85.6, - 
8162,149703,31012023,25092023 185809, 164, 43354.3,  1.106,318.446,0.059778,355.4,215.697,1.79e-01, 18.2, 8.1, - 
8163,149800,20012009,25092023 081826,   9, 43373.3, 12.036,313.708,0.028181,359.6, 74.148,2.70e-02, 15.6, 0.2, 36
8164,149802,22072015,25092023 212521,1512, 43454.9, 14.775, 42.916,0.072245,359.6,327.105,5.63e+00, 17.0, -  , - 
8165,149804,02032017,26092023 082403, 984, 43398.7, 10.070, 43.409,0.096130,359.4, 62.121,3.52e+00, 17.4, -  , - 
8166,149805,24072017,26092023 054336,  37, 43384.7, 13.063,310.200,0.024143,359.6, 59.524,2.01e-01, 17.3, 1.2,188
8167,149808,12032018,26092023 030431,  67, 43435.9,  3.766, 77.663,0.216392,359.5,100.380,8.45e+00, 16.9,18.6, - 
8168,149811,09022021,26092023 053809, 200, 43415.9,  0.877,111.823,0.118580,  3.6, 48.058,5.75e+00, 16.9,76.0, - 
8169,149900,18012009,25092023 185901,   2, 43388.7,  8.023, 38.574,0.027024,359.2, 46.527,1.16e-02, 11.3, 0.1,  1
8170,149901,10092007,25092023 080658,4202, 43468.7, 27.489, 18.232,0.056508,359.7,214.379,1.02e+01, 16.5, -  , - 
8171,149902,10032015,25092023 110414,2016, 43346.6, 15.704,335.833,0.371955,359.6,138.897,3.61e+00, 15.5, -  , - 
8172,149903,03082016,26092023 035025, 838, 43377.5, 10.098, 44.605,0.191271,359.5,116.744,4.62e+00, 16.5, -  , - 
8173,149904,02032017,26092023 061426,2053, 43392.1, 15.303, 40.269,0.073003,359.6, 77.170,8.74e+00, 17.4, -  , - 
8174,149905,03042017,25092023 195302,2347, 43297.9, 40.524, 25.717,0.566546,359.8,150.657,1.93e+01, 16.6, -  , - 
8175,149907,05052019,25092023 231506, 473, 43385.5,  6.864, 66.237,0.010711,359.5,169.212,1.03e+01, 17.2, -  , - 
8176,150000,23062015,25092023 214233, 274, 43409.0,  9.387, 60.577,0.052724,359.6, 59.423,4.10e+00, 17.2, 8.9, - 
8177,150001,17122015,26092023 101040,1987, 43454.7, 21.434, 42.435,0.280474,359.7, 97.253,9.14e+00, 17.2, -  , - 
8178,150004,27032020,25092023 150850,1250, 43417.1, 14.250, 59.162,0.198287,359.7, 94.412,8.58e+00, 17.4,94.5, - 
8179,150006,15042023,26092023 072323, 160, 43389.3,  9.847, 84.542,0.382961,359.9, 93.930,4.85e+00, 17.7, 4.9,636
8180,150100,08012008,25092023 144156,   1, 43444.8,  9.278, 60.594,0.023879,359.6,112.839,1.00e-02, 11.0, 0.1,  1
8181,150101,06102005,25092023 190656, 306, 37065.2,  6.395,244.463,0.335848,  0.5,263.474,3.57e+01, 17.1, -  , - 
8182,150102,13092010,25092023 225422,4736, 43475.8, 23.303, 28.879,0.028484,359.7, 96.062,8.94e+00, 14.1, -  , - 
8183,150105,31122019,25092023 093429,  93, 43475.1, 19.396, 52.586,0.231840,359.8,146.443,2.37e+00, 16.2,21.0, - 
8184,150106,08122020,26092023 153359, 243, 43449.5, 10.366, 61.125,0.067895,359.6,169.874,9.89e+00, 16.9, -  , - 
8185,150107,21032022,26092023 091055, 547, 43523.7, 27.575, 42.629,0.356924,359.8, 97.651,2.07e+01, 17.7, -  , - 
8186,150200,24042011,26092023 133217,  99, 43174.7, 11.385,313.412,0.022895,359.6, 65.805,3.02e+00, 17.5,48.1, - 
8187,150201,20082007,26092023 125110,   1, 43595.2,  4.304,247.801,0.123123,  0.7,243.634,6.94e+00, 13.8, 0.4, 75
8188,150205,08062022,25092023 212723, 134, 43439.1,  1.122,281.315,0.043676,358.9, 97.579,4.93e-01, 17.7,17.6, - 
8189,150300,03042011,25092023 194745,2724, 43423.3, 14.299, 46.805,0.154252,359.6,166.569,5.49e+00, 17.2, -  , - 
8190,150301,22082015,26092023 124453,2924, 43591.3, 33.336, 18.943,0.214169,359.8,176.831,3.75e+01, 16.4, -  , - 
8191,150303,13122020,25092023 192239,1013, 43555.4, 29.956,  7.122,0.131775,359.7,246.282,1.03e+01, 18.1, -  , - 
8192,150304,25012023,25092023 152352,  56, 43467.6, 10.556, 68.549,0.147140,359.7, 79.830,1.09e+01, 16.9, 4.4,548
8193,150401,01122017,25092023 085015,1439, 43491.8, 10.775,308.224,0.033302,359.6,148.277,1.09e+00, 16.2,64.6, - 
8194,150403,16072021,26092023 091345, 740, 43443.2,  2.363,110.617,0.155702,  1.1,111.857,8.78e+00, 16.6,43.0, - 
8195,150404,27052023,25092023 205934,  99, 43485.6, 20.094, 54.527,0.054429,359.8,112.651,4.72e+00, 16.6, 2.4,388
8196,150500,14032022,26092023 055349,  17, 43469.1,  1.745,129.014,0.205312,  2.8, 93.359,7.76e+00, 17.0, 4.9,879
8197,150600,06102005,26092023 112501, 135, 43542.5,  9.880,303.434,0.065835,359.6,160.461,1.42e+00, 17.1, 6.2,996
8198,150602,16092017,25092023 232255, 214, 43513.8,  8.652,300.741,0.129661,359.6,234.035,2.11e+00, 17.8,25.9, - 
8199,150700,23112006,26092023 081739,2040, 42999.1,  8.832, 59.667,0.311619,359.6,138.817,3.23e+00, 18.1, -  , - 
8200,150701,17122011,25092023 213120,   2, 43514.3,  8.203,299.360,0.081648,359.6,201.017,1.65e+00, 16.7, 0.1, 12
8201,150702,07112015,26092023 131354,  11, 43518.3,  1.518,264.347,0.367640,  0.5,329.211,3.82e+00, 16.8, 0.3, 39
8202,150703,27102021,26092023 041145, 186, 43548.5,  2.732, 68.233,0.020277,358.9,117.329,7.90e-01, 17.6, 5.0,903
8203,150704,24032023,25092023 160656, 163, 43542.4,  5.750,285.530,0.144004,359.7,181.176,3.64e+00, 17.5, 3.7,499
8204,150800,04022016,26092023 054340,  38, 43920.0, 20.689, 15.138,0.427525,359.6,169.880,1.28e+01, 17.5, 3.7,650
8205,150801,21042018,25092023 185310,  32, 43578.4,  1.151,315.214,0.032097,355.8,232.587,6.48e-02, 16.3, 0.7, 49
8206,150900,17072017,26092023 093927, 215, 44527.5, 29.844, 22.395,0.335106,359.8,297.008,2.48e+01, 16.7,59.0, - 
8207,151000,22112006,25092023 185521,5618, 43601.4,  5.107, 21.960,0.013650,358.6,123.381,3.33e+00, 16.4, -  , - 
8208,151001,13102018,25092023 121616,1468, 43641.7, 17.247, 73.908,0.303221,359.9,155.538,1.82e+01, 17.1, -  , - 
8209,151100,17102013,25092023 204412, 126, 43638.4,  9.680,299.641,0.063181,359.6,245.382,8.77e-02, 16.7, 3.7,385
8210,151101,13032018,26092023 074712,   1, 43629.3,  1.967,243.562,0.003989,  1.7,136.807,1.50e-01, 16.8, 0.1,  6
8211,151102,25122019,26092023 181843, 282, 43699.0, 20.901, 59.369,0.102236,359.8,117.704,3.06e+00, 16.0,12.9, - 
8212,151103,27082022,25092023 234922,  35, 43573.6,  3.915,142.004,0.077262,  1.5, 33.314,1.63e+01, 17.4, 2.9,469
8213,151200,23072017,25092023 062515,2041, 43632.1,  8.805,313.597,0.130246,359.4,218.532,1.81e+00, 16.4, -  , - 
8214,151201,21122019,26092023 014829,  36, 43609.6, 22.238, 54.426,0.227846,359.8,163.714,4.28e+00, 16.8, 0.8,134
8215,151202,05102021,26092023 025301,   0, 43659.9,  4.643,337.968,0.034325,358.5,337.649,3.05e+00, 17.1, 0.1, 23
8216,151300,07082011,25092023 080503,   0, 43747.8,  6.244, 17.916,0.090886,358.8, 43.771,3.31e+00, 16.0, 0.1, 12
8217,151301,09092015,26092023 155537,  17, 43671.5, 12.953,314.304,0.035764,359.6, 86.789,5.86e-02, 17.3, 0.5, 20
8218,151302,13032018,26092023 072404,2000, 43634.1,  3.461,104.037,0.220464,  0.5, 76.365,8.37e+00, 17.2, -  , - 
8219,151303,11092023,26092023 134752,   5, 43634.7,  9.666, 77.297,0.212080,359.8, 87.148,1.02e+01, 14.1, 0.3, 50
8220,151400,22062007,25092023 145217,  11, 43693.3,  5.265,319.072,0.026595,359.0,  9.809,1.61e-01, 13.9, 0.2, 29
8221,151402,26082019,26092023 055324,1252, 43824.4,  7.299,156.292,0.648662,  0.9,  4.356,1.01e+01, 15.6, -  , - 
8222,151403,11122020,26092023 121937,   1, 43689.2,  5.378,299.711,0.026265,359.3,354.123,1.00e-02, 10.8, 0.1,  1
8223,151404,22122022,26092023 105545, 167, 43643.3,  8.433, 74.208,0.124508,359.7, 58.440,1.17e+01, 15.3,37.9, - 
8224,151405,16022023,25092023 090135,   8, 43675.1,  5.269,299.441,0.083494,359.3,265.848,3.98e+00, 16.7, 3.0,528
8225,151406,25052023,25092023 102453,  10, 43695.1,  5.257,297.617,0.146691,359.4,268.146,5.21e+00, 17.6, 0.8,124
8226,151407,12092023,25092023 111540,   8, 43677.1,  3.775,334.384,0.051111,358.2,  5.480,7.01e-02, 17.8, 0.1,  7
8227,151500,23042009,25092023 210320,   1, 44441.6, 14.318,  0.199,0.195118,359.5,217.606,8.51e+00, 15.6, 0.3, 49
8228,151501,10042018,26092023 034154,   5, 43701.9,  1.792,247.228,0.007683,  1.6,310.399,8.21e-02, 17.6, 0.3, 25
8229,151502,22012022,26092023 181132,   2, 43708.2,  2.013, 86.058,0.026540,359.7,351.326,1.00e-02, 10.3, 0.1,  1
8230,151600,19082007,25092023 235743, 144, 43809.1, 31.667,  3.395,0.222927,359.8,236.447,1.10e+01, 16.0,18.9, - 
8231,151601,13032020,26092023 001040, 512, 43706.9, 21.679, 51.208,0.090506,359.8, 16.709,7.62e+00, 16.5, -  , - 
8232,151700,09082005,26092023 040707,2660, 43106.0, 13.525, 59.426,0.052277,359.7, 29.047,7.46e+00, 15.9, -  , - 
8233,151702,29072020,26092023 044813,   2, 43768.5, 12.300,284.418,0.485706,359.9,228.444,1.30e+01, 15.4, 0.3, 55
8234,151800,13022013,26092023 115528,   5, 44038.7, 23.832, 25.793,0.300399,359.7,149.119,1.18e+01, 16.5, 0.6, 62
8235,151801,16032015,25092023 165024, 429, 43905.2, 23.701, 32.735,0.435671,359.7,148.521,1.28e+01, 17.1,47.3, - 
8236,151802,01092016,26092023 135109,1840, 43745.3,  3.759,335.300,0.050432,358.2,  8.314,1.57e+00, 18.4, -  , - 
8237,151803,09032018,26092023 094625, 869, 43766.8,  1.285,267.654,0.015525,  0.3,307.371,1.59e-02, 18.2, 1.9,113
8238,151804,11032018,25092023 081447,  68, 43751.0,  1.650,251.127,0.002225,  1.4,355.039,8.69e-02, 17.2, 2.1,244
8239,151806,30072022,25092023 170543, 345, 43731.2, 13.082,290.168,0.149669,359.8,297.937,1.56e+01, 17.6,25.2, - 
8240,151900,23012007,25092023 220107,   2, 45973.5, 27.469,331.180,0.439794,359.8,197.897,1.27e+01, 16.0, 0.2, 23
8241,151901,14022019,25092023 223347, 334, 43582.4, 13.487,289.853,0.043359,359.8,136.779,2.81e+01, 17.7, -  , - 
8242,151902,16012023,25092023 185953, 247, 43789.9, 12.236,318.047,0.046798,359.5,110.533,1.40e-01, 17.2, 2.2,380
8243,152000,21032014,25092023 205750,   4, 43825.0, 10.395,317.802,0.025597,359.5,156.409,4.15e-01, 17.2, 0.2, 37
8244,152001,09042016,25092023 184211,   1, 43763.2, 29.708,339.180,0.302989,359.8,217.631,1.21e+01, 16.3, 0.4, 48
8245,152002,09022019,26092023 054105,1643, 43809.7,  9.570,344.300,0.138901,359.2,253.792,3.68e+00, 17.9, -  , - 
8246,152003,13112021,26092023 064953, 289, 43822.7, 21.247, 56.890,0.105068,359.8,102.054,6.48e+00, 16.1, -  , - 
8247,152004,22122022,25092023 180853,  35, 43451.0, 18.576, 17.016,0.598476,359.6,199.798,2.15e+01, 16.5,47.3, - 
8248,152101,28012020,26092023 161409, 296, 43754.6, 25.366, 58.570,0.575142,359.8, 80.425,1.57e+01, 17.0, -  , - 
8249,152102,11112021,26092023 042322,  60, 43957.7, 10.707,113.980,0.477225,  0.3,345.344,2.60e+01, 17.1, 7.3, - 
8250,152103,12012023,25092023 213613, 102, 43868.0, 13.826, 33.178,0.504200,359.5,221.054,5.64e+00, 16.9, 6.7,615
8251,152200,31082008,26092023 132822,1754, 44031.5,  4.550, 68.233,0.405017,359.3, 64.684,1.50e+01, 15.4, -  , - 
8252,152203,04102019,25092023 091236,  31, 44375.6,  5.266,166.833,0.635767,  1.4,337.703,9.61e+00, 16.5,33.3, - 
8253,152205,12112022,25092023 225303,  36, 43841.2,  7.226,346.665,0.147104,359.0, 84.600,1.51e+00, 17.7, 2.2,391
8254,152302,29122019,26092023 091443,1316, 43871.4, 23.157, 56.556,0.243751,359.8,130.368,2.94e+00, 17.1, -  , - 
8255,152304,05112021,25092023 195636, 574, 44674.6, 25.754,  7.433,0.210655,359.7, 65.592,2.23e+01, 16.2, -  , - 
8256,152400,11082012,25092023 215800,   7, 43827.4, 12.736,294.511,0.198342,359.8,210.763,1.93e+00, 15.7, 0.9,169
8257,152401,14072023,25092023 074332,  63, 43876.5, 15.262,309.548,0.060501,359.7,  3.294,8.68e-02, 17.3, 1.7,296
8258,152500,24112008,25092023 204726,   9, 44365.7,  4.471, 17.169,0.036569,358.4,244.189,2.81e+00, 15.5, 1.3,223
8259,152501,22112016,26092023 075920,   1, 44778.4, 10.325, 50.259,0.556562,359.5, 80.079,2.95e+01, 15.0, 0.6,109
8260,152502,06092016,26092023 092249,   9, 43888.4,  8.602,334.569,0.184267,359.2,134.682,3.68e+00, 17.1, 0.7, 70
8261,152503,07112019,26092023 151337, 110, 43900.1, 19.593, 54.659,0.046886,359.8, 81.373,3.91e-02, 16.9, 3.0,517
8262,152504,15022023,26092023 172858, 153, 43867.4,  1.987,143.928,0.245894,  3.1, 51.571,6.21e+00, 17.8, 8.0, - 
8263,152505,02042023,25092023 233113,   4, 43835.7,  2.649,199.454,0.187275,  2.7, 53.766,7.91e+00, 17.8, 0.9,150
8264,152600,04121999,25092023 054204,   1, 43920.4, 11.922,311.287,0.002977,359.6, 46.362,1.07e-02, 12.7, 0.1,  1
8265,152601,13042018,25092023 082559,   5, 43918.9,  1.514,255.200,0.008166,  1.2, 11.659,1.64e-01, 16.7, 0.1, 12
8266,152700,06122010,25092023 143910,   1, 43958.0,  6.110,296.569,0.219234,359.5,147.121,2.66e+00, 15.2, 0.3, 45
8267,152701,19072017,26092023 003717,   4, 43916.0, 10.313,293.864,0.156064,359.7,206.626,2.42e+00, 17.0, 0.2, 25
8268,152702,07042018,25092023 044923,   5, 44000.6,  2.121,239.249,0.025425,  1.8,312.599,1.22e+00, 16.3, 0.9,157
8269,152800,21012009,26092023 154654,  11, 43895.9,  9.215,297.807,0.025138,359.6, 86.366,4.59e+00, 17.0, 0.6,111
8270,152802,02012020,26092023 054745,  20, 43948.1, 19.779, 55.470,0.055783,359.8, 58.374,6.23e-02, 16.8, 1.1, 81
8271,152804,25042022,25092023 084823, 517, 43988.6, 19.234,357.148,0.062813,359.6,153.143,6.60e+00, 17.2,43.3, - 
8272,152900,06012013,26092023 160322,  14, 43885.7, 10.742,313.145,0.166890,359.5, 27.085,2.33e+00, 16.0, 2.9,479
8273,152901,20122017,26092023 103717, 680, 43290.4, 35.628,338.387,0.310556,359.8,242.559,3.09e+01, 17.6, -  , - 
8274,153000,03042011,25092023 063733,  11, 43806.5, 13.332,316.125,0.074936,359.6, 77.975,1.29e+00, 16.6, 1.2,209
8275,153001,01082019,26092023 132646, 449, 43547.8, 11.955, 66.772,0.477829,359.7,160.573,1.82e+01, 17.9, -  , - 
8276,153002,14082021,25092023 204416, 772, 43995.1,  2.665, 89.258,0.036599,359.9,197.862,6.34e-01, 15.8,88.2, - 
8277,153101,25042020,26092023 013905,1219, 43967.1, 16.199, 60.653,0.485678,359.8,106.805,1.53e+01, 17.8, -  , - 
8278,153102,26042023,26092023 121832, 149, 44003.0,  8.778,295.156,0.135327,359.7,167.698,1.63e+00, 17.1, 5.1,788
8279,153200,15012010,26092023 121808,  16, 43789.2, 10.028,306.635,0.049352,359.6,203.281,1.44e+00, 16.5, 2.4,395
8280,153203,01112016,25092023 205425, 101, 42985.1,  8.144,289.788,0.340196,359.7,309.160,3.07e+01, 16.1,14.8, - 
8281,153204,19082022,26092023 111331, 227, 44030.5,  5.026,264.417,0.191639,  0.2,185.576,6.21e+00, 17.1,99.0, - 
8282,153301,09042018,25092023 202518, 164, 44042.8,  1.399,255.924,0.025697,  1.3,117.007,1.74e-02, 17.6, 5.2,466
8283,153302,23082023,26092023 003144,  29, 44041.2, 10.712,327.101,0.039840,359.4, 42.991,1.84e+00, 17.3,16.5, - 
8284,153401,14112018,25092023 053332,  10, 44052.0,  8.282,292.428,0.086302,359.7,209.474,3.71e+00, 16.8, 3.2,552
8285,153402,05022019,26092023 122628,  11, 44066.6, 11.858,321.628,0.093383,359.5,346.344,1.21e+00, 17.0, 0.9, 77
8286,153404,13012023,26092023 013641, 168, 43958.7,  9.228, 82.994,0.515503,359.9, 50.805,2.73e+01, 16.8,20.7, - 
8287,153500,15062023,25092023 133127,  61, 44112.9, 11.093,296.916,0.340922,359.7,300.479,6.28e+00, 17.4,46.1, - 
8288,153600,09022016,25092023 173139,  70, 46484.1, 10.332, 29.036,0.138978,359.4,334.363,1.35e+01, 16.6, 6.5, - 
8289,153601,08032018,25092023 232702, 475, 44097.1,  1.113,278.949,0.044406,359.2,278.734,1.54e-01, 18.0,50.4, - 
8290,153603,29082019,26092023 111730, 717, 44391.4,  6.978,125.948,0.604366,  0.6,  8.942,5.06e+00, 16.4, -  , - 
8291,153604,29072022,26092023 002734,  40, 44140.3,  7.749, 82.094,0.288450,359.8,104.665,7.51e+00, 15.9,12.6, - 
8292,153700,26072014,26092023 174854,   9, 44113.0, 22.016, 45.251,0.072981,359.7,279.032,9.90e+00, 16.3, 0.9,144
8293,153701,17022020,25092023 214351,  94, 46536.6, 36.905, 22.055,0.766397,359.8,150.015,7.10e+01, 16.4,29.9, - 
8294,153702,04082021,26092023 075344, 515, 44159.1, 10.923, 74.089,0.271473,359.8,128.680,8.67e+00, 16.6, -  , - 
8295,153800,08032018,26092023 141758,   0, 44166.6,  1.654,231.260,0.077552,  2.7,284.625,2.54e+00, 15.9, 0.3, 47
8296,153802,09082022,25092023 094250,  28, 44149.8,  7.450, 76.666,0.116860,359.7,139.371,7.10e+00, 16.6,16.8,927
8297,153803,27032023,26092023 141331, 124, 44083.1,  5.156,115.861,0.225244,  0.6, 76.036,1.41e+01, 16.3,22.4, - 
8298,153900,30082021,26092023 055611, 147, 44165.1,  7.668, 75.258,0.121859,359.7,252.835,6.96e+00, 16.6,21.2, - 
8299,153901,28032022,25092023 142431, 130, 44091.5,  8.106, 82.778,0.308672,359.9,103.366,1.51e+00, 16.9,33.5, - 
8300,153902,14112022,25092023 213438, 235, 44127.9,  6.242,280.895,0.132213,359.8,232.802,9.65e+00, 15.3,60.8, - 
8301,153903,15042023,26092023 072500,  61, 44152.1,  6.848, 78.181,0.147453,359.8,133.614,6.50e+00, 17.1,33.4, - 
8302,154000,21072017,26092023 052448,   0, 44201.3,  3.955,  7.113,0.093487,358.1,281.346,2.18e+00, 17.4, 0.1,  6
8303,154001,17122018,26092023 013723,1307, 44950.8, 23.831,354.877,0.199614,359.7,327.957,2.57e+01, 16.9, -  , - 
8304,154002,03062019,26092023 155344,  89, 44188.4, 21.607, 54.201,0.266062,359.8,132.027,8.28e+00, 15.1,32.4, - 
8305,154003,14042020,26092023 003341, 567, 44127.5, 10.293, 73.221,0.201475,359.8,143.752,6.87e+00, 16.0, -  , - 
8306,154005,28032022,26092023 074001, 160, 44172.6,  7.987, 78.135,0.202995,359.8,125.914,8.15e+00, 15.7,28.4, - 
8307,154006,13062023,26092023 150425,  19, 44186.8,  6.773, 78.520,0.090305,359.8,154.880,1.87e+00, 16.4, 0.2, 31
8308,154100,25112009,25092023 095925,   9, 44198.0, 13.262,319.675,0.048066,359.6, 77.599,3.72e-02, 16.5, 0.1, 18
8309,154101,16042020,26092023 095106,   3, 44100.1,  7.759, 77.986,0.191606,359.8,131.695,5.24e+00, 16.4, 2.2,372
8310,154103,23032022,26092023 142032,  33, 44170.5,  6.748, 78.217,0.183205,359.7,141.935,4.99e+00, 17.0, 1.4,221
8311,154104,06052022,25092023 235924, 130, 44212.7,  6.958, 77.281,0.098707,359.7,133.840,4.38e+00, 16.7,55.8, - 
8312,154105,22082023,25092023 090807,  32, 44150.4,  7.178, 77.974,0.193072,359.8,191.488,8.85e+00, 14.4,87.8, - 
8313,154200,17112015,25092023 203259,  98, 44220.7, 15.655, 49.919,0.350391,359.7,129.928,1.44e+01, 16.6,21.0, - 
8314,154201,24032018,26092023 121451,   4, 44211.0,  1.402,254.857,0.035732,  1.4,313.877,1.00e+00, 17.0, 0.2, 36
8315,154202,01092021,26092023 091936,   1, 44223.2,  6.799, 80.796,0.262667,359.8,134.368,8.23e+00, 14.3, 0.5, 82
8316,154203,10092021,25092023 212156,  10, 44072.9,  7.490, 81.482,0.334432,359.8,122.753,9.18e+00, 16.9, 1.4,249
8317,154205,05072022,26092023 004356,  43, 44224.8,  8.654, 72.395,0.093914,359.7, 40.849,7.18e+00, 16.3,25.7, - 
8318,154206,30012023,26092023 102524, 178, 44214.6,  9.349,296.517,0.098345,359.7,217.704,8.87e-01, 17.8, 0.9,132
8319,154300,30062022,25092023 235205,  40, 44212.5,  6.380, 81.291,0.124037,359.8, 76.059,8.16e+00, 16.0, 2.0,336
8320,154301,29042023,25092023 054935, 146, 44236.0, 10.237,300.254,0.047820,359.6,337.963,4.31e+00, 17.3, -  , - 
8321,154302,14052023,26092023 030727, 127, 44346.2,  7.686,150.168,0.629710,  0.9,299.764,6.86e+00, 18.0, -  , - 
8322,154400,23062007,25092023 072851,   3, 44432.9,  9.810,303.412,0.061627,359.6,239.554,1.72e+00, 13.6, 0.6,103
8323,154402,25102017,26092023 041120, 658, 44244.0, 12.133, 79.693,0.029252,359.9, 17.173,8.76e+00, 16.9, -  , - 
8324,154403,17042020,26092023 114901,1248, 44263.6, 14.559, 63.242,0.388831,359.8, 96.267,1.32e+01, 17.2, -  , - 
8325,154404,07112021,26092023 023402, 388, 44356.6, 29.280, 43.495,0.373034,359.8,202.152,2.90e+01, 16.6,90.4, - 
8326,154500,15082018,25092023 182005, 153, 44318.8,  9.493,295.369,0.172057,359.7,189.306,3.20e+00, 16.9,21.8, - 
8327,154501,22092019,25092023 041048,   3, 44697.2,  0.966,339.015,0.050609,353.2,246.156,2.06e+00, 15.8, 0.1, 20
8328,154600,20032017,26092023 103938,2377, 44069.9, 34.837, 26.547,0.764242,359.8,163.424,3.72e+01, 17.3, -  , - 
8329,154601,16032018,26092023 090831,   1, 44303.5,  1.242,266.954,0.032409,  0.4,310.419,2.72e-02, 16.4, 0.1,  4
8330,154603,05042022,26092023 083846, 238, 44347.5,  6.349,279.957,0.096978,359.8,267.324,2.45e+00, 18.0,63.9, - 
8331,154700,14032018,25092023 145545, 214, 44282.4,  0.651,283.131,0.082204,358.0,275.746,3.19e+00, 18.1,27.4, - 
8332,154702,23032022,26092023 200243, 153, 44007.8, 12.586,144.698,0.766261,  0.5, 46.290,1.86e+01, 16.6,80.8, - 
8333,154800,09092013,26092023 055201,  93, 44270.4, 14.545,287.058,0.069788,359.9,324.645,3.93e+00, 17.0,28.2, - 
8334,154801,20112020,26092023 005458, 258, 32420.7,  9.851,201.319,0.404813,  0.7,355.338,5.67e+00, 16.3,49.7, - 
8335,154802,27032023,26092023 065501, 153, 44339.7,  8.124,291.289,0.248169,359.7,247.836,7.77e+00, 17.5,46.9, - 
8336,155004,01042022,26092023 020134, 536, 44405.4,  1.465, 27.746,0.331960,355.2, 14.608,3.18e+00, 16.1, 8.9, - 
8337,155005,24082022,26092023 020337,  34, 44354.8,  5.661,258.202,0.103709,  0.3,241.507,4.83e+00, 17.4, 0.8,133
8338,155006,15092023,26092023 121145,   4, 44373.0, 32.528,345.200,0.414723,359.8,225.303,1.13e+01, 17.1, 0.3, 44
8339,155100,25062012,25092023 173100, 312, 44057.7, 21.581,311.156,0.383570,359.8,286.584,2.01e+01, 17.4, -  , - 
8340,155102,11032018,26092023 152101, 131, 44293.8, 14.521, 40.829,0.338741,359.6,171.226,9.64e+00, 17.2, 5.7, - 
8341,155103,27122018,25092023 101850,  42, 44327.1,  0.723,221.802,0.096884,  7.0,325.801,3.34e+00, 16.9, 2.6,450
8342,155200,22032018,26092023 023501,  74, 44425.3,  1.036,309.330,0.020595,355.9,305.839,3.70e-02, 17.3, 1.2,175
8343,155202,21092020,26092023 013532,1069, 44228.1,  9.510,101.691,0.431476,  0.2,130.419,1.72e+01, 18.0,83.5, - 
8344,155300,09112018,25092023 225554,   3, 44142.6,  0.818,302.839,0.051359,355.7,313.071,1.13e-01, 17.3, 0.7, 36
8345,155301,14122018,25092023 152812, 211, 44052.9, 14.096,308.008,0.063958,359.7,104.671,1.66e+00, 17.2, 6.2, - 
8346,155400,31052008,26092023 025218, 448, 44371.7, 21.225, 47.467,0.381088,359.7,163.459,9.40e+00, 16.3,19.1, - 
8347,155401,28092008,25092023 051312,   1, 44609.8,  9.924,309.625,0.070948,359.5,126.129,1.74e+00, 14.8, 0.4, 67
8348,155402,28062011,26092023 102715,   3, 44484.0, 21.906, 46.351,0.050686,359.8,251.587,9.45e+00, 15.1, 0.2, 30
8349,155403,09102018,25092023 103409,  24, 44313.1, 16.083,303.336,0.454673,359.7,212.456,1.38e+01, 15.3,21.9, - 
8350,155500,28102021,25092023 090319, 152, 44472.0,  6.961,285.234,0.225434,359.7,239.212,3.95e+00, 17.2,47.8, - 
8351,155600,16102015,25092023 235156,   0, 44493.0, 12.678,325.238,0.062254,359.5, 97.257,8.53e-02, 17.3, 1.0, 92
8352,155602,20082018,26092023 000623, 242, 45357.0, 24.772, 65.680,0.067941,359.9,179.644,1.68e+01, 15.6,67.6, - 
8353,155603,06022022,26092023 230915, 581, 44379.9, 15.276, 96.530,0.476499,  0.0, 88.460,2.06e+01, 16.4, -  , - 
8354,155700,13122010,25092023 091614,   9, 44506.8, 18.818,329.125,0.072402,359.7,131.083,9.78e-02, 15.8, 0.2, 35
8355,155701,26072017,25092023 203224, 122, 44046.8, 22.581, 49.303,0.697444,359.8,140.983,3.31e+01, 16.5,18.2, - 
8356,155702,17062018,25092023 224415,   0, 44503.6,  2.123,239.310,0.021615,  1.8, 26.287,7.68e-02, 16.4, 0.1,  4
8357,155704,02072022,26092023 012446,   1, 44500.3,  1.341, 93.431,0.042160,  0.3, 24.732,1.15e-02, 10.3, 0.1,  1
8358,155705,26092022,26092023 063936,   7, 44511.3, 18.943,329.410,0.067005,359.7,139.632,3.03e-01, 16.5, 0.2, 26
8359,155706,15072023,25092023 144023,  12, 44512.6,  6.619,305.585,0.168597,359.4, 18.175,3.32e+00, 16.8, 2.5,420
8360,155800,09042018,26092023 104446,1991, 45278.7, 11.971,288.970,0.600815,359.8,313.864,2.65e+01, 16.8, -  , - 
8361,155801,09082019,25092023 211030, 280, 44517.8,  7.659, 70.590,0.087730,359.7,358.335,6.66e+00, 17.0,30.1, - 
8362,155803,19012021,25092023 223634, 391, 44604.0, 26.809,330.161,0.333256,359.8,197.491,2.82e+01, 15.8, -  , - 
8363,155902,20032018,26092023 020836, 179, 44853.2,  3.287,142.616,0.391258,  1.8, 38.620,4.17e+00, 17.7, -  , - 
8364,155903,16042019,26092023 061747,   3, 44568.9,  0.938,271.866,0.069543,359.9,300.920,1.80e+00, 16.7, 0.8,135
8365,155904,23032021,25092023 124425, 512, 44547.9,  1.847,239.577,0.073867,  2.0,334.585,1.78e+00, 18.6,41.5, - 
8366,156002,11102021,26092023 032312, 697, 44582.8, 16.368, 58.354,0.185142,359.7,182.554,2.06e+01, 17.3,65.2, - 
8367,156100,15082014,26092023 031024,   2, 44204.6, 31.254, 21.111,0.346861,359.8,185.408,1.72e+01, 16.4, 2.1, 93
8368,156102,23092022,25092023 231516,   3, 44584.9,  8.828,337.063,0.149229,359.2,338.844,1.39e+01, 17.4, 0.3, 37
8369,156200,08072016,26092023 075809,   8, 44649.2,  8.277,274.760,0.160416,359.9,199.692,4.94e+00, 15.9, 0.4, 65
8370,156201,20072017,26092023 025319,1812, 44370.6, 21.226,301.369,0.325417,359.8,169.334,3.25e+01, 16.2, -  , - 
8371,156202,10042023,26092023 141637, 157, 44682.9, 34.141,356.158,0.510861,359.8,180.863,3.43e+01, 16.3,24.6, - 
8372,156300,18122011,25092023 201329,   2, 44621.0, 14.500,310.497,0.110139,359.7,166.672,1.29e+00, 16.0, 0.1,  9
8373,156301,04122016,25092023 135839, 137, 45480.3, 22.744,  7.847,0.130410,359.7,263.689,2.98e+01, 15.9, -  , - 
8374,156302,28032020,26092023 084437,  72, 44551.3, 10.046, 92.437,0.256188,  0.0,125.047,7.99e+00, 17.4, 7.0, - 
8375,156303,17032023,26092023 124101, 162, 44612.3,  0.850,181.435,0.131315,  8.8,  9.026,6.13e+00, 17.3, -  , - 
8376,156304,18042023,26092023 011950,  29, 44622.9,  7.809,289.046,0.192508,359.7,229.383,3.00e+00, 17.7, 1.8,136
8377,156400,13072016,25092023 232358, 166, 44674.6, 12.965,323.732,0.090872,359.5, 79.615,8.89e-01, 17.2,16.3, - 
8378,156402,06082019,26092023 072703,1460, 44503.1, 23.278, 52.034,0.379725,359.8,180.324,1.04e+01, 16.4, -  , - 
8379,156403,02042020,25092023 213103, 789, 44479.7, 31.970, 32.774,0.598631,359.8,118.193,2.06e+01, 16.7,98.8, - 
8380,156500,22072023,26092023 004911,  59, 44658.2,  9.331,296.193,0.146505,359.7, 70.872,3.53e+00, 17.7,62.7, - 
8381,156600,23122016,25092023 233139,   3, 44624.3,  4.579,268.293,0.306236,  0.1,280.341,5.49e+00, 16.9, 0.5, 61
8382,156601,20032018,25092023 080114, 253, 44205.8, 14.619, 82.919,0.623728,359.9,229.003,2.03e+00, 15.8, 6.8, - 
8383,156602,02042019,26092023 021916,1635, 44613.5, 11.583, 87.833,0.307330,360.0,127.257,1.00e+01, 17.9,93.1, - 
8384,156700,03082008,26092023 030013,   1, 44644.3,  9.468,306.861,0.113954,359.5,172.675,2.13e+00, 15.7, 0.1,  5
8385,156701,19112016,26092023 154756,  11, 44693.7,  9.850,312.128,0.072939,359.5,191.873,1.85e+00, 17.2, 0.3, 51
8386,156702,12062018,25092023 111802, 185, 44499.2,  0.894,283.786,0.121670,358.4,191.682,7.43e-02, 17.0, 9.8,978
8387,156703,25032019,25092023 090354,  34, 44677.2,  5.498,294.804,0.206585,359.5,210.216,5.45e+00, 17.0, 2.1,296
8388,156705,22032023,26092023 131323, 169, 44703.6, 13.903,304.730,0.104065,359.7,105.020,2.28e+00, 17.4, -  , - 
8389,156706,15042023,26092023 054303, 160, 44608.9, 41.934, 32.868,0.599802,359.8,167.000,3.23e+01, 16.8, -  , - 
8390,156707,15042023,25092023 181855,  31, 44706.1,  1.128,339.747,0.050428,354.1,319.849,7.55e-02, 17.2, 1.1,108
8391,156800,13122017,26092023 221948, 453, 44385.2, 33.244, 25.605,0.663091,359.8,119.984,2.05e+01, 17.7,41.4, - 
8392,156801,03122019,26092023 015552,   8, 44729.9, 29.168,298.174,0.395514,359.9,291.895,3.49e+01, 15.9, 1.3,235
8393,156900,15042018,26092023 044105, 212, 44683.6, 14.020,122.235,0.217017,  0.3,315.086,8.43e+00, 17.8, 8.7, - 
8394,157000,18082015,26092023 044502,   2, 44820.2, 12.825,319.850,0.149250,359.6, 89.609,1.15e+00, 15.4, 0.4, 68
8395,157100,04082008,25092023 083237,   5, 45824.9, 24.729,339.740,0.262641,359.7,245.704,1.20e+01, 16.7, 0.5, 57
8396,157101,13032018,26092023 023017, 216, 44890.7,  0.616, 19.683,0.125819,347.8,176.343,1.83e+00, 16.5,22.6, - 
8397,157102,16042023,26092023 131256, 153, 44912.6, 25.220, 17.631,0.265104,359.7,268.220,9.71e+00, 17.0, 6.7, - 
8398,157200,18062010,26092023 193327,1923, 44806.8, 16.572, 28.228,0.420455,359.6, 90.400,1.16e+01, 16.3, -  , - 
8399,157201,06112018,26092023 030618,1534, 44789.6, 25.382,285.211,0.460815,359.9,298.716,3.51e+01, 15.8, -  , - 
8400,157205,16022023,25092023 035817,   1, 44788.6,  0.887,325.587,0.059077,353.6,267.138,1.73e+00, 16.5, 0.1, 11
8401,157206,09022023,25092023 222414,   1, 44772.8, 10.121,299.096,0.173566,359.7,156.638,3.33e+00, 17.1, 0.2, 22
8402,157300,13092023,26092023 004344,   9, 44896.0,  3.095, 15.948,0.422216,357.6,109.924,2.17e+01, 17.6,63.5, - 
8403,157400,20012023,25092023 172058, 191, 44835.7, 24.176,329.638,0.157920,359.7,233.209,8.70e+00, 17.3, 7.5, - 
8404,157500,20102011,26092023 035058,   5, 44830.7, 13.954,307.115,0.083540,359.7,211.950,1.21e+00, 15.9, 0.4, 32
8405,157501,23012018,25092023 162353,   8, 44887.9, 39.311,339.795,0.095784,359.8,340.236,2.43e+01, 17.2,10.0,821
8406,157502,06032018,25092023 205726,   1, 44848.8,  1.078,326.384,0.028466,354.6,312.748,2.46e-02, 13.6, 0.1,  1
8407,157600,06122019,26092023 073348,1222, 44813.0, 25.466, 48.922,0.478395,359.8,119.061,1.84e+01, 16.1, -  , - 
8408,157601,24122019,26092023 141452, 213, 44806.4, 20.883, 56.447,0.135928,359.8,117.562,4.03e+00, 16.8,59.5, - 
8409,157700,19032018,25092023 233321,1279, 44965.6,  2.730,125.100,0.243631,  1.6, 40.912,6.39e+00, 15.6, -  , - 
8410,157701,27042022,25092023 142041, 151, 44897.4,  7.192,325.133,0.075424,359.2,  7.621,1.70e-01, 18.2, 1.4,150
8411,157802,28082022,26092023 000158, 152, 44891.1,  1.159,110.987,0.218552,  2.5, 28.340,7.39e+00, 17.3,47.5, - 
8412,157803,20092022,26092023 084248, 197, 44911.1, 11.016,333.687,0.558169,359.4,145.285,1.62e+01, 17.4,14.3, - 
8413,157804,24082023,26092023 015654,  21, 44888.7,  0.220,116.836,0.129736, 29.5,355.795,8.29e+00, 17.5,52.2, - 
8414,157900,29012019,25092023 214832,1454, 44790.8, 23.099, 53.154,0.571155,359.8,118.927,1.66e+01, 15.9, -  , - 
8415,157901,03082019,26092023 030932,1511, 44766.9, 44.417,358.577,0.669156,359.8,169.090,3.72e+01, 16.6, -  , - 
8416,158001,26012018,26092023 091959,   6, 44824.0,  5.442,237.038,0.052191,  0.8,141.729,7.05e+00, 16.9, 0.3, 40
8417,158100,12092017,26092023 111917, 690, 45025.2,  8.715,293.715,0.169878,359.7,164.211,2.58e+00, 17.7, -  , - 
8418,158200,07042018,26092023 142246, 316, 44793.6, 19.316, 59.467,0.447571,359.8,115.024,1.91e+01, 16.2, -  , - 
8419,158201,28032022,26092023 020659, 536, 44791.8, 37.861, 10.285,0.756454,359.8,185.439,3.33e+01, 17.4, -  , - 
8420,158202,25072022,26092023 013514, 415, 44977.2, 10.336,309.345,0.279157,359.5, 59.062,3.35e+00, 17.6,57.9, - 
8421,158301,05042022,25092023 114452,   9, 45030.0,  4.014,183.722,0.638428,  1.9, 17.361,3.01e+01, 16.5, 1.3,221
8422,158400,18022012,26092023 072907,   7, 44830.8, 24.140,314.668,0.089684,359.8,103.021,1.44e+01, 17.2, 3.6,627
8423,158401,17032018,25092023 082943,  38, 45018.6,  1.091,329.759,0.033676,354.5,311.208,2.26e-02, 17.7, 0.6, 91
8424,158500,21082009,26092023 143523,   9, 45093.5, 11.693,303.935,0.094996,359.7,209.697,1.27e+00, 15.9, 1.6,285
8425,158600,02092018,25092023 115449,  38, 45014.1, 14.876, 44.113,0.435860,359.6,145.248,3.26e+01, 16.2, 7.8, - 
8426,158601,22052022,26092023 033459, 211, 45236.8, 33.236, 14.622,0.462123,359.8,128.617,4.26e+01, 17.4, -  , - 
8427,158602,22082022,26092023 044526, 324, 45040.2, 14.483,277.536,0.416864,359.9,235.779,1.36e+01, 16.8,20.0, - 
8428,158603,19012023,26092023 175039, 227, 44963.2,  2.935,237.296,0.223237,  1.4,274.052,1.58e+01, 16.9,16.0, - 
8429,158701,10122021,25092023 232317,  70, 45037.2, 33.371,356.464,0.630696,359.8,187.782,5.52e+01, 16.2,21.7, - 
8430,158800,05102015,25092023 063106,2750, 45598.7, 16.106,328.252,0.628884,359.6,235.938,2.78e+01, 16.4, -  , - 
8431,158801,24112016,26092023 174802,   0, 44848.3,  3.092,114.919,0.248047,  1.0,132.771,4.12e+01, 16.5, 0.2, 31
8432,158802,22042018,26092023 004320, 544, 45045.5,  7.257, 77.174,0.138819,359.7,153.058,1.37e+00, 16.6, -  , - 
8433,158900,04082011,25092023 151406,   2, 45100.6, 11.810,304.198,0.101295,359.7,167.305,3.10e+00, 16.3, 0.2, 14
8434,158901,19022023,26092023 081941, 153, 44843.7, 10.882, 86.140,0.737926,359.9, 68.851,3.14e+01, 16.7,22.6, - 
8435,159000,15012013,25092023 113833, 182, 45284.7,  7.005,289.016,0.205660,359.7,215.813,4.40e+00, 16.1,30.8, - 
8436,159001,22042018,25092023 204840,1954, 45094.7,  5.531, 81.383,0.061558,359.8, 23.620,1.03e+00, 17.6, -  , - 
8437,159002,24112019,25092023 145529,   8, 45368.1, 20.737,322.925,0.364540,359.7,283.275,1.76e+01, 16.5, 0.7,115
8438,159100,22092019,25092023 175204,1153, 45168.0, 22.782, 52.306,0.308061,359.8,175.396,1.75e+01, 16.6, -  , - 
8439,159300,01102018,25092023 235843,1485, 45156.4, 18.501, 57.338,0.205564,359.8,171.666,1.53e+01, 16.4, -  , - 
8440,159400,03112008,26092023 164853,1424, 45894.4, 18.030, 77.692,0.018884,359.9, 69.589,1.88e+01, 15.5, -  , - 
8441,159401,31082016,25092023 143547,   0, 45132.2,  7.255,218.922,0.153183,  0.8,232.570,1.47e+01, 16.4, 0.1, 20
8442,159501,17022018,26092023 182711, 245, 45920.7,  7.011,222.359,0.330559,  0.8,332.792,3.05e+01, 16.4, -  , - 
8443,159502,05052021,26092023 105510, 134, 45226.6,  1.401,241.243,0.054629,  2.5,358.079,1.56e+00, 17.6,10.1, - 
8444,159601,18082018,26092023 031936,1853, 45147.5, 14.700, 65.501,0.394495,359.8,163.211,1.04e+01, 15.2, -  , - 
8445,159602,28082019,26092023 004732,1460, 45235.9,  6.767,290.396,0.133765,359.6,211.249,4.80e+00, 16.3, -  , - 
8446,159700,12022012,26092023 101456,   5, 45248.1, 12.643,302.339,0.190247,359.7,190.570,2.74e+00, 15.3, 0.1, 13
8447,159701,05022017,25092023 135347, 180, 45873.9, 36.415,357.055,0.517495,359.8,225.437,2.72e+01, 15.8,43.9, - 
8448,159900,22082016,25092023 192457,2580, 45278.1, 17.113,342.550,0.194746,359.6,239.535,8.83e+00, 14.8, -  , - 
8449,159901,19062023,26092023 141559,  92, 45311.3,  6.511,160.334,0.549811,  1.1,336.581,1.76e+00, 17.1,48.5, - 
8450,160000,07032018,25092023 185017,   2, 45321.4,  2.084,237.703,0.041102,  1.9, 37.538,6.39e-02, 15.7, 0.1, 11
8451,160001,09082019,25092023 151136,  12, 45322.1,  3.790, 83.091,0.082000,359.7,104.420,3.07e-01, 16.1, 1.5,224
8452,160100,11102021,25092023 114720, 123, 45948.2, 10.124, 45.211,0.386451,359.5,182.011,1.80e+01, 16.7,93.7, - 
8453,160200,30072016,25092023 225137, 112, 45418.3, 10.022,290.140,0.186387,359.8,216.406,4.85e+00, 16.9,17.8, - 
8454,160201,09032018,26092023 085013,1665, 45359.7, 10.751, 67.409,0.147360,359.7,110.157,1.20e+01, 16.8, -  , - 
8455,160202,06082018,26092023 025757,  10, 45275.6, 12.057, 56.283,0.381897,359.6,163.543,2.01e+01, 16.1, 4.3,355
8456,160300,13112018,26092023 040024,1749, 45353.5, 12.606, 67.853,0.167974,359.8, 63.522,1.15e+01, 14.6, -  , - 
8457,160401,11042023,26092023 004617, 104, 45511.2, 45.463, 18.057,0.794572,359.8,174.618,7.39e+01, 15.8, -  , - 
8458,160501,03092021,26092023 074742, 213, 45417.1, 16.335,305.609,0.170184,359.7,182.256,1.54e+00, 17.6, 2.4,263
8459,160600,29122016,25092023 220716,1125, 45328.8, 22.206, 57.518,0.367921,359.8,164.576,2.49e+01, 16.5, -  , - 
8460,160601,14082018,25092023 211201, 739, 45621.0,  4.786,353.872,0.151798,358.4,244.462,1.64e+01, 17.1, -  , - 
8461,160602,28042020,26092023 072956, 225, 45413.1, 18.448, 52.209,0.369033,359.7,123.325,1.29e+01, 17.2,13.3, - 
8462,160700,12082016,26092023 143645,  27, 45455.3, 17.013,314.076,0.082984,359.7,127.675,1.50e+00, 16.5, 1.5,227
8463,160701,07032018,25092023 211926,   1, 45449.3,  0.787,276.307,0.059162,359.2,309.548,1.89e+00, 17.0, 0.4, 37
8464,160800,02042021,26092023 064959, 876, 45351.7,  1.451, 55.582,0.407717,356.8,134.343,1.06e+01, 17.0,65.8, - 
8465,160900,03032017,25092023 190151,  11, 46114.6,  5.791,118.566,0.179235,  0.6,  0.153,1.56e+01, 16.1, 1.6,151
8466,160901,19022018,26092023 074638, 491, 45412.9, 14.239, 51.700,0.307231,359.7,145.172,9.61e+00, 18.0,32.3, - 
8467,160902,10032018,25092023 183944,  15, 45532.1, 12.222, 66.583,0.331488,359.7,132.821,1.16e+01, 17.1, 3.7,646
8468,160903,09042018,26092023 005208,1953, 45387.6,  5.883, 90.428,0.369280,360.0, 76.903,2.11e+01, 16.7, -  , - 
8469,160904,21022021,26092023 083041,   3, 45800.7, 47.841,349.771,0.715210,359.8,187.877,4.21e+01, 15.7, 0.6,106
8470,160905,03062021,26092023 044710, 134, 45775.1,  4.699, 78.418,0.257563,359.6,120.795,8.01e+00, 17.5,11.3, - 
8471,161100,22032017,26092023 075811,   3, 45711.3, 29.990,  3.326,0.459010,359.7,166.375,1.20e+01, 15.7, 1.3,139
8472,161300,26082016,25092023 143942, 863, 45440.9, 23.049, 12.570,0.106050,359.7,161.651,9.86e+00, 15.9, -  , - 
8473,161301,23032018,26092023 114336,1242, 45399.8, 21.016, 58.863,0.708944,359.8,118.773,3.40e+00, 16.2, -  , - 
8474,161400,26072019,25092023 123423,1485, 46110.4, 28.338, 22.285,0.141126,359.7,328.456,2.63e+01, 16.6, -  , - 
8475,161500,16122017,26092023 052325, 189, 45610.3, 11.901,307.088,0.080320,359.6,187.211,1.06e-01, 17.6, 0.5, 56
8476,161700,08122007,26092023 070124,   2, 45683.9, 14.479,326.142,0.076586,359.6, 73.076,1.47e+00, 17.4, 0.4, 30
8477,161900,08122016,26092023 013224,  93, 45566.5,  7.781,287.786,0.197359,359.7,239.939,4.94e+00, 16.2,26.9, - 
8478,162000,17092017,26092023 150324,   2, 45611.4,  9.402,156.885,0.221320,  0.7,145.487,6.85e+00, 16.6, 0.2, 20
8479,162001,02012020,25092023 184009,1272, 45713.8,  3.689, 87.663,0.064334,359.9,103.655,1.00e-02, 12.5,53.4, - 
8480,162101,08092021,26092023 101726, 740, 45729.9, 13.117,343.889,0.212529,359.4,173.838,1.50e+01, 16.5, -  , - 
8481,162200,09112018,26092023 012201, 164, 45755.2,  4.720, 71.206,0.147584,359.4, 56.433,7.36e+00, 17.2,23.0, - 
8482,162300,21032018,26092023 031030,1018, 45682.9, 46.198, 48.739,0.492962,359.9, 27.371,1.38e+01, 16.0,67.1, - 
8483,162400,03022016,25092023 200650, 651, 45644.6,  9.879,302.199,0.199842,359.6,157.663,4.58e+00, 17.1, -  , - 
8484,162401,15112022,25092023 201620,   8, 45601.1, 11.060,317.177,0.272455,359.5,170.561,2.19e+01, 17.2, 4.8,830
8485,162600,30042019,26092023 102837,1597, 45604.7, 31.848, 35.316,0.660532,359.8,126.344,1.98e+01, 15.6, -  , - 
8486,162601,19032023,26092023 145308,  10, 45909.7,  9.476,357.163,0.241777,359.2,177.089,2.38e+01, 16.3, 9.3, - 
8487,162700,17122015,25092023 094503,1440, 46284.1, 31.561, 17.610,0.125598,359.8,213.159,2.92e+01, 15.7, -  , - 
8488,162701,18022023,26092023 034436,  44, 45841.5,  1.982, 12.709,0.054240,356.2,238.671,1.64e+00, 17.9, 1.2,135
8489,162800,24112016,26092023 012458, 181, 46093.5, 38.314, 16.162,0.462403,359.8,117.287,2.23e+01, 16.7,60.4, - 
8490,162801,13032018,26092023 084542,1985, 45757.0,  8.775, 79.284,0.279485,359.8,100.502,1.89e+01, 17.4, -  , - 
8491,162901,09122020,25092023 152649,1014, 45850.5, 17.290, 90.703,0.260488,360.0, 96.411,1.36e+01, 12.5, -  , - 
8492,163000,09012021,25092023 225854,   2, 45808.8, 27.088, 15.360,0.326713,359.7,218.159,1.08e+01, 16.7, 0.2, 25
8493,163101,09092020,25092023 223855, 859, 42070.4, 11.253, 59.203,0.699750,359.6,144.747,3.71e+01, 15.9, -  , - 
8494,163200,07092013,25092023 055902,   4, 45919.5, 15.113,323.277,0.075788,359.6, 65.471,2.40e+00, 16.5, 0.5, 28
8495,163300,09082018,26092023 005850,1754, 46198.4, 34.699,320.269,0.231335,359.8,244.286,3.64e+01, 16.3, -  , - 
8496,163400,18082014,26092023 033954,   0, 45935.0,  4.799,293.099,0.126766,359.4,148.196,5.57e+00, 16.1, 0.1,  4
8497,163401,01052022,26092023 081700, 509, 45906.4, 22.406, 55.327,0.529092,359.8,110.151,2.93e+01, 16.9, -  , - 
8498,163501,18022020,25092023 221040, 493, 46347.9, 33.761, 11.242,0.490491,359.8,  5.634,2.66e+01, 16.3, -  , - 
8499,163600,30012023,26092023 064537, 226, 45985.5, 13.368,303.442,0.196006,359.7,169.983,4.19e+00, 17.4, -  , - 
8500,163601,10092023,26092023 150209,  12, 45937.7, 18.424,291.257,0.251958,359.9,294.861,2.61e+01, 16.7,98.4, - 
8501,163700,20082017,26092023 133028, 189, 46004.9, 18.211,302.908,0.100672,359.8,118.378,3.13e+00, 16.6,19.3, - 
8502,163701,18092017,26092023 101602,   4, 44564.5, 38.286,  8.700,0.278816,359.8,210.741,1.76e+01, 16.4, 0.6, 76
8503,163800,31122016,25092023 200912, 685, 47450.7, 18.883,  6.800,0.353005,359.6,132.544,1.18e+01, 17.4, -  , - 
8504,163900,02122021,26092023 193840,  92, 46443.2, 12.558, 64.956,0.602658,359.7, 88.032,3.22e+01, 16.7,14.2, - 
8505,164000,19102012,26092023 194156,2436, 46159.7, 17.555,325.768,0.027262,359.6, 97.397,3.05e+00, 16.6, -  , - 
8506,164100,05112011,25092023 182526,   0, 46212.3,  6.388,282.735,0.208952,359.8,212.211,6.49e+00, 14.9, 0.5, 81
8507,164101,22112008,25092023 224639,   4, 46009.5,  4.631,206.945,0.435188,  1.4,352.518,4.52e+00, 16.7, 1.4,249
8508,164102,02012020,25092023 014020, 170, 46714.2, 35.233,321.458,0.229073,359.8,241.578,3.63e+01, 16.2,28.2, - 
8509,164400,07122020,25092023 103528, 986, 46416.3, 34.919,320.764,0.234063,359.8,242.951,3.62e+01, 16.2, -  , - 
8510,164500,25102011,25092023 173147,  24, 45999.2, 11.066,309.652,0.155054,359.6,183.624,3.86e+00, 14.7, 5.1,893
8511,164601,02092018,25092023 235516,   2, 45773.9, 35.997,342.305,0.243792,359.8,185.428,1.26e+01, 16.0, 0.3, 44
8512,164700,03092021,25092023 122608,  29, 46170.2, 22.292,308.582,0.095271,359.8,146.911,5.69e+00, 16.9,14.8, - 
8513,165300,16112019,25092023 215143,   1, 46522.7, 27.920,358.145,0.384823,359.7,213.454,2.85e+01, 16.1, 0.7,111
8514,165400,07092016,26092023 062512, 130, 46324.3,  8.558,276.608,0.128327,359.9, 39.575,3.58e+00, 16.9, 7.2, - 
8515,165500,16092017,26092023 082928,2087, 46211.1, 33.061,327.920,0.682225,359.8,239.246,2.83e+01, 17.3, -  , - 
8516,165702,20082023,26092023 102820,  33, 46392.3, 10.063,295.555,0.212785,359.7,164.467,6.19e+00, 17.5,62.7, - 
8517,166200,25012018,25092023 064259,   2, 46589.6, 15.206,334.172,0.085771,359.6, 63.503,1.03e+00, 15.7, 0.3, 43
8518,166301,01092016,25092023 223950,  63, 46439.7, 12.761, 76.931,0.704338,359.9,138.066,3.17e+01, 17.2, 9.1, - 
8519,166302,29012017,26092023 141955,  11, 46501.3, 16.833,319.979,0.138490,359.7,126.767,6.39e-01, 17.1, 0.5, 57
8520,166600,27032023,26092023 131242, 173, 46834.9, 32.661,  1.607,0.415798,359.8,254.197,2.74e+01, 16.2, -  , - 
8521,166800,13042021,26092023 115529,   5, 46260.9,  2.722,111.410,0.397565,  1.0,134.351,1.69e+01, 17.2, 0.8,107
8522,166900,12032016,26092023 004743,   2, 46575.5, 17.134,314.783,0.087928,359.7, 55.052,3.29e+00, 16.5, 0.2, 32
8523,166901,18012021,26092023 024622, 978, 46594.0, 26.208,315.216,0.254610,359.8,326.087,9.00e-01, 16.0,15.7,692
8524,167200,05082016,25092023 144349,   7, 46710.9, 14.986,316.340,0.106888,359.6,129.128,1.85e+00, 17.2, 0.6, 64
8525,167201,17012018,26092023 172704, 152, 46643.5, 21.817, 29.391,0.453253,359.7,110.456,8.64e+00, 16.7, -  , - 
8526,167601,27042022,25092023 172030, 510, 46500.8, 15.892, 71.061,0.793134,359.8, 99.468,2.36e+01, 17.9, -  , - 
8527,167701,24072017,26092023 054651, 564, 46642.8, 13.705, 55.706,0.154967,359.7,180.331,1.20e+01, 17.3,32.1, - 
8528,167800,01072019,26092023 110419,  20, 47246.3,  5.467,145.736,0.546169,  1.1,  9.271,4.32e+00, 15.6,18.0, - 
8529,167801,15012023,26092023 075553, 250, 46731.6, 12.188, 56.764,0.429797,359.6, 95.555,3.38e+01, 16.4, -  , - 
8530,167900,24072006,26092023 024427, 481, 46657.1, 21.015, 58.733,0.080943,359.8, 92.059,6.13e+00, 15.0, -  , - 
8531,168000,28112019,26092023 030137,   0, 46772.2, 36.018,346.115,0.386258,359.8,139.426,9.03e+00, 16.2, 0.3, 19
8532,169000,14012023,26092023 030710, 243, 46971.9, 29.953,301.949,0.163321,359.9,142.999,1.25e+01, 16.5,45.1, - 
8533,169400,19032017,25092023 121400,2178, 47131.2, 31.563, 63.580,0.385817,359.9,162.076,1.55e+01, 16.3, -  , - 
8534,169401,22042022,26092023 130045, 518, 47140.1, 15.448,  8.620,0.486463,359.5,244.812,2.45e+01, 18.2, -  , - 
8535,169700,15032018,26092023 050841,1992, 47226.1, 33.783, 59.184,0.408490,359.9,166.156,1.88e+01, 15.6, -  , - 
8536,169800,11012011,25092023 184401, 138, 50163.8, 38.036,348.910,0.560042,359.8,188.088,2.67e+01, 15.4,16.5, - 
8537,169801,12022019,25092023 202125,   6, 46912.7, 46.726, 37.257,0.517603,359.9,170.377,2.48e+01, 15.1, 1.1,148
8538,170200,26102013,25092023 133049,2929, 47163.5, 28.686,318.726,0.611935,359.8,237.475,2.12e+01, 15.8, -  , - 
8539,170201,09032016,26092023 021408, 143, 47526.3,  2.951,283.050,0.551102,359.5,238.944,1.92e+01, 17.0,58.3, - 
8540,170300,14032023,25092023 200345, 164, 47413.1, 22.053, 27.862,0.688729,359.7,166.481,5.69e+01, 16.7,41.7, - 
8541,171000,16012023,26092023 070358, 249, 47378.4, 16.319,314.536,0.098219,359.7, 82.380,2.21e+00, 17.1, -  , - 
8542,171200,30122019,26092023 070534, 833, 47466.8, 17.288, 28.093,0.120225,359.6,192.038,1.36e+01, 16.9,60.5, - 
8543,171500,04112015,25092023 134250, 354, 47628.9, 29.272,316.777,0.623826,359.8,220.153,2.64e+01, 15.8,81.4, - 
8544,171501,23012017,25092023 134058,  98, 47382.5,  9.009,239.630,0.305885,  0.4,227.384,1.40e+01, 16.8, 7.2, - 
8545,171600,19062014,25092023 164255,   2, 47442.1,  3.044,323.584,0.134433,358.1,270.533,2.80e+01, 15.1, 0.6, 82
8546,171700,09012018,25092023 220121, 251, 45032.1, 34.416,325.602,0.746503,359.8,213.058,2.71e+01, 17.5, -  , - 
8547,171701,15082020,26092023 004304,   1, 47515.6, 11.949,327.036,0.186263,359.5,323.343,4.93e+00, 16.2, 1.0,134
8548,171900,02092016,25092023 192909,   4, 47518.1, 12.521,328.477,0.141812,359.5,347.541,4.18e+00, 16.7, 2.8,475
8549,172001,24112019,26092023 051217,   0, 48015.4, 22.717,326.063,0.096751,359.7,160.078,3.26e+01, 14.2, 0.6,106
8550,172100,09122015,25092023 230347, 332, 47244.3, 35.569,  9.816,0.306979,359.8,230.270,2.21e+01, 16.1, -  , - 
8551,172500,11082007,26092023 081840,   4, 47770.1, 15.995,309.803,0.089483,359.7,246.037,4.83e+00, 16.0, 0.1, 19
8552,173000,20022020,26092023 115456,1307, 47772.5,  7.360,290.535,0.836294,359.7,263.117,1.18e-02, 14.3, 5.5,795
8553,173100,01092016,25092023 194547,  65, 47652.8, 12.264, 61.760,0.173116,359.7,250.823,8.13e+00, 16.9, 2.6,419
8554,173700,25092019,26092023 021906,1431, 47870.0, 13.903,301.315,0.106712,359.7,107.507,4.48e+00, 17.3, -  , - 
8555,173800,18032023,25092023 041127,   4, 47893.1,  8.738,272.118,0.266864,360.0,321.060,6.56e+00, 16.9, 0.6, 74
8556,174301,03032023,26092023 075540,   2, 47620.5, 20.515,305.610,0.628356,359.8,217.923,2.65e+01, 15.6, 0.4, 64
8557,174600,11032019,25092023 132637,  10, 48353.2, 37.891,325.808,0.313856,359.8,155.568,3.08e+01, 16.3, 5.1,881
8558,174700,28052022,26092023 064326,  98, 48040.4,  8.283,347.000,0.276624,359.1,322.495,6.29e+00, 17.8, 3.8,559
8559,175100,10092023,26092023 142806,  12, 48143.1, 17.054,336.603,0.132788,359.6, 48.525,4.93e-01, 17.4, 2.0,322
8560,175800,26082023,26092023 123032,  29, 48323.9, 39.077,330.388,0.381068,359.8,171.673,3.10e+01, 16.3, -  , - 
8561,175900,04022016,25092023 193533, 224, 48510.9, 29.583, 24.156,0.366051,359.8,121.947,1.22e+01, 16.7,28.1, - 
8562,176400,13012015,25092023 083029,  15, 48214.5, 12.653,292.320,0.245305,359.8,206.543,6.23e+00, 15.6, 5.4,902
8563,176800,06122021,26092023 132150, 517, 48458.9, 16.618, 58.073,0.672990,359.7,161.388,2.57e+01, 16.9,59.7, - 
8564,177000,21082022,26092023 011226, 363, 48465.9, 14.985,302.622,0.134732,359.7,109.001,6.42e+00, 17.9,65.4, - 
8565,177400,26042019,26092023 003212,1570, 48295.2, 37.505, 17.360,0.706783,359.8,120.510,2.07e+01, 16.7, -  , - 
8566,177600,08042022,25092023 165200, 127, 48504.0,  4.285, 59.372,0.343247,359.1,163.212,7.59e+00, 17.5,19.0, - 
8567,178000,04112015,26092023 041935, 264, 48629.2, 15.832,311.720,0.141625,359.7,174.117,3.75e+00, 15.6,90.2, - 
8568,178200,23112017,25092023 105155,1980, 48260.4, 37.393, 17.753,0.711291,359.8,120.599,2.07e+01, 16.5, -  , - 
8569,178300,15112022,25092023 204653, 288, 48708.5, 14.009,310.652,0.203659,359.7, 59.501,3.60e+00, 17.6,24.8, - 
8570,178700,28082019,26092023 053344,   2, 48834.6,  1.508,234.457,0.349310,  2.8, 13.821,6.39e+00, 16.9, 1.5,127
8571,179300,11042018,25092023 135812,1989, 48831.7, 32.853, 26.988,0.405172,359.8,188.542,1.03e+01, 18.3, -  , - 
8572,179600,01052022,26092023 183040, 163, 48902.4,  7.509,246.231,0.317879,  0.4,319.545,7.44e+00, 17.0, 5.8,934
8573,180300,15022018,26092023 093710,2044, 49045.6, 15.525, 52.131,0.088848,359.7, 50.984,2.86e+01, 16.9, -  , - 
8574,180700,25072011,26092023 054322,   1, 48927.6,  8.028, 80.669,0.111615,359.8,298.497,7.18e+00, 14.5, 0.1,  6
8575,180900,19092017,25092023 194121, 179, 49241.5, 16.584,313.457,0.054840,359.7,151.663,5.17e+00, 15.8,66.6, - 
8576,181400,17092017,25092023 215953,2100, 49601.1, 26.699, 17.354,0.553108,359.7,204.340,7.80e+00, 17.2, -  , - 
8577,181401,30092018,25092023 072524,   4, 49384.1, 14.561,309.214,0.173761,359.7,319.482,5.61e+00, 16.8, 0.3, 26
8578,181900,05042022,26092023 063926, 264, 49157.8,  2.725, 65.081,0.632111,358.7,159.570,2.30e+01, 17.8,27.3, - 
8579,182100,09072017,26092023 064209, 150, 48981.3, 39.926,  8.341,0.756040,359.8,153.307,1.88e+01, 17.1,18.9, - 
8580,182300,08012018,25092023 183950,1463, 51081.8, 32.153, 29.309,0.177252,359.8,106.084,2.69e+01, 15.5, -  , - 
8581,182600,02022017,25092023 205206, 206, 49361.2, 17.876,306.341,0.269547,359.8,151.034,3.19e+00, 16.0,39.7, - 
8582,182900,06042022,25092023 030040,  92, 49486.4,  4.984,235.432,0.348119,  0.9,335.830,7.06e+00, 17.0, 7.9, - 
8583,183500,17112017,26092023 042907, 683, 49558.4, 19.250,301.271,0.294970,359.8,317.217,2.84e+01, 16.1, -  , - 
8584,183600,19042012,26092023 161043, 996, 49838.0,  2.011,332.032,0.353839,356.8,199.764,3.04e+01, 15.6, -  , - 
8585,183800,19012020,26092023 002215,1002, 49614.5, 41.940, 67.744,0.584141,359.9,203.688,1.47e+01, 16.2, -  , - 
8586,184600,22102022,26092023 034529, 279, 49857.7, 15.134,297.053,0.431838,359.8,174.005,7.21e+00, 15.9, -  , - 
8587,184800,13102021,26092023 053452,   5, 50047.0,  6.081, 42.010,0.276576,359.1,127.487,2.68e+01, 15.7, 3.3,534
8588,185400,24022018,25092023 160558, 216, 49997.5, 12.076,256.714,0.403882,  0.2,219.285,1.26e+01, 16.2,13.1, - 
8589,186800,13022018,26092023 063154,2047, 49929.8, 34.972, 30.338,0.767096,359.8,160.866,2.93e+01, 16.9, -  , - 
8590,187600,14102017,25092023 142128,   8, 50370.3, 14.965,305.480,0.198982,359.7,176.871,4.99e+00, 15.0, 3.5,583
8591,187700,29032023,25092023 215619, 155, 50195.2,  2.332,247.472,0.645252,  1.2,289.486,2.34e+01, 17.1,46.1, - 
8592,189100,30052006,26092023 012817,   4, 50563.0, 10.116,115.835,0.508023,  0.3, 52.655,1.75e+01, 15.7, 0.5, 65
8593,191300,27042019,25092023 053459,1600, 51188.0, 38.400,349.533,0.242925,359.8,214.410,1.92e+01, 16.5, -  , - 
8594,191400,13112021,26092023 104906,   7, 51073.9,  8.326,261.854,0.312771,  0.1,121.397,4.28e+00, 16.4, 1.1,139
8595,193701,25092019,26092023 134448,1134, 51070.9, 31.832,322.890,0.597807,359.8,186.325,3.35e+01, 16.4, -  , - 
8596,196200,25082014,26092023 040819, 139, 51889.8, 23.431,310.689,0.135286,359.8, 64.858,4.95e+00, 15.4,39.0, - 
8597,197000,09012019,25092023 232222,  58, 52152.3, 25.169,356.667,0.150849,359.7, 89.515,1.01e+01, 16.1, 5.8,467
8598,197700,18092017,26092023 082226,  58, 54513.2, 38.143,328.498,0.395791,359.8,292.205,9.46e+00, 17.6,55.1, - 
8599,198400,22042022,26092023 125040, 373, 52122.8, 12.258,181.153,0.524645,  0.6, 65.925,1.44e+01, 16.8,24.9, - 
8600,200000,20032018,25092023 044756,2010, 52567.3,  3.118, 84.122,0.295398,359.7,121.337,1.25e+00, 16.8, -  , - 
8601,202500,09122018,25092023 230057,1456, 52996.5, 39.819,  1.292,0.420706,359.8,141.678,1.09e+01, 17.2,81.2, - 
8602,203000,10022018,25092023 235849,   0, 42165.1,  0.161, 95.818,0.000157,289.8, 93.610,7.75e-03, 11.2, 0.1,  1
8603,205800,24092020,25092023 011714, 280, 53967.4, 18.995, 79.867,0.163771,359.9,277.280,1.40e+01, 16.7,17.6, - 
8604,206200,23042023,26092023 190511, 130, 53157.1, 10.819, 79.666,0.783876,359.9,120.567,1.10e+01, 17.1, -  , - 
8605,210100,29112018,25092023 231834, 626, 53692.6, 33.965, 11.454,0.216690,359.8,282.068,2.00e+01, 16.8,59.0, - 
8606,211200,24102017,25092023 154730,2017, 54220.8, 14.797, 46.281,0.475569,359.6, 27.852,2.20e+01, 16.6, -  , - 
8607,212200,04052022,25092023 185435, 162, 54626.8,  9.731,170.160,0.420228,  0.8,354.546,7.23e+00, 17.4,10.1,869
8608,215100,10042018,26092023 101119, 358, 55181.5, 11.815, 36.883,0.477557,359.5,167.269,8.35e+00, 17.0,24.6, - 
8609,223100,16092017,25092023 053059,   0, 56207.9, 15.530, 15.799,0.184966,359.5,299.018,1.74e+01, 15.9, 0.1, 19
8610,231900,04042022,25092023 135240, 217, 57861.9, 22.702, 75.091,0.726725,359.9, 65.261,1.71e+01, 17.2,16.5, - 
8611,238800,23032017,26092023 012330,2280, 59062.3, 12.640, 35.753,0.448145,359.5,186.087,8.34e+00, 17.3, -  , - 
8612,243000,22082019,25092023 230935,1178, 60338.4,  8.948, 77.668,0.349337,359.8,189.833,2.16e+00, 11.7, -  , - 
8613,243900,18112019,26092023 143055, 216, 59924.4, 14.072,313.993,0.497134,359.6,151.767,1.54e+01, 16.4, -  , - 
8614,312200,25042022,25092023 171006,   4, 70717.1, 15.240,  6.390,0.812672,359.5,275.060,1.19e-02, 16.9, 0.1,  1
8615,325000,01112015,27092023 081703,  -1, 72690.6, 23.421, 78.516,0.796528,359.9,180.073,3.14e-03, 12.9, 0.1,  2
8616,515500,09042016,25092023 152334,  -2, 98884.8, 18.130,204.948,0.515055,  0.4,187.715,1.71e-02, 11.8, 0.1,  1
8617,583100,06012007,25092023 193347,   0,107268.4, 76.056, 67.310,0.553621,359.9, 14.928,4.09e-03, 12.7, 0.3, 10
8618,674300,14032022,26092023 050939,   4,118396.0, 30.401,147.036,0.817294,  0.2, 88.966,4.16e-03, 15.3, 1.4, 24
8619,1346400,07082015,29092023 114858,2696,183382.4, 47.522, 30.049,0.611316,359.8, 42.574,1.35e-02, 15.6,16.4,875
