   1,  9600,23062020,18102022 000435,  31,  6953.0, 69.992,180.265,0.000515,  0.1,317.171,2.66e-02, 13.3, 9.7, 29
   2,  9601,11112020,17102022 234038, 291,  6972.9, 97.836,104.627,0.001673,  0.0, 22.730,2.13e-02, 16.0, -  ,172
   3, 10600,14022016,18102022 002620, 567,  7449.3,122.755,335.541,0.009361,359.9, 91.180,3.90e+00, 15.4, -  , - 
   4, 10601,23102020,17102022 230626,   3,  7459.4, 89.785,118.329,0.001398,  0.1,298.697,2.73e-01, 15.5, 0.1, 12
   5, 11000,08112019,17102022 234042, 739,  7609.4, 99.760,175.440,0.005517,  0.1,351.068,3.85e+00, 15.1, -  , - 
   6, 11200,23072018,18102022 000807, 314,  7729.5, 56.367,227.057,0.016465,  0.1, 33.597,4.80e-03, 17.0, -  ,322
   7, 11801,10052020,18102022 002122,   1,  7166.1, 51.486, 47.163,0.035010,359.9, 38.188,3.24e+00, 15.3, 1.9,378
   8, 11900,11052020,18102022 001147,   1,  7950.2, 51.530,  3.288,0.147518,359.8,159.434,6.45e-02, 13.9, 0.2,  3
   9, 11901,13052020,17102022 230543,   1,  7800.8, 51.416,283.700,0.137351,360.0,220.417,3.84e-02, 13.9, 0.1,  2
  10, 11902,10052020,18102022 000644,   1,  7954.0, 51.423,332.728,0.147479,359.9,190.919,3.53e-02, 15.5, 0.1,  1
  11, 12101,30012020,18102022 003456, 992,  7739.6, 28.507, 98.663,0.146016,  0.0,246.357,5.68e-03, 16.0, 0.2, 49
  12, 12103,15052020,17102022 231621,   1,  8040.0, 51.738, 77.769,0.156540,360.0, 93.476,5.97e-02, 16.1, 0.2,  3
  13, 12200,29062020,18102022 001818,   1,  7961.2, 51.609,103.177,0.145355,  0.0, 85.113,3.04e-01, 16.3, 0.6, 12
  14, 12301,18052020,18102022 011214,   1,  7904.3, 51.622, 58.916,0.131875,359.9,127.524,1.33e-01, 15.3, 1.1, 42
  15, 12307,03082020,17102022 230832, 252,  8159.7, 51.440,195.913,0.179930,  0.2, 19.049,1.01e-02, 17.5, -  ,  6
  16, 12308,03082020,17102022 234339,   1,  7289.5, 51.044,263.152,0.076898,  0.0,255.914,2.55e-01, 18.8, 2.1, 15
  17, 12309,10082020,18102022 005453, 193,  7637.3, 51.161,358.695,0.098153,359.8,270.231,2.28e-02, 15.8,83.7, 10
  18, 12400,09072019,18102022 010922,  13,  8080.8, 50.290,165.413,0.020238,  0.2, 76.006,1.84e+01, 14.9,49.3, - 
  19, 12402,11052020,17102022 225403,   2,  8247.3, 51.345,264.248,0.151010,  0.0,324.163,1.62e-01, 19.5, 0.2, 50
  20, 12403,27072020,17102022 224727,   1,  8027.6, 51.578,139.652,0.163951,  0.1, 57.351,5.06e-02, 19.7, 0.9,  2
  21, 12404,03082020,18102022 005328,   8,  7716.0, 51.584,115.167,0.112509,  0.1, 54.912,2.67e+00, 17.8,50.7, - 
  22, 12500,26122008,17102022 235033,1268,  8298.2, 63.477, 25.856,0.092876,359.9,306.973,1.07e-02, 16.2,17.9, - 
  23, 12502,11052020,18102022 002216,   1,  8197.6, 51.359,227.834,0.178054,  0.1,355.846,4.54e-02, 19.2, 0.8,  2
  24, 12508,10052020,17102022 233854,   2,  7780.6, 51.657, 68.175,0.120909,359.9,102.670,1.18e+00, 17.2, 4.0,100
  25, 12600,04032018,17102022 233346,1485,  7721.3, 28.489, 81.504,0.144377,360.0,276.495,5.83e-03, 15.8, 1.7, 82
  26, 12615,20052020,17102022 234913,   1,  8255.4, 51.323,262.260,0.182071,  0.0,329.712,4.32e-02, 18.7, 0.4,  2
  27, 12616,24052020,17102022 225824,   1,  8329.7, 51.340,303.904,0.168690,359.9,293.061,5.07e-02, 20.2, 0.1,  3
  28, 12618,29062020,18102022 004449,   1,  8248.9, 51.340,250.336,0.182172,  0.1,337.521,3.53e-02, 19.4, 0.3,  1
  29, 12619,16072020,17102022 234432,   1,  7626.1, 51.431,140.293,0.106074,  0.1, 77.609,1.97e+00, 16.3, 3.6, 64
  30, 12620,16072020,17102022 232357,   1,  8334.4, 51.376,306.834,0.183432,359.9,293.235,5.06e-02, 20.6, 0.1,  4
  31, 12621,27072020,18102022 000218,   1,  7091.7, 51.279,305.833,0.044733,359.9,208.064,9.02e-01, 16.6, 6.5, 36
  32, 12625,03082020,17102022 224720,   2,  8307.9, 51.319,271.744,0.191072,360.0,323.110,1.43e-02, 19.2, 0.3,  1
  33, 12700,18022009,18102022 012933, 778,  8404.0, 63.421, 65.349,0.065713,359.9,153.761,3.07e-02, 16.9, -  , - 
  34, 12701,10052020,18102022 003111,   1,  8318.5, 51.590,  5.645,0.151679,359.8,235.325,1.00e-02, 17.0, 0.1,  2
  35, 12702,10052020,18102022 003131,   1,  7829.3, 51.450,162.944,0.129375,  0.2, 43.231,8.48e-01, 14.9, 1.2, 27
  36, 12703,10052020,17102022 232139,   5,  7867.5, 51.313,114.213,0.113719,  0.1,100.555,1.00e-02, 18.1,19.0, - 
  37, 12705,11052020,17102022 234557,   1,  8087.5, 51.332,270.635,0.147886,  0.0,320.247,1.86e+00, 14.4, 3.2,159
  38, 12707,11052020,17102022 235403,   1,  8243.9, 51.196,297.239,0.154768,359.9,323.558,1.92e+00, 14.1, 1.3,268
  39, 12710,11052020,17102022 235648,   1,  8348.7, 51.518,341.091,0.166665,359.8,249.875,2.25e-01, 17.6, 0.1, 10
  40, 12711,11052020,17102022 235441,   1,  7913.2, 51.087,123.896,0.124624,  0.1, 94.381,2.92e+00, 15.4, 0.8,307
  41, 12712,11052020,17102022 232557,   1,  8261.8, 51.311,300.001,0.167508,359.9,301.534,3.32e-01, 15.6, 0.4, 32
  42, 12713,08052020,18102022 001055,   1,  8324.7, 51.360,314.395,0.181455,359.9,286.247,8.29e-02, 19.9, 0.3,  3
  43, 12714,10052020,17102022 235340,   1,  6984.2, 51.602,235.697,0.028991,  0.1,259.582,1.09e+00, 15.3, 5.1,113
  44, 12716,10052020,17102022 232253,   2,  8413.1, 51.468,354.666,0.189813,359.8,252.867,1.94e-02, 18.6, 0.1,  2
  45, 12719,11052020,18102022 002420,   2,  8321.4, 51.347,282.875,0.181453,360.0,309.231,2.49e-02, 17.9, 0.1,  2
  46, 12720,11052020,17102022 234802,  28,  6924.1, 51.007,294.624,0.017010,359.9,236.818,2.37e+00, 18.4, 5.8, - 
  47, 12721,08052020,18102022 005747,   1,  8273.4, 51.420,297.009,0.164073,359.9,290.618,1.49e-01, 19.8, 0.2, 42
  48, 12725,23052020,17102022 234701,   2,  7924.5, 51.344,217.326,0.138790,  0.1,  5.474,6.69e-01, 16.3, 7.9, 40
  49, 12726,10052020,18102022 000142, 453,  7438.5, 51.263,102.403,0.089227,  0.0, 32.289,1.11e-02, 14.8, -  , 14
  50, 12729,29062020,18102022 005523,   1,  8372.1, 51.418,332.747,0.186125,359.9,273.348,4.62e-02, 20.6, 0.1,  4
  51, 12730,29062020,17102022 222609,   1,  8215.2, 51.549,335.919,0.150246,359.9,254.142,3.32e+00, 17.0, 0.3,114
  52, 12732,16072020,18102022 002509,   2,  8152.7, 51.318,279.581,0.167215,360.0,314.021,2.47e-01, 18.1, 4.7, 22
  53, 12734,16072020,17102022 224543,   1,  8062.3, 51.339,246.559,0.161521,  0.1,335.214,2.23e-01, 18.4, 1.3,  9
  54, 12735,27072020,17102022 235205,   3,  8006.2, 51.292,242.387,0.150150,  0.1,344.609,5.02e-01, 18.5, 8.2, 31
  55, 12736,27072020,18102022 003853, 204,  7585.1, 51.390,151.076,0.102302,  0.1, 68.670,2.54e+00, 18.6,27.8, - 
  56, 12737,27072020,17102022 222450,   1,  8201.2, 51.310,298.828,0.169205,359.9,301.149,2.84e-01, 16.3, 1.1, 12
  57, 12739,03082020,18102022 002402,   1,  8175.5, 51.318,295.842,0.163432,359.9,303.177,5.13e-01, 18.5, 1.7, 40
  58, 12740,05102021,17102022 231413, 354,  8407.3, 63.348, 62.808,0.064134,359.9,159.951,4.08e-01, 16.3,10.7,268
  59, 12810,12052020,18102022 003021,  17,  8375.4, 51.468, 44.970,0.160090,359.9,231.082,3.48e+00, 16.9,16.7, - 
  60, 12813,11052020,18102022 004848,   1,  7317.0, 51.492,109.199,0.054592,  0.1,353.697,3.24e+00, 17.8, 1.3,285
  61, 12814,10052020,18102022 010624, 200,  8082.9, 51.216,227.122,0.152546,  0.1, 59.122,2.14e-03, 17.9,19.7,  1
  62, 12816,12052020,17102022 231428, 408,  8370.9, 51.532, 24.788,0.144889,359.9,225.581,1.00e-02, 18.2, 1.1, 27
  63, 12819,16052020,17102022 233923,   1,  8229.0, 51.371,  6.890,0.169935,359.8,247.630,4.40e-01, 18.1, 1.2, 45
  64, 12820,20052020,17102022 232422,   1,  7867.6, 51.478,212.493,0.128313,  0.1,348.667,8.48e-01, 18.9, 3.2, 83
  65, 12821,29062020,18102022 001132,   1,  8411.3, 51.434,344.701,0.190053,359.8,263.836,6.05e-03, 17.7, 0.1,  1
  66, 12822,29062020,17102022 234114,   2,  8414.2, 51.532, 30.177,0.168950,359.9,222.330,2.47e-01, 19.5, 0.1, 22
  67, 12823,16072020,17102022 225222,   2,  8345.6, 51.407,337.703,0.183866,359.9,269.333,9.98e-02, 21.0, 0.9,  6
  68, 12824,16072020,18102022 001759,   1,  8316.0, 51.390,340.081,0.178289,359.8,266.707,2.05e-01, 18.8, 0.5,  9
  69, 12825,27072020,18102022 000031, 249,  7212.1, 52.038,131.865,0.034618,  0.1, 14.447,2.20e+00, 15.2, -  , - 
  70, 12829,03082020,18102022 002612,   2,  8361.7, 51.397,348.746,0.182545,359.8,264.105,1.20e-01, 19.9, 0.5, 10
  71, 12900,06032016,18102022 003606,1969,  8476.8, 63.393,335.221,0.105177,359.9,295.066,1.80e-01, 14.7, -  , - 
  72, 12901,10052020,17102022 233243,   1,  8337.6, 51.525, 33.433,0.178107,359.9,231.825,3.64e-01, 17.9, 2.2, 65
  73, 12904,10052020,18102022 001637,   1,  7970.9, 51.251,111.496,0.104708,  0.1,122.484,3.11e+00, 16.0, 2.2,822
  74, 12905,11052020,17102022 225220,   1,  8147.9, 51.334,286.709,0.165030,360.0,308.137,3.21e-01, 19.5, 1.4, 12
  75, 12907,16072020,17102022 232111,   1,  8372.5, 51.177, 17.160,0.140526,359.8,259.420,1.93e+00, 17.1, 0.7,266
  76, 13000,20032017,18102022 001405,   2,  7372.7, 61.721,165.152,0.092694,  0.1,193.446,7.23e-02, 17.1, 2.3,  4
  77, 13001,11052020,18102022 012357,   1,  8399.6, 51.506,  7.015,0.187198,359.8,240.856,6.42e-02, 17.5, 0.2,  4
  78, 13003,29062020,17102022 225854,   4,  8387.6, 51.491, 30.138,0.192470,359.9,230.857,7.80e-02, 17.0, 3.5,  7
  79, 13004,29062020,18102022 001328,   1,  8361.8, 51.884,130.001,0.133838,  0.1,134.190,1.21e+01, 16.1, 2.6,999
  80, 13005,22072020,17102022 224828, 201,  8134.2, 51.808, 36.344,0.146532,359.9,211.344,4.07e+00, 17.0, -  , - 
  81, 13100,03082020,17102022 231829,   2,  8576.1, 51.559,166.790,0.171138,  0.2,105.125,5.93e-02, 20.2, 0.1,  4
  82, 13201,19052020,17102022 231606,   1,  8438.0, 51.628, 85.019,0.188113,360.0,177.793,2.80e-01, 17.6, 0.9, 19
  83, 13300,01102018,18102022 005554,   1,  8040.1, 62.143, 92.458,0.165575,  0.0,357.061,7.71e-02, 15.1, 0.7,  3
  84, 13501,24092018,17102022 231145,   2,  8254.2, 34.022,318.292,0.198486,359.8,292.243,5.84e-03, 21.2, 1.2,  3
  85, 13503,27072020,18102022 012148,   2,  8726.0, 51.433,272.853,0.181578,360.0, 18.839,6.55e-02, 15.6, 0.1,  4
  86, 13504,29062020,18102022 003208,   1,  8714.5, 51.594,271.990,0.184361,360.0,  5.753,1.00e-02, 15.7, 0.1,  5
  87, 13600,11102008,18102022 001300,1000,  8795.0, 63.226, 16.145,0.100777,359.9,207.380,8.56e-02, 16.4,97.3, - 
  88, 13603,29062020,18102022 000948,   1,  8745.4, 51.091,297.361,0.161731,359.9, 24.910,2.10e-01, 14.1, 0.1, 44
  89, 13700,14022015,17102022 232826,1201,  8118.2, 56.908,221.921,0.167583,  0.1,309.660,2.00e-01, 17.0, -  , - 
  90, 13702,29062020,18102022 001813,   2,  8718.0, 51.275,275.674,0.193026,360.0, 36.445,2.63e-02, 16.0, 0.1,  8
  91, 13801,01102018,17102022 235924, 516,  8733.3, 63.495, 71.577,0.224141,360.0,319.849,1.15e-01, 18.0, -  , - 
  92, 13802,09072020,17102022 235741,   1,  8862.8, 51.324, 31.333,0.160246,359.9,303.783,1.55e+00, 17.7, 0.7,270
  93, 13900,29062020,17102022 233022,   1,  8906.8, 51.573, 30.297,0.182090,359.9,294.397,6.20e-02, 16.8, 0.2, 78
  94, 13901,27072020,17102022 235006, 468,  8828.5, 51.605, 32.482,0.172967,359.9,171.775,6.65e-02, 16.5, -  ,379
  95, 14001,27072020,17102022 235050,   1,  8964.6, 51.549, 33.734,0.218219,359.9,298.040,7.88e-02, 17.5, 0.1,  3
  96, 14004,28102021,18102022 000928, 304,  8879.3, 50.860,107.799,0.189725,  0.0,314.637,1.82e-02, 16.5, -  , 35
  97, 14100,20092016,18102022 003023, 944,  8569.2, 56.748,260.154,0.209900,  0.0,208.921,3.29e-01, 17.0,32.2, - 
  98, 14102,18022018,18102022 002818,1520,  8900.3, 50.195, 43.342,0.202509,359.9,237.911,4.53e+00, 16.8, -  , - 
  99, 14202,16072020,17102022 224810,   2,  8987.6, 51.599,128.883,0.139827,  0.1,225.388,1.00e-02, 18.7, 0.1,  3
 100, 14203,27072020,17102022 234445,  12,  9039.3, 51.370,106.569,0.187283,  0.0,249.495,2.09e+00, 17.7, 3.5, - 
 101, 14300,29062020,17102022 233342,   5,  8279.7, 51.311, 54.612,0.118332,359.9,192.741,6.65e-01, 17.6, 1.6,493
 102, 14301,09072020,18102022 010023, 488,  8304.9, 51.158, 75.084,0.182307,360.0,129.211,1.00e-02, 16.6, -  , - 
 103, 14302,16072020,18102022 005234,  17,  8915.0, 51.737, 93.035,0.163096,  0.0,273.375,5.57e-01, 17.0, 9.2, - 
 104, 14303,27072020,18102022 010224, 120,  8864.6, 51.215,124.415,0.069040,  0.1, 47.778,9.95e-03, 15.1, 0.5, 62
 105, 14304,03082020,17102022 233710,   3,  9073.4, 51.596,118.075,0.213500,  0.1,229.541,4.93e-02, 16.0, 0.1,  9
 106, 14306,04092020,18102022 004813, 773,  9021.7, 52.731,265.477,0.199344,  0.0,312.978,1.55e+01, 13.9, -  , - 
 107, 14307,28092020,18102022 001312, 344,  9124.8, 51.059,230.035,0.108035,  0.1,329.756,1.06e-02, 16.5, -  , 23
 108, 14402,27072020,17102022 223133,   2,  9103.6, 51.267,192.391,0.177699,  0.2,175.816,5.40e-03, 15.0, 0.1,  4
 109, 14404,03082020,18102022 011221,   2,  9011.0, 51.345,113.447,0.173021,  0.1,271.060,4.93e+00, 16.4, 1.5,598
 110, 14405,03082020,17102022 231824, 127,  8197.6, 50.865,292.423,0.121620,359.9, 63.709,2.81e-01, 14.2, -  , - 
 111, 14500,16032015,18102022 003849,2644,  8529.2, 56.958,339.662,0.197320,359.9,309.781,2.33e-01, 16.8,73.1, - 
 112, 14501,19092018,18102022 003015, 491,  8965.1, 64.617,199.172,0.247720,  0.1, 81.666,1.00e-02, 17.0, -  , 11
 113, 14504,13012007,18102022 002313,   2,  8309.9, 38.671,262.857,0.210897,  0.0,349.845,4.20e-03, 19.2, 4.0,  1
 114, 14511,29092021,18102022 004447, 300,  9038.1, 64.319,318.812,0.218243,359.9, 74.396,3.17e+00, 17.0, -  , - 
 115, 14512,28092021,18102022 000656, 384,  8263.8, 51.992, 64.971,0.163427,359.9,  4.376,3.44e+00, 17.0,41.1, - 
 116, 14600,03112015,18102022 005034,   2,  9217.4, 64.696, 55.818,0.174366,359.9,153.571,7.47e-01, 18.2, 0.5,204
 117, 14601,20052020,18102022 001959,  25,  8525.5, 51.304, 51.297,0.155699,359.9,285.261,1.11e-01, 16.1, 9.5,409
 118, 14602,29062020,17102022 234918,   1,  9140.6, 51.382,186.326,0.176368,  0.2,173.242,1.13e-02, 18.5, 0.1,  8
 119, 14603,29062020,17102022 225404, 261,  8715.0, 52.178,321.883,0.164590,359.9,  2.553,6.08e-01, 17.1,47.9, - 
 120, 14605,27072020,18102022 011745,   1,  8811.2, 51.656,109.774,0.130451,  0.1,226.298,3.74e+00, 14.7, 2.0,789
 121, 14700,24092018,18102022 001633, 666,  9191.1, 62.203,213.892,0.085726,  0.1,214.618,1.34e+01, 17.0, -  , - 
 122, 14702,29062020,18102022 003435, 179,  8079.4, 53.252, 34.230,0.128248,359.9,251.870,2.98e+00, 15.5, -  , - 
 123, 14703,16072020,17102022 232152, 777,  9215.1, 51.625,251.750,0.191499,  0.1, 92.740,3.55e-02, 12.9,17.1, - 
 124, 14705,27072020,17102022 234404, 412,  7622.6, 51.577,260.016,0.102760,  0.0, 19.485,1.46e+00, 14.9, -  , - 
 125, 14708,28082020,18102022 002021,  10,  9244.4, 50.681,239.217,0.128057,  0.1,225.831,5.91e+00, 15.4,18.3, - 
 126, 14709,17092020,18102022 000340, 723,  9274.9, 52.257,280.075,0.219086,360.0, 46.006,3.86e+00, 14.2, -  , - 
 127, 14800,21122012,18102022 012127,   0,  9309.1, 28.396, 36.431,0.238641,359.8,110.371,8.78e-03, 10.7, 0.1,  1
 128, 14801,01072015,18102022 004359,   0,  9163.2, 57.051, 55.427,0.244767,359.9,357.048,1.74e-01, 20.2, 0.1,  6
 129, 14802,03112013,18102022 010412,   0,  9291.9, 63.347,304.399,0.027269,359.9,302.877,4.99e-02, 11.6, 0.1,  1
 130, 14803,16072020,17102022 225005, 153,  8540.6, 51.425, 68.255,0.180666,359.9,265.834,2.81e-02, 16.0,19.7,212
 131, 14805,01092020,18102022 002902, 728,  9219.1, 50.998,246.675,0.152320,  0.1,153.041,8.81e+00, 14.4, -  , - 
 132, 14900,06082015,17102022 232547,   0,  9215.2, 56.840,265.000,0.252803,  0.0,224.029,2.11e-01, 19.6, 0.1,  7
 133, 14901,30122006,17102022 232842,   1,  9074.9, 56.859,306.953,0.247053,359.9,223.007,2.33e-01, 19.8, 0.3, 12
 134, 14902,21012016,18102022 005847, 291,  7950.1, 19.776,287.553,0.142023,359.9,138.711,3.26e+00, 15.3,73.2, - 
 135, 15102,25072016,17102022 234031, 558,  8107.2, 63.171,108.507,0.186094,  0.0, 93.830,2.11e-02, 20.0, 0.5,163
 136, 15103,20112018,17102022 235036,   0,  9362.2, 56.997,324.071,0.264745,359.9, 36.922,1.98e-01, 20.1, 0.1, 12
 137, 15104,27032008,18102022 000130, 305,  9292.0, 56.820,228.381,0.262802,  0.1,115.564,3.24e-01, 20.0, -  , - 
 138, 15105,24092019,17102022 233336,  21,  9338.6, 46.370, 33.278,0.213034,359.9,144.288,2.11e+01, 14.1, 7.9, - 
 139, 15106,16072020,17102022 234146, 223,  9122.4, 52.592,238.436,0.221042,  0.1,192.267,1.00e-02, 17.0, -  , - 
 140, 15200,27072020,18102022 012422,   2,  9433.7, 51.101,311.264,0.238684,359.9,103.394,2.90e-01, 19.4, 0.3, 97
 141, 15201,27072020,18102022 002535,   1,  9380.3, 51.348,306.488,0.238952,359.9, 76.418,2.76e+00, 17.6, 1.3,469
 142, 15202,01042021,18102022 005858, 377,  9276.2, 57.019,209.685,0.276563,  0.1,103.997,3.36e-02, 17.5, -  , - 
 143, 15300,31052013,18102022 000226,   1,  9509.9, 28.133,304.331,0.213982,359.9, 24.496,1.20e-02, 11.0, 0.1,  1
 144, 15301,12122015,18102022 004753,   2,  9357.6, 56.872,312.496,0.267481,359.9, 79.913,2.02e-01, 16.8, 0.2,  9
 145, 15304,14102021,18102022 002243, 355,  9042.7, 55.381,114.724,0.201824,  0.1, 38.860,2.58e-01, 16.0,24.6, - 
 146, 15400,16092018,18102022 010352, 421,  8341.5, 51.186,220.042,0.198309,  0.1, 83.394,1.16e-01, 17.0, 2.3,726
 147, 15500,12122009,17102022 231526,   4,  8059.2,102.214,312.064,0.021748,359.9,289.999,1.00e-02, 14.0, 0.1, 18
 148, 15501,01102018,18102022 001047, 514,  9227.0, 63.495, 67.171,0.278669,359.9,255.664,2.25e-02, 18.0, -  ,141
 149, 15503,16072020,17102022 224842, 783,  9714.4, 52.527, 59.060,0.234921,359.9,344.132,1.12e+00, 16.5, -  , - 
 150, 15504,16072020,18102022 002054, 776,  9587.0, 51.284,314.761,0.284601,359.9, 92.994,6.26e-01, 16.6, -  , - 
 151, 15505,27072020,18102022 013305, 788,  9182.3, 51.315,295.371,0.239482,359.9, 97.252,3.99e+00, 16.0,93.1, - 
 152, 15600,30092018,18102022 001021, 160,  8903.4, 51.349,241.102,0.245514,  0.1, 22.750,1.32e-01, 17.0, -  ,493
 153, 15601,16072020,17102022 225747, 477,  9601.2, 52.245, 36.298,0.253601,359.9,348.212,3.42e-03, 17.0, 3.2,  9
 154, 15602,16072020,18102022 000141, 781,  9598.5, 51.375,336.699,0.275556,359.9, 73.651,3.78e-01, 17.0, -  , - 
 155, 15603,16072020,17102022 230728, 301,  9395.8, 52.548,357.272,0.255228,359.8,111.569,1.00e-02, 17.0,40.5, - 
 156, 15605,27072020,18102022 003006, 781,  9625.2, 51.195,334.182,0.282157,359.9, 91.990,1.86e-02, 17.0, -  , - 
 157, 15700,24062008,17102022 233901,   2,  9653.9, 65.927,284.691,0.269357,360.0, 90.161,4.42e-01, 18.7, 0.3,104
 158, 15701,30092018,18102022 004824,   2,  9583.8, 54.530,107.197,0.183187,  0.0,134.612,2.45e+00, 17.0, 0.8,303
 159, 15702,16072020,17102022 235426, 820,  9657.8, 51.971, 13.829,0.285052,359.8,  4.238,1.80e-01, 17.0, -  , - 
 160, 15801,12022019,17102022 224605,   1,  9649.4, 57.021, 55.390,0.283649,359.9,253.087,2.47e-01, 17.6, 0.1, 12
 161, 15802,20122019,18102022 013346, 909,  9705.4, 57.043, 13.756,0.294013,359.9, 31.564,3.91e-01, 17.0, -  , - 
 162, 15804,03082020,17102022 233248, 608,  9125.9, 50.039, 98.744,0.259260,  0.0, 60.666,7.93e-03, 17.5, -  , 34
 163, 16000,25082015,18102022 013436,   0,  9685.5, 57.032, 13.042,0.288445,359.9, 33.295,1.36e-01, 19.5, 0.1,  7
 164, 16100,25102013,18102022 003811,   0,  9740.7, 56.921,  0.246,0.309676,359.9, 45.878,8.15e-03, 12.3, 0.1,  1
 165, 16101,07032004,18102022 013354, 440,  9720.8, 56.989,357.613,0.291392,359.9, 62.094,2.04e-01, 19.5, -  , - 
 166, 16103,28092018,18102022 001343,  77,  7720.2, 65.192,278.365,0.117468,360.0,123.275,4.69e+00, 18.8,21.0, - 
 167, 16201,01102018,18102022 001305,   3,  9862.4, 84.896, 21.524,0.268957,359.9,336.465,1.26e+00, 19.3, 0.2, 54
 168, 16202,09022019,18102022 001229,   3,  9816.5, 57.123,138.329,0.297732,  0.1,354.322,1.98e-01, 20.3, 0.2, 26
 169, 16205,20092021,17102022 235626, 384,  9440.6, 51.541,242.484,0.285766,  0.1,228.203,2.00e-01, 17.0,21.5, - 
 170, 16300,25112008,18102022 003517,  55,  9786.2, 56.938,299.245,0.302417,359.9,277.215,1.31e-01, 17.0, -  ,453
 171, 16301,27092018,18102022 000756,   1,  9868.5, 85.080, 80.555,0.263801,360.0, 29.687,1.63e+00, 19.0, 0.1, 29
 172, 16400,24112008,18102022 000641,   1,  9884.0, 56.923,261.122,0.306680,  0.0,323.792,1.98e-01, 19.6, 0.1, 11
 173, 16401,13072017,18102022 004712,1330,  9865.9, 57.098, 88.950,0.308743,360.0,250.557,7.27e-01, 17.3, -  , - 
 174, 16402,30092018,17102022 234231, 350,  9954.3, 86.323,259.822,0.175639,  0.0,264.694,1.24e+00, 19.1,30.5, - 
 175, 16403,22092018,17102022 221329,1346,  9959.0, 89.138,354.414,0.200683,359.9,228.535,2.34e-01, 17.0, -  , - 
 176, 16404,23092018,18102022 005558, 528,  9894.3, 85.476, 82.962,0.248338,360.0, 15.280,1.57e+00, 18.6, -  , - 
 177, 16405,30092018,17102022 231740,   3,  9932.2, 62.520,357.536,0.304598,359.9,359.318,1.24e-01, 17.0, 0.1, 29
 178, 16407,03082019,17102022 231806,1124,  9891.3, 65.418,342.841,0.308917,359.9,187.731,5.74e-01, 17.0, -  , - 
 179, 16408,02022007,17102022 230235, 120,  9961.8, 88.559, 34.652,0.177754,359.9,174.694,1.42e-02, 17.0, 7.7, - 
 180, 16500,22092018,18102022 001752,   1,  9962.1, 63.341,296.710,0.305744,359.9,320.483,7.69e-02, 18.9, 0.1, 12
 181, 16501,15032014,17102022 223725,   3, 10029.2, 56.865,208.715,0.310480,  0.1,234.595,1.59e-01, 20.6, 0.1, 14
 182, 16502,24032020,18102022 003614,   2,  9998.5, 95.758,311.271,0.032432,359.9,106.382,1.01e-02, 18.9, 0.1,  1
 183, 16600,15122017,18102022 001802,1168,  9911.6, 57.025, 40.140,0.312193,359.9, 86.842,2.55e-01, 16.3, -  , - 
 184, 16601,04012007,18102022 000039,   1,  9230.3, 38.916,153.213,0.288412,  0.2,118.727,3.64e-03, 19.2, 1.3,  1
 185, 16602,18102021,18102022 001443, 355,  8113.3, 65.100, 90.805,0.171672,  0.0,103.582,1.28e+00, 16.5, 1.6,641
 186, 16800,12122008,18102022 004415,   0, 10071.3, 56.998,  2.898,0.316459,359.9,128.074,1.46e-01, 20.0, 0.1,  4
 187, 16901,21102017,17102022 233634,   1, 10154.6, 57.101,135.327,0.322397,  0.1, 45.745,1.34e-01, 20.1, 0.1, 10
 188, 16902,12012009,17102022 235039,   0, 10110.3, 57.118, 61.856,0.317033,359.9, 65.071,1.97e-01, 20.0, 0.1,  6
 189, 16904,22092019,17102022 230947,   1, 10040.0, 64.802,154.307,0.292550,  0.1, 28.923,7.92e-03, 18.5, 0.1,  2
 190, 17001,07062020,17102022 233417, 605, 10180.0, 59.847,275.017,0.296687,360.0,305.753,4.55e-01, 17.5, -  , - 
 191, 17100,01022009,18102022 013657,   2, 10152.5, 57.123,112.121,0.322440,  0.1, 62.312,1.08e-01, 20.5, 0.1,  8
 192, 17200,30092018,17102022 234127, 350, 10239.9, 63.823,114.046,0.316535,  0.1,288.340,2.37e-02, 17.4,63.3, - 
 193, 17201,24122021,18102022 004516, 297, 10230.3, 64.123,274.311,0.277112,360.0,105.026,2.05e+00, 17.0, -  , - 
 194, 17300,01101995,17102022 222522, 558, 10255.5, 62.851,337.093,0.328220,359.9,261.686,7.32e-02, 13.6, -  , - 
 195, 17700,23012017,17102022 221757,1620, 10077.6, 59.776,200.446,0.312409,  0.1,351.341,6.15e-01, 18.5, -  , - 
 196, 17701,30092018,17102022 234738,  58, 10469.2, 63.235,119.384,0.187123,  0.1,105.103,2.01e-01, 18.2,29.0, - 
 197, 17703,21092021,18102022 002630, 354, 10512.6, 69.149,193.598,0.234387,  0.1,327.858,1.56e+01, 17.0, -  , - 
 198, 17704,19122021,18102022 020544, 302,  9781.3, 64.794,303.479,0.279200,359.9, 71.180,3.99e+00, 17.0, -  , - 
 199, 17801,22112008,18102022 000717,   2,  9752.1, 34.561,278.185,0.325358,360.0,289.784,3.86e-03, 19.7, 1.3,  1
 200, 17900,11012018,17102022 225827,   2,  9909.7, 64.685,309.307,0.292077,359.9, 73.294,1.99e+00, 18.9, 0.6,130
 201, 18000,28062021,18102022 005150, 302,  8504.2, 62.851, 83.927,0.220595,360.0,119.906,1.34e-01, 17.0,11.1, - 
 202, 18201,09122019,18102022 002847, 303, 10354.0, 62.097, 81.225,0.354440,360.0,151.824,2.60e-02, 17.0, -  ,588
 203, 18202,20032021,18102022 010917, 298, 10589.6, 64.215,273.944,0.316091,360.0, 89.565,4.38e+00, 16.5, -  , - 
 204, 18300,17072013,17102022 231225,   0, 10689.3, 57.065,  5.748,0.353057,359.9,338.774,9.35e-03, 12.3, 0.1,  1
 205, 18400,25092018,18102022 012719, 433, 10702.2, 46.628,320.839,0.293468,359.9, 17.100,2.70e+00, 18.6, -  , - 
 206, 18600,04112017,18102022 003601,   3, 10746.8, 62.919, 93.175,0.358358,  0.0,172.216,1.54e-01, 16.8, 0.9, 15
 207, 19000,23062021,18102022 002133, 481,  9345.4, 64.758,255.574,0.256584,  0.0, 66.235,3.48e+00, 17.0, -  , - 
 208, 19100,24012018,17102022 224922, 806, 11066.0, 61.204, 23.688,0.315785,359.9,343.882,2.87e+00, 16.4, -  , - 
 209, 19400,09052021,17102022 215819, 411, 10994.7,  6.596, 96.498,0.389404,  0.1,267.998,1.84e-02, 16.9, -  ,125
 210, 19700,01102018,18102022 004812, 523, 10671.5, 51.869,155.429,0.366575,  0.1,145.814,1.43e-01, 17.0, 4.2, - 
 211, 19800,17082017,17102022 221850, 360, 10595.9, 61.965, 26.038,0.365188,359.9,258.498,9.05e-02, 18.2, 2.2,818
 212, 19900,11052013,18102022 014932,   0,  8775.4, 57.351, 51.189,0.248475,359.9, 15.072,1.21e-02, 10.7, 0.3,  1
 213, 19901,04062020,17102022 224602, 447, 10180.8, 48.554, 11.953,0.338794,359.8,338.544,1.39e-01, 17.0, 1.4,345
 214, 20100,03112011,17102022 231005,   1, 11390.4, 63.576,232.154,0.386626,  0.1,258.171,1.29e-02, 13.4, 0.1,  2
 215, 20101,19092007,17102022 225628,   1, 10926.0, 34.860,349.004,0.394882,359.8,159.608,3.23e-03, 19.5, 0.3,  1
 216, 20201,13102007,17102022 223844,   2, 11189.3, 35.062,126.537,0.409685,  0.1,135.359,3.22e-03, 19.7, 0.8,  1
 217, 20500,02072012,18102022 004804,   1,  7775.9, 51.274,237.871,0.138753,  0.1, 50.704,1.49e-01, 17.0, 3.5,  6
 218, 20501,29092018,18102022 003427,   2, 11449.0, 62.833, 14.072,0.397442,359.9,182.870,8.79e-02, 17.0, 0.1, 22
 219, 20700,01102018,17102022 231844, 667, 10862.6, 62.380,260.964,0.379278,  0.0,207.546,1.17e-01, 18.0, 5.3, - 
 220, 20800,29092018,18102022 013547,1264, 11484.7, 61.418,211.882,0.400084,  0.1,338.718,1.25e+00, 19.7, -  , - 
 221, 21000,24092018,18102022 005227, 583, 11720.5, 63.672,229.039,0.380378,  0.1,303.464,8.84e-02, 18.1,20.2, - 
 222, 21300,22092018,18102022 005421, 564, 11849.5, 26.183, 42.212,0.361064,359.8,101.210,5.43e-02, 17.8,14.5, - 
 223, 21400,08092017,18102022 013527,   2, 11885.1, 48.079,243.505,0.384533,  0.1,131.875,1.00e+00, 15.1, 0.1, 40
 224, 21401,30092018,17102022 230508, 558, 11828.9, 64.288, 57.131,0.379174,359.9, 16.710,1.00e-02, 19.7, -  ,462
 225, 21402,25062020,18102022 003931, 299, 12090.4, 62.054,190.368,0.444882,  0.1, 36.915,5.43e-02, 17.8, 1.0,249
 226, 21700,14012018,17102022 232650, 378, 11146.5, 65.327, 44.310,0.402209,359.9,272.618,2.20e-02, 17.0, 0.6,100
 227, 21900,24122016,18102022 001625, 939, 11649.5,  6.202,240.042,0.417262,  0.6,319.176,1.24e-01, 16.8,16.1, - 
 228, 22100,15072012,17102022 233923,   2, 11729.5, 40.059,105.566,0.435570,  0.1,158.475,4.04e-03, 19.4, 0.5,  1
 229, 22401,16072022,18102022 002908,   1, 12222.3, 70.337, 43.598,0.026093,359.9,179.611,5.62e+00, 14.5, 0.4,137
 230, 22600,30062012,17102022 231955,3405,  9564.4, 61.805,163.713,0.297374,  0.1,202.737,1.52e-01, 17.0,30.3, - 
 231, 22601,13082018,17102022 234854, 569, 11864.1, 62.590,317.762,0.439367,359.9,109.793,8.76e-02, 16.8, 9.4, - 
 232, 22700,31102009,18102022 004306,   2, 11987.8, 52.095,344.965,0.430635,359.8,125.175,3.38e-01, 17.0, 0.6, 26
 233, 22801,04082007,18102022 003859,   1, 12182.9, 34.372,220.121,0.455193,  0.2,232.324,3.08e-03, 19.2, 0.1,  1
 234, 23200,10062016,18102022 024535,   1, 12401.6, 45.864,324.612,0.453792,359.9, 49.239,4.49e-02, 19.2, 0.1,  2
 235, 23400,04052015,17102022 220722,   1, 12296.4, 52.438,304.029,0.438003,359.9,197.876,1.36e+00, 17.6, 0.7,128
 236, 23500,24102017,18102022 000809, 453, 11653.8, 25.008, 54.598,0.420520,359.8,211.979,7.43e-02, 15.6, -  ,949
 237, 23800,11122012,17102022 224116,   0, 12761.4, 63.503,119.711,0.404890,  0.1,265.315,1.05e-02, 12.6, 0.1,  1
 238, 23801,16122017,17102022 224023,1733, 12755.2, 63.265, 98.850,0.394243,  0.0,312.768,1.51e+00, 19.3, -  , - 
 239, 23900,02092006,17102022 222257, 111, 12062.0, 38.989,214.292,0.455574,  0.2,359.580,3.00e-03, 18.1, -  , 10
 240, 23901,19072009,18102022 002133,  33, 11933.8, 40.027, 63.153,0.446875,359.9,283.512,3.69e-03, 19.0,84.2,  4
 241, 24100,08092019,17102022 234716, 305, 12842.0, 64.664, 65.123,0.466842,359.9, 77.681,5.97e-02, 19.6, -  ,167
 242, 24200,23092018,17102022 233712, 582, 12425.5, 20.295,183.148,0.465643,  0.4,101.251,1.51e-02, 18.3, 1.8,108
 243, 24600,21122014,17102022 231249, 365, 11843.8, 62.764, 73.068,0.436477,360.0, 90.720,1.82e-01, 17.2, 3.2,951
 244, 24602,20022009,18102022 004157,   2, 12941.9, 51.607,320.459,0.473526,359.9,  2.440,1.59e-01, 17.0, 0.6, 12
 245, 24700,19032010,18102022 021838, 215, 12950.4, 51.541,312.514,0.476384,359.9, 17.867,9.96e-02, 16.0, -  ,833
 246, 25000,05012017,18102022 021021,2104, 12631.4, 64.548,239.715,0.449728,  0.1,163.547,2.87e+00, 15.6, -  , - 
 247, 25001,22022009,17102022 224055,   1, 13139.3, 51.597,305.866,0.484968,359.9,  3.499,4.25e-02, 17.0, 0.2,  2
 248, 25200,02012017,17102022 223127,   2, 12936.9, 61.561,175.781,0.468233,  0.1,241.470,5.25e-01, 19.4, 0.5, 26
 249, 25201,28052021,18102022 002018, 298,  8401.6, 66.241,183.999,0.198014,  0.1,  6.345,1.32e+00, 17.7, 5.8, - 
 250, 25601,28062017,18102022 010429,1699, 13354.7, 48.563,231.824,0.235689,  0.1,221.055,8.95e+00, 15.1, -  , - 
 251, 25700,10072017,17102022 222106, 260, 12750.0, 20.470,256.404,0.458411,  0.1,299.894,9.67e-02, 16.6, -  ,437
 252, 25701,23122019,18102022 010500, 867, 13336.8, 62.887,280.573,0.475943,360.0, 44.778,4.49e-01, 17.0, -  , - 
 253, 25800,07072016,18102022 005851,   1, 13439.5, 20.540, 77.999,0.491035,359.9,349.136,1.40e-02, 16.7, 0.1,  4
 254, 25900,06012007,17102022 222224,   2, 13489.3, 63.468, 19.691,0.339603,359.9,270.721,1.28e+00, 14.1, 0.1, 21
 255, 25901,02012013,17102022 222255,   1, 13471.9, 55.473,116.946,0.486608,  0.1, 50.474,5.98e-03, 13.4, 0.1,  1
 256, 25902,29112010,17102022 233040,   3, 13475.5, 63.567,156.088,0.484300,  0.1,248.460,1.13e-01, 14.0, 0.1,  4
 257, 25903,05122016,17102022 215017,   5, 12289.9, 40.141, 38.373,0.463348,359.8,262.392,4.12e-03, 19.0, 2.9,  1
 258, 25905,10022010,18102022 005403, 463, 13374.0, 51.707,212.430,0.488727,  0.1,140.566,1.37e-01, 17.0, -  , - 
 259, 25906,26012022,17102022 221001,  61, 13494.0, 63.335,326.107,0.351732,359.9,274.085,6.28e-01, 16.4, 0.9,271
 260, 26000,30092012,17102022 224116,   0, 13514.8, 63.334,165.798,0.339867,  0.1,267.617,4.01e-03, 12.6, 0.1,  1
 261, 26001,30092012,18102022 002839,   1, 13506.2, 63.466, 41.064,0.336689,359.9,271.401,5.80e-03, 12.7, 0.1,  1
 262, 26002,17022008,17102022 215457, 522, 13421.9, 51.673,202.665,0.489672,  0.1,173.893,6.80e-02, 17.0, -  , - 
 263, 26200,23122016,18102022 004339, 365, 13391.9, 65.275,274.850,0.497435,360.0,357.164,8.10e-02, 16.8, -  ,520
 264, 26502,27072016,17102022 235122, 298, 11725.4, 63.886,201.038,0.429870,  0.1,349.740,1.81e-01, 17.0, 8.2, - 
 265, 26503,18092021,17102022 232838, 291, 12444.9, 60.578,357.866,0.466797,359.9, 88.950,1.42e-01, 17.0, 2.0,515
 266, 26700,29102014,18102022 000110,   1, 11801.7, 62.753,311.209,0.433845,359.9,312.918,3.89e-02, 16.3, 0.8,  1
 267, 26800,31121993,17102022 224030,4499,  9595.6, 62.713,311.290,0.306370,359.9,332.574,1.00e-02, 18.0, 3.9, 47
 268, 26900,15062015,18102022 000548,2655, 13776.1, 65.222,296.796,0.488631,359.9,278.174,2.40e+00, 17.0, -  , - 
 269, 26901,28092018,18102022 004545,   5, 13812.4, 63.099, 47.521,0.463441,359.9,290.865,1.08e-02, 18.0, 0.1,  4
 270, 27002,03012021,18102022 015656, 649, 13903.0, 26.779,355.898,0.484278,359.7,  3.977,4.99e-01, 18.3, -  ,467
 271, 27100,27042016,17102022 213232, 968, 13480.6,  6.776,101.257,0.499680,  0.2,253.791,7.60e-02, 17.4, 3.1,877
 272, 27300,05012018,17102022 230050,1275, 11982.2, 65.768,179.914,0.423174,  0.1,196.162,2.26e+00, 14.6, -  , - 
 273, 27400,26052018,17102022 220228, 434, 12752.4, 62.074,105.842,0.486365,  0.0, 85.960,8.65e-03, 17.6, 0.5, 48
 274, 27500,17072013,17102022 213103,   0, 13484.7, 60.933, 13.933,0.500959,359.9,185.606,1.10e-02, 10.7, 0.1,  1
 275, 27600,24022008,17102022 230351, 418, 14038.2, 51.790,196.637,0.505281,  0.2,237.162,1.08e-01, 15.3, -  , - 
 276, 27601,27022020,18102022 022332, 948, 13575.9, 24.454, 46.565,0.507243,359.8, 17.665,3.78e-02, 17.3, 0.3, 57
 277, 27700,30092018,18102022 032318,   1, 13201.3, 64.797,277.894,0.470398,360.0,111.569,1.50e+00, 18.3, 0.2, 40
 278, 28001,01102018,18102022 023840, 521, 11367.6, 20.883,287.815,0.421177,359.9,  5.271,7.80e-02, 17.3, 2.0,277
 279, 28100,08112012,18102022 022421,3086, 14179.4,104.521,162.562,0.266185,  0.1,111.309,2.05e+01, 15.5, -  , - 
 280, 28200,05042018,17102022 211642, 872, 14213.1, 65.519,339.772,0.484016,359.9,302.003,4.85e+00, 17.6, -  , - 
 281, 28201,29092018,17102022 211525,   3, 14131.2, 18.447, 68.123,0.520282,359.8,285.335,4.90e-02, 17.6, 0.1, 10
 282, 28300,22102011,17102022 213047,   1, 12738.6, 20.038,227.526,0.476186,  0.2,170.717,8.21e-03, 10.4, 0.3,  1
 283, 28402,22072019,17102022 223415,1183, 14279.7, 64.853,300.367,0.519036,359.9,283.442,1.56e-02, 15.8, -  , 27
 284, 28800,13032018,17102022 231117,1420, 14504.0, 64.911, 96.720,0.494952,  0.0, 77.478,3.06e+00, 15.9, -  , - 
 285, 29000,22022018,18102022 010718,   1, 14084.5, 65.363, 34.409,0.509966,359.9, 83.180,4.10e-01, 15.5, 0.1, 16
 286, 29501,07102020,18102022 004124,   1, 14738.9, 54.100,341.102,0.423585,359.9,193.353,3.68e+01, 15.6, 0.2, 69
 287, 29600,15032018,17102022 210408,1622, 14719.5, 54.150,345.697,0.422755,359.9,191.169,3.48e+01, 14.3, -  , - 
 288, 29700,25042022,17102022 233511,  23, 14739.8,  8.924,323.765,0.520177,359.4,263.156,8.61e-01, 19.1, 1.9,300
 289, 29800,22072015,17102022 221921,2618, 14556.0, 25.852, 26.339,0.507218,359.7,286.294,3.68e-01, 16.8, -  , - 
 290, 29801,02042018,17102022 195805, 577, 14331.4, 26.366, 37.789,0.533068,359.8,320.925,2.80e-02, 19.1, 0.8,232
 291, 30000,15082007,17102022 233659, 415, 14861.8, 50.519,161.180,0.477264,  0.2,208.693,1.17e-01, 17.7,27.3, - 
 292, 30101,03052017,18102022 000037, 349, 13846.7, 40.114, 28.699,0.525108,359.8,177.890,3.45e-03, 18.8, 0.2, 17
 293, 30102,13062017,18102022 010036,1219, 14961.9, 65.687, 55.617,0.486060,359.9,175.121,9.80e+00, 16.2, -  , - 
 294, 30200,27072017,18102022 013037, 300, 14789.5, 62.160,350.235,0.543365,359.9, 67.609,1.24e-01, 15.5, -  ,391
 295, 30501,11082021,18102022 012620, 381, 14968.9, 15.465,219.764,0.538226,  0.4,278.448,3.04e-01, 13.5, -  , - 
 296, 30502,15102022,17102022 210159,   1, 15032.9, 64.880,244.817,0.550706,  0.1,330.926,1.96e+00, 16.9, 4.3,196
 297, 30600,14032018,17102022 211951, 574, 11402.9, 63.632,255.385,0.413194,  0.0,353.664,1.49e-01, 17.6, -  , - 
 298, 30700,20062009,18102022 041227, 297, 15112.0, 64.259, 18.770,0.529081,359.9, 31.457,1.42e-01, 16.9,74.3, - 
 299, 30701,30092018,17102022 211613, 437, 14878.1, 65.354,137.232,0.529663,  0.1,292.414,1.49e-01, 17.0, -  , - 
 300, 31001,23062016,18102022 003151, 437, 13271.3, 24.358,300.181,0.491609,359.9,326.928,6.66e-02, 15.0, -  , - 
 301, 31002,09042018,17102022 202928,1580, 15170.8, 49.592, 40.044,0.483001,359.9,225.132,7.06e+00, 16.1, -  , - 
 302, 31006,10072021,18102022 015417, 348, 15156.0, 64.986,236.249,0.544770,  0.1,121.394,8.15e-02, 17.0, -  ,355
 303, 31201,25022021,17102022 232901, 453, 15219.3, 64.302,309.399,0.543448,359.9,222.337,2.16e+00, 14.6, -  , - 
 304, 31400,12022016,17102022 230504,2336, 14975.8, 64.685,312.065,0.543065,359.9,203.976,2.66e+00, 14.0, -  , - 
 305, 31401,02012017,17102022 213209,1355, 15322.9, 64.293,126.517,0.472534,  0.1,307.430,9.17e-02, 15.7,19.4, - 
 306, 31402,19072017,18102022 021837, 884, 15115.9, 63.874,226.700,0.529118,  0.1,168.201,4.47e+00, 16.1, -  , - 
 307, 31501,16102019,18102022 025227, 939, 15416.2,  7.008,116.727,0.496971,  0.5,240.281,3.17e-01, 17.8,51.0, - 
 308, 31600,11052017,17102022 235135,  45, 14245.9, 24.203,140.595,0.531000,  0.2,101.295,9.59e-02, 17.2, -  ,132
 309, 31601,26052018,17102022 204544, 347, 14102.1, 49.029,217.282,0.522638,  0.1,315.137,1.87e-01, 18.8, 7.5, - 
 310, 31604,31082022,17102022 232804,  42, 15332.6, 98.517,326.783,0.557061,359.9,176.292,3.23e-01, 19.0, -  ,121
 311, 31704,11072021,17102022 200653, 459, 15463.5,  7.722,269.292,0.492792,  0.0,223.493,7.14e-01, 19.1,14.3,520
 312, 31705,28122021,18102022 000140, 290, 15115.8, 24.988, 73.374,0.553864,359.9, 10.193,1.42e-01, 17.4, 0.2, 55
 313, 31800,26122015,18102022 030909,1344, 15455.5, 65.115,224.642,0.544896,  0.1,319.941,5.52e-01, 17.3, -  , - 
 314, 31803,29082022,18102022 005758,  47, 15375.8, 64.442,  1.754,0.553029,359.9,195.344,1.10e+00, 17.7, -  ,172
 315, 31900,02042015,18102022 034129,2745, 14988.4,  8.587,184.202,0.529600,  0.8,335.294,3.81e-02, 15.5, 4.0,637
 316, 31901,02062015,18102022 003233,2366, 11142.4, 60.453,226.562,0.404542,  0.1,105.876,1.30e-01, 15.3,19.6, - 
 317, 31902,24072018,18102022 001054, 243, 12657.9, 65.402, 75.435,0.469557,360.0,280.802,6.79e-02, 19.4, -  ,283
 318, 31904,04122019,17102022 224139, 893, 12291.6, 24.757, 38.141,0.461737,359.8, 44.733,5.02e-02, 17.0, 2.1,641
 319, 32000,15042011,17102022 233515,   0, 14217.5, 25.823, 18.715,0.534498,359.7,178.944,9.79e-03, 11.0, 0.2,  1
 320, 32100,07032015,18102022 003927,   1, 15468.5, 27.135,307.044,0.555977,359.8,359.774,1.97e-02, 16.8, 0.1,  1
 321, 32101,03042016,17102022 223512,   1, 12911.7, 23.750,282.155,0.480080,359.9, 44.231,3.51e-02, 16.2, 0.3,  1
 322, 32104,17112020,17102022 230331, 447, 14609.1, 65.445,332.273,0.535290,359.9,316.202,1.94e-01, 16.0, 1.9,521
 323, 32105,30092022,17102022 223752,  11, 15386.1, 64.373,237.796,0.570180,  0.1,  7.463,9.69e-02, 18.3, -  ,  2
 324, 32200,01122015,18102022 000849,   1, 14976.6, 65.031,221.468,0.540971,  0.1,121.533,6.35e-02, 15.7, 0.1,  2
 325, 32201,16022016,18102022 014402,  11, 14095.7, 62.613, 17.697,0.516189,359.9,283.529,4.41e-01, 14.4,27.2,105
 326, 32400,14022014,18102022 015348,1028, 15351.8, 28.262,  4.705,0.566289,359.7,102.106,6.97e-02, 19.1, -  ,694
 327, 32401,07032018,18102022 011153, 984, 15648.0,  5.971,116.864,0.535788,  0.5,307.394,6.10e-01, 18.3, -  , - 
 328, 32501,24012018,18102022 003958,1724, 15701.6, 64.112,330.551,0.493449,359.9, 28.275,5.89e+00, 16.6, -  , - 
 329, 32511,02072022,18102022 030617,   8, 15670.7, 11.321,187.873,0.559748,  0.6, 67.545,8.84e-02, 17.3, 0.2,  7
 330, 32700,06112014,18102022 013945,2793, 15663.3, 66.125,109.230,0.557784,  0.0,221.294,1.82e-01, 15.3, -  , - 
 331, 32702,25032017,17102022 220953, 205, 12578.2, 64.696,130.416,0.472617,  0.1,344.284,7.18e-02, 19.1, 1.7,244
 332, 32706,19102018,17102022 233048, 984, 11292.4, 65.838, 63.658,0.408585,359.9,200.336,9.90e-01, 15.4,58.8, - 
 333, 32708,23052019,17102022 204808,1171, 15780.4, 65.358,317.006,0.546554,359.9,326.079,1.12e-01, 16.8,64.7, - 
 334, 32800,06092013,17102022 233641, 404,  7400.1,  7.231,145.244,0.112813,  0.8,278.997,2.14e-01, 15.4, 3.7, - 
 335, 32805,30112018,17102022 232709,1371, 14800.5, 65.300,128.204,0.517057,  0.1,227.837,1.47e+00, 17.6, -  , - 
 336, 32806,19102020,17102022 230812, 500, 14271.9, 64.987,316.285,0.527710,359.9,324.792,1.12e-01, 16.0, 4.7, - 
 337, 32900,16092014,17102022 191353,   1, 15781.1, 65.333,324.288,0.558475,359.9,272.749,1.03e-02, 18.4, 0.1,  1
 338, 32901,31102016,18102022 004545,1698, 13083.0, 64.599,246.013,0.475934,  0.1, 14.193,8.27e-01, 16.8, -  , - 
 339, 32905,09102018,18102022 021520,1311, 15510.3, 65.641,131.061,0.563529,  0.1,218.396,6.46e-01, 16.0, -  , - 
 340, 32910,06072022,18102022 011858,   1, 15085.0, 65.519,244.646,0.548380,  0.1,331.376,3.56e+00, 15.5, 4.7,123
 341, 33000,15012018,18102022 012122, 743, 15766.3, 22.365,174.651,0.561988,  0.3, 31.436,1.19e+00, 16.6, -  , - 
 342, 33003,14102018,18102022 005219, 965, 15776.3, 65.231,185.099,0.537805,  0.1,225.758,8.20e-02, 17.3, -  , - 
 343, 33005,04112018,17102022 194704,1350, 15843.7, 65.454,156.907,0.563654,  0.1,227.328,1.36e-01, 18.5, -  , - 
 344, 33006,05112018,17102022 201409,1428, 15756.8, 65.223,156.261,0.552748,  0.1,232.406,1.33e+00, 18.7, -  , - 
 345, 33007,28062019,17102022 213723, 334, 15831.9, 65.642,200.990,0.541778,  0.1, 82.942,1.29e+00, 16.0,97.5, - 
 346, 33008,10012021,18102022 002118, 595, 14680.0, 48.852, 73.119,0.539781,359.9,152.075,3.01e+00, 16.8,94.1, - 
 347, 33009,14122020,17102022 225044, 452, 15545.5, 66.102,  8.243,0.558739,359.9,308.470,1.92e-01, 15.5, -  ,758
 348, 33101,27012017,18102022 033249, 162, 14989.1, 64.380,196.664,0.554815,  0.1,348.262,6.99e-02, 19.7, 1.1,232
 349, 33106,30102018,17102022 194257, 121, 15861.7, 65.495,160.570,0.562218,  0.1,229.572,6.06e-02, 18.6,11.4, 56
 350, 33110,27072016,17102022 203812,   9, 15876.7, 65.002,320.309,0.549022,359.9,336.689,3.41e-01, 16.5, 0.8,196
 351, 33111,12032020,17102022 232047, 642, 13715.4, 63.819,177.076,0.513458,  0.1, 18.198,4.14e-01, 16.2,22.2, - 
 352, 33113,19022020,18102022 031458, 302, 14701.3, 63.512,163.438,0.554663,  0.1, 28.708,2.87e-01, 17.0,12.2, - 
 353, 33114,23042020,17102022 213004, 426, 15601.3, 64.475,207.823,0.568780,  0.1,  6.616,4.04e-01, 16.7, 6.6, - 
 354, 33116,23032020,18102022 015719, 436, 15792.2, 63.605,198.977,0.571558,  0.1, 22.810,4.36e-02, 17.0, -  , 30
 355, 33205,14102018,18102022 003912,  10, 15893.9, 65.370,162.032,0.560267,  0.1,234.002,9.05e-03, 17.4, 0.1,  2
 356, 33208,29082019,17102022 220835,1108, 15909.3, 65.612,270.250,0.459636,  0.0,231.513,1.30e+01, 16.2, -  , - 
 357, 33300,10082014,17102022 223856,   3, 15955.4, 64.473,285.577,0.571183,360.0,357.642,5.24e-02, 15.6, 0.3,  4
 358, 33303,30092018,18102022 021425, 379, 15985.7, 64.316, 25.354,0.561082,359.9, 27.402,7.89e-02, 19.5,39.2,101
 359, 33304,09102018,18102022 020714,  84, 15267.5, 65.390,137.871,0.556171,  0.1,224.783,6.26e-01, 13.6, -  , - 
 360, 33402,10092017,17102022 223024,   1, 16027.0, 64.534,210.604,0.581939,  0.1,  2.629,9.07e-03, 15.5, 0.1,  1
 361, 33503,13082017,18102022 013836,1845, 16009.3, 64.204,236.354,0.492651,  0.1,263.762,2.35e-01, 14.4,58.9, - 
 362, 33511,18102018,18102022 001032,1447, 16021.4, 62.327,172.118,0.520569,  0.1,  8.914,2.95e+00, 15.9, -  , - 
 363, 33512,23052021,17102022 234703, 451, 12235.1, 59.614,147.841,0.449163,  0.1, 22.301,1.18e+00, 14.5,14.5, - 
 364, 33513,21052022,17102022 215106, 143, 15721.2,  6.729,356.696,0.572965,358.9,208.808,1.11e-01, 19.0, 4.7, - 
 365, 33602,26062018,17102022 235057,1571, 16030.2, 63.680, 43.845,0.410912,359.9,197.592,8.64e+00, 15.2, -  , - 
 366, 33614,21092020,18102022 015452, 754, 15961.5, 11.527,217.012,0.580355,  0.5,186.244,2.70e-02, 17.8, -  , - 
 367, 33703,02062016,18102022 010300,   1, 16102.5, 64.909,252.442,0.574318,  0.0,326.523,8.11e-03, 15.6, 0.1,  1
 368, 33704,01082016,18102022 020738,   1, 15706.5, 65.088, 91.040,0.555326,  0.0,296.888,5.42e-02, 14.4, 0.1,  3
 369, 33705,02052017,17102022 222849,   5, 15886.6, 65.095,244.223,0.566638,  0.1,318.778,1.20e-01, 19.2, 1.5, 10
 370, 33706,21082017,18102022 010937, 504, 11644.6, 63.985,215.878,0.423594,  0.1,346.162,2.99e-01, 16.3, 7.7, - 
 371, 33715,15102018,18102022 000831,1401, 16057.3, 65.282,173.415,0.562500,  0.1,237.294,6.31e-02, 18.3, -  ,574
 372, 33800,21062014,17102022 192829,   2, 15998.5, 65.022, 88.238,0.559417,360.0,213.273,5.50e-01, 15.0, 0.2, 54
 373, 33801,24072017,17102022 212342, 606, 15961.2, 64.625,345.993,0.569414,359.9,333.587,4.50e-02, 18.2, -  ,471
 374, 33803,20122017,18102022 001731,1760, 12401.1, 63.651,282.363,0.395650,360.0, 51.435,7.71e+00, 17.6, -  , - 
 375, 33804,18012018,18102022 004727,  78, 15474.1, 27.061,103.606,0.555495,  0.1,113.806,1.34e-01, 17.5, 2.6,284
 376, 33805,29012018,17102022 231941, 366,  9589.4, 63.662,113.153,0.314780,  0.1, 19.527,1.51e-01, 17.9, 1.7,537
 377, 33815,07052021,18102022 021500,   2, 16021.6, 64.475,296.201,0.572833,359.9,359.444,8.26e-02, 17.5, 0.2,  5
 378, 33900,31012015,17102022 201442,   1, 16193.0, 64.563,340.478,0.570331,359.9,  7.472,1.10e-02, 16.1, 0.1,  1
 379, 33901,27082017,17102022 192329, 494, 15902.1, 64.759,  3.375,0.561130,359.9,327.482,3.13e-01, 16.1, -  , - 
 380, 33902,27112017,17102022 213711,1186, 15992.1,  7.495, 54.461,0.569345,359.4,277.136,4.59e-02, 17.9, -  ,739
 381, 33903,08072016,18102022 002732,1737, 14572.6, 64.522,338.642,0.454711,359.9,346.163,1.45e-02, 16.8,10.1,497
 382, 33907,11072018,17102022 221914,   1, 16099.9, 65.392, 27.395,0.562199,359.9,280.068,4.89e-02, 15.3, 0.1,  3
 383, 33918,05112020,18102022 011418,   1, 15807.3, 65.466,  5.492,0.569446,359.9,323.202,3.48e-02, 14.8, 0.1,  1
 384, 33919,05012021,18102022 011537, 648, 12923.4, 24.752, 12.773,0.481791,359.7,112.679,7.68e-02, 16.9,11.2, - 
 385, 34000,01102014,17102022 195122,   0, 16192.5, 65.451, 55.464,0.557898,359.9,290.506,9.60e-03, 16.0, 0.1,  1
 386, 34010,19102018,18102022 015759, 301, 12976.2, 64.789, 24.920,0.455282,359.9,105.196,1.84e+00, 17.0,88.0, - 
 387, 34011,15102018,17102022 193603,1463, 16017.7, 65.463,177.037,0.572838,  0.1,218.178,6.23e-01, 17.5, -  , - 
 388, 34012,08012020,18102022 030221,   1, 16061.4, 64.627,121.200,0.569736,  0.1,325.093,4.85e-02, 14.9, 0.1,  2
 389, 34100,28032016,17102022 235735,   2, 16180.6, 65.215,279.558,0.566404,360.0,310.500,7.02e-02, 14.7, 0.1,  5
 390, 34101,21042016,17102022 200844, 495, 16211.1, 65.336,290.138,0.564997,360.0,307.160,1.08e-01, 19.8,49.8,572
 391, 34102,15082016,17102022 213143,1366, 15808.3, 65.734,130.552,0.561517,  0.1,246.161,9.07e-02, 19.3, -  , - 
 392, 34113,10102018,17102022 204255,1467, 16166.4, 65.328,181.926,0.566471,  0.1,234.477,2.24e-01, 14.5, -  , - 
 393, 34114,10102018,17102022 194830,   1, 16280.6, 65.378,187.871,0.570982,  0.1,234.023,1.04e-02, 15.8, 0.1,  1
 394, 34115,11102018,18102022 015920,1298, 15314.2, 65.275,165.805,0.549699,  0.1,219.630,1.18e+00, 16.1, -  , - 
 395, 34118,28042022,17102022 221658, 138, 14695.4,  8.919,322.362,0.544266,359.4,248.554,3.18e-01, 18.5, 0.2, 55
 396, 34208,06112018,17102022 205106, 371, 14393.7, 65.320,155.833,0.528985,  0.1,222.280,3.47e+00, 14.6, -  , - 
 397, 34209,03112019,17102022 222552,1041, 16264.5, 63.617,343.449,0.246565,359.9, 29.564,1.72e+01, 16.0, -  , - 
 398, 34300,28032016,18102022 041826,   0, 16167.0, 64.548,265.545,0.580932,  0.0,341.546,4.87e-02, 14.3, 0.1,  2
 399, 34308,12062018,18102022 015517, 393, 16236.3, 64.431,320.094,0.573956,359.9,356.625,1.69e-01, 17.1, -  ,947
 400, 34320,27112018,17102022 212730, 671, 12306.4, 65.201,152.380,0.446707,  0.1,343.438,3.92e-01, 16.6, -  , - 
 401, 34321,16122019,17102022 204713,   1, 16256.4, 65.326,253.755,0.570271,  0.0,337.117,1.12e-01, 16.5, 0.1,  2
 402, 34323,21012020,17102022 235914,   2, 12210.8, 64.276,283.087,0.448578,360.0,351.037,6.78e-01, 15.8,17.0, 47
 403, 34402,16022018,17102022 235647, 171, 15638.6, 64.471,224.550,0.575581,  0.1,  4.460,7.47e-02, 19.3, 1.2,210
 404, 34403,29052018,18102022 014945,   3, 16242.8, 64.627,312.574,0.579110,359.9,348.095,6.12e-02, 14.8, 0.5,  4
 405, 34414,25062018,17102022 222648,   1, 16126.7, 64.455,307.665,0.578071,359.9,352.090,8.52e-02, 17.5, 0.2,  3
 406, 34417,13102018,17102022 214734,1321, 16268.5, 65.531,193.682,0.574239,  0.1,222.834,5.72e-01, 17.2, -  , - 
 407, 34418,16102018,17102022 201233,   2, 15707.4, 65.310,147.025,0.560916,  0.1,233.819,9.04e-01, 14.5, 0.5, 57
 408, 34420,14102019,17102022 204350, 381, 15016.1, 25.359,156.782,0.549295,  0.3,264.281,2.97e-02, 16.8, 0.4,106
 409, 34423,28032020,17102022 233420, 108, 14279.8,  4.619,131.559,0.541325,  1.0,101.782,9.26e-03, 17.5, 0.1,  8
 410, 34501,20122017,17102022 221732,1011, 13105.2, 64.707,248.641,0.474885,  0.1,356.945,3.04e+00, 17.2, -  , - 
 411, 34509,08072018,17102022 210454, 305, 15819.7, 63.876,337.215,0.535050,359.9, 24.248,1.24e-01, 18.6, 3.1,931
 412, 34518,20012020,17102022 224626, 308, 10384.6, 64.605,238.001,0.354657,  0.1,338.724,5.80e-01, 14.6, 7.1, - 
 413, 34600,24032004,17102022 234553, 207, 16321.2, 63.086,242.490,0.580259,  0.1,251.002,2.99e-02, 15.9,39.5,157
 414, 34602,08072016,18102022 041640, 302, 16206.2, 61.979,313.424,0.537443,359.9, 46.464,2.52e+00, 17.2,65.0, - 
 415, 34603,19012018,18102022 014737,1729, 16365.8, 63.566,  8.173,0.509907,359.9,124.387,1.06e+01, 17.4, -  , - 
 416, 34604,22012018,17102022 205417,1721, 15663.4, 64.446,337.622,0.521288,359.9,345.701,5.98e+00, 16.7, -  , - 
 417, 34605,27012018,17102022 220249,1717, 15415.0, 65.090,320.485,0.533735,359.9,328.482,5.03e+00, 15.6, -  , - 
 418, 34614,13022020,18102022 032613, 449, 16333.8, 64.563,180.577,0.566227,  0.1,347.528,3.36e-02, 16.5,73.1, - 
 419, 34700,26042016,17102022 220108, 331, 16400.1, 64.573, 55.126,0.548876,359.9,347.600,9.18e-01, 17.2,91.9, - 
 420, 34701,24122017,17102022 221210, 852, 16352.6, 66.491,148.430,0.507146,  0.1,309.054,5.41e+00, 15.0, -  , - 
 421, 34702,08012018,18102022 025709, 355, 16374.3, 63.097,319.318,0.574545,359.9, 48.989,3.45e+00, 16.9, -  , - 
 422, 34800,12062017,18102022 000832, 548, 13874.3, 64.604,161.970,0.517622,  0.1,325.319,4.04e-02, 18.6, -  ,299
 423, 34802,27012018,17102022 224155,1696, 14244.7, 64.613,270.288,0.516325,  0.0,357.176,2.13e+00, 18.7, -  , - 
 424, 34901,24112019,18102022 035836,   5, 15463.9, 64.459,226.705,0.571809,  0.1,  5.187,8.38e-02, 19.4,49.9,  7
 425, 35002,20092021,17102022 214039, 325, 16488.6, 69.093,171.103,0.529429,  0.1,194.074,3.87e+00, 15.0, -  , - 
 426, 35100,06072012,18102022 020912, 161, 13996.9, 49.165,264.424,0.503364,  0.0,174.359,1.90e+00, 15.2,20.1, - 
 427, 35101,10102018,18102022 011706,1397, 16425.0, 65.044,195.789,0.565544,  0.1,247.390,1.09e+00, 17.0, -  , - 
 428, 35200,24022012,18102022 010101,   0, 16265.2, 63.422, 71.069,0.593830,360.0,265.919,1.14e-02, 12.3, 0.1,  1
 429, 35201,23062004,17102022 211739,   1, 16648.3,  5.144,186.886,0.532682,  1.4,249.645,1.14e+00, 13.9, 0.1, 20
 430, 35202,11102018,18102022 021225,1436, 12774.3, 65.835, 93.516,0.471597,  0.0,201.479,3.21e+00, 16.9, -  , - 
 431, 35206,12092020,17102022 230358, 762, 16657.3, 65.878,340.067,0.308576,359.9,110.327,1.59e+01, 15.9, -  , - 
 432, 35400,02032015,17102022 225510,   3, 16499.1, 64.770, 29.583,0.575934,359.9,  4.920,9.44e-02, 19.2, 0.1,  6
 433, 35401,19072016,18102022 022033, 628, 16525.3, 64.997,304.986,0.582931,359.9,326.128,3.72e-02, 18.7, -  ,363
 434, 35404,13102018,17102022 213126,1402, 16150.5, 65.319,183.446,0.576687,  0.1,227.367,1.21e+00, 17.1, -  , - 
 435, 35500,08032013,18102022 023202, 604, 16196.2,  8.464, 96.750,0.575254,  0.1,301.814,2.83e-02, 16.8, -  ,424
 436, 35501,29012018,17102022 232211, 902, 16535.3, 63.359,  7.571,0.532743,359.9, 14.974,2.19e+00, 16.0, -  , - 
 437, 35600,13102018,17102022 235555,1425, 12549.3, 65.809, 89.832,0.462593,360.0,203.043,2.27e+00, 16.7, -  , - 
 438, 35601,15102018,18102022 001122,1417, 11350.0, 65.794,116.377,0.411597,  0.1,196.880,2.77e+00, 16.8, -  , - 
 439, 35602,02012019,17102022 235428,   1, 16595.9, 64.622, 39.815,0.582023,359.9, 12.505,2.59e-01, 16.6, 0.1, 11
 440, 35603,24102020,17102022 230156, 580, 16646.1, 65.130,258.167,0.590177,  0.0,342.328,9.28e-02, 17.0, -  , - 
 441, 35701,08052018,17102022 222719,1615, 16746.0, 64.473, 50.092,0.487574,359.9,272.487,2.24e+00, 18.8, -  , - 
 442, 35703,11102018,17102022 234954,1450, 15541.2, 65.184,174.493,0.555672,  0.1,225.564,1.98e+00, 17.1,97.1, - 
 443, 35704,07022007,18102022 003405,  90, 16523.0, 27.885, 71.475,0.597800,359.9,348.361,6.11e-03, 19.5, -  , 16
 444, 35800,19112019,18102022 005120, 451, 16706.3, 64.805,256.510,0.593374,  0.0,350.202,7.37e-02, 17.6, -  ,756
 445, 36001,28082022,17102022 195353,  46, 16767.0, 10.525,252.684,0.591128,  0.2,345.652,3.68e-01, 19.1, -  , 29
 446, 36100,05012020,18102022 005534, 999, 16725.6,  3.197, 73.498,0.571111,359.3,139.340,4.96e+00, 18.0, -  , - 
 447, 36101,29052022,18102022 012108,  90, 16818.8,  9.424,  2.851,0.582335,359.2,137.613,8.37e-02, 18.1, 2.5,108
 448, 36200,13032015,18102022 041937, 429, 16584.4, 64.840,214.887,0.589617,  0.1,330.931,4.22e-02, 18.2, 2.3,537
 449, 36201,07072018,17102022 230522, 884, 10335.2, 64.193,160.680,0.361411,  0.1,350.352,1.92e-01, 18.0, 7.7, - 
 450, 36301,30092022,17102022 222202,   1, 16888.2, 75.875, 39.102,0.492373,359.9,193.604,5.90e+01, 17.5, 4.3, - 
 451, 36600,29062022,18102022 002635, 100, 17000.0, 62.336, 67.588,0.530607,359.9,357.944,3.10e+00, 16.8,32.3, - 
 452, 36700,05062016,17102022 233259,   1, 11451.0, 23.698,187.281,0.420701,  0.3, 45.224,5.77e-02, 16.9, 4.0,  4
 453, 36701,01012021,17102022 235823, 613, 16965.5,  7.378,131.139,0.603896,  0.6,269.222,2.28e-02, 16.4, -  ,237
 454, 36702,07012021,18102022 041547, 607, 16934.7, 30.361,229.285,0.601209,  0.2,343.487,4.67e-02, 17.9, -  , 89
 455, 36801,29032016,17102022 234827,2189,  9595.4, 48.823,199.975,0.318841,  0.2,306.178,3.54e-03, 16.1, 1.1, 21
 456, 36802,30092018,17102022 191220,  10, 17045.6, 63.773,208.400,0.557863,  0.1,246.401,1.01e-02, 17.5, 0.1, 11
 457, 36803,14102018,17102022 234237,1306, 17037.5, 65.193,236.050,0.582806,  0.1,244.010,1.30e-01, 16.9,91.0, - 
 458, 37000,03022016,17102022 211552,2441, 15025.3, 26.683, 75.403,0.551629,359.9,161.996,1.51e-01, 17.0, 3.3,720
 459, 37201,22112019,17102022 185732, 991, 17183.6,  9.585,235.668,0.592204,  0.4,  9.575,1.26e-01, 18.5, -  , - 
 460, 37202,15112020,17102022 235303,   1, 17157.3, 58.729,178.836,0.013883,  0.1,152.844,1.12e-02, 10.4, 0.1,  1
 461, 37300,27022018,17102022 235355, 435, 16771.6, 25.862,  3.587,0.598174,359.7,316.626,2.60e-02, 18.6, -  , 81
 462, 37400,12012010,17102022 230447,   2, 16880.0,  2.534,289.051,0.597083,359.1,332.191,1.47e-01, 14.0, 0.8,  9
 463, 37401,09042016,17102022 233606,1322, 17172.0,  8.418,348.855,0.548862,359.2,108.862,2.42e-01, 18.2,22.1, - 
 464, 37601,22122009,17102022 205232, 898, 17238.7, 65.924,109.969,0.563623,  0.0,247.862,1.61e+00, 16.8, -  , - 
 465, 37800,02072018,17102022 233957, 355,  7416.9, 63.887, 67.716,0.112030,359.9,353.688,1.76e-01, 16.3, -  ,583
 466, 37801,13052022,17102022 233902,  10, 17242.5,  7.753,  6.285,0.610729,359.1,211.327,2.42e-02, 17.7, 1.3,  5
 467, 37900,03122019,17102022 210002,1008, 16744.3, 49.315, 12.452,0.598264,359.8,209.352,4.44e-01, 17.5,22.5, - 
 468, 38100,23122016,17102022 234304, 397, 17309.3, 26.843,294.930,0.612060,359.9,328.768,6.70e-03, 18.6, -  , 33
 469, 38101,24122006,18102022 005704,   1, 15928.1, 17.095, 73.004,0.583425,359.9,240.240,6.81e-03, 17.9, 0.1,  1
 470, 38102,15112020,17102022 211158,   1, 17466.1, 58.426,185.763,0.000475,  0.1,354.062,1.01e-02, 12.0, 0.1,  1
 471, 38301,31082021,18102022 002431, 154, 16886.8,  7.094,324.382,0.585736,359.2,144.365,2.30e-01, 17.6,26.2,510
 472, 38501,21022020,18102022 001356, 677, 13479.6, 25.767,329.471,0.511712,359.8, 10.868,2.45e-02, 15.0, 1.4, 60
 473, 38600,15032011,17102022 231815,4181, 16026.1,  8.571,263.946,0.571947,  0.1,186.865,3.94e-02, 15.8,19.3, - 
 474, 38601,23122009,17102022 205011, 636, 16897.4,  6.557,346.877,0.590778,358.9,120.945,1.99e-02, 18.2, 1.1,260
 475, 38700,21122019,18102022 043459,1028, 17688.7, 32.788, 26.130,0.586587,359.8,166.508,2.66e+01, 17.4, -  , - 
 476, 38800,25102019,17102022 231106, 346, 17665.9, 15.494,232.409,0.577059,  0.3,178.154,4.55e-01, 17.7,17.6, - 
 477, 38900,19012017,17102022 190530,2076, 17737.8, 28.181,296.074,0.593147,359.9,303.817,1.71e+00, 16.0, -  , - 
 478, 39000,12122009,18102022 000905,1405, 16407.7,  7.625, 65.595,0.583201,359.6,258.357,6.60e-02, 17.1, -  , - 
 479, 39100,26112014,18102022 015055, 104, 17274.6,  7.112,113.738,0.609396,  0.4, 50.731,5.93e-02, 17.8, -  , 50
 480, 39401,23122016,17102022 193642,1122, 17453.6, 29.899,349.810,0.619678,359.8,197.289,6.78e-03, 15.3, 1.5,208
 481, 39402,15052020,17102022 234839, 818, 17815.1, 29.943, 52.390,0.596682,359.8,132.960,1.74e+00, 16.5, -  , - 
 482, 39700,01072009,17102022 225620,  10, 17550.9,  4.297,290.693,0.612993,359.4,332.298,8.47e-02, 15.3,12.2, 41
 483, 39701,02082019,17102022 214700,  10, 17483.5,  6.964,352.311,0.617371,359.0,253.067,7.03e-02, 18.7,39.4, 33
 484, 39800,14012013,17102022 224546, 354, 17164.7,  6.394,175.167,0.600724,  1.1,187.494,6.85e-02, 17.3, -  ,619
 485, 39900,16062015,17102022 201346,2633, 16648.0, 62.956, 26.524,0.605747,359.9,268.673,4.41e-02, 14.6,21.3, - 
 486, 39902,24092019,18102022 031612,1115, 18245.0,  2.275,  2.136,0.629553,356.8,228.492,1.00e-02, 18.7, 4.2, - 
 487, 40000,13042021,18102022 011532, 515, 17960.2,  7.016,346.754,0.626276,359.0, 86.835,1.45e-02, 18.4, -  , 54
 488, 40100,08082018,17102022 221422, 742, 18066.0, 14.826, 35.028,0.561791,359.6,124.241,4.73e-01, 17.3,36.1, - 
 489, 40101,26092018,18102022 022517, 282, 16929.1, 20.537, 21.252,0.602506,359.7,240.606,9.76e-02, 16.7, 8.1, - 
 490, 40200,16092017,17102022 210036, 703, 17994.7,  9.704,259.958,0.615164,  0.1, 51.515,1.13e-01, 16.7, -  , - 
 491, 40201,07072022,18102022 042747,  48, 18045.6,  9.095,203.246,0.619525,  0.7, 11.655,2.09e-01, 18.2, -  ,414
 492, 40300,07082009,18102022 014347, 865, 16902.7, 57.789,139.053,0.601694,  0.1, 26.449,3.07e-01, 16.4,44.8, - 
 493, 40301,12082017,18102022 035817,1017, 17155.5, 24.246,293.683,0.608932,359.9, 83.660,7.80e-02, 17.2, 5.3, - 
 494, 40400,12042015,18102022 002451, 523, 17983.0,  6.750,226.415,0.621526,  0.7,211.511,3.13e-02, 18.3, -  ,894
 495, 40401,29092018,18102022 004150,  15, 16157.2, 21.693,280.234,0.588562,359.9,268.121,1.00e-01, 17.4, 0.3, 54
 496, 40500,27112012,17102022 220943,   1, 15315.8, 29.028,189.010,0.563617,  0.3,331.179,5.93e-02, 16.1, 0.7,  2
 497, 40601,30052012,17102022 233107, 729, 15991.3,  5.461, 41.215,0.567384,359.0, 96.095,2.79e-02, 18.4, 1.8,468
 498, 40602,21042015,17102022 223858,   5, 18112.7,  4.167, 82.553,0.619829,359.7,352.690,9.50e-02, 17.4, 0.2, 10
 499, 40603,11042016,17102022 214751,   5, 17853.0,  6.825,313.941,0.621851,359.3,241.396,5.27e-02, 17.6, 4.0, 13
 500, 40700,24122016,17102022 212329, 488, 18108.4, 24.923, 94.969,0.593991,  0.0,260.674,8.90e-01, 16.6,61.8, - 
 501, 40800,28122017,17102022 214037, 191, 18005.0, 61.689, 79.678,0.608357,360.0,140.160,4.98e-02, 18.7, 1.1,187
 502, 40801,27022018,18102022 013555, 573, 18243.7, 46.303,255.668,0.523136,  0.0,333.675,3.97e+00, 13.4, -  , - 
 503, 40802,26032020,17102022 205037, 934, 18171.7,  7.337,259.616,0.622750,  0.2,311.891,4.24e-01, 18.8, -  , - 
 504, 40900,27112008,18102022 020538, 427, 16227.2,  7.362,201.417,0.575324,  0.9,169.055,1.41e-01, 13.5, -  , - 
 505, 41000,27032007,18102022 000549,  12, 17901.9,  7.079,  3.229,0.615018,359.0, 68.575,6.88e-02, 17.4, 0.3, 17
 506, 41002,25042007,18102022 020507,   3, 18233.4, 13.026,318.379,0.615550,359.6,150.719,8.45e-02, 16.0, 0.1, 10
 507, 41005,22072017,17102022 210358, 355, 17732.5, 48.972, 82.182,0.618008,360.0,182.086,1.06e-01, 18.9, -  ,388
 508, 41007,13102011,18102022 045846, 857, 18361.2, 48.864,144.581,0.630191,  0.1, 97.779,1.85e-02, 16.0, -  , - 
 509, 41008,15122020,18102022 011235, 586, 17269.8,  7.206,298.004,0.601199,359.5,199.900,2.68e-01, 14.5, 7.8, - 
 510, 41200,15072010,18102022 004913,   1, 18132.8,  8.127, 77.662,0.624285,359.8,112.208,8.39e-02, 15.1, 0.1,  4
 511, 41202,29062022,18102022 012622,  38, 18383.0, 63.002, 70.277,0.564067,360.0,348.380,1.00e-02, 17.4, 0.1,  5
 512, 41401,22122016,18102022 020138, 419, 18039.0, 26.518,240.206,0.626034,  0.1, 85.700,7.17e-02, 15.3, -  ,305
 513, 41402,31122019,18102022 012106,1018, 18398.5,  8.042,333.034,0.629985,359.2,269.610,8.90e-02, 18.4, -  , - 
 514, 41500,26052017,18102022 011150, 124, 18115.9, 48.834,267.420,0.605159,  0.0, 24.091,1.71e+00, 15.4,38.2, - 
 515, 41501,29062017,18102022 003957, 134, 10844.7, 22.032, 59.229,0.393210,359.8,190.399,1.17e-01, 16.8, 8.5,411
 516, 41601,27042017,17102022 222655, 869, 18171.0,  5.783,314.747,0.621027,359.1,330.412,2.39e-01, 17.7, -  , - 
 517, 41603,02062022,17102022 194725, 130, 18444.9,  8.721,274.725,0.617120,359.9,213.946,9.22e-01, 18.1,27.0,459
 518, 41700,19112011,17102022 202440,   1, 15832.3, 24.828,176.930,0.582641,  0.3,305.182,9.16e-03, 12.5, 0.2,  1
 519, 41801,22032022,18102022 043442,  86, 18514.3,  8.149,  4.841,0.629658,359.1, 82.960,1.17e-01, 17.2, -  , 98
 520, 42000,08092012,18102022 030214,   0, 16669.6, 25.997,155.375,0.602350,  0.3, 58.574,1.19e-02, 11.2, 0.2,  1
 521, 42001,21112018,17102022 203808,1294, 17609.9, 63.106,294.889,0.617269,359.9,270.847,1.19e-01, 17.3,20.0, - 
 522, 42002,23072022,17102022 223649,  83, 18697.9, 46.861,105.617,0.545647,  0.0,354.382,6.52e+00, 19.0, -  , - 
 523, 42100,22012020,17102022 222250, 451, 18379.9,  1.596,327.985,0.630741,356.4,332.488,2.87e-02, 17.3, -  ,541
 524, 42200,10042013,17102022 213935,   0, 18529.9, 48.378, 40.735,0.587747,359.9,273.124,3.93e+00, 13.7, 0.1,  5
 525, 42201,15082018,17102022 201003, 584, 17907.2,  7.090,  1.066,0.608151,359.0, 70.386,1.44e-01, 18.5,11.5, - 
 526, 42301,22112018,17102022 222859,   3, 18686.2, 63.502,198.990,0.591786,  0.1,233.211,3.96e-02, 16.6, 0.1,  1
 527, 42302,03072019,17102022 234320,1163, 18650.4,  3.138,251.706,0.623408,  0.7,254.765,1.00e-02, 17.9, -  , - 
 528, 42303,31012022,18102022 023748, 249, 18636.8,  3.552,265.394,0.613744,  0.2,227.881,6.01e-01, 18.1,45.4, - 
 529, 42304,27072022,18102022 022437,   9, 18701.1, 10.484,126.191,0.626891,  0.4, 70.304,1.00e-02, 17.7, 2.7,  1
 530, 42400,06112015,17102022 182358,1343, 18620.5,  7.292, 87.040,0.623650,359.9,265.612,2.24e-01, 17.6, -  , - 
 531, 42401,13022016,18102022 001724,  16, 18067.1,  4.038,273.811,0.628793,359.9,284.454,5.54e-02, 17.2,62.7, 16
 532, 42500,27082015,17102022 182151,2400, 18696.1, 63.017,  8.390,0.633190,359.9,248.080,2.06e-01, 15.7, -  , - 
 533, 42502,16082018,18102022 021609, 314, 18664.4,  7.021, 30.356,0.637767,359.1,  9.626,5.20e-02, 18.5, -  ,390
 534, 42503,27092019,17102022 203004,   2, 18721.4, 26.936, 80.087,0.636698,359.9,110.145,2.46e-02, 16.6, 0.2,  2
 535, 42504,20072021,18102022 040053, 321, 18472.0,  3.561, 68.926,0.631986,359.2, 27.430,6.76e-02, 18.8, 0.4, 47
 536, 42505,23082022,18102022 012806,  29, 18741.0,  8.289,168.143,0.499689,  0.9, 43.672,6.43e-01, 19.2, 0.7,175
 537, 42600,15022018,17102022 211802, 533, 17790.9,  2.335,296.665,0.625390,358.7,154.809,2.01e-02, 18.9,10.8, 55
 538, 42700,31122021,17102022 195747, 204, 18410.1,  8.725,244.106,0.624852,  0.4,272.867,5.29e-01, 17.9, 3.5,929
 539, 42901,20042011,17102022 222411,   7, 15656.5, 26.302, 92.996,0.573010,  0.0,342.588,9.25e-03, 14.0, 1.8,  1
 540, 42902,05032018,17102022 202715, 257, 17395.9, 24.354, 97.425,0.618697,  0.0,317.698,2.39e-02, 16.2, 0.3, 94
 541, 42905,22032022,18102022 000614, 167, 18728.9,  3.003,341.818,0.599830,357.8,119.270,1.69e+00, 18.3, -  , - 
 542, 43000,22042020,18102022 042251, 800, 18821.8, 48.422,198.295,0.642852,  0.2, 81.610,2.62e-02, 17.0, -  ,152
 543, 43100,30072017,17102022 235025,1843, 18487.4,  5.828,162.053,0.632576,  1.2,144.176,6.36e-02, 18.9, 9.7, - 
 544, 43101,06032019,17102022 224254, 435, 18392.7, 47.250,163.248,0.637520,  0.2,241.954,8.65e-02, 17.5, 0.6,105
 545, 43200,31072014,17102022 210421,2851, 13196.7, 20.988, 56.853,0.482802,359.8,314.725,9.69e-02, 15.3,12.4, - 
 546, 43201,05042016,17102022 185627,  75, 18186.9,  7.588,297.572,0.629312,359.6,202.255,2.51e-02, 18.0, -  , 44
 547, 43202,26082016,18102022 025746, 398, 18577.5,  9.270,301.338,0.616486,359.6,138.125,4.74e-01, 17.6,87.5, - 
 548, 43203,25032017,17102022 234146, 309, 18149.1,  6.746,351.011,0.611692,359.0,113.679,1.01e-01, 18.1, 2.9,810
 549, 43301,08022021,17102022 202735, 613, 18935.4,  6.353,164.788,0.642379,  1.1,219.877,2.91e-02, 18.6, -  , 22
 550, 43302,21022009,17102022 225557,   2, 18656.6, 25.598,229.562,0.625129,  0.2,187.606,3.72e-01, 18.4, 0.5, 51
 551, 43401,01112020,17102022 193159, 621, 19050.0, 49.038,278.386,0.629495,360.0,342.466,2.88e-01, 17.0, -  , - 
 552, 43700,13072017,18102022 054854, 763, 18841.0, 48.434,218.520,0.632983,  0.1, 68.528,5.16e-02, 19.6, -  ,740
 553, 43701,11082018,17102022 200851,1436, 18952.0,  7.521, 59.566,0.644510,359.5,353.217,2.99e-02, 18.6, 1.1,238
 554, 43900,18022015,17102022 194749,  76, 17267.1,  3.002,341.437,0.610313,357.8,183.626,6.27e-02, 17.2, -  , 85
 555, 43901,07062015,18102022 021544,1420, 18352.7,  3.501, 46.802,0.632635,358.5, 67.845,3.14e-02, 17.8, 3.6,854
 556, 43903,07032017,17102022 231923,  80, 18895.2,  6.750,238.650,0.637428,  0.6,222.187,5.15e-02, 18.3, -  , 96
 557, 44001,16032017,17102022 234840, 166, 18385.9, 62.823,249.297,0.633848,  0.1,266.280,5.91e-02, 15.3, -  ,112
 558, 44002,22122017,18102022 044355,   0, 19060.2,  5.436,151.262,0.645212,  1.2, 50.121,4.43e-02, 18.6, 0.1,  2
 559, 44003,23012021,17102022 223515,   5, 17393.6, 63.004,149.756,0.616400,  0.1,273.612,1.81e-02, 15.5, 1.9,  1
 560, 44004,05052021,18102022 024712, 310, 19173.5,  4.319,210.678,0.633503,  1.4,144.609,4.70e-02, 18.1, 4.2,913
 561, 44100,27052017,17102022 222018, 402, 12618.9, 24.700,328.194,0.470391,359.7,189.458,5.61e-02, 17.5, 0.9,187
 562, 44102,21012018,18102022 035836, 451, 19156.1,  3.430,197.593,0.642299,  2.0,132.580,3.09e-02, 18.2, -  ,204
 563, 44103,29092011,18102022 005444,   1, 19205.4, 48.999,324.537,0.626412,359.9,320.824,7.57e-01, 14.2, 0.1, 34
 564, 44200,12072019,17102022 232658,   2, 19243.8, 65.085,214.963,0.631715,  0.1,317.296,5.63e-02, 17.0, 0.1,  8
 565, 44300,16092017,18102022 043224, 455, 19257.9,  3.920,274.823,0.644422,359.9,341.752,5.59e-02, 18.0, -  ,428
 566, 44400,15022018,18102022 031849,1656, 19315.1, 46.895, 94.530,0.471082,  0.0,228.642,4.61e+00, 18.0, -  , - 
 567, 44401,24112011,17102022 214222,   1, 19244.6, 49.165,315.695,0.633129,359.9,324.226,7.94e-01, 14.2, 0.2, 40
 568, 44500,12032011,17102022 234717,  60, 18458.3,  6.536,305.724,0.629624,359.4,181.898,5.77e-02, 15.1, 8.2,199
 569, 44600,24012018,17102022 220857, 180, 18676.4,  8.577,176.832,0.636427,  0.8,222.664,6.81e-02, 17.4, -  ,437
 570, 44700,08062016,17102022 213702,1533, 19408.3, 20.979,345.702,0.621560,359.7,283.794,1.21e+00, 18.1, -  , - 
 571, 44701,29122017,17102022 215101, 560, 19226.9, 63.390,175.909,0.639384,  0.1,271.827,4.52e-02, 15.9, -  ,624
 572, 44702,29112018,18102022 014319, 443, 19045.7, 50.097,323.008,0.647033,359.9,229.953,1.02e-01, 17.1, 2.7,692
 573, 44703,05062022,18102022 032434,  81, 19361.5, 37.188,201.275,0.230335,  0.2,148.115,3.84e+01, 17.4,14.0, - 
 574, 44800,05112018,18102022 001403,1428, 19348.9,  5.236,198.601,0.643400,  1.3,166.852,1.34e-01, 17.3, -  , - 
 575, 44801,02122019,17102022 235608,1047, 19185.4,  6.739,  8.622,0.649433,358.9,173.529,3.47e-02, 19.4,11.1, - 
 576, 44802,26122006,17102022 220200,   1, 19357.3,  6.606,349.564,0.651852,358.9,196.266,7.45e-02, 17.9, 0.1,  3
 577, 44900,15042012,18102022 021949,   1, 19149.5,  7.382,318.833,0.640383,359.3,155.404,7.88e-02, 12.0, 0.1,  4
 578, 44901,15022012,18102022 052230,   2, 19054.1,  3.318,276.663,0.641332,359.8,348.814,7.05e-02, 15.4, 1.0,  8
 579, 44902,01072013,18102022 011341, 195, 17735.3, 62.999,349.392,0.627912,359.9,265.218,8.01e-02, 14.7, 0.8,219
 580, 44903,15092017,17102022 204505,   2, 19073.4,  6.921,235.789,0.644394,  0.6,326.967,4.70e-02, 17.7, 0.3,  3
 581, 44904,16032007,17102022 192616,   1, 19169.5,  7.712, 50.824,0.652128,359.4,279.830,5.01e-03, 14.3, 0.1,  1
 582, 44905,16122011,17102022 185201,   1, 19114.7, 49.367, 13.703,0.640395,359.8,231.583,1.53e+00, 12.0, 0.5, 27
 583, 45000,22112009,17102022 212502, 121, 18983.1,  6.630,174.066,0.640314,  1.1,218.771,4.05e-02, 16.7, -  , 83
 584, 45003,26122019,18102022 022515, 118, 19296.8,  7.984,328.876,0.650611,359.2,168.293,1.44e-02, 18.0, -  , 41
 585, 45005,21032022,18102022 021645, 168, 19426.7,  6.146,338.917,0.648151,358.9,160.569,4.09e-02, 18.7, -  ,  9
 586, 45101,06102013,18102022 041921, 672, 19407.7, 48.741,291.762,0.641961,359.9,353.128,1.21e-01, 15.3, -  ,900
 587, 45103,28012022,17102022 223023,  62, 19676.1,  4.893, 88.672,0.333784,359.9,349.094,8.99e+00, 17.8, 9.3, - 
 588, 45104,03042022,18102022 014916, 162, 19207.0,  9.288,243.894,0.644754,  0.3,271.423,2.65e-01, 18.2, 0.7,175
 589, 45200,23122009,17102022 182429,  13, 19244.7,  2.920,305.637,0.643898,358.6,291.986,8.44e-02, 17.1, 7.8, 25
 590, 45300,05012008,17102022 205446,  18, 19271.7,  3.223,323.541,0.647172,358.3,250.884,7.05e-02, 16.1,20.1, 42
 591, 45301,31052017,18102022 021338,1851, 19615.3, 16.115,171.641,0.624490,  0.4,121.540,1.19e+00, 17.0, -  , - 
 592, 45400,12052017,17102022 204250, 118, 19584.7,  4.580, 77.773,0.647787,359.6,  0.444,6.92e-02, 18.4,21.4,133
 593, 45401,15022018,17102022 171445,1693, 19542.7,  7.473,292.196,0.652335,359.7,311.671,5.40e-02, 17.9, -  , - 
 594, 45402,06072012,18102022 005337,1198, 19562.1, 49.300,347.304,0.644715,359.8,272.249,6.11e-02, 18.6, -  , - 
 595, 45403,05072012,18102022 031642,   5, 19545.5, 49.577, 16.575,0.640768,359.8,243.755,1.79e-01, 15.7, 0.4, 88
 596, 45501,07072012,17102022 224627, 625, 19584.1, 48.834,311.496,0.644232,359.9,336.198,1.24e-01, 16.6, -  , - 
 597, 45600,08032010,18102022 005700,   5, 19202.6,  3.406,354.957,0.644826,357.9,190.461,8.07e-02, 17.2, 0.2, 12
 598, 45601,07072012,17102022 231352,   1, 19539.1, 49.984,351.694,0.651301,359.8,224.574,8.41e-02, 19.9, 0.2,  4
 599, 45602,03072012,17102022 223212, 674, 19675.9, 49.184,319.701,0.645179,359.9,304.841,5.72e-02, 19.7,97.5,623
 600, 45700,14042020,17102022 215944,   1, 19425.1,  3.417,253.200,0.654738,  0.6,311.465,4.58e-02, 18.1, 0.3,  1
 601, 45800,25092001,17102022 232706,   1, 18789.3,  6.917, 36.021,0.639043,359.1,134.101,9.32e-02, 16.1, 0.3,  3
 602, 45801,08082015,18102022 025433,  47, 19140.9,  6.927,277.143,0.648001,359.9,328.905,4.94e-02, 17.4, -  , 38
 603, 45802,12092018,17102022 231316,  10, 19699.2, 49.182,332.388,0.645651,359.9,291.606,4.87e-02, 18.9, 0.1, 11
 604, 45900,29072009,17102022 180455, 122, 19646.5,  4.343,127.527,0.650319,  1.0,266.936,6.22e-02, 17.1,22.8,202
 605, 45901,23042018,18102022 044242,1345, 19788.4, 48.756,123.110,0.628325,  0.1,176.486,3.41e-01, 16.8, -  , - 
 606, 45903,06082019,18102022 000853, 304, 19736.0, 66.764,355.977,0.608711,359.9,131.038,5.64e+00, 16.0, -  , - 
 607, 46100,14022020,17102022 181831, 973, 19796.1, 29.894,234.331,0.593637,  0.1,249.888,2.69e+00, 16.2, -  , - 
 608, 46200,25042018,17102022 173819,1542, 19821.2, 48.975, 52.695,0.636816,359.9,241.453,8.53e-02, 15.5, -  , - 
 609, 46201,16102013,17102022 225013, 354, 19829.8, 49.078,115.820,0.632156,  0.1,172.878,1.04e-02, 17.0, 5.9, 25
 610, 46401,30102021,18102022 015054, 340, 19461.6, 26.481,126.605,0.655084,  0.2,170.021,1.11e-01, 17.8, 0.5, 97
 611, 46500,24082009,17102022 213447, 307, 18986.0,  9.594,106.387,0.641880,  0.2,298.262,3.22e-02, 13.2, -  ,352
 612, 46501,08112013,17102022 221656,1821, 16454.6, 63.208,348.224,0.577298,359.9,311.454,7.18e-03, 13.1, 7.6,104
 613, 46600,19072007,18102022 062922, 163, 19679.1,  3.192, 48.008,0.650678,358.4, 81.914,3.08e-02, 17.8,36.8, 72
 614, 46601,14062012,18102022 031009, 215, 17546.6,  7.449,223.118,0.609558,  0.7,143.748,1.12e-01, 11.8, -  ,960
 615, 46602,27082017,17102022 230513, 567, 19954.3,  6.623,  8.376,0.658011,358.9,260.439,5.98e-02, 16.4, -  , - 
 616, 46700,27072006,18102022 023747,   1, 19771.8,  6.879,192.940,0.648626,  1.0,273.656,1.58e-01, 16.4, 0.1,  5
 617, 46703,01072012,17102022 221029, 479, 19934.7, 49.140, 70.465,0.636492,359.9,218.568,1.31e-02, 19.5, 5.9,145
 618, 46704,04032020,18102022 025057,  10, 19729.4,  6.557,326.398,0.660048,359.1,243.172,1.47e-01, 18.0,53.8, 13
 619, 46705,27042013,18102022 034327,   5, 19954.8, 49.204, 77.800,0.636464,360.0,208.794,1.42e-02, 19.9, 0.1,  2
 620, 46801,18032013,18102022 041035, 499, 19996.5, 49.143,107.687,0.636454,  0.0,175.888,5.86e-02, 16.6, 8.2,433
 621, 46802,03032018,18102022 013707,   2, 19991.2, 49.136,105.759,0.635087,  0.0,180.944,3.77e-02, 15.0, 0.1,  4
 622, 46803,12062012,17102022 215600,  11, 20003.6, 49.150,110.204,0.636254,  0.1,176.873,7.66e-02, 18.0, 0.1, 26
 623, 46804,02072012,17102022 205348, 721, 20019.9, 48.950,125.148,0.634240,  0.1,168.466,1.20e-01, 19.6,19.1,195
 624, 46807,07112011,18102022 013840,  22, 19807.8, 49.197,345.340,0.646351,359.8,281.640,1.98e-02, 19.3, 0.1,  7
 625, 46900,14102011,17102022 211310,   0, 17173.5, 25.336, 50.824,0.616671,359.8,355.735,1.01e-02, 11.0, 0.3,  1
 626, 46901,25112014,17102022 232234, 628, 19959.5, 48.587,359.825,0.653197,359.8,327.358,1.29e-01, 17.9, -  , - 
 627, 46902,22092019,18102022 022915, 385, 19994.5, 60.985,196.513,0.645904,  0.1, 72.904,3.56e-01, 16.0,56.2, - 
 628, 47000,04082013,17102022 185840, 306, 19581.5,  7.918, 24.602,0.649337,359.2,258.232,9.34e-02, 16.8, -  ,561
 629, 47001,09032017,17102022 224616,   3, 20030.0, 64.077,107.188,0.605273,  0.0,237.708,1.07e-01, 15.4, 0.1, 13
 630, 47002,10042013,18102022 010258,1476, 20061.7, 48.747,153.020,0.635944,  0.1,144.903,1.64e-01, 17.0, -  , - 
 631, 47100,24072014,18102022 010326,  77, 18037.7,  7.292,341.239,0.627319,359.1,266.201,4.70e-02, 17.5, -  , 52
 632, 47101,23122009,17102022 202123,1413, 20088.2,  3.069,285.516,0.656752,359.4,334.107,5.63e-02, 17.4, -  , - 
 633, 47102,01112016,18102022 024743,  19, 19740.4,  7.941,219.430,0.655276,  0.7, 29.497,2.82e-01, 17.3, -  ,340
 634, 47103,10052018,18102022 001330,   1, 20100.3, 50.418,194.213,0.655268,  0.2, 28.468,1.61e+00, 11.8, 0.4, 33
 635, 47104,09122018,17102022 173831,   7, 20090.9,  3.062,285.633,0.656820,359.4,333.669,6.35e-02, 17.1, 1.0,  8
 636, 47105,22102013,17102022 174233, 488, 19981.8, 47.969, 69.945,0.651345,359.9,299.006,3.71e-01, 15.5, -  , - 
 637, 47106,07042021,18102022 023240,   7, 20108.6, 19.151,124.767,0.608730,  0.2, 57.794,1.23e+00, 16.8, 0.7,191
 638, 47107,06072012,17102022 202059,   3, 20042.5, 48.917,142.274,0.635062,  0.1,149.415,1.05e-02, 18.6, 0.1,  1
 639, 47200,16032015,18102022 000514, 217, 16156.4,  2.562, 93.205,0.580985,  0.1,343.584,2.14e-02, 16.4,22.4,194
 640, 47201,13092018,18102022 031433, 578, 20007.6,  5.218,227.610,0.659219,  0.9,116.443,5.02e-02, 18.0, -  ,958
 641, 47202,05072012,17102022 202134,   5, 20068.7, 48.778,158.623,0.634308,  0.2,140.964,5.77e-02, 18.4, 0.1,  5
 642, 47203,11022019,18102022 033938,1344, 20105.8, 48.618,176.431,0.634027,  0.2,128.641,7.45e-02, 16.8,50.0, - 
 643, 47300,27072012,18102022 001532,   1, 17281.9,  2.848,330.922,0.616993,357.9,193.909,7.51e-03, 15.6, 0.1,  1
 644, 47304,05102015,17102022 231932,   8, 20092.9,  3.172,353.112,0.656823,357.8,198.281,8.61e-02, 17.5, 5.2,  8
 645, 47306,08112018,17102022 205358,  38, 20113.4, 63.293,106.196,0.635501,  0.0,234.519,5.00e-02, 16.7, 0.1, 21
 646, 47400,31052008,18102022 002939,  35, 19741.8,  7.684, 59.845,0.653232,359.5,352.441,7.21e-02, 14.4, 1.0, 41
 647, 47401,18072015,17102022 214818, 291, 17474.3, 24.730,300.812,0.612985,359.9,343.818,1.39e-01, 15.9, 4.2,813
 648, 47402,21072015,17102022 230523,  34, 20133.2,  4.372, 42.062,0.652923,358.7, 80.961,8.66e-02, 17.4, 0.6, 38
 649, 47403,12102013,18102022 021647,   0, 20154.2, 49.524,196.912,0.652345,  0.2, 61.439,1.40e+00, 14.5, 0.1,  4
 650, 47404,15102018,18102022 050555,1460, 20139.1, 46.507,110.996,0.421204,  0.1, 70.326,2.96e+01, 17.9, -  , - 
 651, 47500,08012008,17102022 231523,4500,  8631.6,  3.358, 16.711,0.238394,357.9, 99.029,8.90e-02, 18.2,47.0, - 
 652, 47502,02082022,18102022 022541,  68, 19582.8,  7.648, 90.024,0.657300,360.0,148.175,5.85e-01, 17.8, 0.2, 60
 653, 47600,05052008,18102022 005909,  48, 19890.5,  6.766,231.633,0.651595,  0.7,209.443,6.07e-02, 16.6, 2.6,137
 654, 47601,22122012,18102022 003411,   1, 12536.3, 26.105, 63.196,0.476966,359.9,  5.294,9.00e-03, 10.6, 1.7,  1
 655, 47603,25012015,17102022 173645, 123, 20271.7, 48.480, 71.879,0.651012,359.9,257.944,1.00e-02, 18.8, 0.1,  2
 656, 47604,26102011,17102022 192500,  62, 20199.3, 48.880,127.065,0.639539,  0.1,170.308,2.05e-02, 16.8, 1.1, 34
 657, 47605,05022016,18102022 034500,   0, 20232.8, 46.626,109.590,0.521616,  0.1,333.219,5.47e+00, 13.8, 0.1, 22
 658, 47606,28012017,17102022 235310,1140, 20232.5,  6.256,347.018,0.654885,358.9,354.071,8.97e-02, 18.1, -  , - 
 659, 47607,02042017,17102022 230557,  55, 20219.3,  6.779, 88.334,0.655915,360.0,289.253,8.28e-02, 17.5, 3.5, 49
 660, 47608,05072012,17102022 224945,   2, 20062.1, 48.853,138.923,0.633969,  0.1,160.589,1.00e-02, 19.2, 0.1,  3
 661, 47701,16032018,18102022 002915,1640, 19884.8,  9.265, 12.904,0.656691,359.2,188.517,4.57e-01, 18.3,82.1, - 
 662, 47703,26062012,17102022 234657, 368, 20231.1, 48.382,233.931,0.630811,  0.1, 85.716,6.92e-03, 18.5, 2.6, 34
 663, 47800,20032012,17102022 235912,   0, 19235.8, 27.834, 27.598,0.653188,359.8,271.871,8.32e-03, 11.7, 0.1,  1
 664, 47801,12062012,17102022 231144, 417, 20281.8, 48.313,214.643,0.634801,  0.1, 99.844,8.57e-01, 15.2,83.1, - 
 665, 47802,12052012,18102022 052514,   0, 20251.8, 50.270,194.647,0.647395,  0.2, 27.730,1.02e+00, 12.5, 0.2, 45
 666, 47803,21062012,17102022 212623, 506, 20259.2, 48.848,111.515,0.641338,  0.1,203.258,1.61e-02, 17.0,48.7, - 
 667, 47804,24012020,17102022 233515, 551, 20280.6, 47.636,198.992,0.611100,  0.2,132.697,1.01e+00, 16.6,39.5, - 
 668, 47805,06082010,18102022 020954,   1, 20280.1,  8.372,172.758,0.659753,  0.9, 46.764,4.46e-02, 14.9, 0.1,  2
 669, 47900,21072018,18102022 021554, 291, 20271.1, 49.677, 95.015,0.663011,  0.0,147.676,4.65e-02, 16.6, -  , - 
 670, 48000,08092008,18102022 014402, 428, 19399.0, 10.811,207.729,0.642304,  0.6,134.305,5.13e-01, 18.1, -  , - 
 671, 48100,28102014,17102022 203842,2859, 20243.7, 10.320,318.131,0.652087,359.5,195.708,6.01e-01, 16.8,90.7, - 
 672, 48101,10042021,17102022 192125, 291, 20367.9, 49.150,222.325,0.641316,  0.1, 47.936,3.77e-02, 18.3, 1.5,173
 673, 48200,19012012,18102022 023051,   0, 19696.3,  6.490, 65.626,0.655579,359.5,203.480,8.91e-02, 14.8, 0.1,  3
 674, 48201,21122009,17102022 203628,   1, 20369.4,  2.250,132.943,0.656553,  2.2,274.081,6.89e-02, 17.0, 0.1,  3
 675, 48202,29072008,17102022 192038, 458, 20398.3,  4.534,268.470,0.654440,  0.1,351.757,1.18e-01, 17.0,34.9,767
 676, 48203,29072018,17102022 185408,  36, 20379.2, 62.741,143.308,0.648775,  0.1,246.681,1.47e-01, 16.5, 0.8,171
 677, 48205,14032019,17102022 212333, 520, 20367.6,  5.566,157.345,0.657360,  1.2,177.059,3.77e-02, 18.3,10.6, 23
 678, 48206,01092022,18102022 010413,  17, 20389.2, 21.693,249.067,0.330329,  0.1,278.330,2.81e+01, 18.6,16.6, - 
 679, 48300,03022014,17102022 203249,   8, 20454.5, 11.585, 23.160,0.644238,359.4,307.365,3.07e-01, 17.1, 0.1,  7
 680, 48301,02092015,17102022 234818,  32, 20008.5,  6.254, 51.603,0.659055,359.3,122.928,9.98e-02, 17.5,94.2,144
 681, 48400,21012007,18102022 043725,   2, 20110.9,  7.846, 95.178,0.660516,  0.1, 72.954,5.24e-02, 18.0, 0.2,  5
 682, 48401,17032016,18102022 000732,  35, 20410.4,  8.459,316.937,0.654894,359.4,142.428,1.57e-01, 17.0, 0.6, 60
 683, 48402,08112021,18102022 031143, 337, 20453.0, 24.321,194.008,0.551933,  0.3,140.075,3.37e+00, 16.2, -  , - 
 684, 48500,05122012,17102022 221658,   1, 17820.1, 25.981,242.629,0.628985,  0.1, 93.127,1.30e-02, 11.1, 0.5,  1
 685, 48501,24032010,17102022 232726, 141, 20127.0,  8.278,172.691,0.663472,  0.9,230.752,2.35e-02, 17.2, -  , 88
 686, 48600,16022018,18102022 005842,  32, 20316.2,  7.003, 28.950,0.668158,359.1,149.016,2.03e-02, 18.5, -  , 17
 687, 48602,05072012,17102022 191135, 618, 20473.1, 47.703,157.481,0.653492,  0.2,236.146,3.91e-03, 16.0,56.8,812
 688, 48603,11062021,18102022 015234, 448, 20484.4, 12.046,169.933,0.664809,  0.6,126.777,7.39e-02, 17.2, -  , 67
 689, 48700,29072006,17102022 231951,   1, 20548.9,  1.549,276.503,0.656376,359.6,  8.341,4.45e-02, 16.3, 0.1,  5
 690, 48702,12122018,17102022 235910, 305, 15419.4, 27.164,209.709,0.548183,  0.2,247.586,8.98e-02, 17.8, 0.2, 27
 691, 48703,27012020,18102022 005439, 519, 20430.8, 45.850,173.750,0.569394,  0.2,153.593,1.02e+01, 15.2, -  , - 
 692, 48800,18012021,17102022 163156,  24, 20544.2,  2.733,317.318,0.657529,358.1,273.160,1.42e-01, 18.4, 1.1,243
 693, 48900,20092015,17102022 172542, 281, 20604.3,  6.048,126.300,0.649094,  0.7,259.313,1.87e-01, 17.6,11.4,771
 694, 48901,19122009,17102022 192633,  15, 20594.0,  2.488, 52.000,0.651694,358.1, 78.441,7.62e-02, 17.9, 0.1, 14
 695, 48902,04122018,17102022 200533,1410, 19607.3,  2.053, 37.493,0.659101,357.1,301.812,2.69e-02, 18.8, 0.4, 43
 696, 48903,13032019,18102022 024023,  68, 21159.9, 52.038,120.849,0.303143,  0.1, 56.705,4.01e+01, 16.9, -  , - 
 697, 49000,30072011,17102022 224544,  59, 19486.4, 63.189, 51.409,0.663414,359.9,273.080,8.36e-03, 14.1, 0.1,  5
 698, 49001,21092015,18102022 012538, 890, 20641.2,  3.806,101.238,0.653537,  0.4,331.745,9.05e-02, 17.5,48.2,273
 699, 49002,09032016,17102022 223624, 122, 20600.6,  8.557,300.683,0.647646,359.6,152.600,3.77e-01, 17.7, 4.6,864
 700, 49003,05052018,18102022 000537,1163, 20599.3, 48.713,152.041,0.655005,  0.1,146.565,1.82e-01, 19.4, -  , - 
 701, 49004,25102019,17102022 213728, 493, 20279.5,  7.912, 90.049,0.661483,360.0,279.403,1.73e-01, 16.6, 3.0,749
 702, 49100,07032016,17102022 174703, 862, 20657.2, 48.087,150.162,0.586116,  0.1,226.592,4.04e+00, 15.3, -  , - 
 703, 49102,10052018,18102022 004334, 210, 20657.4, 48.756,244.837,0.644490,  0.1, 66.121,1.19e+00, 17.1,45.6, - 
 704, 49103,09042020,18102022 003410,  54, 20672.5, 48.117,144.236,0.589619,  0.1,232.073,3.30e+00, 15.7, 1.2,271
 705, 49104,13042020,18102022 001445, 190, 20639.5,  8.829,357.739,0.654208,359.2, 60.639,2.81e-01, 18.6,14.5, - 
 706, 49200,18062011,17102022 211628,   0, 19367.9, 63.489, 52.572,0.656462,359.9,273.401,1.24e-02, 11.9, 0.1,  1
 707, 49201,22032010,18102022 045438, 414, 20466.5,  5.225,172.492,0.665087,  1.4, 98.773,7.44e-02, 15.8, -  , - 
 708, 49202,17082014,18102022 023700, 685, 20617.7,  2.547,114.324,0.662225,  1.2,157.269,1.06e-01, 17.5, -  , - 
 709, 49204,25082017,18102022 005433,1869, 20582.2, 39.715,122.419,0.620238,  0.1, 88.764,6.48e+01, 17.5, -  , - 
 710, 49206,24042019,18102022 071257,1262, 20707.2, 10.425,239.251,0.657621,  0.4, 41.977,2.47e-01, 18.8, -  , - 
 711, 49300,05032009,18102022 021917,   1, 20728.6,  7.210,268.665,0.654055,  0.0,264.071,6.00e-01, 15.6, 0.1, 17
 712, 49301,27022016,17102022 192305,  11, 20691.1,  6.969,194.496,0.662333,  1.0,276.393,9.30e-02, 18.0, 0.1, 14
 713, 49302,01032016,18102022 003141, 150, 20701.7,  7.567,342.771,0.639960,359.1,123.669,4.16e-01, 16.9, 4.7,625
 714, 49304,25072017,18102022 013025, 291, 20751.2,  8.905,266.279,0.655411,  0.1,115.716,1.01e+00, 17.9,28.9, - 
 715, 49305,17012018,17102022 191440,   6, 20247.5,  6.583,  3.772,0.666349,358.9,176.260,7.82e-02, 17.5,10.1,  8
 716, 49306,05032019,17102022 225437, 563, 20697.1, 46.914,207.099,0.565639,  0.2,186.721,9.18e+00, 17.8, -  , - 
 717, 49307,19042020,18102022 002330,  11, 20108.1, 25.827,315.955,0.485343,359.8,260.369,2.84e+01, 16.9, 3.8, - 
 718, 49500,24032010,18102022 042819,   4, 20717.8,  4.861,209.134,0.662822,  1.3,305.645,1.06e-01, 17.3, 0.1,  2
 719, 49501,15012013,17102022 222106,  17, 20134.2,  6.444,243.499,0.662438,  0.5,224.890,3.10e-02, 17.4,21.0, 17
 720, 49502,04052016,18102022 015219,1647, 19858.5,  6.452,323.844,0.661703,359.1,248.988,1.14e-01, 18.2, -  , - 
 721, 49504,13042006,18102022 035949,   1, 20872.4,  9.815,174.470,0.648016,  0.7, 12.078,3.40e-01, 15.0, 0.1, 15
 722, 49505,16072017,18102022 035816, 835, 20033.3, 41.201,188.193,0.522877,  0.2, 30.200,3.41e+01, 17.1, -  , - 
 723, 49600,07042016,17102022 204209, 167, 20815.4,  4.338,138.813,0.640874,  1.3,247.805,2.52e-01, 16.6, 2.8,529
 724, 49601,21032017,18102022 042849,1626, 18395.3, 46.375,174.232,0.543146,  0.2,153.096,1.09e+01, 16.3, -  , - 
 725, 49602,10052017,17102022 184052,   2, 20826.3,  7.781,224.179,0.643222,  0.7,353.552,5.47e-02, 17.9, 0.1,  2
 726, 49603,15092017,17102022 201532,1012, 20755.5,  7.218,101.170,0.649028,  0.2,246.967,3.90e-01, 18.3,21.3, - 
 727, 49605,03072022,18102022 005703,  57, 20705.7,  6.663, 25.797,0.672742,359.0,151.775,4.95e-02, 17.4, -  , 82
 728, 49701,26072009,18102022 005942,  17, 20833.3,  8.448,205.010,0.644402,  0.8,  8.338,9.57e-02, 18.4, 0.1, 32
 729, 49702,02042017,18102022 041419,  33, 20697.1,  8.230,220.873,0.653802,  0.7,336.467,1.60e-01, 18.6, 0.2, 23
 730, 49703,15052017,17102022 181130,1977, 19835.1, 45.363,252.984,0.332228,  0.1, 24.145,3.55e+01, 14.8, -  , - 
 731, 49705,20072019,18102022 063231,1124, 20792.2, 50.046,228.398,0.661996,  0.1,  9.178,4.58e-01, 17.0, -  , - 
 732, 49706,15052021,18102022 034551, 503, 20960.4, 39.317,338.730,0.413947,359.8,164.381,5.79e+01, 17.8, -  , - 
 733, 49707,03012007,18102022 021526,   1, 20746.1, 26.142,175.750,0.667025,  0.3,115.986,7.16e-02, 16.1, 0.1,  7
 734, 49708,29072022,18102022 004755,  19, 20586.1,  9.349,225.179,0.365860,  0.5,  0.453,3.35e+01, 18.8, 8.9, - 
 735, 49709,23082022,17102022 173549,   8, 20836.8,  8.361,218.280,0.644628,  0.7,345.041,1.06e-02, 17.8, 0.1,  1
 736, 49800,05072016,17102022 211217,  64, 20802.1, 48.272,163.257,0.583468,  0.2,196.940,1.24e+00, 15.4, 7.4, - 
 737, 49801,21032018,18102022 040100,  29, 20605.0, 52.342,125.793,0.359308,  0.1, 69.612,2.58e+01, 16.9,63.7, - 
 738, 49900,23122009,17102022 203927,  62, 20780.9,  5.948,265.154,0.659508,  0.1,190.876,2.30e-01, 15.0, 1.7,339
 739, 49901,02022014,17102022 220046,   6, 20846.5,  5.588,277.007,0.661831,359.9,168.071,1.10e-01, 17.0, 0.1,  6
 740, 49902,19012018,17102022 221528, 668, 24211.1,  7.496, 40.909,0.719029,359.3,115.975,1.16e-01, 17.4,30.6, - 
 741, 49903,23012018,18102022 002219,1727, 20870.0, 49.558, 29.967,0.505580,359.9,334.066,1.48e-02, 16.4, 8.5, - 
 742, 49905,25092019,18102022 041553,1092, 20901.2, 15.522,252.888,0.658708,  0.1,300.214,4.76e+00, 17.8, -  , - 
 743, 49906,19072020,17102022 235710,  23, 20496.4,  8.118, 21.073,0.668685,359.2,160.873,1.76e-01, 17.6, -  ,112
 744, 49908,06122021,18102022 033851, 311, 20699.5,  8.145,195.253,0.664809,  0.9,221.475,2.79e-01, 18.4, 0.7,106
 745, 50000,10052016,18102022 020642, 140, 20835.6, 48.873,171.043,0.592302,  0.2,193.789,1.70e+00, 16.8,43.1, - 
 746, 50001,06042017,17102022 221552, 153, 20926.5, 49.586,298.444,0.569746,359.9, 43.740,4.02e+00, 15.8,40.6, - 
 747, 50002,07102018,18102022 004828, 102, 20858.0, 55.670,253.086,0.432885,  0.0,271.878,6.98e+01, 17.8,50.2, - 
 748, 50003,19012007,17102022 235537,   2, 20926.5,  6.874, 16.112,0.667198,359.0, 23.918,7.01e-02, 16.1, 0.1,  4
 749, 50100,16072009,17102022 234927, 284, 20942.8,  6.818, 23.703,0.667294,359.0, 11.206,1.97e-02, 18.9,13.8, 53
 750, 50102,13042018,17102022 233256, 533, 20510.0, 54.406, 68.284,0.218674,359.9,201.209,3.72e+01, 17.6, -  , - 
 751, 50200,06082007,18102022 010850,   2, 20943.2,  5.942, 49.854,0.664586,359.2,326.256,8.73e-02, 16.6, 0.1,  6
 752, 50201,08112008,17102022 191145,   2, 20957.5, 49.028,302.514,0.573233,359.9, 55.050,6.69e-01, 15.3, 0.1, 22
 753, 50204,30052017,17102022 232837,1555, 20993.1, 47.272, 74.079,0.349438,360.0,314.649,1.30e+01, 16.5, -  , - 
 754, 50205,07122017,18102022 001115, 913, 19639.6, 26.240,173.032,0.655010,  0.3,168.342,1.79e-01, 16.1,10.2, - 
 755, 50301,16022018,18102022 045207,  24, 20748.5,  3.039, 25.815,0.674784,357.8,153.936,2.17e-02, 17.2,84.7, 12
 756, 50400,26072009,17102022 220601,  21, 20909.1,  4.938,306.994,0.665096,359.2,100.306,1.22e-01, 17.1, 0.3, 13
 757, 50401,24032010,18102022 051425,  28, 21003.2,  5.132,124.926,0.662243,  0.8,136.434,1.33e-01, 18.0, 0.9, 83
 758, 50402,08052015,17102022 234516, 338, 20842.2, 52.974,156.650,0.439544,  0.1, 84.707,2.85e+01, 16.6,71.4, - 
 759, 50403,20062018,17102022 202714,1155, 20995.8, 48.594,203.282,0.668026,  0.2, 92.590,1.50e-01, 15.6, -  , - 
 760, 50404,01022019,18102022 070958, 723, 20341.4,  4.800,243.274,0.662567,  0.7, 46.570,3.39e-01, 17.8, 4.0, - 
 761, 50405,15052021,17102022 222206, 473, 21054.8,  7.733,295.213,0.660971,359.6, 29.458,1.73e-01, 18.3,40.9, - 
 762, 50500,25092010,18102022 024736,  24, 20434.2,  7.676,332.058,0.668771,359.2,263.879,5.89e-02, 13.6,94.2, 89
 763, 50501,15122010,17102022 214900, 591, 21047.8,  7.374,274.556,0.635303,359.9,286.783,2.91e-01, 16.0,10.2, - 
 764, 50502,13052021,17102022 220628,  17, 21212.2, 54.062,118.097,0.183105,  0.1,233.715,2.87e+01, 15.5, 3.7,685
 765, 50600,07102012,17102022 192438, 806, 18511.3, 62.937,172.117,0.636603,  0.1,273.014,1.59e-02, 15.7, 5.2,204
 766, 50602,01072017,18102022 000222,1598, 21062.3, 47.406,  0.551,0.454251,359.8, 30.722,9.16e+00, 16.1, -  , - 
 767, 50603,22062018,17102022 192750,1443, 21045.2, 49.141,220.227,0.669062,  0.1, 52.097,1.94e-01, 15.5, -  , - 
 768, 50700,09091996,17102022 201953, 153, 20483.6,  7.733,118.770,0.668539,  0.4,237.426,3.38e-02, 16.0, -  , 64
 769, 50701,05072012,18102022 025122, 212, 21122.0, 48.570,219.318,0.669550,  0.1, 79.555,4.36e-02, 17.8,13.4,553
 770, 50703,22112016,17102022 210422,   0, 21011.8,  7.934,352.820,0.675209,359.1,219.305,9.35e-02, 17.0, 0.1,  3
 771, 50704,31012017,18102022 045903, 758, 21161.5,  5.633,182.697,0.663775,  1.3,348.477,8.93e-02, 18.1,59.4,368
 772, 50705,26042017,18102022 025547, 612, 21087.3,  6.727,142.892,0.664358,  0.9,141.664,6.66e-02, 18.1,37.1,786
 773, 50706,10032018,17102022 192657, 921, 21192.9, 48.163, 47.057,0.390542,359.9,314.094,1.60e+01, 16.6,78.2, - 
 774, 50708,31032021,18102022 050045, 497, 21089.9,  6.733,180.243,0.663133,  1.1, 72.803,1.01e-01, 17.6,25.3, 59
 775, 50800,18072009,18102022 004617,   2, 21104.5,  4.182, 53.848,0.666140,358.9,281.704,6.08e-02, 16.6, 0.1,  4
 776, 50801,22122009,17102022 161028,   6, 21132.5,  5.755,200.637,0.662587,  1.2,305.377,1.20e-01, 17.1, 0.1,  5
 777, 50802,07082014,18102022 001318,   4, 17086.3, 63.013,139.262,0.610520,  0.1,274.690,1.43e-02, 14.4, 1.3,  1
 778, 50900,23042009,18102022 025337, 802, 21164.9,  7.558, 22.446,0.653122,359.1, 10.831,1.13e-01, 16.3,13.0,408
 779, 50901,23022014,18102022 051348,   5, 20860.3,  3.729, 45.453,0.668784,358.6, 95.502,6.08e-02, 15.7, 0.1, 13
 780, 50902,26102019,18102022 035144, 161, 21042.1, 11.390,311.680,0.494687,359.6,194.786,6.99e+00, 18.4,46.8, - 
 781, 51000,30102015,18102022 003402,  81, 21149.4, 48.828, 37.542,0.538295,359.9, 21.660,3.77e+00, 15.0,32.7, - 
 782, 51002,15082018,17102022 200716,   1, 21129.4,  5.996,285.403,0.659200,359.7,219.444,6.95e-02, 13.9, 0.1,  1
 783, 51003,30012019,17102022 204144,1196, 21180.1, 48.335,222.488,0.670913,  0.1, 89.189,8.14e-02, 17.0, -  ,863
 784, 51004,22092019,18102022 013808, 564, 20542.1, 15.935, 86.005,0.666514,360.0,207.046,2.18e+00, 16.5, -  , - 
 785, 51005,13112020,18102022 032212, 119, 20969.6, 13.009,171.852,0.635821,  0.6, 49.938,6.03e+00, 17.4,53.8, - 
 786, 51006,13022021,18102022 011542, 442, 21273.8,  8.769,220.915,0.678298,  0.6, 85.683,1.45e-01, 17.9, -  , - 
 787, 51007,05022022,17102022 211506,  44, 21171.8,  4.238,269.908,0.657478,  0.0,206.877,1.96e-01, 18.7, 0.3, 44
 788, 51008,06042022,18102022 025841, 180, 21130.1,  8.374, 37.850,0.672241,359.3, 81.201,1.72e-01, 18.4, -  , 78
 789, 51100,03042011,17102022 185649,   1, 21212.7,  3.723,278.994,0.659370,359.7,202.987,1.18e-01, 12.9, 0.1,  3
 790, 51101,09062008,18102022 002301, 459, 21360.4,  8.063,358.420,0.680700,359.1,317.902,2.47e-02, 16.8, -  ,463
 791, 51102,21012012,17102022 203419,   1, 19752.9,  8.701,  3.450,0.659296,359.2,221.874,8.39e-02, 15.5, 0.4,  4
 792, 51103,24032018,18102022 002928,  14, 21168.5,  9.202, 60.222,0.669472,359.6, 80.687,1.37e-01, 17.9, 0.2, 23
 793, 51104,21012007,18102022 044856,   4, 21184.2, 26.982,201.558,0.672340,  0.3, 29.348,2.25e-02, 18.4, 0.6,  6
 794, 51200,03082017,17102022 195906,1834, 21162.6,  7.208,168.056,0.661169,  1.0,173.801,4.90e-01, 16.5, -  , - 
 795, 51201,09012007,18102022 060345, 340, 21210.0, 26.094,206.971,0.676123,  0.3, 63.106,7.09e-03, 19.4, -  ,103
 796, 51202,10052021,17102022 204311, 522, 21307.4, 47.374,123.489,0.421662,  0.1,290.839,8.84e+00, 18.9, -  , - 
 797, 51203,26082022,18102022 010019,   6, 21202.4, 54.571,311.613,0.426980,359.9,206.622,1.22e+01, 17.6, 1.3,325
 798, 51300,24032004,17102022 235456,   1, 21081.3, 10.603,284.195,0.670282,359.8,143.255,1.11e-01, 14.4, 0.1,  2
 799, 51302,01082014,17102022 195850, 792, 16468.6,  1.548,193.252,0.589860,  4.4,254.754,4.34e-02, 17.6, 2.5,600
 800, 51303,22122016,17102022 203458,  11, 21246.3,  6.935,334.108,0.658949,359.1,126.195,4.13e-02, 17.7, 0.1, 12
 801, 51304,02042017,18102022 034356,   3, 21311.2, 58.818,191.355,0.595892,  0.1,230.586,8.02e+00, 15.9, 0.6,151
 802, 51305,03072017,18102022 051110,  97, 21296.8, 48.082, 23.196,0.527855,359.8, 22.317,2.29e+00, 15.6,20.8, - 
 803, 51307,06082019,17102022 205130, 183, 21285.3,  5.386, 32.002,0.655473,358.8,314.283,7.11e-02, 17.6, 1.3,149
 804, 51400,30052008,18102022 060938,   7, 21264.1,  7.818, 92.275,0.658360,  0.0,119.089,1.01e-01, 16.3, 0.1, 17
 805, 51402,06082017,17102022 210446,1874, 21303.3, 44.079,208.297,0.417081,  0.2,238.091,8.47e+00, 16.7, -  , - 
 806, 51403,22042018,18102022 022357,1636, 20955.8,  7.153, 97.059,0.675737,  0.1, 57.515,8.54e-02, 18.6,48.5, - 
 807, 51405,26012022,18102022 021831, 259, 21276.9,  6.339, 69.901,0.679701,359.6,  4.048,9.95e-02, 18.6, -  , 61
 808, 51501,23082014,18102022 063742, 723, 20758.8,  6.315,190.265,0.670130,  1.1, 48.922,3.24e-01, 18.2, -  , - 
 809, 51502,07122016,18102022 003644,  16, 21349.9,  7.241,171.174,0.653351,  1.0,334.990,5.79e-02, 17.5, 0.1, 17
 810, 51503,09042018,18102022 003536, 472, 21327.9, 48.812,100.390,0.528190,  0.0,269.887,3.28e+00, 15.5, -  , - 
 811, 51600,13112014,18102022 001057,   1, 20286.3, 21.656,311.015,0.665530,359.8,299.211,1.42e-01, 14.9, 0.4,  9
 812, 51601,17032010,18102022 000544,   7, 21074.0,  3.912, 12.196,0.679311,358.2,175.231,2.91e-02, 17.1, 6.2, 10
 813, 51602,28052017,18102022 002332,1967, 21490.6, 48.961, 54.091,0.460998,359.9,285.392,1.17e+01, 17.2, -  , - 
 814, 51603,01072017,17102022 205635,1089, 20782.9,  6.085,123.436,0.671359,  0.7,302.703,1.40e-01, 17.3, 5.4, - 
 815, 51604,29042020,18102022 034317,   5, 21327.8,  7.220,212.515,0.651746,  0.8,249.251,2.87e-02, 18.3, 0.1,  2
 816, 51605,14112020,17102022 185334, 441, 21318.8, 11.581,208.116,0.602351,  0.6,342.650,6.73e+00, 16.3, -  , - 
 817, 51700,20122009,18102022 002422, 265, 21407.7,  7.837,347.179,0.645825,359.1,345.089,1.59e-01, 17.3, 3.0,445
 818, 51702,13032022,17102022 231323, 191, 21369.4,  4.936,223.708,0.655346,  1.0,283.214,8.63e-01, 18.6, 9.7,873
 819, 51800,24122009,18102022 015727,  89, 21379.2,  5.571,323.386,0.647234,359.0, 89.652,8.76e-02, 18.4, 0.2, 23
 820, 51801,25112016,18102022 001355,  48, 21364.5,  5.836,310.827,0.663247,359.2,192.763,1.74e-01, 17.6, 0.5, 93
 821, 51802,30122017,17102022 195411, 891, 21425.0,  7.874,356.235,0.647532,359.1,326.628,2.72e-02, 17.4, 4.8,476
 822, 51900,19042009,17102022 174605, 238, 21254.9,  8.046,283.622,0.677532,359.8, 19.138,3.10e-02, 17.3,59.1,136
 823, 51901,26112017,17102022 205241,1532, 21327.1,  6.899,290.516,0.677828,359.7,148.620,4.63e-02, 18.8, -  ,509
 824, 51902,29112017,18102022 004518, 325, 21213.0,  8.212,190.421,0.674442,  0.9,207.106,2.66e-01, 18.3, 7.4, - 
 825, 52000,21042009,17102022 180721,4860, 21215.5,  7.521,199.541,0.678911,  0.9, 32.010,3.95e-02, 17.5,28.9, - 
 826, 52001,15052017,17102022 194927, 989, 21392.7,  8.105,  0.687,0.678938,359.1,289.626,5.13e-02, 18.0, -  ,950
 827, 52002,22042018,17102022 212653, 475, 21392.7, 48.640,105.835,0.533399,  0.0,274.675,3.05e+00, 15.7, -  , - 
 828, 52003,11122018,17102022 230425,1023, 21466.0, 49.005,271.178,0.669819,360.0, 25.310,2.33e-01, 15.6, -  , - 
 829, 52004,22032021,18102022 032454, 393, 21440.4, 41.604, 76.734,0.236864,360.0, 55.551,2.75e+01, 16.5,95.8, - 
 830, 52100,22072014,17102022 222825, 132, 16463.5,  1.521, 61.612,0.598190,357.5,136.160,9.25e-02, 17.4, 6.6,236
 831, 52102,09082019,17102022 223232, 351, 21485.2, 10.590, 41.965,0.675361,359.5,327.829,3.22e-01, 17.4,59.7, - 
 832, 52103,26072012,18102022 003113,   1, 21496.7,  3.924,178.833,0.642943,  1.8, 43.301,1.85e-01, 13.7, 0.1,  3
 833, 52104,04092021,18102022 042618, 300, 21416.7, 64.489,116.432,0.671477,  0.1, 17.664,3.05e+00, 15.8, -  , - 
 834, 52200,16032015,17102022 200951,   8, 21278.6,  7.882, 69.120,0.677760,359.7,200.291,1.07e-01, 17.0, 3.6, 15
 835, 52202,04022019,18102022 073024,  14, 21524.0,  4.152,192.344,0.641911,  1.7, 12.608,8.64e-02, 18.3, 0.1,  8
 836, 52203,29072019,18102022 043934, 111, 21531.1, 12.733,  8.196,0.433932,359.4, 68.016,1.84e+00, 17.6,12.7, - 
 837, 52204,29082019,18102022 050554, 290, 21672.7, 13.155, 13.597,0.415666,359.5, 69.981,3.57e+00, 16.8, -  , - 
 838, 52300,25012010,18102022 055041,   9, 21554.3,  6.828,341.163,0.633379,359.0, 32.043,1.32e-01, 17.4, 0.1, 23
 839, 52301,02102019,17102022 225117,1087, 21485.4, 19.989,168.925,0.685167,  0.4, 43.161,1.15e-01, 17.9, -  , - 
 840, 52302,08012007,17102022 213025, 765, 21536.4, 26.130,150.795,0.679181,  0.2,282.937,3.96e-03, 19.2, -  ,435
 841, 52400,22082012,18102022 020542, 132, 19459.4, 63.327,  5.829,0.658604,359.9,274.992,5.40e-02, 14.5, 0.4,103
 842, 52401,04082010,17102022 220908,   6, 21012.9,  8.202,315.473,0.678295,359.4,216.362,4.16e-02, 14.8, 0.3,  6
 843, 52402,07032016,17102022 203500, 624, 21686.6, 14.803, 10.235,0.500154,359.5,312.939,6.06e+00, 18.1,38.1, - 
 844, 52406,10012019,17102022 232646,1060, 21497.1, 27.970,205.301,0.684719,  0.2,314.577,5.91e-03, 17.0, -  , 93
 845, 52407,31052019,17102022 233846,  73, 21652.5, 17.623,  8.304,0.602144,359.6, 54.820,1.59e+00, 17.9, 3.7,833
 846, 52408,12012020,17102022 220913, 978, 21587.5, 13.273,247.724,0.605649,  0.2,309.509,4.15e+00, 17.1, -  , - 
 847, 52500,27082022,18102022 023354,  44, 21562.2,  3.526,118.227,0.637432,  1.0, 77.486,3.77e+00, 18.9, 2.7,564
 848, 52600,07072011,18102022 050928,1141, 21330.4,  5.719,315.507,0.679346,359.1, 34.642,7.74e-02, 17.6, -  , - 
 849, 52603,09112019,18102022 021916,1055, 16723.3, 11.692, 97.063,0.602604,  0.1, 79.051,2.19e-01, 16.6, 5.6,895
 850, 52604,07022021,18102022 045734, 497, 21596.0,  6.576,255.519,0.673707,  0.3, 87.249,2.58e-01, 17.4,89.5,480
 851, 52605,06102021,18102022 022420, 345, 21567.3,  6.695,127.986,0.684135,  0.7,260.167,6.99e-02, 18.6, -  , 28
 852, 52700,12062015,18102022 000145, 365, 21212.6,  6.404,148.366,0.682191,  1.0,246.566,9.33e-02, 18.1, -  ,590
 853, 52800,15012018,18102022 022555,  50, 21633.6,  5.875,190.672,0.679284,  1.2,213.234,8.33e-02, 17.9, 2.3, 44
 854, 52900,30082009,17102022 235237,   6, 21687.9,  6.022,283.664,0.620879,359.7,168.776,3.30e-01, 16.8, 0.1,  8
 855, 52902,28052017,17102022 215714, 439, 21452.5,  6.782,199.781,0.680981,  1.0,142.103,6.60e-02, 17.9, -  ,203
 856, 53001,19092018,17102022 191510,  66, 21703.2, 62.724, 86.295,0.683601,360.0,250.858,1.45e-01, 16.7,55.6, 63
 857, 53002,30092018,18102022 033934,  77, 19879.6, 21.475, 76.339,0.664705,359.9, 81.870,4.41e-02, 17.5, -  , 72
 858, 53003,27022009,17102022 221750, 436, 21582.7, 28.402, 79.159,0.689148,359.9, 83.167,6.29e-03, 17.0, -  , 66
 859, 53004,24022020,17102022 221608, 350, 21803.3, 19.735, 63.858,0.629512,359.8,224.167,5.23e+00, 17.4,92.4, - 
 860, 53100,05092012,18102022 052422,   0, 21217.6,  7.032,167.301,0.680123,  1.0,104.415,2.24e-02, 15.3, 0.1,  1
 861, 53101,01122017,17102022 213347,   2, 21714.1, 64.134, 39.186,0.647411,359.9,242.102,8.69e-02, 15.5, 0.1,  2
 862, 53102,13022018,17102022 221707, 165, 21545.6,  6.581,184.283,0.676919,  1.1,289.529,5.57e-01, 18.1,42.6, - 
 863, 53103,16102020,17102022 174324, 729, 21680.2,  8.641,275.040,0.684263,359.9,236.070,5.39e-02, 19.0, -  , - 
 864, 53200,19022018,18102022 042629, 883, 21771.8,  9.189, 84.766,0.675863,359.9,292.391,4.74e-01, 18.0, -  , - 
 865, 53201,25072019,18102022 004223,  29, 21739.6, 13.154,239.776,0.550284,  0.3,263.961,4.90e+00, 17.2,21.8, - 
 866, 53301,26032016,17102022 212457,   5, 21803.8, 65.293, 88.886,0.584204,360.0,242.107,1.45e-01, 16.9, 0.1,  3
 867, 53302,01082021,17102022 211448, 262, 21818.0, 21.734,339.749,0.692690,359.7,335.125,4.44e-03, 17.8, -  ,  7
 868, 53400,15112017,18102022 024754, 147, 21831.2,  6.265,258.776,0.680873,  0.2, 77.204,5.74e-02, 18.1, 4.5, 72
 869, 53401,16122017,18102022 013520, 443, 21859.7,  7.040,271.730,0.681107,360.0, 31.140,8.79e-02, 17.4,61.4,411
 870, 53600,08112009,18102022 041802, 177, 22118.4,  5.956,118.552,0.678656,  0.6, 17.596,3.35e-02, 18.8, 5.5, 20
 871, 53601,22022018,18102022 012634,1215, 21769.2, 66.737,311.521,0.615812,359.9,176.046,1.31e+01, 16.1, -  , - 
 872, 53602,02082014,17102022 232024,   3, 21070.1,  4.331,141.773,0.678787,  1.3, 79.987,1.78e-01, 16.3, 4.8, 12
 873, 53603,22112014,17102022 202323, 231, 20002.0, 18.830,247.955,0.664157,  0.1,160.074,2.16e-02, 15.3, -  ,219
 874, 53604,06102015,17102022 193639,1188, 20584.8, 18.975,189.240,0.521453,  0.4, 15.006,2.99e+01, 17.0, -  , - 
 875, 53605,01112015,18102022 032057, 218, 21739.2,  7.664,174.758,0.686557,  0.9,129.375,2.64e-02, 17.6, -  , 55
 876, 53606,19122006,17102022 200918,   3, 21877.9, 26.685,141.373,0.673261,  0.2, 67.260,1.43e-03, 16.0, 0.1,  1
 877, 53607,14102020,18102022 004339, 729, 21094.5,  8.489,301.642,0.656853,359.6,194.445,1.74e+00, 18.7,11.9, - 
 878, 53608,06062022,17102022 223146,  59, 21924.1, 42.951,210.591,0.557597,  0.2,213.377,9.55e+00, 17.5, 2.6,653
 879, 53700,19102006,18102022 043023, 795, 21503.2, 26.601,177.297,0.681624,  0.3,329.977,1.47e-01, 16.1,12.9, - 
 880, 53701,27112006,17102022 232228, 296, 21886.8, 27.500,313.982,0.658349,359.8,140.904,2.39e-02, 16.2, 5.1,509
 881, 53800,24062012,17102022 184426,  47, 20976.6,  6.670,237.182,0.674392,  0.6,249.206,3.12e-02, 12.4,54.9, 30
 882, 53900,19062012,18102022 022214,  25, 20472.0,  1.533,115.422,0.673339,  2.1, 76.894,8.20e-02, 18.3, -  , 39
 883, 53901,15082016,17102022 224933,   2, 21969.9, 62.945,149.485,0.669067,  0.1,253.900,1.23e-01, 16.7, 0.1,  3
 884, 53902,30122006,17102022 232106,   8, 21958.4, 26.089,203.902,0.660077,  0.3,188.732,1.00e-02, 17.0, 0.1,  2
 885, 54000,05082008,17102022 204249,4498, 21332.5, 10.806, 32.789,0.665987,359.4,330.157,3.98e-01, 17.3, -  , - 
 886, 54002,23082019,18102022 011137, 979, 21426.0, 19.961,125.216,0.691364,  0.2,122.397,8.63e-03, 17.4, 0.3, 60
 887, 54100,07112011,18102022 032925,   1, 21634.4, 27.712,301.769,0.691066,359.9,  9.663,8.20e-03, 11.5, 0.1,  1
 888, 54101,22092006,17102022 220624,4632, 11124.9, 25.811,  1.079,0.409179,359.7,291.043,6.80e-03, 13.3, 2.3,133
 889, 54102,26102012,17102022 213940,  28, 20384.2,  9.411,291.695,0.670835,359.7,319.925,1.10e-01, 13.3, -  ,226
 890, 54104,01022020,18102022 003210, 154, 21975.3,  5.243,156.043,0.684709,  1.3,296.365,6.96e-02, 17.6, 6.9,745
 891, 54105,01092022,17102022 232454,   2, 22011.8,  6.447, 59.864,0.681453,359.4,122.408,6.80e-02, 18.3, 0.1,  1
 892, 54200,29052022,18102022 031208, 133, 21934.7, 26.527,354.622,0.692087,359.7, 97.577,9.15e-02, 17.4, -  , 47
 893, 54300,12032008,17102022 221217,   2, 21744.2,  6.317,313.417,0.686867,359.2,349.590,3.46e-02, 14.5, 0.1,  1
 894, 54301,14062012,17102022 193512,  10, 22048.7, 63.381,217.529,0.660553,  0.1,260.122,1.43e-01, 13.5, 0.2, 42
 895, 54302,13102018,17102022 213248,1406, 22106.5, 12.059, 57.530,0.669876,359.7,  9.554,7.25e-01, 18.4, -  , - 
 896, 54303,08112018,18102022 001144,1390, 21934.5,  4.228,345.888,0.682535,358.4,144.454,1.00e-02, 18.3, 1.3,195
 897, 54304,07012019,18102022 012622,   3, 22072.1,  6.971, 71.592,0.680461,359.7, 84.600,8.40e-02, 18.1, 0.1,  3
 898, 54305,16022020,18102022 012450,   5, 22071.0, 63.324, 61.770,0.681773,359.9,286.225,2.54e-02, 15.8, 0.1,  1
 899, 54306,18052021,18102022 043722, 498, 22016.0,  6.033, 27.547,0.678653,358.9,192.758,1.54e+00, 17.6, -  , - 
 900, 54400,21032015,17102022 203929,1201, 21572.2, 30.229, 36.728,0.673886,359.8,213.605,2.04e+00, 17.2, -  , - 
 901, 54401,06032017,18102022 003639, 311, 20398.9, 23.336,149.933,0.670202,  0.3,206.221,6.19e-02, 17.3, 1.0,234
 902, 54402,21072018,18102022 023901,1407, 22095.4, 45.643,316.333,0.602323,359.9,172.638,3.39e+00, 17.4, -  , - 
 903, 54403,21102019,17102022 204909,1086, 22211.5, 14.187,  1.592,0.461038,359.5, 99.660,6.99e+00, 17.5, -  , - 
 904, 54404,25112019,17102022 201410,1053, 22120.7, 12.533, 41.187,0.417728,359.6,356.225,1.96e+00, 18.3,19.4, - 
 905, 54405,18122020,18102022 011633,   0, 22091.6,  6.652, 38.485,0.683030,359.1,157.210,2.52e-02, 18.3, 0.1,  1
 906, 54407,20092022,17102022 204850,   0, 22098.7,  6.707,353.845,0.684835,358.9,242.843,2.49e-02, 18.8, 0.1,  1
 907, 54500,30112008,17102022 202335, 342, 21748.0,  2.991,140.768,0.688118,  1.9,251.664,3.17e-02, 15.3, -  , 99
 908, 54501,29042022,17102022 205346, 159, 21711.1,  7.184,275.066,0.686181,359.9,254.760,3.78e-01, 18.4, 0.9,217
 909, 54600,27022006,17102022 214027,  62, 21419.5,  8.572,254.447,0.680342,  0.2,148.698,4.74e-02, 13.9, -  ,131
 910, 54601,02022009,17102022 220201,  33, 22132.3,  6.833,183.194,0.674810,  1.1,209.472,1.22e-01, 17.1, 0.4, 89
 911, 54603,08092018,18102022 003057,  17, 21597.4,  8.115,188.507,0.682800,  0.9,324.264,3.51e-01, 18.5,23.4,340
 912, 54700,29091999,18102022 032708,  38, 22168.8,  5.596,239.161,0.674818,  0.7,138.050,1.34e-01, 16.5, 0.8,161
 913, 54701,30052018,17102022 185042, 160, 22155.8, 27.920, 80.142,0.662691,360.0,279.120,6.47e-02, 19.6, 3.0,662
 914, 54702,16122019,18102022 060447,1033, 22278.1, 13.400, 15.899,0.395125,359.5, 42.361,6.19e+00, 18.0, -  , - 
 915, 54703,31032020,18102022 010010, 153, 22152.5,  7.627,196.133,0.681374,  0.9,217.850,1.92e-01, 17.0,10.3,743
 916, 54704,29072022,18102022 034957,  76, 22140.0,  6.778,344.439,0.693860,359.0,213.515,5.71e-02, 17.8, -  ,334
 917, 54800,14122009,18102022 001123, 295, 22177.5,  6.771,202.045,0.676678,  1.0,175.177,1.77e-01, 17.9, 5.7,156
 918, 54801,15052018,18102022 024347,  75, 22193.3,  6.180,227.514,0.676425,  0.8,144.151,4.94e-02, 18.2, 0.2, 13
 919, 54802,12022021,17102022 202337, 338, 22489.8,  6.913,190.594,0.700996,  1.0,193.698,1.83e-01, 16.3,13.6,454
 920, 54804,31032022,17102022 170542, 142, 22245.3,  5.379,136.548,0.669185,  1.0, 18.420,1.37e+00, 17.4, 7.7,548
 921, 54900,07112009,18102022 071831, 595, 21705.5,  9.300, 92.387,0.682456,  0.0, 57.246,1.02e-01, 15.5,15.2, - 
 922, 54901,04102021,17102022 215628, 374, 16823.0,  3.022,307.351,0.555182,358.6,198.611,2.41e+00, 17.9, 2.8,775
 923, 55002,19022021,18102022 044456, 148, 22286.8, 14.849,351.001,0.496648,359.5,108.612,5.02e+00, 17.5,88.8, - 
 924, 55100,13082019,17102022 205934, 494, 22428.0, 11.772, 41.053,0.392391,359.5,356.865,5.26e+00, 15.1, -  , - 
 925, 55101,13042021,17102022 220443, 503, 22334.8, 14.430,249.446,0.655632,  0.2,294.802,5.97e+00, 16.5, -  , - 
 926, 55200,22082007,17102022 195234,5442, 20506.6,  6.882, 97.388,0.667526,  0.1,257.902,3.79e-02, 13.3,78.6, - 
 927, 55201,24032017,18102022 030252, 439, 22186.6,  5.342,  9.053,0.692865,358.7,201.921,8.69e-02, 17.9, -  ,786
 928, 55202,30082019,17102022 213832, 123, 22101.5, 13.912,347.043,0.521160,359.5,124.383,6.01e+00, 17.8,54.0, - 
 929, 55300,21102019,17102022 213314, 363, 13659.8, 59.915,318.248,0.501896,359.9, 90.960,1.59e+00, 16.1, 3.8, - 
 930, 55301,16072021,17102022 204156, 385, 22319.9,  5.887,189.454,0.683904,  1.2,177.349,2.76e-01, 17.5,72.2,697
 931, 55302,10092021,17102022 173454, 380, 22348.9,  6.832, 36.326,0.693938,359.1,291.482,4.54e-02, 18.1,12.6,254
 932, 55400,06062022,18102022 002052, 105, 22459.4, 13.265, 26.346,0.453734,359.5, 32.887,2.26e+00, 16.7, 2.0,486
 933, 55501,29042020,18102022 001618, 897, 19350.8,  2.517,  0.695,0.632777,357.1,114.561,1.28e+00, 17.7,62.4, - 
 934, 55502,28102015,17102022 215210,   2, 22383.5, 26.329,244.482,0.689001,  0.1,211.032,1.54e-01, 16.3, 0.3, 20
 935, 55601,25062016,18102022 004410, 297, 20836.6, 26.157,219.020,0.667018,  0.2,258.288,8.08e-01, 16.1,10.9, - 
 936, 55602,27122017,18102022 001735,1693, 22433.1, 26.464,174.301,0.641426,  0.3,160.071,1.96e-01, 16.6,42.0, - 
 937, 55603,26092019,17102022 212342, 121, 22295.2, 12.972, 35.477,0.443731,359.5, 13.401,7.53e+00, 15.2,39.2, - 
 938, 55604,08042022,18102022 055038, 105, 22472.9, 10.082,316.254,0.507771,359.5,165.045,7.18e+00, 17.7,31.2, - 
 939, 55700,06042016,17102022 190352,   1, 21375.8, 20.289,165.454,0.686335,  0.3, 39.588,5.63e-02, 16.4, 0.6,  2
 940, 55701,08012007,18102022 035236,   5, 22493.2,  7.174,275.422,0.665893,359.9, 26.889,4.02e-03, 15.9, 0.1,  1
 941, 55702,30092018,18102022 014754, 183, 22501.8,  5.421,303.499,0.657935,359.3, 38.401,2.50e-01, 17.0, 5.5, - 
 942, 55703,02102018,18102022 054013,1409, 22452.3,  6.868, 60.389,0.695009,359.5, 70.293,1.24e-02, 18.5, -  ,100
 943, 55704,27082019,17102022 182646, 540, 22143.0, 13.382,258.885,0.583617,  0.1,246.003,9.71e+00, 15.6, -  , - 
 944, 55800,10032010,18102022 072715,   1, 21653.9,  7.586, 58.268,0.688754,359.5,136.575,3.92e-02, 15.1, 0.4,  1
 945, 55801,25102019,18102022 025221, 110, 22585.9, 13.154,343.021,0.397922,359.5, 96.835,7.34e+00, 18.0,38.4, - 
 946, 55802,13032022,18102022 025910, 142, 22368.0,  6.006,270.766,0.695004,360.0,187.912,1.00e-01, 18.4,47.0, 70
 947, 56100,20122009,17102022 231148,1001, 22418.3,  8.863,142.028,0.693432,  0.6,141.111,5.29e-02, 17.1, -  , - 
 948, 56101,23122009,18102022 035607,   1, 22126.5,  7.681, 63.372,0.693452,359.6,161.987,3.43e-02, 16.4, 0.2,  1
 949, 56102,21032015,18102022 011248,   1, 22015.1, 26.732,270.104,0.693596,  0.0,149.221,2.38e-02, 15.9, 0.3,  1
 950, 56104,07082019,17102022 202308, 631, 22609.3, 12.655,275.485,0.616617,360.0,240.727,3.50e+00, 17.3, -  , - 
 951, 56105,19022020,17102022 233703,   1, 22336.6, 12.822,327.372,0.554464,359.5,160.808,8.97e+00, 14.9, 0.2, 53
 952, 56106,07062022,18102022 003151, 129, 22678.2, 12.931, 18.230,0.324791,359.5,  3.325,8.10e+00, 18.0, -  , - 
 953, 56107,02082022,17102022 192153,   3, 22582.9,  8.343,103.631,0.683311,  0.2, 45.375,2.57e-02, 17.9, 0.1,  2
 954, 56200,22112017,17102022 222739, 329, 22553.3,  7.323, 18.975,0.692302,359.1,260.651,7.97e-02, 18.0,80.0,310
 955, 56201,19122006,17102022 205955, 437, 22599.1, 27.357,308.871,0.666202,359.8, 10.159,7.20e-02, 18.1,18.3, - 
 956, 56202,20042020,17102022 184907, 882, 22588.8, 56.218, 27.828,0.548008,359.9,223.786,2.63e+01, 17.5, -  , - 
 957, 56300,11092016,18102022 034207, 149, 22143.9,  7.372, 46.540,0.691672,359.3, 84.905,7.22e-02, 17.7, 1.0,248
 958, 56301,29032020,18102022 073201, 318, 22639.9,  6.390,274.186,0.634685,359.9, 83.726,1.12e+00, 17.5,11.4, - 
 959, 56400,23102014,17102022 204820,   1, 21733.3, 20.961,193.665,0.687306,  0.3,316.658,1.00e-01, 16.8, 0.1,  3
 960, 56401,21122017,18102022 030252,1741, 22686.4,  7.683,273.680,0.601504,360.0,125.230,9.90e-01, 18.9,26.9, - 
 961, 56402,07062022,17102022 213134,   6, 22624.1, 62.768,237.560,0.629362,  0.1,189.297,1.36e-01, 16.4, 0.1, 17
 962, 56501,23122016,17102022 211429,1990, 22687.0, 54.503, 16.130,0.349666,359.9,181.421,2.86e+01, 16.3, -  , - 
 963, 56600,09012013,17102022 165615,   0, 22658.9,  8.234, 14.855,0.682443,359.1,246.088,4.48e-01, 16.7, 0.1,  2
 964, 56602,22112017,18102022 004415, 201, 22402.0, 19.325,345.733,0.692929,359.6,118.629,1.47e-01, 18.1, -  , - 
 965, 56604,05102019,17102022 203610, 153, 22766.3, 12.552, 46.729,0.310155,359.6,311.718,6.35e+00, 17.5,96.0, - 
 966, 56605,15012021,18102022 040657, 632, 22553.1, 11.999,277.045,0.657449,359.9,255.403,7.32e+00, 18.1, -  , - 
 967, 56700,13062012,17102022 202805, 399, 22694.9,  7.066,347.524,0.645256,359.0,283.000,3.00e-01, 15.6,11.6, - 
 968, 56701,17072012,17102022 232605,  55, 18997.4,  1.691,184.766,0.644498,  4.2,279.386,7.12e-02, 16.7,38.2, 86
 969, 56702,03112015,17102022 172811, 287, 22334.0,  6.057,133.129,0.694965,  0.8,195.261,5.18e-02, 17.7, -  ,240
 970, 56703,16042018,17102022 203954,   2, 19707.5, 25.967,318.343,0.658428,359.8,174.127,1.28e-01, 16.3, 1.0,  7
 971, 56704,31072022,17102022 202957,  69, 22658.4,  5.947,359.099,0.698650,358.8,210.359,1.68e-01, 18.1,20.3, 13
 972, 56800,29062017,18102022 075704,1826, 22701.8,  9.225,230.503,0.694358,  0.5,  3.367,6.87e-01, 18.2, -  , - 
 973, 56801,17012018,18102022 051104,1645, 22554.9,  6.524,162.479,0.681120,  1.1,194.085,4.88e-01, 17.1,41.0, - 
 974, 56802,31102018,18102022 004449,1373, 22564.0, 34.313, 33.333,0.583786,359.8,188.150,4.90e+01, 18.1, -  , - 
 975, 56803,29092022,18102022 025352,   5, 22744.0,  6.923, 58.287,0.652519,359.4,120.409,1.33e+00, 17.9, 0.1, 10
 976, 56900,26082014,17102022 204302, 493, 20855.0, 19.776,350.570,0.679136,359.6,298.134,1.62e-02, 17.2, 1.8,194
 977, 56901,02062017,18102022 030638,  13, 22814.6,  6.866,119.135,0.697758,  0.5, 63.832,8.63e-02, 17.7, 0.3, 15
 978, 56902,14032019,18102022 065434, 577, 22550.1,  7.036,105.641,0.693769,  0.3,165.538,4.30e-01, 17.0, 9.4, - 
 979, 56903,11042022,18102022 043210, 102, 22754.0,  6.775,163.228,0.693729,  1.0,343.150,5.52e-01, 17.6,62.1,993
 980, 56904,08072022,17102022 194211,  34, 22750.8,  8.281,268.862,0.699961,  0.0,291.419,1.18e-01, 18.1,47.1,119
 981, 57100,05022008,18102022 023831,   1, 22499.4,  6.994,165.798,0.697988,  1.0, 22.785,4.74e-02, 16.2, 0.1,  1
 982, 57102,26042019,18102022 024243, 345, 22791.2,  7.024, 74.980,0.699343,359.7,147.656,4.89e-02, 18.2, -  ,282
 983, 57200,10082019,17102022 224944,1002, 22921.3, 12.958, 10.619,0.460821,359.4, 39.007,4.07e+00, 16.4,38.5, - 
 984, 57300,01102014,17102022 185052,   2, 19611.0, 18.288,358.745,0.659190,359.6,325.167,5.36e-02, 12.9, 2.1,  4
 985, 57301,03082016,17102022 222857,   9, 22728.2,  6.539,138.903,0.698589,  0.8,265.070,9.35e-02, 17.4, 0.3, 12
 986, 57302,01022017,18102022 011124,2073, 22141.6, 63.064,306.461,0.694083,359.9,279.746,1.16e-01, 15.1, 2.4,477
 987, 57303,08102021,17102022 185754, 100, 22841.8, 28.958, 54.060,0.601037,359.8,171.544,4.90e+01, 17.9,32.1, - 
 988, 57400,25122016,17102022 225041,   7, 22504.9, 21.262,181.420,0.701935,  0.3,240.645,2.44e-02, 19.1, 2.4,  6
 989, 57401,12082019,18102022 063514, 577, 22968.6, 11.802,358.368,0.460970,359.4, 73.777,4.17e+00, 18.3, -  , - 
 990, 57402,15052021,17102022 201501, 505, 22801.5, 11.955,284.204,0.573623,359.9,196.990,6.44e+00, 17.1,67.1, - 
 991, 57500,21012020,18102022 012245, 310, 22975.9, 11.044,248.169,0.698788,  0.2, 81.405,8.97e-02, 18.5, -  ,608
 992, 57600,19122012,17102022 233724,   3, 20561.6, 20.501, 48.517,0.669837,359.8,251.195,1.09e-01, 15.4, 1.4, 12
 993, 57601,17022016,18102022 051844,   2, 21899.9, 20.817,153.098,0.694819,  0.3,311.924,1.96e-02, 16.7, 0.4,  1
 994, 57603,29072019,18102022 041347,  96, 22917.2, 13.300, 26.300,0.435944,359.5,355.947,5.11e+00, 16.0,33.2, - 
 995, 57700,06082017,18102022 040332,   0, 23130.4, 39.517, 68.386,0.527893,359.9,145.420,3.17e+01, 17.8, 0.2, 37
 996, 57701,19032018,17102022 155342, 109, 22970.6, 26.111,120.629,0.669233,  0.1,289.900,2.25e-02, 18.8, 0.9,176
 997, 57702,30032019,18102022 052625,1058, 22746.1,  6.564,141.390,0.703232,  0.9, 74.524,4.07e-02, 18.2, 4.6, - 
 998, 57703,24112019,18102022 032407, 143, 23006.9, 12.950,331.900,0.505403,359.5, 97.936,2.30e+00, 18.4,14.5, - 
 999, 57704,03022020,18102022 062750, 143, 22938.4, 19.048,168.766,0.673538,  0.4,118.593,1.21e+00, 16.9, 4.6,396
1000, 57800,10032016,17102022 204946,   2, 22294.5,  2.451,316.429,0.700669,358.0,110.723,1.10e-02, 17.2, 0.5,  1
1001, 57801,17012019,18102022 023639,1333, 23032.3,  8.314,324.080,0.589574,359.3, 38.871,9.77e-01, 17.8,10.3, - 
1002, 57900,28072014,18102022 013413, 130, 21949.8,  1.888,298.332,0.692368,358.3,167.878,2.87e-02, 18.0, -  , 51
1003, 57901,24102018,18102022 020631,1329, 23019.7, 30.136,152.503,0.675634,  0.2, 38.916,1.31e+00, 15.7, -  , - 
1004, 58000,03102016,18102022 070235,   5, 23063.7,  6.860,234.008,0.689060,  0.6, 69.459,5.76e-01, 17.4, 0.1, 12
1005, 58001,03082017,17102022 211935,1047, 23052.6,  7.258,284.049,0.702865,359.8,313.075,4.77e-02, 17.9, -  , - 
1006, 58005,22102020,18102022 005356, 686, 22997.6, 22.820,102.663,0.706700,  0.1,217.327,3.85e-03, 16.9, -  , 10
1007, 58101,11102012,18102022 071721,   1, 21129.7, 21.023, 74.306,0.686333,359.9, 99.983,9.52e-03, 17.2, 0.3,  1
1008, 58102,28012007,17102022 194545, 139, 22636.4, 31.045, 16.005,0.696744,359.8, 78.769,9.29e-02, 17.0, -  ,558
1009, 58103,20082022,17102022 212319,  56, 23057.2, 22.088,236.808,0.701095,  0.2,318.938,7.33e-01, 17.4, -  , - 
1010, 58104,23082022,18102022 001421,  44, 22982.8, 26.527,149.120,0.548423,  0.2, 61.366,2.35e+01, 15.9, -  , - 
1011, 58300,10052013,17102022 235748, 273, 20796.1, 20.374, 98.717,0.676356,  0.1,162.446,9.17e-02, 15.0, 1.2,271
1012, 58301,11112014,18102022 060203,   1, 23090.7, 21.419,268.464,0.701235,  0.0, 81.444,2.47e-02, 16.0, 0.1,  3
1013, 58302,22122009,18102022 011527,   9, 23144.9,  6.838,  4.058,0.699874,358.9,318.679,1.06e-01, 17.1, 0.1, 12
1014, 58303,20022017,17102022 175516, 153, 22644.3, 63.434, 20.525,0.698303,359.9,275.496,9.32e-02, 14.5, -  ,236
1015, 58304,01042017,18102022 034450,  17, 22869.4,  7.469,300.824,0.702118,359.5,209.055,8.03e-02, 17.5,17.5, 32
1016, 58305,18052018,17102022 221659,1074, 23084.9, 34.951,210.109,0.352084,  0.2,  6.268,2.06e+01, 16.2, -  , - 
1017, 58306,30012020,17102022 231618,   0, 17734.4,  4.638, 87.429,0.626429,359.9,150.228,1.17e-01, 15.1, 2.2,  2
1018, 58401,23072018,18102022 053521,1534, 23189.1,  6.482, 88.600,0.642719,360.0, 88.279,3.54e+00, 16.0, -  , - 
1019, 58402,22092020,17102022 215833, 652, 23037.4,  5.599,254.387,0.682565,  0.4,210.164,9.63e-01, 18.1,12.9, - 
1020, 58501,20012016,17102022 192136, 109, 22942.8, 27.322, 17.146,0.705006,359.7,319.240,2.04e-02, 15.8, -  , 50
1021, 58504,25052017,17102022 192130,1855, 23475.2, 20.501,  9.543,0.390454,359.6,219.268,4.77e+01, 17.7, -  , - 
1022, 58505,16052018,17102022 201933, 836, 23188.1,  9.019, 24.392,0.676670,359.3,302.905,2.70e-01, 17.5, -  , - 
1023, 58600,23062012,18102022 004233,   2, 22991.1,  5.961,264.081,0.702301,  0.1,298.018,7.15e-02, 13.4, 0.8,  4
1024, 58601,20052017,18102022 072409,1958, 23405.9,  5.559,117.634,0.485873,  0.6,  8.958,1.20e+01, 17.4, -  , - 
1025, 58602,08032018,18102022 070837, 139, 20678.2, 25.899,352.585,0.672226,359.7,125.265,2.01e-01, 16.9, 3.4,899
1026, 58604,29032020,18102022 000410, 924, 23246.3,  8.285,347.339,0.688880,359.2,313.169,6.00e-01, 18.7, -  , - 
1027, 58700,17062015,18102022 023600,   1, 22692.9,  7.331,276.968,0.700513,359.9,255.653,8.59e-02, 17.6, 0.2,  3
1028, 58701,20052017,17102022 182946,1973, 23352.4,  6.226,114.044,0.614611,  0.5, 59.358,5.29e+00, 17.9, -  , - 
1029, 58702,29102019,18102022 041553,1080, 23713.4, 21.224,343.213,0.338939,359.7,105.443,1.98e+01, 17.6, -  , - 
1030, 58703,28102021,17102022 205445, 350, 23221.3,  6.559, 38.481,0.619787,359.1,204.568,6.73e-01, 17.7,13.4, - 
1031, 58800,08022016,17102022 223333, 123, 23329.6, 63.655, 49.250,0.604492,359.9,350.012,2.05e-01, 17.7, 3.0,728
1032, 58802,29072016,18102022 082644,2207, 23280.9,  6.527,297.946,0.691734,359.5, 55.703,4.83e-01, 18.2, -  , - 
1033, 58804,19042017,17102022 220801,  77, 23232.2,  8.459,145.115,0.697587,  0.7,302.853,3.48e-01, 17.5, 6.1,692
1034, 58807,12032021,17102022 234241, 502, 23250.6,  7.375, 79.258,0.706990,359.8,142.754,4.77e-02, 19.0, -  , 27
1035, 58900,30082014,18102022 084832,  13, 23267.0,  8.877,100.482,0.696658,  0.1, 84.963,4.37e-01, 17.3, 0.2, 27
1036, 58902,02082019,17102022 234352,1165, 23402.8, 13.774, 26.033,0.372888,359.5,349.619,6.57e+00, 17.6,52.8, - 
1037, 59001,26092019,18102022 033651, 123, 23400.1, 13.147, 32.937,0.456141,359.5,335.412,5.18e+00, 18.0,10.1, - 
1038, 59100,18022018,18102022 004039,1700, 23250.0,  7.543,141.878,0.699847,  0.8,165.544,1.62e-01, 18.7, 2.0,304
1039, 59101,18022018,18102022 045822, 318, 23344.4,  7.312, 20.389,0.698759,359.1,267.012,6.91e-02, 18.0,17.8,240
1040, 59200,29072008,18102022 022542, 652, 22972.7,  6.265, 90.226,0.689171,360.0, 35.597,7.08e-02, 17.5, -  , - 
1041, 59201,16022016,17102022 201301,   1, 23200.8, 20.951,261.901,0.706380,  0.1,110.710,6.46e-03, 16.9, 0.1,  2
1042, 59202,30072017,18102022 031117,  34, 23371.5,  7.685, 32.109,0.705017,359.2, 92.875,7.00e-02, 17.2, 0.7,156
1043, 59203,16102017,17102022 230229, 288, 23122.8, 26.620,125.541,0.709407,  0.2,152.493,1.91e-02, 17.9, 0.2, 43
1044, 59204,01072019,17102022 182339, 604, 23629.3, 13.814, 29.923,0.383693,359.5,325.455,7.39e+00, 16.7, -  , - 
1045, 59205,03072019,17102022 165129, 576, 23571.8, 14.857, 55.344,0.357095,359.7,274.814,5.41e+00, 15.7, -  , - 
1046, 59207,22082019,18102022 022725, 111, 23353.6, 11.666,329.861,0.534381,359.5,117.089,4.74e+00, 17.8, 9.3, - 
1047, 59300,29012015,17102022 221950, 524, 23390.8, 68.245,286.260,0.616736,360.0,271.482,1.14e+00, 14.2,64.6, - 
1048, 59301,14092017,18102022 010203,1857, 23309.3, 17.648, 36.055,0.387470,359.7,202.402,3.45e+01, 18.6, -  , - 
1049, 59304,28042019,18102022 034334,   1, 23253.9, 27.754,179.990,0.712945,  0.3,119.463,8.31e-03, 11.5, 0.2,  1
1050, 59400,20112012,18102022 014816,   1, 22905.0, 19.832,260.792,0.702431,  0.1,153.003,4.66e-02, 17.0, 0.4,  7
1051, 59401,12042019,18102022 074845, 237, 23450.5, 26.902,235.841,0.634419,  0.2, 15.997,1.79e+00, 17.4, 5.0,870
1052, 59402,28102019,17102022 205131,1080, 23401.4, 11.308,330.649,0.543331,359.4,127.351,5.07e+00, 18.3, -  , - 
1053, 59403,01022021,18102022 041952,  53, 23406.4, 13.322,  6.035,0.485995,359.5, 48.727,6.69e+00, 13.9,17.5, - 
1054, 59500,14122009,17102022 235639,   3, 23108.2,  6.249,255.123,0.707305,  0.3,315.559,3.19e-02, 15.1, 0.7,  4
1055, 59502,13082015,18102022 060649,2598, 23409.3, 11.280, 71.258,0.706470,359.8, 35.179,4.41e-02, 17.3, -  , - 
1056, 59503,30102019,18102022 015218,1072, 23408.4, 11.270,295.932,0.606191,359.7,182.547,3.07e+00, 18.4, -  , - 
1057, 59504,20032021,18102022 033055, 537, 23440.6,  7.149, 26.895,0.701652,359.1,255.016,7.60e-02, 18.8,65.6, 60
1058, 59600,22082007,17102022 233342,   2, 23325.5, 10.021,231.541,0.701317,  0.5,278.888,2.55e-01, 14.6, 0.1,  9
1059, 59601,28122016,17102022 182437, 145, 23181.6, 58.583,358.267,0.639659,359.9,231.024,5.49e+01, 15.3, -  , - 
1060, 59602,25022009,17102022 203413,  62, 23384.3,  7.728, 44.429,0.708584,359.3,163.638,7.46e-02, 17.1, -  ,243
1061, 59604,30082019,18102022 041637, 204, 23604.6, 13.703, 16.287,0.463519,359.5, 13.709,1.91e+00, 17.5,47.0, - 
1062, 59605,04082020,17102022 160329, 709, 23277.6, 21.049, 40.268,0.703356,359.7,236.676,6.06e-01, 17.0,13.2, - 
1063, 59700,18042009,18102022 012955,   1, 23081.9,  1.657,269.533,0.710811,  0.1,103.902,7.91e-03, 14.0, 0.2,  1
1064, 59701,23042009,17102022 170427,   9, 23514.8,  7.102,145.117,0.701001,  0.8, 12.142,9.68e-02, 16.4, 0.1, 18
1065, 59702,27042009,18102022 013121,   8, 23688.1,  6.930,146.990,0.702964,  0.9,  9.211,4.28e-02, 17.0, 0.1, 10
1066, 59703,26082016,18102022 015843,1577, 22947.7,  8.504,344.323,0.689265,359.2, 29.438,6.59e-02, 18.7, -  , - 
1067, 59705,19092022,17102022 222433,   3, 23555.3,  8.618,101.555,0.705857,  0.2, 36.135,9.97e-03, 18.1, 0.1,  1
1068, 59801,18092017,17102022 195557,  90, 23228.3, 20.492,319.885,0.709651,359.7,123.268,2.07e-02, 16.8, -  ,  9
1069, 59802,23082019,17102022 222406,1083, 23615.7, 11.986, 82.598,0.358870,359.9,250.964,5.51e+00, 16.3, -  , - 
1070, 59803,07042021,17102022 220252, 385, 23420.9,  4.237,319.310,0.704229,358.8,  3.203,3.34e-01, 17.0, -  , - 
1071, 59900,28072019,17102022 184244,1112, 23515.3,  5.707, 44.899,0.700552,359.1,211.846,4.23e-01, 18.2, -  , - 
1072, 59901,28022021,17102022 202515, 557, 23653.5, 71.635,255.737,0.588421,  0.0,347.749,1.24e+01, 16.7,37.2, - 
1073, 60000,04042017,17102022 172936,   4, 23613.3,  7.332,134.795,0.710442,  0.7,339.788,1.08e-02, 17.8, 0.1,  4
1074, 60001,29112018,17102022 191259,1142, 23631.0,  6.469,133.655,0.702499,  0.8, 45.215,4.74e-02, 18.5, -  ,222
1075, 60003,24042020,18102022 021956, 904, 23603.3,  5.661,249.389,0.681649,  0.5, 80.718,9.67e-01, 18.2, -  , - 
1076, 60100,16082010,17102022 201333, 224, 23623.9,  8.016, 10.895,0.695368,359.1,278.307,1.62e-01, 14.0, 9.4,756
1077, 60101,28032007,18102022 040845,   1, 23614.1, 63.115, 46.128,0.703813,359.9,254.436,8.91e-02, 14.8, 0.1,  1
1078, 60104,19012017,18102022 062610,1487, 23558.4,  8.570,225.384,0.699351,  0.6,149.859,8.74e-01, 17.6, -  , - 
1079, 60105,16082018,17102022 181318,   4, 23637.8,  5.446,130.430,0.707037,  0.9,308.041,4.45e-02, 17.9, 0.1,  7
1080, 60106,30082019,18102022 004219,1141, 22553.6, 22.237,246.129,0.697456,  0.1,304.053,1.21e+00, 18.1,13.4, - 
1081, 60200,11062013,18102022 051755,   2, 23825.7, 28.133,262.086,0.718353,  0.0,100.733,8.16e-03, 11.7, 0.2,  1
1082, 60201,30112012,17102022 190653,   1, 21751.9, 20.061,225.285,0.691015,  0.3,293.872,7.77e-02, 14.8, 0.4,  1
1083, 60202,19032018,17102022 224744,  13, 23613.8, 11.823,330.642,0.691183,359.5,224.732,5.50e-01, 18.2, 0.6,144
1084, 60203,11022019,18102022 005623,1086, 23798.9, 25.772, 11.263,0.623840,359.7,350.300,4.66e+00, 18.2, -  , - 
1085, 60204,16092019,17102022 211448,1110, 23653.0, 11.623, 86.005,0.378029,359.9,243.590,6.48e+00, 18.5, -  , - 
1086, 60300,14032012,17102022 181349,   1, 22412.5, 63.346,  5.022,0.703237,359.9,275.319,3.46e-02, 13.5, 0.3,  1
1087, 60301,26042009,17102022 201235, 214, 23417.0,  6.448,229.493,0.708300,  0.7, 81.740,3.13e-02, 16.2, -  ,114
1088, 60302,26102016,17102022 232445,  47, 23643.0,  5.642,159.168,0.706653,  1.2,245.310,4.86e-02, 17.1, 1.0, 33
1089, 60303,16122017,18102022 040311,1702, 23374.4, 20.519,  9.003,0.708156,359.6, 38.287,1.39e-01, 18.3, 4.9, - 
1090, 60304,20122017,17102022 203035,  42, 23620.7,  7.116,317.803,0.711038,359.3,266.475,3.54e-01, 18.3,37.5,263
1091, 60305,04072019,17102022 210713, 100, 23800.0, 12.485, 98.912,0.397025,  0.1,243.815,2.94e+00, 16.5,44.1, - 
1092, 60306,23082019,18102022 013907, 566, 23713.8, 13.310, 89.792,0.402841,360.0,230.364,2.42e+00, 16.4, -  , - 
1093, 60307,20082022,17102022 210858,   5, 23682.7,  7.105,303.513,0.712894,359.5,293.764,5.60e-02, 16.5, 1.8,  3
1094, 60400,23102016,17102022 230852,  49, 23178.9,  2.733, 20.844,0.706609,357.5, 65.849,5.18e-02, 17.1,56.5, 80
1095, 60401,08042018,17102022 220737, 120, 23683.7,  5.267,218.886,0.704829,  1.1,137.201,7.76e-02, 18.2, 2.1,124
1096, 60402,20022018,18102022 060519,  45, 23558.7, 26.585,174.750,0.715711,  0.3, 56.578,1.24e-02, 17.8,78.7,  6
1097, 60403,28062019,17102022 211347, 131, 23774.1, 13.242, 14.197,0.388433,359.5,354.609,3.93e+00, 17.9,97.3, - 
1098, 60405,30122019,17102022 224133, 720, 23714.1, 19.169, 70.624,0.693186,359.9,223.043,9.17e-01, 18.2, -  , - 
1099, 60406,15122020,17102022 233049, 658, 23639.6,  9.044, 39.695,0.706936,359.4,143.834,3.34e-01, 17.6, -  , - 
1100, 60407,23022022,17102022 190006, 179, 23705.5, 16.668, 35.817,0.419621,359.6,301.713,3.34e+00, 16.6,69.6, - 
1101, 60408,08052022,17102022 230343, 153, 23701.0, 11.987, 70.482,0.419250,359.8,281.153,4.07e+00, 13.1, 7.3, - 
1102, 60500,13122017,18102022 005258,  78, 23699.5, 62.979, 28.111,0.707987,359.9,256.709,7.63e-02, 17.0, 0.3, 18
1103, 60501,05022019,17102022 205252,  46, 23356.5, 63.111,105.138,0.691791,  0.0,280.015,1.24e-01, 16.4, 0.9,162
1104, 60503,29042020,18102022 010117, 109, 23693.0,  5.483,219.155,0.704296,  1.0,130.399,8.09e-02, 18.1, 3.3, 28
1105, 60600,19122012,18102022 043402,   1, 23475.9, 28.459,298.845,0.713396,359.9,177.911,7.61e-03, 11.7, 0.1,  1
1106, 60601,02112010,18102022 003226, 264, 23708.6, 10.882, 67.833,0.699290,359.7,248.337,2.87e-01, 13.7,14.2, - 
1107, 60603,19122016,18102022 045400,  82, 23712.2,  5.490,204.534,0.705964,  1.2,159.014,5.52e-02, 18.1, 2.4, 69
1108, 60606,04042022,17102022 172910, 148, 23540.9,  1.883,229.644,0.705773,  2.4,284.670,5.24e-01, 18.2, 1.8,441
1109, 60700,14082009,17102022 232326,   5, 23711.4,  8.450,280.413,0.706412,359.9,275.570,7.46e-02, 17.5, 0.1,  9
1110, 60702,11042011,17102022 202813,  93, 23173.0, 63.582,105.087,0.691219,  0.0,269.703,8.69e-02, 12.9, 1.3,236
1111, 60703,12112012,18102022 025851,   2, 23577.3, 19.252,319.507,0.713753,359.7, 67.798,5.01e-02, 16.4, 0.5,  3
1112, 60704,30052014,17102022 214704,   0, 23763.4, 22.190,  4.146,0.707439,359.7,268.190,3.14e-02, 15.9, 0.1,  1
1113, 60705,30102018,18102022 000012,  78, 23784.8,  6.815,119.428,0.700291,  0.5,299.891,2.35e-01, 17.5, 1.5, 76
1114, 60706,08072019,18102022 035431, 605, 24322.0, 16.143,  0.926,0.164213,359.5, 61.087,1.11e+01, 14.8, -  , - 
1115, 60707,11112020,17102022 225529, 589, 23746.3,  6.409, 44.972,0.707685,359.2,115.495,9.61e-02, 17.8,66.1, - 
1116, 60708,06102022,17102022 200215,   0, 23737.2, 66.170, 13.963,0.160848,359.9,257.952,5.80e+01, 17.9, 0.9, 97
1117, 60800,28032008,18102022 014332,   3, 23688.0,  8.520,180.582,0.710119,  0.8, 85.228,4.87e-02, 16.7, 0.3,  3
1118, 60801,08062013,17102022 200713,   2, 22156.2, 19.965,240.228,0.697259,  0.2,265.738,3.82e-02, 15.4, 0.4,  1
1119, 60802,29102016,17102022 170339,2080, 23065.6, 63.238,328.118,0.708053,359.9,277.072,7.70e-02, 16.9, 3.6,863
1120, 60803,24082019,18102022 034908, 198, 23913.6, 13.000, 49.764,0.332775,359.6,328.719,1.34e+00, 16.7,53.6, - 
1121, 60804,09102020,18102022 015757, 724, 23767.7, 21.103, 32.189,0.709822,359.7,338.380,3.07e-01, 17.2, -  , - 
1122, 60805,28032022,18102022 010020, 200, 23823.1, 12.336, 53.445,0.484902,359.6,315.651,1.53e+00, 18.1,91.8, - 
1123, 60900,20082007,17102022 213102,   1, 23712.1,  7.321, 38.038,0.706494,359.2,108.783,1.49e-01, 15.0, 0.1,  4
1124, 60901,15122012,17102022 210832,  97, 22044.6, 18.554,255.424,0.691803,  0.1,195.266,6.59e-02, 16.4,59.4,253
1125, 60902,02112019,18102022 062147,1029, 23851.7,  8.519,250.574,0.704890,  0.3,353.862,4.49e-01, 18.3, -  , - 
1126, 60903,01022020,17102022 214929, 575, 23805.1, 11.149,  5.731,0.665826,359.4,221.424,5.99e-01, 18.0,34.3, - 
1127, 61000,01112012,17102022 193804,   1, 23762.4, 27.090,355.672,0.715534,359.7,171.646,7.15e-03, 11.9, 0.1,  1
1128, 61001,06072016,17102022 215619, 299, 23779.5,  6.940, 63.642,0.710486,359.5,233.180,4.18e-02, 17.9, -  , 87
1129, 61002,26082016,17102022 200446, 298, 23791.5,  7.723, 60.213,0.712944,359.5,329.473,6.23e-02, 17.5, -  ,205
1130, 61003,05052017,18102022 031126, 271, 23783.8, 11.002,139.458,0.711765,  0.5,255.930,4.09e-02, 16.6, -  ,667
1131, 61004,11042018,18102022 000130,1436, 23894.0,  5.546,314.416,0.705757,359.1,324.075,9.11e-02, 18.9, -  ,988
1132, 61005,26082019,17102022 163638, 265, 23867.6, 13.181, 54.296,0.469261,359.7,297.772,2.80e+00, 16.4, -  , - 
1133, 61100,21102012,18102022 012735,   1, 23600.5, 28.908,137.504,0.712503,  0.2,196.902,8.90e-03, 11.5, 0.1,  1
1134, 61101,23042012,18102022 080217, 860, 23876.8,  7.907,176.665,0.696265,  0.9,120.601,6.29e-01, 18.1, -  , - 
1135, 61102,29102019,18102022 041455, 281, 23845.9,  6.166,248.096,0.706341,  0.4,102.309,1.37e-01, 17.6,37.4, - 
1136, 61200,02112012,18102022 011908,   0, 23728.1, 28.391, 60.208,0.714221,359.9,248.991,8.58e-03, 11.8, 0.1,  1
1137, 61201,25102017,17102022 230755,   4, 23947.3,  6.461,148.107,0.700499,  0.9,347.750,4.74e-01, 18.3, 0.1, 20
1138, 61202,11112018,17102022 220534,1433, 23908.2,  9.468,122.257,0.690135,  0.4,254.474,7.65e-01, 19.0, -  , - 
1139, 61203,27062019,18102022 041043,1137, 23914.2, 12.915, 89.969,0.469887,360.0,266.243,6.69e+00, 16.6, -  , - 
1140, 61204,09072019,17102022 213438, 120, 23953.2, 12.433, 40.919,0.525457,359.6,337.056,1.93e+00, 17.5,15.9, - 
1141, 61300,10082016,17102022 215459, 295, 23667.0,  5.602,118.918,0.711197,  0.6,227.252,5.95e-02, 17.5, -  ,302
1142, 61301,17012018,17102022 233029, 296, 23976.2,  5.951,300.534,0.708232,359.4,334.633,1.45e-02, 18.7,14.1, 98
1143, 61302,18022018,18102022 001751,1045, 23912.7,  7.975,210.850,0.709384,  0.8, 27.268,3.73e-01, 18.1, -  , - 
1144, 61303,18062019,17102022 191506, 652, 23933.4, 12.824, 60.773,0.430366,359.7,283.518,1.23e+00, 16.3,73.6, - 
1145, 61304,11082019,17102022 232419,   2, 23723.9, 25.850,205.036,0.721397,  0.3,223.064,3.60e-03, 17.3, 0.1,  1
1146, 61306,26032020,18102022 040817,  44, 19394.0, 26.059,244.861,0.660966,  0.1,188.981,8.23e-03, 16.4, -  ,  5
1147, 61400,08092007,17102022 203956, 535, 23688.1,  7.142,303.628,0.712288,359.5,293.702,4.06e-02, 16.6, -  ,371
1148, 61401,12082019,18102022 044324,1137, 23967.2, 12.582, 68.688,0.448817,359.8,269.743,2.50e+00, 17.8, -  , - 
1149, 61402,11082015,18102022 012948,  64, 23939.2, 21.216, 58.182,0.712000,359.8,284.442,3.46e-02, 16.7, 3.1, 33
1150, 61403,23092022,18102022 004215,  10, 24009.8,  7.029,138.090,0.702855,  0.8,  3.991,5.59e-01, 18.5, 0.1,  8
1151, 61500,21122009,18102022 010251,  57, 23507.6,  8.057, 29.808,0.708910,359.2, 28.304,8.22e-02, 16.9,40.3, 70
1152, 61501,24042009,18102022 000829,   1, 21948.2, 20.401,209.384,0.695057,  0.3,308.730,2.08e-02, 17.8, 0.4,  1
1153, 61502,02112018,18102022 001350,1409, 23948.4,  7.713,174.110,0.711134,  0.9,258.798,4.52e-02, 18.1, -  , - 
1154, 61503,30072019,17102022 172742,   6, 23987.2, 12.498, 58.884,0.504197,359.7,300.916,1.10e-01, 16.6, 0.1, 24
1155, 61505,15022005,18102022 035736,   1, 24000.9, 17.618,124.889,0.715551,  0.2, 64.464,8.54e-03, 18.0, 0.1,  1
1156, 61506,22032021,18102022 004832,  48, 23966.9,  6.328,333.389,0.708841,359.0,260.341,3.14e-02, 18.6, 0.3,  2
1157, 61507,01042022,17102022 212152, 145, 24002.3,  6.237,237.268,0.689027,  0.6,204.329,5.77e-01, 18.6, 3.5,158
1158, 61600,07022013,18102022 025524,   0, 24042.6, 28.560,165.463,0.711295,  0.3,121.993,9.58e-03, 12.2, 0.1,  1
1159, 61601,19082009,18102022 052532,  44, 23906.9,  3.485,126.745,0.714702,  1.3,277.612,2.08e-02, 16.4, 3.5, 22
1160, 61602,01032014,18102022 060620,   6, 24046.8, 68.843,159.328,0.321431,  0.1,344.320,1.66e+00, 15.6, 0.5,131
1161, 61603,12122017,18102022 020039, 449, 23975.1,  5.876, 24.612,0.708010,358.9,170.143,5.77e-02, 17.7,55.8, 38
1162, 61604,21012018,17102022 205206, 350, 24030.2,  9.016,319.649,0.701306,359.4,327.903,3.89e-01, 17.7,62.6, - 
1163, 61605,06072019,17102022 205319, 130, 24014.4, 12.576, 95.587,0.430007,  0.0,241.947,9.12e-01, 17.5, 3.1,705
1164, 61606,28082019,17102022 153737,1114, 24015.7, 12.212, 82.427,0.450009,359.9,265.418,3.10e+00, 17.6, -  , - 
1165, 61607,03012020,18102022 021844, 964, 24062.4,  7.626,355.625,0.685707,359.1,334.949,8.13e-01, 18.2,75.3, - 
1166, 61608,08042022,18102022 055108, 168, 24012.8,  4.492,252.193,0.692535,  0.5,182.295,5.29e-01, 19.5, 3.2, 98
1167, 61700,20052009,17102022 220118,   4, 23970.3,  6.883,228.971,0.706444,  0.7,243.018,1.32e-01, 14.9, 0.1, 16
1168, 61701,12072016,18102022 001047, 413, 23944.7,  7.290,107.539,0.707420,  0.3,236.108,7.45e-02, 17.6, -  ,308
1169, 61702,24032017,18102022 025745, 288, 24098.4,  8.780,298.285,0.685055,359.6, 14.592,7.49e-01, 17.7,33.5, - 
1170, 61703,30012018,18102022 001422,   6, 24034.4, 62.057,170.019,0.690844,  0.1,268.977,7.76e-02, 16.3, 0.1,  3
1171, 61704,06082019,17102022 171041, 155, 24038.1, 15.188, 51.235,0.380482,359.7,275.618,5.22e+00, 16.7, -  , - 
1172, 61705,26082019,18102022 021112, 224, 24124.0, 12.538, 57.755,0.376075,359.7,248.515,2.87e+00, 17.3, -  , - 
1173, 61707,02112019,17102022 225952, 273, 23996.5, 13.044, 52.508,0.458941,359.7,292.979,3.13e+00, 13.2,28.7, - 
1174, 61708,21122019,17102022 230120, 117, 23972.3, 12.404, 49.814,0.512719,359.6,319.583,8.81e-01, 16.2,20.1, - 
1175, 61800,24122009,18102022 042020, 291, 23930.2,  4.257,105.664,0.712838,  0.4,162.145,8.43e-02, 16.3, -  ,326
1176, 61801,20042007,18102022 000346,   2, 24022.4,  7.673,208.919,0.708866,  0.8,190.874,1.36e-01, 16.1, 0.1, 13
1177, 61802,08012019,18102022 014934,1357, 23991.8,  3.111,128.057,0.694359,  1.4,240.972,7.21e-01, 18.5, -  , - 
1178, 61803,02072019,18102022 035841,1085, 24089.1, 12.861, 83.159,0.487048,359.9,271.164,1.68e+00, 16.6,99.8, - 
1179, 61804,27102019,17102022 223848, 227, 23962.6, 11.987,112.483,0.351656,  0.2,216.302,8.28e+00, 17.0,22.3, - 
1180, 61805,13092020,17102022 202728, 748, 24117.4, 23.955,119.797,0.677316,  0.2,148.717,4.73e+00, 17.2, -  , - 
1181, 61900,24032010,17102022 195436,   2, 24051.9,  9.605,237.558,0.710237,  0.4, 99.238,1.25e-01, 15.9, 0.2, 13
1182, 61901,09072018,18102022 071218, 439, 24057.5,  8.083,111.156,0.698129,  0.3, 83.650,5.95e-01, 17.4,51.4, - 
1183, 61903,30012022,17102022 203538, 135, 24153.6, 13.712, 61.467,0.442525,359.7,283.938,3.98e+00, 17.5,60.6, - 
1184, 62000,10122015,18102022 052300,2488, 23836.7, 18.548,273.420,0.663226,360.0,189.708,3.57e+00, 16.2, -  , - 
1185, 62001,20022017,17102022 202813,   3, 24224.8,  9.169, 71.560,0.366002,359.7,123.960,2.83e+01, 17.7, 0.6,133
1186, 62003,03112018,17102022 204549, 290, 24101.2, 20.477, 98.367,0.709576,  0.0,229.723,1.04e-01, 16.8,28.3,604
1187, 62004,17022021,18102022 012201, 488, 24072.2,  8.082, 63.719,0.700510,359.6,172.837,3.79e-01, 18.5,37.6,265
1188, 62005,14032021,18102022 011841, 577, 24279.8, 22.100, 23.547,0.125432,359.7,133.940,1.85e+01, 18.7, -  , - 
1189, 62006,28012022,17102022 200543,  25, 24027.0, 12.805, 83.722,0.488051,359.9,270.477,1.64e+00, 17.5, 2.4,292
1190, 62007,29062022,17102022 205910, 106, 24414.8,  5.118,  3.470,0.207766,358.6, 35.887,2.34e+01, 17.6,56.1, - 
1191, 62101,07092011,17102022 215933,   3, 23915.1,  7.745,109.651,0.712244,  0.3,226.973,6.96e-02, 17.0, 0.7,  4
1192, 62102,29102012,18102022 092239,   3, 24123.9, 22.451, 89.481,0.707355,360.0, 99.599,3.56e-02, 15.6, 0.1,  5
1193, 62103,03042017,18102022 061925,1291, 24629.1, 21.602,  3.931,0.721966,359.7,292.363,1.94e-02, 19.5, 7.4,420
1194, 62104,23062019,18102022 044900, 340, 24221.2, 14.301, 59.957,0.441528,359.7,260.857,4.44e+00, 15.7, -  , - 
1195, 62106,06012014,18102022 060721,  75, 24134.0, 23.394,129.363,0.714861,  0.2, 77.204,3.18e-02, 18.1, 4.7,151
1196, 62107,29032017,17102022 230729,  85, 24209.2,  7.843,259.194,0.709889,  0.2, 94.142,1.39e-02, 17.9, 2.7, 24
1197, 62200,13092009,17102022 144649,   2, 23981.5,  6.016,102.107,0.718894,  0.2,260.732,9.44e-03, 14.0, 0.1,  1
1198, 62201,21082009,18102022 050111,   1, 24139.3,  3.462,170.446,0.713203,  2.1, 34.521,1.69e-01, 14.6, 0.1, 11
1199, 62205,01082016,18102022 010010,1940, 24146.1, 66.872,305.835,0.625027,359.9,237.928,2.37e+00, 16.4, -  , - 
1200, 62206,16112017,18102022 001715,1754, 24049.5, 25.921, 51.942,0.679066,359.8,234.394,3.77e+00, 17.9, -  , - 
1201, 62207,01042019,17102022 221547,   2, 23858.6,  1.821,205.444,0.702042,  3.5,233.275,4.64e-01, 14.9, 0.2, 40
1202, 62208,26082019,17102022 215846,1107, 24181.8, 13.143,115.137,0.431272,  0.2,212.764,4.99e+00, 17.7, -  , - 
1203, 62209,02042021,18102022 051730, 554, 24030.3,  8.785,271.362,0.593930,360.0,226.772,1.48e+01, 18.8, -  , - 
1204, 62300,14012013,18102022 001701,   5, 23924.7, 20.588, 50.987,0.714945,359.8,316.728,6.61e-02, 16.8, 0.8,  7
1205, 62301,08102015,17102022 162612, 928, 24161.6, 21.940,167.595,0.700454,  0.3,330.755,1.40e+00, 16.7, -  , - 
1206, 62302,03032017,18102022 032835, 440, 23644.9, 19.205,314.428,0.716313,359.7, 77.514,1.78e-02, 17.8, -  ,103
1207, 62303,20012018,17102022 222710, 997, 24014.4,  9.242, 41.958,0.713506,359.4,155.688,6.65e-01, 17.2,82.9, - 
1208, 62304,18092018,17102022 190002,   3, 24096.4, 20.932, 77.748,0.713397,359.9,253.031,4.78e-02, 17.8, 0.1,  5
1209, 62305,20102019,17102022 151036, 995, 24187.3, 11.035, 76.523,0.474107,359.8,261.352,5.25e+00, 13.8, -  , - 
1210, 62307,21022021,17102022 200118, 508, 24162.7,  7.427,  2.699,0.708955,359.0,251.107,2.47e-01, 18.4,80.2, - 
1211, 62401,01072009,18102022 052259,   9, 24255.4,  6.759,217.491,0.712376,  0.8,306.921,5.20e-02, 14.6, 0.2, 24
1212, 62402,02082014,18102022 040552,   4, 24100.2,  6.186,129.706,0.718018,  0.7,104.862,3.12e-02, 16.7, 1.2,  2
1213, 62403,29102016,18102022 004008, 298, 24182.5,  1.516,171.006,0.708394,  4.7,121.317,5.30e-01, 18.1, -  , - 
1214, 62404,19092018,18102022 024336,   1, 24329.7,  8.132,273.484,0.712678,360.0, 62.300,8.56e-02, 17.2, 0.1,  2
1215, 62407,27082022,17102022 225206,  47, 24198.8,  6.981,282.353,0.708354,359.8,258.763,5.35e-01, 18.5, 9.3, - 
1216, 62500,06102012,18102022 062036,   8, 24090.9, 28.722,172.474,0.718036,  0.3, 91.486,4.81e-02, 16.4, 3.3,  6
1217, 62501,31012017,17102022 221321,   6, 24142.1, 20.711,185.682,0.720163,  0.4,192.376,7.78e-03, 11.2, 1.6,  1
1218, 62502,22052018,18102022 044128,   2, 24158.8,  7.442,121.476,0.715137,  0.5,206.090,2.89e-02, 14.5, 0.1,  1
1219, 62503,16092018,18102022 022136, 619, 24221.2, 62.658,197.329,0.666366,  0.1,247.640,6.17e-02, 18.2, 1.3,108
1220, 62504,01022009,17102022 185522,  17, 24181.8, 25.262,297.904,0.720342,359.9,221.844,2.20e-03, 19.0, 0.2,  1
1221, 62506,14062019,17102022 200440, 225, 24243.3, 12.377, 68.847,0.504288,359.8,281.556,6.52e-02, 17.6, 2.3,541
1222, 62507,25082019,17102022 171159, 682, 24176.4, 12.707,120.589,0.421927,  0.3,202.381,1.91e+00, 16.3, -  , - 
1223, 62508,01122021,17102022 232034, 270, 24220.8,  8.238,145.523,0.707144,  0.7,191.690,7.57e-02, 17.2, 5.7,419
1224, 62600,23122009,17102022 210853,   9, 24029.5,  2.019,102.818,0.722386,  0.8,157.647,2.65e-03, 16.8,16.3,  1
1225, 62601,23122009,18102022 040543, 127, 24216.0,  7.430,315.357,0.716148,359.3, 35.864,3.79e-02, 16.9,13.3, 34
1226, 62602,29012016,17102022 200144, 434, 24241.6, 25.476,205.807,0.686581,  0.3,268.385,1.90e+00, 16.5,38.5, - 
1227, 62603,22082017,17102022 200054,   5, 24218.4,  3.835,325.732,0.714261,358.5,199.189,4.03e-02, 17.0, 0.1,  3
1228, 62605,26032020,17102022 234040, 934, 24258.5,  8.319, 43.319,0.687541,359.4,221.535,6.46e-01, 18.0, -  , - 
1229, 62606,28042020,18102022 044625, 316, 24224.4, 26.808,106.529,0.718674,  0.1,248.428,2.85e-03, 19.1,19.9, 17
1230, 62607,18122020,18102022 020628, 663, 23411.0, 24.428,353.691,0.713573,359.7,112.176,3.21e-02, 17.8, 0.3, 23
1231, 62608,01012007,18102022 002015,   2, 24319.3,  8.283,121.200,0.719730,  0.4,356.008,7.02e-03, 18.0, 0.1,  1
1232, 62609,05022009,17102022 225406,   1, 24325.6,  9.498,294.954,0.712326,359.7,  1.656,1.13e-01, 12.9, 0.1,  7
1233, 62700,26112009,17102022 210833, 219, 24262.8,  9.367,194.407,0.706934,  0.7,170.875,1.61e-01, 14.8, 4.6,549
1234, 62701,30032009,18102022 031127,  92, 24172.1,  6.702,269.921,0.716026,  0.0,142.366,2.56e-02, 18.3, 6.8,  8
1235, 62702,25072015,18102022 055316,  57, 24267.4,  1.586,162.289,0.717559,  4.4,302.255,1.18e-01, 17.6,53.1,322
1236, 62704,09042016,17102022 180044,1702, 24300.1,  9.412,306.268,0.705620,359.6,199.916,4.79e-02, 16.8, -  , - 
1237, 62705,26052017,18102022 043506,   9, 24267.0,  4.289, 46.469,0.716419,358.8,104.027,2.93e-02, 17.4, 0.2, 12
1238, 62707,20052018,17102022 235544, 258, 24331.6, 64.574,184.502,0.704694,  0.1,  5.885,1.16e+00, 15.8,33.4, - 
1239, 62709,21102019,18102022 030028,   5, 24340.8,  6.481,258.585,0.707849,  0.2, 38.286,2.45e-01, 17.5, 0.1,  5
1240, 62800,09052012,17102022 194206,   3, 24136.9,  6.605,156.727,0.717385,  1.0,297.232,3.47e-02, 12.4, 0.1,  9
1241, 62801,03112008,18102022 051528,  67, 24307.4,  7.122,254.329,0.691329,  0.3,172.557,2.21e-01, 14.1, 0.9,202
1242, 62802,03032011,17102022 194748,   1, 24226.0,  2.401, 69.173,0.720165,358.8,198.875,5.86e-03, 15.3, 0.2,  1
1243, 62803,14092016,17102022 141454,   1, 24295.4,  7.118,315.394,0.706486,359.3,282.572,1.44e-01, 16.4, 0.1,  2
1244, 62804,06052013,17102022 195613,1140, 23690.8,  4.015,322.536,0.710431,358.6,  0.359,1.45e-01, 17.9, -  , - 
1245, 62805,26102016,17102022 221642, 582, 24058.5, 23.365,155.718,0.717711,  0.3,262.147,1.64e+00, 16.1, -  , - 
1246, 62806,08012007,18102022 081726, 218, 24361.6,  7.854,292.131,0.711142,359.7, 33.346,1.84e-01, 15.9,12.8,837
1247, 62807,16082018,17102022 183835,  77, 24305.5,  2.304, 93.146,0.718198,  0.1,264.430,8.50e-03, 18.2, 2.1, 11
1248, 62808,31072019,18102022 032829,   2, 24305.2, 13.255, 65.101,0.475944,359.8,266.221,1.11e+00, 16.3, 0.1,  8
1249, 62809,19022020,17102022 235452,   1, 22536.0,  5.610,244.494,0.705567,  0.6,298.937,4.47e-02, 12.1, 0.5,  1
1250, 62811,22092020,17102022 201339,  86, 24329.9, 20.306, 51.383,0.723579,359.8,325.101,1.38e-02, 18.6, -  ,  7
1251, 62812,01042022,18102022 041416, 139, 24329.5,  6.752,254.053,0.683078,  0.3,168.600,2.46e-01, 18.4, 1.1,112
1252, 62900,09032008,17102022 194750,   2, 24341.8,  7.920,252.750,0.714300,  0.3,300.787,1.44e-01, 15.6, 0.1, 14
1253, 62901,22122009,18102022 080701,   0, 24299.3,  1.943, 95.059,0.720476,  0.3, 76.030,6.48e-03, 16.3, 0.1,  1
1254, 62902,20122009,17102022 150801,   0, 24208.3,  1.314,189.526,0.708495,  5.3,245.489,2.39e-01, 15.6, 0.1,  6
1255, 62903,11122012,17102022 203210,   1, 24322.6, 20.416,119.411,0.713835,  0.2,187.317,3.50e-02, 16.2, 0.1,  2
1256, 62906,06112016,17102022 204603,2125, 24312.7,  5.337,  8.162,0.681627,358.7,193.603,7.81e-01, 18.0, -  , - 
1257, 62907,23122016,17102022 161728, 421, 24405.8,  8.322,241.624,0.710824,  0.4,  5.730,2.18e-01, 16.6,55.7, - 
1258, 62908,17042017,17102022 140719, 593, 24354.2,  5.075,167.104,0.705068,  1.4,278.827,5.85e-02, 17.0,14.2,542
1259, 62909,18092008,18102022 013731, 152, 24324.1,  7.310,248.935,0.713107,  0.4,122.330,1.59e-01, 17.9,16.5,620
1260, 62910,10082015,18102022 024051, 367, 24294.6, 19.803,149.035,0.711332,  0.3,142.689,1.49e-02, 16.7,23.3, 73
1261, 63000,23042012,17102022 212303,   2, 24347.9, 25.175,277.823,0.718307,360.0, 90.497,6.92e-03, 12.3, 0.1,  1
1262, 63001,29082012,18102022 003801,   1, 24038.1, 20.753,349.419,0.715728,359.7,337.539,6.75e-02, 15.6, 0.1,  4
1263, 63002,27042017,17102022 231714,  20, 24300.5,  4.006,351.763,0.713865,358.2,126.101,1.26e-01, 17.0, 0.5, 42
1264, 63003,20012018,18102022 101637,   1, 42166.2,  3.233,321.753,0.000227,358.3,256.758,1.00e-02, 12.4, 0.1,  1
1265, 63004,05122018,17102022 224446, 311, 24354.4, 19.948,144.062,0.713798,  0.3,143.460,1.90e-01, 17.8,78.8, - 
1266, 63005,26082019,17102022 142743,1143, 24416.5, 13.470, 58.836,0.500539,359.7,279.080,1.02e-02, 17.5, -  , - 
1267, 63006,29092019,17102022 211830,1080, 24366.5, 12.500, 85.169,0.489995,359.9,258.596,7.57e-01, 17.9, -  , - 
1268, 63007,23102019,18102022 035319,1079, 24343.9, 13.572, 65.929,0.425016,359.8,236.102,6.83e+00, 17.2, -  , - 
1269, 63008,22102019,18102022 002611,1087, 24341.3, 13.056, 77.098,0.429124,359.9,231.285,1.04e+00, 17.9, -  , - 
1270, 63009,22112019,18102022 013007,1008, 24342.7, 11.412, 94.959,0.431573,  0.0,225.339,5.84e+00, 16.9, -  , - 
1271, 63010,24042020,17102022 205920, 889, 24377.6, 64.774, 93.854,0.621070,  0.0,197.018,9.85e+00, 17.0, -  , - 
1272, 63011,07012022,18102022 005610, 230, 24463.9, 22.991,351.919,0.664804,359.7, 23.443,4.83e+00, 16.7,30.5, - 
1273, 63101,20112012,18102022 030352,   1, 24435.9, 20.652,141.541,0.705329,  0.3, 49.983,2.09e-02, 17.5, 0.1,  1
1274, 63102,10012013,18102022 040230,   4, 24388.2, 21.757,309.477,0.680713,359.8, 90.995,3.93e-02, 16.4, 0.1,  6
1275, 63103,04112013,17102022 210317,  39, 24322.9, 64.127,319.939,0.628336,359.9,224.713,5.95e+01, 17.2,54.8, - 
1276, 63106,21012017,17102022 061744,   1, 42165.7,  2.032,323.474,0.000232,357.3,254.502,1.00e-02, 12.9, 0.1,  4
1277, 63107,06102018,18102022 021614,   5, 24385.2,  6.837, 31.667,0.701550,359.1,255.394,5.88e-01, 17.0, 0.1, 20
1278, 63108,02072019,17102022 183021,  91, 24309.3, 13.150, 36.054,0.512317,359.5,323.893,1.33e+00, 16.8, 8.3, - 
1279, 63109,06072019,18102022 064106, 646, 24597.0, 14.608,348.607,0.458528,359.5, 61.155,5.01e+00, 15.6, -  , - 
1280, 63110,26072019,17102022 185438,   0, 24375.2,  6.274, 87.004,0.715852,359.9,156.894,6.83e-02, 17.4, 0.1,  4
1281, 63112,11022022,18102022 073101,  62, 24418.6, 67.770,338.981,0.624348,359.9, 31.550,2.19e+00, 16.6, 1.4,269
1282, 63113,27052022,17102022 181854,  72, 24392.6, 20.631,224.931,0.694374,  0.3,249.082,1.66e-01, 16.8, 0.7,108
1283, 63200,07062011,17102022 173900,   2, 24366.8, 28.602,116.619,0.719377,  0.1,232.601,4.66e-03, 12.7, 0.1,  1
1284, 63201,11062012,17102022 223356, 472, 22915.3, 62.385,302.190,0.706913,359.9,274.084,6.77e-02, 15.0, 2.0,317
1285, 63202,25112016,18102022 001723,   2, 24396.7,  6.211,122.209,0.723777,  0.6,314.073,7.18e-03, 16.9, 0.1,  2
1286, 63203,04092017,17102022 191700,1028, 22421.5, 22.839,138.615,0.666745,  0.2,236.314,1.55e+00, 17.3,31.4, - 
1287, 63204,06032018,18102022 040256,   2, 24417.9, 62.471,165.023,0.693585,  0.1,269.537,1.17e-01, 16.7, 0.1,  5
1288, 63205,14062019,17102022 232712, 250, 24457.4, 11.655, 89.918,0.398646,360.0,241.958,7.92e+00, 18.3,71.5, - 
1289, 63207,10012020,18102022 010300, 595, 24515.3, 13.463, 66.754,0.419357,359.8,236.489,6.00e+00, 15.9, -  , - 
1290, 63208,27082020,17102022 200057, 726, 24377.2,  8.113,345.425,0.707896,359.1,126.407,4.51e-01, 18.5, -  , - 
1291, 63209,23122006,18102022 011121,   3, 24463.6,  8.822,317.603,0.713180,359.4,333.799,1.00e-02, 17.1, 0.1,  1
1292, 63210,01092022,18102022 065131,  29, 24455.0,  4.361, 52.642,0.706234,359.0, 78.232,6.63e-01, 18.1, 0.4, 32
1293, 63211,03092022,18102022 040001,   0, 24437.4,  7.730,121.508,0.716348,  0.5, 54.237,8.70e-02, 18.1, 0.1,  1
1294, 63301,10072019,17102022 212705, 609, 24410.6, 12.089,108.409,0.444276,  0.2,212.552,3.61e+00, 15.3,60.8, - 
1295, 63400,23092008,18102022 061534,   0, 24454.7,  3.851,211.988,0.721935,  1.6,358.889,7.11e-03, 16.9, 0.1,  1
1296, 63403,21012018,17102022 194752,   4, 24533.2,  5.165,169.701,0.715349,  1.4, 38.167,7.64e-01, 16.9, 1.1, 52
1297, 63404,11022009,17102022 181848, 891, 24508.5,  8.678,331.380,0.712957,359.3,311.067,9.93e-03, 17.9, -  ,796
1298, 63405,03072019,17102022 212437, 195, 24540.3, 13.536, 55.978,0.490908,359.7,283.162,3.44e+00, 16.1,39.9, - 
1299, 63406,18072019,17102022 223447,1170, 24302.4, 20.665,148.526,0.718637,  0.3,115.031,2.47e-01, 16.0,41.2, - 
1300, 63407,22102019,18102022 095803, 263, 24480.6,  5.925,260.321,0.712970,  0.2, 53.783,2.73e-01, 17.4,41.3,621
1301, 63408,22012020,18102022 020902, 992, 24503.2, 14.312, 66.371,0.439325,359.8,280.281,9.57e+00, 18.4, -  , - 
1302, 63409,27012020,18102022 010020, 444, 23534.8, 66.124, 11.009,0.680144,359.9,344.027,6.15e-01, 16.3,41.1, - 
1303, 63410,01042022,18102022 011234, 147, 24537.2,  6.573,101.915,0.720899,  0.2,345.874,1.78e-02, 18.6, 9.5, 15
1304, 63411,02062022,17102022 192203,  82, 24461.5,  6.994,289.192,0.707681,359.7,168.478,3.60e-01, 17.7, 3.1,305
1305, 63500,28082008,18102022 081833, 548, 24620.3,  7.283,105.991,0.708718,  0.3, 53.222,1.06e-02, 17.3,12.3, - 
1306, 63501,16032013,17102022 223703,   1, 24568.5, 20.423,210.155,0.710829,  0.3, 17.972,4.89e-02, 16.8, 0.1,  2
1307, 63503,14102013,17102022 190316,   2, 24408.8, 21.190,159.278,0.719484,  0.3, 69.057,1.54e-01, 17.0, 0.2, 16
1308, 63504,10072018,17102022 195910,1511, 24491.8, 21.413, 39.935,0.615024,359.7,295.929,4.82e+00, 16.0, -  , - 
1309, 63506,22102017,17102022 220811, 624, 24439.2, 20.225,121.280,0.716925,  0.2,188.208,4.19e-02, 18.2, -  , - 
1310, 63507,02112019,18102022 034631, 824, 24498.0,  7.253,210.133,0.716136,  0.9, 93.917,9.85e-02, 18.3, -  , - 
1311, 63508,05112019,18102022 020656, 758, 24636.9, 12.757, 79.809,0.350262,359.9,224.887,9.34e+00, 15.4, -  , - 
1312, 63510,01022009,18102022 010931,   1, 24516.0,  9.166, 42.910,0.710602,359.4,156.973,1.38e-01, 17.2, 0.1,  7
1313, 63600,11092010,17102022 230242, 320, 24384.1,  5.934, 49.420,0.712733,359.2,300.580,1.66e-01, 16.7,51.3, - 
1314, 63601,22122009,18102022 023236,   3, 24447.1,  9.021,112.422,0.716942,  0.3, 90.572,1.15e-01, 14.7, 0.5, 18
1315, 63602,10032015,18102022 041643, 128, 24514.0, 62.534, 72.859,0.718878,360.0,264.463,1.52e-01, 14.0,87.3,506
1316, 63603,05042016,18102022 005124, 735, 24509.4,  6.298,229.372,0.710755,  0.7,230.162,1.41e-01, 17.0,87.0,243
1317, 63604,25032010,17102022 160127,   2, 24359.8,  2.208,108.930,0.720447,  1.1,231.160,3.02e-02, 18.1, 0.3,  2
1318, 63605,25082017,18102022 022226,  41, 24524.5, 61.671,185.013,0.636034,  0.1,203.977,7.47e+00, 16.2, 6.3, - 
1319, 63606,22102017,18102022 013142, 497, 24515.6,  9.143, 43.335,0.710649,359.4,156.136,1.26e-01, 16.9,42.2,615
1320, 63700,13032013,17102022 200401,   0, 24519.5,  5.266,267.689,0.707666,  0.1,258.448,1.41e-01, 13.4, 0.1,  4
1321, 63701,08082015,18102022 040916,   1, 24585.2,  8.484, 19.215,0.713542,359.2,216.266,1.57e-02, 17.7, 0.1,  1
1322, 63702,30082011,17102022 181214,   2, 24442.2, 19.586,112.682,0.716842,  0.1,226.259,6.56e-02, 16.1, 0.1,  3
1323, 63703,01042012,17102022 204009,   3, 24323.3,  6.063,264.710,0.719125,  0.1,202.022,3.11e-02, 16.4, 0.1,  3
1324, 63704,09082015,17102022 211328,   5, 24500.9,  5.813,345.848,0.720533,358.8,145.792,7.52e-03, 16.8, 0.1,  1
1325, 63705,09122015,17102022 223428,   1, 24547.1, 63.270,216.576,0.695859,  0.1,269.887,3.85e-02, 16.4, 0.1,  1
1326, 63706,25022016,18102022 030242, 232, 24565.4,  7.323,315.661,0.688749,359.3, 15.467,8.56e-01, 16.7,10.3, - 
1327, 63708,17122018,17102022 193459,   0, 24388.9,  4.215,351.311,0.725666,358.3,239.619,8.77e-03, 16.8, 0.1,  1
1328, 63709,30092019,18102022 032151, 731, 24666.6, 12.789,145.577,0.392687,  0.5,160.994,2.65e+00, 17.4, -  , - 
1329, 63710,18032021,18102022 024430, 344, 24540.0,  8.207,359.317,0.712521,359.1,262.010,4.73e-02, 19.0, 8.2, 93
1330, 63711,31032017,18102022 005409, 339, 24532.6, 20.068,145.511,0.717716,  0.3,140.590,8.29e-03, 17.4,17.7,  5
1331, 63712,02052022,18102022 021932, 103, 24635.2, 14.129, 28.970,0.472653,359.5,298.981,9.85e+00, 15.8,45.7, - 
1332, 63713,19082022,17102022 140541,   0, 24546.5,  3.883,295.018,0.707750,359.3,256.305,6.54e-02, 18.0, 0.1,  1
1333, 63800,02082011,17102022 151437,   1, 24575.8, 20.477,102.349,0.720902,  0.1,221.161,6.64e-03, 13.6, 0.1,  1
1334, 63801,18022013,17102022 201947,  50, 24365.2, 20.634, 81.469,0.719516,359.9,257.015,1.64e-02, 17.3,13.1, 13
1335, 63802,07052016,18102022 041002,   2, 24520.0, 29.221,312.358,0.716294,359.8,226.290,4.42e-02, 17.6, 0.1,  2
1336, 63803,22012017,17102022 143649,   6, 24575.6, 62.213,220.075,0.678226,  0.1,253.687,1.02e-01, 15.9, 0.1,  2
1337, 63804,22022018,17102022 215706, 147, 24699.7, 17.579, 63.437,0.634565,359.8,330.003,3.83e+00, 15.9,22.8, - 
1338, 63805,05082015,18102022 062926,1167, 24558.0, 20.067,186.965,0.714520,  0.4, 63.047,1.03e-02, 16.3,73.9, 15
1339, 63806,18052020,17102022 174322, 878, 24619.4,  5.592,281.948,0.688897,359.8, 34.406,7.90e-01, 18.3, -  , - 
1340, 63807,22122006,17102022 214304,   1, 24559.0,  9.258,354.034,0.714111,359.2,256.405,1.07e-02, 18.6, 0.1,  3
1341, 63900,23042007,18102022 090131,   0, 24525.4,  3.676,143.591,0.709764,  1.6, 93.131,4.08e-01, 16.2, 0.1,  5
1342, 63901,10122006,18102022 064947,  80, 24683.9, 11.709, 43.592,0.708315,359.5, 27.835,1.90e-01, 15.1, 1.7,234
1343, 63902,07052013,18102022 002416,   1, 24697.0,  6.945,123.209,0.707872,  0.6, 16.892,2.71e-01, 16.2, 0.1, 21
1344, 63903,17042016,18102022 014353,  87, 24636.4,  9.530,131.616,0.707598,  0.5,325.033,2.07e-01, 16.4, 2.2,446
1345, 63904,21112016,18102022 092430,   0, 24587.1,  4.158,163.459,0.710616,  1.7, 56.615,2.21e-01, 15.0, 0.1,  4
1346, 63905,15052017,17102022 192527,   2, 24584.7, 19.597,135.634,0.712422,  0.3, 84.361,1.31e-02, 17.8, 0.1,  1
1347, 63906,23122017,18102022 062623, 664, 24499.9, 19.610,160.205,0.716341,  0.4,125.859,4.41e-02, 20.0, -  , - 
1348, 63907,19122019,18102022 013030,1003, 24642.3, 12.683, 39.618,0.477737,359.6,301.355,3.93e+00, 14.0, -  , - 
1349, 63908,22072015,17102022 204610, 996, 24612.3, 20.562,243.749,0.707474,  0.2,315.462,9.56e-02, 16.0,43.7,109
1350, 63909,23112020,17102022 165108, 662, 23891.9, 62.664,275.173,0.710153,360.0,277.124,9.11e-02, 17.3, 9.7, 65
1351, 63910,13092021,18102022 000213, 371, 24604.1, 20.023,161.484,0.704489,  0.3,122.784,1.01e-01, 18.2,45.3, - 
1352, 64000,14092006,17102022 173654,  17, 24592.1,  7.169,165.445,0.715948,  1.0,332.506,9.47e-02, 17.1, 0.2, 23
1353, 64001,13012007,17102022 223416,   1, 24631.9, 10.734,193.554,0.702952,  0.7,179.496,1.86e-01, 15.2, 0.1, 11
1354, 64002,15102009,17102022 150221,   3, 24600.5,  9.479,156.789,0.708627,  0.7,272.273,6.02e-02, 15.6, 0.1,  9
1355, 64003,15102012,18102022 035057,   1, 24626.1, 19.805,241.269,0.697704,  0.2,243.902,3.73e-02, 14.7, 0.1,  2
1356, 64004,24032017,17102022 213820,  50, 24682.5,  4.130, 68.769,0.702736,359.3,340.402,7.99e-02, 16.4, 0.5, 95
1357, 64005,13022018,18102022 010022, 445, 24577.2, 27.180, 68.878,0.726813,359.9,346.047,1.61e-02, 17.3, -  , 50
1358, 64006,05112018,17102022 194432, 271, 24598.2,  8.648,187.470,0.706254,  0.8,233.051,3.32e-01, 16.5,10.4, - 
1359, 64007,30072019,17102022 190507, 193, 24696.8, 12.508,124.971,0.442498,  0.3,191.093,3.75e+00, 17.0,46.4, - 
1360, 64008,02112019,18102022 034153, 255, 24606.8, 12.621, 88.962,0.454987,360.0,225.482,1.29e-01, 17.1, 3.9,931
1361, 64009,15072020,17102022 203815,  29, 24619.9,  1.445,191.904,0.720445,  4.8,248.179,1.07e-02, 18.0, 0.2,  6
1362, 64010,10032019,18102022 005440, 660, 24579.5, 25.720, 92.839,0.710511,  0.0,120.026,3.19e-03, 18.7, 1.0, 28
1363, 64011,25022022,17102022 212451, 146, 24576.7, 11.428, 68.903,0.463950,359.8,226.278,7.59e+00, 15.9,83.4, - 
1364, 64100,05012012,18102022 015758,  43, 24638.8,  5.079,135.219,0.712986,  1.0,104.186,5.21e-01, 14.9, 2.3,229
1365, 64101,20112012,17102022 201021,   1, 24698.9, 21.097,165.186,0.707946,  0.3,357.102,9.80e-02, 16.7, 0.1,  3
1366, 64102,13082015,18102022 014319,   2, 24621.1, 17.594,290.160,0.689399,359.9,197.684,1.69e+00, 17.0, 0.1, 12
1367, 64103,27042017,17102022 235851,  58, 24705.0,  3.891, 81.648,0.702658,359.7,319.429,7.93e-02, 18.2, 0.1,  9
1368, 64104,13092019,18102022 015149,1032, 24644.3, 12.211,121.077,0.434190,  0.3,181.755,2.24e-01, 15.3,16.2, - 
1369, 64105,22092019,17102022 163603, 229, 24584.2, 13.655, 64.932,0.474246,359.8,271.803,1.06e+00, 16.7,77.6, - 
1370, 64106,18102019,18102022 045229, 253, 24781.5, 12.637, 82.803,0.426403,359.9,226.191,5.58e+00, 16.9, -  , - 
1371, 64107,11122006,17102022 215838,  65, 24671.3,  8.025,148.304,0.708173,  0.8,316.520,3.96e-03, 15.6, 0.3, 49
1372, 64108,25092017,18102022 001451, 499, 24638.3, 20.041,125.214,0.720429,  0.2,186.055,1.18e-02, 19.3,51.8,154
1373, 64109,26032021,18102022 020237, 570, 24641.7, 12.510,100.840,0.486900,  0.1,227.820,2.08e-01, 14.2,35.5, - 
1374, 64110,29112006,18102022 082131,   1, 24630.0,  7.560,104.527,0.704898,  0.2, 55.064,7.52e-02, 17.3, 0.1,  9
1375, 64200,02022009,18102022 011710,   1, 24684.9,  7.313, 37.447,0.709024,359.2,115.354,4.12e-02, 16.0, 0.1,  1
1376, 64201,05062012,17102022 233022, 142, 21229.4, 62.748,315.571,0.690111,359.9,274.884,9.27e-03, 14.1, 1.2, 16
1377, 64202,01092011,18102022 032716,   1, 24698.7, 19.507,189.201,0.717730,  0.4, 74.020,3.54e-02, 16.3, 0.1,  1
1378, 64203,18022018,18102022 033138,1646, 24658.1,  7.221, 11.503,0.714173,359.0,241.496,7.94e-02, 18.9, -  , - 
1379, 64204,28102018,17102022 222603, 739, 24459.4, 25.886,162.904,0.722855,  0.3,229.480,5.77e-02, 18.8, -  ,662
1380, 64205,25012019,18102022 000732,1065, 24641.9, 69.314,168.324,0.557927,  0.1,227.730,2.69e+00, 16.7, -  , - 
1381, 64206,30072019,18102022 014936,1064, 24663.8, 11.194,127.397,0.409548,  0.4,175.881,2.24e+00, 17.1, -  , - 
1382, 64207,25092019,18102022 054015, 722, 24751.9, 10.737, 95.169,0.419023,  0.1,211.287,5.17e+00, 17.6, -  , - 
1383, 64208,03042017,18102022 080622,   2, 24637.9, 22.514,285.316,0.692023,359.9,110.527,1.10e-02, 17.8, 0.1,  1
1384, 64209,14022021,17102022 171723, 604, 24699.1, 12.255, 60.278,0.446143,359.7,265.771,2.51e+00, 16.0, -  , - 
1385, 64210,14112021,18102022 000335, 253, 24735.0,  7.532,285.093,0.696164,359.8, 65.569,7.21e-01, 17.6, 6.5,637
1386, 64211,09012008,18102022 043630,  15, 24719.5,  7.967,131.305,0.707223,  0.6,352.841,1.27e-03, 18.6, 0.1,  2
1387, 64212,07042022,18102022 000649, 166, 24812.6,  1.458,  6.709,0.624495,355.1, 60.752,5.44e+00, 18.3,46.9, - 
1388, 64300,26092006,17102022 145538,   2, 24687.9, 62.112,257.793,0.708847,  0.0,266.706,2.50e-02, 15.8, 0.1,  1
1389, 64301,28082008,18102022 014822,   1, 24723.5,  7.321,  6.557,0.712833,359.0,173.547,2.11e-02, 16.7, 0.1,  1
1390, 64302,20032010,18102022 022708,   2, 24784.3,  9.420,301.501,0.698558,359.6, 12.044,3.30e-01, 14.3, 0.1, 12
1391, 64305,18032015,18102022 034443,   3, 24684.2, 20.784,294.930,0.678058,359.9,133.087,1.28e+00, 15.9, 0.2, 25
1392, 64306,10052017,18102022 050924, 110, 24679.7, 21.774,324.880,0.685705,359.7, 66.001,7.09e-02, 16.7, 1.0,219
1393, 64307,28112007,18102022 053358,  46, 24751.4,  8.156,116.306,0.708734,  0.4, 21.164,2.28e-03, 18.4, 0.1, 12
1394, 64308,29092018,18102022 012243,   2, 24718.0, 19.631,177.287,0.719452,  0.4, 90.350,8.43e-03, 18.4, 0.1,  1
1395, 64309,22092019,18102022 004358, 217, 24711.5, 12.783, 59.727,0.486004,359.7,280.036,7.80e+00, 15.4,66.8, - 
1396, 64310,02032022,18102022 041736, 201, 24825.8, 14.452, 13.522,0.508430,359.5,  4.575,5.06e+00, 17.4, -  , - 
1397, 64400,01092011,17102022 183329,   1, 24770.1, 19.923,208.113,0.715044,  0.3, 28.751,4.39e-02, 16.3, 0.1,  4
1398, 64401,11072017,17102022 203554,   1, 24730.2, 62.236,220.663,0.693432,  0.1,262.216,3.23e-02, 15.8, 0.1,  1
1399, 64402,19102017,18102022 010016,1818, 24715.5, 18.354,105.110,0.698678,  0.1,159.871,2.11e-01, 18.6, -  , - 
1400, 64403,28082019,17102022 233500,1081, 24813.2, 13.398, 24.138,0.540508,359.5,356.227,5.19e+00, 17.4, -  , - 
1401, 64404,23092019,17102022 220025, 691, 24670.0, 18.000, 63.958,0.430861,359.8,164.122,2.71e+00, 17.4, -  , - 
1402, 64405,18082020,17102022 202725, 783, 24726.9,  6.796,284.943,0.713205,359.7,122.404,6.27e-02, 17.9,78.3, 53
1403, 64406,14092020,18102022 070550, 642, 24680.5,  6.205, 27.282,0.716005,359.0,169.397,3.96e-01, 17.8, -  ,578
1404, 64407,11102020,18102022 035715, 704, 24727.9,  7.286,226.483,0.696329,  0.7,172.499,4.29e-01, 16.6,30.3,739
1405, 64501,21102013,17102022 184803,   1, 24739.6, 12.403, 39.309,0.695304,359.5,116.874,9.00e-02, 16.3, 0.1,  5
1406, 64502,24052014,17102022 185027,   1, 42166.2,  4.452,117.951,0.000463,  0.8, 42.933,1.67e-02, 10.9, 0.1,  1
1407, 64503,18012015,17102022 191855,   6, 24714.7, 20.696,237.253,0.701775,  0.2,230.306,1.80e-02, 17.1, 0.1,  3
1408, 64504,05082015,17102022 201118,2196, 21985.5, 62.872,218.614,0.678032,  0.1,278.638,1.64e-01, 13.9,15.9, - 
1409, 64505,02122016,17102022 191154, 154, 24674.4, 27.480,172.675,0.411325,  0.3, 77.414,1.55e+01, 16.5,30.1, - 
1410, 64506,16102017,18102022 060536,1736, 24722.0, 18.364,107.200,0.703422,  0.1,154.589,4.39e-01, 18.3, -  , - 
1411, 64507,07102018,17102022 234148,1433, 24328.7, 11.040,325.881,0.693132,359.5,  2.701,2.64e-01, 17.5, -  , - 
1412, 64508,22092019,18102022 022621,1055, 24793.4, 11.347,156.195,0.362860,  0.6,114.403,8.91e+00, 15.0, -  , - 
1413, 64509,04082015,18102022 015208,  13, 24803.7, 20.297,181.107,0.721982,  0.4, 66.132,1.32e-02, 17.7, 0.1,  2
1414, 64600,03082016,18102022 065222,   2, 24792.5, 18.435,171.249,0.648510,  0.4,101.789,3.08e+00, 16.4, 0.6,142
1415, 64602,16102017,17102022 192944,1818, 24765.5, 18.282,114.169,0.700429,  0.2,142.709,4.89e-01, 19.2, -  , - 
1416, 64603,31072019,18102022 050054, 707, 24772.3, 11.929,121.721,0.438432,  0.3,182.194,1.05e+00, 17.2,53.3, - 
1417, 64604,05082019,17102022 214729,1163, 24771.1, 14.185, 74.896,0.451552,359.9,230.849,2.29e+00, 17.8,13.3, - 
1418, 64605,02102019,17102022 213440, 963, 24781.9, 12.300, 87.739,0.496741,360.0,242.573,3.03e-01, 17.2, 7.8, - 
1419, 64606,19032021,18102022 072735, 534, 25134.7, 21.545,281.416,0.473558,359.9,147.021,1.20e+01, 17.3,77.8, - 
1420, 64700,22062007,17102022 230610,   1, 24789.5,  4.834,330.675,0.692190,358.7,168.872,5.70e-02, 16.2, 0.1,  2
1421, 64702,28082014,17102022 234548,  40, 24837.8,  3.802,119.980,0.674398,  1.0,222.994,1.07e+00, 17.4, 0.7, 67
1422, 64703,16102017,18102022 015606,1824, 24795.3, 18.296,123.191,0.701804,  0.2,125.611,7.06e-01, 18.7, -  , - 
1423, 64800,20062012,18102022 053247,   2, 24841.0, 62.322,139.768,0.701825,  0.1,266.245,3.57e-02, 13.2, 0.1,  1
1424, 64801,03092011,18102022 044755,   6, 24876.0, 20.083,199.834,0.720497,  0.3, 45.607,6.11e-02, 16.5, 0.1, 10
1425, 64802,17092012,17102022 231922,3675, 23388.8, 20.418, 63.009,0.703094,359.8,203.365,1.07e+00, 17.5, -  , - 
1426, 64803,24122009,17102022 170233, 476, 24839.0,  7.593,  0.827,0.695427,359.1,273.391,1.54e-01, 15.7, 5.2,430
1427, 64804,13032016,18102022 014338, 531, 24784.2,  7.930, 46.904,0.718465,359.4,135.854,3.10e-01, 17.0, -  ,935
1428, 64805,10082016,17102022 190024,   6, 24847.8,  4.074, 36.123,0.689801,358.5, 77.768,1.45e-01, 17.2, 0.1, 10
1429, 64806,23092017,17102022 221356,1097, 24879.3,  6.421,118.786,0.708750,  0.5,318.154,1.20e-01, 18.0,63.3, - 
1430, 64807,15102017,17102022 151852,   1, 42166.4,  2.347,350.845,0.000167,357.0,242.194,1.00e-02, 10.2, 0.1,  1
1431, 64808,07082015,18102022 094447,1331, 24828.8, 19.108,188.107,0.720085,  0.4, 85.735,1.19e-02, 17.3, -  , 88
1432, 64809,17022009,18102022 013925,   0, 24795.5,  9.999, 55.991,0.695205,359.6,133.525,1.21e-01, 15.9, 0.1,  4
1433, 64810,13022021,17102022 214428, 557, 24808.7,  4.827,327.322,0.706772,358.8,209.127,6.49e-01, 18.1,72.6, - 
1434, 64811,28042022,18102022 014640, 143, 24905.4, 17.900, 12.958,0.623476,359.6, 13.676,7.15e+00, 17.1,10.7, - 
1435, 64900,23122009,17102022 234304,   0, 24826.9,  7.711, 95.819,0.713606,  0.1,112.767,2.10e-01, 13.7, 0.1,  3
1436, 64901,06082007,18102022 023309,  34, 24834.9,  7.189,331.346,0.722878,359.1, 42.116,3.42e-02, 14.7, 0.4, 12
1437, 64903,20122009,17102022 145610, 855, 24891.4,  9.289,340.407,0.715298,359.3,314.488,1.17e-01, 17.0, -  , - 
1438, 64905,04122016,18102022 014056, 935, 24851.8,  5.233, 41.943,0.701009,358.9,293.604,3.91e-01, 14.9,29.9, - 
1439, 64906,15102017,18102022 043739,1746, 24867.7, 18.059,130.525,0.697562,  0.3,114.202,9.75e-01, 17.7, -  , - 
1440, 64907,07012019,17102022 220927,1375, 23057.1, 27.923,246.438,0.698007,  0.1,269.685,1.64e+00, 15.9, -  , - 
1441, 64908,25102019,18102022 044318,1083, 24793.1, 18.940,261.388,0.697266,  0.1,213.407,1.39e+00, 17.5, -  , - 
1442, 64909,04072022,18102022 061802,   9, 24840.2,  8.910, 75.576,0.696122,359.8,105.039,7.03e-01, 17.7, 0.1, 10
1443, 64910,30092022,17102022 224903,  14, 24897.0, 22.660,186.625,0.665675,  0.3,  4.822,3.98e+00, 16.8,17.1, - 
1444, 65000,30012014,17102022 211608,3176, 24931.7, 25.133,171.969,0.699514,  0.3,354.421,6.44e-01, 15.7, -  , - 
1445, 65001,10042018,17102022 214728,1054, 24845.8,  6.762,330.844,0.721105,359.1,261.694,8.92e-02, 18.0, -  , - 
1446, 65002,30072019,18102022 005116,1037, 24934.1, 11.668,104.899,0.464064,  0.2,216.387,4.57e+00, 16.7, -  , - 
1447, 65003,12012021,17102022 235538, 637, 24936.4, 10.597,125.047,0.686407,  0.4,336.543,4.43e-01, 17.5,12.1,576
1448, 65004,20032021,17102022 223809,   9, 24846.7,  6.441, 88.554,0.722873,360.0,184.682,4.70e-02, 17.4, 0.2,  6
1449, 65005,16052021,18102022 064413, 517, 24892.3, 20.753, 19.519,0.698848,359.7,115.068,1.24e+00, 17.6,46.8, - 
1450, 65100,23012015,17102022 171122,   9, 24883.7, 34.892,353.973,0.679967,359.8,250.781,1.74e+00, 16.0, 0.3, 75
1451, 65102,15102016,18102022 032111, 273, 24810.9, 25.050,115.144,0.717365,  0.1,132.928,1.71e+00, 17.5, -  , - 
1452, 65103,12082019,17102022 235027, 957, 24900.6, 11.993,110.824,0.449682,  0.2,193.848,1.47e-01, 14.4,12.4, - 
1453, 65104,19092019,18102022 015711, 413, 24872.1, 11.968,128.524,0.415680,  0.4,157.152,3.21e+00, 17.4, -  , - 
1454, 65105,24092019,17102022 154509,1060, 24754.9, 28.711,185.106,0.716473,  0.3,242.511,1.88e+00, 16.2,62.3, - 
1455, 65200,23032010,18102022 025648,   1, 24872.7,  6.686,100.161,0.720685,  0.2,145.124,1.37e-01, 13.9, 0.1,  5
1456, 65201,27032015,18102022 055719,2601, 24996.4, 34.568,265.088,0.688361,  0.0, 15.043,9.91e-01, 15.4, -  , - 
1457, 65203,25092019,17102022 154912, 110, 24937.7, 11.661,106.820,0.462688,  0.2,209.477,1.22e+00, 17.7,10.1, - 
1458, 65204,06072009,18102022 040433, 609, 25037.5, 35.212,259.048,0.689378,  0.0, 12.118,1.00e-02, 15.9,27.7,513
1459, 65205,13022021,17102022 225720, 265, 24914.0, 11.545,143.706,0.394140,  0.5,145.571,3.59e+00, 16.5,67.5, - 
1460, 65300,04122009,17102022 201127,   1, 24981.2,  9.269,251.222,0.680948,  0.3,118.220,1.08e-01, 16.3, 0.1,  8
1461, 65301,15102017,18102022 102117,1730, 24990.9, 18.211,142.133,0.697855,  0.3, 92.069,1.31e+00, 17.3, -  , - 
1462, 65302,16102017,18102022 022504,1787, 24944.9, 18.465,101.694,0.703928,  0.1,166.359,1.64e-02, 18.9,30.3,290
1463, 65303,16122017,17102022 192100,1716, 24891.3, 78.030,267.159,0.465360,  0.0,228.392,5.25e+01, 16.7, -  , - 
1464, 65304,20102019,17102022 170540, 721, 24842.1, 12.755,120.423,0.472041,  0.3,195.144,5.61e+00, 14.7, -  , - 
1465, 65305,16012020,18102022 020540, 973, 24964.1,  6.658,356.238,0.714245,358.9,255.877,3.90e-01, 17.2, -  , - 
1466, 65400,01072009,18102022 020409,   4, 24948.9,  7.195,241.031,0.721507,  0.5,187.069,2.12e-02, 15.4, 0.1,  1
1467, 65401,21122009,17102022 153257, 179, 24873.3,  6.853, 50.615,0.722290,359.3,265.311,3.20e-02, 15.8,14.8, 75
1468, 65403,16102017,17102022 221254,1822, 24972.5, 18.206,125.276,0.703919,  0.2,122.361,5.17e-01, 18.7, -  , - 
1469, 65404,04082015,18102022 075835, 192, 25047.8, 19.540,249.666,0.719327,  0.1,337.012,8.25e-02, 17.8,19.3,769
1470, 65500,25082015,18102022 034508,   1, 25042.2, 18.036,182.485,0.714046,  0.4, 37.496,7.28e-02, 15.6, 0.1,  4
1471, 65501,14042017,17102022 235446,   0, 25004.4, 62.988,354.788,0.705075,359.9,251.560,9.71e-03, 16.6, 0.1,  1
1472, 65502,20102017,18102022 015419,1822, 24993.9, 20.228,171.986,0.709211,  0.4, 27.502,3.85e+00, 19.3, -  , - 
1473, 65503,01082018,17102022 232125,1120, 24810.9, 67.862, 31.805,0.693209,359.9,336.561,4.19e-01, 17.0,95.9, - 
1474, 65504,19062019,17102022 164841, 167, 24991.9, 12.884, 68.369,0.512413,359.8,262.947,1.63e-01, 18.3, 1.5,333
1475, 65505,23092019,17102022 203323, 259, 24976.5, 12.592,113.253,0.485920,  0.2,205.544,1.31e+00, 17.2,19.3, - 
1476, 65506,26092019,18102022 032852, 863, 25061.2, 19.512,198.201,0.714602,  0.4,333.288,4.00e-01, 17.4, -  , - 
1477, 65507,02112019,17102022 224348,1077, 24929.1, 14.212, 77.043,0.461029,359.9,192.255,8.16e+00, 16.3,74.6, - 
1478, 65508,31012009,17102022 165344,   2, 24999.0,  6.856,227.796,0.709523,  0.7,226.054,7.37e-02, 17.1, 0.1,  8
1479, 65509,07112021,17102022 172920, 256, 24999.2, 12.125, 93.285,0.434425,  0.0,213.925,2.75e+00, 16.6,37.7, - 
1480, 65600,21012007,17102022 232947,   6, 24222.1,  5.819,244.005,0.714139,  0.5,230.393,7.74e-02, 17.4, 0.1,  6
1481, 65602,16012013,18102022 052750,2124, 25069.0, 17.425,150.234,0.650158,  0.4,138.657,3.21e+00, 16.3, -  , - 
1482, 65603,03062016,17102022 163324,  89, 25016.2, 25.750,225.674,0.654810,  0.2,222.470,1.93e+00, 18.0, 4.5, - 
1483, 65604,16102017,17102022 225748,1812, 25014.8, 18.152,118.335,0.702512,  0.2,135.937,9.26e-02, 19.0, -  , - 
1484, 65605,12012019,17102022 233550, 983, 25012.2, 26.423,232.867,0.729404,  0.2, 65.690,2.71e-02, 18.7, -  ,186
1485, 65606,12082019,18102022 011945,  11, 25013.6, 12.467, 97.938,0.458082,  0.1,206.191,7.37e-02, 17.3, 0.1,  8
1486, 65700,28032012,17102022 182244,   2, 24991.6, 63.359,220.048,0.698682,  0.1,270.981,1.09e-02, 12.4, 0.1,  1
1487, 65701,26022010,17102022 231407,   1, 25113.8,  6.040,189.294,0.694688,  1.2,331.437,1.10e-01, 15.2, 0.1,  6
1488, 65703,15062015,17102022 214258,   2, 25025.9, 62.049,261.752,0.699943,  0.0,262.659,3.38e-02, 14.9, 0.1,  1
1489, 65704,07122015,18102022 030238, 265, 24712.7, 18.229, 80.379,0.720199,359.9,239.009,9.43e-02, 16.4, -  ,493
1490, 65705,09122015,18102022 073531,   1, 24985.7, 20.641,296.050,0.696542,359.8,142.431,1.02e-01, 13.1, 0.1,  6
1491, 65706,22092017,17102022 192730,1844, 25046.7, 23.055,287.795,0.616321,359.9,276.192,1.27e+00, 18.9, -  , - 
1492, 65708,27082019,18102022 044542,1106, 25068.3,  5.982,142.023,0.725567,  1.0, 81.645,3.24e-02, 18.0, -  ,564
1493, 65709,22092019,17102022 222323, 142, 25031.1,  3.273,285.060,0.671982,359.5,187.631,4.84e-01, 18.0, 3.7,842
1494, 65800,11032010,18102022 055239, 281, 25058.9, 10.988,235.869,0.683901,  0.4,106.277,4.41e-01, 15.5, 7.2, - 
1495, 65802,08082015,18102022 054644,   5, 25059.7, 15.893,185.133,0.713753,  0.5,154.779,5.88e-02, 18.8, 0.1, 20
1496, 65803,29112018,18102022 011934, 256, 25094.7,  6.724,252.485,0.700750,  0.3, 90.414,4.02e-01, 17.2, 9.8, - 
1497, 65804,19062019,17102022 200605,1086, 25100.8, 11.532,115.456,0.447427,  0.3,189.506,3.91e+00, 16.9, -  , - 
1498, 65805,27062019,18102022 054800,1030, 25095.0, 11.862, 75.459,0.453576,359.8,227.957,5.20e+00, 16.6, -  , - 
1499, 65806,26082019,18102022 061357, 253, 25304.6, 10.705, 92.716,0.415321,  0.0,217.106,7.51e+00, 16.2,50.1, - 
1500, 65807,08042022,17102022 231638,  29, 25062.3,  5.747,261.887,0.708821,  0.2,189.405,2.89e-01, 17.3, 0.2, 34
1501, 65900,19122009,17102022 220700,   2, 25113.4, 11.437,  4.489,0.681961,359.4,228.264,4.16e-01, 15.9, 0.1, 24
1502, 65901,12042015,17102022 230734,   2, 25121.4,  1.480,179.326,0.696320,  4.9,292.348,2.12e-01, 15.7, 0.1, 13
1503, 65902,15112015,17102022 200030, 122, 25115.8, 21.142,332.158,0.694263,359.7, 69.972,1.22e-01, 17.9, 0.9,174
1504, 65903,13082016,18102022 014334,2152, 24840.3,  9.281, 32.264,0.109627,359.3,194.118,2.58e+01, 17.9, -  , - 
1505, 65904,27082017,18102022 050314, 196, 25095.3,  5.420,249.310,0.708894,  0.5,218.704,2.38e-02, 18.1, 1.1, 84
1506, 66000,08092007,18102022 063907, 973, 25145.4, 11.028, 57.910,0.675269,359.6,129.452,4.79e-01, 18.2,58.6, - 
1507, 66001,01082010,17102022 184330,   2, 25139.3,  8.912, 52.817,0.674260,359.5,170.832,1.87e-01, 14.9, 0.1, 15
1508, 66002,08042019,17102022 153158, 154, 25122.0, 71.234,317.617,0.537901,359.9,285.352,1.04e+00, 15.1,13.0, - 
1509, 66003,25072009,18102022 011204,   1, 25171.5, 20.343,256.445,0.719175,  0.1,297.339,3.29e-02, 14.7, 0.1,  1
1510, 66004,20092011,17102022 170424,   1, 25167.8, 20.601,248.155,0.720139,  0.1,305.292,4.94e-02, 15.4, 0.1,  2
1511, 66005,20082009,18102022 005055,   8, 25143.1,  3.214,209.986,0.713622,  1.9,129.759,5.11e-02, 16.9, 0.1,  8
1512, 66006,21032010,18102022 012744,   6, 25175.6,  9.938, 60.118,0.715677,359.6, 41.709,1.09e-01, 17.0, 0.1, 15
1513, 66007,27112015,17102022 205856,2450, 24979.4, 63.012, 29.460,0.729021,359.9,274.300,3.55e-01, 14.6,23.1, - 
1514, 66008,11122016,17102022 140311,   3, 25043.9, 26.645,121.372,0.730698,  0.1,267.591,9.81e-03, 17.1, 0.1,  1
1515, 66009,30052019,17102022 231550, 244, 25089.6, 12.055, 91.735,0.425355,  0.0,214.152,3.17e+00, 16.1, -  , - 
1516, 66010,02072019,17102022 201643,   4, 25134.5, 12.445,101.290,0.455868,  0.1,197.935,1.09e-01, 17.4, 0.1, 15
1517, 66011,02102019,18102022 002753, 723, 25157.5, 11.762,106.125,0.475677,  0.2,205.382,3.05e+01, 17.5, -  , - 
1518, 66012,19102019,17102022 230521,1091, 25125.5, 24.200,184.398,0.450980,  0.3, 15.645,1.28e+01, 18.0, -  , - 
1519, 66100,07072013,18102022 014615,   2, 25161.3, 64.405, 78.914,0.642399,360.0,260.224,9.33e-03, 11.5, 0.1,  1
1520, 66101,19062004,17102022 141304, 632, 25156.2, 62.214,288.814,0.708881,360.0,263.641,2.79e-02, 17.9, 3.3,492
1521, 66102,22112016,18102022 002520,1040, 25179.6, 10.859,265.108,0.722443,  0.1,319.797,6.75e-01, 17.4, -  , - 
1522, 66103,25112016,18102022 005012,   5, 25212.8,  3.109,224.606,0.724746,  1.6, 20.684,3.67e-02, 17.7, 0.1,  4
1523, 66104,02112017,17102022 172251,  12, 25145.2, 62.984,191.857,0.658905,  0.1,250.289,1.34e-01, 16.8, 0.2, 43
1524, 66105,19012018,17102022 201605,1699, 25172.2,  6.545, 72.333,0.716285,359.6,102.096,6.53e-01, 18.3, -  , - 
1525, 66106,13022018,18102022 024645,1120, 25168.1, 12.586, 84.648,0.671453,359.9, 49.584,4.86e-01, 17.3,24.6, - 
1526, 66107,17072018,17102022 202843,1524, 25160.6,  4.524, 24.765,0.705825,358.5,249.274,1.44e-02, 17.3,96.3,536
1527, 66109,30082022,17102022 205250,  13, 25182.6,  2.904,247.899,0.626174,  0.9,302.173,1.46e+01, 18.9, 1.0,244
1528, 66200,20122009,18102022 015757,   1, 25164.8,  4.247, 60.409,0.721579,359.1,173.914,2.38e-02, 16.3, 0.1,  1
1529, 66201,21032014,18102022 015824, 100, 21996.0, 25.797, 28.896,0.693144,359.7, 68.727,9.87e-02, 15.1, -  ,135
1530, 66203,16102020,17102022 230546, 236, 25177.4, 10.358,119.886,0.392661,  0.3,160.820,1.17e+00, 17.3, 8.8, - 
1531, 66300,23042013,17102022 223205,2288, 25215.4, 64.289,169.390,0.586295,  0.1,300.802,3.26e-01, 15.1,62.5, - 
1532, 66301,01122015,17102022 185149,   0, 25106.4, 18.659, 95.898,0.726780,  0.0,188.173,6.53e-02, 18.9, 0.1,  2
1533, 66302,31072019,17102022 230600, 816, 25197.5, 12.650, 99.172,0.457443,  0.1,199.942,6.14e-02, 17.5, 4.9, - 
1534, 66303,05082019,17102022 215621,  50, 25107.8, 13.866, 78.845,0.432148,359.9,218.779,6.60e+00, 15.8,22.1, - 
1535, 66304,20102019,17102022 221045,  36, 25203.8, 12.925, 74.404,0.514649,359.8,250.283,1.77e-01, 15.3, 1.6,370
1536, 66400,02091998,17102022 235414,3952, 25247.5, 66.579,185.810,0.612959,  0.1, 40.665,1.00e-02, 17.0,11.3, 59
1537, 66401,30112008,17102022 150952,4500, 25227.4, 63.157,252.703,0.644859,  0.0,250.004,1.14e-01, 15.2,57.7, - 
1538, 66402,14092012,17102022 174328,2052, 25336.8, 19.721,216.922,0.664968,  0.3, 17.532,2.10e+00, 17.1, -  , - 
1539, 66403,30112015,18102022 002634,   6, 25229.7, 63.074,252.789,0.645719,  0.0,249.974,9.11e-02, 15.7, 0.1, 17
1540, 66404,22112016,18102022 003935, 610, 17075.1, 62.603,124.060,0.604492,  0.1,296.256,8.19e-03, 14.9, 1.9,161
1541, 66406,18082017,18102022 064955, 210, 25305.6, 59.928, 78.722,0.642234,360.0,158.179,1.07e+00, 17.5,14.0, - 
1542, 66407,21032018,17102022 205417, 154, 25258.1, 13.281,356.198,0.706871,359.5,122.849,5.89e-01, 17.1, 8.1, - 
1543, 66409,28062019,17102022 195455, 251, 25261.1, 13.241, 85.881,0.482195,360.0,206.645,6.01e+00, 13.9, -  , - 
1544, 66410,30072019,18102022 004752, 243, 25230.5, 12.297,104.151,0.454690,  0.1,193.339,3.23e-01, 17.4, 4.8, - 
1545, 66411,02082019,18102022 024028, 160, 25160.5, 10.406,147.021,0.503791,  0.6,122.325,3.82e+00, 15.9, -  , - 
1546, 66412,27092020,18102022 001444, 104, 25214.8,  2.381,206.806,0.715676,  2.7,270.207,5.72e-01, 17.9, 5.7, - 
1547, 66413,24102021,17102022 184625, 258, 25298.5, 10.419, 78.700,0.489528,359.9,229.266,6.42e+00, 13.9,51.7, - 
1548, 66500,14102012,17102022 214459,1028, 25311.1, 63.297,244.319,0.689268,  0.1,265.183,1.47e-01, 17.9,29.1, - 
1549, 66501,17022007,18102022 035125,   0, 25241.1,  4.253,251.437,0.716483,  0.5,239.748,2.56e-01, 14.2, 0.1,  4
1550, 66503,16082018,18102022 022907,   3, 25286.2, 23.916, 38.483,0.613396,359.8, 33.823,8.74e-03, 16.8, 0.1,  1
1551, 66504,31102018,18102022 031644,1046, 25699.6,  7.951,331.453,0.190427,359.2,286.926,2.83e+01, 17.4, -  , - 
1552, 66505,28062019,17102022 192401, 253, 25284.1, 12.958, 64.767,0.466388,359.8,251.250,7.09e+00, 15.9, -  , - 
1553, 66507,16092020,17102022 162527, 757, 25268.7, 15.618, 42.367,0.580771,359.6,303.918,8.34e-01, 17.4, 3.5,675
1554, 66508,13032022,18102022 022721,  49, 25308.2,  6.475,115.717,0.716669,  0.5, 12.529,1.31e-01, 18.3, 0.1, 12
1555, 66602,04112014,17102022 135350,2706, 25293.2, 63.016, 29.734,0.720709,359.9,262.123,1.61e-01, 17.4, -  ,644
1556, 66603,04042016,17102022 161143, 953, 25275.5, 63.045,134.894,0.699961,  0.1,278.452,4.85e-02, 17.2, 8.6, - 
1557, 66604,19072017,17102022 230913,1026, 25237.1,  4.426,294.352,0.723048,359.4,210.066,1.16e-01, 17.2, -  , - 
1558, 66606,22062019,18102022 005504,1024, 25215.2, 11.719, 87.328,0.476117,360.0,183.908,6.24e+00, 16.4, -  , - 
1559, 66607,24042020,17102022 233020, 761, 25284.7,  3.376,158.489,0.720522,  2.0,232.416,4.94e-02, 18.4,38.0, 43
1560, 66609,20032021,18102022 060610, 520, 25273.6,  7.926, 93.428,0.683519,  0.0,103.396,1.81e+00, 17.2,36.7, - 
1561, 66610,31032022,17102022 184604, 175, 25289.3,  5.022,305.511,0.695486,359.2,144.508,7.27e-01, 18.9, 4.1,670
1562, 66700,01022014,18102022 002524,  34, 25230.9, 15.654,334.503,0.698782,359.6,172.084,3.13e+00, 14.4, 6.4, - 
1563, 66704,02062019,18102022 001642,1224, 25364.6, 14.170, 48.604,0.458015,359.7,263.774,9.09e+00, 13.5, -  , - 
1564, 66705,01072019,18102022 005754,   4, 25302.7, 12.194,108.304,0.452304,  0.2,185.480,2.44e-01, 16.9, 0.2, 56
1565, 66706,09082019,18102022 064840,1143, 25314.8, 11.033,157.072,0.425130,  0.6,119.080,5.49e+00, 17.4, -  , - 
1566, 66708,25082022,17102022 190728,   0, 25280.6,  8.825, 64.343,0.722263,359.6,183.678,7.55e-01, 17.4, 0.1,  3
1567, 66800,24122014,18102022 053218,   2, 25203.5, 26.629,125.360,0.732208,  0.2,261.348,5.80e-03, 16.0, 0.1,  1
1568, 66802,26092018,18102022 050913,   4, 25379.6, 19.654, 58.786,0.701511,359.8, 42.204,3.59e-02, 16.9, 0.1,  5
1569, 66803,14062019,17102022 220021,  10, 25321.6, 12.065,112.468,0.480880,  0.2,193.985,1.05e-01, 15.6, 0.1, 18
1570, 66804,26082019,17102022 214529, 135, 25310.7, 11.736, 64.099,0.477531,359.7,253.039,6.47e+00, 15.9, -  , - 
1571, 66805,01092022,17102022 150308,   0, 25392.5, 48.293,199.299,0.516122,  0.2,348.523,4.64e+01, 17.6, 0.3, 49
1572, 66900,11122009,17102022 174723,   4, 25335.1,  5.088,194.866,0.719154,  1.4,248.497,7.71e-02, 15.7, 0.1, 13
1573, 66901,22122016,18102022 005248,1704, 25444.5,  5.653, 14.485,0.085642,358.8,217.823,2.73e+01, 17.8, -  , - 
1574, 66903,13082018,17102022 204511,1512, 25401.7, 54.081,263.071,0.589732,  0.0,302.220,4.65e+01, 17.8, -  , - 
1575, 66904,31052019,17102022 163616, 142, 25397.4, 13.615, 65.237,0.511868,359.8,258.102,2.50e+00, 16.2,33.0, - 
1576, 66905,23082019,17102022 214820,1063, 25353.3, 11.659,132.638,0.460820,  0.4,158.739,1.30e+00, 17.7, -  , - 
1577, 66906,30012020,17102022 205203, 971, 25354.9,  6.344, 14.679,0.707884,358.9,232.499,3.90e-01, 17.6,47.1, - 
1578, 66907,12072009,17102022 192435,   1, 25349.7, 25.136,309.209,0.722478,359.8,110.645,1.04e-01, 13.6, 0.1,  6
1579, 66909,02122021,18102022 041129, 180, 25343.7, 26.280,233.514,0.734865,  0.2, 72.270,1.44e-02, 18.2, -  ,  4
1580, 67001,05022019,17102022 202349, 796, 25374.1,  6.335, 43.795,0.690119,359.2,276.497,4.56e-02, 18.0, 2.6,342
1581, 67002,04082019,18102022 044758,   5, 25192.0, 24.556,331.749,0.604910,359.7,261.741,3.13e+01, 16.3, 1.4,300
1582, 67003,05102019,18102022 020222, 702, 25366.4, 12.187,122.989,0.480728,  0.3,181.744,1.60e-01, 16.0,12.4, - 
1583, 67100,06082008,17102022 191707,   9, 25350.4,  3.996,343.133,0.727627,358.3,210.488,1.13e-02, 17.7, 5.5,  5
1584, 67101,24042009,17102022 183329,   2, 25425.0, 10.403,270.726,0.724322,  0.0,315.500,2.67e-01, 13.7, 0.1,  5
1585, 67102,30092012,17102022 232354, 422, 25179.4, 19.106, 93.709,0.729955,  0.0,181.994,4.17e-02, 18.3, -  ,405
1586, 67103,19012018,18102022 001843,1683, 25430.0,  4.032,267.225,0.627924,  0.1,118.460,1.01e+00, 18.2,21.3, - 
1587, 67104,29072019,18102022 035540,1110, 25409.1, 12.709, 96.780,0.442579,  0.1,194.864,7.52e+00, 17.2, -  , - 
1588, 67105,28092019,18102022 014522, 723, 25466.5, 12.128, 91.285,0.440141,  0.0,186.664,3.99e+00, 17.4, -  , - 
1589, 67106,26012020,18102022 004216, 995, 25384.9, 10.713,111.486,0.476910,  0.2,190.037,4.49e+00, 14.1, -  , - 
1590, 67107,22062021,17102022 231644, 445, 25438.7, 24.022,265.910,0.604210,  0.0,357.750,2.35e+00, 16.0,15.9, - 
1591, 67108,12042022,17102022 154347, 186, 25518.1, 65.331, 53.676,0.559276,359.9,262.535,8.61e+00, 16.8, -  , - 
1592, 67200,28062009,18102022 011754,   2, 25421.7,  7.146, 12.873,0.709650,359.0,174.482,1.39e-01, 13.3, 0.1, 12
1593, 67201,23122009,17102022 173240,   2, 25418.0,  6.452,243.781,0.682274,  0.5,225.706,2.10e-01, 16.0, 0.1, 15
1594, 67203,25022018,18102022 040023, 530, 25492.8,  5.886,195.932,0.713876,  1.2,336.134,9.81e-01, 18.0,74.2, - 
1595, 67204,05062019,17102022 164932, 202, 25363.4, 13.998, 65.332,0.502368,359.8,248.295,2.38e+00, 17.9, -  , - 
1596, 67205,07062019,17102022 220830,1192, 25252.6, 22.530,283.240,0.666408,359.9,291.661,2.90e+01, 16.4, -  , - 
1597, 67206,25062019,17102022 165710, 102, 25447.4, 13.482, 83.001,0.484023,359.9,221.131,6.74e-01, 17.1, 4.0,943
1598, 67207,23082019,17102022 210828, 758, 25443.3, 12.398, 91.514,0.455598,  0.0,204.261,3.83e+00, 16.6, -  , - 
1599, 67209,12062021,17102022 195715, 440, 25427.1, 16.367,316.187,0.724823,359.7,231.682,8.61e-02, 16.5,50.4, 44
1600, 67210,06062022,17102022 190912,  81, 25454.3,  4.726,241.526,0.706783,  0.7,250.846,8.58e-01, 18.2, 1.3,103
1601, 67300,12092012,18102022 024021, 325, 25577.1, 18.344,187.234,0.671370,  0.4, 73.910,2.50e+00, 16.4,93.4, - 
1602, 67301,17102017,18102022 003006,1706, 25575.0,  1.362, 18.631,0.647489,354.8,321.222,1.88e+00, 18.2,90.8, - 
1603, 67302,16122018,17102022 232634,   7, 25474.0, 62.643,139.246,0.698816,  0.1,278.553,7.16e-02, 16.8, 0.1,  5
1604, 67303,03022019,18102022 012428,   2, 25448.6, 62.566, 27.160,0.727088,359.9,261.503,2.56e-02, 16.9, 0.1,  4
1605, 67304,28072019,18102022 045524, 316, 25735.6, 11.604,159.864,0.413028,  0.6,116.022,3.72e+00, 17.3,47.1, - 
1606, 67306,28062019,18102022 022234, 893, 25418.5, 27.313,325.178,0.730891,359.8,285.025,4.30e-02, 17.9, -  ,168
1607, 67309,19092022,17102022 225340,  13, 25193.5, 28.651,344.375,0.402163,359.7,137.137,1.06e+01, 13.3,34.2, - 
1608, 67400,20032010,17102022 153012, 755, 25528.9,  8.814,354.050,0.648418,359.2,308.976,1.99e-01, 15.3, 5.8, - 
1609, 67401,20072013,17102022 162656,   1, 25416.9, 63.257,176.355,0.693861,  0.1,270.902,2.06e-01, 13.9, 0.1,  8
1610, 67402,13072018,17102022 203254,  99, 25622.6, 60.859,287.320,0.326353,360.0,204.447,3.66e+01, 17.1,37.2, - 
1611, 67403,08112018,18102022 023432,  31, 25483.4, 64.444,116.971,0.006842,  0.1,143.344,3.88e-01, 17.8, 0.1, 29
1612, 67405,14102019,17102022 232559,1080, 25529.3, 11.606, 77.731,0.444012,359.9,207.970,1.45e+01, 17.1, -  , - 
1613, 67406,21022020,17102022 181924, 936, 25323.5, 24.028,  3.496,0.563692,359.7,226.342,3.30e+01, 16.2, -  , - 
1614, 67407,30072020,17102022 164451, 570, 25488.6, 12.952, 77.837,0.518655,359.9,242.246,1.63e-01, 14.6, 3.2,712
1615, 67408,31072020,18102022 082443,   1, 25489.4, 65.957,359.573,0.002511,359.9,193.230,3.07e-01, 17.1, 0.1,  1
1616, 67409,01112020,17102022 233100, 655, 25431.9, 26.760,266.049,0.734086,  0.0, 17.088,5.66e-02, 15.5, 4.0,610
1617, 67500,22122009,18102022 005613,  51, 25505.6, 10.450,  8.101,0.718950,359.3,146.105,8.28e-02, 16.2, 0.6, 91
1618, 67501,21122009,17102022 200429,   2, 25510.8,  6.937,355.960,0.713101,359.0,211.129,1.32e-01, 16.4, 0.1,  5
1619, 67503,14092012,17102022 225811,   1, 25521.0, 19.988,272.215,0.643756,360.0,262.576,4.93e-02, 14.4, 0.1,  1
1620, 67504,23012014,18102022 060924,  68, 25479.0,  3.470,199.650,0.723270,  1.9,156.956,1.54e-01, 16.2, 1.8,276
1621, 67505,27022018,17102022 161243,   3, 25509.3, 65.359,353.454,0.008755,359.9,264.202,4.45e-01, 16.5, 0.1,  2
1622, 67506,22062018,17102022 174553,   1, 25510.1, 63.665,106.269,0.007234,  0.0,317.606,3.85e-01, 16.4, 0.1, 15
1623, 67507,19072019,17102022 232730,1105, 25513.4, 10.442,159.545,0.432966,  0.6, 96.539,5.05e+00, 17.5, -  , - 
1624, 67508,13072019,17102022 192536,   0, 25497.2, 64.648,238.630,0.006270,  0.1,209.286,8.54e-02, 13.1, 0.1,  3
1625, 67509,26072019,18102022 044735,   2, 25491.5, 11.978,112.661,0.481390,  0.2,189.995,7.95e-02, 16.8, 0.1,  5
1626, 67510,24082019,18102022 025637, 352, 25630.2, 11.861,152.557,0.428438,  0.5,129.399,7.11e+00, 16.4, -  , - 
1627, 67511,02112019,17102022 223723,1080, 25487.7, 17.141, 63.484,0.493671,359.8,223.016,3.69e+00, 17.3, -  , - 
1628, 67513,01082020,17102022 224254,   6, 25497.5, 64.420,116.300,0.006740,  0.1,120.765,4.58e-01, 16.8, 0.1,  5
1629, 67515,30082022,17102022 190413,  14, 25508.7, 65.049,350.364,0.004269,359.9,199.166,7.69e-01, 17.9, 0.1, 12
1630, 67516,06102022,17102022 183306,   5, 25507.4, 64.688,346.873,0.013286,359.9,218.024,1.06e+00, 17.4, 0.1, 17
1631, 67600,23122009,18102022 045847, 820, 25539.4,  7.051, 40.991,0.643720,359.2,216.644,1.97e-01, 16.5,18.2, - 
1632, 67601,24122009,18102022 043522, 384, 25535.6,  7.643, 24.596,0.686584,359.1,158.880,6.34e-02, 16.6, 4.2,910
1633, 67602,07102016,18102022 033050,1737, 25560.0,  7.188,341.070,0.678087,359.1, 40.701,3.15e-01, 16.9,42.1, - 
1634, 67603,30012017,18102022 004320, 100, 25555.1, 65.594, 42.410,0.644923,359.9,340.485,2.13e+00, 16.9, 1.8,387
1635, 67604,23052018,17102022 154113,1535, 25618.3,  6.127,179.268,0.719795,  1.2,357.498,8.80e-01, 18.3, -  , - 
1636, 67605,25062019,17102022 201949,1147, 25519.3, 13.124, 80.451,0.512989,359.9,235.054,1.14e+00, 17.0, -  , - 
1637, 67606,27072019,18102022 051533, 829, 25534.2, 11.920,115.966,0.478139,  0.3,183.553,1.05e-01, 17.7, 3.5,670
1638, 67607,30072019,18102022 003201, 962, 25534.8, 11.053,156.418,0.352922,  0.6,107.155,1.99e+00, 15.5, -  , - 
1639, 67608,01012020,17102022 182451,1020, 25528.2, 12.182,122.623,0.488433,  0.3,181.190,1.42e-01, 16.5, 0.9,156
1640, 67609,06082020,18102022 033028, 802, 25533.7, 64.256,117.763,0.016167,  0.1,110.808,1.28e+00, 18.1, -  , - 
1641, 67610,25102020,18102022 002041,   3, 25523.1, 12.230,122.307,0.489309,  0.3,182.076,2.10e-01, 14.0, 0.1, 10
1642, 67611,30042022,17102022 181329,  91, 25555.0, 63.347, 20.225,0.653187,359.9,316.168,1.17e+00, 18.0, 1.4,233
1643, 67702,23042018,17102022 211003, 143, 25429.3,  4.099,326.104,0.732878,358.6,264.713,3.34e-01, 17.5, -  ,985
1644, 67703,26102019,18102022 032735, 326, 25584.0, 11.815,131.524,0.462969,  0.4,153.837,5.24e+00, 14.2,27.6, - 
1645, 67704,14092020,17102022 204147, 137, 25543.8, 12.960,167.528,0.281215,  0.5, 93.894,4.51e+00, 15.2,55.6, - 
1646, 67801,10042018,18102022 031734,   3, 25573.2, 71.778,105.662,0.578893,  0.0, 78.107,1.67e+00, 16.4, 0.1, 10
1647, 67802,25072019,18102022 021204,   1, 25590.4, 12.718, 92.548,0.495982,  0.0,212.687,1.61e-01, 14.8, 0.1,  6
1648, 67804,27082019,18102022 005244,1100, 25618.3, 12.135, 75.489,0.522208,359.8,256.206,1.32e+00, 17.9, -  , - 
1649, 67805,25082019,18102022 001209, 778, 25692.5, 11.918,176.014,0.386245,  0.6, 98.399,9.07e+00, 17.8, -  , - 
1650, 67807,22052022,18102022 020021,  65, 25632.6, 65.847, 29.853,0.674631,359.9, 13.768,1.11e+00, 17.8, 0.6,122
1651, 67900,21062013,18102022 054003,   1, 25612.6, 17.923,262.829,0.622616,  0.1,164.356,8.46e-03, 11.0, 0.1,  1
1652, 67901,12082013,18102022 054143,3345, 25471.7, 63.033, 85.600,0.715451,360.0,277.558,1.70e-01, 13.6,27.7, - 
1653, 67902,18082017,17102022 220102,   6, 25619.8, 62.860,302.003,0.721337,359.9,267.385,2.91e-01, 16.3, 0.1,  8
1654, 67904,01102018,18102022 092421, 149, 25653.4, 62.878,286.371,0.701967,360.0, 17.990,1.15e+00, 16.0, 4.1,351
1655, 67905,24112019,18102022 012818, 273, 25547.9, 10.482,135.795,0.406544,  0.5,111.519,6.17e+00, 16.7, -  , - 
1656, 67906,20092020,18102022 022729, 699, 25604.4, 64.284,229.868,0.301470,  0.1, 49.220,7.48e+00, 13.0, -  , - 
1657, 67907,24042022,18102022 043107, 171, 25441.0, 79.501,355.157,0.547318,359.9,227.283,1.00e+02, 16.1, -  , - 
1658, 68000,09112008,17102022 193505,   1, 25618.5,  4.625,  8.917,0.724393,358.5,184.350,1.35e-01, 16.4, 0.1,  6
1659, 68002,17102020,18102022 002103, 318, 25562.8, 11.197,146.042,0.463005,  0.5,143.312,5.12e+00, 16.7,33.0, - 
1660, 68003,08112021,17102022 190153, 296, 25697.1, 13.118, 68.922,0.547625,359.8,219.063,8.12e+00, 17.0,10.8, - 
1661, 68004,12042022,17102022 222252, 108, 25648.9,  6.298,280.404,0.709444,359.8,161.425,7.88e-01, 17.7, 3.0,503
1662, 68102,09082016,18102022 003247, 984, 25577.3,  3.970,352.747,0.728278,358.2,191.386,6.52e-01, 16.5,38.1, - 
1663, 68103,11102016,17102022 221739,2178, 25667.7, 13.814,137.535,0.649853,  0.4,237.438,2.42e+00, 18.3, -  , - 
1664, 68104,25112019,18102022 021500, 156, 25581.7, 10.807,100.708,0.522896,  0.1,176.106,5.83e+00, 15.6,43.0, - 
1665, 68105,19052020,17102022 222909, 872, 25345.8, 24.470,121.011,0.729639,  0.2,233.153,8.50e-02, 15.0, 4.4,702
1666, 68106,27082021,17102022 214151, 182, 25735.2, 24.874,263.048,0.649034,  0.0,  4.939,1.77e+00, 17.5, 2.2,441
1667, 68200,21082011,18102022 005304,   1, 25594.1, 26.730,267.127,0.736022,  0.0, 15.334,1.21e-02, 12.7, 0.1,  1
1668, 68202,17012013,18102022 021059,2088, 25885.0, 18.797,198.360,0.691461,  0.4, 55.741,4.53e+00, 16.0, -  , - 
1669, 68203,03082017,18102022 022127,1823, 25742.8,  7.768,330.629,0.707420,359.2, 58.748,4.92e-01, 17.6, -  , - 
1670, 68204,06082017,18102022 003031,1886, 25703.0,  2.866,  6.668,0.678724,357.5,283.359,8.41e-01, 18.1, -  , - 
1671, 68205,12122017,17102022 165035,  14, 25573.5, 62.706,138.430,0.695985,  0.1,276.358,1.17e-01, 16.2, 0.1, 31
1672, 68207,21122018,18102022 042318,   0, 25679.8, 64.594,239.533,0.006981,  0.1, 48.518,1.38e-01, 13.3, 0.1,  4
1673, 68208,17112019,17102022 150314,   1, 25692.0, 71.259,316.331,0.525722,359.9,273.519,2.99e-01, 13.7, 0.6, 61
1674, 68209,25092022,17102022 214520,  18, 23468.6, 60.456,334.389,0.718398,359.9,240.829,1.04e+00, 18.0, 0.2, 41
1675, 68300,03112011,17102022 172828,   1, 24980.3, 63.150,250.979,0.715708,  0.0,275.547,8.82e-03, 13.7, 0.1,  1
1676, 68301,27082016,17102022 230610,2073, 25581.5, 93.059, 22.834,0.330627,359.9, 80.739,3.85e+01, 16.9, -  , - 
1677, 68302,22022018,18102022 061053,1614, 24972.2, 63.026,139.850,0.698256,  0.1,278.330,4.90e-02, 17.5, 5.9, - 
1678, 68303,03062019,17102022 182913, 755, 25728.2, 13.932, 66.535,0.552418,359.8,256.382,4.04e+00, 16.4, -  , - 
1679, 68304,01122019,17102022 215352, 952, 25709.8, 11.593,129.060,0.436506,  0.4,148.847,2.75e-01, 17.8, 1.8,291
1680, 68305,08102020,17102022 231342, 724, 25680.1, 10.994,135.575,0.471596,  0.5,146.658,4.46e+00, 15.8,15.5, - 
1681, 68306,18092022,17102022 234338,  21, 25760.4, 18.468,223.073,0.723844,  0.3,310.842,1.09e-01, 18.1, 0.1, 12
1682, 68403,31032022,17102022 171329, 152, 25747.2,  4.946,237.815,0.606935,  0.8,194.574,1.28e+00, 18.1, 1.5,351
1683, 68500,21081996,17102022 201139,   3, 25736.5, 63.244,196.700,0.697452,  0.1,270.638,1.29e-01, 14.3, 0.1,  7
1684, 68501,06082013,17102022 165901,   0, 25769.9, 18.950, 46.745,0.611780,359.7,266.984,1.03e-02, 10.2, 0.1,  1
1685, 68502,27042017,18102022 034444, 324, 25773.8,  3.780,201.685,0.697115,  1.8,126.087,6.82e-01, 17.8,12.8, - 
1686, 68503,18062019,17102022 220926,   0, 25744.1, 11.218,139.678,0.446765,  0.5,139.674,1.06e+00, 16.8, 0.1, 28
1687, 68504,28082019,17102022 230500, 602, 25674.3, 14.958, 67.435,0.535311,359.8,264.686,4.39e-01, 16.0,87.0, - 
1688, 68506,10112020,17102022 231740, 640, 25845.7, 68.958,  3.993,0.182816,359.9,223.891,6.22e+01, 17.0, -  , - 
1689, 68507,05082022,18102022 020420,  62, 25746.5, 57.895,314.706,0.599856,359.9,155.880,8.19e-01, 18.1, 3.0,707
1690, 68600,11062012,17102022 185924,   1, 25777.2,  5.153,215.002,0.626871,  1.1,236.025,2.58e-01, 12.6, 0.1,  4
1691, 68601,24012015,17102022 175128,2407, 25591.5, 63.275,354.150,0.735323,359.9,276.408,1.80e-01, 13.8,49.4, - 
1692, 68603,09042022,18102022 024128, 133, 25826.6,  6.232,318.517,0.694481,359.2,103.330,5.42e-01, 17.4, 5.4, - 
1693, 68700,09022007,17102022 234725,   0, 25825.8, 26.931,286.713,0.736437,359.9,351.061,7.15e-03, 14.1, 0.1,  1
1694, 68701,16012013,17102022 214042, 241, 25814.0, 18.419,178.360,0.676036,  0.4, 90.182,4.02e-02, 15.8, 0.8,123
1695, 68702,24062016,18102022 044028,   1, 25798.2, 18.059,258.060,0.611211,  0.1,234.597,1.33e-02, 10.3, 0.1,  1
1696, 68704,29082019,18102022 044701, 246, 25779.1, 13.328, 75.930,0.537782,359.9,241.324,4.03e+00, 16.6, -  , - 
1697, 68705,10092019,17102022 163645,1110, 25839.0, 11.224, 92.012,0.499951,  0.0,217.879,5.35e+00, 17.9, -  , - 
1698, 68706,24092019,17102022 205742, 670, 25811.9, 11.770,115.268,0.508426,  0.3,192.768,1.75e+00, 17.1,80.4, - 
1699, 68707,25092019,18102022 030111, 702, 25813.7, 11.438,136.195,0.445023,  0.5,143.113,1.68e-01, 18.9, 2.5,557
1700, 68708,18102020,18102022 042630, 708, 25808.2, 11.826,137.018,0.450734,  0.4,150.087,1.27e+00, 17.9, -  , - 
1701, 68709,10122020,17102022 211426, 204, 25794.5, 12.019,114.977,0.502520,  0.2,189.831,3.94e-02, 17.2, 2.4,523
1702, 68710,18122020,18102022 025949, 249, 25867.1, 26.616,348.898,0.625182,359.7, 30.318,8.94e-01, 18.0, 9.3, - 
1703, 68800,25042009,17102022 204035,   2, 25824.2,  7.278,283.939,0.714615,359.8,146.485,9.52e-02, 15.0, 0.1,  9
1704, 68801,11052008,17102022 212033,  18, 25839.0,  5.681,227.370,0.626316,  0.9,217.133,1.23e-01, 16.2, 0.4, 94
1705, 68802,26082016,17102022 212829,   6, 25841.1,  7.944,196.322,0.719013,  0.9,285.349,6.72e-02, 17.6, 0.1, 12
1706, 68803,02102019,17102022 225102, 372, 25743.8, 10.632,133.673,0.437351,  0.5,148.335,4.09e+00, 17.7, -  , - 
1707, 68804,03112018,17102022 185935, 247, 25791.5, 27.339,327.420,0.736115,359.8,269.462,1.21e-02, 18.1, -  , 37
1708, 68805,26112021,17102022 174239,  11, 25843.1, 68.212,209.440,0.554224,  0.1,324.542,3.01e-01, 17.6, 0.1,  6
1709, 68900,08082012,18102022 053854, 835, 25467.9, 25.960,171.436,0.709319,  0.3, 96.982,2.22e+00, 18.1, -  , - 
1710, 68902,20012015,17102022 195817,   0, 25867.2, 17.939,172.257,0.607817,  0.4, 41.591,1.08e-02, 10.6, 0.1,  1
1711, 68903,02092015,18102022 034643,   1, 25880.8, 18.095,213.642,0.605556,  0.3,323.096,1.37e-02,  9.9, 0.1,  1
1712, 68904,03092015,18102022 005845,1753, 25899.6, 18.495,216.062,0.608523,  0.3,315.785,1.10e-01, 17.8,60.0, - 
1713, 68906,17062018,17102022 195311,1343, 25740.7, 28.428, 45.933,0.720927,359.8, 91.498,1.08e+00, 15.3, -  , - 
1714, 68907,29092018,18102022 042850,   1, 25928.0, 18.520,206.390,0.730360,  0.4,344.727,1.53e-01, 17.7, 0.1,  6
1715, 68908,05112018,18102022 074913,1296, 25852.3, 64.077,239.038,0.014812,  0.1, 79.758,1.95e+00, 18.3,49.9, - 
1716, 68909,25072019,18102022 034145, 354, 25770.7, 62.318,356.868,0.738582,359.9, 50.713,1.53e-01, 18.7, 2.1,464
1717, 68910,24022021,17102022 175157, 530, 25793.1, 85.856, 44.131,0.365762,359.9,205.878,5.25e+01, 15.9, -  , - 
1718, 68911,31102021,18102022 065215, 285, 25855.3, 21.373,176.756,0.551156,  0.3, 94.624,1.39e+00, 16.2, 4.0,910
1719, 69000,12032000,17102022 152034,   2, 25944.4,  6.284, 43.614,0.708555,359.1,287.397,2.56e-02, 16.8, 0.1,  1
1720, 69001,24032010,18102022 040458,   2, 25907.3,  7.760,300.916,0.713692,359.5,106.753,1.36e-01, 13.8, 0.1, 13
1721, 69002,17102012,17102022 213215, 976, 25826.5, 62.599,216.573,0.701298,  0.1,276.662,2.01e-01, 16.9,12.9, - 
1722, 69004,30102018,18102022 041440,   5, 25886.8, 69.201,324.732,0.502211,359.9,110.388,1.31e+00, 17.1, 0.1, 13
1723, 69005,01072019,17102022 204058,1122, 25875.2, 11.196, 94.544,0.485701,  0.0,197.857,9.38e+00, 17.4, -  , - 
1724, 69006,08092019,17102022 232932, 191, 25765.6, 15.519, 81.580,0.483501,359.9,188.188,5.32e+00, 17.5, -  , - 
1725, 69007,23092019,18102022 061804, 284, 25825.2, 11.599,142.445,0.466597,  0.5,139.063,9.49e-01, 15.8,81.1, - 
1726, 69008,20102019,18102022 032106, 294, 25730.3, 12.281,144.804,0.471225,  0.5,142.137,2.54e+00, 17.8, -  , - 
1727, 69009,16052020,18102022 065649, 788, 25395.2,  8.118,307.177,0.707207,359.5, 91.147,1.04e+00, 18.2, -  , - 
1728, 69100,19122009,18102022 004719,  32, 25954.7,  6.949,189.902,0.721016,  1.0,320.504,5.04e-02, 17.6, 0.1, 17
1729, 69101,16052017,18102022 022534,1040, 25905.0,  8.494, 81.148,0.724908,359.9,176.125,7.07e-01, 16.5, -  , - 
1730, 69102,01102018,17102022 234830, 702, 25068.1, 22.427,115.619,0.729340,  0.1,295.205,1.77e-01, 16.3,11.0, - 
1731, 69103,06062019,18102022 071522, 238, 26062.5, 11.291,140.693,0.452881,  0.5,134.030,5.94e+00, 15.4, -  , - 
1732, 69104,26062019,17102022 154139, 724, 25914.7, 12.300, 97.253,0.516164,  0.1,211.300,5.40e-01, 17.1, -  , - 
1733, 69105,25092019,17102022 224221, 376, 25933.6, 11.622,126.946,0.460251,  0.4,155.019,3.01e-01, 17.5, 5.0, - 
1734, 69106,23092019,18102022 051306, 264, 25807.9, 11.725,147.101,0.426409,  0.5,133.439,2.78e+00, 17.4, -  , - 
1735, 69107,07022021,17102022 230816, 608, 25910.4, 66.555,113.095,0.098215,  0.1,243.859,7.96e+00, 17.2,21.7, - 
1736, 69108,25042022,17102022 223947, 169, 25903.1, 58.496,185.488,0.083732,  0.1,119.384,5.48e+01, 15.9, -  , - 
1737, 69200,04052012,17102022 234257,   2, 25932.5,  3.885, 53.666,0.722144,358.9, 53.125,2.37e-01, 12.7, 0.1, 10
1738, 69202,16122009,18102022 004713,2485, 25955.2, 71.822,202.245,0.534926,  0.1, 59.821,1.97e+00, 14.5, -  , - 
1739, 69203,18082011,17102022 205217,2176, 25369.4, 25.106,261.380,0.713491,  0.0,314.315,3.72e+00, 14.8, -  , - 
1740, 69205,23082019,18102022 020313, 317, 25926.9, 10.055,148.860,0.433838,  0.6,122.184,1.84e+00, 17.8,76.9, - 
1741, 69206,29082019,18102022 000643, 703, 26031.9, 12.376,104.007,0.464405,  0.1,176.034,6.57e+00, 17.4, -  , - 
1742, 69207,10122018,17102022 230030, 649, 26051.0, 63.857,323.426,0.716845,359.9, 17.337,1.27e+00, 17.0, -  , - 
1743, 69208,04092021,18102022 085319,   4, 25929.5, 20.840,207.738,0.513278,  0.3, 52.794,6.30e-02, 17.5, 0.1, 11
1744, 69209,01012022,18102022 013621, 254, 25944.9, 11.112,115.494,0.480819,  0.3,180.742,6.30e+00, 16.5,12.0, - 
1745, 69300,25102012,18102022 002338,   6, 25963.6, 17.412,251.442,0.726806,  0.1,280.168,2.16e-01, 16.9, 0.2, 35
1746, 69302,27072019,18102022 034710,1050, 25962.7, 11.752,119.010,0.452735,  0.3,161.732,8.90e-01, 17.1,75.5, - 
1747, 69303,24082019,17102022 224436, 214, 26220.8, 12.547, 46.104,0.493249,359.6,283.284,5.38e+00, 18.0,26.2, - 
1748, 69304,27082019,17102022 173445, 941, 25958.6, 11.921,115.313,0.494978,  0.3,181.100,6.39e-02, 16.8, 3.0,625
1749, 69401,20112012,18102022 022352,   1, 25984.1, 18.400,236.010,0.727493,  0.2,218.929,1.01e-01, 15.7, 0.1,  8
1750, 69402,17102015,17102022 211208, 821, 25986.5, 63.183,109.028,0.716114,  0.0,258.337,1.60e-01, 16.8,48.1, - 
1751, 69403,31052019,17102022 192131,  27, 25984.7, 12.808,100.406,0.489807,  0.1,191.024,1.16e-01, 15.2, 0.4, 93
1752, 69404,01062019,17102022 222020,   2, 25967.6, 12.039,110.356,0.496046,  0.2,185.916,7.41e-02, 17.3, 0.1,  6
1753, 69405,05072019,18102022 001459, 611, 26048.0, 11.904,111.383,0.482764,  0.2,179.179,2.62e+00, 14.4, -  , - 
1754, 69406,03072019,18102022 001035,1136, 25963.2,  9.876,147.210,0.420560,  0.6,119.345,7.20e+00, 17.5, -  , - 
1755, 69407,30072019,18102022 073443,  72, 25988.3, 10.577,115.735,0.443099,  0.3,170.674,3.16e+00, 16.0,33.1, - 
1756, 69408,30072019,18102022 061808,1168, 25941.8, 32.106,349.725,0.391131,359.8,212.286,3.15e+01, 17.9, -  , - 
1757, 69410,17112019,18102022 052400, 731, 25985.5, 10.965,167.071,0.343156,  0.6, 83.763,6.45e+00, 17.4, -  , - 
1758, 69411,19112019,17102022 225553, 706, 25974.5, 12.170,107.805,0.504966,  0.2,192.810,2.44e-02, 16.2, 6.1, - 
1759, 69412,27112019,18102022 004324, 184, 25939.0, 12.067,119.609,0.456378,  0.3,162.541,6.54e-01, 16.9,35.1, - 
1760, 69414,19112020,17102022 204732,  40, 25907.2,  9.587,170.223,0.335125,  0.7,105.181,7.66e+00, 16.9,12.8, - 
1761, 69415,04082022,18102022 004241,  41, 26010.0,  7.664,104.471,0.735499,  0.2,140.258,2.57e-02, 16.8, 8.2, 13
1762, 69500,16032007,17102022 193238, 164, 26065.1,  7.136,335.764,0.614592,359.1,  6.117,8.66e-02, 15.1, 2.9,679
1763, 69501,05072011,17102022 213315,   3, 25991.0,  6.012, 80.133,0.708040,359.8,209.436,6.97e-02, 14.6, 0.1,  6
1764, 69503,18082020,17102022 214409, 783, 25985.5, 12.745, 65.021,0.572959,359.8,269.116,4.87e+00, 15.8,52.8, - 
1765, 69504,02082021,17102022 232937,  42, 26040.9,  6.069,161.995,0.714415,  1.1, 50.426,8.52e-01, 18.7, 0.9,170
1766, 69600,27082013,18102022 022541,   2, 26030.4, 62.377,  5.333,0.727444,359.9,264.377,1.24e-02, 11.9, 0.1,  1
1767, 69601,24072016,18102022 012658,   5, 23917.2, 62.922,147.873,0.687044,  0.1,282.637,5.33e-02, 16.4, 0.1,  9
1768, 69602,27082016,17102022 202931,  62, 26048.9,  0.794,221.376,0.695045,  6.2,190.002,6.89e-01, 17.4, 1.5,321
1769, 69603,22082017,18102022 014628,1872, 26038.9, 26.652, 35.349,0.584974,359.8,315.589,1.13e-01, 17.7,11.3,716
1770, 69604,12082019,17102022 212832,  69, 26097.6, 11.746,115.615,0.470670,  0.3,170.915,2.54e+00, 14.6,31.3, - 
1771, 69605,26082019,18102022 065539,1145, 26034.9, 10.433,158.591,0.433098,  0.6,102.299,5.77e+00, 18.1,30.4, - 
1772, 69606,16112019,18102022 053055, 730, 26017.1, 12.691, 98.422,0.503252,  0.1,199.522,1.91e-01, 16.5,14.4, - 
1773, 69607,27032021,17102022 231453, 321, 26065.1, 67.413,223.109,0.665321,  0.1,319.561,7.08e-02, 18.2, 6.0, - 
1774, 69700,19122009,17102022 224409,1553, 26124.7, 62.739, 86.850,0.709073,360.0,258.835,5.09e-03, 18.1, -  , - 
1775, 69701,22042013,17102022 235625,  34, 26055.0,  3.246,138.185,0.724044,  1.7,276.413,1.42e-01, 14.9, 0.6,116
1776, 69703,30032017,17102022 200651,   6, 26034.0, 67.047,162.611,0.595991,  0.1,306.134,5.68e+00, 15.6, 0.2, 54
1777, 69704,22082017,17102022 135806,1856, 26098.7, 26.483, 51.009,0.562319,359.8,287.613,1.17e+00, 18.3, -  , - 
1778, 69705,05102018,17102022 172343,1283, 26046.1, 55.836,146.727,0.340947,  0.1,137.993,4.35e+01, 16.8, -  , - 
1779, 69706,05112018,17102022 222231, 722, 26055.3, 63.989,241.648,0.006496,  0.1, 98.303,1.21e+00, 15.6, -  , - 
1780, 69707,18012019,17102022 192550, 156, 26057.5, 63.500,354.015,0.734403,359.9,270.068,9.09e-02, 16.4, 6.9,239
1781, 69708,19062019,17102022 172147, 665, 26149.0, 12.467,105.905,0.487467,  0.2,180.256,3.71e+00, 13.3, -  , - 
1782, 69709,27062019,17102022 232859,   0, 25893.3, 11.647,147.755,0.401345,  0.5,117.853,1.14e+00, 15.3, 0.1, 19
1783, 69710,25072019,18102022 005314, 404, 26015.5,  9.627,133.642,0.476561,  0.5,143.413,4.61e+00, 14.1, -  , - 
1784, 69711,31072019,17102022 222847, 223, 26107.0, 12.783, 95.355,0.509127,  0.0,180.957,6.25e+00, 17.2,91.8, - 
1785, 69712,05122020,18102022 053243, 651, 25713.7, 64.034,172.688,0.737803,  0.1,  8.078,2.56e-01, 17.7, 5.6, - 
1786, 69800,22082012,17102022 141346,   4, 26082.9, 63.387,105.528,0.723284,  0.0,267.146,9.19e-03, 13.6, 0.1,  1
1787, 69801,21112012,17102022 192638,   2, 25860.3, 17.772,252.971,0.723847,  0.1,270.312,1.25e-01, 17.5, 0.1,  7
1788, 69802,23022017,18102022 055305,   5, 26063.1,  6.355,124.954,0.706158,  0.6,111.586,6.33e-01, 17.5, 0.1,  6
1789, 69803,11092017,18102022 052117, 119, 26057.4,  3.110,207.274,0.699943,  2.0,209.313,7.27e-01, 17.4, 5.8, - 
1790, 69804,24032010,18102022 020528,  38, 26154.9, 65.049, 18.044,0.696342,359.9, 20.658,6.23e-01, 15.1, 0.4, 92
1791, 69805,21082018,17102022 191533, 784, 26106.7, 70.247, 39.002,0.603375,359.9,332.812,5.25e-01, 15.5,36.2, - 
1792, 69806,03072019,18102022 021331, 732, 26117.4, 10.035,143.571,0.442883,  0.6,125.706,2.49e+00, 17.6, -  , - 
1793, 69807,06042019,18102022 012050, 757, 26068.9,  9.058,119.640,0.428348,  0.4,139.967,6.97e+00, 16.8, -  , - 
1794, 69808,28082019,17102022 211031,   1, 26089.4, 11.348,140.837,0.441391,  0.5,130.553,2.22e-01, 18.0, 0.1,  8
1795, 69809,30102021,18102022 004525, 281, 26139.4,  3.782,341.660,0.694160,358.2,338.546,4.45e-01, 17.8, 3.1,362
1796, 69900,23072009,17102022 193944,   6, 26109.8, 68.269,187.514,0.677215,  0.1,287.157,1.13e+00, 15.2, 0.8,183
1797, 69901,14022013,18102022 030542,   1, 26115.5,  2.333, 42.022,0.697002,357.6,211.626,7.91e-01, 15.5, 0.1, 13
1798, 69902,16122017,17102022 160957,   1, 25657.6, 62.589,173.026,0.695308,  0.1,281.911,8.53e-03, 14.3, 0.1,  1
1799, 69903,14082018,18102022 011828,1436, 26079.1,  6.956,128.724,0.728318,  0.6,112.681,1.04e+00, 18.6, -  , - 
1800, 69904,06092018,18102022 003332,   1, 26111.6, 20.596,197.760,0.559743,  0.3, 79.409,3.52e-02, 17.5, 0.1,  5
1801, 69905,05092018,17102022 201353,1430, 26024.1, 81.541,355.365,0.339216,359.9,237.041,7.43e+01, 16.9, -  , - 
1802, 69906,29102019,17102022 214923,1037, 26223.6, 16.262, 76.906,0.583555,359.9,283.434,1.05e+01, 14.0, -  , - 
1803, 69907,21032022,18102022 021014,  88, 26091.9, 68.444,135.801,0.632460,  0.1,146.485,1.80e+00, 16.8, 2.7,616
1804, 69908,26042022,17102022 222327, 160, 26103.3, 14.381, 51.305,0.282815,359.7,180.842,2.51e+01, 18.5,86.4, - 
1805, 69909,07062022,17102022 235300, 128, 26148.5, 42.557,188.595,0.215373,  0.2, 28.836,6.76e+01, 17.3, -  , - 
1806, 69910,08102022,17102022 174141,   0, 26130.3, 98.416, 27.011,0.320398,359.9,221.025,4.73e+01, 17.8, 0.2, 41
1807, 70000,13102012,17102022 234429,   1, 26114.7, 19.363,309.475,0.720622,359.8,149.662,1.41e-01, 17.3, 0.1,  6
1808, 70001,19072013,18102022 023500,   0, 26279.4,  4.748,169.806,0.620662,  1.5,290.222,3.11e+00, 16.0, 0.1, 32
1809, 70002,25012016,18102022 055710, 200, 26109.0, 60.603,161.502,0.724694,  0.1,256.461,1.83e+00, 15.6,52.1, - 
1810, 70004,14062019,18102022 092948, 195, 26238.6, 10.888,144.484,0.441527,  0.5,139.267,5.15e+00, 15.1,47.5, - 
1811, 70005,20012020,18102022 024844,   6, 26136.1, 60.442, 83.976,0.719967,360.0,282.843,4.86e-01, 15.8, 0.1, 16
1812, 70006,05042022,17102022 230244, 142, 26131.5, 13.475, 58.308,0.459734,359.7,260.215,7.57e+00, 14.3,57.0, - 
1813, 70007,23082022,18102022 075636,   3, 26185.0, 63.651,178.363,0.723820,  0.1, 44.783,5.25e-01, 17.4, 0.2, 37
1814, 70100,24092009,17102022 232619,   1, 26180.8,  4.109,333.187,0.720234,358.5,223.726,2.69e-01, 15.2, 0.1,  4
1815, 70103,17102017,17102022 220748, 853, 26197.6,  3.504,281.178,0.691769,359.6, 86.214,6.45e-01, 17.7,40.8, - 
1816, 70104,15052018,18102022 010714, 860, 26176.7, 71.080, 16.190,0.536023,359.9,315.885,1.98e-01, 17.1, 3.1,681
1817, 70105,20102018,17102022 212147,   2, 26170.3, 70.392,167.950,0.566045,  0.1,235.308,3.47e-01, 16.7, 0.1, 12
1818, 70106,10032019,18102022 022944,1217, 26172.4, 18.238,174.879,0.622973,  0.4, 36.315,7.06e-01, 17.9,53.5, - 
1819, 70107,27062019,18102022 003814,   3, 26164.7, 11.464,136.842,0.461274,  0.5,140.032,8.00e-02, 16.5, 0.1, 13
1820, 70108,03072019,17102022 182802, 676, 26169.2, 10.849,141.481,0.489661,  0.5,139.166,4.08e+00, 16.1, -  , - 
1821, 70109,28082019,18102022 021344,  35, 26196.4, 64.824, 29.186,0.706224,359.9, 10.424,1.95e-01, 13.2, 0.9,194
1822, 70112,19102021,17102022 162134, 301, 26158.0, 63.762,241.412,0.021217,  0.1,297.259,2.94e+00, 16.3,39.8, - 
1823, 70113,14112021,17102022 202904,  53, 26171.5, 62.673,179.313,0.694548,  0.1,277.040,2.64e-02, 18.4, 0.1,  3
1824, 70114,31072022,17102022 220741,  73, 26153.0, 68.424,311.821,0.530437,359.9,127.283,1.00e-02, 17.8, 0.1,  2
1825, 70115,01092022,17102022 222319,   5, 26179.7, 62.651,190.642,0.693951,  0.1,276.946,5.35e-02, 17.4, 0.1,  1
1826, 70200,20012012,17102022 215909,   3, 26189.9, 63.096,286.358,0.723117,360.0,266.459,1.12e-02, 13.5, 0.1,  1
1827, 70201,10082013,17102022 212225,   1, 26184.4, 62.642,182.740,0.695574,  0.1,277.945,3.40e-02, 13.4, 0.1,  1
1828, 70203,15082012,18102022 005425,   1, 26181.0, 62.687,177.147,0.694870,  0.1,277.123,3.02e-02, 13.5, 0.1,  1
1829, 70205,06072016,17102022 212300, 662, 25898.3, 29.486, 32.742,0.727704,359.8, 61.087,2.49e-01, 16.3,30.3, - 
1830, 70206,08062019,18102022 073104, 305, 26209.4, 10.253,156.940,0.410952,  0.6, 99.447,4.15e+00, 17.6, -  , - 
1831, 70207,25072019,18102022 040406, 714, 26210.9, 11.573, 98.483,0.511334,  0.1,202.515,2.73e+00, 16.9, -  , - 
1832, 70208,24082019,17102022 235154, 500, 26172.6, 11.418, 99.961,0.510510,  0.1,190.297,8.55e-01, 16.5,55.9, - 
1833, 70209,21112019,17102022 211938, 425, 26108.9, 10.205,127.249,0.516877,  0.4,160.653,5.23e+00, 15.8, -  , - 
1834, 70210,16092020,17102022 212138, 755, 26399.1, 12.909, 26.381,0.417426,359.5,323.887,1.77e+01, 17.9, -  , - 
1835, 70211,17062021,18102022 005114,   2, 26181.0, 62.683,177.137,0.694808,  0.1,277.115,3.34e-02, 17.1, 0.1,  3
1836, 70212,21102021,17102022 232712, 249, 26176.2, 12.829, 95.297,0.508275,  0.0,199.838,1.15e+00, 16.1,11.2, - 
1837, 70300,22052019,17102022 133951,1129, 26227.6, 12.890, 44.110,0.582833,359.6,297.505,5.12e+00, 14.8, -  , - 
1838, 70301,28052019,18102022 003712, 145, 26146.3, 10.247, 91.427,0.507904,  0.0,193.906,8.02e+00, 14.7,67.3, - 
1839, 70302,20062019,18102022 014837, 113, 26223.6, 11.270,101.650,0.519975,  0.1,195.049,2.27e+00, 16.9,31.9, - 
1840, 70303,27102019,17102022 150330, 726, 26238.5, 67.217, 82.339,0.637737,360.0,  6.027,8.82e-01, 16.1,55.8, - 
1841, 70304,02112019,18102022 095540,1077, 26231.9, 12.324,342.073,0.610697,359.4, 88.793,5.33e+00, 16.3, -  , - 
1842, 70305,06122020,17102022 205038, 650, 26227.9, 60.224, 95.897,0.697909,  0.0,305.567,1.15e+00, 14.2,47.7, - 
1843, 70306,01012022,18102022 015219, 203, 26133.3, 11.662,157.477,0.537958,  0.6, 82.874,9.22e+00, 15.5, -  , - 
1844, 70307,14022004,17102022 185735,   2, 26648.8, 63.578, 21.568,0.740305,359.9, 38.509,6.20e-02, 17.0, 0.2, 17
1845, 70400,19122012,17102022 164031,   2, 26236.2, 62.649,194.379,0.696006,  0.1,276.755,5.96e-03, 14.2, 0.1,  1
1846, 70401,23122009,17102022 142215,   4, 26253.1, 10.911,290.676,0.725118,359.8,284.868,1.63e-01, 15.1, 0.1, 22
1847, 70404,05022017,17102022 214126,1378, 26219.2, 62.686,189.097,0.694753,  0.1,277.230,7.64e-02, 17.0, 7.9,440
1848, 70406,10072018,18102022 030105,1495, 26252.7, 70.726, 77.268,0.666261,360.0, 41.429,1.79e-01, 16.2,20.1, - 
1849, 70407,01112018,17102022 222618,1415, 26221.5, 70.679,273.591,0.490399,360.0, 73.890,1.25e+01, 17.5, -  , - 
1850, 70408,14072015,17102022 193830,   2, 26234.4, 17.168,242.967,0.731664,  0.2,304.298,1.60e-01, 19.3, 0.1,  7
1851, 70409,26102019,17102022 190903,   0, 26208.8, 12.113,113.361,0.454838,  0.2,156.695,2.28e+00, 13.3, 0.6,150
1852, 70410,21062021,18102022 060127, 399, 26154.1,  9.611,143.819,0.437888,  0.6,124.307,3.06e+00, 16.4, -  , - 
1853, 70411,08092021,18102022 090637, 166, 26219.4, 11.642,123.188,0.481436,  0.3,152.814,2.67e-01, 13.5, 2.8,598
1854, 70412,27092021,18102022 002051, 385, 26935.2, 60.375,250.609,0.754246,  0.0, 46.897,1.00e-02, 16.0, 1.3, 52
1855, 70500,24032009,18102022 042929,   1, 26248.8,  2.877, 15.291,0.697267,357.6,269.847,1.82e-01, 12.2, 0.1, 15
1856, 70501,23072012,17102022 144755,   5, 26310.9,  4.154,322.157,0.723354,358.7,269.241,1.13e-01, 17.3, 0.1,  7
1857, 70502,04112013,18102022 060527,   7, 26247.7, 62.716,175.671,0.695430,  0.1,276.998,1.49e-02, 18.2, 0.1,  1
1858, 70503,21012017,17102022 162517, 262, 26190.7,  7.899, 55.197,0.726673,359.5,245.067,4.54e-01, 16.6,32.7, - 
1859, 70505,05122018,17102022 214624,1355, 25775.5, 25.068,189.815,0.739557,  0.3, 82.948,2.89e-01, 16.8,46.5, - 
1860, 70506,06082022,18102022 091651,  10, 26242.5, 61.404,310.018,0.691399,359.9,155.932,1.06e+00, 17.0, 0.2, 31
1861, 70600,12092012,17102022 143822,   1, 26321.3, 18.756,249.147,0.668974,  0.1,326.571,2.16e-02, 16.2, 0.1,  1
1862, 70601,19052013,17102022 223753,  80, 26286.7, 64.723,229.192,0.596855,  0.1,295.830,3.89e-01, 17.5, 1.8,408
1863, 70602,10082013,17102022 221132, 947, 26434.1, 64.471,278.403,0.638114,360.0,297.246,1.24e+00, 16.4,94.9, - 
1864, 70603,09022017,17102022 212854,2073, 26293.8, 61.476,209.065,0.581977,  0.1,294.434,4.10e+00, 13.4,40.8, - 
1865, 70604,29012018,17102022 233342,   4, 26337.7, 65.482, 14.422,0.697218,359.9, 16.352,1.81e-01, 16.5, 0.1, 16
1866, 70605,22082018,17102022 173416,1459, 26316.0, 70.169, 57.141,0.584317,359.9,334.346,1.12e+00, 17.2, -  , - 
1867, 70606,30092018,18102022 013827, 742, 26268.5, 71.050,158.791,0.588505,  0.1,112.315,1.30e-02, 16.4, 2.1,412
1868, 70607,13022019,18102022 050724, 302, 26146.7, 24.583,293.782,0.739002,359.9,  8.510,7.60e-02, 16.5, -  , - 
1869, 70609,27032019,17102022 233256,1297, 26278.9, 22.137,166.210,0.719625,  0.3,122.323,1.07e-02, 18.6, 4.9, 63
1870, 70610,28072019,18102022 001212, 686, 26362.3, 11.839,103.422,0.510698,  0.1,191.078,4.10e+00, 15.6, -  , - 
1871, 70611,25082019,17102022 232317,1085, 26264.8, 12.763,121.020,0.428325,  0.3,139.571,5.21e-01, 17.3,45.2, - 
1872, 70612,28092019,18102022 075409, 766, 26306.6, 10.352,108.125,0.461107,  0.2,168.597,4.61e+00, 15.4, -  , - 
1873, 70700,03032012,18102022 024401,1218, 23407.5, 62.857,166.117,0.682757,  0.1,284.682,7.64e-02, 15.3, 4.0,945
1874, 70701,23062009,18102022 033820,  64, 26372.1,  4.788,352.651,0.698664,358.5, 41.726,9.67e-02, 16.6, 0.9,193
1875, 70702,25012013,17102022 201853,   1, 26368.8, 26.353,164.135,0.737591,  0.3,314.502,2.70e-02, 14.2, 0.1,  1
1876, 70703,19032014,17102022 234509,2005, 26306.9, 63.344,130.751,0.708951,  0.1,262.541,1.60e-01, 15.8,61.1, - 
1877, 70705,13122014,17102022 140702,   1, 26567.1, 62.693,221.395,0.679880,  0.1,271.051,1.25e-02, 10.6, 0.1,  1
1878, 70707,30102015,18102022 072148,1557, 26343.5, 67.043, 97.490,0.550435,  0.0,112.067,2.27e-01, 15.4,96.5, - 
1879, 70708,08102016,18102022 012010,   4, 26316.6, 71.805,192.577,0.580735,  0.1,208.254,1.26e-01, 15.7, 0.1,  8
1880, 70709,21062017,17102022 220631,1564, 26302.1, 65.504,345.895,0.390226,359.9,347.125,1.34e+00, 16.4, -  , - 
1881, 70710,24092017,17102022 195616,   1, 26571.7, 63.090,294.606,0.711058,359.9,268.435,9.04e-03, 10.6, 0.1,  1
1882, 70711,09072018,18102022 032134,1493, 26263.6,  1.206, 70.473,0.699944,357.7,166.245,9.59e-01, 18.2, -  , - 
1883, 70712,24112018,18102022 002937,   0, 26320.1, 20.699,212.858,0.549867,  0.3, 54.299,2.38e-01, 16.3, 0.1,  5
1884, 70713,23082019,18102022 010609,1065, 26390.5, 11.837,156.538,0.490041,  0.6,129.220,6.78e+00, 16.1, -  , - 
1885, 70716,13012021,18102022 051211,   1, 26320.5, 63.567, 79.404,0.725257,360.0, 44.125,1.00e-02, 17.1, 0.1,  1
1886, 70717,27052021,18102022 053338, 383, 26422.1, 63.420, 56.193,0.740874,359.9, 44.581,1.69e-01, 17.0, -  , 80
1887, 70718,11122021,18102022 014057, 241, 26291.8, 11.632,136.662,0.371916,  0.5,121.264,2.80e+00, 16.2,15.0, - 
1888, 70800,11092012,17102022 204636, 254, 26323.4, 62.402,297.149,0.685270,359.9,248.019,1.28e-01, 13.5, 3.7,835
1889, 70801,02042016,17102022 172637,1961, 26350.1, 64.336,252.676,0.625830,  0.0,299.665,4.27e-01, 14.8,19.4, - 
1890, 70802,09082016,18102022 061538,1870, 26347.5, 62.818,253.835,0.702935,  0.0,272.342,1.03e-02, 16.3, 7.6,177
1891, 70803,03042017,18102022 013949,1579, 26393.1, 63.216,154.108,0.707775,  0.1, 44.512,8.64e-01, 16.6,94.5, - 
1892, 70804,10022018,17102022 232253,   5, 22201.1, 62.773,157.549,0.674077,  0.1,288.183,1.06e-02, 16.1, 0.1,  2
1893, 70805,15062019,17102022 155512, 740, 26300.8, 12.621,103.025,0.555690,  0.1,204.672,5.79e+00, 14.9, -  , - 
1894, 70806,05062019,18102022 062254,1205, 26329.1,  9.868,120.892,0.498882,  0.4,156.939,6.00e+00, 16.0, -  , - 
1895, 70807,21072019,17102022 215617, 169, 26307.0, 10.037,121.956,0.482690,  0.4,156.833,2.77e+00, 16.3,24.8, - 
1896, 70808,10082019,18102022 014547, 324, 26437.3,  9.365,155.954,0.463508,  0.7,125.387,4.64e+00, 15.9, -  , - 
1897, 70809,26082019,17102022 214159,   4, 26351.9, 71.563,162.193,0.524947,  0.1,  8.561,1.02e-02, 16.1, 0.1,  1
1898, 70810,16012020,18102022 015537, 580, 26113.4, 10.751,138.564,0.491037,  0.5,115.062,8.42e+00, 15.7, -  , - 
1899, 70811,13092020,17102022 223025,   6, 26364.4, 69.165,152.596,0.599229,  0.1, 18.745,3.49e-01, 15.5, 0.2, 51
1900, 70812,09092017,17102022 185257, 586, 26341.6, 70.689,120.040,0.539970,  0.1,  1.188,1.69e-01, 15.5,30.8, - 
1901, 70813,27062021,18102022 090710, 473, 26433.4,  5.574,134.088,0.619478,  0.9,  2.427,7.73e+00, 17.7, -  , - 
1902, 70814,29122021,18102022 022118, 249, 26331.0, 10.694,124.288,0.484919,  0.4,157.461,7.29e+00, 15.5,54.0, - 
1903, 70815,07102022,17102022 163920,   2, 26333.8, 68.858,219.783,0.480099,  0.1, 57.343,2.02e-01, 17.8, 0.1,  1
1904, 70900,07062008,17102022 153421,   6, 26400.0, 64.571, 84.223,0.705171,360.0, 34.083,1.02e-02, 16.4, 0.1,  1
1905, 70902,16052019,17102022 204943,1108, 26316.6, 10.777,108.318,0.521604,  0.2,196.902,7.06e+00, 14.8, -  , - 
1906, 70903,29072019,17102022 233607, 113, 26366.8, 12.038, 98.824,0.537811,  0.1,195.540,2.02e+00, 15.8,20.7, - 
1907, 70904,02082019,17102022 165837,1141, 26344.2, 11.612,103.254,0.495613,  0.1,178.175,3.47e+00, 17.5, -  , - 
1908, 70905,02112019,18102022 021508,1078, 26349.7, 59.815,241.429,0.674033,  0.1,262.565,2.65e-01, 18.1,90.7, - 
1909, 70906,09122019,18102022 012044, 111, 26372.6, 11.887,117.928,0.494059,  0.3,166.252,5.35e-02, 15.7, 0.7, 65
1910, 70908,05082020,18102022 083800,  62, 26360.8, 64.554, 74.999,0.710372,360.0, 36.066,9.12e-02, 16.8, 0.8,186
1911, 70909,02062021,18102022 002707, 306, 26480.9, 62.723,121.886,0.732826,  0.1, 46.599,1.04e-01, 14.0, 5.9, 55
1912, 70910,08032022,17102022 233444, 103, 26370.2, 69.583,137.294,0.597733,  0.1,242.647,6.59e-01, 16.1, 5.0, - 
1913, 71000,28032011,17102022 141310,   1, 26438.9, 26.659,133.774,0.736804,  0.2,  7.194,2.45e-02, 12.8, 0.1,  1
1914, 71001,18112012,17102022 200452, 615, 26381.8, 62.874,283.124,0.720476,360.0,268.080,1.71e-01, 15.8,12.6,904
1915, 71002,14092012,17102022 220813,   1, 26401.2, 18.341,261.703,0.668291,  0.1,311.811,7.85e-02, 15.6, 0.1,  3
1916, 71003,26062013,17102022 142416,  16, 26386.2, 63.358,147.474,0.699079,  0.1,262.839,1.01e-01, 16.7, 0.1, 15
1917, 71004,01122014,17102022 191529,  10, 26389.1, 70.736,161.622,0.513997,  0.1, 39.451,1.45e-01, 16.8, 0.1, 24
1918, 71006,07042021,18102022 022755, 491, 26377.8, 66.202,182.945,0.436291,  0.1,207.905,4.71e+00, 16.8,11.2, - 
1919, 71007,08112021,17102022 231804,   8, 26431.7, 64.275,137.307,0.699002,  0.1, 42.011,3.69e-01, 16.1, 0.1, 12
1920, 71008,07102022,17102022 161119,   2, 26408.5, 72.425, 28.059,0.571700,359.9,302.222,8.87e-01, 16.6, 0.1,  9
1921, 71100,07052012,17102022 203632, 426, 26404.7, 63.526, 17.539,0.738257,359.9,264.838,1.58e-01, 14.3, -  ,942
1922, 71101,15082013,17102022 220354,3343, 26428.5, 63.082,153.738,0.607688,  0.1,309.528,2.22e-01, 14.9,35.2, - 
1923, 71102,05042015,18102022 060224,   2, 26475.8, 63.619,241.517,0.713702,  0.1, 12.098,1.34e-01, 17.5, 0.1, 11
1924, 71103,19032010,18102022 000615, 552, 26461.1,  4.075, 76.491,0.717506,359.6, 25.185,3.94e-02, 17.7, 4.9,699
1925, 71104,19012017,17102022 184808, 898, 26426.5, 74.115, 17.590,0.596362,359.9, 81.713,2.00e-01, 16.5,15.3, - 
1926, 71106,16032019,17102022 143221,1251, 26512.6, 43.053,230.803,0.383154,  0.1,341.667,6.32e+01, 17.2, -  , - 
1927, 71108,23072019,17102022 202252, 753, 26460.8, 13.874, 84.548,0.559160,359.9,222.353,3.48e+00, 15.7, -  , - 
1928, 71110,22082019,17102022 222419,1059, 26519.5, 10.511, 76.324,0.486231,359.8,233.003,1.35e+01, 15.6, -  , - 
1929, 71111,26082019,18102022 080150, 101, 26224.9, 10.958,116.807,0.591261,  0.3,170.921,4.78e+00, 14.9,61.3, - 
1930, 71112,29082019,18102022 002859, 680, 26316.1, 11.082,153.422,0.429977,  0.6,104.487,4.39e+00, 16.9,93.2, - 
1931, 71113,28102019,18102022 083320, 726, 26391.8, 10.112,162.276,0.444697,  0.7, 94.081,6.55e+00, 16.8, -  , - 
1932, 71114,28112019,18102022 025747, 972, 26380.4, 11.958,113.031,0.500919,  0.2,174.163,1.01e+00, 18.5,29.2, - 
1933, 71115,16012020,17102022 233627, 573, 26457.3,  9.493,112.552,0.698556,  0.3,336.937,1.28e-01, 16.9,16.4, - 
1934, 71116,10072020,18102022 061331, 726, 26390.3, 12.345,111.012,0.543409,  0.2,193.384,6.16e+00, 15.0, -  , - 
1935, 71117,15122020,18102022 075308,   6, 26440.7, 67.574,180.581,0.616277,  0.1, 28.016,4.72e-01, 16.9, 0.3, 73
1936, 71119,12082020,18102022 021455, 304, 26399.6, 62.562, 36.736,0.745265,359.9, 52.489,1.73e-01, 16.5, -  ,996
1937, 71120,07092021,18102022 055056,   6, 26440.5, 67.468,154.411,0.640996,  0.1, 20.169,1.56e-01, 16.9, 0.1,  5
1938, 71121,17092022,17102022 210458,  28, 26415.7, 70.938,149.840,0.530906,  0.1, 23.073,1.71e+00, 17.5,14.4, - 
1939, 71200,19102015,18102022 002348,   2, 26428.0, 63.464, 16.724,0.726570,359.9,265.336,2.52e-01, 14.6, 0.1, 10
1940, 71201,20092015,17102022 185708, 150, 26412.0,  0.252, 10.346,0.682151,331.8, 86.574,6.58e-01, 17.8, 3.3,668
1941, 71203,19102017,17102022 140134,1303, 26490.2,  6.233,123.887,0.735396,  0.6,322.694,5.12e-02, 18.6, -  ,211
1942, 71206,02082019,17102022 185003,1111, 26417.9,  8.947,139.902,0.463890,  0.6,118.943,8.78e+00, 17.4,73.8, - 
1943, 71207,14082019,18102022 014304, 733, 26509.5, 10.990,139.589,0.502054,  0.5,141.388,6.54e+00, 16.5, -  , - 
1944, 71208,16102019,17102022 224451, 695, 26494.0, 11.996,134.562,0.542581,  0.4,165.908,6.73e+00, 15.9, -  , - 
1945, 71213,22092020,18102022 015508, 304, 15063.7, 62.268,330.108,0.567544,359.9, 53.339,5.41e-02, 16.0, 1.0,146
1946, 71214,25062022,18102022 062930,  11, 26433.5, 63.213,241.435,0.690008,  0.1,269.791,1.24e-01, 15.7, 0.1,  8
1947, 71300,20032015,18102022 074403, 567, 26555.0, 64.539, 57.975,0.697133,359.9, 32.622,1.41e+00, 15.0, -  , - 
1948, 71302,15012018,17102022 185903,   3, 26455.5, 68.808, 14.398,0.559161,359.9,153.442,1.62e+00, 15.1, 0.1,  7
1949, 71304,14052019,18102022 013934, 307, 26450.3, 11.353,140.098,0.442401,  0.5,123.837,7.61e-02, 17.6, 3.5,747
1950, 71305,03072019,17102022 200113,   7, 26441.9, 11.375,139.247,0.444825,  0.5,125.631,1.42e-01, 17.3, 0.1, 15
1951, 71306,20102019,17102022 225614,   2, 26406.3, 57.175,251.222,0.709050,  0.0,273.225,2.58e+00, 14.4, 0.2, 45
1952, 71307,04032020,18102022 021449, 942, 26503.8, 12.663,247.128,0.720860,  0.2,325.122,4.40e-01, 19.1, -  , - 
1953, 71308,19072020,18102022 064313, 732, 26440.6, 11.223,146.079,0.431317,  0.5,115.304,7.66e-02, 15.7, 1.8,378
1954, 71309,17112020,18102022 012916,   2, 26492.0, 66.786,168.735,0.643060,  0.1, 27.976,5.74e-01, 15.5, 0.2, 53
1955, 71311,01122019,17102022 223810, 305, 26739.1, 62.915, 14.256,0.756144,359.9, 48.922,1.00e-02, 16.9, 2.3,400
1956, 71312,16082021,17102022 222310, 425, 26326.7, 15.485, 83.710,0.595655,359.9,191.949,8.74e+00, 16.1,16.6, - 
1957, 71313,16082021,18102022 004249, 425, 11738.8, 61.743,307.835,0.444186,359.9, 63.481,7.33e-02, 17.0, 3.1,962
1958, 71314,01112021,18102022 051244,  10, 26452.3, 69.407,349.754,0.469221,359.9,116.799,1.16e+00, 17.3, 0.2, 40
1959, 71315,09042022,17102022 222514,  19, 26449.7, 71.288,160.122,0.593446,  0.1,205.866,9.16e-01, 17.1, 0.3, 50
1960, 71316,30082022,18102022 045033,  19, 26462.5, 67.744,170.134,0.621900,  0.1, 24.123,1.41e-01, 17.9, 0.2, 34
1961, 71401,29062006,17102022 215904,2287, 26677.4, 63.198,313.444,0.708214,359.9,260.428,2.02e-01, 15.2, -  , - 
1962, 71402,06012013,18102022 025953,   7, 26463.2, 26.973, 89.004,0.741673,360.0, 68.565,4.30e-03, 16.6, 0.1,  3
1963, 71403,22122016,18102022 020320,  70, 26480.1, 63.177,122.564,0.705555,  0.1,268.911,1.44e-01, 15.7, 0.7,142
1964, 71404,08072017,17102022 174455,  21, 26485.4, 64.090,318.264,0.705917,359.9,266.853,5.32e-03, 18.1, 0.1,  3
1965, 71405,08122017,17102022 184205,1772, 26478.7, 48.215,209.128,0.439402,  0.1,207.972,1.51e+01, 17.6, -  , - 
1966, 71406,21122017,17102022 225100,   3, 26479.4, 71.872,184.633,0.518306,  0.1, 14.842,1.93e-01, 17.1, 0.1, 14
1967, 71407,26032018,18102022 032356,1586, 26479.8, 69.120, 82.585,0.645923,360.0, 99.771,6.46e-01, 17.3,40.7, - 
1968, 71408,31032018,17102022 232112,1371, 26431.3, 59.874,270.094,0.726011,  0.0,238.018,6.01e-01, 16.1, -  , - 
1969, 71409,03092018,17102022 183200,   1, 26476.2, 20.744,226.516,0.526907,  0.2, 28.176,1.76e-01, 16.6, 0.1,  7
1970, 71410,09112018,17102022 161058,   4, 26501.5,  9.919,123.210,0.599713,  0.4,308.154,5.42e-01, 17.6, 0.1, 16
1971, 71411,20062019,18102022 045528, 177, 26533.8, 11.841,128.197,0.458531,  0.4,138.266,3.49e+00, 15.1,35.8, - 
1972, 71412,03072019,18102022 014327,1054, 26501.0, 10.497,141.634,0.437447,  0.5,130.874,3.20e+00, 16.2, -  , - 
1973, 71413,20072019,18102022 043318, 783, 26565.4, 11.680,122.708,0.540635,  0.3,163.575,6.22e+00, 17.1, -  , - 
1974, 71414,30072019,18102022 023619,1136, 26490.0,  8.655,171.487,0.416392,  0.8, 61.278,5.08e+00, 17.8, -  , - 
1975, 71415,12082019,17102022 220053, 463, 26350.7, 66.418,280.670,0.741909,360.0,351.132,5.87e-01, 16.2,11.3, - 
1976, 71416,09112019,18102022 035758, 306, 26453.4, 25.640, 33.707,0.728238,359.8,179.376,2.14e-01, 17.1, 7.0, - 
1977, 71418,06072021,18102022 071739, 379, 26507.1, 24.702,336.209,0.735745,359.7,308.324,3.62e-01, 14.8,69.5, - 
1978, 71419,14092022,17102022 184758,  28, 26480.8, 71.417,145.579,0.521841,  0.1,353.426,3.13e-01, 17.2, 0.2, 42
1979, 71500,28102010,17102022 180146,   0, 26536.4, 27.534, 85.266,0.730332,360.0,176.727,1.47e-02, 13.0, 0.1,  1
1980, 71502,06062010,18102022 034207, 143, 26526.8, 67.315,350.135,0.603996,359.9,  4.929,9.86e-01, 14.0,16.6, - 
1981, 71503,02072013,17102022 224653,1034, 26502.9, 71.642,196.163,0.478147,  0.1, 33.733,1.33e+00, 16.3, -  , - 
1982, 71504,27072016,17102022 222513, 152, 26472.0, 24.805,346.117,0.729881,359.7,289.326,3.06e-01, 16.0, 5.6, - 
1983, 71506,30072019,18102022 061853, 229, 26541.5, 10.594,155.433,0.463074,  0.6,110.356,2.38e+00, 15.5,71.2, - 
1984, 71507,04082019,18102022 070451, 685, 26495.9, 11.319,140.865,0.447279,  0.5,124.197,4.07e-02, 18.5, 1.4,229
1985, 71508,06082019,18102022 005813,1142, 26362.3, 29.252,134.470,0.711698,  0.2,224.508,1.52e+00, 15.8, 7.9, - 
1986, 71511,15072021,18102022 083058, 389, 26013.7, 62.037, 69.528,0.746070,359.9, 54.479,7.62e-02, 16.5, 9.5, - 
1987, 71512,21082022,17102022 200417,  21, 26692.5, 14.910,334.149,0.390139,359.6,247.757,7.04e+01, 16.2,70.7, - 
1988, 71513,28082022,18102022 082746,   1, 26521.8, 72.135,168.974,0.539883,  0.1,  7.299,4.97e-01, 17.6, 0.1,  2
1989, 71601,06122012,18102022 034210,   2, 26564.0, 27.833, 30.597,0.729526,359.8,271.959,2.31e-02, 10.5, 0.1,  1
1990, 71602,05112015,17102022 230447,   2, 26494.3,  4.169, 12.053,0.724723,358.3,162.604,1.89e-01, 16.9, 0.1,  7
1991, 71603,09022017,17102022 155102,   4, 26584.3, 62.782, 53.304,0.654304,359.9,307.552,2.97e-01, 14.3, 0.1, 19
1992, 71604,20042017,18102022 063427,1222, 26617.8, 62.381,227.175,0.680528,  0.1, 37.871,5.91e-02, 16.5,11.9, - 
1993, 71605,17122017,17102022 234144,1737, 26495.5,102.863,331.313,0.407117,359.9,247.916,5.21e+01, 16.7, -  , - 
1994, 71606,24082019,18102022 063754, 703, 26595.1, 14.055,120.296,0.409032,  0.3,131.515,4.24e+00, 16.6, -  , - 
1995, 71607,26082019,17102022 235638, 799, 26498.9, 10.794,134.840,0.474556,  0.5,101.265,5.80e+00, 17.8, -  , - 
1996, 71608,26032021,18102022 033123, 214, 26543.9, 11.943,100.842,0.533317,  0.1,188.285,5.97e+00, 12.3,63.9, - 
1997, 71609,28042021,17102022 222518,   3, 26546.9, 62.684,192.563,0.709497,  0.1, 42.397,1.63e-02, 17.0, 0.1,  2
1998, 71610,30102021,18102022 080109, 310, 26549.8, 21.185,237.347,0.517913,  0.2,355.382,6.40e+00, 18.2,51.0, - 
1999, 71611,04122021,18102022 005257, 261, 26515.8, 11.395,162.766,0.395314,  0.6, 81.402,2.53e+00, 16.9,68.2, - 
2000, 71612,30062022,18102022 035615,  62, 26546.9, 71.418, 81.395,0.515277,360.0,342.165,9.96e-02, 16.8, 0.6,134
2001, 71700,28082013,17102022 150013,   2, 26570.5, 63.476, 52.333,0.715898,359.9,272.519,1.10e-02, 10.5, 0.1,  1
2002, 71701,02112013,17102022 124806,   0, 26573.5, 64.288, 49.938,0.744624,359.9,264.911,1.44e-02, 10.7, 0.1,  1
2003, 71702,15052013,17102022 154557,   0, 26560.8, 62.883,253.447,0.695996,  0.0,274.318,1.93e-02, 10.3, 0.1,  1
2004, 71703,19062013,17102022 184421,   1, 26564.9, 62.786,281.421,0.685847,360.0,262.002,2.05e-02, 10.4, 0.1,  1
2005, 71704,30122013,17102022 173001,   1, 26573.0, 63.420,290.933,0.733035,360.0,272.418,1.00e-02, 10.9, 0.1,  1
2006, 71705,20082013,17102022 204809,   2, 26566.9, 63.647,126.674,0.685048,  0.1,269.104,1.13e-02, 10.6, 0.1,  1
2007, 71706,11082013,17102022 154256,   1, 26565.9, 64.141, 65.364,0.633540,359.9,276.485,1.55e-02, 10.2, 0.1,  1
2008, 71707,14082013,17102022 134328,   1, 26564.3, 62.638,210.135,0.659970,  0.1,284.372,1.06e-02, 12.3, 0.1,  1
2009, 71708,18082012,17102022 135623,   3, 26603.1, 62.555,104.284,0.725101,  0.0,266.153,1.17e-02, 11.9, 0.1,  1
2010, 71709,06102012,17102022 235149,   3, 25466.2, 25.227,142.560,0.732065,  0.2,169.288,1.03e-01, 18.2, 1.1,  8
2011, 71710,30082014,17102022 173016, 976, 18579.2, 62.585,162.143,0.631967,  0.1,293.569,1.77e-02, 17.2, 1.4,261
2012, 71711,26042016,17102022 203457,2357, 25537.6, 32.216,347.590,0.713226,359.8,  4.338,8.19e-01, 16.3,79.3, - 
2013, 71712,09022017,18102022 000248,  10, 26536.2, 70.725,282.438,0.578586,360.0,273.141,3.50e-01, 17.0, 0.1, 12
2014, 71713,20082017,17102022 222044,1742, 26533.2, 26.233, 56.931,0.579093,359.8,282.114,2.05e-01, 17.6, -  , - 
2015, 71714,20082017,18102022 081558,  18, 26566.3, 70.987,111.345,0.552907,  0.0,  0.200,8.58e-02, 16.6, 0.1, 12
2016, 71715,24022018,18102022 060323,  12, 26540.6, 67.077,231.109,0.544428,  0.1, 43.161,1.70e-01, 17.4, 0.1, 27
2017, 71716,03102018,17102022 213041,1273, 26530.9, 70.692,294.789,0.536243,359.9,205.548,8.28e-01, 16.8,66.7, - 
2018, 71717,07042019,17102022 232134,   0, 26490.9, 11.674,123.601,0.462661,  0.3,148.634,1.87e+00, 15.6, 0.1,  8
2019, 71718,18062019,18102022 045552,1057, 26551.3, 11.260,148.605,0.463373,  0.5,121.551,1.07e+00, 15.8, -  , - 
2020, 71719,06072019,18102022 011541,   1, 26541.7, 11.837,126.414,0.466738,  0.4,143.395,1.47e-01, 12.8, 0.1,  8
2021, 71720,19072019,17102022 224907,   0, 26600.5, 12.044,128.196,0.463646,  0.4,135.381,9.24e-01, 16.5, 0.1, 32
2022, 71721,07082019,18102022 005433,1093, 26608.9, 21.011,206.471,0.546470,  0.3, 46.197,1.39e+00, 17.8, -  , - 
2023, 71722,25082019,17102022 235812,1109, 26544.1, 11.455,136.164,0.489297,  0.5,143.378,1.59e-01, 17.6,14.6, - 
2024, 71723,26082019,17102022 223734,   0, 26727.9, 10.380,163.613,0.381758,  0.7, 82.967,1.44e+00, 14.0, 0.2, 52
2025, 71724,10072009,17102022 203650, 862, 26406.9, 26.834, 79.682,0.740118,359.9,182.006,6.38e-02, 16.0, -  ,774
2026, 71725,10032007,17102022 231004, 780, 26592.4, 24.391, 84.087,0.734393,360.0,261.407,1.16e-01, 18.1,83.1,673
2027, 71726,03112020,18102022 014023, 621, 26545.1, 11.540,149.649,0.461327,  0.5,122.143,1.57e+00, 15.4, -  , - 
2028, 71727,12112020,18102022 075419,   1, 26617.8, 62.455,174.623,0.716917,  0.1, 43.113,1.16e-02, 15.9, 0.1,  1
2029, 71728,12122020,17102022 224048, 602, 26574.7, 66.434,190.621,0.636173,  0.1, 36.379,6.39e-01, 16.4,25.4, - 
2030, 71729,19022021,17102022 223811,   5, 26551.8, 65.826,311.041,0.588004,359.9, 55.456,8.23e-02, 16.2, 0.1,  1
2031, 71731,14102021,18102022 021757, 303, 26587.5, 20.624,222.510,0.529799,  0.3, 32.193,2.40e-01, 16.0, 3.5,787
2032, 71732,29082022,18102022 013948,  10, 26579.4, 68.129,174.125,0.622158,  0.1, 23.914,1.94e-01, 17.5, 0.1,  2
2033, 71733,30082022,18102022 002014,   0, 26542.1,112.672,336.718,0.601444,359.9,206.104,3.87e+01, 17.0, 0.2, 38
2034, 71734,26092022,18102022 055500,  17, 26544.0, 10.806,153.812,0.493566,  0.6,112.667,4.47e-01, 17.8, 6.9, - 
2035, 71735,30092022,17102022 163242,   4, 26556.2, 68.586,205.701,0.530199,  0.1, 37.144,1.32e-01, 17.6, 0.1,  3
2036, 71800,10082013,17102022 194956,   1, 26572.9, 61.919,205.993,0.702662,  0.1,269.710,1.33e-02, 12.1, 0.1,  1
2037, 71801,22102016,17102022 235408,  29, 26600.4,  1.662,105.573,0.697565,  1.2, 57.868,7.18e-01, 17.7, 1.2,258
2038, 71802,19032017,18102022 044352, 589, 26663.3, 26.557,129.158,0.739456,  0.2, 22.774,3.00e-03, 17.1,32.2, 32
2039, 71803,20082017,17102022 132919,1877, 26593.8, 26.144, 59.909,0.575682,359.9,277.048,4.38e-01, 18.2,59.8, - 
2040, 71804,16092017,18102022 000009,1772, 26654.0, 64.732,309.896,0.723302,359.9,350.920,1.50e-01, 16.5,80.3, - 
2041, 71805,24102017,17102022 234914, 735, 26561.5, 69.124,112.441,0.597120,  0.0,356.259,6.89e-02, 16.7, 1.5,331
2042, 71806,26112017,18102022 050812,   2, 26605.5, 71.851,172.220,0.525452,  0.1,  6.543,2.36e-01, 15.2, 0.1,  1
2043, 71807,23122017,17102022 194520,1636, 26864.4, 57.929,346.331,0.320884,359.9,187.256,4.71e+01, 17.3, -  , - 
2044, 71808,19022018,17102022 210819,   4, 25468.8, 22.498,154.520,0.734309,  0.3,228.081,5.76e-02, 15.1, 0.6,  7
2045, 71809,01102018,18102022 020359,  12, 26562.9, 71.634,131.754,0.606048,  0.1,177.401,1.61e-01, 16.9, 0.2, 42
2046, 71810,05062019,17102022 225423,1084, 26544.5,  9.945,132.525,0.484223,  0.5,137.304,4.31e+00, 16.1, -  , - 
2047, 71811,21072019,18102022 021530,   1, 26579.6, 11.821,127.629,0.463556,  0.4,140.851,5.20e-02, 15.2, 0.1,  7
2048, 71812,27082019,17102022 200105,1054, 26503.9, 10.952,107.783,0.532425,  0.2,132.523,7.72e+00, 17.6, -  , - 
2049, 71814,14012020,17102022 231420, 125, 26500.7, 12.450,134.020,0.435885,  0.4,137.543,2.70e+00, 16.4,46.9, - 
2050, 71815,10122019,17102022 231342, 535,  8749.8, 62.341,  9.736,0.258287,359.9, 51.772,2.37e-02, 18.0, 5.4,341
2051, 71817,09102020,17102022 223627,  41, 26559.5, 11.135,160.481,0.437183,  0.6,100.114,1.58e+00, 17.1, 1.6,372
2052, 71818,26022015,18102022 005148,   1, 26618.6, 65.914,319.920,0.638672,359.9, 11.155,1.03e-02, 16.7, 0.1,  1
2053, 71901,26082013,18102022 015803,   0, 26544.4, 64.126,339.718,0.699492,359.9,275.810,1.27e-02, 12.2, 0.1,  1
2054, 71903,20082009,17102022 225947,   1, 26602.3, 71.717,166.789,0.529620,  0.1,  1.650,1.25e-02, 15.1, 0.1,  1
2055, 71904,03032014,17102022 183017,   6, 26617.5, 63.314,156.876,0.670386,  0.1,263.583,1.58e-01, 14.3, 0.1, 18
2056, 71905,04032018,18102022 032501,   8, 26621.6, 71.483,141.757,0.519717,  0.1,343.304,1.96e-01, 16.3, 0.3, 61
2057, 71906,28012019,18102022 070612,1234, 26606.2, 72.580,  5.917,0.563694,359.9,277.091,5.30e-01, 15.1,13.1, - 
2058, 71907,10082019,18102022 044944, 260, 26574.6,  9.649,146.325,0.456533,  0.6,114.920,2.51e+00, 16.4, -  , - 
2059, 71908,25092019,18102022 054621,   5, 26596.6, 11.189,148.257,0.447451,  0.5,114.491,1.11e-01, 15.1, 0.2, 24
2060, 71909,29092019,18102022 005904, 237, 26428.7, 10.242,138.580,0.516095,  0.5,123.179,4.10e+00, 15.8, -  , - 
2061, 71910,18102019,18102022 035627, 723, 26604.1, 11.841,135.840,0.513987,  0.4,152.827,1.84e-01, 16.8,62.4, - 
2062, 71911,23102019,17102022 232032, 173, 26589.0, 11.354,148.435,0.454686,  0.5,123.418,1.34e+00, 17.4,34.0, - 
2063, 71912,02032020,18102022 084455, 591, 26603.6, 11.242,149.545,0.460081,  0.6,117.243,8.81e-02, 16.7, 0.8,179
2064, 71915,21082020,17102022 142813,   7, 26614.7, 71.651,162.188,0.531084,  0.1,357.593,1.84e-01, 15.8, 0.1, 10
2065, 71916,20022021,18102022 083945, 586, 26637.2,  5.098,265.745,0.556809,  0.1,139.426,9.95e-01, 19.2,11.7, - 
2066, 71917,25022020,17102022 220903, 368, 28410.2, 62.701, 62.853,0.767751,359.9, 51.638,1.00e-02, 16.5,12.7, - 
2067, 71918,07092021,18102022 052110,   2, 26623.9, 71.704,165.277,0.531249,  0.1,357.359,1.73e-01, 16.6, 0.1,  6
2068, 71919,11032022,18102022 095531, 160, 26626.1,  4.289, 53.098,0.721509,359.0, 72.419,9.04e-01, 16.9, 4.8,269
2069, 71920,28032022,17102022 175218, 110, 26598.4, 64.378,300.467,0.644653,359.9, 40.793,1.40e-01, 16.5, 0.6,130
2070, 72000,13102007,18102022 014426,   2, 26611.9, 70.536,191.919,0.418867,  0.1, 64.783,1.97e-01, 13.2, 0.1, 11
2071, 72001,27042019,17102022 225302, 724, 26562.3, 11.226,135.889,0.482199,  0.5,138.446,3.54e+00, 16.3, -  , - 
2072, 72002,28072019,17102022 201026,  82, 26648.4, 13.862,108.081,0.444824,  0.2,151.388,2.65e+00, 14.9,16.9, - 
2073, 72003,30092019,17102022 181936,1018, 26589.1, 10.983,123.191,0.513437,  0.4,145.752,1.06e+00, 17.9,57.4, - 
2074, 72004,21102019,17102022 220018, 154, 26597.4, 11.034,125.107,0.536080,  0.4,147.900,4.50e-01, 15.9,12.6, - 
2075, 72006,19122019,18102022 030854, 995, 26503.8, 10.557,120.196,0.554538,  0.3,144.867,7.79e+00, 16.2, -  , - 
2076, 72007,29042020,18102022 021931, 772, 26658.5, 66.161,339.467,0.647600,359.9, 23.350,5.31e-01, 15.6, -  , - 
2077, 72008,30062020,17102022 225557,   1, 26509.2,  9.350,170.607,0.388254,  0.8, 94.527,5.13e+00, 14.5, 1.1,245
2078, 72009,20062021,18102022 075046, 298, 26658.2, 62.414,117.233,0.747638,  0.1, 42.653,9.94e-02, 16.0, -  , - 
2079, 72100,29012010,18102022 001108, 120, 26669.8, 72.254, 45.498,0.474032,359.9,321.114,8.16e-01, 15.5, 6.1, - 
2080, 72101,19122009,18102022 065613,1288, 26653.0, 71.849, 34.242,0.600490,359.9, 70.454,4.19e+00, 15.9,26.3, - 
2081, 72102,18022017,17102022 214356,   1, 26658.5, 63.614,359.601,0.710026,359.9,260.801,1.31e-01, 16.2, 0.1,  2
2082, 72103,20082017,17102022 154638,1636, 26669.5, 26.087, 65.251,0.571500,359.9,268.376,6.18e-01, 18.6,11.1, - 
2083, 72104,20082019,18102022 004411, 397, 26789.1,  9.029,152.375,0.451997,  0.7,100.085,6.18e+00, 14.7, -  , - 
2084, 72105,29082019,18102022 055232, 678, 26640.9, 12.423,125.099,0.448773,  0.3,133.887,3.80e-01, 17.5,22.1, - 
2085, 72106,06102019,17102022 232051,   2, 26642.4, 70.840,183.089,0.462548,  0.1, 50.106,2.56e-01, 15.2, 0.1, 20
2086, 72107,21102019,18102022 060119, 733, 26635.2, 10.866,151.552,0.424657,  0.6,110.992,2.28e+00, 18.1, -  , - 
2087, 72108,27102019,17102022 224418,1085, 27415.6, 21.800,345.528,0.437638,359.7,287.670,2.80e+01, 18.2, -  , - 
2088, 72109,26102019,17102022 232404,1083, 26540.4, 10.481,105.880,0.513850,  0.2,149.624,1.02e+01, 18.1, -  , - 
2089, 72110,12092020,18102022 074705, 762, 26616.6, 15.543, 96.248,0.485262,  0.0,163.736,4.63e+00, 17.1, -  , - 
2090, 72111,12071983,18102022 005358,  93, 26663.3, 71.171, 98.136,0.496583,  0.0,343.288,1.01e-02, 17.4, 0.1,  2
2091, 72112,10102021,17102022 180615, 345, 26668.0,  2.585,150.656,0.709792,  2.5,241.073,1.34e+00, 18.2,11.7,745
2092, 72113,04062008,17102022 234853,  32, 26667.3, 71.167,100.549,0.495224,  0.0,342.380,1.00e-02, 16.9, 0.1,  8
2093, 72200,08092007,17102022 203854,   1, 26760.2,  3.322,116.613,0.722290,  1.0,306.876,1.63e-01, 14.0, 0.1,  5
2094, 72201,06102012,18102022 002305,   0, 26672.6, 62.895,326.563,0.718821,359.9,259.393,2.80e-01, 15.3, 0.1,  7
2095, 72202,14012015,17102022 172636,   0, 26943.1, 21.164, 31.681,0.229576,359.7,120.050,2.75e+01, 15.7, 0.1, 23
2096, 72203,20052015,17102022 201623, 637, 26663.0, 62.132,303.362,0.708494,359.9,241.450,1.05e-01, 16.1,13.4, - 
2097, 72204,13092015,17102022 231243,2141, 26682.2, 69.756,247.714,0.393972,  0.1,114.628,2.16e+00, 15.9, -  , - 
2098, 72206,26042017,17102022 141340,1074, 26688.0, 63.157,187.893,0.655142,  0.1,269.232,1.27e-01, 17.7,11.2, - 
2099, 72207,05042018,17102022 192430,1035, 24785.3, 63.034,229.509,0.703635,  0.1,282.977,2.45e-02, 17.7, 5.7,315
2100, 72209,14062019,17102022 205757, 345, 26736.1,  9.663,144.318,0.518383,  0.6,136.549,5.34e+00, 15.8, -  , - 
2101, 72210,26082019,17102022 212146, 286, 26679.6, 11.760,130.644,0.459054,  0.4,133.598,7.08e-02, 17.7, 1.5,306
2102, 72211,28082019,17102022 231520, 257, 26670.9, 11.700,133.598,0.512679,  0.4,153.388,1.83e-01, 15.0, 3.2,728
2103, 72212,02102019,18102022 081113,1086, 26721.2, 14.402,339.607,0.709504,359.5, 71.489,9.28e-01, 18.0,71.7, - 
2104, 72213,29092019,17102022 205107, 282, 26660.3,  9.348,149.257,0.402402,  0.7,122.893,4.66e+00, 14.9, -  , - 
2105, 72216,10092020,18102022 024741, 395, 26672.0, 11.278,151.685,0.450755,  0.6,114.748,1.38e-01, 18.8, 1.4,282
2106, 72217,11042021,18102022 015744,   2, 26699.5, 69.785,331.041,0.575130,359.9,334.349,3.62e-01, 16.7, 0.1,  6
2107, 72218,13102021,18102022 011918, 364, 23000.5, 62.682,344.591,0.711671,359.9, 45.684,2.85e-01, 16.5,25.0, - 
2108, 72219,22082022,17102022 211050,  16, 26676.8, 17.164,300.824,0.559396,359.8,198.250,1.19e+00, 17.2, 1.4,306
2109, 72300,26072011,17102022 204448, 739, 26466.2, 24.848,344.564,0.732675,359.7,291.054,2.81e-01, 17.7,87.3, - 
2110, 72301,10122015,17102022 123440, 659, 26706.0, 63.125,128.037,0.687227,  0.1,269.981,1.55e-01, 15.9,10.6, - 
2111, 72302,19022016,18102022 005336,   1, 26715.1, 64.818,219.473,0.740816,  0.1,345.059,1.45e-01, 17.0, 0.2,  5
2112, 72303,24022016,18102022 054548,   1, 26709.6, 65.082,248.840,0.603743,  0.1, 48.631,3.47e-03, 13.2, 0.1,  1
2113, 72304,22082017,17102022 215236,  13, 26700.7, 62.273,294.537,0.298284,359.9,303.958,3.70e+00, 15.9, 0.3, 60
2114, 72305,13062018,18102022 035713, 879, 26698.2, 75.583,357.274,0.459593,359.9, 63.992,8.44e-01, 16.4, -  , - 
2115, 72307,02102018,18102022 020803,1440, 26719.9, 21.026,241.103,0.527486,  0.2,348.205,3.79e+00, 18.6, -  , - 
2116, 72308,13102018,17102022 171637, 292, 26709.9, 20.754,233.363,0.515797,  0.2, 12.624,2.46e-01, 17.8, 6.0, - 
2117, 72310,14082019,18102022 033945, 448, 26807.1,  9.932,148.483,0.456453,  0.6,118.553,5.28e+00, 16.9,85.4, - 
2118, 72311,15082019,17102022 213714,  15, 26767.4, 10.650,173.897,0.445263,  0.7, 81.473,6.64e+00, 16.5, 7.4, - 
2119, 72312,04102019,18102022 035845, 828, 26690.7, 11.019,127.265,0.497838,  0.4,146.385,2.06e+00, 18.0,50.4, - 
2120, 72313,12112020,17102022 155139, 493, 24616.3, 62.816,283.356,0.721397,360.0,285.000,1.26e-02, 16.9, 0.2, 51
2121, 72314,30082022,18102022 023441,  47, 26702.2, 72.002,185.758,0.507767,  0.1, 21.925,1.78e+00, 18.1, 2.4,543
2122, 72401,05062012,17102022 213640,3777, 26791.7, 83.585,  5.470,0.617131,359.9,185.172,2.05e+01, 13.0, -  , - 
2123, 72402,18042014,17102022 193647,1309, 26695.5, 70.975,245.428,0.571309,  0.1,195.474,8.76e-01, 16.8, -  , - 
2124, 72403,07012018,17102022 145052, 762, 26736.4, 63.042,282.110,0.725431,360.0,268.611,3.46e-02, 18.0, 3.2, 61
2125, 72404,14092018,18102022 004133,1412, 26725.3, 20.700,226.759,0.526948,  0.2, 22.324,1.84e-01, 18.7, 7.5, - 
2126, 72405,07122018,17102022 224507, 199, 26735.9, 20.760,229.910,0.526754,  0.2, 18.824,1.01e-01, 18.2, 3.7,853
2127, 72406,21082019,18102022 014701,  12, 26767.9, 20.836,232.464,0.529041,  0.2, 16.340,9.99e-02, 18.1, 0.1, 20
2128, 72407,27082019,18102022 061405,1107, 26720.8, 11.682,131.088,0.463106,  0.4,133.719,2.13e-01, 18.5,47.1, - 
2129, 72500,13092012,17102022 130718,   2, 26762.1, 63.919, 95.521,0.661762,  0.0,256.824,7.28e-02, 11.3, 0.1,  5
2130, 72501,01072016,17102022 171626,  45, 26744.1, 62.998,147.291,0.708086,  0.1,272.345,1.08e-01, 17.4, 0.7,138
2131, 72502,07122016,17102022 131658, 279, 26745.5, 63.006,190.631,0.661242,  0.1,275.935,2.38e-01, 16.7, 4.5, - 
2132, 72503,12092018,17102022 160145,1414, 26768.9, 20.797,232.976,0.526206,  0.2, 15.654,3.65e-02, 17.2, 8.6, - 
2133, 72504,09122018,18102022 084317, 326, 26753.8, 20.823,237.659,0.500263,  0.2,  2.704,2.03e-01, 17.4,12.9, - 
2134, 72505,09122018,18102022 001802,1405, 26756.0, 20.878,233.928,0.513362,  0.2,  8.010,5.60e-01, 17.9, 3.7,815
2135, 72506,24072019,17102022 172918,  14, 26734.4, 11.451,132.534,0.491100,  0.4,143.500,1.35e-01, 16.9, 0.1,  6
2136, 72507,25072019,17102022 204159,1032, 26772.5, 11.627,119.299,0.510736,  0.3,166.022,1.90e+00, 14.9, -  , - 
2137, 72508,29072019,18102022 001051,  47, 26722.9, 10.810,150.873,0.535749,  0.6,112.769,7.26e+00, 15.8,31.9, - 
2138, 72509,29082019,18102022 011410, 652, 26818.8, 11.458,158.004,0.465702,  0.6,107.922,4.04e+00, 15.6, -  , - 
2139, 72510,01092019,17102022 210950,   0, 26738.8, 12.004,117.550,0.499810,  0.3,161.585,1.46e-01, 14.4, 0.1,  2
2140, 72512,22102019,18102022 010938, 319, 26733.1, 10.424,145.734,0.565707,  0.6,127.289,6.04e+00, 16.9, -  , - 
2141, 72514,02022007,18102022 093556, 276, 26796.6, 69.070,194.470,0.582926,  0.1, 29.803,1.79e-01, 12.0,11.2, - 
2142, 72516,07082022,18102022 055928,  11, 26761.3, 71.303,139.371,0.522291,  0.1,356.399,5.20e-01, 16.9, 0.1, 11
2143, 72600,19062013,18102022 085030,1978, 26812.4, 60.855,222.823,0.512497,  0.1,  0.845,7.86e-01, 15.5, -  , - 
2144, 72601,19062019,18102022 063648,  16, 26769.8, 11.725,131.269,0.466782,  0.4,133.059,1.40e-01, 17.6, 0.2, 39
2145, 72602,11072019,17102022 181833, 153, 26754.9, 11.349,116.935,0.517161,  0.3,167.397,2.10e+00, 15.0,29.3, - 
2146, 72603,16082019,18102022 071343,1003, 26776.7, 25.226,330.944,0.740500,359.7,300.185,6.67e-02, 17.0, -  ,105
2147, 72604,24092020,18102022 084749, 709, 26783.5, 72.632,106.855,0.582481,  0.0,118.664,1.30e-01, 12.2, 1.9,418
2148, 72605,10122020,17102022 231624, 637, 26755.6, 10.946,137.076,0.469710,  0.5,135.923,1.79e+00, 15.9, 8.4, - 
2149, 72700,24012013,17102022 223032,  81, 26804.4, 63.231, 62.551,0.722486,359.9,274.563,1.65e-01, 13.5, 1.7,346
2150, 72701,15112013,17102022 173932, 209, 26719.5, 61.902, 48.030,0.748751,359.9,282.657,9.98e-02, 16.2, -  ,487
2151, 72702,24032010,17102022 234141, 766, 26847.0, 62.014,192.074,0.708486,  0.1, 52.144,5.17e-01, 14.2,21.6, - 
2152, 72703,28012007,17102022 152303, 156, 26809.2, 68.423,  2.971,0.613735,359.9,  5.459,4.12e-01, 16.3,12.4, - 
2153, 72704,14092017,18102022 000339,1125, 26811.2, 71.881, 79.811,0.483909,360.0,302.833,1.12e+00, 17.0,41.6, - 
2154, 72705,20062018,17102022 214901,1441, 26810.1, 63.719, 55.505,0.557119,359.9, 12.487,1.89e-01, 17.4, 3.5,751
2155, 72706,10092018,17102022 153224,1209, 26793.1, 21.769,230.228,0.534228,  0.2,  1.158,2.25e+00, 18.0,29.9, - 
2156, 72707,17012019,18102022 051222, 983, 26822.2, 71.073,127.225,0.498253,  0.1,337.486,2.80e-01, 17.5,31.6, - 
2157, 72708,19072019,17102022 231540, 701, 26863.0, 11.430,124.107,0.547655,  0.4,180.460,5.39e+00, 17.0, -  , - 
2158, 72709,27112020,17102022 162916,   2, 26841.6, 62.750,207.039,0.707728,  0.1, 40.531,2.01e-01, 16.4, 0.1, 17
2159, 72710,30052021,18102022 030837, 280, 26777.9, 66.698,253.409,0.399109,  0.0,217.531,2.56e+00, 15.8,51.0, - 
2160, 72711,12102021,17102022 231930, 287, 26823.1, 21.182,243.955,0.513783,  0.2,349.938,2.45e+00, 18.3, 3.8,867
2161, 72712,14012007,18102022 041142,   5, 26815.6, 68.880,167.744,0.623752,  0.1, 18.798,1.00e-02, 18.2, 0.3, 65
2162, 72713,03022009,18102022 013805,  29, 26809.0, 67.848,176.098,0.623438,  0.1, 25.385,9.99e-03, 18.7, 0.1,  2
2163, 72800,30112008,17102022 131737,  72, 26824.2, 63.059,123.058,0.695755,  0.1,269.702,9.33e-02, 13.7, 0.8,161
2164, 72802,08092018,17102022 195528,1496, 26846.9, 21.123,236.068,0.513819,  0.2,359.449,1.81e+00, 18.8,40.7, - 
2165, 72803,12092020,18102022 003058,   2, 26782.5, 62.550,335.904,0.632500,359.9,227.157,1.89e+00, 14.5, 0.1,  8
2166, 72804,08112021,18102022 004450,   0, 26819.6, 11.244,147.959,0.431421,  0.5,105.168,1.39e-01, 16.9, 0.1,  3
2167, 72805,06082022,18102022 002346,  68, 26843.2, 69.339,142.865,0.624043,  0.1,  5.312,7.28e-01, 17.3, 1.7,390
2168, 72900,01092003,17102022 232815,   2, 26877.0, 63.897,190.525,0.667112,  0.1,256.845,3.74e-03, 13.2, 0.1,  1
2169, 72901,07032013,17102022 171622,2429, 26850.5, 62.913,192.084,0.661517,  0.1,272.647,1.62e-02, 14.5, 7.6,223
2170, 72902,28062014,17102022 213201,1057, 26854.7, 63.206,296.432,0.688609,359.9,270.281,1.94e-01, 16.8,23.4, - 
2171, 72904,09092018,17102022 193930, 287, 26847.2, 20.798,236.905,0.515371,  0.2,  6.484,7.48e-02, 17.4, 1.3,275
2172, 72905,21102013,17102022 174442, 156, 26842.0, 24.400,322.123,0.744417,359.8,335.574,6.38e-02, 17.4,79.1,170
2173, 72906,25042019,17102022 174332,   3, 26839.4, 11.562,134.791,0.460442,  0.4,126.755,9.17e-02, 16.5, 0.1,  7
2174, 72907,03072019,18102022 070423,  15, 26853.7, 11.176,154.945,0.484627,  0.6,112.943,1.04e+00, 16.7, 0.4, 87
2175, 72908,20112006,17102022 152443,   2, 26854.4, 19.931, 49.642,0.739939,359.8,211.078,1.87e-02, 18.7, 0.1,  4
2176, 72910,22082022,18102022 071739,   6, 26839.8, 71.484,175.300,0.508272,  0.1, 40.856,2.60e+00, 16.8, 0.1, 27
2177, 73000,28032000,18102022 033227,1433, 26937.0, 68.090,  2.905,0.602100,359.9, 12.081,1.20e-01, 15.5,50.7, - 
2178, 73001,10092012,17102022 185501, 254, 26861.4, 17.595,173.286,0.702045,  0.4,111.516,1.16e-01, 15.5, 2.3,435
2179, 73002,24102013,17102022 232846,   6, 26895.2, 63.278, 44.214,0.733721,359.9,271.942,1.02e-01, 15.6, 0.1, 16
2180, 73003,04062008,17102022 203028,   4, 26885.0, 69.344, 28.916,0.572397,359.9, 11.078,5.27e-02, 17.7, 0.1,  5
2181, 73004,25112016,17102022 233103, 191, 26904.4, 68.363,185.730,0.609135,  0.1, 32.325,9.78e-01, 14.6, 9.4, - 
2182, 73005,08092018,18102022 004801,1341, 26895.7, 20.558,226.972,0.539436,  0.2, 22.839,6.86e-01, 17.7,87.8, - 
2183, 73006,06042019,18102022 062356,   1, 26883.2, 11.634,134.752,0.459611,  0.4,125.535,6.50e-02, 14.5, 0.1,  3
2184, 73007,30062019,18102022 082616,  28, 26868.5, 11.229,142.315,0.481151,  0.5,126.589,1.17e-01, 17.3, 0.6,146
2185, 73008,28082019,18102022 034212, 638, 26875.7, 11.155,160.967,0.477613,  0.6,101.218,1.57e+00, 19.0, 4.7, - 
2186, 73009,28082019,18102022 051523, 354, 26890.1, 11.126,174.768,0.429722,  0.6, 77.930,1.39e+00, 18.3,20.6, - 
2187, 73011,30082022,17102022 232200,   1, 26550.8, 28.626,339.231,0.651963,359.8,242.803,2.63e+01, 17.9, 1.0,213
2188, 73100,10052016,17102022 210141,2347, 24324.7, 12.452,216.001,0.660292,  0.5,314.373,1.73e+01, 18.3, -  , - 
2189, 73101,05012018,17102022 190054, 531, 26904.7, 63.303,331.068,0.699937,359.9,270.163,1.11e-01, 16.1, 7.1, - 
2190, 73102,19022018,17102022 225802,1576, 26962.2,  4.398, 80.015,0.705563,359.7,344.930,4.27e-01, 18.4,52.6,743
2191, 73103,09092018,18102022 082258,   2, 26914.0, 20.759,235.926,0.519471,  0.2,  7.616,9.67e-02, 17.9, 0.1,  6
2192, 73104,09092018,17102022 170424,1297, 26906.6, 20.794,238.060,0.515403,  0.2,  4.134,1.49e-01, 18.7, 3.5,784
2193, 73105,09092018,17102022 151958,1492, 26907.7, 20.934,241.442,0.510809,  0.2,357.200,7.54e-01, 19.0,73.7, - 
2194, 73106,10092018,17102022 234256,1466, 26903.0, 20.863,241.544,0.510690,  0.2,359.424,1.00e-02, 19.1,15.2, - 
2195, 73107,03072019,18102022 073150,1163, 26888.8, 11.158,144.462,0.473003,  0.5,120.926,5.05e-02, 16.7, 5.4, - 
2196, 73108,06062019,18102022 051735, 496, 26878.6, 11.075,180.717,0.476622,  0.7, 67.847,6.30e+00, 15.5, -  , - 
2197, 73109,29112019,18102022 055025, 398, 26904.2, 11.649,175.437,0.437836,  0.6, 85.221,3.65e+00, 18.0, -  , - 
2198, 73111,11102021,18102022 001744, 369, 26922.6, 21.162,257.157,0.461647,  0.1,326.764,6.04e+00, 18.3, -  , - 
2199, 73112,26102021,18102022 093501, 325, 26949.8, 25.038,217.997,0.749799,  0.2, 37.394,2.26e-02, 17.1, -  , 84
2200, 73200,21032010,18102022 074334,3584, 26912.5, 66.078, 79.931,0.614610,360.0,168.994,1.57e+00, 15.9, -  , - 
2201, 73201,11072016,18102022 052952, 404, 26853.4, 25.846, 64.761,0.701866,359.9, 50.459,1.24e+00, 15.8,41.5, - 
2202, 73202,07012017,17102022 200721, 570, 26931.0, 62.975,195.620,0.667503,  0.1,269.361,1.81e-01, 15.0, 7.4, - 
2203, 73203,09092018,18102022 075522,1473, 26938.6, 21.014,241.687,0.498451,  0.2,351.257,1.89e+00, 19.0, -  , - 
2204, 73204,10092018,18102022 024057,1471, 26952.2, 21.087,235.951,0.536893,  0.2,  4.413,2.14e+00, 19.1, -  , - 
2205, 73205,23022019,17102022 232856, 219, 26927.6, 62.864,263.669,0.694096,  0.0,278.643,2.26e-01, 15.0, 4.4,947
2206, 73206,14102019,17102022 204604,   6, 26960.8, 66.935, 89.277,0.636146,360.0,  6.925,5.58e-01, 16.2, 0.1, 18
2207, 73207,24082022,18102022 014516,   4, 26915.8, 11.253,143.500,0.462686,  0.5,117.606,3.41e-01, 16.6, 0.1,  5
2208, 73300,07082013,17102022 204326,1127, 26928.7, 58.530,104.450,0.597085,  0.0,183.126,1.46e+00, 15.7,27.2, - 
2209, 73301,01092013,17102022 233139, 122, 26989.1, 64.344, 47.384,0.621577,359.9,296.636,1.31e-01, 17.7, 2.7,577
2210, 73302,23102012,18102022 065330, 475, 26901.9, 23.984, 90.411,0.730367,360.0,110.685,1.30e-01, 17.3,11.6, - 
2211, 73303,25092016,18102022 055602,1072, 26957.9, 63.508,207.214,0.673790,  0.1,275.971,1.97e-02, 18.3, 1.3,241
2212, 73304,27092017,18102022 000704, 646, 27014.3, 17.383,120.406,0.591298,  0.2,273.890,1.17e+00, 17.3,53.3, - 
2213, 73305,07092018,17102022 220210,   1, 26974.1, 20.759,236.532,0.511965,  0.2,  2.763,1.68e-01, 14.6, 0.1,  9
2214, 73306,05092018,17102022 194646,   6, 26847.5, 20.784,236.959,0.515293,  0.2,  6.395,1.14e-01, 16.9, 0.1, 10
2215, 73307,09092018,18102022 003908, 762, 27048.5, 20.848,243.644,0.525854,  0.2,354.395,5.54e+00, 15.5, -  , - 
2216, 73308,09092018,18102022 075459,1498, 26970.4, 21.155,234.918,0.544075,  0.2,  1.780,4.44e+00, 18.0, -  , - 
2217, 73309,04092018,17102022 185601,1476, 26994.2, 21.291,236.687,0.540014,  0.2,356.369,2.92e+00, 18.2, -  , - 
2218, 73310,10092018,18102022 012748,1447, 26952.7, 20.945,235.203,0.531891,  0.2,  7.685,1.20e+00, 18.8, -  , - 
2219, 73313,22092021,17102022 185359,   1, 26940.1, 63.464,346.300,0.737905,359.9,267.005,1.79e-01, 15.7, 0.1,  4
2220, 73400,21012018,18102022 025245,1707, 27039.1, 13.210, 56.776,0.251451,359.7,180.066,2.40e+01, 18.5, -  , - 
2221, 73401,07092018,18102022 010057,   1, 26984.5, 20.791,237.991,0.519920,  0.2,  4.062,1.27e-01, 16.8, 0.1,  5
2222, 73402,07092018,18102022 022125, 254, 26998.0, 21.050,249.175,0.507655,  0.1,340.939,2.71e+00, 17.0,17.8, - 
2223, 73403,05092018,17102022 190821,   5, 26985.9, 20.915,246.649,0.515010,  0.1,347.723,2.15e-01, 17.2, 0.2, 37
2224, 73405,07092018,17102022 214102, 293, 26997.5, 20.872,245.441,0.494989,  0.1,348.041,2.53e-01, 18.0, 7.2, - 
2225, 73406,30082018,18102022 085301, 199, 26953.7, 20.882,240.328,0.515184,  0.2,  0.222,3.49e-01, 16.1, 1.4,255
2226, 73408,20072019,18102022 040159,   1, 27017.9, 10.761,151.690,0.494072,  0.6,111.529,7.26e+00, 14.9, 0.7,163
2227, 73409,25072019,18102022 031540,   0, 26926.3, 11.434,136.485,0.469153,  0.5,124.316,4.84e-01, 16.7, 0.1,  8
2228, 73410,31082019,18102022 010201, 582, 27016.5, 15.041, 43.687,0.509370,359.6,324.368,6.26e+00, 17.5, -  , - 
2229, 73412,28112019,18102022 003206, 284, 26719.1, 11.312,155.235,0.471446,  0.6,110.870,6.96e-02, 14.1, 2.5,483
2230, 73500,15092015,17102022 200450,   4, 27008.8, 18.834,259.526,0.684274,  0.1,306.679,1.17e-01, 17.8, 0.1, 10
2231, 73502,10062017,17102022 190139,1150, 27014.4, 63.100, 41.147,0.704224,359.9,270.957,2.08e-01, 14.5,20.9, - 
2232, 73503,05092018,18102022 083713,  10, 27003.8, 20.767,238.602,0.506761,  0.2,359.530,5.85e-02, 14.9, 0.1, 27
2233, 73504,05092018,17102022 185913, 425, 27223.4, 22.372,231.766,0.613674,  0.2,  6.185,5.10e+00, 16.9,53.8, - 
2234, 73505,08092018,18102022 045710, 352, 26984.1, 20.884,243.983,0.506758,  0.2,353.577,1.63e-01, 18.3, 8.0, - 
2235, 73506,11092018,18102022 044535,   1, 27002.4, 22.100,255.799,0.519487,  0.1,342.578,8.13e-02, 15.9, 0.1,  2
2236, 73507,08092018,18102022 045216,1140, 26988.3, 21.135,244.694,0.510670,  0.2,351.613,4.36e-01, 16.2, -  , - 
2237, 73508,08092018,17102022 141050, 269, 27008.1, 20.933,243.242,0.515309,  0.2,357.035,1.33e-01, 16.6, 4.9, - 
2238, 73509,30082018,18102022 054525,1062, 26984.6, 21.132,238.735,0.547467,  0.2,354.370,4.04e+00, 18.0, -  , - 
2239, 73511,09042019,18102022 051233,   0, 26911.2, 11.564,134.069,0.475645,  0.4,128.108,1.16e+00, 14.2, 0.2, 37
2240, 73513,10082021,18102022 033346, 417, 26970.7, 25.548,286.917,0.738302,359.9,280.997,2.90e-01, 15.5,59.8,132
2241, 73514,02062022,17102022 225008, 110, 27008.3, 78.938, 56.272,0.289491,359.9,  5.897,2.59e+01, 17.4,13.8, - 
2242, 73600,11092012,18102022 024138,   1, 26936.2, 19.175,337.530,0.664679,359.6,172.646,5.83e-02, 16.6, 0.1,  2
2243, 73601,19122014,18102022 025601, 165, 27093.5, 26.312,246.296,0.665850,  0.1,126.814,2.33e+00, 15.7,21.2, - 
2244, 73602,18092015,17102022 191825,2569, 27024.3, 63.115,270.047,0.724708,  0.0,275.342,8.52e-02, 14.7, -  ,226
2245, 73603,18032016,17102022 185641,2308, 27070.3, 60.755,267.467,0.513937,  0.0,  4.096,7.51e+00, 17.1, -  , - 
2246, 73604,14092017,18102022 104330,   5, 27023.8, 19.581, 25.723,0.652196,359.7, 83.148,6.10e-02, 17.1, 0.1,  6
2247, 73605,07092018,17102022 194201,   2, 27028.2, 20.816,239.781,0.504942,  0.2,356.664,1.61e-02, 16.3, 0.1,  1
2248, 73606,11092018,18102022 104532,  21, 27022.1, 20.631,227.193,0.546377,  0.2, 23.543,3.56e-01, 17.6, 0.2, 47
2249, 73607,11092018,18102022 104227,1140, 27027.8, 20.719,229.443,0.537918,  0.2, 17.369,3.23e-01, 16.9,10.8, - 
2250, 73608,09122018,17102022 183615, 977, 27020.2, 21.044,249.563,0.498034,  0.1,343.533,2.14e-01, 16.9,23.2, - 
2251, 73609,01042019,18102022 080137,1283, 27024.8, 21.216,243.577,0.537022,  0.2,344.797,4.12e+00, 18.6,68.0, - 
2252, 73610,03042019,17102022 230046, 157, 27022.6, 24.376,340.980,0.548350,359.7, 14.818,3.36e-01, 18.1, 3.4,646
2253, 73701,28062017,18102022 052355,  74, 27058.4, 59.918,127.390,0.520388,  0.1,211.404,2.51e+00, 16.2, 5.8,558
2254, 73702,06092018,18102022 074408,1138, 27057.1, 20.859,246.238,0.496139,  0.1,347.045,4.17e-02, 17.7, 2.4,535
2255, 73703,06092018,18102022 002657,  10, 27067.7, 21.137,247.903,0.510755,  0.1,334.301,4.13e+00, 17.8, 0.7,135
2256, 73704,06092018,17102022 190926,   4, 27056.8, 20.853,246.226,0.495953,  0.1,347.009,4.36e-02, 18.3, 0.1,  1
2257, 73705,06092018,17102022 134225, 613, 27055.1, 21.266,244.488,0.537052,  0.2,338.381,5.11e+00, 17.3,28.5, - 
2258, 73706,10092018,18102022 031055,   4, 27054.8, 20.764,238.036,0.518106,  0.2,  1.682,2.63e-01, 17.6, 0.1, 17
2259, 73707,10092018,17102022 141308,  16, 26980.8, 21.436,241.506,0.539071,  0.2,  5.634,1.11e-01, 18.9, 0.1, 13
2260, 73708,27032019,17102022 235337, 148, 27079.0, 24.571,341.477,0.504910,359.7,  8.993,7.91e-01, 16.6, 3.6,718
2261, 73709,31032019,18102022 053624,1295, 27057.8, 24.529,340.315,0.513259,359.7, 11.706,4.76e-01, 19.8, -  , - 
2262, 73710,24032019,18102022 045205, 908, 27076.3, 24.403,349.870,0.482284,359.7,352.476,4.25e-01, 18.0, 8.2, - 
2263, 73711,24032019,18102022 064514, 281, 27090.0, 24.573,340.850,0.512011,359.7, 10.231,5.91e-01, 18.1, 3.1,602
2264, 73712,31032019,18102022 054035,1285, 27056.6, 24.607,340.445,0.513431,359.7, 11.225,3.85e-01, 19.5, 2.8,565
2265, 73713,30032019,17102022 235025,1292, 27047.0, 24.549,338.809,0.512134,359.7, 13.534,9.43e-01, 19.5, -  , - 
2266, 73714,24032019,17102022 190839, 647, 27058.7, 24.592,340.470,0.516050,359.7, 12.188,6.27e-01, 17.9,16.2, - 
2267, 73715,08042019,17102022 235508, 898, 27046.4, 24.597,341.041,0.511030,359.7,  9.897,5.08e-01, 17.6, 7.8, - 
2268, 73716,10042019,17102022 235303,   0, 27034.5, 11.552,137.922,0.459261,  0.5,118.969,1.13e-01, 14.5, 0.1,  3
2269, 73717,24032019,18102022 034732,1285, 27049.2, 24.397,340.681,0.512773,359.7, 11.974,4.48e-01, 18.8, -  , - 
2270, 73718,08042019,18102022 054925, 709, 27046.4, 24.359,339.992,0.511899,359.7, 12.657,7.89e-01, 18.2,12.4, - 
2271, 73719,31032019,18102022 042558, 971, 27057.1, 24.521,341.246,0.513025,359.7, 10.839,5.44e-01, 18.6,29.9, - 
2272, 73720,02052019,17102022 200243, 356, 27089.5, 24.517,340.927,0.513412,359.7, 10.784,5.11e-01, 17.7, 8.0, - 
2273, 73721,09042019,18102022 071752,   2, 27025.6, 10.964,144.316,0.480330,  0.5,117.656,1.18e+00, 16.3, 0.1, 19
2274, 73722,30052019,18102022 021357, 785, 27050.6,  8.978,126.626,0.522659,  0.5,157.686,7.32e+00, 17.6, -  , - 
2275, 73723,24032019,17102022 213834,  87, 27082.6, 24.646,341.972,0.505839,359.7,  7.562,1.04e+00, 17.3,11.2, - 
2276, 73724,24032019,17102022 210725,1162, 27058.2, 24.601,340.942,0.513040,359.7, 10.625,3.26e-01, 19.0, 8.5, - 
2277, 73725,24032019,18102022 010600, 195, 27079.5, 24.363,341.242,0.502499,359.7, 10.436,7.06e-01, 16.3, 5.5, - 
2278, 73726,26032019,17102022 220150,1263, 27055.9, 24.631,339.595,0.513613,359.7, 12.637,6.33e-01, 19.4, -  , - 
2279, 73727,07042019,18102022 034252,1272, 27061.5, 24.428,340.063,0.511175,359.7, 12.308,8.57e-01, 18.0, 6.0, - 
2280, 73728,24032019,18102022 000459, 914, 27094.7, 24.465,342.677,0.505199,359.7,  7.620,6.96e-01, 16.8,25.5, - 
2281, 73729,24032019,17102022 183725, 579, 27087.7, 24.449,342.018,0.504710,359.7,  8.690,5.20e-01, 16.2,23.5, - 
2282, 73730,26032019,17102022 203919,1122, 27057.2, 24.620,342.082,0.512601,359.7,  9.075,2.92e-01, 19.6, 6.7, - 
2283, 73735,31072019,18102022 024809,   1, 27043.2, 11.418,148.841,0.502413,  0.5,124.478,9.07e-02, 17.0, 0.1,  4
2284, 73736,09072009,17102022 123050,  63, 26823.1, 24.143, 85.569,0.745269,360.0,267.845,5.02e-02, 17.2,43.5, 65
2285, 73737,24032019,18102022 035150, 585, 27078.6, 24.415,338.956,0.524550,359.7, 14.990,3.09e-01, 17.8,10.2,194
2286, 73738,17102019,18102022 064646, 920, 27043.0, 11.770,125.811,0.485396,  0.4,141.854,1.00e-01, 17.3, 1.3,106
2287, 73742,02062022,17102022 233707, 135, 27029.1, 66.174,237.687,0.412233,  0.1,117.784,3.45e+00, 17.7,45.4, - 
2288, 73743,04092022,18102022 030405,  27, 27013.5,  9.480,136.080,0.484586,  0.5,113.360,8.27e+00, 16.4,19.5, - 
2289, 73800,12062012,18102022 043417,   0, 27079.3, 24.601,342.346,0.512989,359.7,  8.632,9.80e-03, 12.1, 0.1,  1
2290, 73801,19032014,17102022 150053,1220, 27066.5, 63.860,258.507,0.631542,  0.0,277.419,2.61e-01, 16.5,36.6, - 
2291, 73802,21012015,18102022 002411,   0, 42165.2,  2.629, 19.431,0.005977,357.4,178.188,1.00e-02,  9.4, 0.1,  1
2292, 73803,25072015,17102022 224255, 434, 27085.1, 63.006, 60.757,0.700299,359.9,269.583,9.32e-02, 17.4, 5.9, - 
2293, 73804,15122017,18102022 035525, 259, 27045.1, 26.152,275.260,0.743072,360.0,280.311,2.12e-01, 16.0, -  ,897
2294, 73805,06092018,17102022 163700,1255, 27070.6, 20.801,238.665,0.515959,  0.2,  0.106,2.52e-01, 17.0,20.1, - 
2295, 73806,07092018,18102022 051811,   1, 27063.8, 20.798,240.324,0.509427,  0.2,356.702,4.46e-02, 15.5, 0.1,  1
2296, 73807,07092018,17102022 165211,1383, 27063.8, 20.846,243.629,0.509671,  0.2,353.521,1.59e+00, 18.6, -  , - 
2297, 73808,06092018,17102022 194318,1297, 27076.6, 20.860,239.693,0.502627,  0.2,354.484,7.07e-02, 18.6, 8.7, - 
2298, 73809,29122018,17102022 194023,   7, 27076.4, 20.772,240.878,0.506233,  0.2,355.842,1.72e-01, 16.7, 0.3, 57
2299, 73810,26032019,17102022 192806, 992, 27084.5, 24.456,342.547,0.511878,359.7,  8.899,2.65e-01, 18.1,11.1, - 
2300, 73811,26032019,18102022 045048,1224, 27080.1, 24.572,342.641,0.511766,359.7,  8.277,2.26e-01, 17.6,40.1, - 
2301, 73812,27032019,18102022 000243, 176, 27101.3, 24.583,340.806,0.507948,359.7,  9.726,7.78e-01, 17.7,20.9, - 
2302, 73813,26032019,18102022 064729,  13, 27077.9, 24.568,341.016,0.514732,359.7, 10.090,3.30e-01, 18.0, 0.2, 25
2303, 73814,27032019,18102022 031125, 903, 27083.8, 24.510,343.344,0.504958,359.7,  6.543,4.24e-01, 18.0, 8.9, - 
2304, 73815,24032019,17102022 223713,1205, 27077.3, 24.599,342.546,0.511637,359.7,  7.385,1.58e-01, 17.8,17.9, - 
2305, 73816,26032019,17102022 230500, 607, 27082.8, 24.482,343.764,0.499196,359.7,  6.093,3.68e-01, 17.2, 7.4, - 
2306, 73817,26032019,17102022 210714,  11, 27078.4, 24.588,341.050,0.515406,359.7,  9.975,2.29e-01, 17.9, 0.3, 53
2307, 73818,26032019,18102022 052148, 677, 27090.5, 24.601,341.451,0.507234,359.7,  9.241,4.05e-01, 18.5,21.3, - 
2308, 73819,26032019,18102022 034103,1239, 27078.4, 24.567,341.515,0.510569,359.7,  9.209,5.15e-01, 18.2,20.7, - 
2309, 73820,25032019,18102022 001423,1239, 27080.6, 24.607,342.201,0.510795,359.7,  8.136,6.44e-01, 16.5,45.2, - 
2310, 73821,26032019,18102022 053201, 688, 27077.9, 24.575,341.440,0.511702,359.7,  9.621,4.63e-01, 18.0, 7.1, - 
2311, 73822,26032019,17102022 201254,1279, 27074.1, 24.544,341.401,0.511052,359.7,  9.851,7.32e-01, 17.7,32.8, - 
2312, 73823,26032019,18102022 052222,1246, 27069.4, 24.578,341.397,0.512423,359.7,  9.895,3.19e-01, 18.3,11.1, - 
2313, 73824,26032019,18102022 053850,1224, 27082.6, 24.564,342.419,0.511080,359.7,  8.266,3.34e-01, 18.7,10.7, - 
2314, 73825,26032019,17102022 222319, 496, 27084.7, 24.885,344.523,0.492722,359.7,  1.278,3.10e-01, 18.8, 4.5, - 
2315, 73826,25032019,17102022 201621, 140, 27122.7, 24.599,343.971,0.500349,359.7,  4.474,3.61e-01, 17.3, 2.9,648
2316, 73827,25032019,17102022 185151, 870, 27094.2, 24.601,342.082,0.507124,359.7,  8.499,4.10e-01, 18.1,27.5, - 
2317, 73828,24032019,18102022 001308,1209, 27093.0, 24.707,337.066,0.516862,359.7, 16.169,2.89e-01, 17.8,22.0, - 
2318, 73829,26032019,17102022 195153, 695, 27089.6, 24.459,342.582,0.505452,359.7,  7.958,2.98e-01, 17.9,14.9, - 
2319, 73830,25032019,18102022 020637, 536, 27075.4, 24.650,342.012,0.511187,359.7,  8.728,3.12e-01, 17.7, 2.9,534
2320, 73831,26032019,17102022 222447,1044, 27086.4, 24.637,340.911,0.509708,359.7, 10.304,2.81e-01, 17.9,13.0, - 
2321, 73832,26032019,18102022 004218, 678, 27082.2, 24.626,342.076,0.511204,359.7,  9.048,6.68e-01, 17.8,24.5, - 
2322, 73833,26032019,18102022 021155, 505, 27110.1, 24.728,342.596,0.505270,359.7,  5.518,2.98e-01, 18.7,12.1, - 
2323, 73834,27032019,17102022 233712,1286, 27088.4, 24.583,342.062,0.511124,359.7,  8.793,3.72e-01, 18.6,30.2, - 
2324, 73835,26032019,18102022 014231, 504, 27098.2, 24.465,343.268,0.500223,359.7,  5.470,6.91e-01, 18.1,11.4, - 
2325, 73836,26032019,18102022 025538, 964, 27086.9, 24.426,344.041,0.508610,359.7,  6.489,1.29e-01, 19.3,77.2, - 
2326, 73837,26032019,18102022 040532,1223, 27090.2, 24.643,339.335,0.513383,359.7, 13.153,2.45e-01, 17.5,26.9, - 
2327, 73838,27032019,18102022 004213,1265, 27080.2, 24.612,341.757,0.512480,359.7,  9.273,2.02e-01, 19.0,12.3, - 
2328, 73839,25032019,17102022 204816,1053, 27078.0, 24.560,342.288,0.511257,359.7,  8.538,3.58e-01, 18.3, 6.0, - 
2329, 73840,26032019,18102022 041031, 971, 27088.4, 24.496,339.748,0.509060,359.7, 12.019,1.23e+00, 18.9, 8.7, - 
2330, 73841,27032019,18102022 010703, 694, 27082.3, 24.520,341.688,0.511173,359.7,  9.197,4.24e-01, 18.5,24.5, - 
2331, 73842,26032019,17102022 235157,1285, 27085.8, 24.524,341.133,0.510647,359.7, 10.194,6.51e-01, 18.5,14.1, - 
2332, 73843,26032019,18102022 022948,1259, 27082.3, 24.588,342.185,0.510718,359.7,  8.515,3.95e-01, 18.8,21.4, - 
2333, 73844,26032019,17102022 215724, 930, 27068.0, 24.523,343.640,0.508650,359.7,  6.550,2.71e-01, 18.4, 8.8, - 
2334, 73845,24032019,18102022 011039,1209, 27082.8, 24.501,342.513,0.509446,359.7,  8.198,7.02e-01, 17.2,30.2, - 
2335, 73846,26032019,18102022 054136, 132, 27095.3, 24.609,342.286,0.506025,359.7,  7.707,3.70e-01, 17.9, 6.3, - 
2336, 73847,26032019,17102022 193444, 207, 27106.8, 24.426,342.771,0.486791,359.7,  7.319,6.00e-01, 17.0, 6.4, - 
2337, 73848,26032019,18102022 021429, 839, 27076.5, 24.561,341.388,0.511426,359.7,  9.284,3.65e-01, 18.6, 9.2, - 
2338, 73849,27032019,18102022 022022, 585, 27052.5, 24.637,339.013,0.520078,359.7, 12.813,6.86e-01, 16.7,20.1, - 
2339, 73850,26032019,18102022 043000,1191, 27093.7, 24.633,338.852,0.512707,359.7, 13.832,4.22e-01, 18.8,75.8, - 
2340, 73851,26032019,18102022 022401, 920, 27087.0, 24.424,342.096,0.501203,359.7,  6.332,3.85e-01, 16.3,31.5, - 
2341, 73852,26032019,18102022 011459, 480, 27106.1, 24.423,342.025,0.506159,359.7,  7.339,2.26e-01, 17.8,27.8, - 
2342, 73853,26032019,18102022 014553, 170, 27073.3, 24.410,341.168,0.503165,359.7, 10.202,6.65e-01, 18.2, 6.2, - 
2343, 73854,26032019,18102022 033924, 961, 27103.7, 24.189,350.648,0.473798,359.7,354.221,2.80e-01, 18.0, 4.2,929
2344, 73855,26032019,17102022 205007, 507, 27107.2, 24.528,340.782,0.510146,359.7,  9.198,4.31e-01, 16.8,29.0, - 
2345, 73856,24032019,17102022 141423,1193, 27091.6, 24.653,339.209,0.512192,359.7, 13.368,4.47e-01, 18.4,34.5, - 
2346, 73857,25032019,17102022 184900, 778, 27086.2, 24.575,341.830,0.511946,359.7,  9.070,3.76e-01, 18.5,20.9, - 
2347, 73858,26032019,17102022 203707,1266, 27084.0, 24.608,339.883,0.514320,359.7, 13.212,3.44e-01, 19.4, 7.1, - 
2348, 73859,24032019,18102022 032458, 828, 27079.7, 24.561,342.037,0.513897,359.7,  9.073,4.78e-01, 16.2,21.5, - 
2349, 73860,26032019,18102022 025728,   0, 27089.9, 24.475,342.637,0.510724,359.7,  7.709,3.30e-01, 16.7, 0.1,  2
2350, 73861,26032019,18102022 034746, 901, 27077.1, 24.470,342.602,0.507189,359.7,  7.971,2.56e-01, 17.3,12.0, - 
2351, 73862,24032019,18102022 002528,1080, 27086.4, 24.547,342.430,0.512025,359.7,  8.284,3.39e-01, 18.2, 5.4, - 
2352, 73863,24032019,18102022 015626,1244, 27087.1, 24.544,342.577,0.511530,359.7,  8.615,2.94e-01, 18.8, 5.1, - 
2353, 73864,26032019,17102022 212220, 649, 27092.7, 24.503,342.027,0.513701,359.7,  9.038,3.02e-01, 17.4, 3.8,854
2354, 73865,24032019,18102022 033739, 958, 27066.6, 24.602,337.259,0.527069,359.7, 18.392,2.88e-01, 18.8,12.1, - 
2355, 73866,26032019,17102022 184502,1094, 27083.8, 24.608,342.140,0.512017,359.7,  8.593,3.05e-01, 18.4, 8.3, - 
2356, 73867,24032019,18102022 010514,1141, 27081.5, 24.776,340.912,0.508287,359.7, 10.150,2.99e-01, 19.0,36.6, - 
2357, 73868,24032019,18102022 065206,  87, 27069.4, 24.382,339.827,0.520708,359.7, 12.792,2.92e-01, 16.6, 3.7,852
2358, 73869,24032019,18102022 035104, 970, 27088.3, 24.441,342.181,0.505888,359.7,  8.373,3.10e-01, 17.7,26.4, - 
2359, 73870,24032019,18102022 005319,1167, 27117.9, 26.975,322.758,0.479693,359.8, 30.955,3.73e-01, 18.9,24.3, - 
2360, 73871,24032019,17102022 222732, 521, 27080.2, 24.595,342.055,0.509219,359.7,  8.652,3.24e-01, 18.4, 6.2, - 
2361, 73872,30032019,17102022 194551, 939, 27075.0, 24.421,339.601,0.520650,359.7, 13.876,3.50e-01, 18.3,28.4, - 
2362, 73873,31032019,17102022 221102,1265, 27064.7, 24.511,339.799,0.512683,359.7, 12.598,7.47e-01, 19.4,38.0, - 
2363, 73874,30032019,18102022 031311, 169, 27077.5, 24.535,341.698,0.501816,359.7,  8.970,4.40e-01, 17.8, 7.1, - 
2364, 73875,30032019,18102022 025549,1167, 27083.3, 24.762,340.050,0.510068,359.7, 11.593,4.16e-01, 19.1,91.5, - 
2365, 73876,30032019,17102022 213847,1118, 27088.5, 24.718,342.073,0.504075,359.7,  8.747,4.78e-01, 18.7,74.2, - 
2366, 73877,31032019,18102022 033340,1294, 27062.8, 24.474,340.851,0.512931,359.7, 11.239,2.48e-01, 19.9, 3.5,596
2367, 73878,24032019,18102022 053018, 316, 27075.9, 24.474,342.289,0.507339,359.7,  9.271,6.66e-01, 17.2,14.0, - 
2368, 73879,30032019,18102022 000749,1005, 27085.3, 24.540,343.046,0.504573,359.7,  6.747,3.15e-01, 18.5,41.7, - 
2369, 73880,24032019,18102022 011157,1288, 27074.6, 24.488,340.348,0.510657,359.7, 11.401,8.66e-01, 17.8, -  , - 
2370, 73881,24032019,18102022 032559,1247, 27070.3, 24.472,341.899,0.509776,359.7,  9.140,6.37e-01, 18.3,30.5, - 
2371, 73882,24032019,18102022 062128,1287, 27074.4, 24.504,340.854,0.511382,359.7, 10.847,6.37e-01, 18.9, -  , - 
2372, 73883,24032019,18102022 013449,1259, 27083.7, 24.588,338.319,0.515542,359.7, 15.173,6.27e-01, 19.2,37.6, - 
2373, 73884,24032019,18102022 013237,1116, 27074.2, 24.500,338.081,0.522333,359.7, 14.433,2.88e-01, 18.5, 6.1, - 
2374, 73885,24032019,17102022 200721,1146, 27075.4, 24.600,342.930,0.510659,359.7,  7.202,2.97e-01, 17.7, 7.8, - 
2375, 73886,24032019,18102022 033135, 143, 27047.5, 24.672,340.657,0.506262,359.7,  9.878,5.42e-01, 17.0, 1.7,356
2376, 73887,24032019,18102022 014752, 194, 27107.1, 24.564,341.070,0.502298,359.7,  9.501,7.14e-01, 16.0,17.3, - 
2377, 73888,24032019,17102022 202516,1055, 27079.4, 24.572,340.219,0.516112,359.7, 11.858,4.17e-01, 17.9,24.8, - 
2378, 73889,24032019,17102022 152705,1285, 27076.9, 24.536,341.518,0.511810,359.7,  9.874,4.40e-01, 19.0,12.9, - 
2379, 73890,24032019,17102022 220422,1118, 27081.5, 24.428,338.517,0.519812,359.7, 14.309,4.22e-01, 18.2,36.8, - 
2380, 73891,24032019,18102022 030210, 225, 27069.6, 24.559,340.514,0.515540,359.7, 11.409,4.82e-01, 17.2, 6.4, - 
2381, 73892,24032019,17102022 223414,1286, 27087.6, 24.646,342.370,0.510153,359.7,  7.889,5.64e-01, 18.6,78.9, - 
2382, 73893,24032019,18102022 030516, 467, 27089.4, 24.572,342.754,0.510193,359.7,  8.207,3.47e-01, 18.9, 8.0, - 
2383, 73894,24032019,18102022 003254,1285, 27082.8, 24.562,341.629,0.511365,359.7,  9.504,3.97e-01, 18.3,17.7, - 
2384, 73895,24032019,18102022 022936,1265, 27079.6, 24.585,342.508,0.511667,359.7,  8.343,3.45e-01, 19.3, 2.4,451
2385, 73896,24032019,18102022 051458, 695, 27077.4, 25.267,350.248,0.473442,359.7,354.455,1.04e-01, 17.1,23.1, - 
2386, 73897,24032019,18102022 003052, 838, 27082.8, 24.548,341.010,0.513034,359.7, 10.598,4.32e-01, 17.8, 3.6,800
2387, 73898,24032019,18102022 041152, 700, 27103.3, 24.623,344.325,0.502538,359.7,  5.448,1.90e-01, 18.4, 4.4,959
2388, 73899,24032019,18102022 055024, 882, 27078.3, 24.673,342.289,0.507962,359.7,  7.454,3.80e-01, 17.5, 9.2, - 
2389, 73900,06092018,17102022 225639,   6, 27021.2, 20.971,251.860,0.486513,  0.1,339.021,3.43e-01, 16.5, 0.2, 44
2390, 73901,10092018,18102022 060435,   1, 27111.3, 20.911,253.016,0.483118,  0.1,335.799,7.17e-02, 17.4, 0.1,  5
2391, 73902,11092018,18102022 072602,   1, 27106.8, 20.811,240.124,0.510626,  0.2,356.383,6.20e-02, 16.2, 0.1,  4
2392, 73903,06092018,18102022 063937,1198, 27106.0, 21.094,238.640,0.534388,  0.2,353.018,3.24e+00, 17.4, -  , - 
2393, 73904,26032019,17102022 221552, 907, 27084.2, 24.472,340.647,0.511538,359.7, 10.866,6.88e-01, 17.7, 6.4, - 
2394, 73905,27032019,17102022 203905, 196, 27083.2, 24.487,341.146,0.503928,359.7, 10.422,6.85e-01, 17.7,13.4, - 
2395, 73906,24032019,17102022 235426, 958, 27094.5, 24.482,340.732,0.510091,359.7, 11.175,5.84e-01, 17.5,58.2, - 
2396, 73907,26032019,17102022 210101,1224, 27086.4, 24.580,342.003,0.511556,359.7,  8.961,2.96e-01, 17.8, 3.2,706
2397, 73908,25032019,17102022 231119, 892, 27089.1, 24.505,342.412,0.508559,359.7,  7.819,3.15e-01, 17.6,11.2, - 
2398, 73909,26032019,18102022 030540, 521, 27075.9, 24.582,341.229,0.509427,359.7,  9.229,7.31e-01, 18.6, 7.3, - 
2399, 73910,25032019,18102022 050739,1028, 27085.0, 24.532,342.313,0.509740,359.7,  8.421,5.74e-01, 17.9,17.6, - 
2400, 73911,26032019,18102022 040801,1229, 27089.8, 24.560,343.129,0.508731,359.7,  7.036,6.88e-01, 17.5,38.2, - 
2401, 73912,26032019,17102022 213944,1208, 27089.8, 24.549,341.048,0.512366,359.7, 10.107,6.06e-01, 18.4,71.7, - 
2402, 73913,28032019,17102022 205550, 531, 27100.1, 24.644,343.586,0.508590,359.7,  5.921,5.83e-01, 17.8,20.3, - 
2403, 73914,24032019,18102022 032325, 476, 27091.4, 24.583,342.995,0.507530,359.7,  7.347,2.89e-01, 18.8,12.5, - 
2404, 73915,26032019,17102022 182217,1005, 27090.7, 24.644,344.998,0.502743,359.7,  3.832,2.83e-01, 17.5,10.8, - 
2405, 73916,26032019,18102022 030003, 504, 27097.1, 24.577,343.115,0.503373,359.7,  5.905,3.50e-01, 18.9, 7.1, - 
2406, 73917,24032019,18102022 024908,1189, 27091.8, 24.428,341.484,0.512545,359.7, 11.345,3.22e-01, 18.2,18.1, - 
2407, 73918,24032019,18102022 052008, 193, 27080.3, 24.376,342.126,0.499284,359.7,  8.705,5.13e-01, 17.6, 5.6, - 
2408, 73919,24032019,18102022 040816, 143, 27097.9, 24.508,342.652,0.506592,359.7,  7.400,4.82e-01, 19.1, 6.5, - 
2409, 73920,24032019,18102022 050337,1121, 27090.3, 24.555,340.566,0.516294,359.7, 10.791,3.51e-01, 18.7,62.9, - 
2410, 73921,27032019,18102022 001033, 732, 27088.6, 24.583,344.380,0.502696,359.7,  4.747,6.82e-01, 17.5,50.2, - 
2411, 73922,24032019,18102022 011902, 510, 27080.2, 24.390,339.534,0.518055,359.7, 13.731,4.82e-01, 16.0,21.9, - 
2412, 73923,24032019,17102022 210308,1133, 27087.7, 24.609,345.807,0.499036,359.7,  3.003,3.57e-01, 18.5,13.5, - 
2413, 73924,29032019,18102022 060909,1227, 27079.5, 24.587,343.144,0.511584,359.7,  7.381,3.31e-01, 17.2, 6.4, - 
2414, 73925,30032019,18102022 031557, 681, 27060.8, 24.510,343.851,0.505269,359.7,  6.542,6.13e-01, 17.2,42.4, - 
2415, 73926,24032019,18102022 023604,1210, 27087.9, 24.614,342.195,0.511920,359.7,  8.551,2.26e-01, 18.5,23.3, - 
2416, 73927,30032019,17102022 221433, 914, 27095.5, 24.639,342.337,0.509907,359.7,  8.121,6.12e-01, 18.1,12.0, - 
2417, 73928,30032019,18102022 011250,1264, 27095.7, 24.567,340.757,0.510853,359.7, 10.733,4.76e-01, 18.6,11.1, - 
2418, 73929,24032019,18102022 034043, 963, 27088.0, 24.572,342.496,0.511821,359.7,  8.223,3.63e-01, 18.7,32.9, - 
2419, 73930,30032019,17102022 212023, 670, 27108.4, 24.525,342.498,0.512138,359.7,  8.628,3.01e-01, 18.3, 3.4,647
2420, 73931,30032019,17102022 233032, 195, 27119.1, 24.588,343.958,0.494081,359.7,  5.087,3.34e-01, 17.5, 4.1,865
2421, 73932,30032019,18102022 041008, 943, 27079.0, 24.460,338.916,0.519959,359.7, 14.701,2.60e-01, 19.3,21.6, - 
2422, 73933,30032019,17102022 230153, 132, 27073.9, 24.556,341.601,0.513811,359.7, 10.134,5.75e-01, 17.8, 3.6,775
2423, 73934,30032019,18102022 043410, 993, 27082.5, 24.573,342.982,0.508909,359.7,  7.614,3.05e-01, 18.9, 5.2, - 
2424, 73935,24032019,17102022 224152,1275, 27079.7, 24.552,341.907,0.512271,359.7,  9.784,7.82e-01, 19.6,16.1, - 
2425, 73936,03042019,18102022 010834, 442, 27093.7, 24.638,342.154,0.510220,359.7,  8.100,5.42e-01, 16.3,18.5, - 
2426, 73937,01042019,17102022 211502, 939, 27101.9, 24.521,342.404,0.504413,359.7,  7.009,3.83e-01, 17.9, 7.4, - 
2427, 73938,01042019,17102022 200733, 582, 27076.5, 24.570,341.799,0.512526,359.7,  9.356,2.91e-01, 18.3,11.2, - 
2428, 73939,24032019,17102022 230019, 586, 27109.5, 24.865,343.143,0.503829,359.7,  5.067,4.98e-01, 18.5, 7.8, - 
2429, 73940,24032019,17102022 200246, 994, 27094.6, 24.605,345.371,0.498479,359.7,  3.001,2.86e-01, 18.5, 7.4, - 
2430, 73941,24032019,18102022 043905, 694, 27082.7, 24.544,342.094,0.511316,359.7,  8.888,2.98e-01, 18.8, 6.6, - 
2431, 73942,24032019,17102022 195139,  29, 27082.6, 24.536,341.424,0.510840,359.7,  9.582,6.03e-01, 17.1, 0.1, 27
2432, 73943,24032019,18102022 000459, 957, 27086.0, 24.470,342.256,0.505994,359.7,  8.087,5.38e-01, 18.7,18.0, - 
2433, 73944,24032019,17102022 185234, 102, 27084.7, 24.616,342.193,0.511071,359.7,  8.427,3.44e-01, 17.6, 1.1,223
2434, 73945,24032019,18102022 060820,1209, 27088.5, 24.593,341.062,0.511084,359.7,  9.986,4.05e-01, 18.6,38.9, - 
2435, 73946,24032019,18102022 002634,1175, 27089.8, 24.548,342.014,0.510756,359.7,  8.860,3.65e-01, 18.9,27.7, - 
2436, 73947,24032019,17102022 191526, 191, 27126.8, 24.580,344.438,0.479130,359.7,  3.458,2.89e-01, 17.5,18.0, - 
2437, 73948,24032019,18102022 024855,1103, 27090.7, 24.760,339.703,0.511454,359.7, 11.793,3.96e-01, 18.5,38.8, - 
2438, 73949,24032019,18102022 082829,1290, 27086.7, 24.570,341.923,0.511225,359.7,  9.007,3.41e-01, 18.2,19.5, - 
2439, 73950,24032019,18102022 022820, 971, 27075.1, 24.613,339.241,0.519521,359.7, 13.838,4.01e-01, 18.7,30.2, - 
2440, 73951,24032019,18102022 001408,1247, 27089.0, 24.546,342.291,0.510458,359.7,  8.461,4.53e-01, 18.7,18.0, - 
2441, 73952,24032019,18102022 014905, 176, 27103.9, 24.467,345.057,0.489380,359.7,  4.105,3.04e-01, 16.6, 2.0,371
2442, 73953,24032019,18102022 001911, 167, 27077.7, 24.450,342.807,0.489742,359.7,  7.151,3.20e-01, 18.3, 3.5,715
2443, 73954,26032019,17102022 221529,1292, 27079.2, 24.412,341.026,0.510221,359.7, 10.870,7.86e-01, 19.3, -  , - 
2444, 73955,24032019,17102022 235244,1094, 27085.3, 24.587,341.123,0.510694,359.7, 10.214,7.24e-01, 18.7,26.9, - 
2445, 73956,24032019,18102022 015200,1265, 27085.0, 24.552,341.195,0.511598,359.7, 10.170,2.96e-01, 19.0, 3.4,669
2446, 73957,24032019,17102022 192810,1265, 27085.4, 24.595,342.228,0.510836,359.7,  8.305,3.79e-01, 19.3, 6.9, - 
2447, 73958,24032019,17102022 185947, 734, 27086.8, 24.574,341.612,0.511429,359.7,  9.414,4.54e-01, 17.8, 3.7,773
2448, 73959,24032019,18102022 013521,1113, 27092.1, 24.679,341.847,0.509397,359.7,  8.921,5.93e-01, 18.8,27.0, - 
2449, 73960,26032019,18102022 004139,1266, 27077.5, 24.379,341.508,0.510920,359.7, 10.424,5.85e-01, 18.1, 8.0, - 
2450, 73961,24032019,18102022 092650, 546, 27081.5, 24.514,339.937,0.516306,359.7, 11.515,3.41e-01, 18.3, 4.9,919
2451, 73962,24032019,17102022 184451, 525, 27083.8, 24.604,344.798,0.489338,359.7,  3.668,5.41e-01, 18.1,26.4, - 
2452, 73963,24032019,17102022 193815, 740, 27069.9, 24.551,343.247,0.507702,359.7,  7.133,3.32e-01, 18.7,11.0, - 
2453, 73964,24032019,18102022 034612,1227, 27074.8, 24.591,341.807,0.512094,359.7,  9.285,3.32e-01, 19.4,28.4, - 
2454, 73965,24032019,18102022 020102, 173, 27095.6, 24.538,341.910,0.504329,359.7,  7.996,3.14e-01, 16.9,16.0, - 
2455, 73966,24032019,17102022 194546, 962, 27079.3, 24.499,343.038,0.506195,359.7,  6.761,3.25e-01, 18.7,13.1, - 
2456, 73967,24032019,18102022 035259,1167, 27077.8, 24.635,342.269,0.508474,359.7,  8.692,3.92e-01, 18.9,40.7, - 
2457, 73968,24032019,17102022 193401,1244, 27077.5, 24.628,342.267,0.510924,359.7,  8.252,4.50e-01, 18.5,19.9, - 
2458, 73969,24032019,17102022 190917,1285, 27080.9, 24.594,341.361,0.511020,359.7,  9.672,5.44e-01, 19.0,10.9, - 
2459, 73970,24032019,17102022 184859,1266, 27079.4, 24.609,341.292,0.511907,359.7,  9.700,3.00e-01, 19.2,14.0, - 
2460, 73971,24032019,18102022 050516,1246, 27079.7, 24.593,341.372,0.510582,359.7,  9.643,6.64e-01, 18.2,33.2, - 
2461, 73972,24032019,17102022 191209, 152, 27099.8, 24.549,343.335,0.504902,359.7,  6.367,4.50e-01, 18.1, 3.5,723
2462, 73973,03042019,18102022 013511,1265, 27072.4, 24.590,341.988,0.512370,359.7,  9.092,2.48e-01, 18.1, 5.2,946
2463, 73974,24032019,18102022 004305, 220, 27090.4, 24.612,342.058,0.506922,359.7,  8.905,3.68e-01, 17.8, 2.1,409
2464, 73975,03042019,17102022 233348,  90, 27093.1, 24.517,341.406,0.516921,359.7, 10.087,7.11e-01, 17.9, 1.6,373
2465, 73976,24032019,18102022 054152, 520, 27082.4, 24.719,343.172,0.504589,359.7,  5.087,4.10e-01, 17.8,19.9, - 
2466, 73977,03042019,17102022 213405, 959, 27097.6, 24.458,343.654,0.496846,359.7,  4.613,5.67e-01, 18.7,78.6, - 
2467, 73978,24032019,17102022 201809, 928, 27084.7, 24.547,342.359,0.511613,359.7,  8.388,2.06e-01, 17.8,11.1, - 
2468, 73979,03042019,18102022 032158, 152, 27081.5, 24.475,341.650,0.508045,359.7,  8.834,3.45e-01, 16.9, 7.3, - 
2469, 73980,03042019,18102022 025910,1152, 27094.2, 24.609,342.873,0.510998,359.7,  7.343,2.73e-01, 18.9,34.7, - 
2470, 73981,03042019,17102022 234111, 111, 27091.2, 24.606,341.691,0.510695,359.7,  9.202,3.85e-01, 17.2, 7.2, - 
2471, 73982,24032019,17102022 213158,1285, 27093.0, 24.568,341.466,0.509060,359.7,  9.266,9.33e-01, 19.2,51.0, - 
2472, 73983,24032019,17102022 230559, 678, 27093.3, 24.465,341.985,0.508021,359.7,  9.306,5.81e-01, 17.3,35.8, - 
2473, 73984,04042019,17102022 202653, 166, 27118.8, 24.475,342.679,0.499713,359.7,  6.994,6.64e-01, 17.0, 6.1, - 
2474, 73985,24032019,18102022 014023,1204, 27088.0, 24.635,340.014,0.512430,359.7, 11.409,3.45e-01, 18.8, 3.6,782
2475, 73986,24032019,17102022 224336, 996, 27091.3, 24.645,343.990,0.506391,359.7,  5.134,5.34e-01, 18.7,80.7, - 
2476, 73987,24032019,17102022 215534,1265, 27087.7, 24.628,341.990,0.510837,359.7,  8.375,1.54e-01, 19.0,64.6, - 
2477, 73988,30032019,17102022 215344, 138, 27100.4, 24.555,342.939,0.499603,359.7,  6.332,6.89e-01, 16.8,16.8, - 
2478, 73989,24032019,17102022 222206, 803, 27107.8, 24.538,342.076,0.511705,359.7,  8.903,5.54e-01, 20.0, 2.6,460
2479, 73991,24032019,17102022 190528, 145, 27056.3, 24.325,341.360,0.518786,359.7, 13.012,5.05e-01, 17.8, 3.8,803
2480, 73992,24032019,17102022 221952,1227, 27081.5, 24.542,341.135,0.511800,359.7, 10.598,4.67e-01, 18.6,12.9, - 
2481, 73993,24032019,17102022 220550,1265, 27090.0, 24.648,341.311,0.511884,359.7, 10.229,6.40e-01, 18.6,31.5, - 
2482, 73994,24032019,17102022 212331,1142, 27090.3, 24.528,342.409,0.512960,359.7,  8.604,3.64e-01, 19.1,14.8, - 
2483, 73995,24032019,18102022 052414,  76, 27106.3, 24.807,343.281,0.493271,359.7,  4.791,3.35e-01, 17.9, 2.3,528
2484, 73996,24032019,18102022 050028,1229, 27090.8, 24.528,342.534,0.510197,359.7,  8.053,3.34e-01, 19.5, 8.4, - 
2485, 73997,24032019,18102022 000316, 238, 27151.5, 24.830,345.288,0.470673,359.7,  2.562,3.27e-01, 17.1, 8.1, - 
2486, 73998,24032019,18102022 032733,1266, 27090.6, 24.591,341.977,0.511273,359.7,  9.180,3.38e-01, 19.4,21.2, - 
2487, 73999,24032019,17102022 191612, 660, 27097.4, 24.506,342.599,0.506578,359.7,  8.035,5.44e-01, 16.4,19.5, - 
2488, 74000,28082012,18102022 020807,  33, 27070.8, 28.737, 53.727,0.738532,359.8, 51.856,1.58e-01, 16.8, 1.1,154
2489, 74001,06032013,17102022 185542,1258, 27115.4, 62.196,233.346,0.677850,  0.1,268.988,3.48e-02, 15.9, 4.3,860
2490, 74002,10032015,18102022 073831, 203, 26890.4, 24.877,329.302,0.744794,359.7,312.772,5.00e-02, 16.8, -  ,178
2491, 74003,10092018,17102022 202236,1498, 27135.5, 21.219,243.756,0.539198,  0.2,345.077,4.08e+00, 18.7, -  , - 
2492, 74004,09092018,18102022 004637,1407, 27144.9, 21.064,246.753,0.523340,  0.1,339.872,2.24e+00, 18.2, -  , - 
2493, 74005,11092018,17102022 221411,   5, 27113.7, 20.779,238.972,0.517373,  0.2,359.287,1.86e-01, 16.2, 0.1, 22
2494, 74006,02042019,18102022 001912,   0, 27089.7, 24.488,342.417,0.509477,359.7,  7.944,3.64e-01, 18.2, 0.1, 11
2495, 74007,24032019,18102022 045750, 523, 27111.4, 24.696,342.992,0.495515,359.7,  3.949,4.16e-01, 18.2,38.3, - 
2496, 74008,24032019,18102022 063801, 132, 27112.0, 24.646,342.885,0.503197,359.7,  6.236,6.17e-01, 17.9, 7.0, - 
2497, 74009,24032019,17102022 203611,1270, 27097.8, 24.685,342.893,0.511130,359.7,  7.134,3.01e-01, 19.2,11.5, - 
2498, 74010,24032019,18102022 012126, 141, 27089.1, 24.559,341.856,0.511168,359.7,  9.167,5.86e-01, 16.8, 7.0, - 
2499, 74011,24032019,17102022 225704, 945, 27097.2, 24.592,341.791,0.510833,359.7,  8.813,3.51e-01, 18.2, 8.7, - 
2500, 74012,24032019,17102022 232036, 903, 27091.7, 24.492,341.482,0.516411,359.7, 10.973,3.27e-01, 18.9,17.6, - 
2501, 74013,24032019,18102022 050645,1115, 27094.5, 24.629,341.207,0.511383,359.7, 10.083,6.67e-01, 18.6, -  , - 
2502, 74014,24032019,18102022 025147,1258, 27094.5, 24.584,343.196,0.510204,359.7,  7.159,2.76e-01, 17.4,29.1, - 
2503, 74015,24032019,18102022 041237,1266, 27098.0, 24.642,342.140,0.510988,359.7,  8.148,3.84e-01, 19.1, 8.7, - 
2504, 74016,24032019,18102022 004328,1171, 27095.2, 24.623,342.357,0.511015,359.7,  8.196,2.95e-01, 18.9, 9.0, - 
2505, 74017,24032019,18102022 041005,1063, 27087.4, 24.420,340.410,0.518456,359.7, 11.867,3.11e-01, 19.0,40.0, - 
2506, 74018,24032019,18102022 025400,1152, 27100.2, 24.866,340.584,0.509151,359.7, 10.693,7.18e-01, 17.8,21.3, - 
2507, 74019,24032019,18102022 012214,1264, 27095.5, 24.654,342.329,0.511038,359.7,  8.032,2.99e-01, 19.5, 3.7,797
2508, 74020,24032019,17102022 235113,1122, 27095.8, 24.557,342.330,0.510639,359.7,  8.411,3.56e-01, 19.0,34.7, - 
2509, 74021,24032019,17102022 234006,1265, 27098.3, 24.692,341.822,0.509886,359.7,  8.286,5.96e-01, 18.2,16.5, - 
2510, 74022,24032019,18102022 015519, 284, 27097.6, 24.580,343.057,0.506749,359.7,  6.836,3.40e-01, 18.1, 1.9,299
2511, 74023,24032019,17102022 210817, 505, 27106.3, 24.343,340.796,0.508354,359.7,  9.772,5.31e-01, 18.4,28.4, - 
2512, 74024,24032019,17102022 235328,1175, 27094.3, 24.261,334.426,0.526235,359.7, 20.223,5.66e-01, 18.8,43.0, - 
2513, 74025,24032019,17102022 225927,1174, 27096.5, 24.555,341.941,0.511195,359.7,  9.497,3.42e-01, 19.7,10.1, - 
2514, 74026,03042019,18102022 025807,1115, 27086.2, 24.608,344.165,0.508147,359.7,  5.626,3.94e-01, 17.0,92.0, - 
2515, 74027,24032019,17102022 210936, 521, 27102.4, 24.580,342.190,0.505614,359.7,  7.031,5.69e-01, 18.4,13.2, - 
2516, 74028,24032019,18102022 062844, 166, 27109.0, 24.427,343.373,0.496472,359.7,  5.988,6.47e-01, 17.6,11.2, - 
2517, 74029,24032019,17102022 193210,1285, 27096.5, 24.545,341.830,0.510022,359.7,  9.026,6.60e-01, 19.7,16.5, - 
2518, 74030,24032019,17102022 203941,1246, 27092.9, 24.565,342.526,0.510833,359.7,  8.092,3.26e-01, 18.9, 4.9, - 
2519, 74031,24032019,18102022 045557, 961, 27092.5, 24.593,342.056,0.510011,359.7,  8.524,4.36e-01, 19.5,24.8, - 
2520, 74032,24032019,18102022 044342,1177, 27096.1, 24.609,340.790,0.510973,359.7, 10.679,3.90e-01, 19.3,18.0, - 
2521, 74033,24032019,17102022 215634, 210, 27084.6, 24.455,341.560,0.513651,359.7, 10.430,6.66e-01, 18.1, 4.0,871
2522, 74034,24032019,18102022 012727, 959, 27100.4, 24.507,343.835,0.502702,359.7,  5.483,4.57e-01, 18.9, 4.8, - 
2523, 74035,24032019,17102022 190557, 130, 27042.6, 24.773,342.648,0.504734,359.7,  7.324,4.52e-01, 17.9, 1.6,319
2524, 74036,24032019,18102022 041127,1227, 27088.2, 24.513,342.817,0.511003,359.7,  7.884,5.68e-01, 18.7,50.1, - 
2525, 74037,24032019,17102022 235859, 109, 27081.7, 24.622,341.835,0.512190,359.7,  8.924,3.88e-01, 17.9, 1.8,340
2526, 74038,24032019,18102022 005236,1265, 27082.0, 24.546,341.819,0.511470,359.7,  9.334,4.12e-01, 19.5, 7.1, - 
2527, 74039,24032019,17102022 234950,1285, 27082.3, 24.474,341.674,0.511657,359.7,  9.899,3.55e-01, 19.8,20.2, - 
2528, 74040,24032019,17102022 230836,1226, 27082.6, 24.583,341.078,0.512943,359.7, 10.601,4.06e-01, 19.9, 2.7,515
2529, 74041,26032019,18102022 035252,1121, 27078.8, 24.653,339.144,0.516373,359.7, 13.142,3.23e-01, 18.7,49.3, - 
2530, 74042,24032019,18102022 052304, 606, 27072.9, 24.490,340.785,0.514776,359.7, 10.424,3.71e-01, 17.7,12.9, - 
2531, 74043,24032019,17102022 222146, 676, 27081.0, 24.609,341.835,0.511779,359.7,  9.603,2.50e-01, 18.0,19.8, - 
2532, 74044,24032019,18102022 051740,1050, 27076.3, 24.529,341.995,0.511274,359.7,  9.161,3.43e-01, 19.2,14.5, - 
2533, 74045,24032019,17102022 200939,1053, 27078.3, 24.577,341.689,0.512463,359.7,  9.458,3.50e-01, 19.2,23.5, - 
2534, 74046,24032019,18102022 042057, 143, 27070.4, 24.853,341.442,0.511582,359.7,  9.335,6.61e-01, 17.9, 6.0, - 
2535, 74047,24032019,18102022 034336,1229, 27097.8, 24.576,339.267,0.509013,359.7, 12.258,7.91e-01, 19.5,64.8, - 
2536, 74048,07042019,18102022 013144, 940, 27078.7, 24.575,342.665,0.505057,359.7,  7.669,6.04e-01, 19.1,26.2, - 
2537, 74049,08042019,18102022 004750,1208, 27103.5, 24.578,342.586,0.510091,359.7,  7.808,3.82e-01, 19.3,10.5, - 
2538, 74050,08042019,18102022 065150, 102, 27086.2, 24.564,341.595,0.511187,359.7,  9.417,4.73e-01, 16.7, 4.3,991
2539, 74051,10042019,18102022 064111, 648, 27097.1, 24.542,343.040,0.504624,359.7,  7.217,2.14e-01, 17.3,31.3, - 
2540, 74052,06042019,18102022 015516,1195, 27091.8, 24.456,341.840,0.511268,359.7,  9.917,5.88e-01, 18.8,17.6, - 
2541, 74053,07042019,18102022 011321, 520, 27103.2, 24.455,341.280,0.508911,359.7,  9.308,4.20e-01, 17.9, 3.6,777
2542, 74054,09042019,18102022 065902, 378, 27120.6, 13.089,215.395,0.669873,  0.5, 93.341,4.11e+00, 14.5,95.6, - 
2543, 74055,10042019,17102022 172403, 261, 27008.0, 11.982,119.927,0.495944,  0.3,149.482,1.26e+00, 16.6,18.9, - 
2544, 74056,06042019,17102022 200147,1285, 27078.5, 24.528,340.676,0.510200,359.7, 10.749,8.37e-01, 19.5, -  , - 
2545, 74057,26032019,18102022 055519,1224, 27076.9, 24.582,341.634,0.512120,359.7,  9.498,3.79e-01, 17.7, 8.6, - 
2546, 74058,24032019,17102022 205951, 932, 27104.2, 24.536,341.234,0.512023,359.7,  9.973,5.91e-01, 19.0, 3.4,574
2547, 74059,06042019,18102022 053207, 325, 27081.3, 10.790,152.739,0.467065,  0.6,102.468,2.71e+00, 17.9,11.0, - 
2548, 74060,26032019,17102022 231241, 524, 27067.3, 24.681,340.669,0.519253,359.7, 11.028,3.70e-01, 17.5, 2.6,548
2549, 74061,24032019,18102022 003646,1208, 27086.6, 24.513,336.949,0.511320,359.7, 16.664,7.96e-01, 18.8,56.0, - 
2550, 74062,24032019,17102022 225121, 317, 27080.6, 24.647,343.203,0.507117,359.7,  6.685,3.29e-01, 17.8, 3.5,769
2551, 74063,24032019,17102022 215233,1001, 27079.3, 24.694,341.479,0.514770,359.7,  9.572,2.57e-01, 19.4,33.6, - 
2552, 74064,24032019,17102022 184958,  81, 27080.8, 24.583,341.875,0.509752,359.7,  9.028,3.76e-01, 17.3, 0.5,107
2553, 74065,24032019,18102022 031124, 284, 27068.4, 24.449,341.099,0.502676,359.7, 11.096,7.69e-01, 17.7,27.3, - 
2554, 74066,24032019,17102022 235755, 484, 27077.2, 24.540,341.990,0.509568,359.7,  8.980,3.94e-01, 18.1,20.4, - 
2555, 74067,24032019,17102022 205920, 142, 27080.4, 24.546,340.135,0.515670,359.7, 11.112,6.76e-01, 17.0,22.4, - 
2556, 74068,24032019,18102022 060835,1151, 27077.0, 24.522,340.079,0.511381,359.7, 12.591,7.32e-01, 18.6,91.5, - 
2557, 74069,26032019,17102022 234750, 957, 27073.8, 24.539,341.459,0.512495,359.7, 10.026,3.64e-01, 19.4, 6.0, - 
2558, 74070,24032019,17102022 193521, 210, 27086.8, 24.536,342.358,0.509573,359.7,  8.099,4.78e-01, 18.1, 1.9,446
2559, 74071,24032019,18102022 002522, 946, 27088.6, 24.346,345.056,0.487559,359.7,  1.566,6.60e-01, 18.7,40.5, - 
2560, 74072,24032019,18102022 022726,1266, 27078.1, 24.560,339.445,0.511694,359.7, 13.064,1.05e+00, 19.5, 6.2, - 
2561, 74073,24032019,18102022 040006, 195, 27094.7, 24.502,341.057,0.509484,359.7, 10.483,4.27e-01, 18.3, -  , - 
2562, 74074,24032019,18102022 012233,  70, 27075.2, 24.453,341.342,0.508802,359.7,  6.456,4.21e-01, 18.1, 2.3,505
2563, 74075,24032019,18102022 051631, 961, 27076.2, 24.509,341.556,0.506431,359.7,  8.949,5.60e-01, 19.3,17.5, - 
2564, 74076,24032019,17102022 194228, 943, 27073.4, 24.533,339.177,0.518977,359.7, 14.495,4.05e-01, 18.8,13.7, - 
2565, 74077,24032019,18102022 003405, 163, 27077.5, 24.733,341.092,0.515533,359.7, 10.755,6.50e-01, 17.1, 2.3,272
2566, 74078,24032019,17102022 200428, 966, 27068.8, 24.474,342.459,0.509862,359.7,  8.207,3.31e-01, 18.9,10.5, - 
2567, 74079,01042019,17102022 212528, 908, 27061.5, 24.676,343.197,0.500802,359.7,  4.481,7.94e-01, 17.2,61.0, - 
2568, 74080,24032019,18102022 073806, 203, 27101.2, 24.659,341.746,0.505187,359.7,  8.420,2.60e-01, 18.1,23.7, - 
2569, 74081,24032019,17102022 205735, 938, 27101.3, 24.623,342.630,0.503514,359.7,  6.337,5.82e-01, 18.0,53.2, - 
2570, 74082,24032019,18102022 041609,1259, 27073.9, 24.585,340.750,0.510853,359.7, 10.504,7.06e-01, 18.9, 4.9, - 
2571, 74083,24032019,18102022 060701,1205, 27076.9, 24.586,342.438,0.510052,359.7,  7.596,3.13e-01, 18.8,37.1, - 
2572, 74084,24032019,17102022 203724,1265, 27076.8, 24.604,342.150,0.512182,359.7,  8.737,1.65e-01, 19.5, 5.4, - 
2573, 74085,24032019,18102022 064407, 565, 27097.8, 24.655,342.243,0.507534,359.7,  7.712,4.00e-01, 17.2,14.7, - 
2574, 74086,24032019,18102022 042449,1167, 27077.2, 24.530,341.393,0.512062,359.7, 10.154,3.09e-01, 19.5, 9.3, - 
2575, 74087,24032019,17102022 191621, 579, 27066.6, 24.618,343.129,0.502156,359.7,  6.237,7.20e-01, 17.9,31.8, - 
2576, 74088,01052019,17102022 212828, 976, 27064.8, 24.522,340.690,0.514461,359.7, 11.501,6.59e-01, 18.6, 3.3,666
2577, 74089,24032019,17102022 161837, 558, 27085.7, 24.431,339.865,0.508977,359.7, 10.562,4.02e-01, 18.5,37.2, - 
2578, 74090,24032019,18102022 011522,1228, 27078.8, 24.569,340.808,0.511958,359.7, 11.258,6.46e-01, 19.2,33.9, - 
2579, 74091,24032019,18102022 080025, 799, 27102.6, 24.422,339.913,0.512263,359.7, 12.901,1.02e+00, 17.2, -  , - 
2580, 74092,24032019,17102022 212703,1206, 27078.0, 24.610,342.144,0.511695,359.7,  7.931,3.31e-01, 19.3, 5.4, - 
2581, 74093,24032019,18102022 042002,1285, 27077.7, 24.524,341.518,0.511437,359.7,  9.952,4.58e-01, 19.4, -  , - 
2582, 74094,30032019,17102022 193515,1055, 27077.3, 24.553,342.162,0.511623,359.7,  8.825,2.60e-01, 18.4, 4.4,962
2583, 74095,24032019,18102022 053930,1285, 27076.4, 24.540,341.745,0.512190,359.7,  9.628,2.91e-01, 19.9, -  , - 
2584, 74096,24032019,18102022 004620, 167, 27088.6, 24.603,341.612,0.502659,359.7,  8.473,4.86e-01, 17.7,17.9, - 
2585, 74097,24032019,18102022 025742,1167, 27080.4, 24.531,340.756,0.511654,359.7, 11.219,7.02e-01, 19.4, -  , - 
2586, 74098,26032019,18102022 030026, 237, 27057.0, 24.547,341.252,0.521800,359.7, 10.673,6.59e-01, 17.1, 7.5, - 
2587, 74099,24032019,17102022 161318,1170, 27074.8, 24.508,342.332,0.511065,359.7,  8.917,4.65e-01, 19.0,27.4, - 
2588, 74100,24012015,17102022 215830,  27, 27147.6, 62.286, 98.134,0.720757,  0.0,275.480,1.74e-01, 15.3, 0.6,134
2589, 74101,24062016,18102022 010507,   1, 42166.4,  5.219,300.156,0.020162,359.3,239.198,1.00e-02,  9.7, 0.1,  2
2590, 74102,17102017,18102022 005242,   1, 27133.6, 18.370,293.504,0.680904,359.8,254.613,8.71e-02, 16.1, 0.1,  2
2591, 74103,16022018,18102022 000549,1593, 27139.6, 62.737,257.727,0.695531,  0.0,274.322,2.18e-01, 17.1,24.3, - 
2592, 74104,06092018,17102022 222324,1436, 27155.2, 21.161,248.240,0.520318,  0.1,339.218,2.81e+00, 18.3, -  , - 
2593, 74105,06092018,17102022 150417,   6, 27155.7, 20.773,236.946,0.515787,  0.2,  0.242,1.77e-02, 17.3, 0.1,  1
2594, 74106,06092018,17102022 224214,   6, 27151.9, 20.906,251.080,0.495898,  0.1,340.095,2.10e-01, 16.9, 0.1, 10
2595, 74107,09092018,18102022 001103,1497, 27141.7, 21.142,251.240,0.515275,  0.1,331.161,3.90e+00, 18.7, -  , - 
2596, 74108,24032019,18102022 060128,1082, 27085.3, 24.732,343.234,0.506930,359.7,  7.283,4.38e-01, 18.6,67.8, - 
2597, 74109,25042019,18102022 040252, 649, 27070.2,  9.780,157.452,0.481383,  0.7, 75.405,2.07e+00, 15.0, -  , - 
2598, 74110,30032019,17102022 190739, 962, 27081.6, 24.397,341.041,0.510789,359.7, 10.418,3.76e-01, 17.9,11.4, - 
2599, 74111,24032019,18102022 032901, 881, 27080.3, 24.602,341.361,0.509940,359.7,  9.690,7.30e-01, 17.1,15.4, - 
2600, 74112,24032019,18102022 031034,1035, 27073.9, 24.466,339.553,0.518913,359.7, 12.356,3.96e-01, 19.5,14.2, - 
2601, 74113,24032019,18102022 003105, 580, 27085.9, 24.518,341.980,0.508224,359.7,  9.139,5.89e-01, 17.3,36.2, - 
2602, 74114,24032019,18102022 032212, 546, 27078.4, 24.619,341.218,0.510295,359.7,  9.308,2.66e-01, 20.5,16.9, - 
2603, 74115,03042019,17102022 185109, 177, 27074.5, 24.658,341.153,0.504457,359.7,  9.328,1.00e+00, 17.3, 5.1, - 
2604, 74116,26032019,18102022 015535, 613, 27085.6, 24.447,340.552,0.518603,359.7, 12.203,5.01e-01, 17.1,14.6, - 
2605, 74117,01042019,17102022 232459, 939, 27081.5, 24.460,342.143,0.504050,359.7,  8.339,6.80e-01, 19.0,47.6, - 
2606, 74118,24032019,17102022 193250, 175, 27080.6, 24.538,342.274,0.502712,359.7,  7.525,9.02e-01, 17.3,11.4, - 
2607, 74119,24032019,18102022 004958, 996, 27075.7, 24.551,341.663,0.510731,359.7,  9.364,5.48e-01, 18.3, 9.7, - 
2608, 74120,01052019,18102022 002002, 132, 27083.6, 24.527,341.992,0.513521,359.7,  9.219,6.09e-01, 18.6, 5.8,866
2609, 74121,26032019,17102022 201146, 798, 27077.7, 24.596,340.887,0.515838,359.7, 12.017,5.77e-01, 18.1,49.8, - 
2610, 74122,24032019,17102022 205154, 132, 27132.8, 24.718,340.623,0.518040,359.7,  8.228,4.71e-01, 19.6,11.8, - 
2611, 74123,24032019,18102022 034758, 827, 27083.0, 24.667,340.532,0.511952,359.7, 11.192,7.79e-01, 18.1,17.7, - 
2612, 74124,30032019,18102022 003553, 590, 27066.9, 24.618,341.968,0.508541,359.7,  9.185,6.08e-01, 17.2,32.6, - 
2613, 74125,24032019,17102022 221755,1167, 27075.8, 24.544,342.304,0.513465,359.7,  8.413,3.32e-01, 19.5,27.4, - 
2614, 74126,05042019,17102022 230458, 534, 27076.3, 24.791,341.377,0.508914,359.7,  9.161,7.08e-01, 17.0,35.6, - 
2615, 74127,24032019,17102022 195106,  89, 27057.9, 24.585,342.742,0.484516,359.7,  7.679,5.03e-01, 18.1, 2.3,524
2616, 74128,21042019,18102022 051908, 622, 27083.5, 24.780,342.903,0.502271,359.7,  6.657,6.16e-01, 17.5,18.4, - 
2617, 74129,24032019,17102022 230641,  15, 27083.2, 24.545,342.043,0.510862,359.7,  8.477,5.16e-01, 17.6, 0.1,  9
2618, 74130,26032019,17102022 223850,1060, 27079.3, 24.707,342.798,0.509386,359.7,  6.514,4.98e-01, 17.4,19.6, - 
2619, 74131,24032019,17102022 211124, 903, 27079.6, 24.585,342.268,0.510202,359.7,  8.539,3.95e-01, 17.9, 8.7, - 
2620, 74132,26032019,17102022 204050, 735, 27078.3, 24.611,340.916,0.515464,359.7, 10.633,2.43e-01, 17.8,15.5, - 
2621, 74133,26032019,18102022 065650,1247, 27079.0, 24.553,341.414,0.512027,359.7, 10.149,4.19e-01, 19.3, -  , - 
2622, 74134,24032019,18102022 011619,1096, 27081.4, 24.572,338.439,0.515514,359.7, 14.023,8.04e-01, 19.4,91.1, - 
2623, 74135,30032019,17102022 211045,1135, 27074.7, 24.557,343.483,0.510541,359.7,  6.970,4.94e-01, 19.1, -  , - 
2624, 74136,24032019,18102022 040350,1266, 27084.1, 24.589,339.901,0.511370,359.7, 11.774,6.07e-01, 19.8, -  , - 
2625, 74137,24032019,18102022 034842,1285, 27083.8, 24.540,339.794,0.512167,359.7, 12.502,9.04e-01, 19.5, -  , - 
2626, 74138,03042019,18102022 033839, 677, 27081.4, 24.559,341.034,0.508916,359.7, 10.820,2.67e-01, 17.1, 5.0, - 
2627, 74139,24032019,18102022 045901, 558, 27081.7, 24.609,343.057,0.498441,359.7,  5.712,6.94e-01, 18.4,12.0, - 
2628, 74140,30032019,18102022 031929, 174, 27096.9, 24.594,345.231,0.485349,359.7,  2.503,4.50e-01, 17.0,13.4, - 
2629, 74141,01042019,17102022 193637, 235, 27066.2, 24.383,339.358,0.521522,359.7, 13.864,3.93e-01, 17.8, 3.8,873
2630, 74142,24032019,18102022 064414, 921, 27068.2, 24.655,342.098,0.517929,359.7, 10.222,5.30e-01, 17.8,61.4, - 
2631, 74143,03042019,18102022 021109, 579, 27052.6, 24.627,340.131,0.519357,359.7, 12.778,3.23e-01, 16.9,53.9, - 
2632, 74144,24032019,18102022 010820, 882, 27075.0, 24.647,342.842,0.507285,359.7,  6.566,5.85e-01, 17.1, 9.4, - 
2633, 74145,25032019,17102022 231201,  87, 27084.1, 24.511,341.132,0.507631,359.7,  9.283,5.24e-01, 17.7, 1.4,292
2634, 74146,26032019,18102022 055956,1139, 27084.7, 24.686,339.715,0.511651,359.7, 12.497,7.78e-01, 18.0,50.4, - 
2635, 74147,01042019,18102022 011857,1074, 27076.0, 24.631,341.190,0.512513,359.7,  9.992,5.87e-01, 19.0,26.6, - 
2636, 74148,30032019,17102022 213112,1295, 27084.6, 24.562,341.049,0.510761,359.7, 10.289,6.68e-01, 19.3, 4.9, - 
2637, 74149,25032019,18102022 021614, 560, 27110.8, 24.553,345.657,0.489767,359.7,  1.313,4.38e-01, 17.5,28.7, - 
2638, 74150,30032019,17102022 221155,1226, 27083.3, 24.526,343.104,0.511192,359.7,  7.541,2.51e-01, 19.0,77.4, - 
2639, 74151,26032019,18102022 052740,1243, 27088.0, 24.547,341.382,0.510521,359.7,  9.742,6.40e-01, 18.6, -  , - 
2640, 74152,26032019,17102022 170410,1243, 27085.0, 24.560,341.529,0.511836,359.7,  9.629,4.21e-01, 18.9, -  , - 
2641, 74153,03042019,18102022 022555,1207, 27081.4, 24.572,341.877,0.512188,359.7,  9.327,3.99e-01, 19.0,47.0, - 
2642, 74154,24032019,18102022 055727, 604, 27090.3, 24.620,341.601,0.515258,359.7, 10.090,8.31e-01, 18.4,18.9, - 
2643, 74155,26032019,17102022 222831,1093, 27079.1, 24.658,340.345,0.511056,359.7, 11.006,5.64e-01, 19.1,51.4, - 
2644, 74156,05042019,18102022 002243,1287, 27101.0, 24.566,338.156,0.508510,359.7, 13.665,1.75e+00, 19.7, -  , - 
2645, 74157,24032019,18102022 060450,1191, 27091.8, 24.581,341.535,0.512786,359.7,  9.425,5.41e-01, 19.5,24.2, - 
2646, 74158,24032019,17102022 234025, 130, 27078.2, 24.694,340.729,0.514866,359.7, 10.806,6.55e-01, 17.9, 5.0, - 
2647, 74159,26032019,18102022 033757,   2, 27085.2, 24.538,340.514,0.514269,359.7, 10.978,5.26e-01, 16.6, 0.1,  7
2648, 74160,26032019,18102022 003502, 493, 27090.5, 24.634,343.813,0.503144,359.7,  6.232,6.46e-01, 18.5,13.5, - 
2649, 74161,24032019,18102022 034737,1247, 27085.2, 24.505,342.311,0.508829,359.7,  8.219,5.27e-01, 18.5, 3.1,678
2650, 74162,24032019,18102022 001131, 988, 27084.4, 24.324,339.318,0.516219,359.7, 13.970,7.63e-01, 19.5,54.1, - 
2651, 74163,28032019,18102022 002249, 694, 27078.5, 24.470,339.439,0.510352,359.7, 12.939,1.18e+00, 16.9, 3.7,851
2652, 74164,09042019,17102022 144307,1265, 27086.9, 24.545,341.262,0.510622,359.7,  9.919,6.70e-01, 16.9,46.5, - 
2653, 74165,03042019,17102022 222148,1150, 27081.3, 24.517,340.915,0.513766,359.7, 11.496,5.95e-01, 19.2,58.5, - 
2654, 74166,24032019,18102022 001009, 919, 27080.9, 24.567,341.739,0.512003,359.7,  9.763,5.13e-01, 18.0,54.3, - 
2655, 74167,24032019,18102022 044940,1149, 27086.9, 24.495,334.090,0.525007,359.7, 20.632,6.72e-01, 19.3, -  , - 
2656, 74168,24032019,18102022 054620, 225, 27082.5, 24.594,340.863,0.508671,359.7, 10.802,5.52e-01, 17.2, 2.4,543
2657, 74169,24032019,17102022 230122, 176, 27039.9, 24.421,339.729,0.539491,359.7, 14.784,6.57e-01, 18.2, 5.7, - 
2658, 74170,24032019,18102022 053332, 552, 27083.7, 24.801,341.766,0.505352,359.7,  8.005,7.59e-01, 17.3,18.3, - 
2659, 74171,24032019,18102022 010853,1036, 27082.1, 24.513,340.618,0.509561,359.7, 11.176,9.09e-01, 19.0,93.1, - 
2660, 74172,10042019,17102022 211930,1224, 27086.1, 24.634,339.856,0.512413,359.7, 11.877,8.02e-01, 19.1, -  , - 
2661, 74173,24032019,18102022 021038, 202, 27089.0, 24.556,341.147,0.502772,359.7,  9.770,6.64e-01, 17.0, 6.1, - 
2662, 74175,24032019,18102022 051041, 557, 27057.3, 24.602,339.415,0.520625,359.7, 13.113,4.31e-01, 17.1, 7.5, - 
2663, 74177,24032019,18102022 005109, 109, 27095.7, 24.758,342.102,0.503966,359.7,  6.730,7.03e-01, 17.6, 9.6, - 
2664, 74179,24032019,18102022 035548, 886, 27083.4, 24.699,344.498,0.502738,359.7,  4.520,5.49e-01, 18.0,52.8, - 
2665, 74180,24032019,17102022 190557, 155, 27088.2, 24.604,342.301,0.502312,359.7,  7.492,8.03e-01, 17.6, 4.6, - 
2666, 74181,26032019,17102022 200639, 517, 27085.1, 24.691,342.373,0.506066,359.7,  7.004,8.54e-01, 17.9,27.1, - 
2667, 74182,24032019,18102022 002057,1229, 27083.8, 24.591,341.145,0.511790,359.7, 10.159,4.91e-01, 19.6,13.4, - 
2668, 74183,24032019,17102022 202222,1118, 27076.7, 24.554,343.753,0.507289,359.7,  6.428,3.71e-01, 19.5,54.4, - 
2669, 74184,24032019,18102022 010510, 276, 27069.2, 24.180,342.779,0.502483,359.7,  3.765,2.20e-01, 17.3,13.0, - 
2670, 74185,26032019,18102022 045310, 634, 27098.2, 24.584,344.473,0.489130,359.7,  5.249,7.98e-01, 18.1,30.6, - 
2671, 74187,31052019,17102022 182536, 978, 27054.6, 11.176,133.743,0.499681,  0.4,139.290,1.59e+00, 17.8, -  , - 
2672, 74188,07042019,18102022 030636,1004, 27086.8, 24.453,342.372,0.506834,359.7,  8.220,2.78e-02, 17.5,19.0, - 
2673, 74189,24032019,17102022 223011, 520, 27081.4, 24.606,341.800,0.511914,359.7,  9.613,3.46e-01, 18.1,11.2, - 
2674, 74190,24032019,18102022 061233, 973, 27077.3, 24.547,341.491,0.513039,359.7, 10.047,4.07e-01, 18.7, 8.8, - 
2675, 74193,29032019,18102022 051129, 903, 27069.7, 24.513,340.123,0.517710,359.7, 13.234,4.97e-01, 18.3,62.9, - 
2676, 74194,30032019,17102022 213637, 167, 27116.8, 24.594,343.280,0.503754,359.7,  6.715,4.54e-01, 18.3,14.1, - 
2677, 74195,03042019,18102022 003459,1035, 27078.8, 24.593,340.735,0.511321,359.7, 10.474,6.75e-01, 19.4, 3.2,725
2678, 74196,26032019,18102022 024010, 549, 27075.9, 24.420,341.701,0.510980,359.7,  9.614,5.96e-01, 17.2,20.7, - 
2679, 74197,30032019,17102022 191733,1050, 27080.4, 24.885,343.671,0.497837,359.7,  6.395,9.52e-01, 19.4, -  , - 
2680, 74198,02042019,17102022 205303, 103, 27075.7, 24.343,340.547,0.522536,359.7, 13.679,5.63e-01, 17.1,11.4, - 
2681, 74199,27052019,17102022 211051, 542, 27090.5, 24.642,339.966,0.515025,359.7, 11.021,6.17e-01, 16.8, 8.3, - 
2682, 74200,27122013,17102022 205538, 203, 27172.7, 63.538, 50.874,0.733132,359.9,271.315,1.71e-01, 14.6, 4.1,794
2683, 74201,12092014,18102022 044829,   3, 27159.8, 25.908,206.341,0.719203,  0.3,207.486,9.29e-02, 15.6, 0.1,  9
2684, 74202,03102014,18102022 002144,   0, 27167.1, 56.557, 31.000,0.001713,359.9,104.001,5.90e-03, 11.2, 0.1,  1
2685, 74203,06092018,17102022 132558,1341, 27166.0, 20.840,246.822,0.509410,  0.1,349.021,1.00e-02, 19.2, 8.9, - 
2686, 74204,08092018,17102022 205059, 650, 27130.2, 20.898,263.664,0.480288,  0.0,311.335,4.42e+00, 17.2,42.7, - 
2687, 74205,12102018,17102022 183947, 316, 27168.6, 66.540,281.871,0.519414,360.0,163.375,1.93e+00, 17.0, 8.7, - 
2688, 74206,07042019,18102022 052010, 311, 27052.9, 10.340,149.395,0.495410,  0.6,118.241,3.92e+00, 14.8, -  , - 
2689, 74207,06042019,18102022 050257, 953, 27188.2, 11.372,137.815,0.471182,  0.5,116.865,2.01e+00, 14.3, -  , - 
2690, 74208,06042019,18102022 023130,   0, 27172.6, 11.141,148.279,0.454214,  0.6,105.206,8.50e-02, 16.6, 0.1,  1
2691, 74209,06042019,18102022 103058,  10, 27151.6, 10.961,151.393,0.477426,  0.6,110.403,9.84e-01, 17.3, 0.8,185
2692, 74210,06042019,17102022 223552,  23, 27248.2, 11.104,143.646,0.489406,  0.5,120.192,2.24e+00, 17.1,12.8, - 
2693, 74211,30032019,17102022 233528, 497, 27093.8, 24.390,339.671,0.513510,359.7, 13.248,7.24e-01, 17.3, 8.7, - 
2694, 74212,26032019,17102022 225728,1193, 27075.0, 24.539,341.164,0.512014,359.7, 10.378,4.50e-01, 19.4, 5.6, - 
2695, 74213,26032019,18102022 012611,1266, 27073.7, 24.615,341.594,0.512324,359.7,  9.462,3.13e-01, 19.6,19.2, - 
2696, 74214,24032019,18102022 064350,1240, 27075.2, 24.584,339.928,0.513605,359.7, 12.617,6.60e-01, 19.4, -  , - 
2697, 74215,30032019,18102022 055926,1266, 27075.5, 24.562,340.263,0.512171,359.7, 11.731,7.27e-01, 19.7, -  , - 
2698, 74216,26032019,18102022 023502,1247, 27077.5, 24.522,339.722,0.511525,359.7, 13.029,1.11e+00, 19.4,37.2, - 
2699, 74217,30032019,18102022 004339,1265, 27078.8, 24.555,337.351,0.516480,359.7, 17.560,1.13e+00, 19.6, -  , - 
2700, 74218,24032019,17102022 210353, 632, 27078.4, 24.546,341.278,0.514392,359.7, 10.265,2.99e-01, 17.4,25.9, - 
2701, 74219,31032019,18102022 013517,1190, 27077.6, 24.804,339.192,0.510911,359.7, 12.708,9.51e-02, 18.2,54.0, - 
2702, 74220,30032019,18102022 014246, 943, 27078.3, 24.497,343.523,0.503021,359.7,  5.926,3.61e-01, 19.1,17.8, - 
2703, 74221,30032019,17102022 202809,1018, 27072.5, 24.619,341.029,0.513244,359.7, 10.182,3.23e-01, 19.2, 9.5, - 
2704, 74222,26032019,18102022 003850,  17, 27083.2, 24.549,340.983,0.513189,359.7, 10.733,4.46e-01, 18.6, 0.1, 22
2705, 74223,24032019,18102022 002222,1285, 27073.5, 24.644,341.480,0.512488,359.7,  9.555,2.83e-01, 19.5, -  , - 
2706, 74224,24032019,18102022 054007, 143, 27077.1, 24.615,341.836,0.495605,359.7,  8.426,8.28e-01, 16.1, 8.3, - 
2707, 74225,24032019,17102022 231620, 128, 27092.6, 24.522,342.937,0.505689,359.7,  7.377,5.62e-01, 17.0, 3.6,788
2708, 74226,24032019,17102022 152852,1116, 27073.0, 24.559,341.059,0.515801,359.7, 10.337,2.18e-01, 19.4, 2.7,280
2709, 74227,24032019,18102022 025455,1190, 27082.0, 24.640,337.925,0.512240,359.7, 15.195,9.29e-01, 19.1,21.4, - 
2710, 74228,26032019,18102022 003627,1135, 27077.8, 24.667,341.625,0.508867,359.7, 10.003,5.74e-01, 19.3,15.5, - 
2711, 74229,26032019,17102022 194702, 675, 27084.1, 24.537,341.979,0.514048,359.7,  8.788,3.35e-01, 18.1,12.4, - 
2712, 74230,24032019,17102022 195219,1265, 27074.6, 24.485,339.705,0.510325,359.7, 11.828,3.00e-01, 18.6,26.9, - 
2713, 74231,30032019,18102022 041701, 167, 27091.2, 24.568,342.296,0.510029,359.7,  8.514,4.09e-01, 17.8, 3.4,780
2714, 74232,24032019,17102022 234641,1224, 27086.9, 24.614,342.602,0.510508,359.7,  7.916,3.27e-01, 18.7,41.8, - 
2715, 74233,24032019,17102022 234035, 991, 27086.4, 24.591,342.583,0.509886,359.7,  7.809,2.33e-01, 19.5,18.1, - 
2716, 74234,24032019,17102022 190944, 898, 27087.6, 24.497,344.677,0.505350,359.7,  4.452,2.63e-01, 17.9,40.2, - 
2717, 74235,24032019,17102022 193943,1152, 27086.8, 24.576,341.878,0.511015,359.7,  9.024,4.01e-01, 19.2,21.0, - 
2718, 74236,24032019,17102022 234412, 939, 27082.3, 24.604,344.399,0.505944,359.7,  5.745,3.61e-01, 18.4,62.8, - 
2719, 74237,24032019,18102022 060641,1025, 27085.5, 24.566,341.038,0.513398,359.7, 10.036,4.53e-01, 19.1,13.0, - 
2720, 74238,26032019,18102022 022001,1118, 27085.9, 24.691,341.822,0.508911,359.7,  9.297,6.72e-01, 19.0,38.8, - 
2721, 74239,26032019,18102022 043035, 646, 27073.0, 24.708,340.813,0.511499,359.7, 10.851,5.46e-01, 17.0,30.1, - 
2722, 74240,30032019,18102022 001755,1285, 27088.5, 24.516,341.014,0.509457,359.7, 10.216,7.82e-01, 19.1, 7.4, - 
2723, 74241,26032019,18102022 001005,1150, 27089.8, 24.658,340.171,0.510040,359.7, 11.829,5.23e-01, 19.5,40.2, - 
2724, 74242,24032019,17102022 210152, 946, 27089.1, 24.474,341.320,0.511047,359.7,  9.879,5.27e-01, 18.4,23.9, - 
2725, 74243,05042019,18102022 010313,1265, 27087.9, 24.567,342.051,0.512014,359.7,  8.873,2.82e-01, 19.5,23.0, - 
2726, 74244,09042019,18102022 055710,1027, 27091.7, 24.580,340.882,0.509745,359.7, 10.021,7.70e-01, 18.6,38.2, - 
2727, 74245,09042019,17102022 225359, 143, 27107.3, 24.565,340.572,0.506227,359.7, 10.639,5.40e-01, 17.6, 9.0, - 
2728, 74246,24032019,18102022 043019, 973, 27084.2, 24.554,341.630,0.511769,359.7,  9.647,5.47e-01, 18.4,44.1, - 
2729, 74247,10042019,18102022 001841,  53, 27089.4, 24.454,342.451,0.510151,359.7,  5.491,4.50e-01, 17.9, 0.4,100
2730, 74248,24032019,17102022 212905, 674, 27093.1, 24.614,342.623,0.510977,359.7,  7.826,2.76e-01, 18.3, 0.9,208
2731, 74249,24032019,18102022 043631, 236, 27090.6, 24.687,342.197,0.512219,359.7,  9.039,3.61e-01, 18.6, 1.5,316
2732, 74250,24032019,17102022 225701,1189, 27089.2, 24.514,343.128,0.512644,359.7,  7.438,1.50e-01, 18.4,40.4, - 
2733, 74251,24032019,17102022 223923, 133, 27116.6, 24.751,344.987,0.495792,359.7,  3.780,6.27e-01, 17.1, 9.3, - 
2734, 74252,24032019,18102022 040326,1027, 27090.5, 24.554,342.165,0.511040,359.7,  8.705,3.95e-01, 18.8, 7.7, - 
2735, 74253,24032019,17102022 202331, 737, 27094.7, 24.649,343.103,0.507340,359.7,  6.983,4.52e-01, 17.4, 6.6, - 
2736, 74254,24032019,18102022 041537,1122, 27092.1, 24.622,341.518,0.512127,359.7,  9.791,4.65e-01, 19.2,19.2, - 
2737, 74255,26032019,18102022 011941,1285, 27092.4, 24.600,340.119,0.509378,359.7, 11.068,1.12e+00, 17.8, -  , - 
2738, 74256,24032019,18102022 004008, 171, 27128.9, 24.545,343.818,0.496135,359.7,  4.832,7.80e-01, 17.5, 8.0, - 
2739, 74257,24032019,18102022 014523,1040, 27091.8, 24.704,341.987,0.509438,359.7,  8.655,6.02e-01, 18.4,18.0, - 
2740, 74258,30032019,17102022 194358,1004, 27083.6, 24.532,339.748,0.519768,359.7, 12.925,4.48e-01, 18.6, -  , - 
2741, 74259,24032019,17102022 223902,1285, 27091.3, 24.514,341.692,0.510156,359.7,  9.355,6.29e-01, 19.6,49.7, - 
2742, 74260,24032019,18102022 010544,1191, 27088.5, 24.579,342.473,0.510259,359.7,  7.942,3.83e-01, 19.8,17.7, - 
2743, 74261,06042019,18102022 030402, 505, 27092.2, 24.509,342.052,0.513901,359.7,  9.500,3.02e-01, 18.5, 7.1,846
2744, 74262,24032019,18102022 011651, 148, 27093.7, 24.546,344.664,0.496132,359.7,  3.509,7.30e-01, 18.6, 5.7,573
2745, 74263,24032019,18102022 001145, 594, 27066.3, 24.451,340.385,0.515590,359.7, 11.966,3.89e-01, 17.0,51.3, - 
2746, 74264,24032019,17102022 161707, 262, 27086.8, 24.509,341.274,0.508817,359.7, 10.252,6.66e-01, 17.2, 7.3, - 
2747, 74265,26032019,18102022 000650,1266, 27086.1, 24.527,343.372,0.509205,359.7,  6.466,6.54e-01, 19.7, -  , - 
2748, 74266,06042019,18102022 002448,1095, 27104.5, 24.798,342.261,0.499146,359.7,  7.462,8.30e-01, 19.0,33.3, - 
2749, 74267,09042019,17102022 194000, 934, 27090.8, 24.531,341.290,0.510033,359.7, 10.003,5.53e-01, 18.0,47.0, - 
2750, 74268,24032019,17102022 233137,1095, 27092.1, 24.673,341.658,0.509430,359.7,  9.043,3.79e-01, 19.6, 5.9, - 
2751, 74269,24032019,17102022 215829, 176, 27089.4, 24.658,342.260,0.508862,359.7,  8.483,5.28e-01, 17.9, 1.5,293
2752, 74270,25032019,17102022 212811, 554, 27102.5, 24.704,343.105,0.507875,359.7,  7.005,5.61e-01, 18.1, 3.9,874
2753, 74271,06042019,17102022 234429,1265, 27083.5, 24.594,342.903,0.512130,359.7,  7.935,3.47e-01, 19.0,20.8, - 
2754, 74272,26032019,18102022 041712, 485, 27079.9, 24.297,340.990,0.509716,359.7, 10.743,7.18e-01, 18.8, 6.8, - 
2755, 74273,24032019,18102022 100206,1286, 27098.4, 24.491,341.981,0.509400,359.7,  8.988,6.74e-01, 19.5, -  , - 
2756, 74274,26032019,17102022 211316,  69, 27086.0, 24.208,338.546,0.524654,359.7, 15.724,7.43e-01, 15.6, 2.6,589
2757, 74275,24032019,18102022 030125,1286, 27089.8, 24.597,342.166,0.511082,359.7,  8.624,3.50e-01, 19.6, -  , - 
2758, 74276,30032019,17102022 225226, 525, 27104.2, 24.466,342.535,0.500270,359.7,  5.922,6.12e-01, 16.1,19.4, - 
2759, 74277,26032019,17102022 221337,1286, 27099.4, 24.613,342.888,0.511063,359.7,  7.491,1.85e-01, 19.5,70.9, - 
2760, 74278,24032019,17102022 185534,1286, 27100.1, 24.553,342.527,0.510332,359.7,  8.106,4.05e-01, 19.5, -  , - 
2761, 74279,24032019,18102022 054929, 634, 27092.7, 24.833,345.141,0.498261,359.7,  2.277,4.19e-01, 17.9,18.4, - 
2762, 74280,09042019,18102022 055417,1171, 27088.5, 24.567,340.295,0.512912,359.7, 11.920,6.44e-01, 19.0,79.2, - 
2763, 74281,30032019,18102022 032223, 277, 27063.1, 24.662,339.829,0.507666,359.7, 11.969,8.12e-01, 17.1, 6.3, - 
2764, 74282,30032019,17102022 235002,1247, 27084.7, 24.569,341.655,0.509727,359.7,  9.078,9.47e-01, 19.2,45.9, - 
2765, 74283,24032019,18102022 014905,1226, 27083.6, 24.589,341.704,0.510951,359.7,  9.204,4.85e-01, 19.7, 8.7, - 
2766, 74284,30032019,18102022 002113, 582, 27083.8, 24.649,342.187,0.509348,359.7,  9.391,1.00e-02, 15.7, 0.4, 70
2767, 74286,24032019,18102022 054251, 636, 27081.0, 24.666,342.932,0.497537,359.7,  6.811,6.55e-01, 16.8,31.8, - 
2768, 74287,24032019,17102022 222813, 484, 27095.8, 24.658,342.364,0.506856,359.7,  6.749,2.01e-01, 19.0,24.8, - 
2769, 74288,24032019,17102022 214953,1189, 27099.8, 24.785,338.746,0.511077,359.7, 13.547,3.84e-01, 19.7,29.9, - 
2770, 74289,26032019,17102022 201711, 156, 27096.0, 24.655,342.113,0.510239,359.7,  8.395,4.25e-01, 18.3, 1.7,368
2771, 74290,24032019,18102022 053958,1169, 27089.4, 24.582,343.234,0.509371,359.7,  7.474,4.25e-01, 18.8,39.7, - 
2772, 74291,30032019,18102022 011951,1103, 27089.2, 24.771,347.218,0.495217,359.7,  0.663,4.60e-01, 18.5, -  , - 
2773, 74292,24032019,18102022 021231, 128, 27109.6, 24.619,342.445,0.505721,359.7,  8.086,7.65e-01, 16.3, 2.1,437
2774, 74293,24032019,17102022 203203,1285, 27102.7, 24.553,342.473,0.509511,359.7,  7.780,5.21e-01, 18.6,33.4, - 
2775, 74294,24032019,17102022 231255, 688, 27110.5, 24.576,342.180,0.511754,359.7,  8.676,3.96e-01, 17.8,12.2, - 
2776, 74295,24032019,17102022 235717, 103, 27098.3, 24.590,343.081,0.501381,359.7,  6.876,6.54e-01, 18.1, 3.3,656
2777, 74296,24032019,17102022 222601,1270, 27104.3, 24.538,342.477,0.509423,359.7,  8.026,5.52e-01, 19.2, 8.2, - 
2778, 74297,15032021,18102022 005614, 550, 27095.5, 24.705,343.602,0.505952,359.7,  5.211,6.11e-02, 17.7,18.2, - 
2779, 74298,01042019,17102022 233944, 142, 27100.3, 24.334,340.549,0.512893,359.7, 11.845,5.60e-01, 17.2, 2.8,553
2780, 74299,09042019,17102022 161529,1266, 27102.7, 24.599,341.208,0.511201,359.7,  9.612,7.13e-01, 19.8, -  , - 
2781, 74300,31012018,18102022 011030,  13, 27190.4, 27.723, 66.117,0.740530,359.9, 61.891,2.36e-01, 16.1, 0.2, 50
2782, 74301,08012013,18102022 031536,   2, 27191.5, 26.360,235.691,0.712198,  0.2,152.533,5.56e-02, 14.9, 0.1,  8
2783, 74302,05092018,18102022 064442,1408, 27210.3, 21.140,252.214,0.509430,  0.1,335.224,2.59e+00, 18.5, -  , - 
2784, 74303,04092018,17102022 232710,   0, 27324.6, 20.828,248.227,0.510729,  0.1,344.324,1.46e-01, 15.0, 0.1,  5
2785, 74304,04092018,18102022 000456,1471, 27191.1, 21.106,258.189,0.491474,  0.1,322.522,3.62e+00, 19.1, -  , - 
2786, 74305,04092018,18102022 065011,1471, 27190.5, 21.080,252.433,0.501451,  0.1,332.258,1.60e+00, 19.1, -  , - 
2787, 74306,04092018,17102022 220009,1460, 27202.5, 20.984,250.519,0.500923,  0.1,338.519,7.48e-01, 18.9, 5.1, - 
2788, 74307,08082014,18102022 034247,   4, 27200.3, 26.109,274.892,0.743868,360.0,282.191,2.09e-02, 18.1, 0.1,  7
2789, 74308,30012019,18102022 070845, 335, 27261.3, 58.071,211.441,0.595954,  0.1, 38.831,7.83e+00, 17.2, -  , - 
2790, 74309,09042019,17102022 231708,   0, 27170.4, 11.028,168.555,0.450412,  0.6, 82.793,4.77e-01, 16.3, 0.1,  9
2791, 74310,06042019,17102022 211337,  28, 27184.7, 11.430,133.919,0.490805,  0.4,131.881,5.26e-02, 18.8, 0.1, 10
2792, 74311,30032019,17102022 224214,1286, 27104.7, 24.452,341.406,0.507232,359.7,  9.228,1.11e+00, 19.1, -  , - 
2793, 74312,09042019,18102022 004923,1107, 27098.5, 24.622,342.106,0.509785,359.7,  8.244,5.99e-01, 19.3,13.1, - 
2794, 74313,30032019,17102022 224913,1265, 27097.7, 24.545,341.828,0.510779,359.7,  9.843,5.69e-01, 19.7,58.0, - 
2795, 74314,24032019,18102022 013917,1285, 27096.6, 24.601,342.334,0.510690,359.7,  8.317,3.88e-01, 19.9, -  , - 
2796, 74315,24032019,18102022 040205,  70, 27085.0, 24.438,340.720,0.512195,359.7, 10.121,3.82e-01, 17.9, 0.7, 85
2797, 74316,24032019,18102022 040639, 938, 27102.9, 24.419,344.711,0.499857,359.7,  3.859,7.03e-01, 17.8,42.6, - 
2798, 74317,26032019,18102022 004437, 121, 27099.0, 24.847,342.954,0.497078,359.7,  6.557,7.46e-01, 18.0, 9.3, - 
2799, 74318,24032019,18102022 010004,1287, 27092.6, 24.436,341.982,0.509730,359.7,  9.290,6.41e-01, 18.6, -  , - 
2800, 74319,26032019,18102022 034300,1210, 27089.4, 24.604,342.121,0.511876,359.7,  8.875,2.93e-01, 19.7,67.3, - 
2801, 74320,24032019,18102022 010735,1044, 27092.7, 24.596,341.231,0.510978,359.7,  9.842,5.53e-01, 19.6,17.0, - 
2802, 74321,24032019,18102022 021646, 169, 27089.5, 24.499,342.872,0.508847,359.7,  7.838,3.60e-01, 18.4, 7.4, - 
2803, 74322,24032019,17102022 211009,1061, 27091.9, 24.569,341.364,0.510010,359.7, 10.225,4.42e-01, 19.4,31.6, - 
2804, 74323,24032019,18102022 061513,1191, 27093.4, 24.752,340.644,0.508824,359.7, 10.713,4.79e-01, 18.7, -  , - 
2805, 74324,24032019,17102022 223340, 488, 27092.2, 24.910,340.520,0.517096,359.7, 10.092,6.23e-01, 17.3,21.9, - 
2806, 74325,24032019,17102022 212740,1189, 27091.4, 24.563,340.109,0.513736,359.7, 12.478,4.75e-01, 19.4,74.6, - 
2807, 74326,24032019,18102022 045210, 110, 27119.5, 24.831,341.964,0.533645,359.7,  1.985,4.17e-01, 16.3, 7.8, - 
2808, 74327,24032019,18102022 051824, 262, 27077.3, 24.513,341.829,0.510318,359.7,  9.577,3.95e-01, 17.9, 1.8,392
2809, 74328,26032019,17102022 185601,1285, 27088.3, 24.517,341.618,0.510645,359.7,  9.583,3.92e-01, 20.0,29.9, - 
2810, 74329,30032019,17102022 233259,1205, 27085.1, 24.568,342.743,0.511460,359.7,  7.775,3.36e-01, 19.2,55.2, - 
2811, 74330,24032019,18102022 020437, 104, 27103.7, 24.607,342.321,0.503133,359.7,  8.194,4.74e-01, 17.7, 6.2, - 
2812, 74331,30032019,18102022 004103,1040, 27081.7, 24.598,341.322,0.513095,359.7, 10.192,6.96e-01, 17.0,40.6, - 
2813, 74332,24032019,18102022 031110, 502, 27097.6, 24.575,343.257,0.503942,359.7,  6.145,3.18e-01, 18.3,29.4, - 
2814, 74333,24032019,18102022 054036, 482, 27083.9, 24.833,340.437,0.517722,359.7, 11.377,1.92e-01, 17.2,25.1, - 
2815, 74334,24032019,18102022 060843, 285, 27105.3, 24.871,341.816,0.503864,359.7,  9.054,6.02e-01, 17.6,21.7, - 
2816, 74335,24032019,17102022 190340,1169, 27085.9, 24.628,341.644,0.511851,359.7,  9.190,3.83e-01, 19.6,20.5, - 
2817, 74336,26032019,17102022 201400, 276, 27086.8, 24.642,342.073,0.505350,359.7,  8.390,5.08e-01, 18.3, 7.1, - 
2818, 74337,24032019,18102022 011859, 206, 27079.6, 24.579,341.468,0.514269,359.7,  9.883,1.99e-01, 18.3, 0.8,112
2819, 74339,26032019,18102022 010321,1062, 27086.8, 24.580,340.192,0.513096,359.7, 12.278,7.16e-01, 19.6,30.4, - 
2820, 74340,26042019,17102022 200840,1265, 27089.7, 24.553,339.603,0.509923,359.7, 11.742,7.52e-01, 19.2,32.8, - 
2821, 74341,03042019,17102022 224948, 156, 27098.1, 24.708,342.349,0.504775,359.7,  8.904,6.09e-01, 17.5, 2.2,509
2822, 74342,26032019,18102022 062016,1152, 27095.0, 24.883,339.364,0.505046,359.7, 12.366,5.28e-01, 19.6,42.5, - 
2823, 74343,26032019,18102022 024117,1053, 27097.0, 24.837,343.983,0.492523,359.7,  5.911,8.11e-01, 19.1,28.9, - 
2824, 74344,24032019,17102022 215309,1022, 27078.0, 24.510,340.770,0.516679,359.7, 11.480,4.20e-01, 19.6, 2.1,443
2825, 74345,24032019,18102022 044518,1118, 27083.1, 24.677,339.636,0.512324,359.7, 12.570,9.67e-01, 16.0,74.9, - 
2826, 74346,11042019,18102022 020759,1265, 27086.3, 24.584,334.686,0.512574,359.7, 20.087,2.08e+00, 18.8, -  , - 
2827, 74347,24032019,17102022 232519, 497, 27090.8, 24.595,342.105,0.506819,359.7,  7.914,8.10e-01, 17.3,17.1, - 
2828, 74348,26032019,17102022 224723,  14, 27081.8, 24.597,341.812,0.512237,359.7,  9.719,2.71e-01, 18.1, 0.1, 12
2829, 74349,24032019,17102022 211629,1167, 27080.6, 24.570,336.446,0.515121,359.7, 17.695,1.15e+00, 19.7,81.9, - 
2830, 74350,26032019,18102022 045359,1026, 27083.6, 24.718,342.740,0.508800,359.7,  7.527,5.33e-01, 17.7,50.2, - 
2831, 74351,24032019,17102022 190634,1287, 27074.2, 24.624,341.052,0.511175,359.7, 10.000,5.73e-01, 17.6,27.9, - 
2832, 74352,26032019,18102022 042222, 949, 27063.4, 24.551,340.534,0.519025,359.7, 12.458,2.63e-01, 19.3,16.4, - 
2833, 74353,24032019,18102022 062952, 191, 27084.5, 24.658,341.604,0.512545,359.7,  9.100,6.98e-01, 19.0, 4.2,835
2834, 74354,24032019,18102022 010626, 729, 27072.0, 24.631,342.457,0.506576,359.7,  8.333,4.96e-01, 18.0,31.9, - 
2835, 74355,24032019,18102022 033941,1287, 27072.5, 24.519,340.692,0.511872,359.7, 11.030,6.13e-01, 18.2, -  , - 
2836, 74356,26032019,18102022 050654, 582, 27066.6, 24.374,342.502,0.506982,359.7,  8.772,7.12e-01, 15.8,12.1, - 
2837, 74357,24032019,18102022 011100, 864, 27070.6, 24.403,340.646,0.512019,359.7, 10.961,5.75e-01, 17.7,77.4, - 
2838, 74358,24032019,18102022 041637, 505, 27071.4, 24.602,343.134,0.503601,359.7,  7.178,6.58e-01, 18.5,22.9, - 
2839, 74359,26032019,18102022 043815,1287, 27072.2, 24.487,341.171,0.511338,359.7, 10.507,8.15e-01, 18.1, -  , - 
2840, 74360,26032019,18102022 061256, 546, 27096.8, 24.512,341.721,0.508731,359.7,  8.882,5.64e-01, 17.5,22.2, - 
2841, 74361,24032019,17102022 211504, 120, 27093.9, 24.588,342.696,0.510332,359.7,  7.415,3.75e-01, 17.7, 3.3,733
2842, 74362,28032019,18102022 052007,1287, 27071.6, 24.557,341.402,0.511233,359.7,  9.849,4.82e-01, 18.9, -  , - 
2843, 74363,24032019,17102022 234818,1167, 27073.3, 24.606,339.243,0.513323,359.7, 13.188,5.35e-01, 19.1,91.8, - 
2844, 74364,02042019,18102022 050156, 960, 27067.1, 24.476,344.814,0.498127,359.7,  3.386,3.23e-01, 19.1, 2.4,323
2845, 74365,24032019,18102022 053545,1291, 27069.3, 24.574,341.428,0.512556,359.7,  9.992,2.88e-01, 19.1, -  , - 
2846, 74366,01042019,18102022 064320, 961, 27081.4, 24.351,342.445,0.500262,359.7,  7.454,6.52e-01, 18.4,77.7, - 
2847, 74367,26032019,18102022 054052, 941, 27073.9, 24.483,342.033,0.507191,359.7,  8.453,1.92e-01, 18.7,20.1, - 
2848, 74368,24032019,18102022 033443, 531, 27067.6, 24.662,341.958,0.505102,359.7,  7.879,6.43e-01, 17.9,23.6, - 
2849, 74369,26032019,17102022 203241, 695, 27100.2, 24.660,343.234,0.510276,359.7,  6.673,3.86e-01, 17.8, 5.4, - 
2850, 74370,10042019,17102022 213051, 144, 27076.6, 24.464,341.810,0.510318,359.7, 10.202,6.03e-01, 17.8,18.0, - 
2851, 74371,26032019,17102022 193544,1120, 27089.4, 24.715,341.617,0.509463,359.7,  9.116,4.50e-01, 19.1,17.1, - 
2852, 74372,12042019,17102022 184456,1265, 27087.7, 24.616,341.468,0.511020,359.7,  9.143,5.42e-01, 18.9, -  , - 
2853, 74373,26042019,18102022 053017, 194, 27091.2, 24.686,343.067,0.497561,359.7,  6.580,8.49e-01, 17.7, 5.3, - 
2854, 74374,24032019,17102022 232629, 507, 27124.2, 24.640,344.873,0.500289,359.7,  2.453,6.62e-01, 17.5,51.3, - 
2855, 74375,01042019,18102022 060825, 142, 27123.6, 24.308,341.292,0.500410,359.7,  9.113,2.33e-01, 17.4, 7.0, - 
2856, 74376,30042019,17102022 185711,1082, 27086.0, 24.576,339.731,0.517517,359.7, 12.152,3.82e-01, 19.0,24.5, - 
2857, 74377,24032019,17102022 210341,1248, 27091.1, 24.652,341.509,0.509663,359.7,  8.956,6.63e-01, 16.9, 9.3, - 
2858, 74379,06042019,18102022 061934,1191, 27091.2, 24.656,337.298,0.513841,359.7, 15.957,1.27e+00, 18.5,90.3, - 
2859, 74380,30032019,17102022 205458, 142, 27083.5, 24.585,342.349,0.511406,359.7,  8.370,4.48e-01, 18.6, 7.1, - 
2860, 74381,27032019,18102022 063819, 734, 27083.2, 24.572,343.402,0.508125,359.7,  6.693,3.76e-01, 18.3,26.8, - 
2861, 74382,26032019,17102022 215432, 521, 27080.0, 24.562,342.871,0.508580,359.7,  7.540,6.65e-01, 18.6,14.5, - 
2862, 74383,11042019,17102022 224314,1029, 27087.3, 24.671,343.876,0.505237,359.7,  5.921,2.91e-01, 19.0,12.0, - 
2863, 74384,24032019,17102022 215621,1139, 27089.5, 24.532,341.380,0.511564,359.7,  9.938,5.20e-01, 18.9, 2.7,610
2864, 74385,24032019,18102022 060908, 508, 27093.6, 24.485,340.266,0.510135,359.7, 10.101,6.49e-01, 18.3,35.0, - 
2865, 74386,26042019,18102022 043247,1113, 27092.7, 24.698,346.573,0.494074,359.7,  1.261,3.77e-01, 18.1,17.6, - 
2866, 74387,24032019,17102022 235232, 927, 27051.2, 24.637,339.957,0.515976,359.7, 12.278,7.18e-01, 18.2,38.9, - 
2867, 74388,25032019,17102022 230306, 260, 27074.3, 24.555,340.550,0.511499,359.7, 11.216,5.72e-01, 16.3, 2.9,387
2868, 74389,24032019,17102022 225758,1265, 27081.6, 24.521,341.839,0.511202,359.7,  9.363,4.18e-01, 19.1, -  , - 
2869, 74390,30032019,18102022 023819,1265, 27092.8, 24.541,342.155,0.509284,359.7,  8.513,6.00e-01, 17.7, 9.3, - 
2870, 74391,25032019,18102022 041702,1265, 27085.2, 24.571,339.755,0.510986,359.7, 11.771,9.94e-01, 19.2,14.1, - 
2871, 74392,24032019,18102022 014300,   0, 27084.9, 24.573,341.662,0.512429,359.7,  9.292,3.29e-01, 17.8, 0.1,  4
2872, 74393,26032019,17102022 193057, 642, 27084.7, 24.495,344.230,0.503856,359.7,  6.464,3.57e-01, 17.7, 8.3, - 
2873, 74394,24032019,17102022 212602, 914, 27083.5, 24.561,343.429,0.510427,359.7,  7.494,6.22e-01, 17.8,43.8, - 
2874, 74395,25032019,17102022 190635, 927, 27092.4, 24.596,340.334,0.515100,359.7, 12.518,6.00e-01, 18.0,53.1, - 
2875, 74396,24032019,18102022 011046, 642, 27081.1, 24.696,341.764,0.513672,359.7,  9.785,7.13e-01, 18.6,27.9, - 
2876, 74397,30032019,17102022 230621,1108, 27074.3, 24.575,341.964,0.510477,359.7,  9.233,4.00e-01, 18.9, 2.7,621
2877, 74398,26032019,18102022 024425,1002, 27079.6, 24.467,341.347,0.509039,359.7,  9.742,5.45e-01, 17.9,39.0, - 
2878, 74399,21042019,17102022 211449,1165, 27079.3, 24.634,338.261,0.510621,359.7, 15.031,6.92e-01, 18.5,69.3, - 
2879, 74400,01062012,17102022 202950,   6, 27225.4, 63.116,183.738,0.634312,  0.1,270.594,3.54e-02, 16.5, 0.1,  2
2880, 74401,05092018,17102022 220115,1489, 27220.6, 20.884,244.402,0.505898,  0.2,347.374,3.12e-01, 18.8,33.9, - 
2881, 74402,04092018,18102022 050958,   6, 27210.4, 20.918,246.115,0.491146,  0.1,341.790,9.09e-02, 16.2, 0.1, 30
2882, 74403,04092018,17102022 233420,   2, 27221.8, 20.932,256.640,0.483099,  0.1,329.805,2.27e-01, 14.4, 0.1, 10
2883, 74404,04092018,18102022 032931,   0, 27259.7, 21.005,245.124,0.492268,  0.2,341.702,3.19e+00, 18.6, 0.1, 14
2884, 74405,04092018,17102022 164443,1501, 27247.1, 21.123,243.885,0.533061,  0.2,348.436,2.29e+00, 19.1, -  , - 
2885, 74406,04092018,17102022 231235,   2, 27232.7, 20.880,246.334,0.495232,  0.1,342.790,5.98e-02, 15.1, 0.1,  6
2886, 74407,04092018,18102022 053907,  29, 27237.6, 21.573,250.328,0.451758,  0.1,323.278,7.93e-01, 17.5, 4.3,974
2887, 74408,07092018,17102022 190852,1008, 27258.3, 21.244,256.484,0.498242,  0.1,329.124,2.26e+00, 16.8, -  , - 
2888, 74409,07092018,17102022 213752,1501, 27220.9, 21.155,250.938,0.517525,  0.1,336.082,2.38e+00, 19.1, -  , - 
2889, 74410,06042019,18102022 012254, 605, 27105.9, 12.643,149.259,0.409277,  0.5,109.355,3.63e+00, 15.3, -  , - 
2890, 74411,14052019,17102022 225549, 411, 27198.5, 11.506,131.959,0.490673,  0.4,133.082,7.83e-02, 18.0, 4.5,947
2891, 74412,05062019,18102022 041920, 431, 27219.4, 10.864,146.268,0.477414,  0.6,103.319,1.17e+00, 16.9,82.3, - 
2892, 74413,26032019,18102022 054453,  86, 27065.2, 24.547,340.993,0.511742,359.7, 10.566,7.59e-01, 17.6, 4.6, - 
2893, 74414,24032019,18102022 012636, 995, 27068.1, 24.492,340.983,0.512552,359.7, 10.818,3.93e-01, 18.5,32.8, - 
2894, 74415,26032019,18102022 034846, 235, 27099.1, 24.638,342.287,0.499401,359.7,  8.447,4.11e-01, 18.0,21.6, - 
2895, 74416,28032019,18102022 063255,1227, 27071.1, 24.606,341.125,0.512455,359.7, 10.126,3.26e-01, 19.7,19.2, - 
2896, 74417,30042019,18102022 045507,1251, 27099.4, 24.675,341.983,0.510645,359.7,  8.081,4.64e-01, 18.0, -  , - 
2897, 74418,24042019,17102022 230326, 337, 27121.0, 24.763,338.711,0.489765,359.7, 15.041,6.69e-01, 19.2,17.7, - 
2898, 74419,25032019,18102022 023255,1170, 27090.1, 24.589,341.817,0.511576,359.7,  9.329,4.07e-01, 18.8,22.0, - 
2899, 74420,24032019,17102022 203649,1096, 27089.3, 24.556,340.912,0.512460,359.7, 10.496,6.27e-01, 18.4,23.9, - 
2900, 74421,26032019,17102022 185439,1005, 27088.0, 24.576,339.284,0.517832,359.7, 12.874,6.22e-01, 19.0,10.1, - 
2901, 74422,24032019,18102022 054117, 937, 27087.8, 24.489,343.106,0.504542,359.7,  6.555,6.44e-01, 18.2,25.0, - 
2902, 74424,26032019,18102022 063916,  28, 27083.7, 24.568,343.352,0.508187,359.7,  6.737,4.34e-01, 18.7, 0.3, 57
2903, 74425,25032019,18102022 044129,1055, 27085.4, 24.604,341.315,0.511836,359.7,  9.849,4.46e-01, 18.0, 9.7, - 
2904, 74426,26032019,18102022 044916,1148, 27084.8, 24.574,341.558,0.511703,359.7,  9.701,3.99e-01, 18.8,10.2, - 
2905, 74427,26032019,17102022 190037,1175, 27083.5, 24.540,342.644,0.510899,359.7,  8.253,2.18e-01, 19.6,34.6, - 
2906, 74428,24032019,17102022 210800,1193, 27085.3, 24.594,342.339,0.511488,359.7,  8.488,3.36e-01, 19.2,39.1, - 
2907, 74429,24032019,18102022 035449,1118, 27079.9, 24.723,348.905,0.492601,359.7,359.321,1.78e-01, 19.1,14.7, - 
2908, 74432,24032019,18102022 012135, 589, 27078.5, 24.367,342.188,0.503520,359.7,  7.632,6.15e-01, 18.5,20.0, - 
2909, 74433,24032019,18102022 093545,1107, 27088.3, 24.649,324.380,0.542184,359.8, 35.425,4.03e-01, 19.0, -  , - 
2910, 74435,26032019,18102022 012135, 662, 27212.2, 24.760,345.664,0.489397,359.7,  2.798,6.00e-01, 17.5,22.5, - 
2911, 74436,24032019,18102022 032527, 443, 27069.7, 24.596,339.833,0.519189,359.7, 12.715,3.95e-01, 18.2, 4.6,956
2912, 74437,24032019,17102022 190811,1266, 27073.1, 24.573,341.196,0.511658,359.7, 10.136,4.86e-01, 19.8, -  , - 
2913, 74439,24032019,17102022 202336, 948, 27098.7, 24.550,342.215,0.512849,359.7,  9.084,1.28e-01, 18.9, 8.0, - 
2914, 74440,26032019,18102022 005109,1004, 27087.5, 24.618,341.515,0.514237,359.7,  9.982,4.67e-01, 17.0,19.7, - 
2915, 74441,26032019,18102022 045058,1270, 27086.3, 24.543,341.493,0.511109,359.7,  9.734,5.40e-01, 19.3, -  , - 
2916, 74442,30032019,18102022 064317, 189, 27101.6, 24.545,341.554,0.506631,359.7,  9.006,6.63e-01, 17.5, 3.4,737
2917, 74443,24032019,18102022 065234,1292, 27090.4, 24.463,342.716,0.511250,359.7,  8.442,2.19e-01, 16.9,84.9, - 
2918, 74444,26032019,17102022 215359, 520, 27078.6, 24.678,343.131,0.509935,359.7,  7.666,6.75e-01, 17.8,16.2, - 
2919, 74445,24032019,17102022 184910, 586, 27095.0, 24.571,344.963,0.497544,359.7,  3.276,3.72e-01, 17.6,15.5, - 
2920, 74447,26032019,17102022 194805,1171, 27094.6, 24.625,339.593,0.511936,359.7, 12.741,3.90e-01, 19.3,79.2, - 
2921, 74448,24032019,18102022 022411,1169, 27069.3, 24.388,336.289,0.519131,359.7, 18.221,8.79e-01, 18.3,58.9, - 
2922, 74449,24032019,17102022 200836,1275, 27070.1, 24.398,340.897,0.510670,359.7, 11.181,7.29e-01, 18.3, -  , - 
2923, 74450,26032019,18102022 020355, 110, 27084.3, 24.487,340.223,0.506845,359.7, 10.455,6.56e-01, 17.2, 2.5,547
2924, 74451,24032019,17102022 221655, 942, 27093.4, 24.631,342.508,0.510910,359.7,  7.915,2.63e-01, 19.3, 7.8, - 
2925, 74452,01042019,17102022 225302, 937, 27084.0, 24.524,343.154,0.509219,359.7,  7.720,3.68e-01, 18.9,28.3, - 
2926, 74453,30032019,18102022 065900, 957, 27086.6, 24.522,340.836,0.519763,359.7, 12.186,1.00e-02, 17.5,20.6, - 
2927, 74454,24032019,17102022 191230,1055, 27110.2, 24.621,343.494,0.494379,359.7,  6.472,1.62e+00, 18.7,95.0, - 
2928, 74455,26032019,18102022 033716,1209, 27092.3, 24.570,340.288,0.509541,359.7,  9.743,1.03e+00, 19.1,59.7, - 
2929, 74458,26032019,18102022 010432,1284, 27084.6, 24.554,341.155,0.511755,359.7, 10.269,5.61e-01, 19.1,60.1, - 
2930, 74459,24032019,18102022 045355, 143, 27077.1, 24.571,341.445,0.511534,359.7,  9.598,4.64e-01, 18.2, 0.9,152
2931, 74461,07042019,17102022 230835, 472, 27091.2, 24.645,342.364,0.501167,359.7,  7.048,6.53e-01, 17.7,20.1, - 
2932, 74462,29032019,18102022 003654,1112, 27079.3, 24.772,346.384,0.492430,359.7,  2.730,8.87e-01, 18.2, -  , - 
2933, 74465,29032019,18102022 005722, 171, 27102.4, 24.704,342.230,0.501354,359.7,  7.515,6.12e-01, 17.6,11.9, - 
2934, 74467,24032019,18102022 053716,1108, 27073.4, 24.558,344.731,0.504692,359.7,  5.066,2.07e-01, 19.0, 8.9, - 
2935, 74469,24032019,18102022 025316, 503, 27072.5, 24.469,342.252,0.514535,359.7,  9.550,2.25e-01, 18.2, 6.9, - 
2936, 74471,09042019,17102022 210450, 379, 27067.1, 24.462,342.529,0.500978,359.7,  9.650,7.76e-01, 18.0,40.8, - 
2937, 74472,09042019,18102022 052857, 688, 27093.7, 24.561,341.619,0.511042,359.7,  9.394,5.85e-01, 18.0,55.9, - 
2938, 74473,24032019,17102022 234544,1004, 27090.4, 24.444,341.755,0.511633,359.7,  9.885,5.00e-01, 19.3, 8.7, - 
2939, 74474,26032019,17102022 223538, 207, 27106.4, 24.363,343.805,0.494340,359.7,  6.782,7.03e-01, 18.3, 7.5, - 
2940, 74475,26032019,18102022 060016, 592, 27095.4, 24.676,345.946,0.496654,359.7,  2.464,3.54e-01, 17.9,47.7, - 
2941, 74476,24032019,17102022 234731, 635, 27084.9, 24.364,339.480,0.518141,359.7, 13.510,6.55e-01, 15.6,17.4, - 
2942, 74477,26032019,17102022 195125, 102, 27103.4, 24.410,340.733,0.500647,359.7, 10.379,8.15e-01, 17.0, 3.9,886
2943, 74478,30032019,18102022 042129, 506, 27089.7, 24.535,344.223,0.501161,359.7,  4.510,6.07e-01, 18.4, 9.2, - 
2944, 74479,28032019,18102022 023249, 592, 27088.4, 24.480,342.599,0.511194,359.7,  7.840,3.15e-01, 16.5, 2.0,345
2945, 74481,26032019,18102022 050040,1208, 27088.9, 24.553,342.535,0.511537,359.7,  8.303,3.17e-01, 19.6,44.2, - 
2946, 74482,24032019,18102022 062125,1086, 27087.9, 24.546,343.205,0.510808,359.7,  7.094,7.06e-02, 19.0,10.6, - 
2947, 74483,24032019,18102022 022117,1207, 27088.1, 24.626,341.913,0.512430,359.7,  8.990,2.70e-01, 18.3, 9.2, - 
2948, 74485,24032019,17102022 191631, 496, 27081.6, 24.385,340.365,0.520952,359.7, 12.557,2.57e-01, 18.3,14.4, - 
2949, 74486,26062019,18102022 072647, 702, 27093.3, 11.046,142.249,0.497807,  0.5,126.331,4.81e-01, 18.5,21.1, - 
2950, 74489,24032019,18102022 034800, 508, 27092.3, 24.508,343.078,0.506517,359.7,  7.982,4.28e-01, 18.3,21.9, - 
2951, 74490,03042019,17102022 224957, 671, 27096.0, 24.572,343.595,0.494474,359.7,  5.632,3.15e-01, 18.6,27.2, - 
2952, 74493,30032019,18102022 055559,1285, 27086.8, 24.563,341.527,0.511165,359.7,  9.573,5.30e-01, 19.7, -  , - 
2953, 74494,25032019,18102022 035432,1258, 27085.7, 24.594,341.828,0.509990,359.7,  8.907,7.20e-01, 19.4,63.4, - 
2954, 74495,26032019,17102022 220202, 664, 27092.5, 24.597,342.375,0.506005,359.7,  7.870,5.32e-01, 18.5,18.1, - 
2955, 74497,01042019,18102022 032942, 194, 27097.6, 24.688,340.430,0.500451,359.7, 10.063,6.97e-01, 17.6,10.9, - 
2956, 74498,30032019,17102022 220659,1227, 27082.0, 24.625,343.798,0.509918,359.7,  5.987,1.00e-02, 19.2, 0.7,157
2957, 74500,04092011,18102022 062054,   2, 27236.9, 14.874, 79.927,0.492141,359.9,140.859,1.14e-02, 16.9, 0.1,  1
2958, 74501,22072011,17102022 145038,   1, 27336.8, 27.658,110.757,0.740646,  0.1,322.461,6.28e-02, 12.4, 0.1,  3
2959, 74502,28012014,18102022 001929,   1, 27219.5, 26.146,257.965,0.745504,  0.1,310.615,3.69e-02, 15.8, 0.1,  2
2960, 74503,22072017,18102022 044025, 653, 27253.8, 66.626,284.958,0.541019,360.0,156.972,2.53e+00, 15.7,91.3, - 
2961, 74504,03092018,18102022 013455, 771, 27321.3, 20.955,251.066,0.509320,  0.1,340.693,2.16e-01, 16.1,22.5, - 
2962, 74505,03092018,18102022 033357,   1, 27235.9, 21.213,253.044,0.512421,  0.1,334.398,1.27e+00, 18.0, 0.2, 26
2963, 74506,03092018,17102022 155338,   1, 27243.5, 20.842,246.118,0.507038,  0.1,346.542,9.61e-02, 15.6, 0.1,  8
2964, 74507,04092018,17102022 233706,  12, 27260.8, 20.915,252.462,0.500393,  0.1,337.987,3.07e-01, 18.0, 0.3, 57
2965, 74508,03092018,17102022 231113,1447, 27237.9, 21.303,260.907,0.508619,  0.1,320.587,1.96e+00, 18.7,85.7, - 
2966, 74509,05092018,18102022 034153,   1, 27309.1, 21.112,256.167,0.504552,  0.1,334.208,1.11e-01, 16.8, 0.1,  6
2967, 74510,24032019,18102022 030737,1285, 27082.0, 24.582,341.876,0.512063,359.7,  9.216,2.88e-01, 20.0, -  , - 
2968, 74512,24032019,17102022 203056, 695, 27093.0, 24.517,340.426,0.515693,359.7, 10.843,2.78e-01, 17.9,15.6, - 
2969, 74514,24032019,18102022 041844,1168, 27081.5, 24.551,340.862,0.515855,359.7, 10.476,5.15e-01, 19.1,31.5, - 
2970, 74517,09062019,17102022 222334, 901, 27090.8, 24.525,338.399,0.501149,359.7, 10.379,4.68e-01, 18.0,43.8, - 
2971, 74519,24032019,18102022 021038,1266, 27090.5, 24.587,342.471,0.509758,359.7,  8.053,4.49e-01, 14.3, -  , - 
2972, 74520,30062019,18102022 090554,1166, 27091.7, 11.321,139.267,0.469909,  0.5,119.119,3.17e-01, 17.0,39.3, - 
2973, 74522,30062019,18102022 041145, 715, 27090.7, 13.026,112.971,0.491233,  0.2,152.199,1.23e+00, 15.9,69.6, - 
2974, 74523,01072019,18102022 091222,  13, 27083.1, 11.184,146.680,0.489481,  0.5,121.235,9.53e-02, 16.8, 0.1, 21
2975, 74525,24032019,18102022 004354,1144, 27073.3, 24.648,338.598,0.515612,359.7, 13.913,4.63e-01, 19.6,53.7, - 
2976, 74528,30032019,18102022 002257, 974, 27091.7, 24.562,341.342,0.511281,359.7,  9.989,6.02e-01, 18.5,20.9, - 
2977, 74530,24032019,17102022 232828,1112, 27092.1, 24.690,342.548,0.508968,359.7,  8.363,6.11e-01, 18.6,53.8, - 
2978, 74531,26032019,18102022 054850,1285, 27092.5, 24.490,340.609,0.510728,359.7, 11.757,9.41e-01, 20.3, -  , - 
2979, 74532,08072019,18102022 043005,   6, 27121.4, 10.899,138.773,0.520844,  0.5,128.465,2.23e+00, 17.0, 0.4, 56
2980, 74535,24032019,17102022 205706, 534, 27069.5, 24.588,341.632,0.505883,359.7,  8.628,3.68e-01, 16.6,32.7, - 
2981, 74536,30032019,17102022 212655,1169, 27090.1, 24.532,339.343,0.511799,359.7, 13.794,1.02e+00, 19.2,20.1, - 
2982, 74537,24032019,17102022 235548,1096, 27087.7, 24.609,340.529,0.511350,359.7, 11.164,9.64e-01, 19.3,43.1, - 
2983, 74538,24032019,17102022 201803,1266, 27088.5, 24.520,341.603,0.511465,359.7,  9.883,5.18e-01, 20.1,32.9, - 
2984, 74540,28032019,18102022 031820,1291, 27070.6, 24.535,341.173,0.511706,359.7, 10.356,4.87e-01, 19.3,21.5, - 
2985, 74542,23032019,18102022 052548,  10, 27083.2, 24.831,340.465,0.517664,359.7, 11.247,2.81e-01, 17.8, 0.1,  9
2986, 74543,24032019,18102022 064115,1175, 27093.5, 24.634,338.464,0.514253,359.7, 14.082,6.41e-01, 19.4, -  , - 
2987, 74546,23032019,18102022 020933,1193, 27089.2, 24.348,338.488,0.520714,359.7, 14.025,4.40e-01, 18.4,58.0, - 
2988, 74556,26032019,17102022 230535,1165, 27072.7, 24.660,340.399,0.510196,359.7, 11.553,5.86e-01, 19.1,95.6, - 
2989, 74557,22072019,18102022 010142,   0, 27151.8, 11.006,154.141,0.457850,  0.6,100.762,2.15e-02, 14.7, 0.1,  1
2990, 74558,23032019,18102022 031517,1152, 27091.9, 24.499,343.747,0.510547,359.7,  6.538,1.00e-02, 19.0,10.9, - 
2991, 74559,26032019,18102022 015513, 778, 27087.8, 24.626,342.038,0.514597,359.7, 10.417,4.33e-01, 18.4,37.6, - 
2992, 74560,25072019,18102022 051227,   3, 27212.4, 11.619,130.271,0.493038,  0.4,135.606,7.34e-02, 15.9, 0.1,  3
2993, 74561,02042019,18102022 031113, 105, 27110.6, 24.580,343.782,0.498550,359.7,  5.001,4.49e-01, 16.2, 5.5, - 
2994, 74562,26072019,18102022 073932,   0, 27078.3, 13.893,148.938,0.490195,  0.4,108.727,5.57e+00, 14.7, 0.4, 85
2995, 74565,08062019,17102022 185620, 521, 27080.2, 24.498,341.279,0.508621,359.7,  9.019,6.54e-01, 17.9, 8.3, - 
2996, 74567,24032019,18102022 053417, 694, 27053.6, 24.495,341.704,0.511572,359.7,  9.707,3.97e-01, 18.7,30.0, - 
2997, 74568,24032019,18102022 020258,1004, 27079.7, 24.558,341.168,0.520477,359.7, 10.736,2.35e-01, 19.1,19.8, - 
2998, 74569,24032019,17102022 205045,1029, 27087.6, 24.546,342.017,0.511006,359.7,  8.714,4.92e-01, 19.0,19.1, - 
2999, 74570,24032019,17102022 203015, 142, 27087.9, 24.580,340.040,0.516486,359.7, 11.683,6.10e-01, 17.2, 3.0,608
3000, 74571,24032019,18102022 020843,1167, 27078.0, 24.720,334.451,0.524024,359.7, 19.469,5.86e-01, 18.9, -  , - 
3001, 74572,24032019,18102022 042129,1291, 27087.9, 24.609,341.266,0.510176,359.7,  9.524,9.87e-01, 20.1, -  , - 
3002, 74574,24032019,18102022 051713,1293, 27071.6, 24.545,341.123,0.511876,359.7, 10.382,4.80e-01, 19.2, -  , - 
3003, 74575,31032019,18102022 001624,1167, 27089.9, 24.612,338.750,0.514192,359.7, 13.524,7.38e-01, 19.1,72.2, - 
3004, 74576,26032019,17102022 184544, 493, 27085.0, 24.630,342.157,0.510831,359.7,  8.400,3.38e-01, 17.4,15.1, - 
3005, 74578,24032019,17102022 213345,1167, 27080.5, 24.523,340.060,0.511079,359.7, 12.321,9.07e-01, 19.9,56.6, - 
3006, 74579,30032019,17102022 223048, 142, 27086.7, 24.613,339.729,0.504549,359.7, 10.287,7.16e-01, 16.9,12.6, - 
3007, 74580,13082019,17102022 235657,   0, 27019.1, 10.720,156.967,0.496633,  0.6, 87.940,1.34e-01, 16.1, 0.6, 25
3008, 74581,02072019,17102022 210700,1203, 27202.4, 25.930,154.346,0.730980,  0.3,279.342,6.98e-01, 17.0, -  ,987
3009, 74583,24032019,18102022 060439,1033, 27076.8, 24.555,341.097,0.514004,359.7, 10.191,6.00e-01, 18.9,56.0, - 
3010, 74584,24032019,18102022 031836, 119, 27067.2, 24.579,341.675,0.512386,359.7,  9.568,2.49e-01, 16.5, 4.4,985
3011, 74585,25082019,18102022 095725, 710, 27093.4, 11.301,139.779,0.468436,  0.5,117.690,8.55e-01, 17.4,24.7, - 
3012, 74586,12082019,18102022 015912, 369, 27173.5, 10.912,157.231,0.445808,  0.6, 94.604,9.01e-02, 17.8, 4.5, - 
3013, 74587,27082019,17102022 215609, 729, 27272.0, 10.852,121.398,0.518569,  0.3,144.983,5.80e+00, 16.2,97.9, - 
3014, 74588,26032019,17102022 190527,1144, 27063.0, 24.444,344.707,0.509005,359.7,  5.820,5.84e-01, 18.0,70.6, - 
3015, 74589,29082019,17102022 175210,   6, 27064.5, 70.434,141.411,0.533531,  0.1, 43.571,1.66e+00, 16.4, 0.8,187
3016, 74590,24082019,17102022 192057,   3, 27149.3, 20.633,269.450,0.410359,  0.0,313.310,4.53e+00, 17.4, 0.3, 58
3017, 74591,26032019,18102022 002511,1122, 27098.8, 24.474,338.402,0.519837,359.7, 14.395,4.34e-01, 19.0,11.0,923
3018, 74593,24032019,18102022 023837,1096, 27113.2, 24.615,345.994,0.504827,359.7,  3.135,2.41e-02, 19.3, 1.4,247
3019, 74594,21092019,18102022 055342,1120, 27332.4, 11.185,234.401,0.565920,  0.4, 31.280,9.29e+00, 17.7,47.9, - 
3020, 74595,30092019,18102022 001309, 539, 27149.2, 11.025,151.203,0.460432,  0.6,104.382,1.75e-01, 17.7, 7.0, - 
3021, 74597,02102019,18102022 042937, 609, 27034.2, 57.764,249.409,0.678843,  0.1,274.117,2.60e+00, 16.0,49.6, - 
3022, 74598,29092019,18102022 020223,  16, 27174.9, 21.216,231.833,0.508196,  0.2,359.702,3.11e-01, 15.0, 0.2, 42
3023, 74599,04102019,17102022 183324, 710, 27069.2, 11.276,149.892,0.405959,  0.6, 93.759,2.84e+00, 17.8, -  , - 
3024, 74600,09092012,17102022 225548,   1, 27263.0, 18.129,  9.047,0.662532,359.6,133.141,1.36e-01, 14.9, 0.1,  2
3025, 74601,30082016,17102022 193721,2158, 27236.8,  7.605,301.353,0.732091,359.5,130.327,5.54e-01, 17.6, -  , - 
3026, 74602,22012018,17102022 220457,1079, 27255.5, 14.207, 52.113,0.581045,359.7,112.305,1.81e+00, 17.7, -  , - 
3027, 74603,04042018,18102022 100249,1631, 27266.4, 28.316,266.134,0.723722,  0.0, 44.196,2.20e+00, 17.6, -  , - 
3028, 74604,22022018,18102022 075154,1562, 27227.3, 29.396,  9.547,0.737306,359.7, 68.818,1.30e+00, 17.0, -  , - 
3029, 74605,03092018,18102022 001559, 343, 27245.3, 21.420,244.126,0.556581,  0.2,341.350,3.76e+00, 18.7,77.5, - 
3030, 74606,03092018,18102022 064859,  16, 27242.0, 22.891,244.338,0.649889,  0.1,350.973,3.04e+00, 17.2, 3.0,672
3031, 74607,03102018,17102022 184610,  10, 27446.5, 21.896,255.031,0.571661,  0.1,321.720,4.83e+00, 17.8, 1.6,375
3032, 74608,06042019,18102022 025019, 100, 27254.9, 10.886,155.753,0.454409,  0.6, 96.924,6.33e-01, 17.2, 2.2,488
3033, 74609,06042019,17102022 175622,1284, 27146.4,  9.874, 73.211,0.537599,359.8,210.118,1.09e+01, 16.2, -  , - 
3034, 74610,06042019,18102022 072158, 605, 27264.5, 10.907,156.488,0.473914,  0.6, 91.267,1.34e+00, 17.0, -  , - 
3035, 74611,12062019,17102022 210710,1137, 27255.6,  9.742,137.888,0.517214,  0.5,133.830,6.25e+00, 16.2, -  , - 
3036, 74612,26062019,18102022 030957, 194, 27292.2, 10.595,157.134,0.436347,  0.6, 92.276,1.92e+00, 17.1,18.0, - 
3037, 74613,14082019,17102022 222801,   0, 27303.7, 10.925,157.357,0.443009,  0.6, 90.694,1.44e-01, 18.1, 0.1, 10
3038, 74615,01112019,17102022 212708, 731, 27190.4, 20.839,244.950,0.508842,  0.2,349.343,2.13e-01, 16.9, 7.4, - 
3039, 74616,19112019,18102022 012142, 732, 27240.2, 10.219,141.312,0.529511,  0.6,116.187,4.96e+00, 13.9, -  , - 
3040, 74617,21112019,18102022 071237, 940, 27124.7, 11.412,138.950,0.467843,  0.5,119.186,1.94e-01, 15.3, 7.2, - 
3041, 74619,23112019,18102022 043243, 765, 27225.5, 11.055,150.196,0.465558,  0.6,106.284,5.82e-02, 16.7, 0.7,121
3042, 74620,28112019,18102022 093801,1019, 27130.8, 11.495,135.473,0.508059,  0.4,137.240,8.21e-01, 17.9,17.4, - 
3043, 74630,29042020,18102022 100959, 900, 27180.3, 11.469, 67.019,0.564524,359.7, 91.962,5.84e-01, 18.3, -  , - 
3044, 74631,10052020,18102022 010954, 862, 27165.8, 63.380,292.044,0.670545,359.9, 37.424,1.31e+00, 15.2,26.5, - 
3045, 74632,18062020,17102022 233305, 649, 27226.9, 12.304,122.720,0.525133,  0.3,165.172,1.72e+00, 13.4, -  , - 
3046, 74633,20012019,17102022 201320, 204, 27218.6, 72.606,160.642,0.519372,  0.1,352.535,2.29e-01, 14.8,14.7, - 
3047, 74634,22092020,18102022 034403,   2, 27109.6, 11.075,162.626,0.458689,  0.6, 92.812,1.11e-01, 15.6, 0.1,  9
3048, 74635,07102020,18102022 061032, 722, 27342.0, 21.282,250.838,0.532152,  0.1,324.343,6.40e+00, 17.5,20.8, - 
3049, 74636,13102020,18102022 035152,  32, 27201.7, 65.851,111.054,0.677952,  0.0, 17.758,1.12e+00, 16.5, 0.5,119
3050, 74637,20102020,18102022 011122, 650, 27087.9, 10.485,133.830,0.508839,  0.5,136.478,4.75e+00, 13.2, -  , - 
3051, 74638,11112020,17102022 223605,   6, 27100.2, 21.113,259.786,0.484496,  0.1,329.247,3.37e-01, 17.3, 0.1, 20
3052, 74639,30122018,18102022 040442,   1, 26886.7, 26.102,124.610,0.725759,  0.2,350.230,2.12e-01, 17.2, 0.1, 14
3053, 74640,09072021,17102022 195946, 196, 27238.2, 11.926,143.578,0.522891,  0.5,106.637,1.67e+00, 14.0,59.5, - 
3054, 74641,12092021,18102022 033109, 206, 27248.1, 26.031,235.381,0.690002,  0.2, 92.348,1.96e+00, 16.5,19.6, - 
3055, 74642,31102021,17102022 232804, 350, 27180.3, 21.615,278.124,0.445853,360.0,285.999,4.23e+00, 18.9,58.1, - 
3056, 74643,24022022,18102022 060401, 158, 27242.4, 59.060,119.557,0.662641,  0.1,221.081,9.80e+00, 18.0, 7.9, - 
3057, 74644,09032022,18102022 041504,  17, 27209.3, 63.560,132.076,0.690374,  0.1,266.335,2.52e-01, 16.1, 0.1, 25
3058, 74645,08042022,17102022 200659, 148, 27255.8, 11.180,221.029,0.520141,  0.5,233.686,1.35e+00, 17.9, 9.9, - 
3059, 74646,24042022,18102022 003345, 154, 27123.8, 63.785, 29.505,0.711008,359.9,251.985,1.03e-01, 15.4, 0.6, 89
3060, 74647,04062001,17102022 155734,   9, 27117.9, 71.780,220.427,0.528550,  0.1,232.568,1.50e-01, 16.3, 0.4, 99
3061, 74648,14052022,17102022 211105,   2, 27169.1, 72.174, 73.509,0.494319,360.0,322.391,1.00e-02, 17.2, 0.1,  1
3062, 74649,10042022,17102022 222638,  87, 27102.7, 24.579,342.099,0.513004,359.7,  7.372,8.72e-01, 17.2, 1.7,388
3063, 74650,24082022,17102022 170319,  32, 27184.8, 13.003,333.766,0.553241,359.5,265.413,1.44e+00, 17.7, 0.9,194
3064, 74651,29092022,18102022 103544,   6, 27265.1, 71.786,177.144,0.529203,  0.1, 22.442,5.14e-01, 16.9, 0.1,  6
3065, 74700,09092013,17102022 182105,3321, 27212.5, 21.965, 70.068,0.645375,359.9,187.420,2.46e+00, 17.0, -  , - 
3066, 74701,07032016,18102022 012029,1254, 27293.8, 56.150,230.091,0.525889,  0.1, 38.497,9.53e-01, 17.3,97.4, - 
3067, 74702,21042013,17102022 234903,   1, 27378.0, 27.520,106.706,0.740431,  0.1,336.800,5.86e-02, 13.9, 0.1,  6
3068, 74703,03092018,18102022 065222,1406, 27280.2, 21.247,256.169,0.517692,  0.1,325.245,2.85e+00, 19.1, -  , - 
3069, 74704,07092018,18102022 000633,1491, 27299.3, 21.031,250.480,0.509490,  0.1,337.088,1.31e+00, 19.0,15.4, - 
3070, 74705,03092018,18102022 021010,1475, 27275.7, 21.052,258.190,0.518009,  0.1,317.459,4.63e+00, 18.8,52.8, - 
3071, 74707,09082019,18102022 010435, 281, 27340.8,  9.989,158.012,0.465294,  0.7,107.205,4.47e+00, 16.8, -  , - 
3072, 74709,29082019,18102022 003632, 726, 27257.4, 10.066,159.982,0.508296,  0.7, 80.288,3.97e+00, 19.2, -  , - 
3073, 74710,30082019,18102022 021208, 399, 27287.8, 15.220, 90.066,0.547299,360.0,171.844,5.71e+00, 15.5, -  , - 
3074, 74711,02122019,18102022 085853, 492, 27116.9, 26.877,344.131,0.741190,359.7,164.565,7.37e-01, 17.5,31.6, - 
3075, 74712,14102020,18102022 042854,   2, 27276.2, 11.146,150.646,0.449402,  0.6, 99.808,1.89e-02, 18.1, 0.1,  3
3076, 74713,18082022,18102022 103354,   0, 27267.2, 11.020,152.175,0.466291,  0.6,101.213,5.33e-01, 15.9, 0.1, 11
3077, 74714,25092022,17102022 211834,  18, 27277.5, 11.417,138.846,0.475291,  0.5,114.022,1.38e+00, 16.8, 1.6,369
3078, 74801,03092018,18102022 034214,   1, 27319.2, 21.007,249.022,0.520630,  0.1,346.252,2.09e-01, 16.4, 0.1, 17
3079, 74802,03092018,18102022 083254,1075, 27315.7, 21.266,262.385,0.487801,  0.0,320.517,1.95e-01, 18.8, -  , - 
3080, 74803,03092018,18102022 033119,  16, 27191.8, 21.216,248.051,0.536261,  0.1,343.295,2.75e-01, 18.3, 1.2,282
3081, 74804,03092018,18102022 035444, 244, 27309.9, 21.112,256.265,0.505009,  0.1,334.113,2.12e-01, 16.1, 4.1,915
3082, 74805,03092018,18102022 045548,1263, 27310.8, 20.869,248.702,0.508121,  0.1,343.253,9.43e-02, 19.0, 3.5,791
3083, 74806,03092018,17102022 203651,1131, 27326.4, 20.993,251.660,0.508629,  0.1,339.422,2.88e-01, 16.7,15.2, - 
3084, 74807,06112018,18102022 031039,   0, 27308.6, 11.065,151.927,0.453776,  0.6, 99.048,7.95e-02, 17.2, 0.1,  2
3085, 74810,01072019,18102022 012607, 235, 27339.4, 11.304,124.294,0.533067,  0.4,142.859,1.62e+00, 16.4,27.2, - 
3086, 74811,01072019,17102022 212441, 757, 27305.9, 11.628,127.888,0.505989,  0.4,139.512,7.16e-01, 17.8,34.4, - 
3087, 74816,07042022,17102022 141415,  80, 27320.2, 12.305,137.991,0.534278,  0.4,268.633,9.03e-01, 17.5, 2.0,457
3088, 74817,27082022,18102022 014035,  47, 27134.5, 30.504,185.560,0.461702,  0.2, 63.212,2.69e+01, 18.7, -  , - 
3089, 74900,06072011,18102022 021007,   1, 27341.2, 26.281,221.054,0.718155,  0.2,176.925,1.04e-01, 13.2, 0.1,  6
3090, 74901,02102008,17102022 193405,   1, 27353.5, 62.698,205.027,0.665183,  0.1,265.409,1.39e-01, 14.0, 0.1,  2
3091, 74902,17102012,18102022 045732,   2, 27366.9, 25.723,310.096,0.743328,359.8,240.621,4.37e-02, 13.6, 0.1,  2
3092, 74903,19102017,17102022 204330, 442, 27370.0, 18.708,  6.944,0.670465,359.6,128.877,1.64e+00, 17.1, 8.7, - 
3093, 74904,03092018,18102022 032800, 340, 27348.2, 20.887,249.007,0.510268,  0.1,342.724,2.39e-01, 16.8, 9.9, - 
3094, 74905,03092018,17102022 174949,  16, 27344.0, 20.926,261.017,0.472174,  0.1,320.233,2.09e-02, 17.9, 0.1, 21
3095, 74906,03092018,18102022 075844,1490, 27342.6, 20.883,250.652,0.501266,  0.1,338.234,1.59e-01, 18.8, 5.6, - 
3096, 74907,07092018,18102022 024833,1431, 27357.7, 20.981,246.211,0.517408,  0.1,343.842,9.78e-01, 18.8, 8.4, - 
3097, 74908,07092018,17102022 211307,   3, 27354.5, 20.757,241.391,0.525812,  0.2,355.533,1.72e-01, 17.2, 0.1, 12
3098, 74909,08042019,18102022 022852,   1, 27247.0, 10.894,156.031,0.461522,  0.6, 96.896,6.55e-01, 16.2, 0.1, 31
3099, 74910,08042019,18102022 003115,   0, 27406.6, 11.111,145.323,0.482263,  0.5,113.343,5.04e-01, 17.9, 0.1, 22
3100, 74911,09042019,18102022 022627,   3, 27268.2, 11.006,156.162,0.452959,  0.6, 95.042,5.15e-01, 17.5, 0.4,101
3101, 74912,03062019,18102022 053026,1149, 27352.8, 10.374,143.749,0.488108,  0.6, 87.286,3.53e+00, 17.4, -  , - 
3102, 74913,23052019,18102022 023934,   1, 27328.7, 10.868,149.316,0.475177,  0.6,104.432,1.22e+00, 17.3, 0.1, 11
3103, 74914,24072019,18102022 035100, 297, 27407.6, 20.899,250.465,0.528281,  0.1,335.312,2.77e+00, 17.8,30.2, - 
3104, 74916,23102020,18102022 031709,   0, 27316.1, 10.902,138.737,0.489331,  0.5,122.024,1.39e+00, 17.1, 0.1, 27
3105, 74917,03062021,17102022 214501,   0, 27322.7, 68.228,232.849,0.346091,  0.1,223.600,3.02e+00, 15.2, 0.1,  7
3106, 74918,05112021,17102022 175010,  32, 27364.5, 60.876,142.368,0.644255,  0.1, 25.106,7.52e-01, 17.8, 0.1, 25
3107, 74919,22022022,18102022 001042,  58, 27398.2, 61.091,341.514,0.668797,359.9, 36.438,3.31e-01, 16.6, 1.1,258
3108, 75000,07012014,17102022 183526,  64, 27448.5, 25.399,162.124,0.685531,  0.3,218.524,2.02e+00, 16.0, 1.9,344
3109, 75001,18082017,17102022 203115, 921, 27297.0, 26.619,342.284,0.739676,359.7,175.199,3.34e-01, 14.1, -  , - 
3110, 75002,30032018,18102022 000822, 649, 27331.8, 26.648, 56.424,0.720938,359.8, 48.771,1.88e+00, 16.1, -  , - 
3111, 75003,03092018,17102022 150613,1384, 27390.6, 20.799,250.535,0.495243,  0.1,336.119,1.07e+00, 17.4,40.6, - 
3112, 75004,03092018,18102022 031743,  47, 27365.8, 20.886,251.223,0.503108,  0.1,337.466,2.30e-01, 18.7, 0.4, 69
3113, 75006,23082019,18102022 084740, 340, 27392.2, 20.944,247.942,0.504309,  0.1,339.519,9.83e-01, 17.8,22.4, - 
3114, 75007,29082019,18102022 012000,1114, 27346.6, 13.599,122.377,0.465033,  0.3,126.661,1.88e-01, 18.1,73.6, - 
3115, 75008,22102019,17102022 215256,1089, 27370.7, 11.813,224.122,0.397174,  0.4, 36.268,9.03e+00, 17.5, -  , - 
3116, 75009,24042022,17102022 234549, 174, 27359.9, 53.186,214.110,0.037868,  0.1, 45.942,1.54e+00, 18.3,81.4, - 
3117, 75100,17102012,17102022 235038,3615, 27394.6, 60.225,131.649,0.631774,  0.1,213.926,3.04e+00, 16.5,86.2, - 
3118, 75101,20112016,18102022 090257,   1, 27401.4, 13.716,127.861,0.487287,  0.3,332.375,8.19e-03, 17.1, 0.1,  1
3119, 75102,14022018,17102022 225827,1306, 27395.0, 62.710,172.651,0.629458,  0.1,264.932,1.61e-01, 16.3,13.5, - 
3120, 75103,02092018,17102022 202225,1443, 27387.3, 21.259,262.557,0.523512,  0.0,313.398,2.14e+00, 18.1, -  , - 
3121, 75104,03092018,18102022 064652,  69, 27384.6, 20.913,248.767,0.503932,  0.1,341.806,1.92e-02, 17.7, 0.3, 59
3122, 75105,02092018,17102022 161843,   1, 27390.7, 20.934,253.691,0.501719,  0.1,334.707,9.67e-02, 16.5, 0.1,  4
3123, 75106,02092018,18102022 074447,   1, 27389.8, 20.811,243.419,0.514819,  0.2,348.307,8.64e-02, 11.9, 0.1,  7
3124, 75107,05092018,17102022 133558,  32, 27389.2, 21.142,242.299,0.495982,  0.2,342.443,1.43e-01, 17.8, 0.3, 61
3125, 75108,06092018,17102022 220444,  11, 27381.3, 21.726,262.149,0.512992,  0.1,328.309,3.68e-02, 17.1, 0.1,  4
3126, 75109,09042019,18102022 024542, 282, 27475.1, 10.846,166.241,0.432505,  0.6, 76.691,2.43e-01, 15.9,32.9, - 
3127, 75110,22062019,17102022 231306,   0, 27384.1, 10.921,158.787,0.453688,  0.6, 91.206,1.16e-01, 16.9, 0.1,  4
3128, 75111,04072019,17102022 152820, 314, 27350.1, 22.485,257.817,0.489461,  0.1,313.307,3.07e+00, 16.5,60.4, - 
3129, 75112,23072019,18102022 060451,1151, 27471.3, 21.321,275.114,0.497179,360.0,298.055,5.63e+00, 17.1,35.3, - 
3130, 75113,26082019,17102022 224838, 340, 27307.8, 10.378,135.671,0.484866,  0.5,125.467,8.10e-01, 17.8,29.9, - 
3131, 75115,10122020,18102022 002932, 671, 27477.8, 26.315,251.505,0.673399,  0.1, 65.350,1.81e+00, 16.4, -  , - 
3132, 75117,27032022,17102022 161331, 162, 27316.5,  8.356,216.741,0.413583,  0.7,232.914,1.28e+01, 18.1,17.2, - 
3133, 75118,29082022,17102022 212451,  15, 27380.6, 56.224,335.841,0.015933,359.9,332.301,1.45e-01, 18.6, 0.1, 26
3134, 75119,18092022,18102022 045916,   1, 27361.6, 14.156,115.632,0.483588,  0.2,137.869,7.61e+00, 14.9, 0.6,110
3135, 75200,13092012,18102022 082954,   2, 27415.4, 69.851,254.128,0.382656,  0.0,106.745,2.28e+00, 14.7, 0.1,  5
3136, 75201,15092014,18102022 040115,   1, 27447.1, 26.751,352.654,0.738511,359.7,158.064,3.82e-02, 15.4, 0.1,  3
3137, 75202,03022014,17102022 164637,   0, 27372.7, 25.769,158.077,0.734653,  0.3,284.706,8.27e-02, 17.2, 0.1,  4
3138, 75203,28072016,17102022 230839,   1, 42165.7,  2.453,  6.487,0.000279,357.1,192.251,3.12e-02, 10.3, 0.1,  1
3139, 75204,16062014,17102022 134326, 967, 27359.6, 25.841,317.417,0.744934,359.8,227.467,2.84e-01, 17.1, -  , - 
3140, 75206,08072018,18102022 000456, 937, 27419.1, 66.346,322.602,0.584184,359.9, 60.908,1.32e+00, 14.9, -  , - 
3141, 75207,06092018,18102022 003121,  17, 27407.4, 21.593,261.683,0.511867,  0.1,328.160,7.82e-02, 18.1, 0.1, 16
3142, 75208,06092018,17102022 142204,  10, 27413.8, 21.076,255.132,0.512364,  0.1,328.733,1.89e+00, 17.5, 0.2, 23
3143, 75209,06092018,17102022 125829,  17, 27373.4, 20.933,258.165,0.492372,  0.1,327.636,3.25e-01, 17.7, 0.8,183
3144, 75210,07092018,17102022 205736, 325, 27414.5, 21.038,257.730,0.500384,  0.1,326.136,1.11e+00, 18.3,20.0, - 
3145, 75211,07092018,17102022 173953, 337, 27432.8, 21.025,254.372,0.509657,  0.1,331.155,1.06e+00, 18.2, 6.5, - 
3146, 75212,04092018,18102022 053247,1494, 27424.4, 21.034,257.488,0.499836,  0.1,326.300,9.94e-01, 19.1,54.2, - 
3147, 75213,14092018,18102022 062624,1240, 27423.9, 20.893,249.805,0.504466,  0.1,338.384,1.42e-01, 17.3,20.5, - 
3148, 75214,14092018,17102022 204636,1491, 27412.2, 21.098,255.711,0.523307,  0.1,323.183,3.71e+00, 18.8, -  , - 
3149, 75215,30082018,17102022 215029, 344, 27384.0, 21.021,254.072,0.514149,  0.1,330.884,1.82e+00, 18.6,18.7, - 
3150, 75216,11112018,17102022 221805,  12, 27370.8, 21.320,266.744,0.500138,  0.0,312.026,2.68e+00, 18.2, 2.3,517
3151, 75217,09042019,18102022 094500,  41, 27359.1, 10.730,143.379,0.524552,  0.5,111.137,3.49e-02, 18.0, 0.1, 10
3152, 75218,09042019,18102022 031037,   0, 27425.5, 11.308,137.296,0.494831,  0.5,124.181,6.34e-01, 17.3, 0.1, 11
3153, 75219,09042019,18102022 070328,   2, 27412.6, 11.261,143.298,0.478073,  0.5,110.482,1.40e+00, 17.6, 0.2, 51
3154, 75220,24082019,18102022 071014,  40, 27424.7, 20.837,250.126,0.503975,  0.1,337.980,9.57e-02, 16.7, 0.4, 94
3155, 75222,03102019,17102022 192940,   1, 27410.5, 21.024,258.547,0.463062,  0.1,318.098,1.88e-01, 15.3, 0.1,  8
3156, 75223,29062022,18102022 005626,   6, 27413.9, 68.624, 68.990,0.570501,360.0, 52.649,1.21e+00, 17.2, 0.5, 96
3157, 75300,12092012,18102022 032835,1316, 27553.3, 18.942, 30.682,0.659492,359.7, 83.338,2.00e+00, 17.2,35.6, - 
3158, 75301,07122012,18102022 010057,   1, 27490.0, 27.469, 24.623,0.733249,359.8, 89.762,2.96e-02, 15.5, 0.1,  2
3159, 75302,31012014,17102022 231713,   1, 27476.1, 26.353,345.846,0.739666,359.7,177.276,2.67e-02, 16.1, 0.1,  1
3160, 75303,26122013,18102022 063621,   1, 27475.2, 27.071,358.762,0.737158,359.7,141.009,1.42e-01, 15.3, 0.1,  5
3161, 75304,22082017,17102022 210616, 619, 27436.5, 25.848,159.290,0.747832,  0.3, 55.052,4.84e-02, 15.8, -  ,749
3162, 75305,05092018,17102022 194334,1411, 27434.2, 21.355,269.131,0.506421,  0.0,306.761,2.94e+00, 18.3,77.5, - 
3163, 75306,03092018,18102022 070753, 731, 27534.2, 20.733,261.088,0.502097,  0.1,307.616,6.99e-01, 16.5, -  , - 
3164, 75307,17072017,18102022 000048,1174, 27460.9, 22.651,161.135,0.726643,  0.3, 19.525,9.21e-02, 18.3,58.7, - 
3165, 75308,09112018,18102022 003548,1408, 27442.2, 21.103,259.873,0.502552,  0.1,320.318,1.58e+00, 18.7,71.5, - 
3166, 75309,08042019,17102022 225042,1234, 27418.0, 11.772,126.665,0.500165,  0.4,136.686,3.05e-01, 16.5, 9.9, - 
3167, 75310,15052019,18102022 022528, 731, 27461.1, 14.944,101.255,0.606600,  0.1,203.905,2.98e-01, 18.4,10.6, - 
3168, 75313,03012020,17102022 212409, 318, 27418.2, 11.868,127.601,0.496647,  0.4,134.794,2.42e-01, 16.0, 3.4,775
3169, 75400,15102012,17102022 235524,   1, 27506.4, 27.110,  9.335,0.735578,359.7,123.702,1.38e-02, 15.0, 0.1,  1
3170, 75401,04082016,17102022 181436, 354, 27489.8, 23.307,268.020,0.748748,  0.0, 11.121,1.35e-01, 17.2, -  ,532
3171, 75402,02092018,18102022 073407,  26, 27474.8, 20.878,255.262,0.492523,  0.1,329.434,4.56e-02, 18.1, 0.1, 31
3172, 75403,02092018,17102022 221721,  25, 27476.7, 21.368,267.261,0.495875,  0.0,315.868,1.67e-01, 17.5, 0.4, 81
3173, 75404,08042019,18102022 084056, 926, 27439.6, 11.682,138.099,0.469507,  0.5,113.551,2.82e-01, 17.5,25.0, - 
3174, 75405,08042019,18102022 014346,   0, 27452.2, 11.167,146.779,0.468567,  0.5,106.122,1.93e-02, 16.9, 0.1,  1
3175, 75406,07042019,18102022 014315, 251, 27443.8, 11.111,158.498,0.421301,  0.6, 80.870,1.49e-01, 17.6, 6.4, - 
3176, 75407,06042019,18102022 024112,   0, 27455.5, 10.872,165.314,0.434895,  0.6, 77.938,1.34e-01, 16.7, 0.1,  2
3177, 75408,24082019,18102022 035252,1088, 27491.1, 21.011,258.850,0.501844,  0.1,325.634,1.65e+00, 17.6,69.7, - 
3178, 75410,24042022,17102022 212306, 173, 27455.8, 52.992,214.838,0.070145,  0.1, 63.262,3.92e+00, 18.4, 3.2,694
3179, 75411,25042022,17102022 210519, 169, 27455.0, 52.922,214.722,0.051867,  0.1, 78.785,4.35e+00, 19.0, -  , - 
3180, 75412,02062022,18102022 011403,   2, 27455.0, 61.521,231.390,0.499425,  0.1,162.319,3.18e+00, 17.7, 0.1, 16
3181, 75413,23082022,18102022 050105,  32, 27440.2, 19.234,305.448,0.424283,359.8,235.739,3.79e+01, 17.7, 6.0, - 
3182, 75414,25082022,18102022 011542,  22, 27444.6, 11.230,150.027,0.464352,  0.6, 94.832,3.00e-01, 17.8, 0.2, 30
3183, 75500,19092012,17102022 231337,   1, 27192.2, 25.229,232.123,0.750317,  0.2, 14.016,1.30e-02, 14.8, 0.2,  1
3184, 75501,11102012,18102022 063602,   1, 27411.5, 25.264,269.716,0.746476,  0.0,320.117,3.01e-02, 17.2, 0.1,  1
3185, 75502,24122016,17102022 141406, 579, 27105.6, 27.721,114.031,0.743177,  0.1,314.977,1.95e-02, 15.8,33.7,938
3186, 75503,02092018,17102022 221745, 260, 27487.0, 20.913,255.848,0.501868,  0.1,329.901,1.88e-01, 17.2, 8.4, - 
3187, 75504,03092018,17102022 141844,   2, 27477.4, 21.012,260.543,0.495111,  0.1,324.231,1.03e-01, 17.8, 0.1,  4
3188, 75505,03092018,17102022 165215, 317, 27418.6, 20.995,254.449,0.517468,  0.1,330.708,2.27e+00, 18.2,13.5, - 
3189, 75506,02092018,17102022 200242,  45, 27464.7, 21.366,267.756,0.491603,  0.0,315.346,1.21e-01, 17.8, 0.6,127
3190, 75507,02092018,18102022 012814,1473, 27466.4, 21.084,270.676,0.515964,  0.0,298.230,5.26e+00, 18.0,89.7, - 
3191, 75508,07092018,18102022 021015,1501, 27493.5, 21.083,249.686,0.526038,  0.1,334.165,2.52e+00, 19.2, -  , - 
3192, 75509,06122018,17102022 151042,   1, 27473.8, 20.965,256.583,0.502765,  0.1,329.665,1.73e-01, 15.3, 0.1, 11
3193, 75510,06042019,18102022 050026,   2, 27450.2, 11.247,144.353,0.469022,  0.5,107.050,8.07e-01, 16.7, 0.2, 33
3194, 75511,07042019,18102022 022255,   1, 27482.4, 11.311,146.085,0.460596,  0.5,103.024,8.77e-02, 14.1, 0.1,  4
3195, 75512,06042019,18102022 083035,   1, 27471.8, 10.930,158.391,0.453101,  0.6, 89.361,9.85e-02, 17.3, 0.1,  4
3196, 75513,27062019,18102022 082656, 732, 27479.5, 10.863,162.609,0.447474,  0.6, 83.929,1.63e-02, 17.8, 1.3,243
3197, 75514,18112019,18102022 050659, 352, 27489.8, 21.394,240.920,0.554370,  0.2,347.019,4.00e+00, 18.2,17.3, - 
3198, 75515,21102020,18102022 050142, 633, 27459.8, 10.768,165.202,0.453858,  0.6, 89.560,5.56e+00, 16.2,96.0, - 
3199, 75516,07042022,17102022 221557,  19, 27404.9,  5.323,178.324,0.464990,  1.4,352.731,3.36e+01, 17.1, 8.9, - 
3200, 75600,18102012,17102022 225548,   1, 27520.3, 26.599, 13.142,0.735123,359.7,129.514,1.10e-02, 16.9, 0.1,  1
3201, 75601,30012014,18102022 030944,1050, 27519.7, 23.729,170.718,0.657195,  0.3,221.498,3.45e+00, 15.1, -  , - 
3202, 75602,21032018,18102022 003651,1533, 27164.0, 25.540,354.501,0.668546,359.7,195.439,5.52e+01, 17.9, -  , - 
3203, 75603,02092018,17102022 205412,   2, 27509.9, 20.937,263.617,0.477717,  0.0,315.950,4.31e-02, 16.6, 0.1,  2
3204, 75604,02092018,17102022 165954,1165, 27526.9, 20.767,245.817,0.518094,  0.1,345.685,1.26e-01, 17.8,11.0, - 
3205, 75605,02092018,17102022 181954, 338, 27522.7, 21.115,259.295,0.515138,  0.1,320.071,2.87e+00, 18.7,43.3, - 
3206, 75606,03102018,17102022 182127,1471, 27505.0, 21.013,268.967,0.482745,  0.0,303.809,2.09e+00, 17.4,85.1, - 
3207, 75607,07042019,18102022 010000,   0, 27497.4, 10.929,158.523,0.451043,  0.6, 88.514,6.55e-02, 12.4, 0.1,  2
3208, 75608,08042019,18102022 011504,   0, 27497.1, 11.914,137.945,0.461374,  0.4,110.304,2.09e-01, 15.1, 0.1,  5
3209, 75609,15052019,18102022 023513,1227, 27497.8,  9.967,127.708,0.531646,  0.4,138.868,5.15e+00, 17.2, -  , - 
3210, 75610,03072019,17102022 204411, 753, 27507.3, 11.181,124.261,0.509192,  0.4,133.457,1.26e+00, 16.7, -  , - 
3211, 75612,30062019,17102022 214823, 283, 27522.3, 10.942,150.875,0.472745,  0.6,101.583,7.38e-01, 17.1,12.8, - 
3212, 75613,10072019,17102022 231849,1092, 27503.4, 11.773,127.077,0.504807,  0.4,129.874,5.38e+00, 16.7, -  , - 
3213, 75614,29082019,17102022 233841, 412, 27497.2, 14.964,117.950,0.483092,  0.2,131.615,6.15e+00, 15.4, -  , - 
3214, 75615,02092019,18102022 041807,  13, 27513.9, 10.918,158.635,0.452905,  0.6, 88.465,3.54e-02, 18.4, 0.1,  6
3215, 75616,05102019,18102022 061453, 635, 27517.7, 10.728,150.695,0.482638,  0.6,110.039,3.27e+00, 16.3, -  , - 
3216, 75617,24122019,18102022 020827, 921, 27509.0, 11.994,125.301,0.503862,  0.3,137.328,1.67e-01, 16.5,16.1, - 
3217, 75618,20042022,17102022 195412, 157, 27489.8, 15.743,188.025,0.563197,  0.5,157.705,4.36e+00, 16.2,30.0, - 
3218, 75700,02092018,17102022 203228, 282, 27538.8, 21.130,275.827,0.456757,360.0,297.917,6.83e-02, 17.3, 2.6,482
3219, 75701,02092018,17102022 224149,   2, 27538.1, 20.859,256.580,0.489872,  0.1,325.865,5.52e-03, 16.5, 0.1,  1
3220, 75702,02092018,17102022 164922,   2, 27564.9, 21.645,260.042,0.524851,  0.1,315.209,4.31e+00, 16.8, 0.2, 38
3221, 75703,02092018,18102022 004242,1296, 27526.0, 21.342,267.476,0.494551,  0.0,315.370,2.35e-01, 16.9,27.7, - 
3222, 75704,02092018,17102022 211450,1365, 27496.1, 21.094,265.852,0.497423,  0.0,310.327,7.28e-01, 16.1,31.8, - 
3223, 75705,06092018,17102022 215908,  17, 27541.9, 21.492,273.148,0.484952,360.0,306.526,8.09e-02, 18.2, 0.1,  9
3224, 75706,05102018,17102022 223643,  28, 27529.1, 21.211,262.074,0.505758,  0.1,323.951,5.86e-01, 17.8, 2.6,597
3225, 75707,03112018,17102022 214906,1440, 27523.3, 21.123,265.670,0.505201,  0.0,308.785,2.72e+00, 19.1, -  , - 
3226, 75708,03112018,17102022 203047,1203, 27525.9, 21.135,257.927,0.519994,  0.1,322.295,2.54e+00, 18.7,13.8, - 
3227, 75709,11112018,17102022 181253,   1, 27517.4, 21.025,264.190,0.484318,  0.0,314.855,6.78e-01, 17.1, 0.1, 11
3228, 75710,03072019,18102022 025235,   0, 27580.8, 10.800,162.195,0.443940,  0.6, 81.807,1.61e-01, 14.6, 0.1,  3
3229, 75711,12072019,17102022 153029,   1, 27528.6, 21.330,267.757,0.495236,  0.0,315.306,1.79e-01, 16.7, 0.1,  6
3230, 75712,20072019,18102022 090312,1046, 27537.8, 10.361,156.083,0.458506,  0.6,101.093,5.31e+00, 15.0, -  , - 
3231, 75713,21042019,17102022 223311,1261, 27528.7, 10.533,136.532,0.518642,  0.5,126.416,2.93e+00, 15.4,39.5, - 
3232, 75714,31072019,18102022 005157,1166, 27537.4, 11.149,186.140,0.433205,  0.6, 52.418,1.33e+00, 17.7, -  , - 
3233, 75716,29082019,17102022 181113, 231, 27626.8, 11.288,187.656,0.414040,  0.6, 46.025,3.64e+00, 16.8, -  , - 
3234, 75717,31082019,17102022 233252, 730, 27542.5, 11.220,158.077,0.446315,  0.6, 83.378,6.07e-01, 16.7,40.3, - 
3235, 75718,19092019,18102022 004235, 280, 27521.1, 10.804, 92.011,0.532762,  0.0,197.392,1.24e+01, 17.7,92.0, - 
3236, 75719,27032020,17102022 155651, 585, 27524.0, 72.082,316.945,0.359668,359.9, 77.450,3.25e-01, 15.1,27.8, - 
3237, 75720,29042020,17102022 180103, 898, 27551.9, 70.414,342.960,0.554643,359.9,332.896,2.00e+00, 16.3, 8.4, - 
3238, 75721,10072021,17102022 225419, 442, 27495.3, 75.974,258.821,0.477037,  0.0,241.691,1.97e+01, 16.5, -  , - 
3239, 75722,20072021,18102022 054054,   2, 27528.8, 11.456,150.314,0.514025,  0.5,106.848,1.75e+00, 16.8, 0.7,159
3240, 75800,18092012,17102022 191005,   6, 27550.2, 26.462,205.963,0.726133,  0.3,195.468,3.69e-02, 16.0, 0.1,  4
3241, 75801,05082013,17102022 200946,   3, 27548.2, 26.466,221.102,0.721949,  0.2,171.853,1.02e-01, 16.1, 0.1,  6
3242, 75802,18082014,17102022 131902,   2, 27566.6, 13.654,307.616,0.596268,359.7,263.170,3.45e+00, 15.3, 0.3, 74
3243, 75803,03092018,17102022 234313,   2, 27547.3, 21.020,263.972,0.489731,  0.0,317.425,1.04e-01, 16.0, 0.1,  8
3244, 75804,02092018,17102022 144142,  22, 27420.1, 21.305,252.230,0.528893,  0.1,333.324,3.47e+00, 18.6, 1.1,248
3245, 75805,06092018,18102022 075452, 653, 27576.9, 21.274,277.531,0.463877,360.0,296.045,2.22e-01, 17.5, 9.6, - 
3246, 75806,08042019,18102022 014628,   0, 27556.7, 11.254,145.276,0.470276,  0.5,106.146,1.39e-02, 16.0, 0.1,  1
3247, 75807,09042019,18102022 100004,  23, 27583.6, 11.146,145.437,0.478756,  0.5,108.729,8.39e-02, 17.4, 0.3, 64
3248, 75808,27062019,17102022 232345, 237, 27544.6, 10.727,172.354,0.476319,  0.7, 71.768,2.67e+00, 16.9,51.6, - 
3249, 75809,28072019,17102022 193734, 838, 27576.9, 15.036, 64.525,0.580266,359.8,216.481,4.56e+00, 17.2, -  , - 
3250, 75810,04082019,18102022 070221, 310, 27551.4, 11.390,136.937,0.487721,  0.5,121.132,2.28e-01, 15.3, 5.1, - 
3251, 75811,21082019,17102022 203056,1020, 27604.7, 21.043,267.029,0.499680,  0.0,307.606,2.35e+00, 18.0,15.6, - 
3252, 75812,23092019,18102022 070624,   3, 27622.4, 10.996,162.239,0.470846,  0.6, 79.623,2.40e+00, 16.8, 1.0,217
3253, 75813,26092019,17102022 200837,  14, 27559.5, 64.270,137.418,0.505276,  0.1,308.037,1.30e+00, 15.7, 0.1, 25
3254, 75814,02102019,18102022 054643, 210, 27542.3, 11.056,148.752,0.480496,  0.6,108.835,7.18e-02, 17.7, 1.0,155
3255, 75815,29092019,18102022 042540,   0, 27448.2, 20.902,321.769,0.583863,359.7,230.046,5.58e+01, 17.7, 0.2, 49
3256, 75818,25032022,17102022 162815,   5, 27544.4, 21.500,272.874,0.486892,360.0,307.075,1.15e-01, 17.9, 0.1, 28
3257, 75819,22092022,18102022 070605,   2, 27549.7, 11.472,136.661,0.490562,  0.5,121.519,3.62e-01, 16.9, 0.1,  6
3258, 75901,24102017,17102022 152205,1202, 27550.7, 59.882,189.845,0.618912,  0.1,316.791,4.66e+00, 16.4,30.4, - 
3259, 75902,02092018,18102022 003529, 975, 27589.4, 20.823,264.004,0.482991,  0.0,315.173,9.24e-02, 17.6,13.6, - 
3260, 75903,02092018,17102022 230937,   7, 27597.1, 20.773,244.056,0.526257,  0.2,348.387,2.92e-01, 17.1, 0.2, 35
3261, 75904,05092018,17102022 224557,1085, 27576.4, 21.008,262.828,0.492697,  0.0,319.613,4.98e-02, 18.3, 1.7,304
3262, 75905,05092018,18102022 021510,   0, 27579.9, 21.167,269.585,0.524210,  0.0,310.890,1.70e+00, 17.7, 0.2, 39
3263, 75906,05092018,17102022 223014,1449, 27582.5, 20.934,262.119,0.486996,  0.1,318.109,1.32e-01, 18.9,17.5, - 
3264, 75907,14092018,18102022 000030, 143, 27588.9, 20.908,263.317,0.478164,  0.0,315.070,1.06e-01, 16.3, 1.2,263
3265, 75908,08112018,18102022 023119,  17, 27583.3, 21.576,268.007,0.549519,  0.0,315.590,4.01e+00, 17.4, 1.3,248
3266, 75909,10112018,18102022 005649,   4, 27710.9, 20.951,264.918,0.486343,  0.0,312.606,2.26e-01, 15.1, 0.2, 32
3267, 75910,03042019,18102022 012942,1150, 27593.7, 21.331,273.039,0.500475,360.0,300.313,2.45e+00, 17.8, -  , - 
3268, 75911,20062019,17102022 195428,  15, 27498.4, 10.477,154.240,0.512365,  0.6, 98.662,6.48e+00, 17.2,12.2, - 
3269, 75912,26082019,18102022 005856, 757, 27564.3, 10.725,148.012,0.490492,  0.6,115.199,1.72e+00, 17.6, -  , - 
3270, 75913,28062022,17102022 195437,  60, 27608.3, 60.824, 70.717,0.580863,360.0,324.244,5.94e-01, 18.1, 0.7, 74
3271, 76000,28092012,18102022 035340,   1, 27611.0, 63.321,344.131,0.709214,359.9,263.251,1.63e-01, 14.6, 0.1,  7
3272, 76001,31012014,17102022 182347,   8, 27689.9, 26.868, 56.054,0.729512,359.8, 49.631,3.45e-02, 15.3, 0.1, 10
3273, 76002,15012015,18102022 030929, 231, 27592.7, 73.354,326.824,0.522668,359.9,233.825,2.84e-01, 14.3, 3.7,807
3274, 76003,10032016,17102022 162000,1652, 27717.8, 26.558,260.218,0.689354,  0.1, 51.363,1.66e+00, 15.7,72.8, - 
3275, 76004,08112016,17102022 221701,   2, 27594.8, 12.591,160.614,0.470068,  0.5,238.248,9.13e-03, 17.1, 0.1,  1
3276, 76005,30042017,18102022 061321, 613, 27620.4, 12.280, 22.467,0.499969,359.4,268.910,3.67e-01, 15.2,28.6, - 
3277, 76007,31082018,18102022 033108,   0, 27608.6, 20.940,267.489,0.469150,  0.0,307.975,7.59e-02, 15.6, 0.1,  2
3278, 76008,02092018,17102022 200442,   1, 27605.9, 20.948,264.113,0.484921,  0.0,315.657,2.13e-02, 15.1, 0.1,  1
3279, 76009,02092018,18102022 013017,   0, 27595.5, 20.935,262.300,0.489577,  0.1,318.568,9.78e-02, 15.6, 0.1,  2
3280, 76010,02092018,17102022 145052, 454, 27637.5, 20.711,270.445,0.487244,  0.0,300.550,2.84e+00, 17.0,69.6, - 
3281, 76011,02092018,17102022 143510,1272, 27619.1, 20.850,253.614,0.501742,  0.1,330.074,9.22e-02, 17.9,21.7, - 
3282, 76012,02092018,17102022 214709,  14, 27620.1, 21.017,263.702,0.496295,  0.0,316.296,1.03e+00, 18.0, 0.6,147
3283, 76013,05092018,17102022 153657,  16, 27650.2, 20.867,256.016,0.491304,  0.1,324.172,5.27e-02, 17.4, 0.1,  7
3284, 76014,02102018,18102022 011539,1470, 27582.8, 21.032,275.346,0.431931,360.0,279.913,1.14e+00, 19.0,88.8, - 
3285, 76015,29102018,17102022 205216,  12, 27600.4, 20.925,263.745,0.482968,  0.0,315.688,3.93e-02, 16.9, 0.2, 22
3286, 76016,09112018,18102022 003533,   6, 27580.9, 21.070,266.508,0.502651,  0.0,308.108,2.64e+00, 18.1, 0.4, 89
3287, 76017,25072019,18102022 071848,  15, 27590.0, 11.032,149.083,0.479214,  0.6,105.156,2.14e-02, 18.4, 0.1,  1
3288, 76018,03072019,17102022 234424, 724, 27519.4,  9.169,161.965,0.470753,  0.7, 81.090,5.15e+00, 14.9, -  , - 
3289, 76019,12072019,18102022 030541, 314, 27669.5, 20.378,271.377,0.490603,360.0,299.727,4.61e+00, 18.9, -  , - 
3290, 76020,10092019,17102022 235558,   6, 27589.3, 20.945,263.013,0.487837,  0.0,317.727,2.18e-01, 16.5, 0.4, 75
3291, 76021,20102019,18102022 065440, 726, 27689.8, 10.651,162.584,0.485350,  0.6, 58.033,4.87e+00, 17.6, -  , - 
3292, 76022,19102019,17102022 192811, 414, 27613.6, 59.880, 99.048,0.584964,  0.0,  8.527,1.49e+00, 17.2, 4.7,716
3293, 76024,15062022,17102022 204336,   4, 27589.4, 11.379,142.700,0.470510,  0.5,105.908,9.11e-01, 16.2, 0.7,157
3294, 76025,23082022,18102022 001544,  31, 27621.5, 66.180,180.232,0.352423,  0.1,335.649,4.62e+00, 17.6, 2.0,451
3295, 76100,20122009,17102022 185641, 189, 27718.8,  7.979, 42.645,0.738170,359.3,283.948,1.50e-01, 14.1, 3.6,590
3296, 76101,25122013,18102022 040213,   3, 27712.7, 26.548, 59.393,0.730044,359.9, 50.817,4.59e-02, 15.8, 0.1,  5
3297, 76102,11052015,18102022 031249,   5, 27676.1, 27.105, 59.124,0.732100,359.9, 39.145,7.44e-02, 15.5, 0.1, 10
3298, 76103,08102016,17102022 224905,   1, 27614.4, 16.742, 99.135,0.534857,  0.1,  5.732,8.45e-03, 12.5, 0.1,  1
3299, 76104,05092018,18102022 000218, 345, 27643.1, 20.901,264.612,0.479612,  0.0,312.915,7.66e-02, 18.7, 4.2,925
3300, 76105,14102018,18102022 051136,1005, 27545.0, 26.174,244.096,0.694301,  0.1, 78.548,2.26e+00, 16.2,73.7, - 
3301, 76106,07042019,17102022 194205,   7, 27573.0, 20.910,261.482,0.488986,  0.1,319.268,1.66e-01, 16.6, 0.2, 36
3302, 76107,06042019,18102022 011131, 284, 27604.9, 11.256,142.755,0.473027,  0.5,105.659,1.56e+00, 16.3,32.1, - 
3303, 76108,06062019,18102022 044519,  13, 27610.2, 10.793,154.496,0.461844,  0.6, 89.123,2.35e+00, 18.5, 0.5,117
3304, 76109,02072019,17102022 232233,   5, 27650.5, 11.758,140.004,0.481472,  0.5,105.290,1.57e+00, 16.8, 0.6,121
3305, 76110,30082019,18102022 053252,1100, 27644.7, 69.755,144.535,0.564122,  0.1,328.178,4.70e-01, 15.9,14.9, - 
3306, 76111,13102019,17102022 160058,   1, 27667.2, 21.053,268.910,0.501410,  0.0,299.462,4.84e+00, 16.0, 0.5,111
3307, 76112,25042014,17102022 185509,   1, 27460.6, 21.400,235.474,0.753092,  0.2, 99.675,4.49e-02, 14.3, 0.2,  3
3308, 76113,01092022,18102022 085154,  13, 27619.7, 56.311,336.520,0.014246,359.9,300.116,2.54e-01, 18.1, 0.1, 15
3309, 76200,19072015,18102022 021545,1130, 27656.9, 62.885, 59.723,0.716548,359.9,272.059,9.22e-02, 15.2,18.4, - 
3310, 76201,20042016,18102022 034119,  86, 27675.5, 26.699,105.598,0.728008,  0.1,306.617,5.67e-02, 14.8, 0.5, 90
3311, 76202,11032016,18102022 001250,1864, 27669.1, 55.454,276.592,0.343115,360.0, 68.446,8.05e+00, 16.2, -  , - 
3312, 76203,08072009,17102022 234358,   2, 27628.8, 22.075,185.019,0.744046,  0.3,146.786,9.15e-02, 15.0, 0.1,  8
3313, 76204,02092018,17102022 143756, 157, 27644.7, 21.958,272.008,0.437881,360.0,308.194,2.67e-01, 16.6, 5.4, - 
3314, 76205,02092018,18102022 032600,1177, 27649.0, 20.615,257.753,0.483873,  0.1,322.851,6.21e-02, 17.7, 1.4,267
3315, 76206,02092018,17102022 223453,   3, 27640.5, 21.027,268.817,0.481075,  0.0,308.846,1.53e-01, 15.7, 0.1,  8
3316, 76207,02092018,17102022 202625, 371, 27661.0, 20.855,260.271,0.496196,  0.1,318.732,7.97e-01, 16.4, 7.4,438
3317, 76208,05092018,18102022 012528,   2, 27653.6, 20.966,266.240,0.482687,  0.0,311.947,3.40e-02, 18.2, 0.1,  3
3318, 76209,07042019,18102022 012559, 648, 27652.1, 11.491,140.877,0.475166,  0.5,109.578,2.23e-01, 17.2, 9.5, - 
3319, 76210,07042019,18102022 084630,   1, 27652.0, 10.931,157.342,0.458200,  0.6, 89.126,1.27e-02, 15.4, 0.1,  1
3320, 76211,08042019,18102022 040526,  38, 27640.6, 11.172,145.520,0.479943,  0.5,107.882,1.54e-01, 15.7, 0.6,135
3321, 76212,01072019,18102022 004133,   0, 27646.3, 10.937,159.933,0.486071,  0.6, 95.729,4.29e-02, 16.8, 0.1,  1
3322, 76214,30082019,18102022 003656,   2, 27766.4, 11.557,145.228,0.459506,  0.5, 98.228,7.60e-01, 17.2, 0.4, 94
3323, 76215,26092019,18102022 054406,  21, 27633.5, 10.756,160.680,0.443857,  0.6, 75.728,1.63e-01, 16.7, 0.8,120
3324, 76216,22102019,18102022 092552, 369, 27652.3, 10.382,150.580,0.483276,  0.6, 94.025,4.84e+00, 17.2,20.4, - 
3325, 76218,11102021,17102022 193120,  11, 27659.2, 20.821,260.078,0.496296,  0.1,319.107,7.84e-01, 16.4, 0.1, 13
3326, 76300,14092012,17102022 183657,   1, 27661.9, 25.406,191.178,0.734445,  0.3,239.221,4.96e-02, 17.5, 0.1,  3
3327, 76301,02092018,18102022 044526,   1, 27683.2, 20.859,258.600,0.497024,  0.1,323.350,1.55e-02, 16.5, 0.1,  1
3328, 76302,02092018,17102022 144059,   1, 27766.3, 21.018,270.694,0.482316,  0.0,305.013,2.59e-01, 16.1, 0.1,  7
3329, 76303,02092018,17102022 210718,   1, 27680.8, 20.990,265.233,0.489876,  0.0,314.387,1.75e-01, 15.1, 0.1,  7
3330, 76304,02092018,17102022 163404,   1, 27669.6, 20.906,266.785,0.477831,  0.0,310.380,6.29e-02, 17.2, 0.1,  2
3331, 76305,02092018,17102022 144914,   1, 27674.5, 20.929,267.472,0.475146,  0.0,308.173,9.68e-02, 16.2, 0.1,  6
3332, 76306,02092018,18102022 035355,1058, 27567.8, 20.977,263.307,0.525456,  0.0,306.236,4.75e+00, 18.0, -  , - 
3333, 76307,02092018,18102022 021529,   0, 27680.4, 20.931,265.249,0.485427,  0.0,313.201,7.58e-03, 18.0, 0.1,  6
3334, 76308,05092018,17102022 195023,1445, 27660.2, 21.036,271.696,0.491816,360.0,298.954,2.32e+00, 18.3, -  , - 
3335, 76309,11092018,17102022 181620, 310, 27744.3, 20.964,270.466,0.480545,  0.0,301.519,2.18e+00, 16.8,36.3, - 
3336, 76310,11092018,17102022 204501,1343, 27689.4, 20.954,271.227,0.474833,360.0,303.276,8.24e-01, 18.3,64.2, - 
3337, 76311,12122018,17102022 201333, 269, 27680.2, 21.300,282.139,0.455765,359.9,287.290,2.73e-01, 17.2,13.3, - 
3338, 76312,08042019,18102022 084931,   1, 27680.0, 10.872,161.179,0.449712,  0.6, 82.106,1.55e-01, 14.6, 0.1, 14
3339, 76315,14102019,18102022 090705, 707, 27532.1, 10.846,143.562,0.490385,  0.5,112.983,3.37e+00, 17.8,32.3, - 
3340, 76316,21102019,18102022 002614,   0, 27642.2, 10.085,145.426,0.512887,  0.6,113.998,1.78e+00, 17.9, 0.1,  5
3341, 76317,20072020,18102022 021044, 814, 27591.8,  9.925,131.440,0.563438,  0.5,107.776,1.29e+01, 15.6, -  , - 
3342, 76318,12092020,17102022 162841,   2, 27759.8, 25.408,254.010,0.580444,  0.1,310.109,7.06e+00, 16.2, 0.8,184
3343, 76319,13102020,17102022 175808, 730, 27657.5, 10.815,157.411,0.473844,  0.6, 87.731,2.06e+00, 18.7, -  , - 
3344, 76320,05122020,17102022 210727, 298, 27672.2, 21.024,267.789,0.481626,  0.0,308.933,3.89e-01, 17.4, 3.6,810
3345, 76321,19092022,18102022 043455,   1, 27667.0, 21.111,275.881,0.458269,360.0,294.719,1.34e-01, 18.1, 0.1,  2
3346, 76400,09062015,18102022 013551,1587, 27439.2,  8.310, 86.142,0.456648,359.9,167.368,6.05e+00, 15.6, -  , - 
3347, 76401,02092018,18102022 014338,   0, 27703.8, 20.966,270.804,0.476473,  0.0,304.557,1.66e+00, 18.4, 0.3, 57
3348, 76402,02092018,18102022 012033,  11, 27713.3, 20.859,260.187,0.493162,  0.1,320.089,9.50e-03, 17.7, 0.1,  6
3349, 76403,02092018,17102022 212938, 281, 27631.6, 21.280,269.547,0.496631,  0.0,292.064,8.78e-02, 14.8, 1.7,332
3350, 76404,11092018,17102022 233825,   1, 27590.2, 21.082,265.554,0.492635,  0.0,315.807,2.75e-01, 15.5, 0.1, 13
3351, 76405,30082018,17102022 233435,   0, 27691.4, 20.907,265.523,0.480641,  0.0,311.431,6.33e-02, 16.7, 0.1,  1
3352, 76406,11092018,18102022 053439, 339, 27575.1, 19.914,264.060,0.543589,  0.0,292.253,1.09e+01, 18.2, -  , - 
3353, 76407,08042019,18102022 001734,   0, 27690.8, 11.046,147.776,0.482699,  0.6,104.871,3.25e-01, 17.1, 0.1, 10
3354, 76408,24082019,18102022 025023,  18, 27693.3, 11.228,144.128,0.482613,  0.5,109.099,1.40e-02, 18.3, 0.1,  7
3355, 76409,26082019,17102022 202057, 728, 27655.7,  9.652,161.062,0.464116,  0.7, 86.305,1.14e+00, 17.7, -  , - 
3356, 76410,26082019,17102022 190334, 732, 27872.1, 10.180,147.305,0.506422,  0.6, 98.014,1.76e+00, 19.0, -  , - 
3357, 76411,23102019,18102022 042016, 678, 27729.2, 11.434,136.956,0.496283,  0.5,119.662,2.17e-01, 15.9, 0.8,153
3358, 76412,23102019,17102022 181543,   6, 27674.4, 24.888, 55.075,0.537077,359.8,192.209,1.94e+00, 16.1, 0.6,133
3359, 76413,17112019,18102022 021658, 957, 27684.0, 11.240,140.659,0.495099,  0.5,116.852,2.63e-01, 16.4, 6.5, - 
3360, 76414,20102020,17102022 234103, 653, 27698.4, 10.963,163.762,0.456388,  0.6, 81.475,8.71e-01, 17.1,46.9, - 
3361, 76415,14102020,18102022 011400, 726, 27681.1, 10.692,156.854,0.477146,  0.6, 91.287,1.49e+00, 19.0, -  , - 
3362, 76416,28082022,18102022 015135,   0, 27682.0, 11.137,147.007,0.476344,  0.5,102.925,9.64e-01, 17.5, 0.1,  6
3363, 76500,06022016,17102022 234542,  35, 27731.8, 27.033,152.302,0.715084,  0.2,220.205,5.14e-02, 15.1, 0.2, 41
3364, 76501,13122017,17102022 164756,  22, 27731.7, 62.992,187.627,0.626404,  0.1,265.227,1.57e-01, 15.3, 0.2, 44
3365, 76503,04092018,18102022 000659,  47, 27731.5, 20.869,261.002,0.487900,  0.1,317.094,3.65e-02, 15.7, 0.4,101
3366, 76504,10092018,18102022 024901, 726, 27831.7, 21.094,270.973,0.491685,360.0,303.069,1.08e+00, 17.5,46.6, - 
3367, 76505,10092018,18102022 015437,   1, 27731.2, 20.931,268.097,0.477016,  0.0,307.161,8.41e-02, 15.4, 0.1,  6
3368, 76506,10092018,17102022 175848,   1, 27723.3, 21.095,265.780,0.523699,  0.0,305.789,3.83e+00, 17.7, 0.1, 12
3369, 76507,10092018,17102022 153012,   2, 27790.1, 20.788,266.329,0.560766,  0.0,313.048,1.42e-01, 16.6, 0.4, 24
3370, 76508,12092018,17102022 195727, 287, 27655.0, 20.939,264.165,0.501482,  0.0,312.090,2.12e+00, 18.2,18.4, - 
3371, 76509,12092018,17102022 172509,1496, 27521.1, 16.832,252.510,0.553250,  0.1,286.898,1.57e+01, 17.9, -  , - 
3372, 76510,07102018,18102022 005928,  20, 27649.6, 20.982,270.192,0.503087,  0.0,300.371,4.74e+00, 18.6, 2.0,282
3373, 76511,27112018,17102022 181322,   1, 27714.0, 20.958,269.659,0.473920,  0.0,304.282,1.51e-01, 15.0, 0.1, 11
3374, 76513,08042019,18102022 095139,   2, 27728.1, 11.224,147.719,0.468663,  0.5,100.169,6.48e-03, 16.2, 0.1,  2
3375, 76514,05042019,18102022 001215, 143, 27688.1, 11.066,148.194,0.485119,  0.6,104.223,5.76e-01, 17.7, 7.7, - 
3376, 76516,01092019,18102022 092550,   1, 27725.6, 10.818,166.910,0.445119,  0.7, 74.417,1.38e-01, 16.1, 0.1, 14
3377, 76517,26092019,17102022 214919, 765, 27744.3, 10.801,165.263,0.450684,  0.6, 73.234,8.88e-01, 17.7,67.9, - 
3378, 76518,04102019,17102022 235253,1105, 27721.4, 11.124, 79.667,0.607372,359.9,238.753,1.09e+00, 18.0, -  , - 
3379, 76520,09092021,17102022 232526,  14, 27749.5, 17.142,249.238,0.533515,  0.2,338.685,6.46e-01, 17.6, 0.3, 60
3380, 76601,31082018,18102022 032759,   1, 27745.2, 20.987,263.566,0.497547,  0.0,316.540,1.99e-01, 14.0, 0.1,  6
3381, 76602,04092018,18102022 040018,1465, 27630.9, 18.417,266.689,0.521857,  0.0,275.923,9.99e+00, 16.7, -  , - 
3382, 76603,04092018,18102022 004753,1272, 27741.2, 21.012,276.337,0.457549,360.0,293.723,1.25e-01, 18.8, 2.5,546
3383, 76604,04092018,17102022 212432,  49, 27755.6, 20.891,265.292,0.485852,  0.0,311.759,7.72e-02, 18.3, 0.2, 30
3384, 76605,04092018,17102022 232428, 962, 27729.4, 21.133,268.555,0.493371,  0.0,304.464,2.01e+00, 16.9, -  , - 
3385, 76606,06102018,17102022 165125,   1, 27760.8, 21.299,280.514,0.465654,359.9,291.200,3.50e-01, 17.5, 0.1, 10
3386, 76607,07112018,17102022 201941,1434, 27731.6, 20.996,267.771,0.500230,  0.0,302.190,3.05e+00, 18.3, -  , - 
3387, 76608,08042019,18102022 044206,   1, 27754.5, 11.261,143.665,0.483906,  0.5,108.662,4.62e-02, 17.6, 0.1,  4
3388, 76609,09042019,17102022 200047,   1, 27760.8, 10.932,161.317,0.439490,  0.6, 77.544,2.30e-01, 14.0, 0.1, 13
3389, 76610,06042019,17102022 234157,   8, 27746.3, 10.985,149.946,0.491351,  0.6,106.563,8.33e-03, 18.1, 0.6, 69
3390, 76611,06042019,18102022 005128, 261, 27737.4, 11.060,149.155,0.477242,  0.6,101.610,9.96e-02, 18.8, 1.3,288
3391, 76612,16052019,18102022 074550, 234, 27733.7, 10.841,158.420,0.473377,  0.6, 91.350,1.58e-01, 16.9, 2.2,496
3392, 76614,21082019,17102022 150114, 337, 27742.8, 21.409,263.006,0.510436,  0.0,313.574,1.70e+00, 17.0, 6.0, - 
3393, 76615,27112019,18102022 033710,1051, 27664.0, 10.853,183.161,0.478750,  0.7, 43.522,6.45e+00, 18.4,30.9, - 
3394, 76617,02042020,18102022 005819, 896, 27741.9,  6.789,127.406,0.740636,  0.6,112.175,2.13e-01, 18.1,66.6, - 
3395, 76700,30092012,18102022 032857,   2, 27693.9, 21.813, 78.608,0.742725,359.9,195.640,4.04e-01, 13.6, 0.1, 19
3396, 76702,03092018,18102022 031623,   1, 27803.6, 20.794,269.133,0.484153,  0.0,305.651,9.72e-01, 17.2, 0.1, 18
3397, 76703,04092018,17102022 220650, 553, 27727.8, 20.932,268.611,0.497218,  0.0,304.811,8.83e-01, 17.9,15.2, - 
3398, 76704,04092018,17102022 220143,1066, 27739.0, 21.230,264.756,0.496646,  0.0,307.653,1.72e-01, 17.0,45.4, - 
3399, 76705,04092018,17102022 170425, 965, 27765.5, 21.049,272.183,0.476882,360.0,302.414,1.18e-01, 17.5, 6.7, - 
3400, 76706,04092018,18102022 020129,  30, 27775.8, 20.918,269.108,0.476117,  0.0,305.169,3.76e-02, 17.7, 0.2, 38
3401, 76707,06042019,17102022 163603, 395, 27518.2,  9.764,155.736,0.483586,  0.7, 92.384,1.04e+01, 16.3, -  , - 
3402, 76708,06062019,17102022 224804,1226, 27765.2, 10.272,149.832,0.490403,  0.6, 95.232,2.24e+00, 17.0,41.4, - 
3403, 76709,25072019,18102022 042615,   1, 28090.1, 10.829,148.544,0.484132,  0.6,114.460,1.30e+00, 17.3, 0.4, 29
3404, 76710,30072019,17102022 201546,1141, 27725.2, 11.376,100.557,0.535065,  0.1,130.887,1.13e+01, 16.2, -  , - 
3405, 76711,30072019,17102022 235113, 819, 27767.6, 11.543,145.147,0.459261,  0.5, 98.171,1.94e-01, 17.5, 5.8, - 
3406, 76712,21082019,18102022 035705,   1, 27770.6, 20.854,270.410,0.476014,  0.0,302.440,7.88e-01, 17.9, 0.1, 27
3407, 76713,20112019,18102022 035317,   6, 27744.9, 26.857,207.340,0.707783,  0.2,123.082,1.61e-02, 17.3, 0.1,  4
3408, 76714,02012020,18102022 041020, 378, 27664.6,  8.881,121.528,0.533173,  0.4,159.900,6.58e+00, 18.3,99.2, - 
3409, 76715,15022020,17102022 232618, 971, 27762.0, 64.051,176.031,0.449995,  0.1,121.042,8.78e+00, 17.4, -  , - 
3410, 76716,06062021,17102022 191015,   6, 27797.5, 20.907,268.254,0.480112,  0.0,306.388,5.72e-02, 17.3, 0.1,  7
3411, 76717,04082022,18102022 043858,   1, 42163.2,  6.357,312.444,0.000392,359.3,329.813,9.26e-03, 12.0, 0.1,  4
3412, 76800,25082014,18102022 044736, 460, 27802.5, 63.276,339.588,0.726940,359.9,277.896,8.03e-02, 14.9, 6.2,930
3413, 76801,01072015,17102022 163907, 997, 27161.4, 26.210,334.250,0.747209,359.7,185.816,1.62e-01, 14.6,28.5, - 
3414, 76802,06032018,18102022 064115,1684, 27752.7, 12.667,292.677,0.472989,359.8,223.215,2.97e+01, 17.9, -  , - 
3415, 76803,31082018,17102022 191246,   2, 27805.5, 20.921,269.323,0.476722,  0.0,304.477,8.02e-02, 16.0, 0.1, 10
3416, 76804,03092018,18102022 014747, 977, 27796.0, 20.979,266.486,0.490587,  0.0,309.744,8.31e-02, 17.6,12.7, - 
3417, 76805,03092018,18102022 003948,  73, 27864.2, 20.704,264.555,0.504044,  0.0,323.313,1.35e-01, 18.0, 5.5, 91
3418, 76806,03092018,17102022 230650, 802, 27828.0, 20.933,271.176,0.473548,360.0,300.972,1.38e-01, 14.4,28.4, - 
3419, 76807,03092018,17102022 145206,  61, 27802.8, 20.889,267.880,0.468611,  0.0,304.114,6.25e-02, 18.6, 0.3, 50
3420, 76808,03092018,17102022 144346,1504, 27806.6, 20.939,265.431,0.493446,  0.0,308.439,1.10e+00, 18.7, -  , - 
3421, 76809,03092018,17102022 155225,1363, 27797.1, 20.864,269.926,0.473707,  0.0,303.327,9.86e-02, 16.5,24.4, - 
3422, 76810,13102018,18102022 073643,   1, 27808.5, 21.079,263.640,0.508321,  0.0,318.622,1.02e-01, 18.1, 0.1,  1
3423, 76811,08042019,17102022 235736, 256, 27810.4, 21.428,271.615,0.501709,360.0,307.208,3.79e-01, 16.8, 4.1,916
3424, 76812,08042019,18102022 071745,   2, 27802.5, 11.313,144.483,0.477974,  0.5,104.898,4.34e-02, 17.9, 0.1,  3
3425, 76813,06042019,18102022 005907, 267, 27782.2, 10.830,165.988,0.441657,  0.6, 73.679,2.23e-01, 16.6, 4.1,917
3426, 76814,08052019,18102022 095300,1234, 27777.5,  9.680,115.502,0.555308,  0.3,151.720,5.62e+00, 17.4,55.6, - 
3427, 76815,05082019,18102022 000052,1062, 27806.5, 11.369,143.306,0.484971,  0.5,105.919,4.53e-02, 17.3, 1.2,143
3428, 76817,15082019,18102022 073318,   2, 27802.2, 11.076,156.696,0.513763,  0.6,105.844,2.45e-01, 16.2, 0.1,  9
3429, 76820,29082019,18102022 092345, 555, 27802.2, 11.853,143.786,0.464296,  0.5, 98.924,4.91e-02, 17.1,14.8, - 
3430, 76900,30102016,18102022 105850,   5, 27829.6, 24.035, 93.775,0.746859,  0.0,102.490,7.74e-02, 17.5, 0.1, 17
3431, 76901,03092018,18102022 031618,   6, 27820.5, 21.044,269.731,0.496748,  0.0,306.077,1.15e+00, 17.4, 0.6,125
3432, 76902,03092018,18102022 014401, 248, 27781.6, 20.754,268.591,0.510720,  0.0,297.561,3.23e+00, 16.5,33.2, - 
3433, 76903,03092018,17102022 151715,1445, 27820.1, 21.051,270.504,0.493230,  0.0,303.418,1.23e+00, 17.4,51.2, - 
3434, 76904,03092018,17102022 205842,1169, 27825.7, 20.930,270.722,0.474441,  0.0,301.768,2.43e-01, 17.7,30.7, - 
3435, 76905,03092018,17102022 154919,   1, 27764.9, 21.042,272.008,0.477975,360.0,302.871,5.10e-02, 17.3, 0.1,  2
3436, 76906,03092018,18102022 071729,   1, 27845.3, 21.560,272.390,0.467020,360.0,301.583,2.39e+00, 17.4, 0.1, 20
3437, 76907,03092018,17102022 222532, 325, 27821.1, 20.908,267.125,0.493335,  0.0,306.994,5.76e-01, 18.4,15.7, - 
3438, 76908,10042019,17102022 224611, 347, 27824.3,  8.494,161.629,0.470903,  0.8, 97.165,4.84e+00, 14.2, -  , - 
3439, 76909,06042019,17102022 233813,   0, 27708.9, 11.379,148.209,0.456633,  0.5, 95.847,1.48e-01, 16.1, 0.1,  4
3440, 76910,01052019,18102022 071332,   2, 27801.4, 10.360,150.974,0.518629,  0.6,114.732,1.87e+00, 16.2, 0.1, 28
3441, 76911,06042019,18102022 022717,1267, 27820.1, 10.965,145.697,0.493807,  0.5,105.590,1.90e+00, 18.2, -  , - 
3442, 76912,02062019,17102022 162414,1166, 27837.7, 21.257,290.470,0.385561,359.9,263.431,1.13e+00, 17.6,34.6, - 
3443, 76913,05072019,18102022 082028,   1, 27810.4, 10.928,158.206,0.500404,  0.6, 99.403,8.90e-02, 15.6, 0.1,  9
3444, 76914,05082019,17102022 231957, 319, 28037.6, 21.346,243.741,0.603768,  0.2,323.928,9.84e+00, 17.3,16.0, - 
3445, 76915,24082019,17102022 171057,  23, 27888.5, 20.356,263.065,0.492771,  0.0,304.214,2.45e+00, 18.4, 1.5,332
3446, 76916,20102019,18102022 104148, 635, 27928.8, 10.448,173.061,0.447892,  0.7, 73.390,1.94e-01, 16.6,14.5, - 
3447, 76917,21122019,17102022 201514,1022, 27806.5, 25.313,184.945,0.692123,  0.3,177.652,1.49e+00, 19.1, -  , - 
3448, 76918,26042020,18102022 060956, 119, 27317.9, 18.254, 58.889,0.248194,359.8,155.671,3.09e+01, 16.5,26.4, - 
3449, 76919,24082022,18102022 013152,   0, 27804.2, 10.918,146.079,0.489744,  0.5,103.688,1.84e+00, 17.9, 0.1,  7
3450, 77000,25032014,18102022 045503,2072, 27842.4, 15.896,158.784,0.506705,  0.4, 76.460,5.76e-01, 16.8,93.5, - 
3451, 77001,25022017,18102022 055710,   1, 27833.8, 26.499,251.387,0.724631,  0.1,118.520,4.54e-02, 17.3, 0.1,  1
3452, 77002,24092017,18102022 023218,1594, 27814.8, 23.059, 91.250,0.751012,  0.0,130.529,1.24e-01, 17.4, -  , - 
3453, 77003,31082018,18102022 002212, 763, 27841.5, 20.630,274.643,0.451709,360.0,291.473,8.64e-02, 17.5,23.7, - 
3454, 77004,03092018,18102022 005528,1439, 27836.9, 20.945,276.103,0.487633,360.0,289.024,1.89e+00, 18.7, -  , - 
3455, 77005,03092018,18102022 024723,  77, 27785.4, 20.928,269.207,0.478315,  0.0,304.522,4.68e-02, 18.6, 1.4,103
3456, 77006,10092018,17102022 195259,1050, 27821.5, 19.492,264.746,0.554310,  0.0,291.542,6.12e+00, 18.3, -  , - 
3457, 77007,28102018,17102022 181118, 498, 27840.3, 26.342,140.350,0.722772,  0.2,251.546,3.80e-02, 17.4, 3.5,521
3458, 77008,06112018,17102022 151418,  11, 27841.1,  9.665,342.066,0.519478,359.3,320.418,3.68e-01, 17.6, 0.1, 19
3459, 77009,11112018,17102022 204927,1086, 27850.7, 21.286,283.045,0.463118,359.9,285.443,3.32e-01, 17.7,20.0, - 
3460, 77010,07042019,18102022 025642,   0, 27815.8, 11.072,154.623,0.459280,  0.6, 88.957,1.84e-01, 16.0, 0.1,  7
3461, 77011,08042019,18102022 033129,   0, 27831.6, 11.045,150.580,0.476994,  0.6, 98.502,5.34e-03, 17.1, 0.1,  1
3462, 77012,06042019,18102022 011129, 703, 27970.3, 10.869,135.747,0.536882,  0.5,137.372,5.66e+00, 15.6, -  , - 
3463, 77013,19032020,18102022 025154, 456, 27824.5, 67.047,139.518,0.675906,  0.1,131.085,1.45e+00, 16.7, 4.7,671
3464, 77015,04042022,17102022 211735, 196, 27926.6, 24.731,346.889,0.455527,359.7,354.565,2.53e+00, 16.7, -  , - 
3465, 77016,22082022,18102022 081035,  23, 27838.7, 20.938,269.140,0.481742,  0.0,305.366,2.11e-01, 17.0, 0.1, 30
3466, 77017,01092022,18102022 110458,   4, 27809.6, 56.992,175.055,0.573164,  0.1, 66.555,4.74e+00, 17.5, 0.1, 23
3467, 77100,16032015,17102022 151306, 908, 27959.9, 23.266,174.300,0.733256,  0.3,337.601,6.69e-01, 16.3,81.2, - 
3468, 77101,04092018,17102022 222017,1142, 27801.5, 19.893,263.044,0.544515,  0.0,291.557,9.71e+00, 18.2, -  , - 
3469, 77102,04092018,17102022 234204, 337, 27873.9, 20.916,272.077,0.473121,360.0,299.700,1.83e-01, 18.3, 3.2,677
3470, 77103,04092018,17102022 201901,1062, 27868.4, 20.854,258.467,0.502897,  0.1,320.800,2.74e-01, 17.3, 9.5, - 
3471, 77104,04092018,17102022 234036,1073, 27883.7, 20.774,272.289,0.476927,360.0,297.321,5.57e-01, 17.9,73.5, - 
3472, 77105,11092018,17102022 143220,1497, 27865.0, 20.997,273.398,0.488730,360.0,296.161,1.54e+00, 19.1, -  , - 
3473, 77106,02102018,17102022 204013,  19, 27842.4, 20.986,269.119,0.479970,  0.0,303.208,2.69e-01, 17.1, 0.8,152
3474, 77107,02102018,18102022 044829,   1, 27878.3, 21.000,265.308,0.507676,  0.0,307.066,8.61e-01, 17.0, 0.1, 23
3475, 77108,30102018,18102022 110615, 948, 27816.3, 25.460,194.122,0.752478,  0.3, 13.601,4.28e-02, 17.9, -  , - 
3476, 77109,09112018,17102022 155600, 290, 27909.3, 20.945,278.085,0.501272,360.0,289.960,2.95e+00, 18.5,14.3, - 
3477, 77110,06042019,17102022 222947,1024, 27871.8, 11.356,148.733,0.459367,  0.5, 94.769,1.75e+00, 17.7, -  , - 
3478, 77111,30062019,18102022 042444, 702, 27878.2, 11.102,148.683,0.479838,  0.6,100.471,1.86e-01, 16.8, 9.9, - 
3479, 77112,15052019,17102022 221514,1182, 27872.2, 10.060,113.706,0.561696,  0.3,163.915,5.14e+00, 14.6, -  , - 
3480, 77113,29072019,18102022 045634,   1, 27877.2, 11.057,149.100,0.480006,  0.6, 99.743,4.06e-01, 16.2, 0.1, 31
3481, 77114,31072019,18102022 002335,1164, 27863.0, 10.689,150.633,0.492669,  0.6, 93.584,3.79e+00, 16.9,41.3, - 
3482, 77115,28082019,17102022 200209,1063, 27865.6,  9.642,101.773,0.564262,  0.1,164.233,7.02e+00, 17.3, -  , - 
3483, 77116,31082019,18102022 023418,1080, 27868.6, 10.570,149.861,0.494698,  0.6, 93.657,4.90e+00, 16.9, -  , - 
3484, 77118,02112019,17102022 211418,1077, 27819.9, 12.170,104.245,0.545339,  0.1,168.048,5.75e+00, 17.3, -  , - 
3485, 77121,13102020,18102022 044717,   0, 27873.5, 10.856,150.342,0.484506,  0.6, 99.813,7.88e-01, 16.5, 0.1, 23
3486, 77122,06122021,17102022 234654, 291, 27882.0, 21.203,274.038,0.488125,360.0,300.802,2.66e-01, 17.5, 2.3,454
3487, 77123,16102022,17102022 160146,   1, 27864.1, 20.912,263.383,0.549338,  0.0,303.597,5.54e+00, 17.3, 2.1,467
3488, 77200,04092018,18102022 052658,  17, 27883.5, 21.037,272.694,0.482824,360.0,301.217,1.34e-01, 18.1, 0.2, 49
3489, 77201,04092018,18102022 040607,   1, 27889.1, 20.894,269.244,0.480354,  0.0,304.148,5.12e-02, 17.9, 0.1,  4
3490, 77202,04092018,17102022 162608,1152, 27897.4, 20.907,266.986,0.489609,  0.0,308.685,4.94e-02, 18.8, 2.5,283
3491, 77203,04092018,17102022 151500,1167, 27899.3, 21.332,270.030,0.503437,  0.0,302.070,1.73e+00, 18.0,27.2, - 
3492, 77205,13112018,17102022 223833, 254, 27872.5, 20.914,267.709,0.479506,  0.0,304.048,1.08e+00, 17.9,32.5, - 
3493, 77206,05122018,17102022 151450,1157, 27897.2, 20.876,260.259,0.486448,  0.1,313.997,8.32e-02, 15.7,26.6, - 
3494, 77207,06122018,18102022 001519, 309, 27832.5, 20.827,271.701,0.497184,360.0,300.058,2.68e-01, 14.8, 4.6,571
3495, 77208,07042019,17102022 193643,1176, 27878.5, 10.769,151.195,0.487691,  0.6, 97.846,5.80e-01, 16.2, -  , - 
3496, 77209,08042019,17102022 230343,   0, 27874.7, 10.813,160.825,0.468026,  0.6, 81.815,9.82e-01, 16.7, 0.1,  2
3497, 77210,06042019,18102022 051222,1279, 27855.6, 10.710,143.457,0.506164,  0.5,107.543,3.04e+00, 18.0,18.8, - 
3498, 77211,22092019,18102022 073421,   1, 27901.6, 20.860,260.369,0.484989,  0.1,313.735,1.26e-01, 16.2, 0.1,  6
3499, 77212,05102019,17102022 161735, 725, 27994.7, 15.591,234.060,0.498016,  0.3,299.177,1.36e+01, 14.5, -  , - 
3500, 77215,02122021,18102022 005154, 314, 27835.0, 21.293,274.700,0.379575,360.0,252.653,8.36e+00, 17.8, -  , - 
3501, 77216,07072022,18102022 011259,   0, 27875.9, 10.822,171.036,0.436067,  0.7, 66.003,1.93e-01, 19.0, 0.1, 12
3502, 77300,02012012,17102022 193055,  50, 27764.2, 30.300,105.554,0.748714,  0.1,251.786,4.58e-02, 16.9, 0.5, 47
3503, 77301,08052016,18102022 004121, 638, 27935.6, 24.913,118.314,0.729647,  0.1,318.175,3.05e-02, 16.3, 9.1,655
3504, 77302,04092018,18102022 054147,  22, 27898.0, 20.876,266.953,0.488865,  0.0,308.586,6.72e-01, 17.7, 2.5,555
3505, 77303,04092018,18102022 045148, 347, 27990.0, 22.031,269.731,0.554879,  0.0,288.111,4.10e+00, 16.6,31.5, - 
3506, 77304,04092018,17102022 163206, 702, 27911.4, 20.831,261.937,0.491584,  0.1,314.061,3.31e-02, 19.2, 0.5, 37
3507, 77306,16102018,18102022 001730,1439, 27910.8, 21.225,269.373,0.440024,  0.0,292.145,1.68e-01, 17.4, 8.8, - 
3508, 77307,07112018,18102022 010225,1438, 27738.5, 19.576,248.943,0.577126,  0.1,308.887,8.89e+00, 18.5, -  , - 
3509, 77308,11122018,17102022 194153, 291, 27902.0, 21.016,269.674,0.505636,  0.0,302.594,1.90e+00, 18.4,46.3, - 
3510, 77309,06042019,18102022 110014,  13, 27923.0, 10.770,159.955,0.471732,  0.6, 83.684,7.81e-01, 18.0, 0.1, 24
3511, 77310,05082019,18102022 003946, 408, 27971.0, 12.119,143.136,0.455526,  0.5, 94.319,1.50e+00, 16.6,51.6, - 
3512, 77313,07112021,18102022 101444, 292, 27899.1, 14.656,225.349,0.379732,  0.4,  3.586,8.15e+00, 17.8,70.6, - 
3513, 77314,01102022,17102022 225157,  10, 27920.4, 55.601,346.579,0.148012,359.9,179.026,6.09e+00, 17.8, 1.2,274
3514, 77400,18042014,18102022 040457,   0, 27933.6, 12.565,  3.965,0.488000,359.4, 57.001,1.00e-02, 10.7, 0.1,  1
3515, 77401,09052016,18102022 035810,   6, 27964.7, 26.924, 69.170,0.735391,359.9, 23.525,1.01e-02, 18.4, 0.1,  2
3516, 77402,19042017,18102022 031017, 860, 27920.6,  6.417, 81.702,0.502840,359.8,131.544,5.64e-01, 16.0,36.5, - 
3517, 77403,04092018,17102022 164703,1065, 27950.0, 20.906,270.118,0.484950,  0.0,302.860,1.52e-01, 18.8,14.1, - 
3518, 77404,09092018,17102022 163337,   1, 27948.5, 21.643,271.274,0.515360,360.0,309.267,2.45e-01, 17.3, 0.1,  6
3519, 77405,09092018,17102022 143318,1180, 27955.4, 20.980,273.836,0.472685,360.0,298.360,4.07e-01, 18.6, 8.0, - 
3520, 77406,09092018,17102022 224028,   0, 27938.7, 20.922,271.554,0.479677,360.0,300.790,3.73e-02, 17.8, 0.1,  1
3521, 77407,11092018,18102022 075153,  58, 27945.1, 21.053,270.918,0.492000,360.0,296.840,1.10e-02, 18.6, 2.0, 68
3522, 77408,10092018,17102022 233013,  59, 27944.5, 21.423,282.314,0.476567,359.9,288.105,5.26e-02, 18.2, 0.1,  8
3523, 77409,10092018,18102022 021325,   1, 27993.5, 21.578,284.508,0.476947,359.9,269.605,3.97e-02, 17.5, 0.1,  3
3524, 77410,08042019,18102022 032233,   0, 27930.0, 11.070,148.313,0.483580,  0.6,102.160,1.83e-01, 16.7, 0.1,  2
3525, 77411,08042019,18102022 042000,   1, 27931.4, 11.490,142.599,0.480579,  0.5,104.951,4.14e-02, 15.4, 0.1,  1
3526, 77412,10042019,18102022 030119,   1, 27939.3, 11.007,152.489,0.476067,  0.6, 94.375,6.49e-02, 17.4, 0.1,  1
3527, 77413,06042019,18102022 110127, 729, 27923.8, 10.751,159.872,0.470733,  0.6, 84.007,8.88e-01, 18.2,19.2, - 
3528, 77414,04062019,18102022 022430, 381, 27943.8, 11.865,136.521,0.486947,  0.4,110.934,8.97e-01, 17.2,50.4, - 
3529, 77415,30072019,18102022 015308, 766, 27975.2, 11.796,178.077,0.525764,  0.6, 84.951,2.38e+00, 17.6, -  , - 
3530, 77416,26072019,18102022 023210,1151, 27882.8, 15.580,229.962,0.576834,  0.3, 90.328,3.27e+00, 16.6,51.0, - 
3531, 77417,14082019,18102022 035005,   0, 27925.1, 11.329,145.950,0.489607,  0.5, 94.688,1.96e-01, 17.1, 0.1,  1
3532, 77418,03072019,18102022 001848,1142, 27928.1, 10.123,137.838,0.535237,  0.5,118.320,4.26e+00, 17.1, -  , - 
3533, 77420,02072020,17102022 213219, 731, 27928.9, 11.230,139.487,0.522478,  0.5,115.413,1.54e-01, 16.3, 2.8,171
3534, 77421,08042021,18102022 000311,  40, 28009.0, 10.831,160.920,0.479839,  0.6, 85.904,7.06e-01, 17.1, 7.6, - 
3535, 77422,11102021,18102022 074917, 295, 28028.3, 24.111,223.116,0.596603,  0.2,328.854,1.56e+01, 17.5,37.0, - 
3536, 77423,28082022,18102022 044441,   1, 27919.9, 10.870,161.097,0.464194,  0.6, 80.984,7.28e-01, 18.8, 0.1,  9
3537, 77424,25092022,17102022 205228,  10, 27926.3, 71.000,333.002,0.613336,359.9,202.557,1.50e+00, 17.2, 0.2, 42
3538, 77425,01102022,17102022 194211,   1, 27942.6, 61.028,336.003,0.549647,359.9,148.594,1.81e+01, 18.0, 0.2, 36
3539, 77500,27052009,18102022 015802,3910, 27954.0,  4.334,359.220,0.720869,358.3,186.745,1.10e-01, 14.1, -  , - 
3540, 77501,27062013,18102022 012010,   2, 27943.8,  4.374,358.244,0.721395,358.4,189.062,1.76e-01, 14.8, 0.1,  6
3541, 77502,03042016,18102022 072831,  11, 28022.2, 24.030,129.730,0.740927,  0.2, 38.354,9.23e-02, 16.8, 0.1, 23
3542, 77503,04092018,17102022 210852,   9, 27975.6, 21.034,280.310,0.461642,359.9,286.922,1.00e-02, 17.4, 0.1,  1
3543, 77504,04092018,17102022 224042,  72, 27938.7, 20.926,271.533,0.480015,360.0,300.853,1.11e-01, 17.1, 1.2,272
3544, 77505,04092018,18102022 042100, 325, 27980.3, 21.043,269.045,0.503861,  0.0,297.111,2.44e+00, 19.1,39.2, - 
3545, 77506,09092018,17102022 172650,1463, 27962.8, 20.917,271.580,0.479182,360.0,299.898,1.03e-01, 18.8, 2.1,324
3546, 77507,09092018,17102022 122229, 974, 27966.8, 20.945,273.607,0.478475,360.0,297.000,1.93e-01, 17.2,16.4, - 
3547, 77508,11092018,17102022 232843,1463, 27959.7, 20.882,269.207,0.482145,  0.0,303.012,1.38e-01, 19.0, 7.1, - 
3548, 77509,03062008,17102022 190744,   1, 27963.6,  7.763,180.999,0.481465,  0.9,277.249,1.00e-02, 17.9, 0.1,  1
3549, 77510,08042019,18102022 030222,   1, 27950.5, 10.778,161.168,0.466616,  0.6, 80.817,9.00e-01, 16.7, 0.1,  4
3550, 77511,08042019,18102022 013518,   0, 27967.4, 11.027,156.331,0.459017,  0.6, 84.454,1.55e-01, 17.6, 0.1,  4
3551, 77512,06042019,18102022 020142, 441, 28054.2, 10.575,147.285,0.498835,  0.6,103.104,2.40e+00, 17.3,18.9, - 
3552, 77513,28072019,17102022 203509,1094, 27894.2, 10.329,146.440,0.513310,  0.6,104.689,5.06e+00, 17.8, -  , - 
3553, 77520,19042020,18102022 002624,   1, 27947.2, 21.864, 21.403,0.739376,359.7,226.190,1.41e-01, 17.9, 0.1,  7
3554, 77522,15102020,18102022 055943, 234, 28002.8, 10.706,150.434,0.502497,  0.6, 98.091,2.28e+00, 18.1, 2.7,591
3555, 77523,07072022,17102022 143914, 100, 27968.2, 26.341,255.251,0.630563,  0.1,289.900,9.04e+00, 17.8, -  , - 
3556, 77524,28082022,18102022 073202,  15, 27975.0, 10.758,160.295,0.492272,  0.6, 82.232,8.24e-01, 18.1, 1.0, 35
3557, 77525,30082022,17102022 135408,  39, 27973.3,  9.077,312.496,0.482021,359.5,221.953,6.16e-01, 18.8, 0.5,106
3558, 77600,04092018,17102022 184350,   1, 27994.5, 20.881,272.145,0.475984,360.0,297.886,3.14e-02, 16.6, 0.1,  1
3559, 77601,04092018,17102022 174217,   1, 28001.4, 20.974,277.050,0.469047,360.0,291.486,1.40e-02, 17.6, 0.1,  1
3560, 77602,09092018,17102022 181408,  43, 27963.4, 20.941,271.263,0.465136,360.0,300.363,7.58e-02, 17.6, 1.7,192
3561, 77603,09092018,17102022 200832,1450, 27950.7, 20.443,287.837,0.448387,359.9,258.132,6.68e+00, 16.2,79.7, - 
3562, 77604,08092018,17102022 174934, 616, 27963.0, 20.878,271.394,0.479353,360.0,300.371,6.69e-02, 18.5,27.1, - 
3563, 77605,03092018,18102022 005749,1497, 27988.6, 20.891,272.711,0.488055,360.0,294.633,1.52e+00, 17.6, -  , - 
3564, 77607,08092018,18102022 080654,  55, 27990.1, 20.847,268.107,0.476879,  0.0,302.545,1.13e-02, 18.9, 0.1,  9
3565, 77608,07102018,17102022 214935,1322, 27978.4, 20.885,270.225,0.481037,  0.0,301.493,1.15e-01, 17.9, 8.6, - 
3566, 77609,09112018,17102022 215012, 795, 27978.6, 20.882,270.194,0.481208,  0.0,301.539,1.29e-01, 18.0, 8.8, - 
3567, 77610,10012019,17102022 194740, 291, 27926.4, 20.945,279.317,0.453550,359.9,286.413,3.10e+00, 17.6, -  , - 
3568, 77611,06042019,18102022 054720, 310, 27964.3, 10.260,145.021,0.470939,  0.6,102.936,4.07e-01, 15.7,72.1, - 
3569, 77612,06042019,18102022 102625,   2, 28000.2, 10.804,153.371,0.504706,  0.6,100.115,6.84e-01, 14.3, 0.3, 70
3570, 77613,02072019,18102022 063542, 901, 27995.7, 10.935,157.921,0.509425,  0.6,100.553,1.29e-01, 16.1,12.2, - 
3571, 77614,23072019,17102022 183122, 343, 28005.3, 20.893,273.240,0.472788,360.0,293.879,6.94e-01, 17.6,14.7, - 
3572, 77615,26072019,18102022 054436,1143, 28112.8, 20.371,271.576,0.517519,360.0,285.631,5.93e+00, 16.2, -  , - 
3573, 77617,31082022,18102022 024848,  13, 27895.6, 11.113,196.658,0.483389,  0.6, 51.836,7.81e+00, 18.2, 1.7,380
3574, 77700,08042016,18102022 043856, 703, 27959.6, 17.032,255.894,0.578067,  0.1, 33.766,3.43e+00, 17.0, -  , - 
3575, 77701,02072018,18102022 005633,   2, 28027.0, 26.159,106.678,0.745841,  0.1, 28.690,1.01e-01, 17.2, 0.1,  8
3576, 77702,04092018,17102022 185105,1465, 27994.2, 20.451,274.072,0.511297,360.0,282.855,2.53e+00, 18.8, -  , - 
3577, 77703,08092018,17102022 185655,   3, 28003.1, 20.882,271.658,0.479317,360.0,298.566,1.54e-01, 17.1, 0.1,  4
3578, 77705,09092018,18102022 041722, 343, 28016.6, 21.012,275.656,0.486813,360.0,294.023,5.93e-01, 18.3, 9.9, - 
3579, 77706,09092018,17102022 170258,  45, 28018.7, 20.865,258.604,0.510379,  0.1,320.405,2.56e-01, 17.6, 1.0,213
3580, 77707,09092018,17102022 200612,   4, 28010.2, 20.889,271.215,0.481820,360.0,299.902,1.06e-01, 16.9, 0.1, 13
3581, 77708,09092018,17102022 143938, 309, 28010.0, 20.897,271.389,0.479280,360.0,299.294,2.03e-01, 17.8, 2.1,409
3582, 77709,09092018,18102022 003323,  14, 27983.4, 22.038,253.607,0.469571,  0.1,305.630,5.22e-01, 18.0, 0.2, 42
3583, 77710,09092018,17102022 213421,  14, 28261.0, 20.569,247.664,0.586894,  0.1,330.770,5.16e+00, 18.2, 1.2,195
3584, 77711,09092018,17102022 200554,1304, 28010.3, 20.898,273.293,0.475656,360.0,296.720,3.24e+00, 18.2, -  , - 
3585, 77712,09092018,18102022 074300, 265, 28119.2, 20.785,262.644,0.502363,  0.0,313.107,5.59e-02, 17.1, 0.3, 44
3586, 77713,08092018,18102022 010034, 309, 28045.3, 20.924,266.347,0.467677,  0.0,300.289,2.35e-01, 17.4, 5.8, - 
3587, 77714,08092018,18102022 011358,1098, 27902.4, 19.506,285.865,0.463107,359.9,256.905,7.55e-01, 17.2, -  , - 
3588, 77715,09092018,17102022 155712,1461, 28013.1, 21.001,272.385,0.451556,360.0,289.923,2.05e-01, 19.1,37.8, - 
3589, 77716,07042019,18102022 014102, 734, 27995.2, 11.312,142.973,0.497667,  0.5,107.296,6.59e-01, 17.7,39.8, - 
3590, 77717,08042019,18102022 010703,   0, 28016.6, 11.023,152.686,0.475989,  0.6, 92.829,1.65e-02, 18.4, 0.1,  1
3591, 77719,06042019,18102022 033310,1171, 27903.2,  8.898,140.398,0.522582,  0.6,106.103,8.24e+00, 17.6, -  , - 
3592, 77720,05082019,18102022 051911, 287, 28185.8, 20.806,266.881,0.484026,  0.0,293.883,5.05e+00, 17.1,92.3, - 
3593, 77721,22082019,17102022 203801,  74, 28166.0, 12.111,155.827,0.512327,  0.5, 92.578,3.58e+00, 17.7,19.3, - 
3594, 77722,29082019,17102022 231636,1144, 28043.3, 15.340,239.016,0.508975,  0.2, 19.040,1.15e+00, 17.4, -  , - 
3595, 77724,30082019,18102022 033548,1117, 28056.8, 10.951,107.024,0.515516,  0.2, 94.145,3.94e+00, 18.3,69.9, - 
3596, 77725,31082019,17102022 210306,   5, 28003.2, 10.867,168.485,0.426014,  0.7, 63.053,1.16e-01, 17.4, 0.1, 28
3597, 77726,03082019,18102022 003935, 495, 27970.9, 10.718,167.647,0.441887,  0.7, 69.137,2.22e-01, 17.9, 2.0,431
3598, 77727,19092019,18102022 012500, 697, 28001.1, 10.683,146.974,0.493086,  0.6, 93.541,5.38e+00, 15.4, -  , - 
3599, 77729,21102020,18102022 045628, 726, 28008.3, 10.607,150.854,0.492160,  0.6, 97.553,1.62e+00, 18.7, -  , - 
3600, 77730,14122020,18102022 074156, 651, 27958.5, 11.291,181.399,0.507727,  0.6, 51.316,5.21e+00, 15.6, -  , - 
3601, 77731,25082022,18102022 021013,  52, 27998.1, 11.231,148.080,0.486208,  0.5,105.941,7.64e-01, 15.6,12.0, - 
3602, 77800,31082018,17102022 202943,   1, 28046.6, 20.831,264.167,0.499984,  0.0,312.100,2.16e-02, 15.3, 0.1,  1
3603, 77801,08092018,18102022 053222,  71, 28054.4, 20.887,273.889,0.475659,360.0,295.237,1.21e-01, 18.8, 0.5, 99
3604, 77802,11092018,18102022 021507,1497, 27971.2, 19.949,277.329,0.483017,360.0,267.673,7.10e+00, 18.4, -  , - 
3605, 77803,08092018,17102022 182952, 789, 28056.6, 20.626,287.562,0.418544,359.9,263.566,4.56e+00, 15.6, -  , - 
3606, 77804,09092018,18102022 080008,  47, 28068.7, 20.883,272.875,0.478833,360.0,296.885,1.07e-01, 17.6, 0.5,117
3607, 77805,08092018,18102022 015817, 669, 27933.3, 19.929,264.756,0.560796,  0.0,289.245,5.93e+00, 17.0,45.9, - 
3608, 77806,06102018,17102022 204514,   1, 28036.9, 20.889,272.240,0.478974,360.0,298.065,4.97e-02, 17.3, 0.1,  2
3609, 77807,07112018,18102022 011606,1264, 28027.2, 20.910,270.608,0.483042,  0.0,300.339,2.26e-01, 18.0,26.6, - 
3610, 77808,07112018,18102022 004216,  23, 28047.7, 20.893,272.672,0.476482,360.0,296.885,1.37e-01, 17.8, 0.5,104
3611, 77809,03122018,17102022 164820,   1, 28032.2, 21.110,277.779,0.482564,360.0,293.064,2.73e-01, 15.4, 0.1,  9
3612, 77810,17042019,18102022 010344, 178, 28039.6, 10.927,151.166,0.491790,  0.6, 99.461,1.44e-01, 17.8, 1.2,259
3613, 77811,06042019,18102022 092810, 653, 28019.6, 11.587,135.511,0.504682,  0.4,118.847,3.84e-01, 17.3,47.6, - 
3614, 77812,06042019,18102022 064522, 379, 28026.8, 10.330,150.703,0.483219,  0.6, 98.088,2.95e+00, 16.8,31.7, - 
3615, 77813,26072019,18102022 062643, 335, 28126.0, 10.958,153.206,0.490585,  0.6, 90.933,3.05e-01, 17.4, 8.4, - 
3616, 77815,29072019,18102022 003010,   0, 28034.8, 10.283,136.896,0.525815,  0.5,117.630,3.72e+00, 17.2, 0.1, 19
3617, 77816,24072019,18102022 092135,   4, 28036.6, 11.179,143.966,0.497445,  0.5,108.120,8.45e-02, 16.5, 0.1,  8
3618, 77817,04082019,18102022 043639,   2, 28043.3, 10.858,152.372,0.480744,  0.6, 94.394,1.47e-01, 17.5, 0.1, 20
3619, 77818,07082019,17102022 210908,  17, 27990.0, 10.517,159.601,0.465027,  0.6, 78.066,3.35e+00, 18.0, 1.7,382
3620, 77820,26092019,18102022 000513,   0, 27991.0, 11.371,142.648,0.503702,  0.5,108.200,2.35e-01, 17.5, 0.1, 11
3621, 77821,01112019,17102022 220801,  54, 28078.3, 20.619,268.560,0.496641,  0.0,307.654,2.04e-01, 19.3, 0.9,109
3622, 77823,29082022,18102022 084007,   2, 28027.0, 11.806,131.080,0.512498,  0.4,125.495,3.21e-01, 18.0, 0.1,  3
3623, 77900,03092018,18102022 000311,  10, 28077.4, 20.836,261.761,0.510003,  0.1,314.382,4.25e-01, 17.9, 0.2, 42
3624, 77901,03092018,17102022 155235,1088, 28067.7, 20.861,271.854,0.481378,360.0,297.714,1.35e+00, 18.7, -  , - 
3625, 77902,10092018,17102022 200249,  16, 28037.6, 20.856,272.509,0.477116,360.0,297.417,1.46e-01, 17.5, 0.2, 33
3626, 77903,10092018,17102022 215540,  35, 28098.7, 21.016,269.610,0.476064,  0.0,296.771,8.60e-02, 17.2, 0.9,183
3627, 77904,14092018,18102022 004403, 335, 28011.6, 19.807,282.299,0.452229,359.9,268.024,3.00e+00, 17.1, -  , - 
3628, 77905,13102018,18102022 023434, 597, 28054.7, 57.138,264.351,0.541709,  0.0,201.870,1.69e+01, 16.2,45.5, - 
3629, 77906,10122018,18102022 002326,  17, 28041.4, 20.942,271.141,0.491693,360.0,298.581,2.08e-01, 18.0, 0.2, 50
3630, 77908,07042019,18102022 092834,   2, 28052.5, 10.986,153.772,0.476394,  0.6, 91.307,3.11e-02, 15.1, 0.1,  2
3631, 77909,08042019,18102022 101550,   4, 28067.2, 10.437,149.609,0.508296,  0.6, 99.267,2.63e+00, 16.5, 0.1, 15
3632, 77910,06042019,18102022 095022,   1, 28060.9, 11.007,152.495,0.479657,  0.6, 93.518,1.12e-02, 16.7, 0.1,  1
3633, 77911,06042019,18102022 042602,   0, 28081.0, 10.967,153.494,0.480672,  0.6, 91.373,3.04e-01, 16.2, 0.1,  4
3634, 77912,25042019,18102022 094803,1185, 28031.5,  9.949,136.852,0.533377,  0.5,116.526,4.30e+00, 16.9, -  , - 
3635, 77914,06042019,18102022 062559,1286, 28066.4, 11.052,152.340,0.477027,  0.6, 92.611,5.53e-02, 17.2,21.3, - 
3636, 77915,06062019,18102022 050637, 726, 28032.3, 10.978,155.259,0.470543,  0.6, 87.530,2.67e+00, 18.9, -  , - 
3637, 77916,10072019,18102022 042342,   0, 28049.8, 10.809,157.787,0.485885,  0.6, 90.727,6.90e-02, 16.8, 0.1,  1
3638, 77919,13082010,17102022 234518,  89, 28151.7, 27.820, 24.304,0.740356,359.8, 12.929,1.30e-03, 17.0, 0.8, 32
3639, 77920,14102020,17102022 235138, 724, 28069.6, 11.000,153.515,0.476713,  0.6, 90.948,1.58e-01, 19.0,34.5, - 
3640, 77921,21042022,18102022 004014, 150, 28049.6, 29.164,134.133,0.695041,  0.2,198.400,2.22e+00, 16.8,18.9, - 
3641, 77922,30092022,17102022 170217,   6, 28072.9, 68.412,150.467,0.614043,  0.1,319.614,6.82e+00, 17.4, 0.5,107
3642, 78000,27122014,17102022 224302,   0, 27985.0, 20.888,271.774,0.477706,360.0,299.371,9.43e-03, 12.4, 0.1,  1
3643, 78002,31082018,17102022 222017,   2, 28087.8, 20.828,263.544,0.489723,  0.0,308.370,9.75e-02, 16.6, 0.1,  9
3644, 78003,03092018,18102022 025742,   1, 28080.0, 20.952,276.774,0.474347,360.0,291.733,2.04e-02, 16.4, 0.1,  1
3645, 78004,03092018,17102022 175317, 319, 28114.2, 20.959,276.105,0.447006,360.0,284.328,1.53e-01, 18.7,12.9, - 
3646, 78005,03092018,17102022 150935,   1, 28087.7, 20.873,273.644,0.475279,360.0,294.999,1.01e-02, 18.3, 0.1,  1
3647, 78006,03092018,17102022 202149,1475, 28097.1, 20.890,274.056,0.475879,360.0,294.334,7.49e-02, 18.8, 1.2,112
3648, 78007,03092018,18102022 021355,1500, 28088.0, 20.928,276.007,0.478997,360.0,291.128,6.09e-01, 19.1, -  , - 
3649, 78008,03092018,17102022 151240,1017, 28087.8, 20.877,273.673,0.475228,360.0,294.981,5.87e-03, 18.1, 1.9,418
3650, 78009,14092018,18102022 001954,  25, 28095.3, 20.820,264.795,0.540494,  0.0,304.531,2.35e+00, 16.4,14.9, - 
3651, 78010,09042019,18102022 015412,1267, 28068.2, 10.798,161.248,0.468560,  0.6, 79.866,6.66e-01, 17.8,17.9, - 
3652, 78011,07042019,18102022 030338,  13, 28080.4, 10.976,154.247,0.476197,  0.6, 90.309,3.49e-02, 17.4, 0.1,  3
3653, 78012,07042019,18102022 095726, 396, 28137.3,  8.660,129.546,0.533169,  0.5,122.428,7.78e+00, 15.5, -  , - 
3654, 78013,08042019,18102022 062229,   1, 28079.7, 10.859,153.434,0.481041,  0.6, 92.261,5.05e-01, 14.4, 0.1,  5
3655, 78014,06042019,17102022 234232, 924, 28070.8, 10.553,149.758,0.508980,  0.6, 99.146,2.72e+00, 16.5,11.3, - 
3656, 78015,06042019,18102022 031923,   2, 28072.3, 10.993,152.297,0.482262,  0.6, 94.315,3.62e-02, 17.4, 0.1,  1
3657, 78016,06042019,17102022 235225, 629, 28081.7, 10.368,139.537,0.525147,  0.5,115.296,3.47e+00, 18.2,37.1, - 
3658, 78018,06042019,18102022 003938,1285, 28062.9, 10.788,147.517,0.504872,  0.6,101.709,1.85e+00, 17.1, -  , - 
3659, 78019,14052019,18102022 011301,  17, 28082.0, 11.162,171.785,0.374232,  0.6, 46.597,1.31e-01, 16.3, 0.4, 73
3660, 78020,06042019,18102022 003816,1284, 28013.9, 10.541,125.731,0.540301,  0.4,127.661,4.71e+00, 16.3, -  , - 
3661, 78021,26062019,18102022 022526,1120, 28044.8, 10.614, 89.549,0.570590,360.0,136.890,9.03e+00, 16.6, -  , - 
3662, 78023,25072019,17102022 231909, 326, 28174.2, 20.606,275.609,0.494320,360.0,281.555,3.60e+00, 18.6,18.3, - 
3663, 78024,02082019,17102022 210320,1140, 28011.3, 15.332, 69.248,0.576219,359.8,169.704,1.02e+01, 16.4, -  , - 
3664, 78025,05082019,18102022 022449,  17, 28130.4, 20.919,273.681,0.485926,360.0,292.645,1.26e+00, 18.0, 1.7,393
3665, 78028,02112019,18102022 014527,   0, 28031.0, 10.907,161.997,0.505424,  0.6, 73.393,4.66e+00, 17.6, 0.1, 19
3666, 78029,02112019,18102022 032247,1034, 28086.0, 10.455,113.130,0.577579,  0.3,170.162,5.07e+00, 17.4, -  , - 
3667, 78030,09032021,18102022 042734, 582, 28112.7, 16.751,175.995,0.581209,  0.4,166.314,2.67e+00, 15.2, 7.2, - 
3668, 78031,07112021,17102022 191106, 330, 28130.8,  2.967,186.664,0.720692,  2.4,156.160,7.91e-01, 18.2, 5.2,264
3669, 78100,24072009,17102022 211535,  56, 28229.2,  4.306,290.949,0.731704,359.4,324.990,2.35e-01, 16.5, 1.3,255
3670, 78101,14082018,17102022 135033,1487, 27869.2, 23.544,327.125,0.466991,359.7,212.885,3.79e+01, 18.1, -  , - 
3671, 78102,03092018,17102022 140919,  13, 28109.2, 20.972,277.168,0.476220,360.0,290.082,3.57e-01, 17.2, 0.3, 60
3672, 78103,03092018,18102022 024308, 269, 28155.0, 20.837,267.472,0.489896,  0.0,302.972,1.52e+00, 16.8,26.2, - 
3673, 78104,03092018,17102022 234007,  22, 28028.6, 20.942,264.168,0.509938,  0.0,314.465,2.70e-01, 16.6, 0.5,106
3674, 78105,03092018,17102022 154532,   1, 28208.7, 20.631,275.950,0.473937,360.0,292.014,2.43e+00, 17.5, 0.1, 28
3675, 78106,03092018,17102022 221502,   3, 28032.5, 20.009,285.663,0.429660,359.9,263.525,3.55e+00, 17.4, 1.5,326
3676, 78107,10092018,17102022 143122,   0, 28133.6, 20.964,270.819,0.486740,360.0,297.546,1.17e+00, 15.8, 0.1, 24
3677, 78108,30082018,17102022 211726,  22, 28096.9, 20.874,274.412,0.474411,360.0,293.512,7.32e-02, 17.5, 0.1, 24
3678, 78109,30082018,17102022 181946, 311, 28156.8, 20.120,276.089,0.516512,360.0,278.387,6.42e+00, 18.3,84.6, - 
3679, 78110,30082018,18102022 020929, 352, 28112.8, 21.009,268.994,0.485912,  0.0,297.679,6.88e-01, 17.0,52.6, - 
3680, 78111,03092018,17102022 214920,  20, 28113.9, 20.860,275.152,0.462590,360.0,291.315,4.92e-02, 16.9, 0.1,  8
3681, 78112,03092018,17102022 191918,  11, 28136.6, 20.872,275.017,0.474389,360.0,292.364,3.87e-02, 17.4, 0.1,  9
3682, 78113,10092018,18102022 011014,1492, 28100.5, 20.685,277.522,0.498793,360.0,282.028,3.14e+00, 19.2, -  , - 
3683, 78115,30082018,17102022 191447,  51, 28150.2, 20.869,274.600,0.475934,360.0,292.813,1.06e-01, 17.0, 0.8,176
3684, 78116,07042019,18102022 064847,   8, 28098.2, 10.994,153.267,0.479244,  0.6, 91.907,3.94e-02, 16.6, 0.1,  5
3685, 78117,06042019,18102022 063650,1265, 28077.3, 10.748,150.945,0.498813,  0.6, 96.986,1.23e+00, 17.4,15.7, - 
3686, 78118,10042019,18102022 015739,   0, 28111.2, 11.005,152.517,0.481401,  0.6, 93.118,2.21e-02, 17.3, 0.1,  1
3687, 78119,08042019,18102022 001001,1239, 28110.3, 10.891,155.922,0.478336,  0.6, 88.921,3.92e-02, 17.6, 0.6,120
3688, 78120,08042019,17102022 170110,   1, 28113.7, 11.108,153.648,0.468327,  0.6, 87.583,5.83e-02, 18.2, 0.1,  1
3689, 78121,06042019,17102022 235054,   0, 28117.6, 10.812,156.997,0.492910,  0.6, 92.692,5.72e-02, 18.2, 0.1,  1
3690, 78122,06042019,18102022 040602,1205, 28104.8, 10.978,154.576,0.484401,  0.6, 90.191,1.12e+00, 16.6,38.6, - 
3691, 78123,30072019,18102022 011736, 288, 28112.7, 10.979,159.305,0.442815,  0.6, 82.585,3.66e-02, 18.6, 1.4,112
3692, 78124,31072019,18102022 013932, 729, 28144.5, 11.725,135.275,0.507230,  0.4,108.134,1.21e+00, 17.2, -  , - 
3693, 78125,28082019,17102022 211837,  17, 28109.1, 10.765,173.783,0.430227,  0.7, 57.593,9.32e-02, 17.7, 0.1, 29
3694, 78200,03092018,18102022 012802,  16, 28146.0, 20.918,269.718,0.499272,  0.0,301.249,9.52e-01, 17.5, 2.3,506
3695, 78201,03092018,18102022 014939, 315, 28127.8, 20.860,262.585,0.513312,  0.0,314.296,6.00e-01, 18.2, 6.8, - 
3696, 78202,14092018,18102022 013045,1438, 28129.3, 20.821,275.415,0.487671,360.0,289.041,1.76e+00, 18.6, -  , - 
3697, 78203,14092018,17102022 221012,   1, 28131.5, 20.868,274.316,0.475388,360.0,293.614,7.96e-03, 16.6, 0.1,  1
3698, 78204,10092018,18102022 044626,1407, 28122.0, 20.920,276.032,0.474524,360.0,290.596,2.02e-01, 18.9,30.8, - 
3699, 78206,14092018,18102022 015226,  54, 28134.8, 20.880,276.467,0.471419,360.0,290.073,3.37e-01, 18.0, 3.1,684
3700, 78207,07042019,18102022 003655,   0, 28126.5, 10.967,154.896,0.476020,  0.6, 88.897,6.29e-03, 12.9, 0.1,  1
3701, 78208,07042019,18102022 052848,   1, 28134.9, 10.930,153.602,0.482298,  0.6, 91.283,2.85e-01, 15.7, 0.1,  1
3702, 78209,07042019,18102022 065250,   1, 28128.3, 11.008,153.686,0.492110,  0.6, 90.273,8.64e-02, 18.0, 0.1,  2
3703, 78210,05042019,17102022 225619,   0, 28120.1, 10.536,153.553,0.515130,  0.6, 87.539,7.51e-01, 18.4, 0.2, 27
3704, 78211,08042019,17102022 233702,   0, 28124.0, 10.884,152.911,0.482073,  0.6, 93.452,1.82e-01, 17.2, 0.1,  1
3705, 78213,06042019,18102022 071805,   1, 28145.8, 10.960,155.341,0.476034,  0.6, 87.882,1.16e-01, 17.2, 0.1,  5
3706, 78214,06042019,18102022 025708, 733, 28121.9, 10.869,149.704,0.475287,  0.6, 99.588,3.40e+00, 18.2, -  , - 
3707, 78215,03072019,18102022 085619,1184, 28142.1, 10.884,154.366,0.502147,  0.6, 86.078,2.63e+00, 16.7, -  , - 
3708, 78218,25082019,17102022 215600, 732, 28123.2, 11.040,157.912,0.465412,  0.6, 77.084,3.00e+00, 18.8,44.2, - 
3709, 78219,28082019,17102022 193602, 779, 28106.5, 10.744,102.840,0.577771,  0.1,182.507,1.76e+01, 16.6, -  , - 
3710, 78220,29092019,18102022 064941,  16, 28129.6, 11.102,152.118,0.475348,  0.6, 91.063,7.92e-02, 15.7, 0.2, 37
3711, 78300,11102012,18102022 041738,   1, 27764.3, 21.287,244.375,0.756998,  0.2, 85.171,2.63e-02, 15.1, 0.1,  1
3712, 78301,31082018,18102022 014021,   0, 28136.9, 21.087,274.726,0.484676,360.0,292.605,5.31e-01, 14.2, 0.1,  3
3713, 78302,31082018,18102022 014430,   0, 28146.8, 20.869,275.027,0.473982,360.0,292.297,1.00e-02, 12.8, 0.1,  1
3714, 78303,31082018,17102022 224906,   4, 28158.9, 20.838,272.826,0.472529,360.0,293.678,4.15e-02, 14.4, 0.1,  6
3715, 78304,01092018,18102022 025949,   1, 28147.5, 20.863,276.667,0.472137,360.0,288.612,3.65e-01, 15.7, 0.1,  3
3716, 78305,03092018,17102022 234445, 431, 28031.4, 20.494,268.257,0.522079,  0.0,292.748,4.94e+00, 14.7, -  , - 
3717, 78306,01092018,18102022 011730,  10, 28146.4, 20.870,275.078,0.474271,360.0,292.156,4.37e-02, 16.3, 0.1,  2
3718, 78307,04092018,18102022 005034, 704, 28159.1, 20.831,271.291,0.492387,360.0,297.396,4.85e-01, 17.1,27.6, - 
3719, 78308,31082018,17102022 174447, 297, 28203.5, 20.841,273.260,0.471150,360.0,291.999,1.58e-01, 16.8, 9.6, - 
3720, 78309,08092018,17102022 184634,  68, 28163.3, 24.858,250.547,0.739152,  0.1,332.937,5.79e+00, 18.1,20.5,460
3721, 78310,08092018,18102022 001610,  18, 28166.1, 20.868,275.459,0.473502,360.0,291.324,2.84e-02, 18.4, 0.1,  5
3722, 78311,30082018,18102022 025613,  10, 28167.7, 20.864,275.644,0.473988,360.0,291.060,7.31e-02, 17.5, 0.1,  6
3723, 78312,08092018,17102022 151053,  17, 28161.6, 20.869,275.129,0.474822,360.0,291.737,6.13e-02, 18.1, 0.1,  8
3724, 78313,30082018,18102022 011615,  17, 28137.0, 20.928,276.276,0.520982,360.0,291.118,5.16e-01, 14.5, 0.5, 46
3725, 78314,30082018,18102022 033235,   1, 28178.3, 20.846,277.986,0.475044,360.0,284.791,9.07e-01, 18.0, 0.1,  2
3726, 78315,03092018,17102022 212816,1111, 28154.8, 20.875,270.391,0.495720,  0.0,300.255,9.04e-01, 17.1,82.4, - 
3727, 78316,16092018,17102022 152649,1475, 28014.8, 18.519,268.025,0.545915,  0.0,275.675,1.16e+01, 17.8, -  , - 
3728, 78317,02102018,17102022 190124,  10, 28148.4, 20.808,276.869,0.480328,360.0,286.630,1.36e+00, 18.0, 0.2, 27
3729, 78318,28102018,17102022 192608, 540, 28150.5, 20.867,274.620,0.475513,360.0,292.757,8.37e-02, 16.8, 4.0,902
3730, 78319,06042019,18102022 064609, 881, 28145.5, 10.978,155.498,0.475418,  0.6, 87.726,8.14e-02, 17.0,12.4, - 
3731, 78320,08042019,18102022 043532,   2, 28145.4, 11.484,143.610,0.482611,  0.5,101.306,8.66e-02, 15.4, 0.1, 15
3732, 78322,06042019,18102022 064750,1146, 28158.0, 10.925,155.066,0.478896,  0.6, 87.847,3.49e-01, 18.6,24.1, - 
3733, 78323,06042019,17102022 233119,1057, 28157.7, 10.833,155.950,0.475397,  0.6, 87.277,2.87e-02, 18.4, 2.4,480
3734, 78324,06042019,18102022 084358, 785, 28112.7, 10.524,141.533,0.534118,  0.5,108.349,3.15e+00, 17.2, -  , - 
3735, 78326,06042019,18102022 084334,1236, 28163.0, 10.946,155.058,0.476864,  0.6, 88.397,4.12e-02, 18.8, 7.0, - 
3736, 78327,03072019,18102022 013813,   0, 28166.7, 10.793,165.106,0.493724,  0.6, 84.252,5.43e-02, 14.2, 0.1,  1
3737, 78328,28072019,18102022 004326,   2, 28171.4, 20.813,266.540,0.494645,  0.0,305.617,1.49e-01, 15.5, 0.1, 15
3738, 78329,30082019,18102022 114710,   3, 28088.6, 12.797,166.951,0.505231,  0.6, 58.953,7.74e+00, 15.6, 1.8,407
3739, 78334,02042020,18102022 101501, 927, 28029.7, 10.496,110.497,0.596681,  0.2,147.942,8.31e+00, 17.1, -  , - 
3740, 78336,02092022,18102022 003633,   2, 28135.2, 21.715,256.999,0.425819,  0.1,289.867,1.19e+01, 14.5, 1.3,288
3741, 78401,31082018,17102022 143325,   0, 28188.3, 20.841,274.145,0.471756,360.0,291.687,1.97e-02, 16.9, 0.1,  1
3742, 78402,08092018,18102022 053521,   1, 28168.8, 20.866,275.565,0.472312,360.0,290.628,8.00e-02, 17.2, 0.1,  3
3743, 78403,08092018,18102022 015833,   0, 28244.1, 20.776,265.961,0.496815,  0.0,305.693,1.45e-01, 17.4, 0.1,  1
3744, 78404,08092018,17102022 213951,   0, 28154.8, 20.672,274.132,0.522754,360.0,282.381,5.61e+00, 16.4, 0.5,120
3745, 78405,09092018,17102022 161458, 241, 28206.4, 20.784,273.855,0.497169,360.0,287.094,2.35e+00, 16.9,20.6, - 
3746, 78406,09092018,17102022 205128,1368, 28173.3, 21.030,260.171,0.531489,  0.1,315.732,7.60e-01, 19.0,65.7, - 
3747, 78407,09092018,17102022 142319,  48, 28213.7, 20.867,280.330,0.460832,359.9,283.127,1.30e-01, 16.5, 0.3, 54
3748, 78408,09092018,17102022 213430,1439, 28153.6, 20.518,275.790,0.509118,360.0,281.201,3.65e+00, 19.0,68.1, - 
3749, 78409,09092018,17102022 213103,   1, 28183.8, 20.960,268.443,0.508760,  0.0,307.737,9.99e-02, 15.2, 0.1,  4
3750, 78410,09092018,17102022 134537,   2, 28259.7, 20.681,265.530,0.552597,  0.0,299.369,5.56e+00, 17.0, 1.4,308
3751, 78411,19102018,17102022 221402, 309, 28239.4, 21.047,279.668,0.491359,359.9,279.498,1.11e+00, 18.7,77.8, - 
3752, 78413,09112018,17102022 122434,   0, 28315.8, 20.387,253.554,0.590746,  0.1,306.493,7.23e+00, 17.8, 0.6,126
3753, 78414,27012019,18102022 013725,   1, 28177.9,  7.572,169.070,0.492855,  0.9,300.386,4.56e-02, 18.2, 0.1,  1
3754, 78415,07042019,17102022 222012,   1, 28169.1, 10.925,157.411,0.472226,  0.6, 84.295,1.06e-01, 15.0, 0.1,  7
3755, 78416,06042019,17102022 233731,1191, 28188.7, 10.914,156.505,0.476041,  0.6, 86.105,1.07e-01, 18.3, 1.5,323
3756, 78417,06042019,17102022 234119,   0, 28157.3, 10.958,155.431,0.475843,  0.6, 87.755,5.44e-02, 16.8, 0.1,  2
3757, 78418,08042019,18102022 022209,   1, 28158.9, 10.997,152.342,0.484290,  0.6, 93.497,1.54e-02, 17.2, 0.1,  1
3758, 78419,06042019,18102022 080044,1167, 28168.3, 10.970,155.368,0.476794,  0.6, 87.066,3.31e-01, 18.3, 6.3, - 
3759, 78420,06042019,18102022 102544,1022, 28168.7, 10.949,155.877,0.488736,  0.6, 86.522,1.46e+00, 17.4, 9.2, - 
3760, 78421,06042019,18102022 081408, 929, 28167.7, 10.937,155.763,0.476916,  0.6, 86.936,2.83e-01, 18.0,10.1, - 
3761, 78422,06042019,18102022 050327, 726, 28176.9, 10.921,156.446,0.475363,  0.6, 86.417,6.48e-03, 18.4, 0.7,149
3762, 78423,06042019,17102022 181346,  46, 28106.1,  9.181,142.952,0.509760,  0.6,104.451,3.11e+00, 18.0, 3.0,679
3763, 78424,04082019,17102022 212922,1152, 28189.3, 20.958,271.779,0.497620,360.0,299.763,4.63e-01, 18.2, -  , - 
3764, 78425,12082019,18102022 100126,   4, 28155.6, 11.006,147.529,0.502759,  0.6,101.891,1.70e+00, 16.9, 0.4, 90
3765, 78426,12082019,18102022 031752,1067, 28186.7, 10.897,160.548,0.484106,  0.6, 80.486,1.29e+00, 17.1,56.3, - 
3766, 78428,29092019,17102022 174721, 351, 28344.7, 10.151,180.511,0.474729,  0.7, 52.077,7.54e+00, 13.7, -  , - 
3767, 78429,04102019,18102022 103314,1109, 28184.7, 10.547,169.646,0.498978,  0.7, 73.580,2.82e+00, 18.0, -  , - 
3768, 78430,27112019,18102022 103155,1054, 28131.9,  9.784,127.974,0.541958,  0.5,136.573,3.67e+00, 17.8, -  , - 
3769, 78431,16102020,17102022 230633, 685, 28170.8, 10.851,154.033,0.489628,  0.6, 88.970,2.53e-01, 18.7, 5.7,225
3770, 78500,10092012,17102022 232927,   1, 28182.0, 25.054,338.166,0.743597,359.7,176.756,1.15e-01, 15.3, 0.1,  6
3771, 78501,01022014,18102022 023847,  51, 28322.2, 24.905,100.438,0.734682,  0.1,  5.643,8.16e-02, 16.6, 0.4, 90
3772, 78502,30072014,17102022 203300,  17, 28218.0,  7.387,184.692,0.492210,  1.0,273.188,1.28e-01, 17.0, 0.1,  8
3773, 78503,31082018,17102022 152815,   1, 28223.0, 20.888,281.613,0.455558,359.9,279.647,1.02e+00, 13.7, 0.1, 25
3774, 78504,07092018,17102022 180908,  27, 28182.1, 21.031,281.394,0.458828,359.9,277.730,9.83e-01, 17.1, 0.6,128
3775, 78505,09092018,17102022 140527,  35, 28194.8, 20.777,273.018,0.497475,360.0,289.897,1.99e+00, 17.4, 4.8, - 
3776, 78506,09092018,17102022 143122,   1, 28216.4, 20.821,274.581,0.478229,360.0,288.204,6.56e-01, 17.9, 0.1,  7
3777, 78507,09092018,18102022 002114,  62, 28193.2, 20.861,275.819,0.473340,360.0,290.401,4.39e-02, 18.9, 0.1,  6
3778, 78508,09092018,18102022 010310,   6, 28211.4, 21.127,280.652,0.482883,359.9,287.328,3.63e-01, 16.5, 0.2, 40
3779, 78509,09092018,17102022 164258,1492, 27831.8, 11.559,174.108,0.606677,  0.6,  0.957,2.41e+01, 17.7, -  , - 
3780, 78510,09092018,17102022 222900, 758, 28370.1, 20.654,276.270,0.501659,360.0,284.844,2.93e+00, 14.8, -  , - 
3781, 78511,02102018,18102022 021423,  70, 28199.0, 20.644,278.544,0.498516,360.0,277.137,4.49e+00, 18.9, 6.1, - 
3782, 78512,07102018,17102022 131804,1177, 28195.0, 20.825,270.883,0.473394,360.0,295.573,2.04e-02, 18.1, 0.7,111
3783, 78513,25092018,18102022 010910, 320, 28296.8, 20.992,279.691,0.481718,359.9,286.548,3.13e-01, 17.3,15.1, - 
3784, 78514,17102018,18102022 012814,   0, 28246.6, 10.947,157.666,0.470407,  0.6, 82.529,7.13e-03, 12.3, 0.1,  1
3785, 78515,07042019,17102022 212653,   1, 28211.8, 10.974,155.207,0.476977,  0.6, 87.314,3.80e-02, 16.2, 0.1,  2
3786, 78516,06042019,17102022 212911,1284, 28211.3, 10.954,155.179,0.477341,  0.6, 87.406,7.87e-02, 16.8,30.1, - 
3787, 78517,07042019,18102022 035442,   1, 28208.2, 10.949,156.821,0.471996,  0.6, 84.339,2.69e-02, 17.1, 0.1,  1
3788, 78518,08042019,18102022 023739,   0, 28206.8, 10.953,156.542,0.473384,  0.6, 85.049,3.85e-02, 15.8, 0.1,  1
3789, 78519,06042019,18102022 073551,1285, 28184.1, 10.928,156.024,0.475741,  0.6, 85.983,2.97e-01, 18.5, -  , - 
3790, 78520,08042019,17102022 230127,1258, 28175.8, 11.059,147.378,0.506290,  0.5,101.383,1.91e+00, 16.7,58.5, - 
3791, 78521,09042019,18102022 015237,1201, 28205.2, 10.908,157.096,0.472794,  0.6, 84.064,2.00e-01, 17.8, 1.4,244
3792, 78522,06042019,17102022 175103,1243, 28205.8, 10.897,156.271,0.478532,  0.6, 85.670,5.21e-01, 18.5, 3.0,654
3793, 78523,06042019,18102022 081649,   4, 28163.1, 12.121,156.382,0.411034,  0.5, 93.466,1.84e-02, 18.6, 0.1, 11
3794, 78524,06042019,18102022 084237,1285, 28186.0, 10.920,157.096,0.472317,  0.6, 84.224,1.59e-01, 18.5,61.1, - 
3795, 78525,06042019,18102022 060024, 702, 28185.4, 10.474,157.077,0.501397,  0.6, 86.415,1.00e-02, 19.1,10.9, - 
3796, 78526,06042019,18102022 045953, 742, 28096.3, 10.868,156.723,0.482416,  0.6, 91.588,1.48e-01, 17.2, 6.0, - 
3797, 78527,06042019,18102022 000205,1125, 28194.5, 10.932,156.138,0.477634,  0.6, 86.010,2.81e-01, 18.7,47.4, - 
3798, 78528,06042019,18102022 110937,1285, 28202.4, 10.914,156.836,0.474480,  0.6, 84.561,2.84e-01, 18.7, -  , - 
3799, 78529,12042019,18102022 085100, 786, 28208.9, 11.990,140.276,0.480271,  0.5,101.249,1.94e-01, 16.2, 9.7, - 
3800, 78530,06042019,18102022 063814,1085, 28207.0, 10.931,159.909,0.466326,  0.6, 80.125,2.53e-01, 18.3,23.0, - 
3801, 78531,06052019,18102022 002410,   1, 28207.1, 11.428,147.631,0.473459,  0.5, 93.098,1.15e-01, 13.7, 0.1,  8
3802, 78533,06042019,17102022 171056,  20, 28337.8, 11.229,154.579,0.413558,  0.6, 76.513,2.06e+00, 17.9, 4.6,501
3803, 78534,27062019,17102022 154755,  17, 28222.6, 20.811,254.641,0.511278,  0.1,321.381,1.98e-01, 18.1, 0.1, 16
3804, 78535,12082019,18102022 073027, 685, 28209.4, 10.914,156.984,0.473258,  0.6, 84.516,3.74e-01, 17.8,14.0, - 
3805, 78536,06082019,18102022 080339, 734, 28213.2, 10.919,155.642,0.484394,  0.6, 85.775,3.24e+00, 18.5, -  , - 
3806, 78537,29082019,17102022 203808, 438, 28188.5, 10.297,163.185,0.516490,  0.7, 77.697,4.64e+00, 16.6, -  , - 
3807, 78538,28082019,18102022 002931, 753, 28322.2, 10.418,146.026,0.521100,  0.6, 97.876,4.80e+00, 17.1, -  , - 
3808, 78539,23092019,17102022 184258,   3, 28167.6, 11.084,155.329,0.480423,  0.6, 87.229,1.55e+00, 18.4, 0.1, 25
3809, 78541,29112019,17102022 163941, 314, 28231.0, 20.507,252.964,0.594742,  0.1,327.714,2.89e+00, 17.8,83.1, - 
3810, 78544,19012021,18102022 081414, 258, 28207.9, 12.025,140.410,0.480367,  0.5,100.928,1.42e-01, 14.3, 2.0,439
3811, 78545,14102021,17102022 202859, 348, 28204.4, 22.954,203.853,0.579151,  0.3, 26.304,7.17e-01, 17.5,32.9, - 
3812, 78601,26032017,18102022 061414,1325, 28182.6, 24.466,241.430,0.733060,  0.1,190.299,2.73e-02, 18.3, 4.4,104
3813, 78602,19112017,18102022 083013,   4, 28258.1, 59.071,157.527,0.677508,  0.1, 19.991,1.84e+00, 16.8, 0.4, 84
3814, 78603,31082018,17102022 201549,   0, 28227.8, 20.812,266.437,0.503235,  0.0,307.355,8.38e-02, 13.4, 0.1,  2
3815, 78604,31082018,17102022 192228,   2, 28241.3, 20.778,266.705,0.500869,  0.0,306.332,8.96e-02, 18.0, 0.1, 10
3816, 78605,09092018,18102022 001131, 340, 28252.9, 20.911,266.115,0.512169,  0.0,309.271,2.66e+00, 18.6,25.0, - 
3817, 78606,09092018,18102022 040244,1035, 28216.8, 20.387,276.638,0.505624,360.0,278.371,4.22e+00, 18.0, -  , - 
3818, 78607,25092018,17102022 233636,   0, 28213.9, 20.898,274.571,0.478113,360.0,289.542,9.62e-01, 17.4, 0.1, 19
3819, 78608,18102018,17102022 175144, 199, 28190.3, 20.780,276.705,0.460594,360.0,285.935,6.25e-02, 17.2, 1.4,223
3820, 78609,18102018,17102022 171631, 726, 28218.3, 11.169,158.586,0.470795,  0.6, 80.582,2.38e-01, 18.7, 4.3,806
3821, 78610,18102018,17102022 221601,1131, 28219.7, 11.192,159.695,0.472069,  0.6, 78.980,4.76e-01, 18.0,26.5, - 
3822, 78611,06112018,17102022 140419,1422, 27981.3, 14.283,267.605,0.481188,  0.0,250.151,2.21e+01, 17.9, -  , - 
3823, 78612,10012019,18102022 061803,   8, 28188.6, 20.896,276.389,0.456991,360.0,285.280,7.27e-02, 18.2, 0.1, 26
3824, 78613,03022019,18102022 050214,1340, 28038.4, 17.277,299.552,0.411479,359.8,240.770,3.76e+01, 17.8, -  , - 
3825, 78615,09042019,18102022 102607,1139, 28219.6, 10.934,156.393,0.474924,  0.6, 85.476,4.68e-02, 17.8, 0.4, 79
3826, 78616,09042019,18102022 005054,  22, 28237.5, 10.899,157.852,0.474482,  0.6, 83.644,6.30e-02, 17.9, 0.1, 29
3827, 78617,08042019,17102022 213224, 790, 28226.5, 10.937,153.654,0.483270,  0.6, 90.581,1.53e-02, 18.1, 0.3, 50
3828, 78618,06042019,18102022 083024,1222, 28216.9, 10.799,156.437,0.477221,  0.6, 85.535,2.29e-01, 18.2, 2.1,472
3829, 78619,09042019,18102022 041324,1033, 28238.5, 10.911,157.710,0.472687,  0.6, 82.758,1.48e-01, 16.9, 3.3,736
3830, 78620,06042019,18102022 002641,1182, 28219.8, 10.902,157.734,0.473359,  0.6, 82.997,3.15e-01, 18.2, 2.5,546
3831, 78621,06042019,17102022 212739, 733, 28224.9, 10.894,160.913,0.470538,  0.6, 77.216,4.00e-01, 17.8,63.9, - 
3832, 78622,06042019,17102022 222723, 722, 28178.7, 10.747,152.945,0.476584,  0.6, 88.070,5.87e+00, 16.5, -  , - 
3833, 78623,06042019,18102022 050258,   1, 28222.9, 10.955,157.576,0.473154,  0.6, 83.068,1.52e-01, 16.8, 0.1,  3
3834, 78624,06042019,18102022 032950, 729, 28213.1, 10.929,158.315,0.471889,  0.6, 81.715,2.77e-01, 18.6,14.8, - 
3835, 78627,06042019,17102022 222507, 440, 28197.9,  9.191,152.604,0.490506,  0.7, 96.950,1.12e+00, 18.4, -  , - 
3836, 78628,06042019,17102022 214316,1205, 28234.7, 11.009,158.225,0.471149,  0.6, 81.850,2.15e-01, 18.7,10.2, - 
3837, 78629,06042019,18102022 102834,  20, 28219.4, 10.946,156.367,0.474941,  0.6, 85.519,4.33e-02, 18.2, 0.1, 14
3838, 78630,06042019,18102022 050059,1286, 28212.7, 10.911,156.148,0.477560,  0.6, 85.394,5.12e-01, 18.9, -  , - 
3839, 78631,26062019,17102022 180838,1172, 28311.4, 20.403,274.756,0.509002,360.0,292.814,1.24e+00, 16.0, -  , - 
3840, 78632,25082019,18102022 013548, 347, 28345.3, 11.014,199.021,0.493424,  0.6, 40.129,3.78e+00, 17.0, -  , - 
3841, 78634,30092019,17102022 224145,1093, 28231.0, 11.160,157.879,0.484718,  0.6, 80.779,2.19e+00, 16.4,71.1, - 
3842, 78635,02102019,18102022 000118, 731, 28246.5, 10.972,155.871,0.478691,  0.6, 86.276,6.26e+00, 17.4,42.3, - 
3843, 78700,12092012,18102022 082817,   1, 28267.5, 24.981,112.899,0.748178,  0.1, 45.240,9.43e-02, 15.4, 0.1,  3
3844, 78701,30062016,18102022 004931, 704, 28307.6, 24.131,143.520,0.744687,  0.2,  9.460,5.68e-02, 16.8,21.5,998
3845, 78702,12012018,17102022 220029,  10, 28256.0,  7.528,207.966,0.488474,  0.8,231.672,9.04e-02, 18.1, 0.1,  9
3846, 78703,31082018,17102022 210815,   0, 28256.1, 20.832,267.941,0.501901,  0.0,304.903,8.74e-02, 13.8, 0.1,  2
3847, 78704,02092018,18102022 065254,1465, 28251.4, 20.859,280.622,0.465009,359.9,278.918,9.74e-01, 18.1,26.8, - 
3848, 78705,14092018,18102022 031145,   1, 28243.2, 20.871,270.155,0.472118,  0.0,294.005,2.14e-01, 17.5, 0.1,  6
3849, 78706,14092018,17102022 154340, 790, 28233.3, 20.817,275.123,0.481044,360.0,286.771,1.89e-01, 16.0,42.1, - 
3850, 78708,14092018,17102022 173437, 317, 28273.3, 20.843,280.592,0.464644,359.9,277.494,2.75e+00, 18.1, -  , - 
3851, 78709,17102018,18102022 002622,1139, 28230.5, 10.466,146.882,0.503093,  0.6,109.059,4.87e-01, 18.5,20.2, - 
3852, 78710,18102018,17102022 231554,1350, 28235.8, 11.194,157.290,0.487320,  0.6, 82.417,5.83e-01, 18.6,18.1, - 
3853, 78711,07042019,17102022 162457,  17, 28248.1, 10.924,157.662,0.472265,  0.6, 82.661,1.44e-01, 17.9, 0.6,139
3854, 78712,07042019,18102022 040329,1075, 28246.5, 10.917,157.403,0.472978,  0.6, 83.035,1.99e-01, 17.0, 6.6, - 
3855, 78713,08042019,17102022 230047,   3, 28251.9, 11.321,148.463,0.479958,  0.5, 93.382,1.00e-02, 17.3, 0.1,  1
3856, 78714,08042019,18102022 012930,   0, 28243.6, 11.114,150.754,0.486528,  0.6, 91.824,6.05e-01, 17.4, 0.1,  4
3857, 78715,06042019,18102022 085655,1089, 28242.4, 10.933,157.516,0.470857,  0.6, 82.730,9.98e-02, 17.2, 2.5,341
3858, 78716,06042019,18102022 015402,1259, 28156.1,  9.963,128.937,0.549688,  0.5,124.686,7.15e+00, 16.5,62.2, - 
3859, 78717,07042019,18102022 003652,   0, 28244.2, 11.169,156.322,0.458797,  0.6, 79.670,1.67e-01, 14.9, 0.1,  5
3860, 78718,06042019,18102022 001913, 219, 28253.1, 10.873,157.516,0.471101,  0.6, 83.273,4.57e-01, 18.2, 1.8,400
3861, 78719,06042019,18102022 081544, 726, 28248.8, 10.929,157.247,0.473936,  0.6, 83.372,2.92e-01, 17.4, 1.8,321
3862, 78720,06042019,17102022 221505,   1, 28243.8, 10.939,157.809,0.471895,  0.6, 82.445,5.29e-02, 16.8, 0.1,  2
3863, 78721,09042019,18102022 032148,1252, 28246.6, 10.928,157.375,0.472542,  0.6, 83.051,1.13e-01, 18.4, 7.6, - 
3864, 78722,10042019,18102022 061859, 726, 28206.0, 10.905,156.417,0.476904,  0.6, 85.276,1.83e-01, 19.2, 5.8, - 
3865, 78723,06042019,17102022 235815, 660, 28252.1, 10.870,157.687,0.472034,  0.6, 82.865,4.83e-01, 18.4, 6.6, - 
3866, 78724,06042019,18102022 082734,1088, 28248.8, 10.924,157.321,0.473954,  0.6, 83.233,2.44e-01, 18.3, 9.3, - 
3867, 78725,06042019,17102022 192459,   2, 28242.2, 10.945,157.729,0.469537,  0.6, 82.290,9.61e-02, 16.8, 0.1,  3
3868, 78726,06042019,18102022 014612, 702, 28320.1, 10.852,157.821,0.481756,  0.6, 82.335,4.23e-01, 18.0, 7.5, - 
3869, 78727,06042019,18102022 055816,1285, 28238.5, 10.906,156.999,0.475993,  0.6, 84.086,3.48e-01, 18.6, -  , - 
3870, 78728,06042019,18102022 111502,1090, 28243.1, 10.918,157.190,0.473996,  0.6, 83.589,6.56e-02, 18.3,34.8, - 
3871, 78729,06042019,18102022 072255,1139, 28239.7, 10.900,157.592,0.474446,  0.6, 83.183,3.25e-01, 18.6,35.8, - 
3872, 78730,06042019,18102022 082300, 729, 28329.4, 10.839,155.522,0.486739,  0.6, 81.934,8.60e-01, 18.7, -  , - 
3873, 78731,06042019,17102022 221648, 459, 28245.5, 10.859,156.342,0.472218,  0.6, 84.384,1.76e-01, 18.8, 1.8,398
3874, 78732,06042019,18102022 040333,  19, 28247.7, 10.948,156.988,0.472757,  0.6, 83.713,1.93e-01, 18.8, 0.2, 42
3875, 78733,06042019,18102022 020116, 733, 28252.9, 10.943,157.273,0.473857,  0.6, 83.080,3.68e-01, 18.2,12.0, - 
3876, 78734,06042019,18102022 000449,1283, 28157.5,  9.728,123.453,0.557448,  0.4,132.170,6.46e+00, 16.4, -  , - 
3877, 78736,06042019,18102022 092649, 689, 28240.6, 10.903,158.422,0.464963,  0.6, 81.424,2.92e-01, 17.6,38.5, - 
3878, 78737,06042019,18102022 010634, 667, 28252.6, 10.951,157.524,0.472346,  0.6, 82.579,1.95e-01, 18.7, 4.6, - 
3879, 78738,06042019,18102022 062155,   1, 28066.0, 10.983,154.194,0.476080,  0.6, 90.337,4.28e-02, 17.0, 0.1,  3
3880, 78739,06042019,17102022 224324, 410, 28232.7, 10.935,157.590,0.472674,  0.6, 80.536,6.07e-01, 18.0, 7.1, - 
3881, 78740,06042019,17102022 220049,1285, 28240.2, 10.888,156.993,0.478469,  0.6, 84.214,5.47e-01, 17.0, -  , - 
3882, 78742,06042019,18102022 072750, 786, 28242.8, 11.016,143.164,0.527659,  0.5,101.967,1.68e-01, 16.8, -  , - 
3883, 78743,06042019,17102022 213948,  21, 28261.0, 11.198,154.614,0.506319,  0.6, 90.111,8.85e-01, 17.8, 0.3, 41
3884, 78744,06042019,17102022 222653,   3, 28208.9, 10.238,150.442,0.502300,  0.6,100.199,3.06e+00, 17.4, 0.7,143
3885, 78745,06042019,18102022 010746,1117, 28236.3, 11.063,155.929,0.474424,  0.6, 83.711,5.97e-01, 18.3,59.4, - 
3886, 78746,06042019,18102022 090134,  13, 28248.6, 10.944,157.004,0.475214,  0.6, 83.717,2.92e-01, 17.3, 0.1, 10
3887, 78747,06042019,17102022 160620, 584, 28246.6, 10.974,157.641,0.476222,  0.6, 82.556,1.71e-01, 17.6, 1.4,267
3888, 78748,06042019,17102022 190325, 752, 28222.2, 10.449,165.215,0.462995,  0.7, 66.074,1.66e+00, 16.2, -  , - 
3889, 78749,31052019,18102022 031222,1142, 28246.4, 10.914,157.161,0.473058,  0.6, 83.461,2.13e-01, 18.1,15.7, - 
3890, 78750,31052019,18102022 025007,1198, 28245.3, 10.919,157.202,0.474558,  0.6, 83.570,2.55e-01, 18.4, 1.4,308
3891, 78751,29072019,18102022 054413,1135, 28248.1, 11.548,200.029,0.447383,  0.6, 32.015,2.83e+00, 16.8, -  , - 
3892, 78752,25082019,17102022 220819, 673, 28264.1, 10.797,151.439,0.502200,  0.6, 94.709,1.48e+00, 18.3, 4.8, - 
3893, 78754,23112020,18102022 061031,   1, 28255.5, 20.884,271.221,0.473994,360.0,292.356,2.61e-01, 17.2, 0.1,  2
3894, 78755,03022007,17102022 202541,  18, 28255.9,  7.672,213.108,0.487759,  0.8,222.025,1.01e-01, 18.2, 0.1, 16
3895, 78756,31102021,17102022 142029, 326, 28243.5, 20.881,270.212,0.472038,  0.0,293.848,1.46e-01, 17.0, 0.9,142
3896, 78757,08042022,17102022 202947,  29, 28260.5,  7.290,197.552,0.491940,  0.9,251.585,1.80e-01, 18.5, 0.1,  8
3897, 78758,24082022,18102022 010509,   0, 28075.0,  9.695,138.843,0.635867,  0.6,120.010,1.15e+01, 15.2, 1.2,205
3898, 78800,10122007,17102022 223124,   1, 28272.1,  8.312,215.014,0.487190,  0.7,212.036,5.10e-02, 17.7, 0.1,  1
3899, 78801,28042017,18102022 005524,   6, 28333.9, 66.575,174.067,0.702213,  0.1,331.573,5.18e-01, 16.1, 0.1, 20
3900, 78802,20112017,17102022 174952,  14, 28282.1,  7.808,224.395,0.484699,  0.7,202.214,1.00e-02, 18.3, 0.1,  2
3901, 78803,03122017,17102022 173045,  11, 28296.1, 22.901,201.499,0.743283,  0.3,278.322,3.18e-01, 14.9, 0.4, 79
3902, 78804,14092018,17102022 192528,   3, 28285.3, 20.869,278.774,0.469781,360.0,285.111,7.60e-03, 17.6, 0.1,  1
3903, 78805,14092018,17102022 230725,   2, 28286.5, 20.853,277.287,0.477461,360.0,288.602,3.01e-01, 14.6, 0.1, 23
3904, 78806,17102018,17102022 233036, 651, 28241.3, 20.984,278.881,0.496297,360.0,278.878,1.86e+00, 17.7,97.8, - 
3905, 78807,06042019,17102022 201615, 726, 28274.0, 11.044,155.927,0.484919,  0.6, 83.624,5.49e-01, 19.1,35.0, - 
3906, 78808,08042019,18102022 081617,  14, 28273.2, 11.436,144.624,0.487055,  0.5, 99.732,1.18e-01, 18.4, 0.3, 57
3907, 78809,12042019,18102022 001958, 727, 28266.4, 10.742,156.560,0.487077,  0.6, 85.442,1.55e+00, 18.2,67.2, - 
3908, 78810,06042019,17102022 183638,1284, 28263.5, 10.890,157.744,0.475558,  0.6, 82.742,3.70e-01, 18.4, -  , - 
3909, 78811,06042019,18102022 014657,1285, 28261.6, 10.921,157.561,0.472840,  0.6, 82.710,1.43e-01, 17.7,55.0, - 
3910, 78812,06042019,18102022 004503,1284, 28266.3, 10.861,158.136,0.476987,  0.6, 82.441,5.07e-01, 18.6, -  , - 
3911, 78813,06042019,18102022 095640, 790, 28253.6, 10.401,159.920,0.482695,  0.7, 79.975,4.00e+00, 16.9, -  , - 
3912, 78814,06042019,17102022 161005,1118, 28279.1, 10.908,158.040,0.473321,  0.6, 81.912,2.17e-01, 18.3, 1.8,386
3913, 78815,06042019,17102022 223557, 413, 28265.5, 10.910,157.382,0.472797,  0.6, 83.898,4.56e-01, 18.0, 3.6,739
3914, 78816,06042019,18102022 021720,1120, 28261.6, 10.899,157.452,0.472882,  0.6, 83.072,1.75e-01, 18.3, 1.9,370
3915, 78817,06042019,18102022 094151, 732, 28303.2, 10.868,159.930,0.471827,  0.6, 78.527,6.99e-01, 19.1,55.5, - 
3916, 78818,05052019,17102022 144602,1167, 28290.8, 20.249,277.480,0.471899,360.0,284.171,7.44e-01, 15.7, -  , - 
3917, 78819,06042019,17102022 213550,1123, 28267.3, 11.584,142.213,0.495598,  0.5,102.160,9.26e-01, 18.1, 4.8, - 
3918, 78820,06042019,17102022 214736, 819, 28239.6, 10.553,154.203,0.499784,  0.6, 91.993,2.67e+00, 17.5,26.7, - 
3919, 78821,06042019,18102022 041104, 754, 28272.4, 10.293,157.207,0.542922,  0.6, 92.538,1.13e-01, 17.7,12.2, - 
3920, 78822,06042019,18102022 025746, 732, 28271.8, 11.075,154.312,0.473730,  0.6, 86.162,1.99e-01, 19.4,19.9, - 
3921, 78823,06042019,18102022 011432,1120, 28268.0, 11.031,162.470,0.475997,  0.6, 73.128,1.05e-01, 18.1,86.3, - 
3922, 78824,25082019,18102022 043915,1086, 28268.2, 11.873,160.795,0.373342,  0.6, 73.714,1.78e+00, 17.6,48.0, - 
3923, 78826,13012020,17102022 194652, 366, 28224.1, 20.951,271.963,0.460703,360.0,289.573,1.08e+00, 18.9,98.6, - 
3924, 78827,28062020,17102022 185043, 836, 28256.4, 12.042, 87.025,0.604413,360.0,215.221,5.15e+00, 17.3, -  , - 
3925, 78828,16122020,17102022 140534,   1, 28279.8, 21.083,292.483,0.434032,359.9,263.562,1.54e-01, 15.7, 0.2, 13
3926, 78829,12032022,17102022 171302,  20, 28263.6,  7.466,205.129,0.489145,  0.9,237.122,1.15e-01, 18.4, 0.1, 13
3927, 78830,29032022,17102022 164845,  14, 28261.1,  7.556,214.708,0.486376,  0.8,220.510,2.52e-02, 18.5, 0.1,  7
3928, 78900,19022015,17102022 232456,   2, 28299.0, 23.807,237.950,0.737048,  0.2,206.101,1.49e-01, 15.2, 0.1,  3
3929, 78901,23122016,18102022 065714,   3, 28309.2,  7.861,226.413,0.484544,  0.6,198.313,5.54e-02, 17.3, 0.1,  4
3930, 78902,31082018,17102022 233211,   0, 28291.5, 21.147,290.020,0.455472,359.9,269.982,6.63e-02, 13.7, 0.1,  2
3931, 78903,01092018,17102022 165559,   1, 28304.4, 20.862,279.438,0.466291,359.9,283.155,3.54e-02, 16.6, 0.1,  2
3932, 78904,02092018,18102022 012741,1321, 28295.8, 20.980,279.847,0.480501,359.9,286.298,1.00e-02, 15.9, 1.0,207
3933, 78905,14092018,17102022 155257,   1, 28162.8, 20.607,273.424,0.543271,360.0,276.693,7.48e+00, 17.7, 0.1, 17
3934, 78906,13112018,17102022 183630,1285, 28299.4, 20.809,279.147,0.470422,359.9,283.257,5.11e-01, 17.9,95.3, - 
3935, 78907,06042019,18102022 064302,1286, 28303.4, 10.887,158.667,0.473841,  0.6, 80.835,3.18e-01, 18.6, -  , - 
3936, 78908,06042019,18102022 013923, 385, 28326.4, 10.848,159.880,0.472441,  0.6, 78.863,5.56e-01, 18.6, 4.8, - 
3937, 78909,06042019,17102022 235236,1017, 28290.4, 11.001,157.268,0.479198,  0.6, 83.560,3.89e-01, 18.8, 7.9, - 
3938, 78910,06042019,18102022 070441,1143, 28284.3, 10.970,165.869,0.447650,  0.6, 70.148,6.36e-01, 17.4,24.2, - 
3939, 78912,06042019,18102022 003649,1230, 28300.1, 11.513,154.974,0.497048,  0.6, 82.569,3.53e-01, 17.9,44.0, - 
3940, 78913,26062019,17102022 202140,1164, 28383.7, 10.426, 78.961,0.593695,359.9,230.332,6.42e+00, 16.8, -  , - 
3941, 78914,26062019,17102022 221857, 436, 28406.5, 20.888,278.840,0.472635,360.0,280.550,2.61e+00, 16.6,83.5, - 
3942, 78915,25072019,18102022 082709, 689, 28290.0, 10.787,158.800,0.488210,  0.6, 86.742,8.31e-02, 16.9, 2.4,511
3943, 78916,31082019,18102022 083439, 730, 28318.6, 10.875,148.196,0.508872,  0.6, 99.733,8.69e-01, 19.3,13.7, - 
3944, 78917,22102019,17102022 222306,1044, 28226.3, 21.102,252.815,0.520646,  0.1,296.897,8.29e+00, 15.0, -  , - 
3945, 78918,31102019,17102022 222122, 970, 28314.7, 20.807,282.298,0.437873,359.9,274.463,2.72e-01, 17.0,31.4, - 
3946, 78920,01092020,18102022 045847,  32, 28291.1, 23.672,110.837,0.750732,  0.1, 78.106,2.75e-02, 17.9, 0.1,  4
3947, 78921,20082022,17102022 212037,  29, 28302.1, 20.901,271.178,0.491263,360.0,296.700,7.10e-01, 18.0, 0.2, 43
3948, 79000,22062010,18102022 085044,   4, 28361.4,  7.927,242.819,0.477742,  0.4,170.556,2.19e-01, 16.6, 0.1,  7
3949, 79001,27062012,17102022 193324,   8, 28303.9,  7.895,233.789,0.482726,  0.5,186.326,4.59e-02, 17.8, 0.1, 14
3950, 79002,13122017,18102022 055706,  11, 28331.3, 23.013,196.882,0.743083,  0.3,284.895,1.95e-01, 16.7, 0.2, 50
3951, 79003,07092018,18102022 050357,   1, 28333.3, 20.998,284.377,0.471534,359.9,278.473,1.40e-01, 16.0, 0.1,  7
3952, 79004,07092018,18102022 075027,1490, 28333.2, 20.804,278.476,0.471513,360.0,279.122,1.56e+00, 18.6,27.8, - 
3953, 79005,07092018,17102022 205748,  46, 28317.2, 21.032,277.974,0.493790,360.0,290.857,2.78e-01, 18.1, 0.8,175
3954, 79006,05082022,17102022 152945,   1, 28313.0, 20.676,278.586,0.473858,360.0,283.200,3.74e-01, 17.8, 0.1, 12
3955, 79007,08112018,18102022 112856, 902, 28325.1, 27.077,322.575,0.749061,359.8,136.922,3.34e-01, 17.0,89.6, - 
3956, 79008,06122018,18102022 084148,1181, 28323.9, 22.267, 47.355,0.744314,359.8,162.645,6.10e-02, 17.5,37.4,456
3957, 79009,07042019,18102022 062255,   1, 28321.6, 10.915,159.660,0.468660,  0.6, 78.863,2.11e-02, 16.6, 0.1,  1
3958, 79010,08042019,17102022 213640,  20, 28331.9, 11.038,155.655,0.473260,  0.6, 83.649,4.62e-02, 17.8, 0.1,  4
3959, 79011,08042019,18102022 042603,1224, 28325.0, 10.854,159.691,0.474192,  0.6, 79.401,3.00e-01, 17.6,24.8, - 
3960, 79012,06042019,18102022 080112,1164, 28319.0, 10.883,160.677,0.470859,  0.6, 77.483,2.95e-01, 17.6,40.3, - 
3961, 79013,26042019,18102022 033653,   1, 28311.8, 10.734,163.383,0.483129,  0.6, 80.031,4.37e-02, 17.1, 0.1,  2
3962, 79014,26042019,17102022 225934,   1, 28316.7, 11.005,156.183,0.469466,  0.6, 82.227,5.36e-02, 17.2, 0.1,  1
3963, 79015,06042019,18102022 032829,1265, 28327.0, 11.008,156.397,0.471833,  0.6, 82.490,1.02e-01, 18.3,38.5, - 
3964, 79016,06042019,18102022 020505,1115, 28331.9, 10.857,160.153,0.472589,  0.6, 78.513,2.95e-01, 17.6, 3.0,624
3965, 79017,06042019,18102022 111831,  21, 28331.3, 10.842,159.018,0.475913,  0.6, 80.518,4.11e-01, 18.5, 0.4, 66
3966, 79018,06042019,18102022 040454,1170, 28314.2, 10.914,156.368,0.475543,  0.6, 83.044,7.84e-01, 16.4, -  , - 
3967, 79020,06042019,17102022 234304, 783, 28309.7, 10.840,153.844,0.485630,  0.6, 87.454,9.88e-01, 18.6, 5.5,967
3968, 79021,30072019,17102022 213801,  41, 28321.4, 10.885,162.025,0.494103,  0.6, 82.934,5.96e-02, 17.5, 0.3, 62
3969, 79022,30082019,18102022 044159, 705, 28324.6, 10.043,153.498,0.539272,  0.6, 85.954,6.27e-01, 17.6,42.1, - 
3970, 79024,23092019,18102022 045230,  13, 28318.8, 11.634,170.307,0.537166,  0.6, 56.486,7.67e-02, 17.1, 0.3, 30
3971, 79025,30092019,18102022 041146,   1, 28319.6, 10.939,158.892,0.472325,  0.6, 80.279,2.14e-01, 17.9, 0.4, 24
3972, 79027,12072020,17102022 172405, 774, 27422.7, 10.533,122.625,0.523404,  0.4,143.976,4.39e+00, 17.2,94.8, - 
3973, 79028,15102020,18102022 031826, 689, 28327.4, 11.035,156.142,0.472289,  0.6, 82.867,9.09e-02, 18.5, 1.9,429
3974, 79101,01082017,18102022 045139, 583, 28350.7,  8.454,258.230,0.470157,  0.2,138.853,2.95e-01, 17.6,25.7, - 
3975, 79102,26102017,18102022 013648,  10, 28338.4,  8.336,244.484,0.480382,  0.4,164.327,3.84e-01, 15.6, 0.3, 64
3976, 79103,05062008,17102022 173540,  56, 28382.7,  6.695,198.862,0.494089,  1.0,251.816,4.83e-01, 17.3, 8.8, - 
3977, 79104,23022018,17102022 213456,1642, 28284.9, 69.479,260.279,0.528847,  0.0,252.709,7.19e+00, 16.7, -  , - 
3978, 79105,31082018,18102022 061335,1228, 28358.8, 20.845,275.085,0.501661,360.0,286.571,1.58e+00, 17.3, -  , - 
3979, 79106,02092018,18102022 000313, 734, 28345.7, 21.196,300.167,0.395323,359.8,249.245,6.65e-02, 17.3, 9.4, - 
3980, 79107,07092018,17102022 121852, 310, 28358.5, 20.947,280.736,0.473289,359.9,278.950,9.62e-01, 17.5,14.6, - 
3981, 79108,07092018,17102022 181459,1500, 28339.6, 20.886,281.870,0.463818,359.9,278.321,3.45e-01, 18.7,20.8, - 
3982, 79109,07092018,17102022 220419,  17, 28339.2, 20.916,279.894,0.483427,359.9,283.772,7.36e-01, 17.4, 0.6,134
3983, 79111,08042019,18102022 003656,   0, 28341.3, 11.513,145.836,0.482346,  0.5, 95.319,5.84e-02, 15.0, 0.1,  1
3984, 79112,08042019,17102022 232730, 374, 28337.7, 10.756,154.363,0.495692,  0.6, 87.536,1.61e+00, 17.3, 7.1, - 
3985, 79113,08042019,18102022 041936,   1, 28319.9, 10.931,158.527,0.473065,  0.6, 82.638,3.17e-01, 17.3, 0.2, 33
3986, 79114,08042019,17102022 222114,   1, 28348.8, 11.023,157.146,0.469308,  0.6, 80.844,1.61e-02, 17.2, 0.1,  1
3987, 79115,06042019,18102022 042104, 729, 28342.4, 11.078,153.531,0.482677,  0.6, 87.600,2.25e-01, 18.2,13.9, - 
3988, 79116,06042019,18102022 100616, 794, 28354.4, 10.978,158.863,0.476264,  0.6, 79.571,2.32e-01, 19.1, 4.0,856
3989, 79117,06042019,18102022 015747, 455, 28357.4, 11.393,153.935,0.491238,  0.6, 67.636,1.00e-02, 17.3,29.9, - 
3990, 79119,30082019,18102022 024120,   5, 28344.3, 11.008,157.821,0.469845,  0.6, 79.923,2.78e-01, 18.1, 0.2, 31
3991, 79120,29082019,18102022 091411,1142, 28394.5, 21.327,202.797,0.597830,  0.3,350.840,1.35e+01, 17.3, -  , - 
3992, 79122,31102019,17102022 233735, 888, 28356.6, 20.800,275.158,0.488757,360.0,285.735,1.34e+00, 17.0, -  , - 
3993, 79123,12032014,18102022 041556,   1, 28306.3, 26.859,356.516,0.744155,359.7, 94.516,2.07e-02, 16.9, 0.1,  1
3994, 79200,02092015,17102022 180350,   0, 42165.2,  2.590, 14.662,0.004954,357.3,355.767,5.00e-02,  9.1, 0.1,  1
3995, 79201,31082018,17102022 232701,   0, 28380.8, 20.796,269.932,0.499969,  0.0,300.711,8.42e-02, 14.0, 0.1,  2
3996, 79202,02092018,17102022 212042,   1, 28368.7, 20.946,281.044,0.477674,359.9,283.324,2.11e-02, 16.3, 0.1,  1
3997, 79203,18102018,17102022 223611,1178, 28386.2, 11.060,163.684,0.463491,  0.6, 71.655,4.92e-01, 18.1,55.0, - 
3998, 79204,03042019,18102022 001326, 261, 28343.6, 21.046,275.903,0.417959,360.0,276.065,7.66e-01, 15.8,49.6, - 
3999, 79205,07042019,17102022 161116,1214, 28368.3, 11.300,150.055,0.478287,  0.6, 89.646,1.21e-01, 15.1,30.4, - 
4000, 79206,06042019,18102022 061450, 731, 28368.7, 10.894,159.952,0.471946,  0.6, 78.255,1.99e-01, 18.8, 2.8,568
4001, 79207,06042019,17102022 223446,   1, 28357.4, 11.007,153.657,0.484661,  0.6, 88.872,5.82e-02, 14.4, 0.1,  3
4002, 79208,06042019,17102022 220143,1090, 28353.6, 10.744,155.856,0.481959,  0.6, 89.179,3.27e-01, 18.6,25.4, - 
4003, 79209,06042019,18102022 095847, 733, 28331.7, 10.829,155.473,0.486874,  0.6, 82.232,5.67e+00, 19.3, -  , - 
4004, 79210,06042019,17102022 222532,1287, 28211.7,  9.898, 86.747,0.586164,359.9,177.918,9.82e+00, 18.2, -  , - 
4005, 79211,06042019,17102022 223132,1200, 28380.7, 10.988,157.393,0.471704,  0.6, 80.604,1.03e-01, 18.8, 3.2,662
4006, 79212,20062019,18102022 094726,   2, 28518.1, 11.061,156.086,0.479366,  0.6, 81.986,4.86e-02, 18.0, 0.1,  3
4007, 79213,02072019,18102022 055130,   1, 28368.4, 11.292,150.427,0.476152,  0.6, 89.054,8.14e-02, 14.7, 0.1,  3
4008, 79214,12082019,17102022 170254,  10, 28369.7, 10.751,160.852,0.489018,  0.6, 83.415,4.49e-02, 17.5, 0.1,  8
4009, 79215,12082019,18102022 032219,   2, 28378.1, 11.480,160.001,0.527412,  0.6, 77.729,4.60e+00, 14.2, 1.0,173
4010, 79217,28082019,18102022 031756,   0, 28404.3, 10.813,160.839,0.474859,  0.6, 76.121,1.36e+00, 17.2, 0.1,  9
4011, 79218,29092019,18102022 030549, 729, 28410.7, 10.879,155.157,0.490047,  0.6, 83.536,4.70e+00, 17.0, -  , - 
4012, 79219,18102019,18102022 065103,   1, 28308.3, 21.115,275.848,0.441417,360.0,275.339,2.35e+00, 16.1, 0.5,123
4013, 79220,19032020,18102022 025406, 285, 28430.4, 22.523,304.545,0.757157,359.8,337.822,4.23e-02, 17.1, -  ,193
4014, 79222,14102020,18102022 092531,   3, 28395.7, 10.878,157.370,0.483247,  0.6, 84.407,2.98e-02, 18.1, 0.1,  3
4015, 79223,12102021,18102022 004711, 354, 28378.1, 21.712,293.306,0.475736,359.9,268.227,1.51e-01, 17.5, 2.4,362
4016, 79300,14042018,17102022 221312, 137, 28466.0,  3.715, 99.827,0.742665,  0.3,326.804,2.98e-01, 17.0, 2.6,468
4017, 79301,07092018,18102022 030827,   2, 28403.0, 20.728,269.188,0.502315,  0.0,301.373,8.79e-02, 14.8, 0.1,  8
4018, 79302,17102018,18102022 095728,1059, 28384.5, 10.981,162.832,0.466182,  0.6, 73.601,6.80e-01, 18.8,93.0, - 
4019, 79303,12122018,18102022 013511, 650, 28321.1, 20.802,278.403,0.479970,360.0,285.492,5.65e-01, 17.7,42.1, - 
4020, 79304,03022019,18102022 005455,1351, 28388.8, 23.869,257.809,0.732964,  0.1,179.413,1.38e-01, 16.7,21.4,188
4021, 79305,09042019,18102022 032227, 726, 28287.4, 10.720,155.380,0.496298,  0.6, 85.999,1.79e+00, 17.2, 9.8, - 
4022, 79306,13042019,18102022 082852,1032, 28394.2, 10.883,161.036,0.480824,  0.6, 75.744,9.42e-01, 17.3,75.7, - 
4023, 79307,06042019,18102022 025727,1046, 28385.5, 10.941,154.697,0.486406,  0.6, 85.978,1.02e+00, 17.6, 5.2, - 
4024, 79308,07062019,18102022 030130, 779, 28462.6, 10.888,152.427,0.503918,  0.6, 94.777,9.94e-02, 17.6,21.4, - 
4025, 79309,03072019,18102022 082131,1115, 28403.0, 10.610,157.256,0.503840,  0.6, 90.399,2.04e+00, 17.1,73.0, - 
4026, 79310,25072019,17102022 190518,   0, 28471.6, 20.788,275.186,0.478596,360.0,287.435,2.89e-01, 17.4, 0.1, 16
4027, 79311,28072019,17102022 141419,   1, 28253.9, 20.703,281.234,0.476609,359.9,269.615,3.15e+00, 18.4, 0.2, 48
4028, 79312,27082019,18102022 032750,1028, 28375.6, 11.125,141.428,0.510571,  0.5, 91.599,6.80e+00, 17.2,95.9, - 
4029, 79314,04102019,17102022 213928, 728, 28410.6, 10.578,155.387,0.512110,  0.6, 93.506,2.05e+00, 18.3,59.8, - 
4030, 79315,16102020,18102022 010430,  48, 28401.1, 11.363,151.370,0.485860,  0.6, 84.198,2.26e-01, 15.7, 0.8,156
4031, 79316,30072022,17102022 211424,  73, 28412.2,  5.383,206.814,0.491197,  1.2,252.252,6.76e-01, 17.3, 0.3, 50
4032, 79317,21082022,17102022 223536,   3, 28387.1, 21.561,286.719,0.407855,359.9,255.865,1.01e+00, 16.7, 0.8,155
4033, 79400,22122009,17102022 141554,   4, 28473.3, 11.615,349.046,0.548000,359.4,277.034,2.08e+00, 15.9, 1.2,234
4034, 79401,08102013,17102022 164820,   0, 28443.8, 29.194,217.452,0.752138,  0.2, 80.557,6.39e-02, 15.5, 0.1,  2
4035, 79402,01092018,17102022 195235,   0, 28407.4, 21.156,292.183,0.453077,359.9,265.495,5.63e-02, 13.9, 0.1,  1
4036, 79403,02092018,17102022 225404,1138, 28423.2, 20.988,287.385,0.458403,359.9,271.525,4.01e-02, 15.6, 4.3,949
4037, 79404,07092018,17102022 203832,  22, 28402.4, 20.878,282.349,0.463444,359.9,273.646,1.09e+00, 17.2, 3.2,698
4038, 79405,09092018,18102022 074435,   1, 28436.3, 20.813,288.231,0.451341,359.9,268.306,1.41e+00, 16.4, 0.1, 19
4039, 79406,07092018,17102022 230121,  24, 28446.9, 20.875,278.419,0.485979,360.0,286.838,7.10e-01, 17.2, 2.8,639
4040, 79407,12092018,17102022 232044,  16, 28051.4, 21.956,234.960,0.650201,  0.2,  1.883,7.52e+00, 17.8,12.7, - 
4041, 79408,13102018,18102022 020332,1390, 27946.2, 26.869, 38.514,0.751253,359.8, 21.725,1.04e+00, 16.0, -  , - 
4042, 79409,06042019,18102022 055907,1114, 28414.2, 10.993,155.332,0.481288,  0.6, 84.024,5.45e-01, 18.2,19.7, - 
4043, 79410,06042019,17102022 165227,   1, 28490.0, 11.255,155.588,0.465571,  0.6, 78.513,8.28e-02, 14.0, 0.1,  2
4044, 79411,06042019,17102022 185230,   9, 28420.8, 11.922,163.734,0.450672,  0.6, 38.793,9.41e-01, 17.5, 0.7, 81
4045, 79412,06042019,17102022 233059, 252, 28447.3, 10.573,162.794,0.508204,  0.7, 83.297,2.12e+00, 17.5,36.1, - 
4046, 79413,28062019,18102022 100225,1170, 28419.2, 11.448,139.922,0.515314,  0.5,102.090,3.88e+00, 16.8,96.9, - 
4047, 79414,24082019,18102022 000925,1137, 28444.3, 10.154, 78.201,0.564798,359.8,211.465,9.71e+00, 17.5, -  , - 
4048, 79415,30092019,17102022 225754,   4, 28422.6, 20.978,287.358,0.459123,359.9,271.570,4.27e-02, 16.4, 0.1,  4
4049, 79417,17012020,18102022 025210, 267, 28336.6, 23.036,  9.166,0.167627,359.7,215.702,1.32e+01, 18.1,73.0, - 
4050, 79418,08062008,18102022 021402,   0, 28424.5,  8.526,253.181,0.477203,  0.3,144.628,1.00e-02, 17.6, 0.1,  1
4051, 79419,06122021,18102022 031559, 311, 28456.7, 42.864,202.892,0.608722,  0.2, 67.579,1.40e+01, 17.9,19.5, - 
4052, 79500,18122009,18102022 041657,   1, 28472.8,  7.679,262.392,0.471302,  0.1,140.901,4.35e-01, 15.7, 0.1,  8
4053, 79501,22052012,17102022 183910,  18, 28444.2,  8.499,280.250,0.469988,359.9, 99.017,9.87e-02, 18.0, 0.2, 31
4054, 79502,07092018,17102022 200818,   1, 28530.2, 21.684,298.872,0.529304,359.8,292.328,2.06e+00, 14.4, 0.4, 80
4055, 79503,07092018,17102022 163931,  16, 28430.4, 20.844,280.887,0.469336,359.9,277.281,3.33e-01, 17.7, 0.6,133
4056, 79504,07092018,17102022 231426, 701, 28447.0, 20.880,278.462,0.486001,360.0,286.744,6.26e-02, 18.1, 3.8,838
4057, 79505,08092018,17102022 221648, 346, 28438.0, 20.918,285.477,0.462001,359.9,274.122,6.31e-01, 18.4,42.0, - 
4058, 79506,03102018,18102022 015820, 291, 28448.7, 21.304,281.500,0.500728,359.9,286.901,1.07e-01, 17.9, 2.4,540
4059, 79507,09122018,17102022 200145,   0, 26888.1,  9.666, 81.682,0.537160,359.9,140.172,3.01e+01, 16.6, 0.2, 54
4060, 79508,07042019,17102022 210300,   1, 28434.9, 10.921,161.020,0.466654,  0.6, 74.738,1.33e-01, 14.2, 0.1,  5
4061, 79509,06042019,17102022 223947, 587, 28454.8, 11.382,150.577,0.484261,  0.6, 86.606,7.27e-01, 17.2,67.4, - 
4062, 79511,01072019,18102022 034146,  32, 28473.8, 11.065,151.039,0.525258,  0.6,101.504,5.92e+00, 17.3, 8.5, - 
4063, 79513,21082019,18102022 005317, 652, 28454.2,  8.949,133.861,0.593890,  0.6,144.380,5.98e+00, 17.5,56.7, - 
4064, 79514,23082019,17102022 122918,1144, 28476.4, 20.205,288.809,0.472199,359.9,251.415,5.91e+00, 18.0, -  , - 
4065, 79515,27092019,18102022 010224, 268, 28456.1, 21.262,286.516,0.452545,359.9,264.449,1.07e+00, 16.7,39.6, - 
4066, 79517,18102019,18102022 023328, 687, 28440.3, 11.017,174.470,0.398426,  0.7, 42.973,4.31e-01, 17.1, 6.5, - 
4067, 79518,10122020,18102022 050044, 649, 28444.3, 11.573,192.690,0.493930,  0.6, 47.337,1.31e+00, 17.4, 4.3,872
4068, 79519,20122020,18102022 013548,  16, 28432.0, 21.806,293.302,0.482674,359.9,269.171,1.34e-01, 13.2, 0.2, 42
4069, 79520,21082022,18102022 015345,  10, 28439.4, 21.014,298.598,0.411722,359.8,251.934,1.51e+00, 16.7, 0.3, 51
4070, 79600,25082012,18102022 041604,   0, 28431.6, 21.828,305.037,0.757598,359.8,350.775,3.42e-02, 14.4, 0.1,  1
4071, 79601,02092018,17102022 231556,   2, 28447.5, 21.174,293.089,0.454948,359.9,263.849,6.22e-02, 15.5, 0.1,  6
4072, 79602,17092018,18102022 073225, 755, 28553.3, 20.666,277.165,0.499039,360.0,283.149,2.25e-02, 15.7, 4.0,100
4073, 79603,02102018,18102022 065050,1020, 28456.7, 24.831,220.102,0.702405,  0.2,128.869,2.07e+00, 17.6,43.3, - 
4074, 79604,08042019,18102022 040152,   0, 28473.4, 11.153,154.630,0.474219,  0.6, 82.596,4.86e-02, 15.9, 0.1,  1
4075, 79605,06042019,18102022 072131,   1, 28460.1, 11.172,154.528,0.503223,  0.6, 84.066,1.46e+00, 16.4, 0.2, 45
4076, 79606,06042019,18102022 025253,   0, 28463.9, 11.202,154.244,0.473414,  0.6, 82.399,4.44e-02, 17.4, 0.1,  2
4077, 79607,06042019,18102022 020657,   0, 28316.4, 10.127,138.215,0.535399,  0.5,113.041,4.81e+00, 17.8, 0.1, 11
4078, 79608,15052019,18102022 004832, 726, 28397.1, 10.677,162.793,0.498199,  0.6, 83.798,2.94e-01, 17.1,18.9, - 
4079, 79609,19102019,18102022 104859,1093, 28437.7,  9.775,167.863,0.528612,  0.7, 71.451,5.38e+00, 17.1, -  , - 
4080, 79610,15072020,18102022 021432, 762, 28437.7, 11.904,119.102,0.561417,  0.3,141.546,3.98e+00, 17.3,77.4, - 
4081, 79612,01072012,18102022 075755, 158, 28453.9, 27.431, 26.909,0.745408,359.8, 23.679,1.21e-02, 17.4, 0.3, 18
4082, 79614,10092021,18102022 060510, 371, 28469.6, 11.368,150.388,0.478571,  0.6, 85.242,8.02e-02, 17.8,38.4, - 
4083, 79700,15102012,17102022 220944, 184, 28326.0, 23.329,299.834,0.758097,359.8,327.069,4.26e-02, 15.2, -  ,221
4084, 79701,03022017,17102022 183801,1113, 28490.2,  8.189,126.281,0.511813,  0.5, 27.420,2.55e-01, 16.9,92.9, - 
4085, 79702,19092017,17102022 205754, 950, 28531.8, 21.803,251.128,0.737016,  0.1,222.607,3.08e-01, 13.6,46.9, - 
4086, 79703,03102018,18102022 025223, 108, 28455.6, 21.054,278.466,0.491796,360.0,291.102,5.35e-02, 17.7, 0.7,113
4087, 79704,02102018,17102022 195216, 340, 28492.8, 20.819,277.346,0.468766,360.0,282.352,1.08e-01, 18.7, 7.5, - 
4088, 79705,02112018,17102022 161641,1154, 28486.1, 21.162,280.252,0.494849,359.9,281.257,7.63e-01, 18.0,43.9, - 
4089, 79706,09122018,18102022 030328, 776, 28473.9, 20.905,286.474,0.449906,359.9,269.649,2.52e-02, 17.1, 2.4,508
4090, 79707,25022019,18102022 023408, 973, 28501.0,  5.635,255.608,0.483449,  0.3,165.321,3.81e-01, 17.7,36.5, - 
4091, 79708,11042019,18102022 080048,1109, 28491.9, 11.247,156.019,0.464594,  0.6, 77.731,6.97e-02, 17.1, 8.0, - 
4092, 79709,06042019,18102022 002749,1165, 28492.0, 10.831,156.003,0.486669,  0.6, 83.043,5.59e-01, 18.0, 9.4, - 
4093, 79710,06042019,18102022 033451, 729, 28456.6,  9.590,148.232,0.558239,  0.6,115.195,3.45e+00, 18.9,87.5, - 
4094, 79711,08052019,18102022 050657,   0, 28537.4, 10.735,158.878,0.496028,  0.6, 84.746,1.51e-01, 16.5, 0.1,  4
4095, 79712,25072019,17102022 184745,  17, 28478.8, 20.751,272.876,0.515195,360.0,289.767,2.20e+00, 17.1, 1.9,406
4096, 79713,30072019,18102022 060312, 384, 28503.3, 10.771,151.325,0.518755,  0.6, 98.233,9.67e-01, 17.2,40.1, - 
4097, 79714,31072019,18102022 005736, 726, 28487.5, 10.658,167.433,0.489541,  0.7, 74.837,1.20e-01, 18.1, 3.1,631
4098, 79716,14102020,17102022 213825,   3, 28478.0, 10.888,157.163,0.491765,  0.6, 79.567,1.87e+00, 18.1, 0.1, 17
4099, 79717,24102020,18102022 004825, 708, 28495.3, 11.168,152.381,0.482676,  0.6, 86.958,1.44e-01, 16.3, 1.0,104
4100, 79718,21112020,18102022 100706, 644, 28473.2, 10.758,154.515,0.490457,  0.6, 86.058,2.41e+00, 18.3,46.9, - 
4101, 79720,23082022,18102022 044807,  51, 28487.5, 21.318,301.607,0.368360,359.8,231.263,4.21e+00, 17.9,10.3, - 
4102, 79800,12092018,18102022 024057, 357, 28548.6, 20.334,274.662,0.514037,360.0,284.570,2.63e+00, 14.3, -  , - 
4103, 79801,11092018,17102022 135909,   1, 28506.3, 20.885,284.258,0.477743,359.9,274.156,1.01e+00, 16.7, 0.1, 27
4104, 79802,02102018,17102022 212822,   2, 28475.2, 21.052,294.539,0.425434,359.9,257.090,1.63e-01, 14.8, 0.1,  3
4105, 79803,08042019,18102022 095326, 731, 28517.8, 11.032,155.985,0.478949,  0.6, 82.103,3.72e-02, 16.9, 7.4, - 
4106, 79804,08042019,18102022 084614,   0, 28501.2, 11.015,157.832,0.472414,  0.6, 78.671,1.80e-02, 15.0, 0.1,  1
4107, 79805,09042019,18102022 002013, 783, 28504.1, 10.986,159.450,0.467971,  0.6, 75.818,2.93e-02, 17.8, 1.4,266
4108, 79806,09042019,18102022 064105, 729, 28539.3, 11.033,151.372,0.499094,  0.6, 92.807,5.60e-01, 18.0, 8.5, - 
4109, 79807,06042019,18102022 075105, 653, 28518.9, 11.055,148.715,0.502941,  0.6, 94.908,1.28e+00, 18.1,74.3, - 
4110, 79808,06042019,17102022 165501,  16, 28515.8, 10.729,161.367,0.492053,  0.6, 81.259,1.15e-01, 18.3, 0.1, 17
4111, 79809,06042019,17102022 192034,  32, 28489.7, 10.799,165.775,0.484407,  0.6, 68.136,2.87e-02, 17.5, 0.2, 36
4112, 79810,26052019,18102022 081938, 396, 28449.1,  9.862,119.659,0.601212,  0.4,138.262,7.67e+00, 17.7,81.9, - 
4113, 79811,06072019,17102022 213231,   2, 28504.2, 12.082,141.622,0.491979,  0.5, 95.636,1.13e+00, 16.6, 0.4, 86
4114, 79812,27062019,17102022 124307,1195, 28577.9, 20.128,282.993,0.478561,359.9,263.320,3.84e+00, 17.1, -  , - 
4115, 79813,06082019,18102022 033427, 292, 28448.8, 11.835,109.199,0.639169,  0.2,164.015,6.29e+00, 16.4, -  , - 
4116, 79814,23092019,18102022 052210, 234, 28505.2, 10.736,149.995,0.523633,  0.6,100.754,2.23e-01, 17.2,21.4, - 
4117, 79815,25092019,18102022 112412, 755, 28511.1, 10.994,145.161,0.509644,  0.5, 99.415,3.22e-01, 18.1, 2.8,465
4118, 79816,02102019,17102022 225846,1086, 28298.7, 16.516,283.626,0.404154,359.9,232.511,1.94e+01, 14.7, -  , - 
4119, 79817,05102019,18102022 043627, 621, 28537.0, 10.883,153.823,0.449812,  0.6, 86.414,6.72e-01, 18.2, 5.6, - 
4120, 79818,26102019,17102022 230747, 252, 28480.6, 10.736,165.744,0.489441,  0.7, 66.936,1.95e+00, 16.5,71.5, - 
4121, 79819,16102020,17102022 193702, 617, 28492.0, 12.240,140.409,0.505990,  0.5, 95.145,2.01e+00, 16.9, -  , - 
4122, 79820,13102020,18102022 033958, 724, 28476.6, 10.696,162.117,0.487609,  0.6, 72.019,3.13e+00, 19.0, -  , - 
4123, 79821,16102022,17102022 153403,   1, 28520.1, 10.666,160.185,0.436569,  0.6, 77.471,5.89e+00, 16.9, 0.7,144
4124, 79900,23012010,18102022 041028,   3, 28629.8,  7.294,240.705,0.471022,  0.5,170.537,1.85e+00, 15.6, 0.3, 23
4125, 79901,10092016,17102022 215613,1223, 28558.7, 22.612,338.248,0.755204,359.7,285.479,4.46e-02, 16.6,74.5,680
4126, 79902,11092018,17102022 165043,   1, 28538.9, 20.884,284.923,0.465606,359.9,273.717,1.22e-02, 17.9, 0.1,  1
4127, 79903,08092018,17102022 204616, 360, 28499.9, 20.892,284.388,0.467433,359.9,274.856,2.12e-01, 16.7,11.0, - 
4128, 79904,11092018,17102022 203737,  39, 28521.6, 20.999,281.626,0.467688,359.9,270.341,1.02e+00, 15.8, 9.6, - 
4129, 79905,12092018,17102022 164935,   1, 28577.1, 20.846,251.077,0.542344,  0.1,327.240,1.61e+00, 17.0, 0.2, 25
4130, 79906,08092018,18102022 080432,  17, 28527.5, 21.034,274.825,0.456754,360.0,280.265,4.90e-02, 17.7, 0.1,  1
4131, 79907,09042019,18102022 093944,  90, 28571.8, 11.053,156.350,0.475211,  0.6, 76.283,3.74e-02, 18.1, 1.1,201
4132, 79908,09042019,18102022 024345,   1, 28537.7, 11.148,155.337,0.474845,  0.6, 81.091,3.75e-02, 16.7, 0.1,  1
4133, 79909,09042019,18102022 014447,   0, 28545.6, 11.299,153.532,0.476823,  0.6, 82.671,5.53e-02, 15.9, 0.1,  1
4134, 79910,09042019,18102022 082249,1114, 28514.7, 10.399,159.676,0.481029,  0.7, 79.709,1.92e+00, 15.6, -  , - 
4135, 79911,06042019,18102022 012149,   0, 28507.2, 10.830,160.545,0.479674,  0.6, 76.982,4.30e-01, 16.5, 0.1,  9
4136, 79912,06042019,18102022 043859,1267, 28510.1, 10.949,146.573,0.514022,  0.6, 96.065,2.38e+00, 18.2,13.6, - 
4137, 79913,29052019,17102022 222958,   4, 28539.2, 10.684,180.447,0.434290,  0.7, 45.517,1.12e-01, 16.8, 0.1, 14
4138, 79914,23082019,18102022 015732,1121, 28535.1, 10.878,145.521,0.527788,  0.5, 98.628,4.36e+00, 18.3,98.7, - 
4139, 79915,25082019,18102022 042730,1141, 28534.7, 10.249,118.619,0.578552,  0.3,151.606,6.24e+00, 17.4, -  , - 
4140, 79916,27092019,18102022 024650, 209, 28565.0, 12.581,124.630,0.534893,  0.3,132.920,7.95e+00, 15.1,88.1, - 
4141, 79917,27112019,18102022 103653,1020, 28453.2,  9.688,142.444,0.564987,  0.6,110.582,5.22e+00, 18.4,64.1, - 
4142, 80000,12092018,17102022 190412,   6, 28420.4, 20.751,275.935,0.470031,360.0,281.641,9.73e-01, 17.2, 0.8,155
4143, 80001,07102018,17102022 174117,1460, 28560.4, 21.263,290.607,0.476507,359.9,269.434,1.13e-01, 18.3,14.5, - 
4144, 80002,11042019,18102022 060853, 582, 28565.5, 10.887,154.988,0.487288,  0.6, 82.776,1.32e+00, 17.7,22.9, - 
4145, 80003,09042019,17102022 223229, 725, 28559.2, 10.964,160.429,0.470238,  0.6, 74.294,1.34e-01, 17.9,42.3, - 
4146, 80004,06042019,18102022 021246,   0, 28550.0, 10.832,154.995,0.488031,  0.6, 83.504,8.88e-01, 17.6, 0.1,  4
4147, 80005,06062019,18102022 021930, 319, 28545.5, 12.020,140.695,0.514793,  0.5,110.763,3.01e+00, 15.4,61.0, - 
4148, 80006,26082019,17102022 213343, 311, 28544.1, 10.540,150.607,0.529610,  0.6, 99.879,1.32e+00, 17.0,39.8, - 
4149, 80007,25092019,18102022 011230, 730, 28491.3, 10.288,162.159,0.494970,  0.7, 67.980,1.56e+00, 17.9,31.7, - 
4150, 80008,02102019,18102022 010718,1086, 28558.9, 11.428,176.435,0.354976,  0.6, 43.160,3.71e+00, 18.1, -  , - 
4151, 80009,02102019,18102022 011340, 681, 28676.3, 12.543,117.639,0.570694,  0.3,142.267,8.51e+00, 18.3, -  , - 
4152, 80010,28072020,18102022 003032, 780, 28546.3, 19.681,303.983,0.237966,359.8,268.616,1.50e+01, 14.3, -  , - 
4153, 80011,13102020,17102022 214808, 378, 28543.7, 11.137,156.706,0.468298,  0.6, 76.774,6.47e-01, 18.7, 5.9, - 
4154, 80012,21102020,18102022 022850,   0, 28563.3, 10.696,164.175,0.488165,  0.7, 76.876,9.69e-03, 19.0, 0.1,  1
4155, 80013,12052021,18102022 010528, 343, 28584.0,  8.855,132.624,0.515327,  0.6,  4.127,9.57e-01, 18.2,12.2, - 
4156, 80014,18072012,18102022 024007,   1, 28532.3,  9.714,312.461,0.465023,359.5, 30.235,3.73e-01, 17.1, 0.1,  2
4157, 80100,16042016,17102022 220513,  18, 28584.9, 10.295,244.118,0.416599,  0.3,209.415,1.36e-02, 19.1, 0.1,  4
4158, 80101,07092018,17102022 171825,1491, 28576.3, 20.826,290.273,0.447762,359.9,257.460,2.51e+00, 19.0, -  , - 
4159, 80102,09042019,17102022 224502, 736, 28593.2, 11.074,159.587,0.464807,  0.6, 73.039,8.27e-02, 17.2, 6.6,746
4160, 80103,25042019,17102022 184109, 266, 28298.6, 11.723,100.021,0.589028,  0.1,191.379,4.83e+00, 12.7,42.4, - 
4161, 80104,06042019,17102022 225956,   3, 28442.1, 11.640,138.992,0.546793,  0.5,109.878,2.36e+00, 15.3, 1.3,289
4162, 80105,06042019,18102022 064805,1234, 28562.9, 10.772,152.759,0.505737,  0.6, 90.008,1.35e+00, 18.2,39.3, - 
4163, 80106,03062019,18102022 001120, 658, 28562.5, 10.877,154.973,0.504614,  0.6, 85.200,2.00e+00, 17.5,25.6, - 
4164, 80107,09082019,18102022 045724, 976, 28581.2, 10.905,162.615,0.471585,  0.6, 69.904,1.66e+00, 17.1,65.2, - 
4165, 80108,28082019,17102022 203655,1088, 28578.6, 10.314,143.248,0.561277,  0.6,118.474,2.92e+00, 18.0,29.2, - 
4166, 80109,02112019,18102022 090645,1057, 28525.9,  9.784,148.012,0.577050,  0.6,109.873,5.47e+00, 17.5,93.1, - 
4167, 80111,13102020,17102022 225251,  17, 28593.7, 11.080,159.512,0.464814,  0.6, 73.159,7.64e-02, 17.2, 0.1, 26
4168, 80112,13102020,17102022 230435, 258, 28590.4, 10.771,166.171,0.450904,  0.7, 66.555,1.32e+00, 17.8,18.2, - 
4169, 80113,02102022,18102022 021301,   2, 28589.8, 26.117, 51.276,0.674633,359.8,187.173,3.20e+00, 15.5, 0.2, 37
4170, 80200,02012015,18102022 012556,   3, 28621.7, 24.536,227.076,0.714416,  0.2,143.448,9.11e-02, 14.5, 0.1,  9
4171, 80201,07092018,17102022 200202,   1, 28618.7, 21.072,287.109,0.481177,359.9,273.861,1.09e-01, 14.1, 0.1,  3
4172, 80202,07092018,17102022 194923,1445, 28587.2, 20.456,288.595,0.488420,359.9,259.514,3.86e+00, 17.9,66.6, - 
4173, 80203,03092018,17102022 155954,1497, 28616.0, 20.773,280.337,0.507726,359.9,280.107,1.45e+00, 19.0, -  , - 
4174, 80204,11092018,17102022 143306,1462, 28600.7, 20.840,285.788,0.459694,359.9,267.854,5.69e-01, 18.6,45.2, - 
4175, 80205,25092018,18102022 002359,  55, 28635.2, 20.930,281.875,0.427941,359.9,270.716,2.96e+00, 17.6, 4.3,948
4176, 80206,07092018,17102022 184744,  11, 28547.7, 20.911,286.013,0.455977,359.9,269.143,1.86e-01, 17.0, 0.2, 41
4177, 80207,07042019,18102022 055412,   1, 28614.2, 11.008,158.503,0.474760,  0.6, 77.002,2.23e-02, 13.8, 0.1,  1
4178, 80208,11042019,17102022 200620, 975, 28616.4, 11.102,158.735,0.468932,  0.6, 74.823,7.50e-03, 16.6, 1.1,241
4179, 80209,03062019,18102022 041315, 929, 28616.0, 10.898,158.850,0.489963,  0.6, 81.016,6.41e-01, 18.0,22.5, - 
4180, 80210,19072019,17102022 220853, 685, 28614.0, 12.490,143.081,0.476644,  0.5,102.359,4.75e+00, 15.5, -  , - 
4181, 80211,02082019,18102022 090215,   2, 28616.3, 11.087,157.949,0.470774,  0.6, 76.263,1.37e-02, 16.1, 0.1,  1
4182, 80212,02082019,18102022 023708, 333, 28699.1, 13.006,140.681,0.467497,  0.4, 89.912,6.19e+00, 16.3, -  , - 
4183, 80213,26012020,17102022 212818, 957, 28690.5, 67.469,275.756,0.410299,360.0, 13.257,1.05e+01, 17.2,45.2, - 
4184, 80215,16122020,18102022 065909, 647, 28659.4,  3.183, 63.512,0.368844,358.9,275.644,3.64e+00, 17.7,75.6, - 
4185, 80300,16012016,18102022 020305,   1, 28624.7, 10.297,244.368,0.419027,  0.3,209.044,6.37e-03, 16.0, 0.1,  1
4186, 80301,27122016,17102022 235013,   2, 28661.7, 71.562,155.713,0.550441,  0.1,347.893,1.95e+00, 15.5, 0.1,  4
4187, 80302,03092018,17102022 222342,   2, 28640.1, 20.939,285.972,0.476981,359.9,273.673,2.64e-02, 17.3, 0.1,  1
4188, 80303,03092018,18102022 065633,   1, 28660.4, 21.381,294.077,0.473897,359.9,264.032,1.77e-01, 17.9, 0.1,  2
4189, 80304,17102018,18102022 072221, 402, 28657.6, 10.752,165.881,0.471804,  0.7, 68.361,2.76e-01, 16.6,13.0, - 
4190, 80306,02082019,18102022 074933, 702, 28635.4, 10.705,160.892,0.517159,  0.6, 74.258,3.74e+00, 18.8, -  , - 
4191, 80307,19102019,18102022 003516, 618, 28602.5, 11.486,207.496,0.533605,  0.6,  6.692,9.44e+00, 16.4, -  , - 
4192, 80308,13102020,18102022 014025, 667, 28446.4, 19.354,281.381,0.475796,359.9,237.616,7.35e+00, 15.7, -  , - 
4193, 80309,19102020,18102022 024501,  20, 28626.8, 10.883,157.944,0.488567,  0.6, 81.686,8.26e-01, 17.5, 1.5,330
4194, 80400,16102012,18102022 111657,   1, 28398.9,  6.794,121.340,0.542885,  0.5, 37.353,2.92e+00, 16.4, 0.5,103
4195, 80401,14082018,17102022 183415,  43, 28727.0,  6.096,101.696,0.719716,  0.2,  1.241,7.92e-02, 17.9, 0.4, 89
4196, 80402,02092018,17102022 130252, 402, 28701.6, 20.201,283.928,0.515240,359.9,274.979,6.79e+00, 16.9,56.6, - 
4197, 80403,06092018,18102022 014938,1502, 28647.7, 20.903,290.088,0.446753,359.9,261.192,4.49e-01, 19.0, -  , - 
4198, 80404,07042019,17102022 180608,   1, 28653.3, 10.975,165.654,0.450769,  0.6, 62.198,2.15e-01, 13.4, 0.1, 10
4199, 80405,11042019,18102022 001644,   0, 28653.0, 11.070,157.805,0.473411,  0.6, 76.578,7.81e-02, 14.9, 0.1,  2
4200, 80406,09042019,18102022 071003, 727, 28635.8, 10.785,161.234,0.486766,  0.6, 73.381,8.25e-01, 18.6,39.2, - 
4201, 80407,06042019,18102022 042745,   0, 28661.4, 10.918,159.102,0.479340,  0.6, 76.955,3.37e-01, 18.1, 0.1,  3
4202, 80409,24082019,18102022 010153,1091, 28667.3, 11.923,158.831,0.599816,  0.6, 89.342,2.06e+00, 17.6,69.3, - 
4203, 80410,21092019,17102022 170644,   1, 28646.8, 11.012,154.622,0.505381,  0.6, 85.243,5.51e-01, 16.9, 0.1, 27
4204, 80411,21112019,18102022 064527, 672, 28646.2, 11.109,157.577,0.470806,  0.6, 75.593,2.78e-01, 17.3, 9.9, - 
4205, 80413,13102021,18102022 085728, 366, 28734.8, 22.985,250.075,0.624494,  0.1,320.499,5.85e+00, 18.2,13.4, - 
4206, 80414,27102021,18102022 100541, 291, 28624.8, 11.542,218.397,0.429557,  0.5,344.608,8.11e+00, 16.8, -  , - 
4207, 80500,02092018,18102022 030601,   2, 28681.6, 20.710,268.856,0.507995,  0.0,298.584,8.96e-02, 16.0, 0.1,  8
4208, 80501,03092018,17102022 154838,1413, 28657.8, 20.415,291.133,0.484274,359.9,254.547,4.22e+00, 18.1,48.9, - 
4209, 80502,03092018,18102022 001554, 275, 28707.1, 21.020,283.429,0.496521,359.9,279.323,2.17e-01, 17.4, 7.9, - 
4210, 80503,11112018,17102022 170324,   1, 28666.2, 20.798,281.858,0.472928,359.9,276.329,1.21e-02, 18.3, 0.1,  1
4211, 80504,09042019,17102022 161850,   2, 28620.2, 11.070,157.715,0.474216,  0.6, 77.162,6.10e-02, 13.6, 0.1, 11
4212, 80505,09042019,18102022 052834,   1, 28679.8, 11.072,158.619,0.473024,  0.6, 75.072,7.19e-02, 16.7, 0.1,  4
4213, 80506,29042019,18102022 005153,   0, 28607.5, 11.350,150.299,0.483856,  0.6, 85.944,1.76e+00, 16.3, 0.2, 32
4214, 80507,01052019,18102022 041439, 282, 28663.2, 11.172,189.898,0.493378,  0.6, 44.974,1.37e+00, 16.7,29.2, - 
4215, 80508,06042019,18102022 091729,  17, 28668.7, 10.955,157.289,0.486009,  0.6, 79.628,6.29e-01, 18.3, 0.3, 58
4216, 80509,01122019,18102022 045155, 201, 28683.2, 11.184,159.408,0.482733,  0.6, 73.667,2.08e-01, 17.0, 4.6, - 
4217, 80510,14122020,17102022 141657, 647, 28789.7, 11.485, 81.390,0.620301,359.9,248.441,8.01e+00, 14.8, -  , - 
4218, 80600,03092018,17102022 132032, 341, 28760.8, 20.153,285.519,0.507848,359.9,259.984,7.72e+00, 17.0,87.5, - 
4219, 80601,06092018,17102022 125845,  17, 28692.0, 20.815,283.889,0.464251,359.9,271.619,2.07e-01, 17.1, 0.3, 33
4220, 80602,03092018,17102022 192521, 360, 28752.6, 20.320,285.550,0.445196,359.9,265.213,1.41e+00, 16.6,69.3, - 
4221, 80603,03092018,18102022 032244,   0, 28698.6, 21.021,289.263,0.476568,359.9,268.494,1.08e-01, 17.2, 0.1,  4
4222, 80604,07042019,18102022 072718,   1, 28714.4, 11.051,158.842,0.473679,  0.6, 74.684,6.31e-02, 14.4, 0.1,  1
4223, 80605,09042019,17102022 161535,  15, 28672.0, 11.397,152.557,0.489534,  0.6, 81.971,3.82e-01, 16.1, 1.1,232
4224, 80606,07042019,17102022 173304,   1, 28714.4, 10.914,162.603,0.469971,  0.6, 70.021,6.70e-02, 16.7, 0.1,  1
4225, 80607,12042019,18102022 102958,  10, 28681.9, 11.218,152.036,0.489975,  0.6, 85.200,4.77e-01, 17.2, 0.4, 83
4226, 80608,06042019,17102022 225529,1234, 28662.1, 11.308,146.276,0.509932,  0.5, 91.980,3.07e+00, 16.4, -  , - 
4227, 80609,27062019,18102022 074324,   4, 28701.3, 10.830,170.726,0.447254,  0.7, 55.854,1.09e-01, 16.7, 0.1, 14
4228, 80610,25072019,17102022 193618, 340, 28894.9, 19.963,284.178,0.488021,359.9,267.647,5.97e+00, 16.2, -  , - 
4229, 80611,25072019,18102022 060701, 726, 28713.7, 12.363,113.419,0.580248,  0.2,157.244,5.15e-02, 17.7,12.1, - 
4230, 80612,23092019,18102022 044436,  11, 28687.3, 11.046,158.506,0.474044,  0.6, 75.172,5.17e+00, 16.7, 9.4, - 
4231, 80613,18112019,18102022 031124, 398, 28691.6, 10.817,146.299,0.562453,  0.6,100.396,9.44e-01, 17.9, -  ,569
4232, 80615,31082022,18102022 082943,  44, 28672.0, 10.588,180.284,0.478847,  0.7, 53.551,2.15e+00, 17.8,28.8, - 
4233, 80700,27102016,17102022 223954,1021, 27909.4, 20.242, 54.724,0.343819,359.8,164.116,3.10e+01, 16.4, -  , - 
4234, 80701,18102018,18102022 042456,  18, 28729.5, 10.707,164.887,0.481135,  0.7, 71.661,1.11e-01, 16.7, 0.2, 39
4235, 80702,30082018,17102022 223838,1365, 28715.8, 21.061,298.297,0.420590,359.8,248.440,1.25e-01, 16.4,24.9, - 
4236, 80703,27062019,17102022 183416, 396, 28799.4, 10.559,124.471,0.612343,  0.4,155.610,3.42e+00, 17.3, -  , - 
4237, 80705,29092019,18102022 082602,1091, 28719.9, 10.417,156.611,0.509214,  0.6, 84.351,1.38e+00, 18.3,44.4, - 
4238, 80706,16102020,17102022 222608, 726, 28727.8, 11.279,144.078,0.515607,  0.5,101.095,5.58e-01, 18.8, -  , - 
4239, 80800,06092018,17102022 125433,   1, 28689.8, 20.859,276.666,0.476869,360.0,279.795,1.72e+00, 15.3, 0.2, 46
4240, 80801,06092018,17102022 174625,   1, 28766.3, 20.640,285.382,0.501828,359.9,265.953,2.78e+00, 17.8, 0.1,  9
4241, 80802,10092018,17102022 151438,1498, 28747.2, 20.560,288.176,0.497932,359.9,262.656,3.14e+00, 19.0, -  , - 
4242, 80803,06042019,18102022 015415,   0, 28691.7, 11.298,154.638,0.482507,  0.6, 78.272,1.78e+00, 17.5, 0.3, 26
4243, 80804,12082019,18102022 094922, 710, 28723.8,  8.851,156.775,0.524852,  0.7, 86.911,5.25e+00, 17.2, -  , - 
4244, 80900,23062012,17102022 204714, 207, 28824.2, 26.261,323.815,0.701343,359.8,335.581,2.24e-02, 16.4, 0.4, 87
4245, 80901,03092018,18102022 043221,   1, 28790.8, 20.685,274.795,0.496815,360.0,288.077,1.21e-01, 16.5, 0.1,  3
4246, 80902,06092018,17102022 131008,   3, 28835.0, 20.829,285.625,0.480504,359.9,271.700,1.03e-01, 15.8, 0.1,  1
4247, 80903,10092018,17102022 214526, 721, 28860.2, 19.855,285.873,0.479536,359.9,259.841,6.84e+00, 16.1, -  , - 
4248, 80904,09112018,17102022 131223,1424, 28709.3, 20.357,278.735,0.528134,360.0,270.948,5.41e+00, 17.5,73.9, - 
4249, 80905,08042019,17102022 233128,   0, 28786.9, 10.938,162.214,0.472081,  0.6, 69.860,9.18e-02, 16.2, 0.1,  2
4250, 80906,06042019,18102022 042448,  21, 28729.1, 10.723,164.837,0.482936,  0.7, 71.618,1.49e+00, 16.6, 4.3,879
4251, 80907,06042019,18102022 014107,   0, 28729.4, 10.682,164.495,0.500933,  0.7, 73.894,3.44e-01, 16.8, 0.1, 10
4252, 80909,24042019,18102022 085726, 311, 28770.6, 10.852,165.338,0.466816,  0.6, 65.529,3.57e-01, 17.5,32.1, - 
4253, 80910,14052019,18102022 055238, 767, 28758.7, 10.682,163.238,0.482806,  0.6, 65.909,1.96e-01, 17.3,22.1, - 
4254, 80911,03072019,18102022 013937,   0, 28787.5, 10.590,162.039,0.507511,  0.6, 79.108,1.47e+00, 16.1, 0.1, 21
4255, 80912,29092019,18102022 035318,   4, 28786.3, 11.116,157.758,0.476426,  0.6, 75.410,1.39e-01, 17.2, 0.1, 16
4256, 81000,16012016,17102022 175826,   2, 28785.6, 10.201,245.519,0.420718,  0.3,204.791,4.88e-03, 16.8, 0.1,  1
4257, 81001,02092018,18102022 034224,  48, 28784.4, 20.871,288.664,0.463660,359.9,265.677,6.01e-03, 19.2, 0.2,  9
4258, 81002,07092018,17102022 165638, 698, 28764.2, 20.415,287.779,0.483523,359.9,261.482,4.12e+00, 16.7, -  , - 
4259, 81003,11092018,17102022 214241,1487, 28762.5, 20.317,285.725,0.475820,359.9,253.002,5.04e+00, 17.7,61.0, - 
4260, 81004,28082019,18102022 044912,   1, 28771.7, 12.519,127.553,0.523254,  0.3,117.003,6.95e+00, 17.1, 0.7,142
4261, 81005,12072020,17102022 223300, 752, 26424.9, 15.726, 89.779,0.549462,360.0,202.939,9.69e+00, 16.2, -  , - 
4262, 81100,09032018,17102022 195916,1682, 28793.5,  6.801, 97.525,0.539529,  0.1, 83.982,3.41e+00, 18.6, -  , - 
4263, 81101,02092018,18102022 050013,  40, 28865.2, 20.971,288.551,0.484832,359.9,269.191,1.31e-01, 17.0, 0.3, 54
4264, 81102,07042019,18102022 044121,   1, 28813.5, 10.917,161.662,0.476072,  0.6, 71.434,1.00e-02, 15.3, 0.1,  1
4265, 81103,12042019,18102022 020708,   0, 28828.7, 11.118,157.155,0.477234,  0.6, 75.518,4.27e-02, 15.8, 0.1,  2
4266, 81104,06042019,18102022 022429,  17, 28828.0, 11.337,153.339,0.483118,  0.6, 79.938,5.67e-02, 16.9, 0.1, 10
4267, 81107,27082021,18102022 005442,   3, 28800.2, 10.633,149.339,0.564395,  0.6,106.804,1.49e+00, 18.0, 0.8, 51
4268, 81108,28082022,18102022 043722,  41, 28784.9, 11.575,140.352,0.521220,  0.5, 91.393,3.62e+00, 17.0,45.0, - 
4269, 81109,01102022,17102022 173418,   1, 28819.9, 20.934,293.685,0.449375,359.9,256.716,1.03e-02, 17.1, 0.1,  1
4270, 81200,22122009,17102022 225634,   1, 28837.5,  8.919, 82.588,0.452033,359.9,202.972,2.77e-01, 15.5, 0.1,  9
4271, 81201,02092018,17102022 220245,   5, 28852.8, 21.073,293.995,0.467976,359.9,260.122,2.68e-02, 16.7, 0.1,  5
4272, 81202,11092018,18102022 024523,1115, 28813.0, 20.367,296.458,0.496534,359.8,247.705,4.12e+00, 16.5,73.4, - 
4273, 81203,08102018,17102022 155051,   1, 28835.9, 20.778,283.206,0.473789,359.9,272.522,2.80e-02, 18.0, 0.1,  5
4274, 81204,09042019,17102022 213625,   1, 28842.3, 11.086,158.942,0.476141,  0.6, 73.250,8.65e-02, 16.4, 0.1,  3
4275, 81205,12042019,18102022 093310,   2, 28846.9, 10.831,161.161,0.483854,  0.6, 74.194,2.95e-01, 18.4, 0.1, 15
4276, 81206,06042019,18102022 025058, 889, 28833.2, 11.158,158.563,0.480106,  0.6, 73.848,2.14e-01, 15.4,15.5, - 
4277, 81207,06042019,17102022 192013,  11, 28855.7, 10.608,174.565,0.456444,  0.7, 51.691,7.96e-01, 15.8, 1.2,269
4278, 81208,30062019,17102022 233642,1118, 28860.6, 10.669,185.483,0.444149,  0.7, 37.670,2.73e+00, 15.2, -  , - 
4279, 81210,30082019,17102022 213756,   2, 28825.2, 11.099,158.785,0.474790,  0.6, 73.340,2.41e-01, 14.9, 0.1, 13
4280, 81211,21092019,17102022 201116,   2, 28844.7, 10.992,159.668,0.479787,  0.6, 73.933,1.05e-01, 15.6, 0.1, 13
4281, 81212,28092019,18102022 050237, 293, 28846.9, 10.939,161.778,0.478721,  0.6, 70.960,3.04e-02, 18.0, 0.9,151
4282, 81214,06122019,17102022 235420,1024, 28789.2,  7.339, 62.015,0.367480,359.5,166.416,1.41e+01, 16.8, -  , - 
4283, 81215,27012020,17102022 215023,  13, 28432.9,  3.946, 14.016,0.296166,358.2,181.358,1.62e+01, 17.8, 1.8,393
4284, 81216,02102021,18102022 022930, 345, 28833.9,  5.567, 89.903,0.263111,360.0,160.172,1.38e+01, 16.7,40.0, - 
4285, 81217,30012016,17102022 172843,   2, 28846.4, 10.298,248.962,0.417815,  0.3,198.949,1.00e-02, 17.3, 0.1,  1
4286, 81218,01102022,17102022 222053,  14, 28837.5, 20.839,282.616,0.473943,359.9,272.433,2.88e-01, 18.6, 1.6,278
4287, 81300,31012016,17102022 214512,   3, 28864.6, 10.553,252.723,0.419124,  0.2,194.831,2.08e-02, 16.8, 0.1,  2
4288, 81301,02092018,17102022 200202,   0, 28867.2, 20.757,286.850,0.472400,359.9,266.881,6.84e-01, 13.6, 0.1, 14
4289, 81302,02092018,17102022 213630,  15, 28868.0, 20.832,287.569,0.471152,359.9,266.848,5.66e-02, 16.9, 0.1, 12
4290, 81303,14092018,17102022 194401,   1, 28868.2, 21.243,297.557,0.463669,359.8,255.492,9.39e-02, 15.3, 0.1,  6
4291, 81305,06122018,17102022 233208,  16, 28865.5, 21.061,299.820,0.427614,359.8,245.956,1.94e-01, 17.4, 0.1, 26
4292, 81306,09042019,17102022 234142, 385, 28882.8, 10.917,153.452,0.507523,  0.6, 88.115,9.82e-02, 17.4, 6.5, - 
4293, 81307,06042019,18102022 052037,  52, 28882.8, 10.824,168.698,0.471930,  0.7, 53.961,7.11e-01, 18.7, 0.5, 91
4294, 81309,25072019,18102022 092751,   6, 28889.2, 10.728,172.963,0.452712,  0.7, 52.676,2.37e-01, 16.1, 0.2, 49
4295, 81310,25092019,18102022 095602,1110, 28861.7, 10.606,159.783,0.495182,  0.6, 68.305,4.93e+00, 17.7,82.4, - 
4296, 81311,14072020,18102022 003924, 732, 28885.8, 10.363,178.865,0.435761,  0.7, 45.506,4.64e+00, 16.7, -  , - 
4297, 81312,13122020,18102022 074451, 243, 28872.7, 11.076,159.310,0.475512,  0.6, 72.783,9.77e-02, 15.8, 0.6,112
4298, 81313,30032022,17102022 164731,  77, 28902.3,  9.573,  4.086,0.463643,359.2,  5.008,1.72e+00, 18.2, 1.4,300
4299, 81400,09092018,18102022 053130,   1, 28893.1, 21.110,293.123,0.478170,359.9,262.567,3.74e-02, 18.0, 0.1,  1
4300, 81401,10092018,18102022 070450,1265, 28888.5, 20.736,280.475,0.488408,359.9,277.861,1.43e-01, 18.0, 8.6, - 
4301, 81402,24012019,17102022 213633,   2, 28867.9, 20.835,287.580,0.471407,359.9,266.858,1.42e-01, 16.7, 0.1, 16
4302, 81403,27042019,18102022 002400,  57, 28918.5, 10.179,181.713,0.434777,  0.7, 41.728,2.06e+00, 15.5,13.0, - 
4303, 81404,03072019,17102022 215410,   1, 28893.9, 10.893,168.760,0.451261,  0.7, 56.153,1.26e-01, 14.8, 0.1,  6
4304, 81405,25072019,18102022 070505,   1, 28882.4, 10.812,169.415,0.459982,  0.7, 58.171,3.13e-01, 16.5, 0.1, 19
4305, 81406,06042019,18102022 004106, 710, 29058.1, 10.940,167.040,0.500871,  0.6, 49.132,7.27e+00, 19.1,87.8, - 
4306, 81407,03102019,18102022 010713,1091, 28916.8,  9.980,175.366,0.516088,  0.7, 37.293,7.82e+00, 16.5, -  , - 
4307, 81408,18102019,18102022 011827,   3, 28887.1, 20.759,279.837,0.477550,359.9,275.487,2.06e-01, 16.7, 0.1, 13
4308, 81409,06102022,17102022 182040,   0, 28887.0, 21.024,292.777,0.474279,359.9,261.916,1.68e-01, 14.0, 0.1,  1
4309, 81500,30012016,17102022 205630,   2, 28921.2, 10.575,254.142,0.418470,  0.2,191.874,1.07e-02, 17.7, 0.1,  1
4310, 81501,16082010,18102022 025042, 928, 28981.5, 26.571, 38.891,0.751130,359.8, 32.691,7.25e-02, 17.6,49.4, - 
4311, 81502,02092018,17102022 233531,   1, 28911.3, 21.052,297.259,0.452908,359.8,252.955,3.81e-02, 16.8, 0.1,  2
4312, 81503,18022018,18102022 021142,  71, 28905.1, 10.736,257.121,0.413428,  0.2,187.403,2.81e-02, 17.7, 0.2, 28
4313, 81504,03072019,18102022 024948,1146, 28911.9, 10.696,155.097,0.523386,  0.6, 92.501,5.99e-02, 16.1,20.5, - 
4314, 81505,28032022,18102022 044353, 144, 29026.6, 13.571,104.803,0.639502,  0.1,352.373,3.17e+00, 17.9,26.5, - 
4315, 81506,04082022,17102022 202007,   5, 28916.6, 20.127,282.209,0.489221,359.9,277.465,5.09e+00, 15.9, 1.4,239
4316, 81600,18012012,17102022 215425,   0, 28959.7, 20.630,215.670,0.558051,  0.3,337.124,9.31e-03, 11.8, 0.1,  1
4317, 81601,21112016,17102022 220509,1080, 29059.8,  2.592,169.261,0.418162,  2.7,282.777,4.88e+00, 13.6, -  , - 
4318, 81602,22102017,17102022 171735,1664, 28963.3,  4.904, 17.670,0.319202,358.6,178.028,1.53e+01, 18.8, -  , - 
4319, 81603,08102018,18102022 001259, 297, 28972.6, 20.898,293.468,0.490000,359.9,257.755,2.13e+00, 17.6,28.9, - 
4320, 81604,13052019,18102022 024711,1250, 28924.9, 10.352,146.996,0.541464,  0.6, 93.076,4.26e+00, 17.3, -  , - 
4321, 81605,01072019,18102022 002551, 675, 28951.5, 11.349,141.485,0.526890,  0.5,104.710,1.38e+00, 16.2, -  , - 
4322, 81606,26072019,17102022 224946, 828, 28952.7, 11.185,155.393,0.486833,  0.6, 77.985,6.79e-02, 16.9, 4.9, - 
4323, 81607,25082019,17102022 203104,1058, 28944.4, 20.975,298.591,0.431294,359.8,246.941,6.05e-02, 17.8, 2.0,430
4324, 81608,21062021,18102022 023350, 432, 28810.8, 28.337, 19.871,0.720327,359.7,207.801,4.22e+00, 17.1,46.6, - 
4325, 81700,23122009,18102022 024017,   1, 28940.5,  7.810,119.755,0.449767,  0.5,130.061,2.01e-01, 14.5, 0.1,  8
4326, 81702,02092018,17102022 183707,   1, 28952.1, 21.003,292.523,0.478215,359.9,262.089,9.68e-02, 16.6, 0.1,  5
4327, 81704,09042019,17102022 230152, 625, 28953.0, 11.203,155.392,0.485998,  0.6, 78.040,7.49e-02, 17.0, 3.3,740
4328, 81705,25042019,18102022 094927,1076, 28959.2, 11.031,161.176,0.477613,  0.6, 69.490,1.71e-01, 16.5, 9.9, - 
4329, 81706,29052019,18102022 102846,   2, 29046.3, 11.023,165.239,0.461261,  0.6, 60.173,3.58e-02, 17.5, 0.1,  1
4330, 81707,30062019,18102022 054934,   1, 28969.8, 10.894,157.530,0.505655,  0.6, 75.840,2.35e-01, 17.1, 0.1,  4
4331, 81708,25072019,17102022 184459, 726, 28961.3, 19.131,276.250,0.555142,360.0,269.448,2.66e+00, 17.3, 9.2, - 
4332, 81709,26082019,18102022 035854,   5, 28956.7, 11.088,160.621,0.471094,  0.6, 68.996,1.43e-01, 16.6, 0.1, 12
4333, 81710,21102019,18102022 073725,   2, 28932.5, 10.609,182.627,0.480858,  0.7, 46.532,1.52e+00, 16.7, 0.5,120
4334, 81711,21102020,18102022 095747,   7, 28960.1, 11.018,160.847,0.476935,  0.6, 70.142,9.87e-02, 15.6, 0.1, 27
4335, 81712,14122020,18102022 065315,  26, 28964.6, 11.035,174.830,0.448856,  0.7, 40.918,1.97e-01, 15.8, 0.5, 96
4336, 81713,04092021,17102022 213819,   5, 29032.8, 21.104,273.377,0.556744,360.0,280.285,5.42e+00, 16.0, 1.0,229
4337, 81800,11082016,18102022 022720,1109, 29221.0, 11.716,154.062,0.486819,  0.6, 72.344,7.74e+00, 17.2, -  , - 
4338, 81801,28042019,18102022 104231,1037, 28959.1, 12.400,133.615,0.541457,  0.4,105.444,2.34e+00, 17.6,69.0, - 
4339, 81802,30062019,18102022 015532,   6, 29139.8, 10.708,160.465,0.505450,  0.6, 77.251,2.67e-01, 15.1, 0.1, 16
4340, 81803,20072019,17102022 231919, 241, 29018.1, 10.620,162.128,0.531946,  0.6, 86.821,2.23e+00, 16.2,24.7, - 
4341, 81804,29072019,18102022 013106, 282, 29028.0, 11.215,172.411,0.507302,  0.6, 50.057,3.13e+00, 14.2,51.3, - 
4342, 81805,30092019,18102022 002748, 284, 29029.1, 10.685,158.436,0.518110,  0.6, 85.273,5.54e-01, 16.8,10.0, - 
4343, 81900,23012017,18102022 021445,   1, 29000.3, 10.192,254.496,0.417343,  0.2,188.754,1.36e-02, 17.0, 0.1,  1
4344, 81901,02092018,18102022 004929,   2, 28997.3, 21.219,298.914,0.464971,359.8,252.026,4.74e-02, 16.2, 0.1,  4
4345, 81902,10092018,17102022 193156,   1, 28952.5, 21.049,293.232,0.478150,359.9,260.816,1.75e-01, 13.5, 0.1,  7
4346, 81903,14092018,18102022 062156,1493, 28853.9, 19.984,303.701,0.432860,359.8,220.790,8.57e+00, 18.1, -  , - 
4347, 81904,05102018,17102022 183255,  25, 28987.2, 21.248,299.220,0.465628,359.8,251.577,3.45e-01, 16.1, 0.3, 60
4348, 81905,06042019,18102022 031610,   1, 29020.2, 10.906,164.420,0.483860,  0.6, 65.945,7.86e-01, 16.7, 0.1, 22
4349, 81907,16012020,18102022 061151, 976, 28955.5, 10.694,144.314,0.588943,  0.5,121.818,2.54e+00, 16.4,49.3, - 
4350, 81908,02032020,18102022 040412, 889, 29033.4, 90.418, 27.890,0.492784,359.9,182.996,4.23e+01, 16.4, -  , - 
4351, 81909,15102020,18102022 023919, 728, 28966.9,  9.899,151.786,0.572748,  0.6, 94.389,3.99e+00, 16.1, -  , - 
4352, 82000,09092018,18102022 051316,   1, 29036.2, 21.198,299.586,0.464473,359.8,250.093,1.08e-01, 10.6, 0.1,  6
4353, 82001,09092018,17102022 221723,1462, 28980.1, 19.169,291.285,0.508939,359.9,240.002,7.64e+00, 17.3, -  , - 
4354, 82002,09092018,17102022 214251,1145, 29092.0, 20.723,288.562,0.482580,359.9,264.248,3.28e-01, 18.2,27.3, - 
4355, 82003,07042019,18102022 084725,   1, 29028.2, 10.875,164.946,0.473980,  0.6, 64.504,1.62e-02, 16.2, 0.1,  1
4356, 82004,04042019,17102022 202510,1234, 29032.9, 20.880,286.763,0.455855,359.9,260.920,1.21e-01, 16.6, 3.1,666
4357, 82005,06042019,17102022 220015,   3, 28949.9, 11.191,155.499,0.486137,  0.6, 77.563,4.32e-02, 15.8, 0.1,  5
4358, 82006,06042019,18102022 081253,  14, 29035.5, 11.149,159.607,0.472361,  0.6, 68.845,1.51e-01, 17.7, 0.1, 23
4359, 82007,10052019,18102022 080301, 784, 29034.7, 11.175,159.898,0.474276,  0.6, 68.758,2.02e-01, 16.8,15.4, - 
4360, 82008,10052019,18102022 044007, 689, 28983.2, 10.979,159.608,0.513838,  0.6, 70.190,2.10e+00, 17.9, -  , - 
4361, 82009,07102020,17102022 195813,   1, 29061.0, 11.389,156.911,0.486921,  0.6, 67.496,1.26e+00, 15.5, 0.2, 53
4362, 82010,20072019,18102022 044626,   0, 29016.8, 10.511,161.990,0.520445,  0.7, 73.925,3.23e+00, 16.7, 0.2, 47
4363, 82011,24082019,18102022 075754, 384, 29044.5, 10.352,164.064,0.528016,  0.7, 69.617,3.68e+00, 18.0,79.9, - 
4364, 82012,29092019,17102022 211056, 361, 29034.4, 20.875,286.673,0.455896,359.9,260.960,1.58e-01, 16.9, 3.5,732
4365, 82013,29082019,17102022 225246,   9, 28918.6, 10.684,151.217,0.518503,  0.6, 86.554,3.15e+00, 17.2, 2.3,501
4366, 82014,21122019,17102022 221132,1029, 28977.0, 21.237,298.087,0.410329,359.8,236.736,2.36e+00, 17.1, -  , - 
4367, 82100,02092018,18102022 054452,   4, 29071.7, 21.190,299.080,0.463348,359.8,250.300,1.12e-01, 17.2, 0.1, 25
4368, 82101,30082018,17102022 211951,1471, 29051.0, 21.034,299.693,0.471742,359.8,248.196,9.72e-01, 18.9,71.9, - 
4369, 82102,25072019,18102022 030538,   4, 29065.4, 10.994,161.870,0.479258,  0.6, 68.040,1.39e-01, 17.1, 0.1, 13
4370, 82103,22102019,18102022 070719, 339, 29824.0, 10.662,153.899,0.489998,  0.6, 63.790,5.17e+00, 15.5,68.1, - 
4371, 82200,19032017,17102022 235845,   1, 42165.8,  0.124, 96.416,0.000097, 79.5,237.717,1.00e-02, 11.8, 0.1,  1
4372, 82201,10092018,17102022 183329,   1, 29095.1, 20.889,296.112,0.459222,359.8,251.361,1.95e+00, 17.9, 0.1, 16
4373, 82202,17042019,17102022 233530,   0, 29082.3, 11.194,161.002,0.469611,  0.6, 65.878,3.74e-02, 16.3, 0.1,  1
4374, 82203,06042019,18102022 064135,1169, 29078.4, 10.594,170.306,0.497415,  0.7, 65.354,3.23e-01, 17.2,47.5, - 
4375, 82204,23082019,18102022 005948, 168, 29081.7,  9.105,167.371,0.488509,  0.8, 85.496,6.59e+00, 17.5,14.7, - 
4376, 82206,29082019,17102022 221357,  40, 29075.0, 11.408,146.359,0.465150,  0.5, 76.105,1.86e+00, 17.0,23.5, - 
4377, 82207,19102019,17102022 173220,   1, 29100.2, 10.765,171.666,0.462020,  0.7, 53.156,2.36e-01, 16.8, 0.1, 13
4378, 82208,18102020,17102022 235353, 728, 29090.6, 11.039,162.077,0.475539,  0.6, 66.446,9.06e-02, 18.6,23.5, - 
4379, 82300,09092018,18102022 020356,  11, 29115.0, 21.004,298.082,0.458411,359.8,248.903,1.39e+00, 17.0, 1.4,318
4380, 82301,09092018,17102022 200133,1439, 29080.6, 21.276,314.421,0.366839,359.8,216.602,3.06e+00, 18.4,95.8, - 
4381, 82302,11042019,18102022 062856,   5, 29110.9, 11.259,157.151,0.480849,  0.6, 72.683,1.22e-01, 16.5, 0.1, 25
4382, 82303,06062019,18102022 002219,   1, 29122.6, 10.685,174.832,0.462670,  0.7, 50.161,1.49e-01, 15.3, 0.1,  8
4383, 82304,13082019,18102022 004313, 695, 29088.6, 10.637,174.532,0.464081,  0.7, 51.315,3.68e-01, 15.8,46.9, - 
4384, 82306,26102019,18102022 035516, 401, 28997.6, 10.998,158.640,0.489328,  0.6, 75.196,1.99e-01, 16.2, 6.0, - 
4385, 82308,19122020,17102022 232742, 309, 29051.4, 13.504,124.004,0.539011,  0.3,114.432,3.26e+00, 17.4,28.3, - 
4386, 82309,25092022,18102022 094438,   6, 29101.4, 10.936,167.319,0.463545,  0.6, 57.944,1.39e-01, 16.8, 0.1,  8
4387, 82400,19032018,17102022 195850,1588, 29220.8,  4.407,187.963,0.378190,  1.6,284.527,7.35e+00, 18.6,52.3, - 
4388, 82402,03042019,18102022 003325,  58, 29122.3, 21.161,303.011,0.461513,359.8,243.452,2.80e-01, 16.6, 1.5,253
4389, 82403,20042019,17102022 230959,1200, 29123.9, 11.025,164.553,0.469543,  0.6, 61.691,2.60e-01, 15.6, 9.3, - 
4390, 82404,14052019,18102022 053107,   4, 29128.3, 11.015,161.816,0.478272,  0.6, 67.108,9.44e-02, 17.3, 0.1,  2
4391, 82405,31072019,17102022 230229,   1, 29191.2, 10.590,190.260,0.462582,  0.7, 32.445,1.41e+00, 15.3, 0.1, 31
4392, 82407,25122019,18102022 020836, 726, 29067.6, 11.932,174.341,0.392500,  0.6, 48.987,2.31e-01, 15.7, 9.3, - 
4393, 82408,15102020,18102022 033107,   4, 29113.1, 11.053,163.851,0.469985,  0.6, 62.694,2.26e-01, 16.3, 0.1, 21
4394, 82500,30112018,17102022 175721,1149, 29142.9, 20.728,285.294,0.480946,359.9,267.030,1.40e-01, 17.3,11.7, - 
4395, 82501,24062019,17102022 153316,   0, 29177.4, 10.809,173.774,0.451144,  0.7, 47.252,1.86e-01, 14.0, 0.1,  6
4396, 82502,14082019,17102022 183258,   1, 29159.2, 10.982,166.562,0.464346,  0.6, 57.584,1.47e-01, 13.4, 0.1,  9
4397, 82503,03102019,18102022 021536, 292, 29138.9, 10.569,176.241,0.482532,  0.7, 53.539,4.97e-01, 17.6, 5.1, - 
4398, 82600,24032018,18102022 010609, 819, 29180.0,  7.128,198.545,0.425902,  1.0,345.885,7.02e-02, 18.4, 6.7, - 
4399, 82601,08062018,17102022 210856,1557, 29146.3, 18.078,252.535,0.620253,  0.1, 31.239,3.90e+00, 17.4, -  , - 
4400, 82602,09092018,17102022 142441,  10, 29141.5, 20.964,295.847,0.468227,359.9,254.019,2.01e-01, 17.8, 0.2, 34
4401, 82603,06092018,17102022 191710,1444, 29195.8, 21.728,320.056,0.384328,359.7,215.204,6.25e-01, 16.9,92.9, - 
4402, 82604,06092018,18102022 003756,  56, 29157.4, 21.037,296.543,0.483534,359.8,254.466,5.50e-01, 17.8, 2.1,455
4403, 82605,07042019,17102022 205354,1214, 29166.2, 10.997,166.402,0.465145,  0.6, 57.842,3.09e-01, 14.7,47.7, - 
4404, 82606,09082019,18102022 081333,   6, 29363.3, 11.561,154.475,0.531949,  0.6, 80.311,1.00e+00, 15.5, 1.6,337
4405, 82607,30092019,18102022 011200,   6, 29180.7, 11.749,226.498,0.370005,  0.4,345.627,5.29e+00, 16.5, 6.5, - 
4406, 82700,16012018,18102022 060504,   5, 29227.7, 55.935,123.631,0.059735,  0.1,117.029,5.69e+00, 15.3, 0.3, 60
4407, 82702,05092018,18102022 025222, 291, 29256.3, 20.643,291.271,0.471381,359.9,253.660,1.31e+00, 18.1,36.7, - 
4408, 82703,29102018,18102022 045723, 160, 29197.1, 20.966,291.837,0.440132,359.9,250.327,1.39e-01, 16.9, 3.2,619
4409, 82704,22102019,17102022 154255,1034, 29174.3, 11.636,205.663,0.545898,  0.6,  7.236,7.51e+00, 16.4, -  , - 
4410, 82705,18082020,18102022 112602, 732, 29194.1, 10.863,175.506,0.436597,  0.7, 41.820,1.82e-01, 17.7,14.4, - 
4411, 82706,28092020,18102022 072057,   1, 29183.5, 11.478,156.487,0.485850,  0.6, 69.319,2.21e+00, 17.0, 0.3, 61
4412, 82707,21102020,18102022 083729, 725, 29190.8, 10.740,185.850,0.424211,  0.7, 23.560,1.56e+00, 17.6, -  , - 
4413, 82708,14062021,18102022 033946, 462, 29207.2, 13.494,  0.839,0.516608,359.5, 48.752,1.99e+00, 17.2, 6.2, - 
4414, 82800,02102018,17102022 114945, 757, 29220.9, 20.742,285.104,0.476208,359.9,264.634,1.10e-01, 14.8,10.3, - 
4415, 82801,02102018,18102022 005130,1450, 29219.6, 20.744,288.131,0.473731,359.9,260.456,2.23e-01, 17.4,14.7, - 
4416, 82802,02112018,17102022 184543,1437, 29137.4, 20.752,300.821,0.453420,359.8,233.209,5.70e+00, 17.8, -  , - 
4417, 82804,27112019,18102022 084503,1052, 29117.4,  8.357,147.650,0.572507,  0.7, 96.839,6.20e+00, 18.3, -  , - 
4418, 82805,17072020,18102022 082958,   1, 29237.8, 11.542,152.890,0.487899,  0.6, 75.063,1.48e+00, 17.5, 0.1, 27
4419, 82900,25032009,18102022 015229,   0, 29252.6, 12.799, 38.043,0.439132,359.5,331.822,5.83e-03, 12.2, 0.1,  1
4420, 82901,31012014,18102022 015911,1858, 29256.4, 15.971,160.347,0.643217,  0.4,207.096,3.17e+00, 15.5, -  , - 
4421, 82902,05092018,18102022 013455,  29, 29220.8, 20.733,284.930,0.477117,359.9,265.062,1.10e-01, 17.1, 0.7,144
4422, 82903,19102018,18102022 020033,1403, 29245.1, 21.303,309.030,0.406714,359.8,228.075,2.75e-01, 16.9,30.4, - 
4423, 82904,06042019,18102022 040037,  39, 29248.7, 10.972,164.418,0.475819,  0.6, 62.366,6.97e-02, 17.2, 0.1, 17
4424, 82905,26072019,18102022 001411,   3, 29324.6, 10.928,170.494,0.460144,  0.7, 50.573,1.66e-01, 14.9, 0.1, 18
4425, 82906,30092019,18102022 010241, 695, 29171.6, 10.823,161.751,0.492630,  0.6, 67.128,1.02e+00, 18.9, -  , - 
4426, 82907,22062020,18102022 023635, 259, 29201.6, 10.502,152.138,0.641585,  0.6, 91.296,2.50e+00, 16.6, -  , - 
4427, 82908,08042022,17102022 194713, 128, 29254.9, 13.423, 30.107,0.472643,359.5,348.818,7.62e-02, 18.1, 0.4, 79
4428, 83000,16032010,18102022 025114, 929, 29399.5, 13.247, 41.300,0.439538,359.6,323.309,1.17e-01, 17.2,11.3, - 
4429, 83001,12092018,17102022 194158,  16, 29245.4, 21.173,303.109,0.459208,359.8,243.020,2.30e-01, 17.8, 0.1, 18
4430, 83002,12092018,17102022 134119,  10, 29194.6, 20.648,291.084,0.483525,359.9,253.199,1.69e+00, 18.1, 0.8,167
4431, 83003,14062019,17102022 212215,1005, 29300.2, 11.277,158.116,0.481812,  0.6, 74.407,1.93e+00, 14.9, -  , - 
4432, 83100,05052019,17102022 132002, 888, 29313.2,  6.920,337.356,0.717035,359.1,276.413,1.32e-02, 17.4, 4.4,188
4433, 83101,15052019,17102022 183028,1086, 29307.8,  8.840,166.893,0.506522,  0.8, 78.032,5.04e+00, 14.5, -  , - 
4434, 83102,04072019,18102022 074132, 281, 29301.4, 11.210,159.484,0.482862,  0.6, 67.641,2.01e-01, 15.3, 9.6, - 
4435, 83103,26082019,18102022 021043,   2, 29301.6, 10.757,173.059,0.462241,  0.7, 49.190,3.06e-01, 15.8, 0.1, 14
4436, 83104,18062020,18102022 042956, 729, 29289.4, 10.347,144.071,0.584459,  0.6,116.980,7.16e+00, 14.9, -  , - 
4437, 83105,10122020,18102022 090902, 632, 29303.4, 11.195,159.906,0.480871,  0.6, 66.979,1.68e-01, 14.1, 5.8, - 
4438, 83106,06122021,17102022 162312, 261, 29259.1, 10.832,164.893,0.526731,  0.6, 52.021,6.84e+00, 17.0,54.4, - 
4439, 83200,02022016,17102022 232938,1260, 29610.4, 16.104, 40.115,0.380231,359.6,108.581,1.95e+01, 15.8, -  , - 
4440, 83201,12092018,17102022 224547,   2, 29256.9, 20.679,284.436,0.485738,359.9,267.270,1.38e-01, 15.1, 0.1,  2
4441, 83202,12092018,17102022 200117,  27, 29313.3, 20.751,288.487,0.472814,359.9,259.118,4.59e-02, 16.0, 0.2, 34
4442, 83203,17022019,18102022 072819, 785, 29342.0, 20.394,108.281,0.747065,  0.1, 76.964,7.14e-02, 17.0, 9.2,771
4443, 83204,30072019,17102022 145346,1080, 29371.3, 11.489,199.405,0.477053,  0.6, 23.122,2.42e+00, 17.2, -  , - 
4444, 83301,09092018,18102022 010131,1215, 29338.7, 20.791,292.117,0.468547,359.9,254.553,4.29e-02, 18.6, 1.5,262
4445, 83302,15052019,18102022 043238,  73, 29336.9, 10.539,177.627,0.493605,  0.7, 54.170,1.84e-01, 14.9, 0.6,137
4446, 83303,23082019,17102022 235424, 728, 29411.2, 10.890,199.865,0.481838,  0.6, 25.323,2.03e+00, 16.8, -  , - 
4447, 83304,25082019,17102022 214856,  48, 29516.8,  9.849,153.749,0.512548,  0.7, 99.200,4.68e+00, 17.4,33.2, - 
4448, 83305,01122019,17102022 203854, 589, 29340.8, 10.713,185.129,0.392442,  0.7, 20.093,1.13e-01, 16.4, 3.9,863
4449, 83400,04032019,18102022 060245,1291, 29368.6, 21.059,303.555,0.441367,359.8,237.000,2.44e-01, 17.3,15.3, - 
4450, 83401,07042019,18102022 072853,   1, 29357.6, 10.681,174.664,0.465752,  0.7, 48.305,1.45e-02, 15.0, 0.1,  1
4451, 83402,30072019,18102022 025059,   4, 29451.2, 10.526,176.433,0.490159,  0.7, 52.198,2.57e-01, 16.4, 0.1, 15
4452, 83403,03082019,17102022 184733,  27, 29396.9, 10.878,167.389,0.485810,  0.6, 57.488,1.66e+00, 18.6, 0.3, 73
4453, 83404,26082019,18102022 022813,   0, 29335.6, 11.947,137.050,0.538931,  0.4,104.906,6.26e-01, 16.6, 0.1,  9
4454, 83405,21082019,17102022 143939,1148, 29390.3, 20.757,280.872,0.517056,359.9,265.164,3.35e+00, 18.2, -  , - 
4455, 83406,02102019,17102022 171349,   1, 29371.1, 10.827,172.852,0.457482,  0.7, 47.654,1.17e+00, 18.0, 0.1, 14
4456, 83408,12082020,17102022 235214,   1, 29371.5, 10.561,182.000,0.457466,  0.7, 38.795,1.00e-02, 16.8, 0.1,  1
4457, 83410,26102021,17102022 161612,   1, 29277.6,  5.156,284.245,0.451933,359.7,273.302,2.48e+01, 17.6, 1.2,247
4458, 83411,03072022,18102022 081350,   1, 29364.9, 11.560,154.531,0.531037,  0.6, 79.931,9.35e-01, 15.4, 0.2, 42
4459, 83412,07092022,18102022 020454,   3, 29361.4,  9.502,136.568,0.540545,  0.6,107.196,8.79e-01, 16.3, 0.1, 10
4460, 83501,11042019,18102022 002252, 158, 29211.2, 11.892,143.143,0.519784,  0.5, 93.252,1.40e+00, 17.7,28.9, - 
4461, 83502,15052019,18102022 003228,   6, 29397.0, 10.610,172.777,0.486693,  0.7, 55.610,9.84e-02, 16.1, 0.1, 28
4462, 83503,26052019,18102022 061948,   1, 29380.6, 10.824,168.609,0.483541,  0.7, 54.892,1.63e+00, 17.6, 0.1, 11
4463, 83504,29052019,18102022 022748,   0, 29403.5, 10.829,171.017,0.470593,  0.7, 50.385,7.91e-01, 16.9, 0.1,  2
4464, 83506,11072019,18102022 000157, 782, 29391.2, 11.731,143.476,0.529111,  0.5, 93.245,1.76e+00, 16.4,47.3, - 
4465, 83507,26082019,17102022 192520, 702, 29374.7, 10.915,168.341,0.482126,  0.6, 54.343,2.04e+00, 18.8,22.4, - 
4466, 83508,30092019,17102022 174019,   1, 29390.8, 10.917,170.711,0.473918,  0.7, 50.837,1.36e+00, 17.7, 0.2, 16
4467, 83510,07092021,18102022 044046,  18, 29400.2, 10.968,162.496,0.488894,  0.6, 62.757,2.54e-01, 17.5, 0.4, 82
4468, 83511,30062022,17102022 134638,  22, 29400.1, 10.790,190.874,0.397437,  0.7, 19.327,2.05e+00, 16.9, 0.9,188
4469, 83600,19022012,18102022 020700,   1, 29431.6,  0.921,348.370,0.386799,352.6,289.757,8.84e-03, 17.4, 0.1,  1
4470, 83601,06032017,18102022 035846,  16, 29329.8, 10.597,106.972,0.464446,  0.2, 63.087,9.06e-01, 16.6, 2.4,361
4471, 83602,06042019,18102022 042516,   1, 29400.2, 10.512,177.501,0.478733,  0.7, 46.281,1.33e+00, 16.4, 0.2, 36
4472, 83603,24042019,18102022 041034,   1, 29395.9, 10.835,169.564,0.477045,  0.7, 53.001,1.42e+00, 16.8, 0.1, 14
4473, 83605,04082019,18102022 024904, 340, 29514.0, 10.748,188.396,0.543876,  0.7, 40.915,3.59e+00, 16.9, -  , - 
4474, 83606,05082019,18102022 021754, 308, 29282.6, 13.195,136.738,0.523823,  0.4, 99.561,4.37e+00, 16.0, -  , - 
4475, 83607,29082019,17102022 184036,  16, 29430.5, 10.858,169.870,0.480396,  0.7, 52.356,1.59e+00, 18.1, 0.3, 60
4476, 83608,22102019,18102022 000557, 786, 29498.1, 10.859,179.653,0.454026,  0.7, 35.086,7.42e+00, 17.0, -  , - 
4477, 83700,06122015,17102022 151930,2502, 29437.9, 11.731,109.307,0.426944,  0.2,223.615,5.22e-01, 18.0, 6.9, - 
4478, 83701,12092018,17102022 222918,   7, 29408.3, 21.198,315.132,0.386228,359.8,216.213,2.21e+00, 15.4, 1.1,188
4479, 83702,08092018,17102022 181141,1291, 29432.2, 20.953,299.037,0.468362,359.8,246.056,1.67e-01, 17.8,20.1, - 
4480, 83703,07042019,18102022 003833,   0, 29431.2, 10.537,177.364,0.469913,  0.7, 45.159,1.02e+00, 16.3, 0.1, 16
4481, 83704,12062019,17102022 153628,   1, 29451.7, 10.153,179.167,0.484749,  0.7, 49.325,1.19e+00, 16.0, 0.1,  4
4482, 83705,21082019,18102022 034354,1006, 29420.1, 20.899,298.065,0.471134,359.8,247.058,1.52e-01, 16.9, 7.9, - 
4483, 83706,24082019,18102022 044340, 380, 29516.3, 11.872,156.006,0.467199,  0.6, 66.940,8.16e+00, 18.2, -  , - 
4484, 83707,02102019,17102022 220548,1091, 29430.3, 10.752,166.666,0.491783,  0.7, 58.151,1.57e+00, 18.3,30.6, - 
4485, 83800,30062017,17102022 204857,   5, 29455.8, 13.139,333.105,0.534927,359.5,306.941,1.59e+00, 17.2, 0.1, 21
4486, 83801,06042019,18102022 033643, 692, 29412.4, 10.780,168.485,0.488466,  0.7, 55.059,1.16e+00, 18.4, -  , - 
4487, 83802,08062019,18102022 064405,  28, 29505.6, 10.770,179.363,0.478920,  0.7, 40.006,7.71e-01, 17.2, 2.1,455
4488, 83803,14082019,18102022 013344,1088, 29463.4, 21.107,306.544,0.425417,359.8,229.658,2.25e-01, 17.2,23.3, - 
4489, 83804,17102020,18102022 025419,   3, 29450.8, 11.474,177.173,0.518888,  0.6, 42.954,3.70e+00, 17.5, 0.1, 14
4490, 83805,04092021,17102022 234610,  10, 29441.2, 10.326,183.803,0.506470,  0.7, 31.400,5.70e+00, 16.0, 1.2,256
4491, 83900,31012017,18102022 105337,   1, 29477.7,  8.679,317.595,0.380695,359.4,113.711,8.82e-02, 17.9, 0.1,  6
4492, 83901,07042019,17102022 223542,   1, 29477.6, 10.580,190.102,0.465297,  0.7, 31.988,9.23e-02, 15.4, 0.1,  4
4493, 83902,07052019,17102022 182726,   1, 29493.8, 10.644,179.724,0.456866,  0.7, 38.681,7.39e-02, 16.3, 0.1, 10
4494, 83903,25042019,18102022 104550,   1, 29483.0, 10.295,180.872,0.513373,  0.7, 50.224,1.90e+00, 16.4, 0.2, 31
4495, 83904,30062019,18102022 041314,   3, 29602.4,  7.902,182.524,0.450468,  0.9, 48.948,9.85e-01, 17.0, 0.5,112
4496, 83905,01072019,17102022 181731,   1, 29587.7,  9.681,198.231,0.424640,  0.7, 19.769,1.22e+00, 16.1, 0.1, 29
4497, 83906,25072019,18102022 010114,   0, 29492.6, 11.003,169.257,0.462510,  0.6, 50.286,1.71e-01, 14.2, 0.1,  4
4498, 83907,29072019,18102022 010311,   0, 29476.1, 10.629,175.016,0.482676,  0.7, 48.298,1.27e+00, 17.3, 0.1,  1
4499, 83908,26082019,18102022 010715,  55, 29419.0, 10.546,178.785,0.542331,  0.7, 49.858,1.99e+00, 17.1, 3.1,215
4500, 83909,25082019,18102022 002144, 726, 29590.7, 14.594,117.899,0.460895,  0.2,135.746,1.38e+00, 19.0, 6.1,995
4501, 83910,28082019,18102022 081604,   1, 29474.1, 11.563,128.685,0.567956,  0.4,119.697,1.26e+00, 17.2, 0.1,  9
4502, 83911,29032020,17102022 180913, 928, 29467.9, 11.810,250.572,0.418494,  0.2,309.615,5.30e-01, 18.5, -  , - 
4503, 83912,28082022,18102022 070416,  33, 29393.0,  9.598,162.013,0.527520,  0.7, 70.292,8.03e+00, 17.8, 7.9, - 
4504, 83913,08092022,18102022 031215,  13, 29530.3, 17.654,327.959,0.471604,359.7,190.812,7.07e+00, 15.1, 1.9,395
4505, 84000,30082019,17102022 220738, 340, 29502.9, 11.110,172.011,0.492486,  0.6, 48.519,2.38e+00, 17.8,36.5, - 
4506, 84002,14102020,17102022 232836, 702, 29498.3, 10.773,172.009,0.466082,  0.7, 48.360,8.50e-01, 18.8,14.5, - 
4507, 84100,09092018,18102022 000135,1269, 29533.3, 20.973,301.905,0.448443,359.8,238.097,7.05e-02, 17.9, 2.9,615
4508, 84101,14052019,18102022 102546,  77, 29534.9, 10.932,175.781,0.484324,  0.7, 46.025,1.37e+00, 16.5,14.3, - 
4509, 84102,19062019,17102022 150642,  53, 29539.1, 11.142,164.353,0.476776,  0.6, 57.903,9.84e-02, 17.0, 0.7,141
4510, 84103,03072019,18102022 053834, 231, 29465.8, 11.487,160.503,0.491314,  0.6, 62.380,2.01e-01, 18.4, 3.1,640
4511, 84105,13112020,18102022 001419, 396, 29555.5, 22.052,128.462,0.746614,  0.2,  8.244,4.32e-02, 18.7, 1.8,175
4512, 84106,17122020,17102022 234054,   4, 29615.1, 21.125,151.762,0.745732,  0.3,336.508,9.86e-02, 17.5, 0.1, 12
4513, 84200,04032016,18102022 032052, 105, 29544.0, 22.362,264.761,0.723243,  0.0,124.050,1.35e-01, 15.6, 1.7,373
4514, 84201,02082019,17102022 225357,1115, 29555.4, 10.498,179.179,0.499813,  0.7, 50.880,1.37e-01, 17.3, 5.5,781
4515, 84202,29072021,17102022 202654, 402, 29554.7, 10.432,178.527,0.499262,  0.7, 52.414,1.15e-01, 17.2, 2.5,498
4516, 84300,07042019,18102022 110101, 458, 29610.5, 10.611,188.872,0.438591,  0.7, 31.957,5.87e-01, 14.1,14.9, - 
4517, 84302,24082019,17102022 233553,1115, 29573.0, 11.118,127.111,0.584580,  0.4,139.794,1.00e-02, 17.9, -  , - 
4518, 84303,21092019,18102022 055434,1117, 29646.9, 11.413,204.673,0.538561,  0.6,  5.640,1.02e+01, 17.5, -  , - 
4519, 84400,04022019,18102022 044119,1343, 29737.9,  9.869,348.418,0.500622,359.3,176.141,2.51e+01, 18.0, -  , - 
4520, 84401,07042019,17102022 201023,   1, 29596.1, 10.697,178.243,0.455858,  0.7, 38.917,1.58e-01, 14.3, 0.1,  7
4521, 84402,30052019,17102022 185810, 459, 29598.6, 10.536,186.145,0.463201,  0.7, 33.061,1.43e+00, 17.9,36.9, - 
4522, 84403,20062019,18102022 095151,1140, 29604.8, 11.809,150.620,0.503435,  0.5, 77.769,1.37e-01, 16.2, 2.9,594
4523, 84404,25092019,18102022 111207,   1, 29615.2, 10.728,188.717,0.436114,  0.7, 31.809,7.39e-01, 14.4, 0.1,  9
4524, 84405,27112019,18102022 112350,1051, 29568.3, 10.624,175.242,0.495284,  0.7, 47.161,2.41e+00, 18.7, -  , - 
4525, 84407,08112021,18102022 000837, 306, 29589.7, 10.554,190.065,0.472522,  0.7, 28.770,1.70e+00, 17.5, 7.3, - 
4526, 84500,28102018,18102022 092332,   4, 29707.1, 27.290, 27.833,0.765402,359.8, 28.240,8.24e-02, 17.2, 0.1,  9
4527, 84501,14122018,17102022 220136, 657, 29609.0, 20.902,300.001,0.454274,359.8,239.653,1.30e-01, 16.2, 8.8, - 
4528, 84502,03022019,18102022 025250, 973, 29644.9, 27.104,359.494,0.767873,359.7, 80.519,5.10e-02, 14.4, -  , - 
4529, 84503,14062019,18102022 055456,   6, 29622.2, 11.782,151.931,0.501915,  0.5, 69.211,4.66e+00, 12.8, 4.3,939
4530, 84504,15042019,17102022 164113,   1, 29870.0, 10.400,195.045,0.505551,  0.7, 36.043,5.90e+00, 15.4, 1.0,213
4531, 84505,14072019,17102022 180124, 731, 29640.0, 11.640,157.177,0.486274,  0.6, 66.645,1.65e+00, 17.9,36.6, - 
4532, 84506,29092019,18102022 051757,   4, 29510.8, 10.616,173.633,0.492299,  0.7, 50.558,1.72e+00, 18.3, 0.5,101
4533, 84507,25102019,17102022 230159, 312, 29639.1, 11.625,216.368,0.478163,  0.5,358.256,8.12e+00, 17.1,65.9, - 
4534, 84509,03102021,18102022 101126, 345, 29217.0, 28.066,350.179,0.206927,359.7,148.430,1.71e+01, 13.1, -  , - 
4535, 84510,28102021,17102022 213159,  52, 29615.4, 10.441,189.342,0.425118,  0.7, 31.258,1.83e-01, 17.9, 0.8,167
4536, 84511,16082022,17102022 173418,  18, 29615.3, 20.744,293.724,0.479087,359.9,251.256,3.23e-02, 17.1, 0.1, 12
4537, 84600,19092009,18102022 011859,  56, 29826.0, 27.356, 40.453,0.767178,359.8,357.263,2.36e-02, 17.6, 0.5,  6
4538, 84601,17102017,18102022 011514,1819, 29668.2, 16.668,199.312,0.630096,  0.4,330.623,3.29e+01, 17.6, -  , - 
4539, 84602,12092018,18102022 045129, 954, 29635.9, 21.028,305.476,0.428301,359.8,228.845,4.48e-02, 16.4,18.5, - 
4540, 84603,04052019,17102022 235042,   2, 29666.6, 10.328,178.667,0.482325,  0.7, 43.598,1.39e+00, 16.4, 0.1, 16
4541, 84604,04072019,17102022 234741,  28, 29645.8, 10.558,183.003,0.466719,  0.7, 36.404,9.27e-02, 17.2, 0.3, 69
4542, 84605,21092019,17102022 220612,  22, 29618.6, 10.706,154.467,0.543457,  0.6, 86.667,6.15e-01, 17.3, 1.7,370
4543, 84606,21102019,18102022 024052, 457, 29629.0, 10.296,177.044,0.508586,  0.7, 37.675,1.61e-01, 15.6,15.7, - 
4544, 84607,21102019,17102022 150956,   2, 29541.4, 11.159,164.445,0.474641,  0.6, 57.559,7.71e-02, 17.0, 0.1,  6
4545, 84608,13012020,18102022 021050, 768, 29625.0, 11.107,163.806,0.501600,  0.6, 59.617,2.01e+00, 17.2,41.7, - 
4546, 84700,05082016,17102022 192644,  31, 29646.2, 20.660,183.347,0.744332,  0.4,278.357,3.19e-01, 17.6, 1.0,192
4547, 84701,27042019,18102022 044559,   2, 29604.9,  8.998,158.908,0.586106,  0.7, 81.394,3.68e+00, 13.3, 0.3, 75
4548, 84703,01062019,18102022 055115, 768, 29610.9, 11.425,150.766,0.488264,  0.6, 62.667,7.42e+00, 15.2, -  , - 
4549, 84706,29092019,18102022 064834,   1, 29648.7, 10.551,128.239,0.505797,  0.4,112.493,2.34e+00, 16.7, 0.2, 44
4550, 84707,16102019,18102022 084157,1070, 29740.0, 25.706,313.619,0.747825,359.8, 47.364,7.85e-01, 16.3,51.5,982
4551, 84708,07022020,18102022 023227, 970, 29575.5, 12.050,134.178,0.576424,  0.4, 94.711,6.06e+00, 16.1,49.0, - 
4552, 84709,16062020,17102022 221934,   2, 29682.1, 11.310,162.803,0.478524,  0.6, 58.739,1.43e-01, 16.2, 0.1,  5
4553, 84710,26072020,18102022 010809, 784, 29652.6, 10.968,137.823,0.579778,  0.5,120.794,1.49e+00, 17.6, -  , - 
4554, 84711,14092021,17102022 133603,   2, 29724.8, 19.658,177.025,0.742922,  0.4,310.449,3.48e-01, 15.3, 0.1,  5
4555, 84800,17032015,17102022 181030,   1, 29684.1, 21.376,267.867,0.725058,  0.0,138.725,2.56e-02, 16.3, 0.1,  2
4556, 84801,27042017,17102022 172403,  14, 29741.3, 10.438,272.068,0.413911,360.0,287.897,2.21e+00, 17.6, 0.6,112
4557, 84802,04082018,18102022 030241, 127, 29679.6, 27.176, 19.777,0.766553,359.7, 45.090,1.22e-01, 16.8,31.4,278
4558, 84803,06102018,17102022 204644,   4, 29703.9, 19.436,219.879,0.739295,  0.3,237.151,1.33e-01, 16.6, 0.1,  8
4559, 84804,10042019,17102022 211654,1283, 29698.7, 10.533,183.364,0.469143,  0.7, 35.846,2.40e-01, 15.4, 4.6,966
4560, 84805,27072019,17102022 145046, 244, 29728.5, 10.650,174.813,0.493588,  0.7, 49.479,1.06e+00, 16.4,45.3, - 
4561, 84900,02032019,17102022 232000, 961, 29715.0, 20.965,303.198,0.459122,359.8,235.335,1.76e-01, 17.6,14.1, - 
4562, 84901,09062019,17102022 170912, 417, 29714.8, 10.452,184.928,0.459375,  0.7, 32.880,1.44e-01, 16.7,10.2, - 
4563, 84902,05072019,17102022 172017,   4, 29715.1, 10.543,184.576,0.459519,  0.7, 33.429,8.30e-02, 16.8, 0.1, 15
4564, 85000,12062012,17102022 215333,   1, 29808.6, 23.537,316.964,0.720608,359.8, 24.893,5.74e-02, 15.3, 0.1,  3
4565, 85002,04092018,18102022 080854,   1, 29738.1, 20.798,295.316,0.468627,359.9,245.400,4.29e-01, 17.5, 0.1, 27
4566, 85004,22062019,18102022 044949,  19, 29731.6, 10.516,190.214,0.470538,  0.7, 29.186,7.81e-02, 18.2, 0.1, 27
4567, 85005,11072019,17102022 200731,   2, 29752.5, 10.515,184.333,0.465709,  0.7, 33.681,8.88e-02, 16.8, 0.1,  6
4568, 85006,24102019,17102022 173838,   4, 29750.2,  9.978,187.554,0.486890,  0.7, 33.137,4.89e-01, 16.9, 0.5,115
4569, 85100,02092018,18102022 050549,1455, 29682.4, 21.084,320.047,0.380979,359.7,196.611,6.72e+00, 16.7,91.1, - 
4570, 85101,02092018,18102022 015825,   3, 29748.4, 21.332,314.221,0.417548,359.8,218.035,6.70e-02, 15.8, 0.1,  8
4571, 85102,08112018,17102022 234146, 900, 29745.3, 21.705,322.362,0.396469,359.7,207.399,1.79e-01, 17.1, 8.0, - 
4572, 85103,10042019,17102022 151934,   1, 29768.1, 10.516,184.996,0.466293,  0.7, 32.886,9.33e-02, 14.0, 0.1,  3
4573, 85104,10042019,18102022 060715,   2, 29768.9, 10.533,185.506,0.463493,  0.7, 31.667,7.45e-02, 13.8, 0.1,  3
4574, 85105,30092019,18102022 042131,   3, 29776.7, 10.505,183.359,0.470104,  0.7, 35.888,1.07e-01, 16.7, 0.1,  7
4575, 85106,16082020,18102022 082655, 443, 29787.1, 20.554,324.898,0.319588,359.7,199.918,1.22e+01, 14.8, -  , - 
4576, 85107,09122020,18102022 011139, 672, 29715.3,  9.116,139.126,0.632407,  0.6,134.182,4.74e+00, 12.6, -  , - 
4577, 85200,30062019,17102022 220034,1188, 29779.8, 10.904,174.195,0.459925,  0.7, 40.923,3.09e-01, 17.3, 1.7,361
4578, 85201,23082019,17102022 212547,1089, 29779.5, 10.555,173.134,0.503417,  0.7, 54.783,2.42e-01, 16.9, 6.9, - 
4579, 85202,20102019,18102022 044749,  16, 29794.6, 10.570,183.640,0.489806,  0.7, 36.459,1.48e-01, 17.8, 0.5, 96
4580, 85203,16112021,18102022 072945,   3, 29784.0, 21.422,317.394,0.398558,359.8,212.012,7.75e-02, 15.5, 0.1,  1
4581, 85204,01102022,17102022 211322,  14, 29783.9, 20.521,302.255,0.498028,359.8,224.313,5.91e+00, 17.7,25.1, - 
4582, 85301,07042019,17102022 185225,   1, 29824.5, 10.554,184.038,0.463849,  0.7, 32.301,7.59e-02, 13.4, 0.1,  2
4583, 85302,25042019,17102022 201254,   5, 29810.4, 10.413,184.987,0.467917,  0.7, 33.882,8.19e-02, 13.6, 0.1, 16
4584, 85303,23082019,18102022 113208,   4, 29837.4, 10.492,185.592,0.466270,  0.7, 31.321,1.08e-01, 16.6, 0.1,  9
4585, 85304,30082019,18102022 054956,1120, 29828.2, 10.749,173.983,0.533796,  0.7, 54.911,3.03e-01, 18.1, 6.3, - 
4586, 85305,25092019,18102022 072052,1099, 29796.6, 12.911,134.175,0.542131,  0.4,100.146,8.08e-01, 17.9,69.0, - 
4587, 85400,10092010,18102022 033454,   5, 29838.3, 10.740, 14.318,0.360649,359.3,350.385,2.30e-01, 15.1, 0.1, 24
4588, 85402,09042019,18102022 111954, 415, 29835.6, 10.488,185.805,0.466669,  0.7, 31.246,1.48e-01, 15.9, 6.7, - 
4589, 85403,12082019,17102022 223335, 389, 29844.3, 11.186,152.034,0.528878,  0.6, 82.309,1.46e-01, 14.9,10.9, - 
4590, 85404,04092021,17102022 163210, 395, 29872.5, 28.176,352.594,0.235807,359.7,144.246,1.69e+01, 12.9, -  , - 
4591, 85500,02092018,18102022 032717,1422, 29784.9, 21.335,322.264,0.365011,359.7,195.541,5.22e+00, 17.5, -  , - 
4592, 85502,01082019,17102022 183752, 427, 29849.5, 24.148,125.870,0.680036,  0.2, 70.397,3.61e+00, 16.8,43.2, - 
4593, 85503,21102019,18102022 012925,1073, 29926.1, 26.577, 68.661,0.765240,359.9,315.075,8.80e-02, 16.9, -  , - 
4594, 85504,13092020,18102022 025458,   0, 29858.4, 10.497,189.498,0.459119,  0.7, 25.400,8.67e-02, 16.8, 0.1,  1
4595, 85700,26102019,18102022 093113, 472, 29898.3, 10.762,182.637,0.439456,  0.7, 28.172,3.00e-02, 18.2, 0.2, 22
4596, 85800,10032010,17102022 225338,   1, 29916.1, 58.729, 62.785,0.071062,359.9,193.499,2.90e+00, 14.4, 0.1,  4
4597, 85801,14072017,17102022 223426,  55, 29957.9, 21.174,315.482,0.721460,359.8, 64.294,9.59e-02, 16.0, 0.6,103
4598, 85802,04012018,17102022 192340,   0, 29935.7, 10.799, 29.944,0.355352,359.4,315.140,5.48e-02, 17.0, 0.1, 11
4599, 85803,25012019,18102022 004259,   2, 29928.9, 21.187,311.328,0.440987,359.8,222.225,1.32e-01, 15.2, 0.1,  5
4600, 85805,29082019,17102022 200239, 781, 30065.7, 10.515,111.275,0.636412,  0.2,146.676,5.69e+00, 17.2,29.8, - 
4601, 85806,15062020,17102022 222719, 785, 29985.1, 24.046, 14.884,0.715577,359.7,283.115,2.38e+00, 14.9,57.7, - 
4602, 85807,14082020,17102022 200308, 777, 29926.4, 10.502,183.597,0.466184,  0.7, 32.138,2.07e-01, 17.0, 1.2,215
4603, 85900,10012019,17102022 210602,1161, 29941.1, 21.050,307.842,0.449844,359.8,226.567,3.76e-01, 17.5,49.1, - 
4604, 85901,16092020,17102022 132005, 457, 29960.3, 10.416,190.332,0.427148,  0.7, 30.473,3.34e-01, 17.5, 3.9,374
4605, 86000,10042019,18102022 121611,   1, 29746.9, 10.522,184.793,0.461852,  0.7, 32.595,5.20e-02, 13.4, 0.1,  2
4606, 86100,21122009,18102022 075452, 117, 29693.4, 27.114, 25.025,0.766774,359.7, 38.821,1.01e-01, 15.8, 9.2,233
4607, 86101,02092018,18102022 013855,1169, 29657.9, 21.291,326.544,0.322860,359.7,199.760,6.01e+00, 17.7, -  , - 
4608, 86102,26062019,18102022 040953, 239, 29940.0, 14.256,157.865,0.638565,  0.5, 56.989,6.32e+00, 15.4,60.2, - 
4609, 86103,04012020,18102022 040232, 984, 29895.2, 11.389,138.152,0.598038,  0.5, 92.757,5.98e+00, 15.7,56.7, - 
4610, 86104,15102020,17102022 103553, 712, 30074.7, 18.764, 86.582,0.655923,360.0,269.478,4.54e+00, 16.1,53.9, - 
4611, 86200,15032016,18102022 031203, 147, 30080.6, 23.436,335.184,0.720284,359.7,  2.675,3.46e-02, 16.5, 1.6,211
4612, 86201,02072019,18102022 045953,  29, 30024.6,  9.892,181.366,0.600318,  0.7, 63.560,6.42e+00, 17.3,11.0, - 
4613, 86300,28042017,17102022 175753,   1, 30158.2, 21.219,270.586,0.706793,  0.0,309.784,2.83e+00, 16.6, 0.1, 12
4614, 86301,17102018,17102022 235346,   1, 42164.8,  2.244,319.698,0.000393,357.7,252.696,1.00e-02, 12.2, 0.1,  2
4615, 86302,25072019,17102022 234713,   0, 30042.5, 11.460,160.087,0.496275,  0.6, 60.831,5.09e-01, 16.8, 0.1, 12
4616, 86303,17032020,17102022 221043, 932, 29996.1, 24.934, 43.697,0.354907,359.8,127.937,2.59e+01, 17.9, -  , - 
4617, 86304,02042020,17102022 234650, 909, 30028.1, 10.759,174.304,0.466878,  0.7, 49.873,3.71e-01, 18.1,55.6, - 
4618, 86305,21102020,17102022 230815,  12, 29992.2, 10.325,186.761,0.503963,  0.7, 26.770,6.63e+00, 18.4, 1.4,294
4619, 86400,05082015,17102022 222751,  11, 29926.3,  5.396,320.271,0.539144,359.0,210.381,2.98e+01, 17.8, 9.8, - 
4620, 86401,17062015,18102022 004630,1739, 30094.4, 14.241, 94.097,0.686813,  0.0,  6.000,2.61e+00, 17.6, -  , - 
4621, 86403,12062019,18102022 113109,  16, 30100.3, 10.607,185.048,0.480476,  0.7, 29.561,1.14e+00, 17.3, 1.2,253
4622, 86404,26062019,17102022 191219, 410, 30059.2, 21.084,309.426,0.449284,359.8,223.645,1.00e-02, 14.5, 1.1,144
4623, 86406,26092022,17102022 222827,  18, 30067.3, 74.965, 18.662,0.092555,359.9, 75.546,1.14e+01, 18.0,61.4, - 
4624, 86500,05072019,18102022 062425, 263, 30103.2, 11.587,126.730,0.626502,  0.4,120.555,6.66e+00, 16.1,71.0, - 
4625, 86501,26082019,18102022 083427, 704, 30092.5, 11.015,172.964,0.467757,  0.7, 40.538,1.48e-01, 17.8, 8.5, - 
4626, 86502,26082019,18102022 001702, 734, 30083.0,  9.978,133.734,0.624389,  0.5,123.341,4.84e+00, 16.2, -  , - 
4627, 86600,12042019,18102022 032120,   5, 30105.3, 11.564,150.697,0.527687,  0.5, 79.257,1.33e-01, 16.5, 0.1, 13
4628, 86701,20062019,18102022 013526,1140, 30184.2,  9.249,165.102,0.500738,  0.8, 29.611,1.77e+00, 15.3, -  , - 
4629, 86702,13092019,18102022 070900,   1, 30184.4, 11.888,185.332,0.498698,  0.6, 31.319,1.57e+00, 14.4, 0.2, 50
4630, 86800,28052019,18102022 055849, 757, 30114.0, 14.130, 98.285,0.631542,  0.1,174.591,5.27e+00, 17.0, -  , - 
4631, 86801,01072019,18102022 100115, 297, 30236.7, 10.486,192.473,0.521089,  0.7, 26.592,4.53e+00, 15.5,88.1, - 
4632, 86802,30072019,17102022 231023,1169, 30163.7, 11.005,173.949,0.486691,  0.7, 38.528,3.83e+00, 17.9, -  , - 
4633, 86803,24082019,18102022 074728,   3, 30406.6, 10.110,196.120,0.490455,  0.7, 16.290,5.97e+00, 14.3, 2.0,439
4634, 86804,22082022,17102022 191413,   1, 30160.4, 20.795,291.948,0.498228,359.9,241.446,1.23e+00, 16.7, 0.1, 11
4635, 87000,24032015,18102022 110610,1140, 30098.9, 25.723,149.958,0.651708,  0.2, 14.086,3.71e+00, 15.6, -  , - 
4636, 87001,10022015,18102022 055444,1980, 30107.0, 24.443, 54.777,0.719981,359.8,201.792,3.33e+00, 16.0, -  , - 
4637, 87002,06042019,17102022 234319,   2, 30234.4, 10.399,202.071,0.465738,  0.6, 12.465,2.29e+00, 15.4, 0.8,172
4638, 87003,15082019,18102022 075801,1087, 30203.6, 10.837,164.405,0.516742,  0.6, 61.889,1.20e-01, 16.6, 2.3,356
4639, 87004,26082019,18102022 064842,1090, 30214.1, 11.317,172.743,0.473360,  0.6, 37.848,1.92e+00, 17.4,36.7, - 
4640, 87005,25092019,18102022 013916, 654, 30224.3, 10.787,205.520,0.476387,  0.6,  3.708,1.49e+00, 17.2,69.2, - 
4641, 87006,02102019,17102022 174046,   1, 30209.4, 10.725,167.341,0.513093,  0.7, 57.951,1.96e-01, 16.2, 0.1,  7
4642, 87007,15102022,17102022 172045,   1, 30216.4, 10.558,199.105,0.471209,  0.6, 14.858,1.79e-01, 14.5, 0.1, 15
4643, 87100,07042019,18102022 113315,1253, 30215.1, 10.699,167.181,0.515484,  0.7, 58.443,2.84e-01, 15.7,10.4, - 
4644, 87101,31072019,18102022 022019, 224, 30283.8, 10.772,201.448,0.478854,  0.6, 10.685,3.86e+00, 14.9, -  , - 
4645, 87102,28082019,18102022 002725,1041, 30249.0, 10.559,187.528,0.482813,  0.7, 24.427,2.30e+00, 17.7,16.0, - 
4646, 87200,01022019,17102022 212938,   5, 30338.3, 12.160, 17.023,0.284090,359.4,288.877,8.58e+00, 18.0, 0.3, 59
4647, 87201,14072019,18102022 105705,   1, 30252.5, 11.295,155.164,0.526159,  0.6, 72.985,1.90e-01, 14.1, 0.1,  4
4648, 87202,25082019,17102022 140941, 293, 30210.1, 11.408,169.070,0.496692,  0.6, 43.565,9.76e-01, 17.8, 8.3, - 
4649, 87204,08092020,17102022 203803, 739, 30278.2, 23.413, 51.615,0.721436,359.8,277.397,3.26e+00, 16.0, -  , - 
4650, 87205,23112021,17102022 231258, 275, 30524.0, 27.872,320.019,0.724447,359.8,328.675,4.00e+00, 14.9,12.8, - 
4651, 87300,16092013,17102022 172502, 183, 30250.1, 24.952, 15.997,0.723741,359.7,264.137,2.58e+00, 15.0,20.2, - 
4652, 87301,30072019,17102022 202109, 730, 30289.9, 11.788,162.123,0.487689,  0.6, 52.745,5.04e-01, 18.6,26.0, - 
4653, 87302,30072019,17102022 181147, 382, 30271.2, 11.988,176.222,0.388105,  0.6, 14.857,3.76e-01, 17.5, 3.8,538
4654, 87303,25092019,18102022 060724, 781, 30287.8, 10.885,187.961,0.497089,  0.7, 17.625,3.71e+00, 17.9,16.7, - 
4655, 87304,21112019,17102022 223932,   2, 30242.9, 11.337,167.077,0.491209,  0.6, 47.363,1.43e+00, 17.7, 0.1, 17
4656, 87305,03082022,17102022 223818,   3, 30252.4, 21.905,308.129,0.690151,359.8,241.628,1.73e+01, 16.4, 1.7,362
4657, 87500,04082008,18102022 010205,  50, 29997.9,  4.645,343.553,0.356108,358.5,157.041,2.48e+00, 17.3,10.9, - 
4658, 87501,04082018,18102022 040018,1531, 29897.7, 20.838,338.048,0.647223,359.7,216.887,1.63e+01, 16.7, -  , - 
4659, 87502,27062019,18102022 081339,   4, 30334.0, 10.503,192.035,0.473560,  0.7, 19.346,1.05e+00, 16.7, 0.5, 98
4660, 87503,21102019,17102022 150007, 784, 30283.9, 10.337,181.293,0.593431,  0.7, 62.152,3.30e+00, 17.2, -  , - 
4661, 87504,13102020,18102022 000346, 731, 30328.2, 21.637,276.860,0.537048,360.0,260.224,5.44e+00, 16.4, -  , - 
4662, 87600,07102018,17102022 220207,1264, 30341.3, 21.437,319.217,0.429781,359.7,207.200,2.68e-01, 17.2, 6.8, - 
4663, 87700,08082016,17102022 225618, 217, 30311.2, 26.245,101.126,0.763774,  0.1,255.360,3.26e-02, 18.2, 3.9,129
4664, 87701,11122019,17102022 220745,1019, 30493.3, 23.035,348.370,0.727317,359.7,340.031,1.16e+00, 17.7,33.5, - 
4665, 87800,30072019,18102022 013846, 756, 30367.4, 12.645,130.163,0.584190,  0.4,108.818,2.28e+00, 16.0, -  , - 
4666, 87801,27112019,17102022 215951,1014, 30474.1, 21.293, 16.544,0.703564,359.7,322.878,1.77e+00, 16.7,29.9, - 
4667, 87900,30052019,18102022 000904, 403, 30358.5, 12.947,134.868,0.609237,  0.4, 99.091,2.43e+00, 15.4, -  , - 
4668, 87901,04062019,18102022 013421,  60, 30418.9, 11.139,159.446,0.521298,  0.6, 65.791,1.14e-01, 17.2, 1.2,256
4669, 87902,17072019,17102022 180013,  28, 30405.6, 11.113,163.950,0.480628,  0.6, 47.530,3.35e+00, 14.4,24.3, - 
4670, 87903,28082019,18102022 022632,1141, 30444.8, 10.590,183.323,0.489921,  0.7, 23.738,4.27e+00, 17.8,71.1, - 
4671, 87904,21092020,18102022 012918, 731, 30452.9, 10.836,237.186,0.372540,  0.4,294.051,7.09e+00, 17.4,94.9, - 
4672, 87905,16092022,17102022 175950,   1, 30406.0, 11.424,165.493,0.485385,  0.6, 45.971,1.00e-02, 14.5, 0.6,129
4673, 88000,22082012,18102022 101326,3479, 30437.4,  8.514,333.158,0.366674,359.3, 72.788,5.83e-01, 16.7,52.0, - 
4674, 88001,04122018,17102022 160159,1405, 30652.2, 14.524,  8.835,0.378628,359.5,126.622,2.06e+01, 17.6, -  , - 
4675, 88002,10012019,17102022 205134,   2, 30341.5, 21.427,319.416,0.428060,359.7,206.669,7.46e-03, 17.3, 0.1,  6
4676, 88004,12102021,17102022 141739, 335, 30419.0, 10.619,176.574,0.468028,  0.7, 35.770,5.21e+00, 15.6,36.0, - 
4677, 88100,09102012,17102022 175749, 217, 30163.0, 23.779, 63.664,0.702518,359.9,203.134,1.93e+00, 15.9,11.0, - 
4678, 88101,05112018,17102022 204843,1434, 30059.8, 17.165,258.082,0.608271,  0.1,267.869,1.20e+01, 14.2, -  , - 
4679, 88102,11122020,18102022 031214, 621, 30475.5, 30.295,125.523,0.728839,  0.1,229.921,3.12e+00, 14.3,41.6, - 
4680, 88103,12042022,17102022 232650,   4, 30474.4,  8.282,  4.563,0.170684,359.1, 13.693,5.31e+00, 18.7, 0.2, 30
4681, 88300,22092019,18102022 054930, 678, 30522.4, 10.080,190.247,0.561057,  0.7, 32.409,9.79e+00, 17.7, -  , - 
4682, 88400,01042019,17102022 185917,1272, 30148.1, 12.836,320.823,0.392727,359.6,289.228,1.18e+01, 18.5,67.3, - 
4683, 88401,20062019,17102022 224639,   7, 30525.0, 10.431,182.842,0.504951,  0.7, 35.974,1.02e-01, 16.1, 0.1, 20
4684, 88402,03122021,17102022 200606, 310, 30464.3, 20.208,283.129,0.598692,359.9,257.366,6.87e+00, 17.7, 9.7, - 
4685, 88500,27062019,18102022 082713, 374, 30559.3, 10.456,204.657,0.444749,  0.6,357.539,8.32e-01, 16.8,13.3, - 
4686, 88600,22112020,18102022 091158, 661, 27425.2, 11.001,158.802,0.428695,  0.6, 81.950,3.33e-01, 18.2, 4.5,722
4687, 88700,14072019,17102022 235345, 738, 30620.8, 10.513,197.415,0.475717,  0.7, 12.517,1.00e+00, 16.1,81.8, - 
4688, 88701,27102019,18102022 025721,1082, 30697.0, 19.827, 12.113,0.696335,359.6,352.571,1.37e+01, 18.1, -  , - 
4689, 88702,27102019,17102022 154959,1079, 30549.6, 11.141,179.017,0.574645,  0.6, 21.841,2.39e+01, 17.9, -  , - 
4690, 88800,21092017,18102022 041045,   0, 29521.2, 10.598,135.358,0.425038,  0.5, 93.749,2.63e+01, 16.7, 0.1, 17
4691, 88802,12022021,18102022 035925,   1, 30726.0,  8.081, 47.136,0.309926,359.4,279.877,1.70e+01, 17.0, 0.2, 31
4692, 89000,19062013,17102022 164253,2207, 30750.1, 20.596, 10.220,0.350265,359.6,150.382,2.74e+01, 18.1, -  , - 
4693, 89001,06092018,18102022 005754,1097, 30663.8, 21.455,321.744,0.430236,359.7,200.608,1.91e-01, 16.8,23.5, - 
4694, 89002,14092018,17102022 224024,1489, 30561.0, 20.236,308.328,0.493621,359.8,213.128,6.03e+00, 18.4, -  , - 
4695, 89200,23062020,17102022 174547,   9, 30696.1, 11.070,184.563,0.506310,  0.7, 26.329,2.50e+00, 15.1, 2.4,519
4696, 89300,04052019,18102022 043534, 980, 30659.8, 10.211,177.892,0.564990,  0.7, 38.394,2.40e+00, 15.7, -  , - 
4697, 89301,27102021,17102022 200311, 333, 30737.0, 21.754,327.262,0.377497,359.7,187.329,1.66e-01, 16.4, 0.8,121
4698, 89400,14082019,18102022 113421,   1, 30702.9, 10.577,198.606,0.492959,  0.6, 10.437,1.46e+00, 15.8, 0.8,117
4699, 89500,22012021,17102022 151908, 594, 30903.9, 27.189,335.133,0.739994,359.8,303.317,3.98e+00, 12.4, -  , - 
4700, 89601,03112018,17102022 143004, 372, 30804.7, 21.219,316.465,0.445612,359.8,206.911,2.60e-01, 15.2, 8.1, - 
4701, 89602,05042021,17102022 194740, 559, 30582.7, 24.492, 12.249,0.455673,359.7,209.696,2.15e+01, 18.6, -  , - 
4702, 89700,03072019,18102022 044937,1113, 30883.6,  9.865,225.580,0.468124,  0.5,337.737,6.09e+00, 15.4, -  , - 
4703, 89701,26082019,18102022 004349, 781, 30881.6, 10.979,210.259,0.470462,  0.6,358.799,2.28e+00, 17.7, -  , - 
4704, 89800,23082019,17102022 133626,   2, 31004.0,  9.921,201.372,0.457261,  0.7,  8.708,8.72e+00, 16.5, 1.5,320
4705, 89801,25102020,18102022 093956, 256, 30792.2,  9.118,191.345,0.496044,  0.8, 10.331,9.08e+00, 16.4,76.1, - 
4706, 89802,31082022,18102022 012340,  25, 30870.1,  3.125,227.191,0.462040,  1.5,303.384,5.44e+00, 18.3, 0.9,137
4707, 89900,10092018,18102022 021240, 426, 30865.4, 58.123,119.893,0.231043,  0.1, 93.071,9.70e+00, 16.4, -  , - 
4708, 89901,14052019,17102022 183241,1240, 30885.7, 10.309,188.796,0.494873,  0.7, 26.066,2.98e-01, 14.3, -  , - 
4709, 89902,20102019,18102022 004939, 973, 30798.0, 10.430,211.209,0.559863,  0.6,  1.893,1.47e+00, 17.0, -  , - 
4710, 90000,24042022,18102022 083851, 128, 30864.4,  8.718,108.546,0.253831,  0.3,196.859,1.01e+01, 17.5,80.1, - 
4711, 90100,22112019,18102022 073428,1004, 30752.3,  9.217,158.400,0.635568,  0.7, 57.600,9.27e+00, 16.0, -  , - 
4712, 90200,15092017,18102022 052207,1113, 30927.4,  7.361,116.737,0.392347,  0.4,126.959,2.07e+00, 17.8,56.9, - 
4713, 90201,20072019,17102022 185312, 700, 30934.7, 10.932,170.170,0.511307,  0.7, 45.373,9.05e-02, 16.5, 4.1,818
4714, 90300,13082019,17102022 135707, 346, 30969.2, 10.518,190.880,0.454130,  0.7,  8.423,1.54e+00, 18.2,14.7, - 
4715, 90301,27082019,17102022 123834,   2, 30902.0, 11.439,233.870,0.418689,  0.4,337.506,1.27e+00, 16.4, 0.9,181
4716, 90400,22092019,18102022 011623,  19, 30958.2, 11.198,221.308,0.538907,  0.5,355.697,5.65e+00, 15.7,16.9, - 
4717, 90500,29082019,17102022 125830, 737, 31011.6, 11.153,179.949,0.450655,  0.6, 17.943,1.36e-01, 14.6, 3.3,338
4718, 90503,22032022,18102022 055453, 207, 31169.6,  6.417, 17.261,0.242834,358.9,113.037,2.66e+01, 18.0, -  , - 
4719, 90600,01072019,17102022 165538,   5, 31027.8, 10.408,187.173,0.511672,  0.7, 27.475,1.40e+00, 16.7, 1.4,293
4720, 90700,09082016,18102022 004206, 936, 30827.2,  5.915, 45.246,0.314332,359.1,296.091,1.38e+01, 17.3, -  , - 
4721, 90701,04032019,18102022 125624,1315, 31049.3, 14.818, 79.503,0.426012,359.9, 58.508,9.32e+00, 17.1,55.5, - 
4722, 90800,26082019,18102022 102204, 726, 31123.1, 11.500,175.516,0.520970,  0.6, 28.496,2.23e+00, 17.9, -  , - 
4723, 90900,01072019,17102022 113633,   4, 31101.5, 10.272,202.791,0.455260,  0.6,356.557,2.31e-01, 17.5, 0.2, 18
4724, 91000,15062019,18102022 035605,  28, 31124.6, 10.292,195.240,0.483522,  0.7, 11.713,1.30e-01, 18.0, 0.2, 40
4725, 91002,19042020,18102022 051342,   0, 31123.5,  5.678,347.542,0.377216,358.8,119.789,2.28e+00, 18.0, 0.1, 10
4726, 91100,30072019,17102022 175725,  17, 31160.5, 10.595,208.941,0.473977,  0.6,358.561,2.30e+00, 17.5, 3.7,794
4727, 91101,29072022,17102022 232945,  78, 31271.9, 25.334,131.956,0.727079,  0.2,356.345,3.20e+00, 17.3,74.8, - 
4728, 91200,23052006,18102022 055338, 165, 31235.3,  4.425, 54.748,0.092702,359.0,209.625,2.63e+01, 18.4, -  , - 
4729, 91201,11052019,18102022 074026, 858, 31120.0,  9.246,197.780,0.539558,  0.7,  9.929,8.10e+00, 16.2, -  , - 
4730, 91300,01052019,18102022 121756,   0, 31381.3, 11.043,173.635,0.496989,  0.7, 42.307,3.54e+00, 13.8, 0.4, 93
4731, 91400,12082019,17102022 115815, 293, 31021.4, 10.112,214.344,0.479144,  0.6,337.760,8.54e+00, 16.4,58.4, - 
4732, 91600,15082019,17102022 233806,1085, 31272.9, 11.048,182.260,0.457181,  0.7, 14.548,2.18e-01, 17.1,17.5, - 
4733, 92000,12062021,18102022 095933, 403, 31348.6, 11.115,175.888,0.448149,  0.6, 25.959,2.72e-01, 14.7, -  , - 
4734, 92100,16072019,18102022 095408,   3, 31385.1, 10.290,195.509,0.486099,  0.7,  9.389,4.07e-02, 16.6, 0.1,  4
4735, 92101,26092022,17102022 225617,  14, 31367.3, 56.642, 13.291,0.042063,359.9,147.320,1.03e+01, 17.5,19.4, - 
4736, 92200,01062008,17102022 174333,  47, 31427.4,  8.513, 51.214,0.287652,359.5,268.871,3.93e+00, 17.8, 3.2,664
4737, 92301,15102019,17102022 234952, 262, 31392.1, 11.317,178.904,0.529310,  0.6, 18.940,4.91e+00, 15.7, -  , - 
4738, 92303,05072022,18102022 121818,  19, 31389.8, 11.191,174.353,0.489461,  0.6, 39.885,1.10e+00, 14.0, 9.9, - 
4739, 92400,08122016,17102022 235850,   0, 42165.5,  0.123, 98.537,0.000067,275.6,192.781,9.81e-03, 11.5, 0.1,  1
4740, 92401,15082018,17102022 173558,1403, 31409.7,  7.322, 73.128,0.321658,359.7,191.451,5.38e+00, 18.2, -  , - 
4741, 92500,02102018,17102022 171345,1445, 31441.8, 22.652,334.515,0.330338,359.7,152.618,9.53e+00, 16.2, -  , - 
4742, 92501,29082020,17102022 224304, 779, 31512.7,  9.390,247.158,0.413422,  0.3,298.687,1.18e+01, 17.3, -  , - 
4743, 92600,14092018,18102022 043733,1443, 31475.4, 22.325,342.531,0.370073,359.7,164.073,1.30e+00, 17.3, -  , - 
4744, 92800,20102019,17102022 221829, 398, 31534.5, 10.280,192.751,0.504067,  0.7, 15.318,8.56e+00, 17.8, -  , - 
4745, 92900,31072019,18102022 033412,  16, 31590.6, 12.014,165.480,0.496096,  0.6, 39.911,1.53e+00, 17.7, 0.3, 65
4746, 93000,25032018,17102022 210842,1652, 31610.5,  3.029,123.239,0.431895,  1.3, 48.436,7.68e+00, 18.1,57.0, - 
4747, 93001,26082019,18102022 061352,  11, 31641.4, 11.298,171.599,0.505142,  0.6, 36.217,1.80e+00, 17.3, 2.1,425
4748, 93002,30082019,18102022 021656, 216, 31578.8, 10.300,186.308,0.526464,  0.7, 28.222,1.89e-01, 14.4, 2.5,513
4749, 93100,10092018,17102022 225332, 901, 31564.9, 21.338,326.808,0.462073,359.7,191.681,1.71e+00, 16.0, -  , - 
4750, 93101,12112018,17102022 194041, 294, 31613.2, 21.317,327.118,0.445345,359.7,185.921,1.94e+00, 16.7, -  , - 
4751, 93102,24042022,18102022 042136,  54, 31651.7, 52.186,238.099,0.501096,  0.1,141.445,1.73e+01, 16.6, 4.2,895
4752, 93200,26032017,18102022 090227,1966, 31653.2, 17.578,212.076,0.665146,  0.4,344.350,2.58e+00, 17.1, -  , - 
4753, 93201,28042017,18102022 014727,1646, 31670.4, 10.004,335.168,0.380316,359.4,214.635,1.43e+01, 18.0, -  , - 
4754, 93202,22092019,18102022 105401,   1, 31626.6,  7.592,136.105,0.352090,  0.7, 55.403,7.90e+00, 17.5, 0.1, 27
4755, 93203,24042022,17102022 152946, 148, 31627.4,  7.598, 43.265,0.313302,359.3,327.281,4.49e+00, 18.3,70.6, - 
4756, 93300,15042018,17102022 210649,  12, 31644.8,  5.811,242.223,0.329754,  0.6,231.151,1.07e+00, 17.9, 0.2, 24
4757, 93302,28082019,17102022 225222,   9, 31613.4, 10.340,191.339,0.473295,  0.7,  8.186,1.46e+00, 17.4, 1.8,389
4758, 93400,29062020,18102022 023106,  17, 31670.5, 11.083,193.328,0.588071,  0.6, 21.971,6.77e+00, 16.7,18.0, - 
4759, 93500,14092018,18102022 092953,  63, 31682.1, 21.507,325.888,0.453072,359.7,189.913,3.06e-01, 15.2, 1.6,315
4760, 93501,07102020,18102022 071155, 671, 31649.0, 11.308,123.298,0.648040,  0.3,154.552,7.96e+00, 17.5,93.3, - 
4761, 93600,07092018,18102022 051859,1406, 31677.3, 22.519,343.119,0.407688,359.7,162.881,1.76e+00, 17.6,29.8, - 
4762, 93601,28032022,18102022 044906, 190, 31719.6,  5.046,226.937,0.227933,  1.0,267.399,1.09e+01, 18.6, -  , - 
4763, 93700,03092018,18102022 002116,   7, 31722.9, 22.301,340.526,0.398210,359.7,166.800,2.26e-01, 14.9, 0.2, 39
4764, 93800,23122009,18102022 014140,   5, 31747.0,  6.129,240.984,0.340127,  0.6,232.838,1.50e+00, 17.0, 0.1, 10
4765, 93801,18092018,18102022 001636,  35, 31738.9, 22.085,335.954,0.427924,359.7,174.980,2.23e-01, 16.8, 0.6,118
4766, 93802,21092019,17102022 214838,1092, 31763.4,  9.835,203.639,0.419194,  0.7,345.469,1.52e+00, 17.7, -  , - 
4767, 93900,07082019,18102022 034859,1120, 31846.7,  7.378,118.332,0.464142,  0.5, 63.736,1.15e+01, 17.7, -  , - 
4768, 93901,26092019,18102022 052926, 292, 31787.7, 11.343,178.521,0.472657,  0.6, 16.910,5.69e-01, 17.3, 9.8, - 
4769, 93902,31032022,18102022 074110, 198, 31738.3,  6.864, 76.893,0.309199,359.7,214.751,4.74e+00, 18.7, -  , - 
4770, 94000,02102018,17102022 211649,1473, 31800.8, 22.291,340.820,0.339747,359.7,151.622,5.61e+00, 18.1,39.4, - 
4771, 94100,26082019,18102022 010043,1086, 31845.9, 10.216,191.232,0.529734,  0.7, 21.402,2.30e-01, 16.7, 3.4,645
4772, 94101,05112019,18102022 011235, 793, 31824.5, 10.263,190.378,0.531643,  0.7, 22.781,1.71e-01, 17.4,17.2, - 
4773, 94102,06062022,17102022 201951,  47, 31837.0, 21.562,254.523,0.689667,  0.1,224.073,3.12e+00, 13.2, 5.1, - 
4774, 94200,05022022,17102022 173736, 248, 31835.5,  7.122, 98.305,0.319833,  0.1,195.340,3.07e+00, 18.3, -  , - 
4775, 94400,03092022,17102022 115114,  39, 31909.8,  6.808,192.855,0.377061,  1.0,305.680,1.41e+00, 18.0,16.8, - 
4776, 94500,29072019,18102022 044250, 269, 31944.0,  9.856,202.549,0.549643,  0.7,358.331,2.92e+00, 16.4,33.2, - 
4777, 94501,26082019,18102022 000646,1107, 31936.3, 10.802,179.914,0.601927,  0.7, 44.085,3.75e+00, 17.3, -  , - 
4778, 94600,22092019,18102022 104140,1117, 31938.4,  9.485,207.430,0.491640,  0.7,335.994,7.08e+00, 17.4,76.8, - 
4779, 94800,23082019,17102022 114641,   0, 31992.6, 10.229,196.735,0.479586,  0.7,359.279,3.65e-01, 16.9, 0.1,  5
4780, 94801,27102019,18102022 052632,1079, 31959.4, 10.012,213.711,0.477507,  0.6,331.591,9.63e+00, 17.3, -  , - 
4781, 94900,20102019,17102022 211637,1077, 31979.7, 10.433,204.302,0.470661,  0.6,340.970,1.25e+01, 17.4, -  , - 
4782, 94901,10012020,17102022 123609,1007, 31929.6, 12.340,212.880,0.594222,  0.5, 15.177,6.17e+00, 15.5, -  , - 
4783, 95101,03112019,17102022 190623,   1, 32119.4, 10.574,205.674,0.455204,  0.6,341.424,2.52e+00, 17.6, 1.4,230
4784, 95102,31102021,17102022 200253, 326, 32016.6,  9.790,336.207,0.470676,359.3,214.800,1.37e+01, 18.0,29.2, - 
4785, 95200,21102019,17102022 221246, 998, 32050.4, 11.402,178.479,0.498003,  0.6, 15.341,2.96e+00, 18.4, -  , - 
4786, 95300,23032018,17102022 222208,1628, 32097.7,  1.391,176.709,0.403077,  5.2,346.201,6.32e+00, 16.9,85.0, - 
4787, 95301,30082022,18102022 104653,  17, 32103.9, 10.035,210.874,0.435618,  0.6,340.113,2.06e-02, 17.9, 0.4, 19
4788, 95400,18082020,17102022 213713,  12, 32134.2,  7.223,106.358,0.348202,  0.3,195.027,1.49e+00, 17.8, 0.4, 67
4789, 95401,06112021,18102022 102334,  17, 32110.0,  9.659,219.027,0.415944,  0.6,334.540,8.79e+00, 17.4,29.9, - 
4790, 95500,28042017,18102022 082331, 172, 32028.9,  5.566,346.227,0.289219,358.8, 76.552,2.14e+00, 14.7, 9.4, - 
4791, 95502,01102022,18102022 024757,  10, 32136.4, 21.332,336.336,0.194663,359.7,204.285,1.74e+01, 17.9, 0.9,181
4792, 95600,16032012,18102022 084208, 191, 32741.8,  6.169, 63.811,0.086907,359.5,206.047,2.40e+01, 18.1, -  , - 
4793, 95601,02112018,18102022 034850,1441, 32114.0, 21.893,334.693,0.436982,359.7,168.386,2.59e+00, 17.0,68.4, - 
4794, 95602,30092022,17102022 224737,  11, 32208.3, 20.936,329.888,0.445647,359.7,185.579,2.83e+01, 17.2, 4.9, - 
4795, 95700,07092018,18102022 112331,1429, 32172.5, 22.604,347.807,0.375900,359.7,152.212,4.80e-01, 18.0,24.4, - 
4796, 95701,27072019,17102022 172132,   1, 32182.2, 11.108,178.232,0.497653,  0.7, 20.739,1.19e-01, 15.4, 0.1,  7
4797, 95703,31082022,17102022 220120,  15, 32153.2,  2.958,247.610,0.564508,  0.9,306.048,1.42e+01, 17.8, 3.1,483
4798, 95800,07092018,18102022 100218,1320, 32157.2, 21.790,336.613,0.428329,359.7,165.133,4.27e+00, 18.2,47.3, - 
4799, 95801,14062019,17102022 235307,  27, 32300.5, 10.305,179.714,0.523323,  0.7, 16.943,6.36e+00, 15.9, 7.9, - 
4800, 95900,07092016,18102022 054907, 761, 32207.9,  7.429,119.408,0.337024,  0.5,184.160,9.44e-01, 17.0,38.4, - 
4801, 95902,04082022,17102022 192441,  14, 32232.3, 22.230,340.653,0.413037,359.7,162.347,1.62e-01, 16.9, 0.1, 23
4802, 96000,26082019,17102022 120634,   0, 32211.0,  9.688,194.894,0.505479,  0.7,  3.921,2.14e+00, 16.1, 0.3, 24
4803, 96100,27062021,17102022 140258, 398, 32273.0, 10.824,178.519,0.489061,  0.7, 17.068,6.18e+00, 15.9, -  , - 
4804, 96200,03062019,18102022 122659,1198, 32350.9,  5.228,176.327,0.624722,  1.4, 36.119,1.18e+01, 15.7, -  , - 
4805, 96201,11102021,18102022 002945, 263, 32282.1,  8.955,197.909,0.482517,  0.8,  4.133,7.00e+00, 14.3,59.7, - 
4806, 96202,21082022,17102022 125832,   2, 32297.5,  9.882,193.275,0.533889,  0.7, 12.770,1.69e+00, 17.3, 0.1, 17
4807, 96300,12072010,17102022 202441,4458, 32207.1,  8.590,307.977,0.272972,359.5,345.682,1.72e+01, 15.0, -  , - 
4808, 96301,11042015,18102022 044037,  31, 32202.7, 13.421,148.006,0.718992,  0.5,126.823,4.64e+00, 16.1, 7.5, - 
4809, 96400,26082012,18102022 092004, 753, 32406.7,  6.636,164.465,0.311642,  1.0,102.383,1.31e+01, 17.1, -  , - 
4810, 96402,28112016,18102022 062831,  71, 32322.4,  2.419,168.712,0.226168,  2.9,196.888,3.01e+00, 17.3, 6.6, - 
4811, 96502,23102019,18102022 073635,   4, 32347.1,  9.060,203.871,0.417043,  0.7,350.222,8.82e+00, 16.6, 2.0,419
4812, 96600,11052019,17102022 202711, 620, 32359.1,  9.533,200.595,0.488663,  0.7,357.623,7.05e+00, 14.5, -  , - 
4813, 96703,24032020,17102022 231430,  70, 32259.8,  7.097, 81.906,0.503042,359.8,160.560,1.16e+01, 17.0,39.2, - 
4814, 96800,18032018,17102022 163819,1672, 32435.5,  5.003,265.911,0.336150,  0.1,188.835,2.63e+00, 17.3,22.5, - 
4815, 96801,03092018,17102022 234513,1490, 32436.7, 22.446,342.741,0.320371,359.7,144.488,3.94e+00, 17.0, -  , - 
4816, 96802,12062019,18102022 094919,   2, 32481.2, 10.034,202.428,0.500742,  0.7,355.038,1.16e+00, 16.1, 0.3, 61
4817, 96803,27082021,17102022 225022,   4, 32299.0, 22.834, 92.819,0.350539,  0.0,105.249,1.84e+01, 16.5, 0.5, 98
4818, 97000,05092016,17102022 205707,2215, 31965.8, 21.021,355.898,0.614888,359.7,191.023,2.70e+01, 17.2, -  , - 
4819, 97100,02112015,17102022 042846,   1, 42521.6, 26.115,  8.301,0.529327,359.7,213.508,1.64e+01, 15.5, 0.2, 29
4820, 97101,09022016,17102022 103256,2056, 35787.2, 23.599,348.466,0.451943,359.7,227.521,5.07e+01, 16.9, -  , - 
4821, 97201,03092018,17102022 181140,1412, 32398.6, 20.226,311.268,0.576436,359.8,208.961,2.19e+00, 17.1, -  , - 
4822, 97202,08092018,18102022 013316,1477, 32547.4, 22.690,344.489,0.288342,359.7,136.986,7.56e+00, 18.7, -  , - 
4823, 97204,25082019,17102022 220425,  11, 32515.5, 11.123,182.937,0.472788,  0.6,  5.515,3.71e-02, 17.6, 0.1,  5
4824, 97206,10092021,18102022 102450,  10, 32520.2, 21.279,326.437,0.478642,359.7,184.722,1.68e+00, 16.6, 1.3,279
4825, 97300,25122011,18102022 031415,   4, 32930.4, 10.772, 66.973,0.205085,359.7,159.934,1.30e+01, 16.4, 0.6,121
4826, 97501,08092018,18102022 045540,1475, 32563.8, 22.071,340.411,0.423362,359.7,160.037,1.72e+00, 17.1,40.4, - 
4827, 97502,26082019,18102022 092646,1141, 32625.9,  9.818,175.066,0.484096,  0.7, 11.467,1.18e+01, 18.0, -  , - 
4828, 97503,14012021,18102022 013927, 638, 32578.4,  5.599, 24.235,0.156750,358.8,290.285,6.72e-01, 17.4, 2.9,403
4829, 97600,22102008,18102022 055544,   1, 32579.4,  5.112,356.638,0.302463,358.6, 31.258,2.68e-01, 17.1, 0.1, 11
4830, 97800,26082019,18102022 000740, 283, 32633.0, 10.247,186.755,0.546627,  0.7, 23.363,5.67e-01, 16.3,10.3, - 
4831, 97900,05022011,17102022 161735,4268, 32383.6, 10.375, 84.564,0.275421,359.9,181.269,3.63e+01, 17.0, -  , - 
4832, 97901,22082019,18102022 020236,  86, 32687.8, 10.171,197.198,0.481288,  0.7,353.310,3.49e-01, 17.5, 1.4,279
4833, 98000,11062019,17102022 213431, 284, 32617.8,  9.656,215.044,0.508226,  0.6,321.399,6.30e+00, 15.1, -  , - 
4834, 98001,21092019,17102022 214812,   0, 32650.1, 10.119,214.884,0.485837,  0.6,337.268,6.64e+00, 15.7, 0.5,104
4835, 98100,26062019,18102022 032656,1198, 32936.7, 21.701,345.280,0.372449,359.7,142.892,1.27e+01, 14.7, -  , - 
4836, 98101,29082019,18102022 035010,  41, 32728.3, 15.749,154.953,0.561399,  0.4, 41.746,8.25e+00, 16.9, 7.4, - 
4837, 98102,23092019,17102022 154941,1062, 32717.6,  9.690,191.365,0.557086,  0.7, 14.089,4.86e+00, 17.2,77.3, - 
4838, 98300,16122017,17102022 195402,1271, 33071.4, 11.585,280.720,0.675594,359.9,245.229,2.73e+01, 15.8, -  , - 
4839, 98500,28082019,18102022 080054,   6, 32799.7,  9.693,220.866,0.538565,  0.6,347.508,5.92e+00, 17.1, 1.9,379
4840, 98600,20012008,18102022 001756,   1, 32819.2,  6.481,202.983,0.323010,  1.0, 27.235,6.32e-01, 15.9, 0.1,  4
4841, 98700,06102015,17102022 163139,1412, 33034.7,  5.741, 77.690,0.200701,359.7,246.693,1.10e+01, 18.1, -  , - 
4842, 98800,12082016,17102022 234049,  25, 32895.7,  6.529,216.818,0.328068,  0.9,334.060,2.74e+00, 17.8, 0.5, 80
4843, 98801,27092016,17102022 124313,  17, 32876.3,  6.558,194.316,0.333990,  1.1, 43.540,6.52e-02, 17.6, 0.1,  4
4844, 98900,07092016,17102022 231203,  40, 33070.0,  6.718,203.692,0.307419,  1.0, 16.597,2.66e+00, 17.5, 1.7,193
4845, 98901,17122017,17102022 203854,1763, 32882.4, 35.240,  3.943,0.583476,359.8,201.946,5.17e+01, 18.0, -  , - 
4846, 98902,09032018,18102022 053055,   3, 32937.6,  5.432, 98.090,0.206829,  0.2, 33.585,1.01e+01, 17.0, 0.2, 40
4847, 98905,21092020,17102022 233314, 425, 33008.8, 10.961, 78.800,0.053266,359.9, 79.175,8.05e+00, 17.4, -  , - 
4848, 99000,26062019,18102022 103114,1158, 32996.0, 22.346,337.595,0.452132,359.7,158.063,8.39e+00, 15.9, -  , - 
4849, 99100,16102021,17102022 133513,  56, 32924.2,  8.090,330.510,0.210972,359.2,261.713,1.64e+01, 18.2, 5.6,877
4850, 99300,24122016,18102022 024537, 761, 32453.0, 22.938, 92.833,0.364190,  0.0,105.179,1.82e+01, 16.6, -  , - 
4851, 99500,03082016,18102022 093209,1171, 33023.8,  6.171,218.154,0.311405,  0.9,359.869,1.32e-01, 18.1,22.6, - 
4852, 99700,19092015,18102022 075439,   4, 33074.9,  5.755,219.876,0.306327,  1.0,353.332,2.38e-01, 17.2, 0.1, 13
4853, 99800,26082016,17102022 232924, 317, 33140.7,  6.191,230.515,0.300501,  0.7,331.673,6.06e-01, 17.8, 4.1,766
4854, 99802,26082019,17102022 133504, 767, 33207.6,  8.470,198.511,0.517366,  0.8,357.624,1.08e+01, 14.8, -  , - 
4855, 99803,01082021,18102022 001623,  85, 33165.2,  3.510,222.988,0.336820,  1.5,257.460,7.83e+00, 18.3,11.9, - 
4856,100000,07032010,17102022 124828,   7, 33142.4,  6.771,231.980,0.304886,  0.7,329.998,1.68e-01, 15.9, 0.2, 37
4857,100001,25102016,17102022 174004,   5, 32941.3,  6.107, 26.394,0.471455,358.9,223.472,6.36e+00, 17.3, 0.5,105
4858,100100,27042019,18102022 085621, 299, 33030.6,  9.756,205.546,0.497000,  0.7,341.183,8.06e+00, 16.4,54.9, - 
4859,100101,20012020,18102022 021349, 972, 32737.7, 18.412,352.563,0.641277,359.6,216.230,3.07e+01, 17.4, -  , - 
4860,100200,24032006,17102022 125705,   2, 33113.5,  6.167,208.457,0.332608,  1.0,335.789,3.92e+00, 16.3, 0.1, 18
4861,100201,16042021,17102022 162504,  45, 33263.9,  5.045, 82.357,0.203304,359.8,244.880,1.12e+01, 17.8, 6.2, - 
4862,100300,29032009,18102022 025342,   2, 33179.3,  6.042,225.098,0.326518,  0.8,310.396,3.60e+00, 15.5, 0.1,  8
4863,100301,22072015,18102022 012102, 702, 33165.7,  6.889,237.022,0.302261,  0.6,317.702,2.57e+00, 18.0, -  , - 
4864,100302,06112016,17102022 140657,2156, 33027.9, 29.002,287.969,0.719276,359.9,252.768,1.90e+01, 14.6, -  , - 
4865,100401,16092017,17102022 153059,  10, 33351.0,  4.311,119.389,0.314544,  0.8, 20.458,6.61e+00, 17.7, 1.6,308
4866,100402,20092022,17102022 214124,  10, 33209.1,  1.926,188.263,0.439480,  3.7, 28.562,5.62e+00, 18.1, 1.5,315
4867,100600,01042016,18102022 114157,1435, 33402.4, 21.353,331.309,0.496480,359.7,168.100,4.27e+00, 18.1, -  , - 
4868,100700,02102018,18102022 042145,1429, 33291.8, 22.674,352.233,0.265527,359.7,124.595,5.94e+00, 17.0, -  , - 
4869,100800,23052018,17102022 162734,1603, 33344.8,  0.905,302.822,0.304218,356.2,199.898,4.35e+00, 18.3,35.0, - 
4870,100901,29102019,18102022 021233, 100, 33296.1, 33.109,283.940,0.659739,359.9,228.875,2.29e+01, 15.8, -  , - 
4871,101000,21042009,18102022 065113,   2, 33337.4,  6.639,251.884,0.294770,  0.3,288.743,6.54e-03, 16.0, 0.1,  1
4872,101002,05102022,17102022 223439,   0, 33355.6,  7.261,229.404,0.339906,  0.6,327.915,2.59e-01, 14.9, 0.1,  1
4873,101100,18092019,18102022 050809, 727, 33470.6, 12.877,161.096,0.539423,  0.5, 26.137,1.07e+01, 15.4, -  , - 
4874,101300,11092018,17102022 211852,1434, 33440.4, 22.734,352.896,0.270335,359.7,124.048,5.94e+00, 16.0, -  , - 
4875,101400,18022018,17102022 194235,1698, 33444.3, 15.516,243.425,0.671703,  0.2,324.039,6.37e+01, 17.9, -  , - 
4876,101500,19072017,17102022 174231,1728, 33109.8, 32.969,327.146,0.665466,359.8,250.090,2.54e+01, 15.8, -  , - 
4877,101501,02042021,17102022 215618,   2, 33241.3, 10.651, 43.263,0.562588,359.5,163.740,2.78e+01, 17.4, 0.3, 55
4878,101800,04112012,18102022 013212,   0, 33546.7, 16.129,340.363,0.277477,359.6,297.372,1.58e-03, 13.4, 0.1,  1
4879,101801,02092018,18102022 040955,1497, 33477.2, 21.288,331.198,0.494419,359.7,164.446,6.58e+00, 18.4,97.7, - 
4880,101802,08042019,18102022 005330, 575, 33466.0, 29.641,138.774,0.634302,  0.2,359.397,3.48e+00, 13.4, -  , - 
4881,101900,07062015,17102022 200517,  11, 33547.2,  7.962,278.519,0.302500,359.9,233.523,1.48e-01, 16.1, 0.3, 55
4882,101901,04092018,17102022 231348,1408, 33549.7, 21.654,333.285,0.487752,359.7,168.268,2.13e+00, 17.9,64.9, - 
4883,101902,25102019,17102022 132245,  21, 33552.5,  7.056,275.918,0.296082,359.9,239.737,2.45e-01, 17.8, 0.3, 58
4884,102000,27082022,17102022 210414,  24, 33532.9,  9.438,359.491,0.249718,359.2,238.683,1.34e+01, 17.9, 8.8, - 
4885,102200,07102019,17102022 214422,   3, 33597.4,  8.006, 86.259,0.394789,359.9, 71.476,6.62e+00, 17.4, 0.3, 31
4886,102300,06092018,18102022 060753,1164, 33570.1, 21.207,331.645,0.504107,359.7,166.207,4.68e+00, 17.8, -  , - 
4887,102301,28082019,17102022 215204,  64, 33734.8, 10.957,181.868,0.472167,  0.7,359.122,5.48e+00, 17.8,22.5, - 
4888,102600,22112019,18102022 051813,  57, 33696.9,  1.647,123.452,0.261510,  2.5,152.967,1.44e-01, 17.3, 0.7,137
4889,102800,29052013,17102022 205002,   4, 33744.0,  8.314,295.974,0.287173,359.6,200.453,2.97e-01, 16.2, 0.2, 16
4890,102801,16052018,18102022 032108,  90, 33706.1,  7.308,  0.164,0.220182,359.0,114.843,3.83e+00, 15.4, 5.0,985
4891,102901,29102021,18102022 120738, 338, 33719.7,  7.297,199.692,0.595785,  0.9,354.189,1.26e+01, 17.7,20.6, - 
4892,103000,21092019,17102022 213528,1119, 33788.8,  5.616,211.566,0.288235,  1.1,348.082,1.32e+01, 17.8, -  , - 
4893,103001,02092022,18102022 025016,  42, 33854.8, 22.700,357.868,0.289929,359.7,129.652,5.55e+00, 17.5, 1.3,259
4894,103100,06102020,18102022 041008, 465, 30361.8, 27.921,347.947,0.497435,359.7,122.543,1.98e+01, 13.3,59.5, - 
4895,103200,12082019,18102022 123344,  16, 33864.2, 11.047,185.363,0.488322,  0.7,354.751,5.57e-01, 17.5, 0.6,117
4896,103300,20042017,17102022 224739,  86, 33984.1,  6.938,306.441,0.281120,359.4,171.924,2.88e-01, 15.4, 3.3,675
4897,103301,14082019,17102022 213942,   2, 33847.1, 10.895, 41.270,0.491603,359.5,156.757,2.17e+01, 16.1, 1.7,287
4898,103400,01082019,18102022 093445,  10, 33893.8,  9.512,208.914,0.548578,  0.7,345.043,1.10e+00, 17.1, 1.3,273
4899,103500,01112019,18102022 110334, 901, 34164.2, 35.516,351.439,0.629337,359.8,169.336,3.36e+01, 17.3, -  , - 
4900,103601,08102021,18102022 054933,  31, 33905.4,  4.412,132.661,0.275422,  1.1, 61.289,1.52e+01, 17.8, 2.4,451
4901,103900,10042018,17102022 232256, 788, 34135.3,  2.142,209.179,0.270668,  2.9,287.315,2.68e+00, 18.3, -  , - 
4902,103901,10092018,18102022 000215, 995, 33766.8, 22.768,351.404,0.413913,359.7,136.996,2.40e+00, 16.4, -  , - 
4903,103903,03062021,17102022 203140,  12, 33983.5,  1.665,290.467,0.270177,358.6,192.836,1.04e+00, 17.9, 0.7, 34
4904,104000,30082022,18102022 030013,   6, 34017.9, 29.535,304.279,0.250279,359.9,157.343,1.30e+01, 17.4, 2.7,542
4905,104100,22122016,18102022 042913, 426, 34586.8,  2.373,335.889,0.222414,357.3,159.598,5.89e+00, 17.0,64.1, - 
4906,104101,29032017,18102022 030212,   0, 33913.1,  4.760,162.638,0.587265,  1.4, 40.104,4.56e+01, 17.0, 0.2, 41
4907,104300,22122017,18102022 074921,1757, 34385.8, 33.369, 28.819,0.416928,359.8,147.474,4.74e+01, 17.9, -  , - 
4908,104301,28112019,18102022 014626, 315, 34040.3, 11.559,187.310,0.459769,  0.6,341.203,1.52e+00, 16.2, -  , - 
4909,104400,11072013,17102022 214231,   0, 34106.0, 17.138,355.707,0.256835,359.6,264.464,8.82e-03, 11.4, 0.1,  1
4910,104401,30122016,17102022 175048,1226, 33981.9, 19.892,336.803,0.460644,359.7,166.465,7.83e+00, 15.1, -  , - 
4911,104600,07092018,18102022 014317,1437, 34155.1, 22.838,356.668,0.339807,359.7,124.846,2.60e+00, 16.6, -  , - 
4912,104601,02112018,17102022 180111,  34, 34075.4, 24.661,356.412,0.432026,359.7,136.988,5.90e+00, 12.8, 7.6, - 
4913,104700,30092019,17102022 140850, 728, 34772.9,  6.455,209.209,0.468255,  1.0,309.795,7.60e+00, 16.5, -  , - 
4914,105001,06122018,18102022 053710,1317, 34174.5, 15.255, 71.028,0.593575,359.8,133.520,6.25e+01, 16.8, -  , - 
4915,105100,06022008,17102022 232458,   2, 34262.9,  2.247,253.096,0.238764,  0.9,340.826,1.21e-02, 14.8, 0.1,  1
4916,105101,22072015,17102022 180727, 621, 34286.9,  5.402,320.200,0.263664,359.0, 10.340,5.62e+00, 16.7, -  , - 
4917,105102,31082016,17102022 215112,1286, 33722.7, 20.054, 39.450,0.565928,359.7,154.663,1.94e+01, 16.3, -  , - 
4918,105103,01072019,17102022 182616, 290, 34049.4, 10.466,181.456,0.584976,  0.7, 18.386,2.78e+00, 16.1, -  , - 
4919,105104,23092019,18102022 012632, 214, 34291.6, 10.073,187.798,0.602589,  0.7, 18.265,1.89e+00, 17.9, 5.2,864
4920,105105,04042022,17102022 213650, 166, 34203.8,  3.408, 55.978,0.436617,358.8,143.653,2.34e+01, 18.7,17.6, - 
4921,105300,09112020,17102022 123256, 702, 34254.8,  9.149,210.107,0.513693,  0.7,324.531,7.33e+00, 16.1, -  , - 
4922,105301,07112021,17102022 161131, 190, 35670.9, 16.765,359.674,0.723016,359.6,224.705,4.31e+01, 18.0,36.6, - 
4923,105500,12102021,18102022 031004, 367, 34365.6, 25.049,331.196,0.461370,359.7,217.614,1.90e+01, 17.6, -  , - 
4924,105600,30072019,17102022 130223, 326, 34446.9,  9.824,189.253,0.595774,  0.7, 11.547,5.02e+00, 17.9,44.1, - 
4925,105900,28082019,18102022 035543, 787, 34445.6,  2.439,211.424,0.278101,  2.5,291.395,3.01e+00, 17.7, -  , - 
4926,106000,16112017,17102022 185833,1638, 34257.7, 16.251,269.847,0.642101,  0.0,280.548,6.26e+01, 16.3, -  , - 
4927,106100,03102018,18102022 040829,1475, 34504.3, 23.109,358.601,0.214243,359.7,103.933,4.53e+00, 18.5, -  , - 
4928,106200,08102015,17102022 210805, 179, 34600.7, 14.405,304.159,0.106555,359.7,267.765,1.00e+01, 17.3,17.1, - 
4929,106202,08082020,17102022 152544, 680, 34956.6, 17.035, 40.651,0.229497,359.7, 83.923,2.61e+01, 17.0,79.4, - 
4930,106400,26082016,17102022 171157, 147, 34582.0, 15.049,311.130,0.341924,359.7,271.285,1.89e+01, 17.2,12.6, - 
4931,106402,29082019,17102022 183226, 408, 34563.8,  7.316,326.143,0.220546,359.2,254.325,8.10e+00, 18.1,74.4, - 
4932,106501,14072020,17102022 121541, 822, 34612.3,  5.087,358.644,0.235697,358.6,144.708,6.78e+00, 17.9, -  , - 
4933,106600,30062019,17102022 225627,  12, 34826.4,  9.177,206.951,0.552657,  0.7,347.462,5.03e+00, 16.3, 8.0, - 
4934,106800,14042022,17102022 210308,  72, 34620.4,  8.308,336.009,0.269312,359.2,115.496,3.58e-01, 17.5, 0.8,146
4935,107000,28062019,17102022 202928,   5, 34622.7, 20.887,  0.061,0.205881,359.6,167.312,1.36e+01, 17.5, 7.1, - 
4936,107201,01112019,18102022 000257, 131, 34320.1, 30.074, 31.547,0.574722,359.8,160.850,3.01e+01, 17.2,17.9, - 
4937,107500,06122016,17102022 203408,2093, 34853.0, 17.745,347.951,0.161128,359.6,277.497,8.77e+00, 18.0, -  , - 
4938,107501,13062017,17102022 165412,  59, 34647.5,  3.163, 38.165,0.096023,358.2,222.474,9.50e+00, 17.8,20.6, - 
4939,107701,15052021,18102022 081548, 215, 36036.9, 24.870, 13.881,0.365725,359.7,201.461,4.72e+01, 17.7,48.3, - 
4940,107800,19042018,17102022 120129,  57, 34864.4,  5.084,197.589,0.232992,  1.3,281.419,3.93e+00, 16.0,15.4, - 
4941,107900,09122015,17102022 214518,  13, 36034.4,  2.289,181.596,0.143592,  3.1,341.925,1.53e+01, 17.3, 1.1,220
4942,107901,11092017,17102022 161545,1638, 35043.0, 39.329,343.364,0.211725,359.8,207.878,3.06e+01, 17.5, -  , - 
4943,108000,29062018,18102022 091752,  36, 34999.4,  2.675,202.954,0.261723,  2.4,308.113,4.74e+00, 15.4, 8.3, - 
4944,108001,28082019,18102022 131809, 760, 34954.2, 11.882,174.921,0.575422,  0.6, 14.714,4.07e+00, 18.4,33.3, - 
4945,108300,07012018,18102022 023716,1667, 34716.2, 31.461, 24.308,0.504371,359.8,160.641,3.04e+01, 17.3, -  , - 
4946,108301,23082020,17102022 133907,  31, 35042.4,  7.519,136.040,0.311398,  0.7, 26.445,2.04e+01, 17.2, 3.7,593
4947,108501,11032022,17102022 141059, 109, 35068.9, 10.961,346.266,0.320774,359.4,265.589,2.20e+01, 18.0,28.2, - 
4948,108600,25112016,17102022 190029,   5, 34896.8,  3.286,163.192,0.224512,  2.1, 68.623,1.25e+01, 17.6, 0.6,113
4949,108601,21042018,17102022 184122, 928, 34959.3,  5.399,184.706,0.285351,  1.3,310.748,5.61e+00, 17.0, -  , - 
4950,109000,11072016,18102022 032029,   0, 34951.8,  4.754, 56.403,0.287340,359.1,135.360,1.56e+01, 16.6, 0.1, 15
4951,109001,21022018,18102022 094611, 971, 34852.9,  6.278, 55.462,0.226154,359.3, 66.092,2.51e+01, 17.5, -  , - 
4952,109002,16082018,18102022 002336,   2, 35154.6,  3.449,  1.623,0.130338,357.9,136.559,6.03e+00, 17.4, 0.4, 57
4953,109100,12042018,17102022 225531,1583, 35109.6,  4.663,193.117,0.241855,  1.5,299.356,4.35e+00, 16.9, -  , - 
4954,109102,25092019,18102022 093307, 723, 35138.7,  7.167,210.391,0.477190,  0.9,330.039,2.88e+00, 16.8, -  , - 
4955,109200,25032014,17102022 192137,   6, 35288.4,  6.543,276.704,0.284956,359.9,135.988,4.48e+00, 16.0, 0.2, 35
4956,109201,23092019,17102022 133047, 295, 35062.6,  9.393,194.400,0.586761,  0.7,359.715,4.95e+00, 14.1, -  , - 
4957,109400,10012011,18102022 083009,   2, 35330.9, 12.477, 94.303,0.398413,  0.0, 80.508,2.19e+01, 16.7, 0.3, 55
4958,109500,31012014,17102022 143839,  10, 35184.3,  7.086, 12.261,0.150592,359.0,331.928,2.95e+00, 17.0, 0.4, 78
4959,109600,10112013,18102022 011509,  73, 34965.5, 10.973, 64.424,0.051210,359.7,252.249,5.01e+00, 16.8, 2.2,442
4960,109700,14052009,17102022 204949,  42, 35266.3,  8.194,351.306,0.225301,359.1,178.582,5.10e+00, 15.2, 9.4, - 
4961,109701,17092017,17102022 163737, 139, 34879.6,  9.275, 21.921,0.346722,359.3,176.624,3.61e+01, 17.1,66.1, - 
4962,109801,17042018,18102022 102805,  58, 35342.5,  2.576,236.528,0.236129,  1.5,244.109,5.35e+00, 17.8,27.9, - 
4963,109802,26042022,18102022 032752, 132, 35282.4, 13.665, 13.564,0.103807,359.5,297.952,7.98e+00, 17.7, 6.2,970
4964,110000,26062008,18102022 044628,   7, 35219.2, 14.455, 21.928,0.091964,359.5,337.621,6.55e+00, 15.8, 0.3, 46
4965,110001,10022018,17102022 163858,   2, 30122.7, 23.567,204.491,0.778868,  0.3,206.599,7.82e-03,  9.7, 0.1,  1
4966,110100,25022018,17102022 080643,1289, 35318.0, 25.610,297.441,0.489563,359.9,261.298,3.61e+01, 17.1, -  , - 
4967,110101,14082018,17102022 150756,1495, 35349.3,  3.082,199.873,0.258749,  2.2,293.254,3.69e+00, 17.9,25.2, - 
4968,110200,23022022,17102022 214925, 161, 35316.5, 41.493,352.638,0.470570,359.8,215.596,3.63e+01, 16.8, -  , - 
4969,110600,26062019,17102022 210846, 734, 35379.7, 10.047,204.290,0.586846,  0.7,332.977,9.62e-01, 15.7, -  , - 
4970,110800,09022016,18102022 003808,   3, 35391.8,  8.045, 14.716,0.157158,359.1,  0.460,2.48e+00, 15.2, 0.3, 54
4971,111000,13022016,18102022 023336, 190, 35531.6,  7.173, 25.069,0.109646,359.1,275.635,5.50e+00, 18.0,34.2, - 
4972,111001,26032018,17102022 222659,1254, 35529.0,  6.176,209.097,0.252172,  1.0,253.005,6.96e-01, 18.5,30.2, - 
4973,111501,27022016,17102022 191301,   0, 37079.1,  6.555,347.219,0.212983,358.9,189.994,3.21e+01, 17.0, 0.2, 43
4974,111502,18082020,18102022 074218,   2, 35867.0, 31.811, 39.220,0.354610,359.8,200.534,3.84e+01, 16.8, 0.6,105
4975,111601,11012020,18102022 042031,  78, 35660.5, 21.279,350.850,0.358636,359.7,165.835,6.92e+00, 16.4,68.3, - 
4976,111700,08112018,18102022 054843,1439, 35679.2, 22.171,  1.481,0.365007,359.7,111.497,7.80e-01, 18.1, -  , - 
4977,111701,20102019,17102022 235753, 310, 35626.3, 12.706,167.215,0.050010,  0.6,171.655,1.55e+01, 16.4,21.8, - 
4978,111703,07112021,17102022 212643,   3, 35406.9,  5.742,313.049,0.470548,359.2,255.317,5.13e+01, 17.2, 0.9,182
4979,111800,09102007,18102022 000231,1644, 36935.5, 36.496, 23.903,0.580567,359.8,180.571,7.68e+00, 17.9, -  , - 
4980,111801,17082013,17102022 182552,3116, 35676.0,  7.577,177.945,0.602529,  1.0, 35.103,3.91e+01, 16.1, -  , - 
4981,111802,25032018,17102022 233420,1257, 35727.4,  4.186,191.248,0.252502,  1.7,290.163,3.04e+00, 17.3, -  , - 
4982,111803,28042022,17102022 202404, 141, 35718.7,  8.680, 61.441,0.120100,359.6, 17.318,3.56e+00, 17.9,14.1, - 
4983,111900,12052017,17102022 201939,1259, 35988.5, 27.128, 19.828,0.413639,359.7,139.692,2.29e+01, 16.6, -  , - 
4984,112001,27042022,18102022 014640, 166, 35739.7,  7.246,  3.813,0.212614,359.0,  4.695,1.48e+00, 18.5,10.7, - 
4985,112300,17042020,17102022 185710,  47, 35787.7,  4.408, 47.895,0.174808,358.9,338.634,8.84e-02, 17.5, 0.1, 16
4986,112600,17032010,17102022 170343,4032, 35583.6,  5.251,162.529,0.360656,  1.3, 23.879,5.12e+01, 15.6, -  , - 
4987,112800,07112016,18102022 003759,   3, 36048.9, 30.967,347.855,0.326851,359.8,193.786,5.08e+01, 17.4, 6.7, - 
4988,112801,15012018,18102022 070014, 129, 35784.6, 29.735, 11.750,0.454345,359.8,157.641,2.30e+01, 16.5,49.5, - 
4989,112802,05102020,18102022 003422, 120, 35905.7,  5.697,131.674,0.588334,  0.8, 58.189,2.32e+01, 17.7,12.5, - 
4990,112803,29102021,17102022 175036, 345, 35848.8,  5.363,133.145,0.342208,  0.9, 20.148,1.98e+01, 18.4,30.7, - 
4991,112804,30112021,18102022 040031, 317, 35893.6,  9.245, 41.310,0.244425,359.4,146.605,6.34e+00, 16.9,80.2, - 
4992,112900,09072012,17102022 124358,1178, 35783.5, 26.803,  7.400,0.620292,359.7,219.807,3.09e+01, 15.6, -  , - 
4993,113001,25102016,17102022 220340,   2, 34916.0, 18.535,353.906,0.189651,359.6,185.273,9.88e+00, 16.3, 0.1, 24
4994,113002,23032017,17102022 183807,2027, 35908.6, 14.210, 15.435,0.214647,359.5,231.853,1.03e+01, 18.1, -  , - 
4995,113004,21022022,17102022 171140,  52, 36002.6, 28.508,323.225,0.347094,359.8,235.066,3.51e+01, 17.3,13.7, - 
4996,113005,25092022,18102022 070318,  14, 35883.0,  9.611,217.484,0.113861,  0.6, 49.259,2.04e+01, 17.6,20.4, - 
4997,113100,15042009,17102022 151422, 108, 35729.8,  8.380, 26.934,0.162629,359.2,118.084,5.65e+00, 16.1,22.5, - 
4998,113300,03052014,18102022 064155, 121, 35677.7, 18.484, 44.694,0.433210,359.7,217.124,1.61e+01, 17.1,11.7, - 
4999,113301,24032020,18102022 073228,   6, 35872.3, 13.044, 24.574,0.395931,359.5,214.469,1.47e+01, 16.6, 3.1,449
5000,113302,24032020,17102022 150148, 933, 36029.3, 11.089,359.360,0.251143,359.3,342.815,9.41e-01, 17.9, -  , - 
5001,113500,06082008,18102022 065752,   2, 36285.7, 27.995,351.085,0.175740,359.7,175.320,2.65e+01, 16.1, 0.3, 67
5002,113501,14112018,18102022 074205,  16, 36044.7, 11.511,  2.148,0.166785,359.4,225.002,6.28e+00, 17.5, 0.6,103
5003,113600,09042016,17102022 210936, 307, 36033.3,  8.684, 37.449,0.200576,359.3,144.615,4.53e+00, 17.4,91.1, - 
5004,113601,29042020,17102022 221414, 898, 36124.0,  8.276,184.335,0.344553,  0.9,296.551,7.08e+00, 16.9, -  , - 
5005,113700,17082018,18102022 032010,1490, 36111.0,  1.285,197.558,0.180552,  5.2,277.873,5.38e+00, 17.8,66.3, - 
5006,113702,01042022,18102022 073230, 108, 36069.6, 10.292,  6.129,0.247374,359.3,358.241,2.75e+00, 17.7,58.0, - 
5007,113900,21032018,17102022 205816, 132, 36081.7,  1.899,332.925,0.192154,356.8,174.726,4.77e+00, 17.3,56.1, - 
5008,114000,07042016,18102022 092716,   2, 35928.1, 28.798, 13.545,0.393201,359.7,200.559,1.82e+01, 17.1, 0.3, 55
5009,114100,05082007,17102022 192723, 311, 35827.4,  8.616,212.803,0.454871,  0.7,319.324,2.61e+01, 16.8, -  , - 
5010,114101,27012020,18102022 065002,   2, 35992.8, 22.836,343.013,0.610301,359.7,226.391,3.26e+01, 15.8, 0.4, 74
5011,114102,20052022,18102022 123037, 149, 36099.9, 10.064,276.398,0.406597,359.9,295.126,2.09e+01, 17.8, -  , - 
5012,114200,31082016,18102022 113625, 316, 37739.6, 19.832,296.443,0.214966,359.8,304.208,2.99e+01, 18.1,86.1, - 
5013,114201,02112019,17102022 230632,1027, 36190.1,  4.698,147.057,0.272467,  1.3,327.185,9.05e+00, 18.1, -  , - 
5014,114300,28012017,18102022 084504, 262, 36123.3, 26.951, 35.733,0.609779,359.8,183.402,2.92e+01, 17.2, -  , - 
5015,114400,20062020,17102022 151322, 813, 36319.4, 27.166, 58.656,0.388963,359.9,112.373,2.79e+01, 16.5, -  , - 
5016,114500,24082019,17102022 112058, 726, 36358.3, 11.235,177.778,0.426900,  0.6,332.232,6.96e+00, 16.8, -  , - 
5017,114600,01092014,18102022 010923,   1, 36244.1, 23.774, 52.948,0.613081,359.8,177.684,3.36e+01, 16.0, 0.4, 70
5018,114601,23042020,18102022 072618, 756, 36101.4, 24.072,347.936,0.571573,359.7,230.284,2.48e+01, 16.3, -  , - 
5019,114604,22062021,18102022 162522, 258, 36272.5, 10.779,188.539,0.708936,  0.7,  4.745,7.84e+00, 16.5,55.9, - 
5020,114700,19102019,17102022 190604, 118, 36143.7,  9.944,209.598,0.574077,  0.6,333.755,6.45e+00, 14.7,39.1, - 
5021,114800,04122018,18102022 023721,1409, 36464.2, 22.567,344.113,0.252623,359.7,144.743,1.83e+01, 17.4, -  , - 
5022,114902,13102020,17102022 112851, 355, 44375.2,  7.785,105.225,0.391366,  0.2,204.639,9.90e+00, 17.7, -  , - 
5023,114903,05042021,17102022 215914, 139, 36354.9, 32.753, 31.058,0.515343,359.8,204.803,2.93e+01, 17.0,19.4, - 
5024,115000,26082016,18102022 020908,1080, 36076.7, 12.300,134.814,0.493998,  0.4, 54.869,2.80e+01, 16.4, -  , - 
5025,115100,15032015,18102022 013138,  13, 36377.3,  7.170, 85.391,0.106523,359.9,283.675,4.29e+00, 16.8, 2.6,500
5026,115101,19112019,17102022 153743, 682, 36283.4, 10.586,159.166,0.614559,  0.6, 10.075,9.87e+00, 17.3, -  , - 
5027,115201,27072014,18102022 071029,  32, 36490.7,  7.140, 41.492,0.154053,359.2,111.876,3.18e+00, 16.3, 7.7, - 
5028,115202,05082019,17102022 170614, 366, 36653.8,  1.625,292.467,0.137625,358.5,188.831,4.06e+00, 17.9,84.0, - 
5029,115203,27092019,17102022 215431, 992, 36454.2, 24.595, 19.154,0.059468,359.7, 55.484,1.98e+01, 13.3,88.8, - 
5030,115300,21102019,17102022 140101,1088, 36413.8, 14.086,114.060,0.240153,  0.2, 25.937,2.12e+01, 17.8, -  , - 
5031,115500,08052016,18102022 011009,   3, 36283.6, 16.876,350.798,0.136150,359.6,209.482,9.34e+00, 17.1, 0.5, 75
5032,115600,07052019,17102022 174503,1085, 36430.2, 32.589, 31.036,0.512718,359.8,205.815,2.91e+01, 17.0, -  , - 
5033,115700,17082017,17102022 101234,1845, 36443.2, 16.456, 47.230,0.390565,359.7,199.764,1.01e+01, 16.7, -  , - 
5034,115701,18092018,17102022 205211, 432, 36609.5,  3.460,217.137,0.170217,  1.6,299.990,4.68e+00, 17.0, -  , - 
5035,115703,23022021,17102022 170827, 190, 36531.9,  7.607,207.088,0.261743,  0.8,258.424,2.25e+00, 17.1,18.0, - 
5036,115800,09032018,18102022 030424,   0, 36419.7,  7.703,150.543,0.415589,  0.8, 27.829,2.16e+01, 17.0, 0.2, 24
5037,115802,12092020,18102022 104544, 755, 36631.2,  7.500,189.768,0.629151,  0.9,355.542,8.92e+00, 17.1, -  , - 
5038,115900,02052019,18102022 080920,1134, 36555.7,  1.919,208.705,0.156989,  3.2,274.005,5.63e+00, 17.6, -  , - 
5039,115901,16102020,18102022 113458, 728, 36564.7,  7.693,217.870,0.508258,  0.7,296.007,5.22e+00, 17.5,18.8, - 
5040,116000,14072016,17102022 234023,   1, 36366.5,  8.013,156.340,0.157443,  0.8, 72.695,1.58e+01, 16.2, 0.2, 30
5041,116100,25082009,18102022 061007, 606, 36468.7, 24.202, 65.472,0.325085,359.9,115.924,3.02e+01, 16.1, -  , - 
5042,116101,17092017,17102022 105744,1761, 36630.5, 36.442,  6.487,0.253045,359.8,241.990,2.43e+01, 18.0, -  , - 
5043,116200,14042007,17102022 165028, 726, 37410.7, 43.688,308.160,0.706296,359.9,247.130,3.19e+01, 16.5, -  , - 
5044,116300,29102013,18102022 004847, 104, 36231.0, 29.411,  1.785,0.552220,359.7,226.314,2.73e+01, 15.7,12.5, - 
5045,116302,17022020,17102022 191857,  40, 36641.2,  6.193, 99.442,0.279065,  0.2,329.965,3.14e+00, 17.3, 3.0,598
5046,116401,18042020,17102022 214531, 312, 36209.8, 20.561, 11.423,0.745316,359.6,241.820,2.65e+01, 16.6, -  , - 
5047,116700,03032017,18102022 012559,1614, 36782.9,  9.371, 24.351,0.091265,359.3,265.819,7.10e+00, 17.9,81.7, - 
5048,116900,18072009,18102022 135146,  39, 37296.3,  8.928, 19.194,0.076237,359.2,350.560,3.50e+00, 15.1, 8.5, - 
5049,116901,02092016,18102022 115546,   3, 36761.5,  6.484, 93.283,0.078930,  0.1,247.446,4.15e+00, 16.5, 0.2, 17
5050,117100,24022022,17102022 172553,   1, 36779.0,  7.691,299.793,0.339315,359.6,303.620,1.40e+01, 17.7, 0.3, 32
5051,117300,20042018,17102022 202200, 110, 36831.1,  4.991,217.668,0.205467,  1.1,257.003,2.04e+00, 17.8,19.4, - 
5052,117400,24082022,17102022 135611,  39, 36756.4,  4.650,353.051,0.290391,358.5,244.928,2.70e+01, 17.1, 5.2, - 
5053,117601,26082019,17102022 205126, 632, 36941.6, 11.020,184.036,0.500440,  0.7,335.985,4.20e+00, 17.2, -  , - 
5054,117602,17032021,18102022 120258,  55, 36965.9,  9.392, 24.785,0.097275,359.3,254.289,7.26e+00, 17.6, 6.8, - 
5055,117800,27022017,17102022 104157,   5, 36995.0, 14.301,301.887,0.162269,359.7,215.524,1.18e+01, 16.8, 0.3, 53
5056,117900,08042022,17102022 142333, 143, 36941.0,  8.300, 25.814,0.571398,359.2,157.297,2.34e+01, 18.2,23.2, - 
5057,118000,23022018,17102022 082220,  13, 37319.6, 25.624,312.510,0.604001,359.8,280.141,2.77e+01, 17.7, 1.7,336
5058,118001,31032022,17102022 092840,   6, 36813.2,  5.688,220.534,0.473013,  1.0, 19.260,2.44e+01, 17.0, 0.7,134
5059,118100,02032016,17102022 222245,  51, 37812.1, 10.891, 67.070,0.158616,359.7,169.902,6.28e+00, 17.8, 4.2,779
5060,118200,25102013,17102022 152408,   0, 37263.5, 25.155,310.051,0.553938,359.8,268.776,2.15e+01, 16.9, 0.3, 65
5061,118201,04122015,18102022 073446,   9, 36875.0, 15.936,331.774,0.268600,359.6,209.284,1.08e+01, 16.8, 0.5, 95
5062,118300,30112008,17102022 131554,   8, 37054.7,  3.371,111.460,0.154785,  0.8,246.619,1.08e-01, 16.7, 0.2, 26
5063,118301,19042018,18102022 065744,1596, 37057.9,  4.662,217.037,0.168489,  1.2,265.221,1.33e+00, 17.8,68.9, - 
5064,118302,19042018,17102022 190742,  27, 37060.9,  5.170,222.953,0.173486,  1.0,246.294,8.06e-01, 17.9, 1.4,260
5065,118400,01022016,18102022 015044, 589, 37081.0,  2.023, 50.268,0.134862,357.6,291.174,1.06e-01, 16.5, 5.6, - 
5066,118402,25112019,18102022 041933,1052, 37174.3,  9.429,286.662,0.319061,359.8,238.873,4.03e+01, 17.3, -  , - 
5067,118500,25112016,18102022 112704,2111, 37136.5, 35.491,  2.281,0.229847,359.8,165.119,2.48e+01, 17.3, -  , - 
5068,118503,28022019,17102022 205948, 997, 37249.4, 30.895,  6.179,0.177098,359.8,149.346,1.96e+01, 13.4,97.8, - 
5069,118600,28112016,17102022 164033,2083, 37066.5, 36.068,342.863,0.423327,359.8,236.043,2.67e+01, 17.1, -  , - 
5070,118601,25112017,18102022 125302,1341, 37166.3, 35.294,  4.046,0.239677,359.8,163.148,2.45e+01, 17.2, -  , - 
5071,118700,09032018,17102022 125241, 131, 37156.3,  9.076, 35.514,0.290485,359.3,317.931,3.68e+00, 16.8,11.9, - 
5072,118800,28062022,18102022 072230,  45, 37168.2,  2.188,282.266,0.181386,359.4,182.595,1.01e+00, 17.7, 0.5, 60
5073,118900,09012022,17102022 123410,  41, 37232.3,  7.663, 25.940,0.056564,359.1, 95.902,1.02e+01, 17.4,10.9, - 
5074,119000,08092018,17102022 075103,  23, 36502.2,  5.134,221.723,0.593884,  1.0,356.871,3.10e+01, 17.7, 4.5,849
5075,119001,05042022,17102022 120833,  25, 37214.2,  5.720,221.199,0.177770,  0.9,239.772,6.74e-01, 17.9, 0.5, 91
5076,119100,13032018,17102022 105018, 397, 37263.1,  2.159,226.494,0.114344,  2.2,282.608,2.65e+00, 17.1,55.9, - 
5077,119101,02092018,17102022 160603,   0, 36939.1,  6.053,150.746,0.192164,  1.0, 88.241,1.43e+01, 16.6, 0.1, 12
5078,119102,05072022,17102022 225400,  27, 37199.0,  5.164,165.707,0.118542,  1.4, 31.903,1.49e+01, 17.5,10.4, - 
5079,119201,09072018,17102022 183426,1341, 37268.4, 15.285, 45.522,0.405524,359.7,118.141,1.15e+01, 17.2, -  , - 
5080,119400,25112008,18102022 050542,  34, 37295.7, 13.003, 60.823,0.138882,359.7,210.432,8.60e-01, 17.2, 0.6, 93
5081,119500,21112016,17102022 213311,1269, 37419.1,  5.548, 21.445,0.058339,358.8, 41.799,1.29e+01, 17.2, -  , - 
5082,119503,27032020,18102022 113618, 927, 37416.4, 13.829,  6.785,0.269636,359.5, 86.719,1.22e+01, 17.9, -  , - 
5083,119700,09042018,17102022 211207, 132, 37270.7,  0.846,278.382,0.208087,359.0,226.343,5.54e+00, 17.8,28.0, - 
5084,119701,18052018,18102022 060632, 916, 37539.2,  6.678, 59.513,0.062659,359.4, 79.918,1.69e+01, 18.8,95.5, - 
5085,119702,27072019,17102022 192941,   2, 37340.7,  5.477,215.955,0.175599,  1.1,289.147,3.93e+00, 15.8, 0.4, 77
5086,119703,28012022,18102022 011821, 258, 37319.9, 18.103, 86.424,0.257208,360.0, 94.595,1.72e+01, 17.7, -  , - 
5087,119901,07112021,17102022 174949,  38, 37085.2,  7.153,292.165,0.489925,359.6,319.649,2.15e+01, 17.6,25.5, - 
5088,120000,01112015,18102022 064244,1909, 37314.5, 23.264, 35.182,0.386639,359.7,186.842,2.66e+01, 18.0, -  , - 
5089,120001,27042017,18102022 065418, 162, 37318.4,  8.939, 37.276,0.200593,359.3,127.546,4.68e+00, 16.0,30.0, - 
5090,120100,05022019,17102022 235624,   1, 37383.4, 12.744,300.887,0.186267,359.7,259.567,1.48e+01, 17.0, 0.1, 19
5091,120200,02082019,17102022 183925, 230, 37547.3,  7.283, 91.451,0.080954,  0.0, 47.260,1.03e+01, 16.9,76.4, - 
5092,120201,26092019,18102022 135535,1052, 37459.4,  3.091,156.013,0.241999,  2.2, 21.278,7.23e+00, 17.4, -  , - 
5093,120300,13032018,18102022 133754,  10, 37532.3,  4.076,233.752,0.080055,  1.0,297.160,3.87e+00, 16.8, 2.7,513
5094,120400,05022016,17102022 230800,  90, 37521.6,  2.913,109.435,0.079120,  0.8,302.372,1.42e+00, 17.5, 7.2, - 
5095,120401,23122017,18102022 040727,  60, 37391.2,  8.503, 20.701,0.058492,359.2,264.484,8.91e+00, 17.8, 5.2,984
5096,120500,24012017,17102022 220815,   2, 37520.4,  6.003, 77.115,0.055344,359.7,198.009,4.91e+00, 17.2, 0.1, 17
5097,120501,16052018,17102022 093801,1176, 37514.3,  4.727,160.154,0.083142,  1.4,196.798,1.76e+00, 16.9,39.9, - 
5098,120601,20042020,17102022 110828, 228, 38063.6, 40.782,333.504,0.571304,359.8,242.319,6.01e+01, 17.0, -  , - 
5099,120702,01072022,17102022 105038,  50, 37493.4,  2.933, 30.424,0.350123,357.8,188.307,1.18e+01, 17.1,11.2, - 
5100,120800,06112016,17102022 214307,1285, 37927.2, 41.229, 35.185,0.450410,359.8,204.506,3.96e+01, 16.5, -  , - 
5101,120801,16092020,18102022 022030, 439, 38127.9, 20.723, 70.762,0.252001,359.9,148.882,3.91e+01, 16.5, -  , - 
5102,120802,31032022,18102022 022840, 187, 37568.2, 10.717, 35.539,0.142019,359.4,175.931,6.96e+00, 18.5, -  , - 
5103,120900,08092016,17102022 223936,2171, 28052.3, 25.459,307.494,0.687409,359.8, 37.061,4.79e+00, 16.4, -  , - 
5104,120901,07112021,18102022 062950, 342, 37592.0, 19.818,312.074,0.149847,359.8,297.379,1.29e+01, 18.4, -  , - 
5105,121000,28052022,18102022 145718, 140, 37401.5,  2.197,259.064,0.386525,  0.6,357.532,2.20e+01, 18.3, -  , - 
5106,121101,13032019,17102022 153110, 167, 37655.9,  2.136,166.864,0.079762,  3.3,118.213,2.45e+00, 17.8,11.2, - 
5107,121200,10092020,17102022 193306,   0, 37843.6, 30.854, 29.057,0.303808,359.8,207.386,3.55e+01, 16.7, 0.2, 29
5108,121202,27032022,17102022 130320, 178, 37668.2,  3.537,102.096,0.072143,  0.4, 67.655,5.21e+00, 18.2,49.6, - 
5109,121400,01052013,17102022 192005,   6, 37717.5,  5.813, 47.578,0.141759,359.1,314.189,1.81e+00, 16.7, 0.3, 45
5110,121401,09102020,17102022 095040,  48, 37722.3,  6.268,219.446,0.447357,  0.9,308.190,4.86e+00, 17.2,39.2, - 
5111,121500,21092012,18102022 070048,   1, 37589.7, 21.571,161.273,0.809378,  0.3,169.644,8.84e-03, 11.1, 0.1,  1
5112,121501,11062017,17102022 182038,1945, 37733.7,  6.630, 88.341,0.246368,360.0, 86.412,4.00e+00, 16.7, -  , - 
5113,121502,05012018,18102022 115556,1705, 37703.2, 34.652,  2.415,0.353733,359.8,220.055,2.26e+01, 17.6, -  , - 
5114,121503,28072019,17102022 143721,  16, 37737.8,  2.165,279.178,0.158912,359.5,182.972,6.46e-01, 17.4, 1.1,208
5115,121504,15042020,17102022 112516, 905, 37729.8,  8.706, 50.837,0.058034,359.5,183.566,9.89e+00, 17.7,40.4, - 
5116,121600,13042020,18102022 101718, 144, 37663.9, 21.515,349.525,0.243563,359.7,219.253,1.26e+01, 17.2,16.4, - 
5117,121700,14042020,18102022 042956,  75, 37764.4,  3.712, 17.768,0.052680,358.1, 30.838,4.40e+00, 17.7,11.1, - 
5118,121800,09022007,18102022 123020,4046, 37806.6,  7.178, 50.685,0.027660,359.3,334.510,5.38e+00, 17.5, -  , - 
5119,121900,09032016,17102022 234134, 163, 37790.3,  4.674, 62.551,0.011133,359.3,341.496,4.60e+00, 17.8,29.7, - 
5120,121902,07102021,18102022 045157, 309, 37808.6, 30.279, 16.563,0.268784,359.8,123.925,2.11e+01, 18.2,33.4, - 
5121,122000,17102009,17102022 234048, 912, 37966.4, 15.981, 10.216,0.183825,359.5,139.221,7.78e+00, 17.4, -  , - 
5122,122001,14032018,18102022 075213,1627, 37686.5, 22.174, 66.961,0.434589,359.9, 91.709,2.74e+01, 17.2, -  , - 
5123,122002,13102018,17102022 120552,   2, 37553.7,  1.256,228.980,0.227119,  3.5, 15.710,1.61e+01, 17.6, 1.7,328
5124,122003,15052021,17102022 183550,  73, 37817.5,  4.599,214.954,0.142849,  1.3,278.256,3.94e+00, 16.4, 7.2, - 
5125,122004,07112021,17102022 171643, 338, 37785.6, 18.567,311.728,0.286906,359.7,218.502,1.56e+01, 18.2, -  , - 
5126,122300,12122015,18102022 074946, 163, 37073.0, 24.386, 17.492,0.348970,359.7,137.132,2.01e+01, 16.7,15.1, - 
5127,122301,20022018,17102022 191736, 971, 37974.2, 13.911,298.477,0.140820,359.8,181.298,2.41e+01, 17.1, -  , - 
5128,122303,14042020,18102022 004250, 279, 37812.7, 32.911, 31.524,0.477113,359.8,168.469,3.55e+01, 17.1,85.4, - 
5129,122401,15062018,18102022 113346,1561, 37908.7,  4.192,212.261,0.117622,  1.4,284.117,3.66e+00, 15.9, -  , - 
5130,122402,05092018,17102022 203256,  33, 37902.6,  2.411,265.827,0.135311,  0.2,208.267,1.10e+00, 17.4, 1.3,222
5131,122404,27032020,18102022 021533,   4, 37831.2,  3.933, 85.609,0.048486,359.8,160.770,6.63e+00, 16.4, 1.9,365
5132,122500,10042018,17102022 084830,1641, 38271.4, 31.195, 28.408,0.444823,359.8,201.179,5.01e+01, 17.1, -  , - 
5133,122501,06062018,18102022 144108, 399, 37830.5, 23.685, 62.594,0.405981,359.9, 97.108,2.82e+01, 17.0,55.8, - 
5134,122600,20092017,17102022 235151, 726, 38203.2,  5.959,212.332,0.554704,  1.0,303.075,9.66e+00, 16.6, -  , - 
5135,122800,02042017,17102022 150536,   4, 38138.6, 11.737, 42.783,0.082801,359.5,191.596,7.04e+00, 17.3, 0.7,106
5136,122801,24092017,18102022 035959,  47, 37976.5,  3.082, 82.715,0.086120,359.7, 28.546,1.58e+00, 17.7, 1.5,201
5137,122803,08072019,17102022 183311,1194, 38043.0,  5.521,232.397,0.417173,  0.8,270.510,5.66e+00, 16.8, -  , - 
5138,122804,01022020,18102022 121013, 281, 38043.1,  4.312, 22.049,0.128211,358.4,202.566,7.01e+00, 17.6,47.9, - 
5139,122805,06062022,17102022 184051, 109, 38009.9,  7.750, 49.737,0.072277,359.4,129.775,5.55e+00, 16.7,11.5,653
5140,122806,19082022,17102022 154334,   5, 38013.0,  3.971,242.198,0.128181,  0.8,286.282,2.26e+01, 17.5, 0.8,110
5141,122900,04112015,17102022 131223, 184, 37921.3,  2.656, 87.707,0.010770,359.9, 40.220,6.71e+00, 14.6,76.1, - 
5142,122901,13092017,18102022 050320,1229, 37986.7, 11.640, 68.190,0.285462,359.8,152.394,1.57e+00, 17.7,81.7, - 
5143,122903,05022022,17102022 201136, 252, 37999.9, 11.146, 58.664,0.710380,359.7,158.907,3.51e+01, 18.2, -  , - 
5144,123000,21112019,18102022 074943,1059, 38120.1, 35.427, 15.110,0.605058,359.8,199.472,3.64e+01, 17.8, -  , - 
5145,123103,10052021,17102022 104820, 521, 39328.9, 27.137,354.932,0.168495,359.7,138.230,3.12e+01, 18.2, -  , - 
5146,123104,07112021,18102022 012800, 338, 38048.2, 12.286,319.522,0.155289,359.6,218.547,1.08e+01, 17.5, -  , - 
5147,123200,06022016,17102022 184328, 907, 37998.8, 14.228, 37.109,0.091865,359.6,196.252,6.86e+00, 17.7, -  , - 
5148,123300,09042018,17102022 191405,  73, 38188.9,  2.031,277.763,0.116756,359.6,233.952,4.43e+00, 15.2,14.3, - 
5149,123400,21072015,17102022 233241,1275, 38338.4,  5.760,223.222,0.199008,  0.9,356.493,1.60e+01, 16.5, -  , - 
5150,123401,24082022,17102022 125007,  49, 38139.8,  6.829,231.258,0.411233,  0.7,305.170,1.46e+01, 17.3,64.4, - 
5151,123500,09122007,18102022 023854,   4, 38010.8,  5.929, 54.903,0.140805,359.3,191.868,5.20e+00, 15.5, 0.1, 19
5152,123502,27032020,18102022 080533, 552, 38125.1,  2.656, 77.582,0.085984,359.4,338.548,4.03e+00, 17.1,55.8, - 
5153,123601,14092017,17102022 200539,  46, 41228.3, 12.000,259.565,0.817088,  0.1,298.961,3.17e+01, 16.9,29.0, - 
5154,123602,11012018,18102022 080534,   8, 38156.4, 29.346,299.458,0.074164,359.9,157.979,1.89e-02, 16.9, 0.1,  8
5155,123606,12042022,17102022 091527,  27, 38134.4,  9.284,264.419,0.221214,  0.1,329.616,1.30e+01, 18.0, 1.7,318
5156,123700,25022011,17102022 142107,  16, 38170.5,  8.495, 47.227,0.150275,359.4,170.036,5.70e+00, 18.0, 1.6,312
5157,123701,04102016,18102022 103410,   2, 38095.6, 22.578, 26.238,0.474478,359.7,209.594,2.94e+01, 16.5, 0.4, 76
5158,123702,14042018,18102022 010640, 173, 38051.6,  7.795, 49.791,0.076047,359.4,126.458,5.61e+00, 16.8,55.0, - 
5159,123703,01102021,17102022 213945, 381, 38169.8,  1.996,296.632,0.137158,358.5,164.981,2.70e+00, 18.1,19.6, - 
5160,123800,22102017,18102022 133319,  56, 38086.0,  3.124, 72.697,0.003467,359.3,329.557,4.15e+00, 17.1, 3.7,602
5161,123801,04032019,18102022 060721,  29, 38049.6,  4.739,142.154,0.154217,  1.2, 95.149,5.45e+00, 17.7, 4.1,268
5162,123900,10032010,18102022 003624,   4, 38365.1,  2.435,308.172,0.231742,358.3,218.235,2.09e+01, 16.2, 0.4, 73
5163,123901,05092011,17102022 094021,   4, 38204.8, 14.888,353.421,0.134047,359.5,233.212,7.17e+00, 16.9, 0.5, 75
5164,123903,30122016,18102022 134947,  87, 37871.1, 25.647, 72.377,0.222083,359.9, 70.229,1.61e+01, 16.7, 6.7, - 
5165,123904,23032017,18102022 004944,  53, 38380.1,  7.703, 61.390,0.196022,359.5,146.083,4.36e+00, 17.0,17.6, - 
5166,124000,05032013,17102022 152526,1305, 38393.6,  9.582, 33.035,0.176059,359.4, 38.357,3.97e+00, 15.7, -  , - 
5167,124001,19072015,17102022 170758,   1, 38390.9,  8.057, 41.407,0.153008,359.3,123.897,4.80e+00, 16.7, 0.2, 33
5168,124200,18022012,18102022 030930,  17, 38275.4,  7.282, 42.730,0.080650,359.3,189.108,5.40e+00, 17.3, 0.5, 85
5169,124201,12122017,18102022 031423,  13, 38304.2,  9.011, 73.467,0.177331,359.8,145.844,5.96e+00, 17.3, 2.1,368
5170,124202,13012019,17102022 084301,  25, 38298.9,  2.253, 85.762,0.081666,359.7,305.462,1.98e+00, 18.2, 0.7, 94
5171,124300,08042016,17102022 201555,1272, 38288.0, 12.617, 19.299,0.270814,359.5,179.004,9.35e+00, 17.7, -  , - 
5172,124301,14112017,18102022 002216,  75, 38247.7,  1.869,100.792,0.138590,  0.7, 54.296,1.94e+00, 18.3,27.2, - 
5173,124400,02082019,18102022 045853, 240, 38375.4,  7.253, 51.382,0.032780,359.4,166.658,5.73e+00, 17.4, -  , - 
5174,124500,16082012,17102022 203622,1859, 38244.0,  5.155, 69.604,0.028097,359.5, 75.353,4.13e+00, 17.3, -  , - 
5175,124501,10012013,17102022 114742, 292, 38387.7, 22.568,330.287,0.145179,359.7,211.953,1.10e+01, 16.8,51.6, - 
5176,124600,27072006,18102022 144827,  18, 38706.0,  7.873, 14.282,0.232955,359.1,142.325,2.26e+01, 17.5, 2.1,378
5177,124601,12042018,17102022 162226,  13, 38332.4,  2.036,266.952,0.183688,  0.2,228.118,1.55e+00, 17.8, 1.0,178
5178,124602,12092018,17102022 200524,1445, 38601.1, 24.536,  3.826,0.351814,359.7, 79.358,7.85e+00, 18.3, -  , - 
5179,124603,04072019,18102022 005106,   0, 38285.1,  5.755,126.586,0.353899,  0.7, 85.795,1.59e+01, 16.3, 0.1, 24
5180,124604,01052021,17102022 232514, 515, 38280.5, 35.490, 27.559,0.522109,359.8,172.982,3.40e+01, 17.0, -  , - 
5181,124701,02092016,17102022 230252, 766, 38110.2,  4.008,334.542,0.151539,358.4,245.210,4.62e+00, 16.9,49.7, - 
5182,124704,27082019,18102022 021306,1144, 38352.9, 11.165,331.141,0.258333,359.4,244.934,1.10e+01, 18.6,83.1, - 
5183,124801,25042022,17102022 214515, 143, 38383.3,  8.228,208.773,0.158214,  0.8, 56.215,3.11e+00, 17.9,14.4, - 
5184,124802,29052022,17102022 211623,  74, 38353.9,  7.941,112.129,0.514161,  0.3, 77.458,3.33e+01, 17.1,14.9, - 
5185,124803,19092022,17102022 200440,  25, 38423.7, 10.626, 26.775,0.127735,359.4,234.069,9.80e+00, 17.9,73.5, - 
5186,124901,21022018,17102022 191230,  42, 38435.9,  4.783,355.099,0.127159,358.5,229.758,5.12e+00, 17.8, 3.4,587
5187,124902,22092019,18102022 020718,  13, 38463.1,  7.012,201.387,0.566221,  1.0,305.924,5.69e+00, 14.6,10.4, - 
5188,125000,14112010,17102022 154417,1312, 37091.2, 24.629,351.679,0.592055,359.7,230.764,2.80e+01, 16.0, -  , - 
5189,125001,11102014,18102022 010100,   0, 38585.0, 33.057,  5.827,0.569933,359.8,214.053,1.72e+01, 15.8, 0.2, 38
5190,125002,19052015,18102022 045809,1429, 38472.2,  4.582, 72.353,0.064869,359.5, 38.560,4.29e+00, 17.1, -  , - 
5191,125003,02102018,18102022 033611,1263, 38460.8, 27.665,359.751,0.187669,359.7, 86.447,1.12e+01, 17.1, -  , - 
5192,125005,25102020,17102022 195347, 710, 38368.7,  6.784,192.816,0.648564,  1.0,343.976,1.06e+01, 15.0, -  , - 
5193,125100,21012012,17102022 172113,   1, 38313.3, 24.775,341.506,0.819453,359.7,276.170,9.34e-03, 10.6, 0.1,  1
5194,125102,10022019,17102022 214948, 874, 38454.7,  3.326, 73.248,0.072101,359.3, 38.648,4.03e+00, 16.7, -  , - 
5195,125103,10112020,17102022 225939,   2, 38451.1,  3.503, 72.985,0.050688,359.4, 36.915,4.43e+00, 17.1, 0.8,151
5196,125200,17102017,18102022 064622, 194, 37730.0, 10.275, 70.015,0.667090,359.7,129.787,4.20e+01, 17.9,36.3, - 
5197,125201,26032019,18102022 083311, 166, 38498.2,  2.530,224.570,0.114148,  2.0, 79.940,1.00e-02, 18.2, 3.4,610
5198,125202,25032022,17102022 102541, 202, 38397.1,  6.779,226.599,0.422195,  0.7,  4.518,1.41e+01, 17.8, -  , - 
5199,125300,01032016,17102022 222559,   1, 38552.2, 10.962, 35.317,0.122166,359.5,148.323,7.57e+00, 17.4, 0.1, 15
5200,125400,09032015,18102022 002511,  32, 38923.1, 12.763, 12.265,0.194433,359.4,107.092,7.16e+00, 17.0, 6.4, - 
5201,125401,28022017,18102022 011202,  85, 38528.3,  2.684, 78.234,0.137116,359.4,134.947,3.33e+00, 18.4, 1.4,249
5202,125501,11082018,17102022 093841, 584, 38660.4,  0.650,170.823,0.246858, 11.1,334.176,4.95e+00, 14.5, -  , - 
5203,125502,10032019,18102022 142421, 130, 38585.6, 14.030, 42.912,0.022575,359.6,137.741,3.22e+00, 17.3,29.8, - 
5204,125503,07052019,18102022 040144, 344, 38596.3, 31.171, 27.922,0.389577,359.8,118.850,2.48e+01, 17.5,39.9, - 
5205,125600,11032018,17102022 210258, 908, 38599.0,  0.406,295.947,0.164117,354.1,204.025,5.84e+00, 16.3, -  , - 
5206,125601,11072019,17102022 172544, 961, 38574.8,  2.722, 84.661,0.120923,359.7,149.557,2.33e-01, 13.8, 4.5,225
5207,125602,26032022,17102022 213019,  11, 38556.5,  5.039,101.987,0.165652,  0.3,130.586,5.37e+00, 17.4, 0.6, 69
5208,125700,30082016,18102022 041834, 414, 38543.8,  9.894, 88.859,0.179762,360.0, 37.633,5.35e+00, 17.6,15.8, - 
5209,125802,25102019,17102022 191623, 849, 39069.0, 19.527,328.665,0.555434,359.7,198.173,4.71e+01, 16.4, -  , - 
5210,125803,31102019,17102022 105155,1078, 38407.2,  6.037,213.332,0.598435,  1.0, 30.722,1.81e+01, 18.9, -  , - 
5211,126000,04112015,18102022 025240,   9, 38576.8, 23.547,322.872,0.597449,359.8,206.832,1.83e+01, 17.1, 3.0,574
5212,126001,30082021,17102022 164042,  22, 38720.3,  2.284,264.569,0.189848,  0.3,215.770,3.35e+00, 15.3, 7.3, - 
5213,126100,02102007,17102022 104024,   5, 38602.0,  3.677, 78.799,0.201214,359.6,223.031,2.48e+00, 15.6, 1.7,327
5214,126300,09042018,17102022 235125,  43, 38680.9,  2.743,336.488,0.140098,357.7,142.926,1.53e+00, 17.6, 4.7,730
5215,126301,03012019,18102022 091315, 175, 38687.6, 20.380, 26.527,0.155830,359.7,135.595,1.94e+01, 17.8, -  , - 
5216,126302,20032021,18102022 033210, 314, 38507.8, 31.343, 43.342,0.674844,359.8,156.010,4.08e+01, 17.6,58.1, - 
5217,126303,02102021,17102022 233044,  96, 39051.9, 27.764, 34.928,0.432939,359.8,196.670,4.84e+01, 17.0,22.4, - 
5218,126400,14092006,17102022 140356,   4, 38754.0,  2.323,209.371,0.036440,  2.6,127.201,2.32e+00, 16.3, 0.8,144
5219,126401,15092015,18102022 115805, 536, 38752.5,  4.918, 86.255,0.100184,359.9, 61.746,1.36e-01, 17.5, 8.0, - 
5220,126402,17122017,17102022 120830,1655, 39000.9, 27.851,  4.694,0.720762,359.7,190.899,2.45e+01, 17.4, -  , - 
5221,126404,04092022,17102022 141947,   5, 38742.8,  4.086, 96.774,0.073988,  0.2,118.198,1.21e-01, 17.2, 0.3, 16
5222,126500,19112006,18102022 014832,   2, 38751.6,  9.434,234.793,0.069424,  0.4, 49.135,1.62e+00, 16.4, 0.1, 11
5223,126501,21092017,17102022 223707, 138, 38783.0,  3.567,231.541,0.121899,  1.2, 64.884,8.53e-01, 17.8, 4.1,772
5224,126502,26092019,17102022 133633, 427, 38831.7, 12.394, 60.402,0.240444,359.7,186.785,2.33e+01, 17.8,55.1, - 
5225,126601,11032018,17102022 224004,   3, 38758.1,  4.803,232.453,0.137121,  0.9,218.460,9.43e-02, 15.4, 0.1,  6
5226,126700,10082015,17102022 213149,   2, 38881.5, 17.567, 38.703,0.083628,359.7,171.795,1.11e+01, 16.9, 0.3, 49
5227,126701,17042018,18102022 063318,1642, 38789.6, 13.570, 60.336,0.339776,359.7,123.365,1.54e+01, 17.5, -  , - 
5228,126800,21062019,17102022 073618, 273, 38691.1, 11.592,165.860,0.590550,  0.6,  1.146,3.58e+00, 13.0,41.6, - 
5229,126801,17112020,18102022 113039,   8, 38895.8, 26.939,345.497,0.167967,359.7,223.688,1.28e+01, 17.4, 0.5, 91
5230,126802,01052022,17102022 191729, 158, 38810.9,  1.372, 68.860,0.074031,357.9,265.170,1.07e+00, 18.8, 1.9,150
5231,126900,16122015,17102022 115717, 193, 37938.9, 19.439,  6.225,0.635400,359.6,179.321,1.26e+01, 16.2, -  , - 
5232,126901,04032016,17102022 235732,1415, 38581.8, 27.696,  2.534,0.558311,359.7,185.437,2.30e+01, 17.3, -  , - 
5233,126902,05062016,18102022 054516,  58, 38777.2,  1.453,116.343,0.033730,  2.3,343.087,4.84e+00, 16.8,15.2, - 
5234,126903,22102019,18102022 070127, 100, 38772.2, 17.585, 32.463,0.181696,359.6,157.958,2.28e+01, 16.3,10.5, - 
5235,126904,23012020,17102022 092530, 993, 38610.6, 29.505,338.539,0.515109,359.8,212.934,2.49e+01, 18.7, -  , - 
5236,126905,07112020,17102022 224801, 704, 38793.3,  6.213,257.631,0.556257,  0.3,253.693,8.61e+00, 16.4, -  , - 
5237,127000,08122007,18102022 024516,   2, 38676.4,  0.781,113.235,0.016606,  4.1,180.201,1.46e+00, 18.2, 0.4, 57
5238,127001,20042018,17102022 224337,1824, 38846.8,  0.426,238.153,0.103902,  7.2,357.647,4.28e+00, 17.6,73.7, - 
5239,127004,22042020,17102022 172548,  27, 38839.1,  4.674, 67.908,0.074906,359.4,130.376,3.06e+00, 17.5,10.0, - 
5240,127101,12092016,18102022 061858,  11, 38945.7,  3.502,192.212,0.101200,  2.0, 75.726,5.29e+00, 17.1, 4.6,849
5241,127102,24032020,17102022 194055,  96, 38890.0,  2.594,112.659,0.177878,  1.1,177.451,5.30e+00, 18.2, 9.0,501
5242,127103,12122020,17102022 195403,  17, 41844.6, 26.670,  3.349,0.355683,359.7,173.836,1.29e+01, 16.9, 1.5,228
5243,127104,01022022,17102022 184901,  13, 39048.5,  0.334,334.920,0.115886,343.8,231.891,1.83e+01, 17.4, 1.3,209
5244,127105,05062022,18102022 020236,  21, 38876.5,  4.043,239.778,0.078577,  0.9, 10.931,1.23e+00, 18.1, 1.1,179
5245,127200,14032018,17102022 232246,  13, 38895.8,  2.044,223.196,0.084692,  2.5,141.335,1.19e-02, 18.1, 0.4, 31
5246,127201,04102019,18102022 115423,  13, 38910.7, 10.433,104.720,0.198653,  0.2,247.651,4.84e+00, 17.2, 0.6, 94
5247,127203,23122021,16102022 090341, 290, 64074.8, 25.112,329.127,0.891907,359.7,221.860,7.27e-02, 11.2,33.6, - 
5248,127300,17102017,17102022 150412, 928, 39011.6, 13.130, 74.287,0.029397,359.8,149.219,1.77e+01, 16.7,78.4, - 
5249,127301,19122017,18102022 071453, 143, 38876.7,  2.520,273.060,0.101270,359.9, 15.716,3.62e+00, 18.1,13.4, - 
5250,127305,19082022,17102022 214906,  28, 38890.2,  2.747,130.909,0.124742,  1.8,114.067,5.26e+00, 17.6, 1.1,144
5251,127401,05052016,17102022 135115,   1, 38910.3, 10.106,329.558,0.601502,359.4,264.005,3.15e+01, 17.0, 0.3, 62
5252,127402,22092017,17102022 172057, 109, 38909.5,  2.293,224.019,0.051798,  2.2, 62.362,2.55e+00, 17.7,21.5, - 
5253,127403,23012018,17102022 220708,1723, 38919.7,  8.200, 84.928,0.209697,359.9,108.532,2.91e+01, 17.6, -  , - 
5254,127404,18052018,18102022 033322,  80, 38923.6,  4.652,233.919,0.132565,  0.9,213.925,1.15e-01, 15.9, 1.8,328
5255,127405,11122018,17102022 183641, 297, 38945.5,  2.940,263.177,0.099321,  0.3, 30.149,4.23e-02, 17.9, 0.3, 41
5256,127500,21032010,18102022 050742, 899, 39108.9,  5.645, 70.259,0.327822,359.5,111.879,2.37e+01, 17.5, -  , - 
5257,127501,21032015,17102022 192632,  86, 38933.7,  7.478, 54.941,0.230959,359.4,320.955,5.19e+00, 16.9,31.1, - 
5258,127502,18072017,17102022 153412,  18, 38972.8,  2.565, 42.804,0.233886,357.8,199.851,5.13e+00, 17.4, 0.6,113
5259,127504,23102019,17102022 200256, 144, 38923.9,  5.344,212.067,0.086173,  1.1, 94.503,3.00e+00, 17.7,16.3, - 
5260,127505,23102019,17102022 213203,1083, 38953.3,  6.043,226.548,0.528063,  0.8,286.783,3.02e+00, 17.5, -  , - 
5261,127506,14082020,17102022 152404,   3, 39112.5, 13.774, 72.896,0.038103,359.8,149.128,1.78e+01, 16.7, 0.3, 48
5262,127600,14032022,18102022 092812,  27, 38981.2,  0.669,247.303,0.116691,  3.6,356.407,3.86e+00, 17.9, 2.0,365
5263,127700,19082014,17102022 102957,  13, 38997.3,  3.523, 93.714,0.077590,  0.1,123.813,1.58e+00, 16.5, 0.5, 89
5264,127701,26072014,18102022 050712,  10, 38998.6,  2.976,230.956,0.033463,  1.5,109.230,1.71e+00, 16.8, 0.3, 53
5265,127702,25112017,18102022 075549,  32, 39011.6,  4.477, 87.481,0.063469,359.9,105.997,1.18e+00, 17.2, 0.8,136
5266,127703,17032018,17102022 172409,1527, 38835.0, 33.528,353.888,0.605019,359.8,195.692,2.45e+01, 18.0, -  , - 
5267,127704,20082020,18102022 055228,  26, 39005.1,  2.855,188.690,0.062841,  2.5,  6.645,8.83e-01, 17.6, 0.8,126
5268,127800,31102015,17102022 214751,   1, 39029.2,  2.665,315.754,0.099548,358.2,260.735,8.63e-01, 17.2, 0.1,  9
5269,127801,21102015,18102022 043256,1305, 38996.8, 20.673,330.409,0.604960,359.7,196.176,4.69e+01, 16.7, -  , - 
5270,127802,30042017,17102022 121449,1769, 39033.5,  5.859, 60.740,0.092137,359.4,173.036,3.94e+00, 17.5, -  , - 
5271,127803,13032018,17102022 221943, 350, 39039.6,  2.986, 63.076,0.222727,358.8, 90.192,1.10e+01, 18.0,41.1, - 
5272,127804,13102018,18102022 003239,   2, 39045.3,  2.699, 62.565,0.099744,358.7,209.265,4.04e+00, 17.3, 0.3, 52
5273,127901,20072020,18102022 091628,   6, 39034.5,  2.922,106.828,0.071665,  0.7, 35.110,1.03e+00, 16.4, 0.5, 85
5274,127902,04052022,17102022 211447,  11, 39036.4,  2.199, 67.153,0.142264,358.6,211.783,3.44e+00, 18.5, 0.4, 49
5275,128001,09112008,18102022 080624, 845, 39037.8,  2.918,107.015,0.062811,  0.7, 34.570,9.83e-01, 16.3,81.2, - 
5276,128002,07082013,17102022 182708,  77, 41467.6,  9.490,  7.609,0.234326,359.2,321.905,9.25e+00, 17.2, 4.1,670
5277,128100,03042013,17102022 094203,   2, 39015.0, 24.816, 30.143,0.283537,359.7,174.970,8.20e+00, 16.6, 0.2, 28
5278,128101,29042017,18102022 010112,1768, 39090.1,  4.430, 90.939,0.088691,  0.0, 82.342,1.74e-01, 17.6,44.8, - 
5279,128103,27032020,17102022 182530, 916, 39488.4, 31.600, 14.516,0.116581,359.8,207.468,2.95e+01, 17.9, -  , - 
5280,128104,18032021,17102022 121221, 571, 39459.9, 35.338,349.788,0.183154,359.8,202.032,6.13e+01, 18.1, -  , - 
5281,128105,16112021,18102022 075223,   1, 39070.0,  1.997,116.627,0.028980,  1.7,106.607,5.62e+00, 15.5, 0.6,100
5282,128106,24042022,18102022 141024,  14, 39080.5,  4.297, 91.501,0.067122,  0.0, 81.902,1.05e-01, 17.2, 1.2,119
5283,128107,05072022,17102022 094640, 101, 39203.5,  3.536,327.568,0.114982,358.3,217.166,2.58e+01, 17.3, -  , - 
5284,128200,02082014,18102022 002104,   2, 39136.2,  7.237, 45.573,0.148581,359.3,124.016,4.77e+00, 17.0, 0.1, 24
5285,128301,03102019,18102022 100455,  14, 39233.2, 12.885, 88.905,0.583734,360.0, 81.653,2.10e+01, 16.7, 1.4,268
5286,128400,02102016,18102022 024425,   4, 39231.5,  1.677,328.386,0.085207,356.5,209.043,4.19e+00, 17.4, 0.7, 99
5287,128401,06122015,18102022 104341, 160, 39073.2,  3.452,278.229,0.068786,359.7, 26.097,2.09e+00, 18.3,44.7, - 
5288,128402,10112017,17102022 112523,1697, 39251.0, 33.945, 24.611,0.364718,359.8,220.148,2.56e+01, 17.4, -  , - 
5289,128500,09022007,17102022 110945,  44, 39142.8,  2.597,320.134,0.266550,358.0,312.290,4.14e+00, 16.8,20.5, - 
5290,128501,11062021,17102022 162901, 169, 39154.8,  3.677,265.903,0.181545,  0.2,324.401,2.24e+00, 17.3, -  , - 
5291,128600,13022007,18102022 021215,  11, 39193.6,  2.648,111.133,0.071990,  1.0, 48.108,9.45e-01, 17.2, 0.8,139
5292,128604,02102019,17102022 071158,1110, 39166.1, 13.300,218.329,0.144345,  0.4,305.430,4.16e+00, 17.7, -  , - 
5293,128700,18012015,17102022 195014,  20, 39348.6,  8.396, 29.308,0.178225,359.2,136.419,5.86e+00, 17.0, 4.6,678
5294,128701,20072015,18102022 045652,  87, 39215.6,  9.632, 37.540,0.198721,359.4,122.699,7.72e+00, 16.9,11.4, - 
5295,128703,03022019,17102022 231349,1345, 39093.1, 35.247, 27.523,0.435740,359.8,139.512,2.29e+01, 17.9, -  , - 
5296,128801,07022011,17102022 105848,3958, 39228.9, 10.767, 38.477,0.155421,359.5,123.342,7.90e+00, 16.9, -  , - 
5297,128802,10012019,18102022 003314,1354, 39212.7,  2.719,258.370,0.118321,  0.5,204.282,3.45e-01, 17.7,14.1, - 
5298,128900,01102008,18102022 142030,   4, 39238.9,  4.811, 45.838,0.204085,358.9,208.541,3.56e+00, 15.8, 0.1, 15
5299,128901,09032018,17102022 221256, 306, 39241.5,  1.960,317.412,0.222651,357.4,139.752,1.96e+00, 17.3,70.2, - 
5300,129000,29122017,17102022 210332,  41, 39324.6,  2.828,160.669,0.102858,  2.4, 59.402,6.64e+00, 17.2,17.6, - 
5301,129001,09042018,17102022 223035,1628, 39221.6, 16.365, 47.017,0.357940,359.7,146.388,1.55e+01, 17.6, -  , - 
5302,129100,09082019,18102022 050708,1164, 39273.7,  4.169,116.678,0.138226,  0.8,119.351,8.68e+00, 16.9, -  , - 
5303,129202,30012019,17102022 115922,1181, 39215.1, 32.452,331.981,0.189414,359.8,216.290,2.46e+01, 17.4, -  , - 
5304,129300,09112018,17102022 130654, 515, 39253.5,  6.648,128.424,0.171188,  0.7, 41.752,1.17e+01, 17.3,81.7, - 
5305,129400,08042016,17102022 190050, 134, 39243.7, 12.836, 54.511,0.185876,359.7,142.484,7.94e+00, 17.5,34.6, - 
5306,129401,23092020,17102022 211414, 728, 39173.2, 27.364,308.542,0.523981,359.8,233.784,4.81e+01, 16.7, -  , - 
5307,129402,12022021,17102022 153001, 604, 39361.7, 16.622, 46.884,0.274295,359.7,118.148,2.08e+01, 16.7,64.2, - 
5308,129500,09062007,18102022 102625, 444, 39076.6,  2.087,114.478,0.067292,  1.5,130.679,4.94e+00, 15.3, -  , - 
5309,129501,22092008,17102022 203122,   2, 39365.0,  2.101,122.115,0.062185,  1.9, 35.801,8.21e-02, 14.5, 0.1,  4
5310,129502,13112010,18102022 082255,  86, 39356.2,  6.185,245.007,0.117834,  0.5, 54.227,1.43e-01, 17.4, 1.8,314
5311,129503,20092015,18102022 093404,1977, 39397.0,  5.537, 57.268,0.197996,359.3, 66.499,3.01e+00, 17.0, -  , - 
5312,129504,04022016,18102022 073503,   4, 39357.8, 17.372, 24.008,0.151996,359.6,144.544,9.45e+00, 16.8, 0.4, 70
5313,129506,04052022,18102022 021010,  28, 39353.6,  0.825, 48.691,0.073989,353.4,218.795,2.85e+00, 18.3, 0.6, 83
5314,129507,21052022,17102022 062405, 147, 39411.8,  8.634,203.507,0.724698,  0.8,336.851,8.99e+00, 17.4, -  , - 
5315,129600,27032019,17102022 154115,1298, 39160.7, 37.083,  1.920,0.617721,359.8,203.370,2.69e+01, 18.0, -  , - 
5316,129700,28042009,18102022 112212,   2, 39617.3, 13.739,  0.545,0.315733,359.5,117.519,6.50e+00, 15.0, 0.1, 17
5317,129702,21042018,18102022 082248,1637, 39430.7,  7.220, 71.120,0.378991,359.7, 96.660,7.14e+00, 17.4, -  , - 
5318,129704,19052020,18102022 033457, 855, 39368.5, 20.526, 46.542,0.252009,359.7,189.945,1.07e+01, 17.5, -  , - 
5319,129900,12041993,18102022 111005,   1, 39453.4,  9.280,332.390,0.063703,359.3, 63.747,1.00e-02, 12.6, 0.1,  1
5320,129901,25012018,17102022 080416,   1, 38808.3,  6.621,190.422,0.297654,  1.1,304.890,2.00e+01, 17.0, 1.0,142
5321,129902,23032018,17102022 225106,  46, 39428.3,  1.446,295.350,0.049139,358.1,273.169,4.41e+00, 18.0,28.1, - 
5322,129903,24032018,17102022 171801, 403, 39490.3,  2.280,340.744,0.057548,357.1,103.048,4.59e+00, 17.5, -  , - 
5323,129904,23042022,17102022 090700, 102, 39492.4,  4.905,349.298,0.476441,358.6,191.796,1.64e+01, 17.3, 7.6, - 
5324,130002,22012018,18102022 070736,1667, 39471.2,  3.312, 88.673,0.037411,359.9,107.521,1.35e+00, 18.5,28.8, - 
5325,130003,19012020,18102022 013540, 460, 39467.0,  3.373, 88.038,0.094218,359.9,111.134,1.29e+00, 11.8,11.2, - 
5326,130005,16052021,17102022 170254,  37, 39413.8,  1.241,259.650,0.173898,  1.0,326.415,5.33e+00, 17.0, 8.4, - 
5327,130100,15042016,17102022 220557,  62, 39607.2,  4.951, 31.782,0.135923,358.7,185.941,4.08e+00, 18.2,13.5, - 
5328,130101,26072017,17102022 235626, 192, 39697.7,  8.950, 44.483,0.482917,359.4,157.045,2.73e+01, 17.2, -  , - 
5329,130103,12102021,18102022 123453, 343, 39454.9, 27.729,313.121,0.404263,359.8,294.528,2.97e+01, 17.8, -  , - 
5330,130200,30012006,18102022 012111,  22, 39521.6,  1.936,251.940,0.069723,  1.1,175.097,1.19e+00, 17.1, 1.6,162
5331,130201,26042014,17102022 144554,  16, 39309.0, 19.965,326.912,0.530690,359.7,231.101,2.58e+01, 16.9, 2.3,445
5332,130202,28022017,17102022 234840,1300, 39514.6,  6.188, 43.270,0.165612,359.1,  9.660,3.95e+00, 17.4, -  , - 
5333,130203,27102017,17102022 102731,  87, 39653.4,  6.656, 27.205,0.100329,359.0,288.937,5.03e+00, 17.9,14.0, - 
5334,130204,11122018,18102022 023726, 578, 39455.7,  1.386,276.422,0.090107,359.5,358.549,5.29e+00, 17.1, -  , - 
5335,130207,21032022,17102022 233918, 191, 39495.4, 16.983, 35.444,0.436438,359.6,182.084,3.72e+01, 16.8, -  , - 
5336,130300,07062010,18102022 005513,4513, 39384.0, 14.245,357.544,0.318098,359.5,214.864,1.25e+01, 19.4, -  , - 
5337,130400,22112013,17102022 222135, 650, 39399.3,  4.476,173.219,0.115822,  1.6, 69.250,6.39e+00, 17.1, -  , - 
5338,130401,03102015,17102022 161416, 186, 39305.7, 10.906,352.924,0.486808,359.3,228.731,2.39e+01, 17.0,74.0, - 
5339,130402,06112015,18102022 081044, 458, 39542.9, 37.132, 28.178,0.030816,359.8,175.215,2.13e+01, 16.5, -  , - 
5340,130403,24032017,17102022 210323, 230, 39741.2, 11.649,333.878,0.168529,359.4,195.878,1.63e+01, 17.1,19.7, - 
5341,130404,24102017,17102022 173303,1684, 39525.8, 10.323,323.006,0.573973,359.5,250.838,3.80e+01, 16.8, -  , - 
5342,130405,16022018,17102022 205715,1639, 39520.3, 37.054, 31.913,0.807172,359.8,182.413,3.90e+01, 16.9, -  , - 
5343,130406,20022021,17102022 194609, 189, 39489.5,  5.226,357.300,0.445547,358.6,178.677,1.63e+01, 17.2,14.0, - 
5344,130500,15022007,17102022 190347,   1, 39469.6,  1.000, 41.760,0.205932,354.1,273.181,2.00e+00, 14.1, 0.2, 30
5345,130501,28012017,17102022 235846,   1, 42166.3,  0.122, 99.567,0.000146, 19.6,118.349,5.49e-03, 11.5, 0.1,  1
5346,130600,08102015,18102022 032103,1104, 39516.2,  1.044, 14.298,0.104030,353.1,277.602,5.53e+00, 15.5, -  , - 
5347,130602,23112019,18102022 091248,  47, 39587.2,  9.232, 47.225,0.457840,359.5,180.922,2.25e+01, 17.1,17.8, - 
5348,130605,18022021,18102022 064257, 224, 39524.0, 11.320, 54.938,0.558264,359.6,187.480,2.20e+01, 17.9, -  , - 
5349,130700,24022017,18102022 004212,  17, 39644.0,  8.024,337.586,0.245849,359.2,253.412,9.61e+00, 17.5, 2.1,391
5350,130800,19072010,18102022 102906,   3, 39333.1,  5.916, 17.763,0.156627,358.8,172.258,9.14e+00, 16.3, 0.2, 24
5351,130802,28112016,18102022 025153,  85, 39563.3,  1.937,227.766,0.123119,  2.4,360.000,4.96e+00, 17.4,21.2, - 
5352,130803,22032022,18102022 091707, 182, 39643.2, 34.748,337.659,0.512985,359.8,199.177,2.35e+01, 17.5,21.9, - 
5353,130900,18082017,17102022 164613,  43, 39463.3,  3.875, 39.917,0.455047,358.5,189.029,2.05e+01, 17.7,14.8, - 
5354,131000,06022016,18102022 033140, 173, 39770.3, 12.460,  5.908,0.223170,359.4,191.358,1.07e+01, 17.4,23.9, - 
5355,131001,24092022,17102022 145441,  21, 39661.4,  2.161,229.563,0.042709,  2.1, 37.768,3.88e+00, 18.4,25.8, - 
5356,131100,26092013,17102022 075803,   0, 39881.9, 23.269,264.495,0.821480,  0.0,349.780,8.37e-03, 11.1, 0.1,  1
5357,131102,28012022,17102022 170230, 251, 39739.5, 25.272, 67.748,0.038828,359.9,208.215,1.69e+01, 16.7,64.7, - 
5358,131103,07042022,18102022 112754,  55, 39710.3,  2.420,234.051,0.050784,  1.7,131.364,1.30e+00, 18.4, 1.7,238
5359,131200,11102013,17102022 221218,  12, 39720.7,  1.913,211.203,0.044775,  3.1,306.759,1.75e-01, 16.7, 0.3, 59
5360,131201,02052013,17102022 190249,   1, 39901.9,  9.183,317.153,0.244935,359.4,247.566,2.00e+01, 15.2, 0.2, 44
5361,131300,19112016,17102022 175704, 483, 39919.9, 34.016, 29.014,0.424473,359.8,196.313,2.15e+01, 16.5,47.6, - 
5362,131303,25042022,18102022 111329, 173, 40056.8, 19.723, 38.556,0.346694,359.7,191.382,3.77e+01, 17.6, -  , - 
5363,131304,07062022,18102022 100004,  90, 39735.5,  2.571,266.246,0.105613,  0.2,182.081,1.34e-01, 18.4, 0.7,133
5364,131400,13012008,18102022 121726,   1, 39781.8,  0.888,315.756,0.050380,354.8,349.243,1.98e+00, 16.3, 0.1,  9
5365,131500,12032018,18102022 095313,  21, 39805.1,  3.083,256.435,0.099927,  0.6, 20.781,2.28e+00, 18.2, 2.8,515
5366,131501,22032018,18102022 061417,1417, 39811.9,  9.565, 70.312,0.108895,359.7,105.152,7.17e+00, 17.6, -  , - 
5367,131502,04022019,17102022 171500,  17, 39888.9,  7.595, 71.231,0.099490,359.7,120.570,7.20e+00, 17.2, 0.8,156
5368,131503,03062019,18102022 065320,1090, 39791.6,  8.101, 69.323,0.131837,359.7,114.893,7.15e+00, 17.8, -  , - 
5369,131600,26092009,17102022 164956,  74, 39710.3,  3.393,301.222,0.089564,359.0,333.644,4.81e+00, 17.6,17.3, - 
5370,131601,31032014,18102022 015125, 706, 40198.9, 24.902,  7.382,0.296783,359.7,185.296,1.89e+01, 18.2,74.2, - 
5371,131602,26102014,17102022 235632, 355, 39738.5, 13.000, 97.393,0.141890,  0.1,141.984,7.50e+00, 17.1,12.3, - 
5372,131605,30062022,17102022 214905, 105, 40055.4, 13.830,112.915,0.315854,  0.2, 32.185,2.81e+01, 17.7,22.6, - 
5373,131701,02032016,18102022 061144, 148, 39589.4, 16.275, 35.614,0.448073,359.6,  9.070,9.74e+00, 16.7,95.8, - 
5374,131800,15112012,18102022 042220,  13, 39864.2,  4.544,293.624,0.067884,359.4,  6.944,1.14e-01, 17.0, 0.5, 65
5375,131801,03082016,17102022 212204, 366, 39833.5,  4.865,284.935,0.063116,359.6,355.003,6.78e-02, 17.9, 6.1,980
5376,131804,02032021,18102022 114120,   2, 39130.0, 11.183,327.441,0.445965,359.5,202.387,4.69e+01, 16.6, 1.0,132
5377,131900,05082007,18102022 015557,   3, 39858.4,  3.167, 90.843,0.111457,  0.0, 95.554,1.96e-01, 15.6, 0.1, 16
5378,131901,28042017,17102022 234155,   0, 39833.7,  2.921, 72.169,0.050016,359.2,119.372,2.67e+00, 17.8, 0.1, 14
5379,131902,11102018,18102022 140703, 223, 40175.6, 18.925, 48.452,0.174841,359.7,131.813,3.26e+01, 17.4, -  , - 
5380,131904,03022019,17102022 143812, 368, 39877.0, 24.667,330.014,0.140012,359.7,290.315,1.16e+01, 17.6,78.5, - 
5381,131906,01082022,17102022 181153,   2, 39847.8, 18.550,314.771,0.151156,359.7,340.877,1.17e+01, 17.6, 0.2, 30
5382,131907,31082022,17102022 221443,  45, 40388.7,  0.922,  4.380,0.583380,352.2,169.564,4.05e+01, 17.4, -  , - 
5383,131908,05092022,17102022 203452,  29, 39840.8,  1.038,136.478,0.054846,  5.4, 23.753,1.25e+00, 17.9, 1.0,180
5384,131909,19092022,18102022 052107,   2, 39884.5, 28.395,356.867,0.137186,359.7,196.755,1.94e+01, 17.5, 0.4, 69
5385,132000,01032016,17102022 144005, 335, 39959.3, 15.774,324.886,0.539418,359.6,244.697,3.76e+01, 16.2, -  , - 
5386,132001,27012017,17102022 141636, 310, 39879.6,  4.866,283.900,0.039961,359.7,302.917,1.48e+00, 18.2,38.1, - 
5387,132002,04012020,17102022 200500,   4, 39888.5, 19.619, 50.551,0.083586,359.8,211.057,5.67e+00, 16.2, 0.1, 24
5388,132005,26032022,17102022 162130, 203, 40635.7, 17.534, 29.528,0.206271,359.6, 23.396,2.19e+01, 17.8, -  , - 
5389,132006,07042022,18102022 024020, 180, 39785.6, 57.278,  2.389,0.756286,359.9,210.587,5.82e+01, 17.2, -  , - 
5390,132100,25082016,18102022 034239,   0, 40007.1,  9.612, 25.987,0.065631,359.3,103.202,8.29e+00, 17.0, 0.1, 11
5391,132101,23122017,17102022 193045,1680, 39903.8,  3.467, 70.923,0.094877,359.3,136.291,5.77e+00, 18.0,44.2, - 
5392,132102,11032018,18102022 154401,1378, 39942.5,  4.637,207.976,0.105948,  1.4, 67.960,1.52e+01, 17.4, -  , - 
5393,132103,09092018,18102022 130457,  43, 39898.4,  3.557, 71.012,0.099015,359.3,136.482,5.80e+00, 17.7, 1.3,220
5394,132106,27102019,17102022 180433, 313, 39856.4, 12.537, 90.665,0.335174,360.0,137.053,1.50e+01, 17.0,68.5, - 
5395,132203,09102021,18102022 024510, 306, 39890.9, 20.357,300.498,0.159469,359.8,199.913,1.85e+01, 16.0,26.0, - 
5396,132204,26102021,17102022 194944,  81, 39901.5,  4.717,266.794,0.103444,  0.1,307.889,4.50e+00, 18.1,12.6, - 
5397,132205,30102021,18102022 002914, 203, 39908.5, 13.271,290.927,0.646604,359.8,352.053,3.64e+00, 16.6,21.6, - 
5398,132300,04102018,18102022 032122,   2, 39941.2,  3.657,244.447,0.094731,  0.8,215.421,3.68e-01, 16.4, 0.2, 34
5399,132302,21062021,18102022 120604, 198, 39570.4, 21.289, 53.252,0.527360,359.8,180.757,3.52e+01, 17.5,33.8, - 
5400,132402,12102020,17102022 225753, 119, 39896.1,  7.049, 55.346,0.142242,359.4,231.371,5.31e+00, 15.4,65.5, - 
5401,132500,26102011,18102022 095850, 110, 39915.5,  5.534,289.383,0.071670,359.6,210.836,8.35e-01, 17.3,12.4, - 
5402,132501,21022017,18102022 002146, 494, 40267.1, 29.853,359.202,0.240603,359.7,180.518,3.25e+01, 16.8, -  , - 
5403,132502,21082017,17102022 125432,1820, 39764.2,  7.972, 45.934,0.457338,359.4,182.890,2.24e+01, 17.4, -  , - 
5404,132503,15032018,17102022 225727,  24, 40061.4,  7.187,343.081,0.095945,359.0,107.449,3.18e+01, 17.3,14.1, - 
5405,132506,29012022,17102022 191155,  76, 39982.6,  1.629, 96.833,0.091252,  0.5,141.577,2.26e+00, 17.4, 8.7, - 
5406,132507,01042022,18102022 033806,  40, 39960.1,  1.424,293.554,0.059270,358.2,336.077,1.72e+00, 18.4, 0.4, 66
5407,132600,14022013,17102022 153828,   0, 40038.0,  1.707,263.278,0.135927,  0.5,177.487,3.39e+00, 14.9, 0.1,  8
5408,132601,23112006,18102022 015149,  18, 39989.8,  4.313,259.980,0.057849,  0.3, 98.153,4.34e-01, 17.4, 0.8, 68
5409,132602,08112010,18102022 045610, 929, 40221.5, 15.421, 47.675,0.463245,359.7,171.286,8.47e+00, 16.1, -  , - 
5410,132603,16032015,18102022 043512,   5, 40377.2,  9.892, 73.708,0.409973,359.8,146.234,1.58e+01, 16.1, 0.4, 77
5411,132604,19092017,18102022 150336,   2, 40007.5,  2.282,238.721,0.044547,  1.6,172.990,2.04e+00, 17.4, 0.4, 49
5412,132605,08102018,17102022 192309, 992, 39942.5,  1.920, 96.012,0.089948,  0.4,107.743,2.22e+00, 17.3, -  , - 
5413,132700,19092017,17102022 080251,  25, 39683.8,  3.259,183.458,0.053603,  2.2,328.644,6.11e+00, 17.4, 2.7,173
5414,132702,16022021,18102022 001649,  27, 40018.1,  2.247,241.181,0.101776,  1.5, 30.947,2.23e+00, 17.8, 4.3,741
5415,132703,25032022,17102022 151804,  47, 40016.0,  0.968,130.222,0.037463,  5.2, 79.967,9.85e-01, 18.4, 7.4, - 
5416,132800,11092017,18102022 003900,1858, 40027.1,  4.597, 19.888,0.069472,358.5,255.000,5.35e+00, 18.2, -  , - 
5417,132802,13112020,18102022 110808, 699, 40006.0,  5.243, 68.753,0.406222,359.5,124.921,5.33e+00, 17.7, -  , - 
5418,132803,23082022,18102022 042709,  15, 39988.3,  7.615,271.707,0.134789,360.0,319.236,1.68e+01, 17.9, 1.7,238
5419,132901,20102017,18102022 031829,  25, 40051.4,  5.337, 68.414,0.045000,359.5,159.690,1.61e-02, 18.3, 0.6, 16
5420,132902,15042018,18102022 103855,   0, 40054.1,  3.720, 80.798,0.044137,359.7,166.224,1.00e-02, 10.6, 0.1,  1
5421,132905,26032022,17102022 200350, 144, 40049.1,  2.675, 84.688,0.072278,359.7, 59.690,1.63e+00, 18.8,13.6, - 
5422,132906,02082022,18102022 022523,  74, 40034.0,  4.911, 47.292,0.185419,359.0,190.681,4.13e+00, 18.2,94.0, - 
5423,133000,19102015,18102022 024658,  59, 40056.3,  4.024,264.207,0.050094,  0.2,308.344,4.35e+00, 18.1, 2.3,369
5424,133002,09012018,17102022 230214,1704, 40278.2, 44.375,358.160,0.590733,359.8,169.370,2.13e+01, 16.9, -  , - 
5425,133003,19022018,18102022 110710, 989, 39905.2, 18.930,298.599,0.157017,359.8,200.030,1.86e+01, 16.2, -  , - 
5426,133101,14032018,18102022 111947, 195, 39829.1,  4.408,119.424,0.379470,  0.8, 86.598,1.57e+01, 17.9, -  , - 
5427,133102,20062018,17102022 104232,  37, 40100.3,  4.359,238.418,0.088005,  0.9,229.209,2.41e-01, 14.1, 1.1,160
5428,133103,30032022,17102022 180318,  24, 40091.3,  1.836,174.576,0.096902,  3.9, 32.281,4.75e+00, 18.2, 0.6,102
5429,133300,19052006,18102022 113301,   5, 40159.3,  5.512,286.943,0.047189,359.6,261.995,1.73e+00, 16.0, 0.3, 46
5430,133302,30042017,18102022 034955,  51, 40054.8,  8.659, 84.443,0.144040,359.9,129.307,8.83e+00, 17.3,16.7, - 
5431,133303,14022018,17102022 174940, 194, 40418.3, 38.326,352.911,0.529965,359.8,182.327,3.09e+01, 17.2,54.4, - 
5432,133304,04032018,17102022 172508,   9, 40136.9,  2.342,273.744,0.091857,359.8,197.504,1.49e-01, 14.3, 0.2, 33
5433,133307,28122019,17102022 214428,   1, 40104.0, 18.936, 51.471,0.214101,359.8,145.533,7.15e+00, 15.8, 0.6, 97
5434,133308,23082022,17102022 132725,   2, 40264.9,  7.659,302.081,0.301904,359.5,212.780,2.20e+01, 17.3, 0.4, 57
5435,133400,01012008,17102022 203339,1272, 40158.9,  3.311,311.419,0.200763,358.6,265.385,2.34e+00, 16.9,80.2, - 
5436,133402,11102018,17102022 203716, 137, 39914.5,  1.964,191.777,0.222086,  3.5, 25.790,3.47e+00, 17.1,76.8, - 
5437,133403,03082019,17102022 213833,   2, 40174.6,  4.799,299.719,0.079919,359.3,255.196,2.35e+00, 16.6, 0.2, 45
5438,133404,29032022,18102022 130543,  21, 40124.8,  5.596, 33.029,0.070201,358.9,203.352,5.57e+00, 18.1, 2.3,422
5439,133501,20052007,18102022 083633,4051, 40219.7,  4.543, 66.012,0.106233,359.3,124.531,2.56e+00, 14.7, -  , - 
5440,133503,26082016,17102022 232814,   3, 40092.2,  2.330, 37.500,0.159082,357.4,207.104,7.87e+00, 17.7, 0.3, 49
5441,133504,30072016,17102022 090139,  29, 40178.0,  5.903,286.633,0.058760,359.7,350.727,3.36e-02, 17.7, 0.4, 71
5442,133506,16092017,18102022 103146,   1, 40157.7,  4.750,224.126,0.169715,  1.1,286.657,5.00e+00, 17.4, 0.1, 15
5443,133507,17092017,17102022 212110,1055, 40086.2,  5.407,335.011,0.095630,358.8, 26.472,3.01e+00, 18.0, -  , - 
5444,133509,10012021,18102022 060515,   1, 40246.7,  3.962, 71.891,0.278926,359.4,176.889,2.40e+01, 17.0, 0.2, 34
5445,133600,08032016,18102022 090726,  25, 40142.8,  3.008, 69.420,0.016015,359.1,148.001,2.84e+00, 17.5, 1.7,309
5446,133601,07092016,18102022 053459,  90, 40193.6,  5.833,288.317,0.016739,359.6, 55.119,4.28e-02, 18.2, 1.2,192
5447,133603,20032018,17102022 203728,  13, 40173.9,  2.305,275.659,0.095210,359.7,195.492,1.71e-01, 17.5, 0.5, 76
5448,133606,27082022,18102022 004301,  25, 40197.7,  5.839,288.015,0.047888,359.6,318.502,5.89e-01, 17.8, 0.3, 34
5449,133700,17092015,17102022 212611,1085, 40008.4, 25.822, 18.989,0.421588,359.7,185.704,6.92e+00, 17.4, -  , - 
5450,133701,18022018,18102022 073929,  14, 40308.2,  5.993, 37.546,0.095147,359.0, 16.385,4.85e+00, 17.5, 1.5,284
5451,133703,08022021,17102022 220605, 168, 40220.3,  4.055, 83.477,0.079320,359.8,205.570,1.18e+00, 17.8, 6.1, - 
5452,133801,07122016,17102022 193500,2112, 40229.9, 20.432,312.511,0.660300,359.8,320.650,4.37e+00, 16.6, -  , - 
5453,133900,26042006,17102022 120347,1643, 40529.5, 15.013,  1.910,0.482805,359.5,174.971,1.34e+01, 16.9, -  , - 
5454,133901,20102006,17102022 065957,   2, 40489.7, 26.083,337.124,0.117726,359.7,276.191,1.18e+01, 15.8, 0.1, 24
5455,133902,04112011,17102022 223821,   9, 40077.1,  2.755,233.587,0.184093,  1.5,322.582,5.89e+00, 15.9, 3.0,569
5456,133903,27092013,17102022 210916,   1, 39854.9,  7.043, 55.284,0.192123,359.4,235.680,4.72e+00, 14.8, 0.4, 81
5457,133905,30082016,17102022 224028,  59, 40186.0,  4.396,107.581,0.026465,  0.5,170.763,7.53e+00, 17.5, 5.1,760
5458,133906,14032018,17102022 084700,  46, 40229.0,  1.443,189.934,0.116960,  4.8, 56.289,4.12e+00, 17.9, 1.8,260
5459,134000,08122007,18102022 131924,   4, 40216.4,  6.377, 71.877,0.068300,359.6, 40.382,4.01e+00, 15.4, 1.9,354
5460,134001,23012017,17102022 191232,  11, 40238.5, 14.391, 16.644,0.302820,359.5,192.986,1.29e+01, 16.9, 3.8,683
5461,134002,24032017,17102022 200941,  15, 40281.4,  6.978,273.882,0.101361,359.9, 31.239,9.55e-02, 17.7, 0.1, 20
5462,134006,03072022,18102022 014215,  70, 40407.3, 12.595,316.334,0.173259,359.6, 79.440,2.68e+01, 17.8, 8.5, - 
5463,134100,11062012,18102022 161126,  84, 40443.3,  5.938, 65.758,0.042791,359.5,159.264,2.56e+00, 17.0,24.3, - 
5464,134102,12032018,17102022 222700,   2, 40283.0,  2.711,256.539,0.075079,  0.6,214.935,1.56e+00, 15.8, 0.2, 30
5465,134103,12062018,18102022 070647,1587, 40277.9,  1.087,177.531,0.204928,  6.6,  9.788,6.27e+00, 18.0, -  , - 
5466,134104,15102018,17102022 164318,1461, 40289.4, 18.325,347.771,0.365441,359.6,273.931,2.11e+01, 16.7, -  , - 
5467,134105,30112018,17102022 184433,1381, 40239.9,  1.180,219.112,0.112899,  4.5,287.177,9.14e+00, 16.8, -  , - 
5468,134106,09012019,18102022 101247,1375, 40292.8,  2.673,282.721,0.069949,359.5,317.694,1.93e+00, 18.3, -  , - 
5469,134107,12102021,18102022 025100, 297, 40552.4,  3.634,178.568,0.424173,  2.0,335.169,3.45e+01, 17.0, -  , - 
5470,134108,25032022,18102022 062129,  21, 40290.0,  5.657,296.175,0.050646,359.5,320.929,1.47e-01, 18.4, 1.6,176
5471,134200,19102006,18102022 010616,   9, 40367.2,  6.148,290.238,0.053041,359.6,340.487,3.77e-01, 17.2, 0.8,101
5472,134203,14032022,18102022 101133,   5, 40313.1,  6.002,291.133,0.054353,359.6,324.161,4.19e-01, 16.7, 0.5, 89
5473,134204,31032022,18102022 103428,  28, 40320.6,  2.224,113.295,0.110647,  1.3, 26.371,4.68e+00, 17.9, 1.0,172
5474,134300,27072014,17102022 190820,   0, 40329.0,  2.088,250.627,0.089261,  1.1,192.237,2.29e+00, 17.0, 0.2, 21
5475,134302,11072016,17102022 191442,1873, 40347.9,  6.227, 64.921,0.157199,359.5,161.797,1.84e+00, 17.3, -  , - 
5476,134303,14092017,18102022 024233,1674, 38940.3, 27.098,  9.648,0.321998,359.7,165.764,3.66e+01, 17.4, -  , - 
5477,134304,16012018,17102022 131430,1060, 40322.5,  2.068,116.442,0.112748,  1.6, 23.711,4.67e+00, 18.0,28.0, - 
5478,134305,17042020,18102022 030135, 725, 40331.4, 17.070, 46.287,0.341474,359.7,176.218,7.13e+00, 16.1, -  , - 
5479,134306,08112020,18102022 085718, 160, 39914.6, 25.217,358.664,0.496993,359.7,230.895,2.24e+01, 17.0,89.1, - 
5480,134400,31072006,18102022 132442,  13, 40406.7,  0.490,120.794,0.070108,  9.4, 76.328,3.76e+00, 17.3, 6.2, - 
5481,134402,28092011,18102022 120609, 176, 40312.4,  5.675,296.145,0.053776,359.5,343.049,6.66e-01, 16.5,20.0, - 
5482,134403,04122013,17102022 185155, 588, 40351.5,  1.332,304.080,0.029366,357.3,158.430,4.17e+00, 17.0, -  , - 
5483,134404,16122015,18102022 045613,  14, 40378.1,  6.719, 45.488,0.067024,359.2, 27.848,4.53e+00, 17.3, 1.0,154
5484,134406,30112017,17102022 230701,   0, 40199.0,  4.765, 78.768,0.242028,359.7,126.902,1.79e+00, 14.0, 0.1, 23
5485,134408,03062021,17102022 210543,  15, 40370.2,  0.834,295.324,0.046254,356.8,165.197,3.49e+00, 17.1, 5.7, - 
5486,134500,28102016,17102022 234913,  28, 40304.7,  7.287,334.703,0.083432,359.1,276.656,7.40e+00, 17.5, 2.0,347
5487,134501,14122018,18102022 013836,  51, 40364.5,  0.750,113.343,0.034967,  4.4, 34.710,1.49e-01, 17.0, 0.5, 88
5488,134502,03102021,18102022 042554, 354, 40336.6, 11.847, 68.623,0.593455,359.8, 88.386,9.17e+00, 16.3,37.4, - 
5489,134503,04042022,17102022 230645,  62, 40369.0,  0.791, 60.208,0.026115,354.7,149.447,1.67e+00, 18.6, 2.8,525
5490,134504,29082022,17102022 190906,  41, 40365.5,  1.355, 90.516,0.217985,360.0,115.087,4.47e+00, 17.6, 1.1,170
5491,134600,17012008,18102022 054210,   0, 40351.7,  2.649, 24.152,0.061702,357.5,128.507,4.56e+00, 15.3, 0.1,  3
5492,134602,26072014,17102022 074213,  10, 40503.2, 23.201, 33.987,0.079055,359.7,163.009,1.05e+01, 16.2, 0.7, 91
5493,134604,08062016,18102022 143523,  12, 40343.2, 30.717, 41.060,0.490486,359.8,158.758,1.78e+01, 16.5, 1.1,185
5494,134605,30072016,17102022 190209,  78, 40366.6,  1.353, 91.157,0.204860,  0.0,112.215,4.93e+00, 17.4,27.6, - 
5495,134608,08102020,17102022 151214,   1, 40189.5,  5.179,293.662,0.331923,359.5,298.624,2.43e+01, 16.9, 0.5, 52
5496,134609,14042021,17102022 235923, 177, 40390.0,  4.807,263.357,0.067070,  0.2,355.387,1.75e+00, 18.0,44.3, - 
5497,134610,11052021,17102022 170725, 128, 40435.5, 14.529, 46.972,0.315644,359.7,180.531,6.66e+00, 16.1,57.6, - 
5498,134611,20042022,17102022 193721, 148, 40349.3, 12.449, 45.609,0.434681,359.6,228.513,3.94e+00, 15.6,64.1, - 
5499,134700,16062007,18102022 043935, 564, 40453.3,  0.949,263.010,0.045903,  0.9,159.704,1.46e+00, 15.8, -  , - 
5500,134701,05092016,18102022 143927,  27, 40131.9,  1.477,234.218,0.070635,  2.7,353.396,5.24e+00, 17.8, 2.3,347
5501,134702,17092017,18102022 094901,  34, 40397.6,  4.934,263.621,0.067018,  0.2, 31.417,3.66e+00, 17.7, 3.2,537
5502,134704,15032018,17102022 174531,   0, 40372.7, 12.808,281.384,0.527465,359.9,281.147,2.83e+01, 17.0, 0.4, 27
5503,134705,14082018,18102022 041406, 200, 40424.9,  0.858, 87.643,0.050349,359.5,110.605,2.81e+00, 17.8,44.6, - 
5504,134707,12052021,17102022 232952, 159, 40368.0, 21.931, 25.453,0.027289,359.7,160.202,9.63e+00, 16.7, 8.8, - 
5505,134708,20012020,17102022 123743, 998, 40383.6, 18.961,311.798,0.153866,359.7,195.407,1.52e+01, 18.2, -  , - 
5506,134709,31102021,17102022 105832, 349, 40403.2, 21.226, 50.438,0.167234,359.8,148.823,1.32e+01, 16.0, -  , - 
5507,134710,31032022,17102022 111011, 142, 40389.1,  4.979,264.429,0.069264,  0.2, 19.687,3.67e+00, 17.8, 2.5,451
5508,134800,30012016,17102022 091754,  29, 40437.4, 12.786,  5.569,0.037893,359.4,210.213,2.35e-01, 16.9, 1.1,171
5509,134801,16012018,17102022 083530,1288, 38128.0, 16.104,341.344,0.374957,359.6,201.505,5.06e+01, 16.1, -  , - 
5510,134802,13042020,18102022 005721,  61, 40425.0,  3.810, 67.662,0.082192,359.2,215.940,2.19e+00, 18.2, 4.8,833
5511,134901,10102010,17102022 192619,   1, 40457.0,  6.378,293.097,0.044169,359.6,316.442,3.01e-02, 16.1, 0.3, 18
5512,134902,18082014,18102022 035314,   5, 40449.0,  4.296,267.751,0.021770,  0.1, 13.980,1.37e+00, 16.8, 0.3, 60
5513,134903,09092016,17102022 232846,  77, 40504.4,  4.432,267.547,0.028302,  0.1,109.961,1.96e+00, 17.9, 6.0, - 
5514,134904,19022020,18102022 023010, 969, 40213.1, 32.156,340.971,0.586822,359.8,215.525,2.76e+01, 18.2, -  , - 
5515,134906,31032021,18102022 054809,   1, 40455.4,  1.006,266.365,0.037508,  0.5,122.132,1.60e+00, 15.7, 0.1, 25
5516,134907,01092022,17102022 224851,  13, 40457.7,  5.084,319.053,0.090599,359.0,249.218,1.26e-01, 17.2, 0.4, 29
5517,135001,27042012,18102022 060105,2925, 40342.4,  9.574, 26.297,0.260919,359.3,282.506,8.83e+00, 16.0, -  , - 
5518,135003,13032018,17102022 101136, 322, 40644.5, 18.930,319.977,0.161028,359.7,186.286,1.14e+01, 16.9,33.9, - 
5519,135005,12112021,18102022 102325, 292, 40489.0, 19.690, 50.202,0.139475,359.8,148.995,7.17e+00, 16.9, -  , - 
5520,135101,08062008,18102022 013731,  21, 41307.2, 27.916, 11.297,0.329304,359.7,116.958,4.15e+00, 17.3, 4.8,873
5521,135103,12062016,17102022 074731,   1, 41130.5,  5.958,351.092,0.021891,358.8,235.269,1.00e-02, 11.0, 0.1,  1
5522,135105,12092020,18102022 002627,  28, 40344.2,  4.346,353.840,0.289403,358.4,255.132,2.02e+01, 17.3, 7.6,895
5523,135106,02032022,17102022 063954, 108, 42730.5, 19.348, 59.405,0.066950,359.8,156.356,2.03e+00, 17.5, 5.6,472
5524,135200,23042011,17102022 163011, 478, 40571.9,  2.611, 75.868,0.078020,359.3, 14.326,4.54e-01, 15.2,61.6, - 
5525,135201,16022013,18102022 155013,  56, 40507.2,  2.947, 76.173,0.062157,359.4, 18.312,1.90e+00, 16.6, 9.7, - 
5526,135203,30092019,17102022 045802, 671, 40577.7, 11.513,160.329,0.605873,  0.6,353.928,7.37e+00, 15.1, -  , - 
5527,135204,19042020,18102022 005300, 906, 40215.2, 24.457, 42.776,0.691848,359.8,210.086,2.07e+01, 17.9,87.4, - 
5528,135300,26062009,17102022 120440,   3, 40539.1,  6.714,211.847,0.110662,  0.9,310.360,5.80e+00, 17.2, 0.2, 31
5529,135302,30082016,17102022 193920,  59, 40516.9,  1.105,194.891,0.055782,  6.1,205.326,4.81e+00, 17.8, 2.0,249
5530,135303,29062017,18102022 051939, 794, 40528.9,  6.544,294.009,0.038804,359.6,304.530,5.89e-02, 17.5, 6.2, - 
5531,135305,27082022,18102022 035153,  47, 40534.9,  4.231,106.433,0.088934,  0.5, 45.407,7.01e+00, 18.5, -  , - 
5532,135400,04112007,17102022 125655,   7, 40275.0,  3.498, 82.988,0.009196,359.7, 88.960,1.13e+00, 16.8, 0.5, 90
5533,135401,02072017,18102022 053755,  45, 40953.6, 15.865,293.825,0.575152,359.8,258.962,3.71e+01, 16.7,13.1, - 
5534,135402,16122017,17102022 121843,1314, 41077.5, 14.356, 58.835,0.186275,359.7,113.154,2.55e+01, 16.8, -  , - 
5535,135403,15062018,18102022 002514,1265, 40515.0,  1.971,254.632,0.065313,  1.0,247.791,3.37e+00, 18.2, -  , - 
5536,135404,15082018,18102022 054129, 234, 40447.7, 33.039, 19.885,0.615441,359.8,225.751,2.10e+01, 17.4, -  , - 
5537,135406,21012020,18102022 054104, 901, 40519.9, 18.069, 67.318,0.282801,359.8,116.829,1.67e+01, 17.6, -  , - 
5538,135407,25022020,18102022 203717, 950, 40448.1, 17.178, 61.156,0.699908,359.8,103.961,8.16e+00, 13.0,43.5, - 
5539,135408,30062022,17102022 222724,  88, 40414.1,  0.330,316.328,0.054631,347.9,251.163,1.99e+00, 17.6,13.8, - 
5540,135500,03052011,17102022 125709,   3, 40573.6,  6.415,286.357,0.040401,359.7,309.661,2.99e+00, 17.2, 0.1, 17
5541,135502,22052018,17102022 081443,   7, 40563.7,  0.913,253.895,0.039369,  2.0,224.922,1.79e-01, 17.2, 0.2, 40
5542,135503,04112018,17102022 062835,1355, 40234.3, 41.455,348.674,0.620497,359.8,254.771,3.21e+01, 16.6, -  , - 
5543,135508,01082022,17102022 225521,   0, 40547.8, 21.364,301.337,0.531580,359.8,263.947,5.24e+01, 17.2, 0.2, 35
5544,135600,05072016,17102022 201906, 994, 40593.0,  1.108, 90.378,0.012780,360.0,197.222,1.97e-01, 17.5,34.8, - 
5545,135601,20072020,18102022 145952,  52, 40393.9,  1.571, 80.719,0.329520,359.1, 13.771,1.81e-01, 16.9, 1.8,319
5546,135702,15112019,18102022 174349, 106, 40464.4,  5.297, 86.066,0.343876,359.9, 49.596,1.93e+00, 14.8,34.9, - 
5547,135704,12102021,17102022 124950,  15, 40507.4, 16.902,313.734,0.305851,359.7,223.587,1.85e+01, 17.4, 6.6, - 
5548,135800,09052016,18102022 002504, 637, 40584.7,  5.184, 74.285,0.064076,359.6,240.753,1.59e-02, 17.3, 5.3,844
5549,135801,28042017,18102022 002232, 760, 40320.0,  4.143, 57.674,0.181720,359.0,184.336,7.39e+00, 17.9, -  , - 
5550,135802,14072017,18102022 065508,  12, 40633.5,  5.436, 72.000,0.033721,359.6,138.319,3.07e-02, 17.2, 0.2, 26
5551,135803,24022018,17102022 160222,  17, 40682.3,  6.798,296.748,0.038364,359.5,317.576,3.54e-02, 18.3, 0.9, 57
5552,135804,15032018,18102022 002148, 890, 40609.6,  1.088,237.196,0.171987,  3.3, 67.127,3.12e+00, 16.9, -  , - 
5553,135805,03042019,18102022 012910,1198, 40641.6,  4.662, 81.647,0.221150,359.7, 63.440,3.12e+00, 14.4, -  , - 
5554,135806,09082019,18102022 061359,1110, 40556.2, 25.666, 67.465,0.046958,359.9,186.966,1.69e+01, 17.1,89.0, - 
5555,135807,14102020,17102022 135618, 732, 40637.0,  5.328,198.350,0.525612,  1.3,312.666,7.95e+00, 18.1, -  , - 
5556,135809,07042022,17102022 175108, 189, 40622.8,  5.477, 35.304,0.122669,358.9,221.494,6.92e+00, 17.5, -  , - 
5557,135901,31012017,17102022 124755, 195, 40613.5,  3.042,249.455,0.191724,  0.8,305.197,5.26e+00, 17.0,17.9, - 
5558,135902,13032018,17102022 073901,  27, 40637.1,  6.913,291.649,0.035584,359.6,299.776,1.77e+00, 17.6, 0.7,122
5559,135904,01102019,17102022 111246,   5, 40658.4,  3.763, 58.940,0.096345,359.0,279.338,2.10e+00, 15.5, 1.5,231
5560,135906,17042020,18102022 151408, 901, 40842.4, 31.104, 30.904,0.293754,359.8,107.382,2.69e+01, 16.9, -  , - 
5561,136000,08102013,18102022 135418, 917, 40673.9,  5.857, 38.071,0.115557,359.0,238.077,1.77e+00, 17.6, -  , - 
5562,136002,27072015,18102022 075852,  27, 40687.8,  0.705,259.482,0.019974,  1.7,280.116,9.77e-02, 17.5, 0.7,125
5563,136004,21012018,17102022 213725,  16, 40665.0,  3.783,272.146,0.031999,360.0,116.464,5.80e-02, 18.0, 0.5, 57
5564,136005,20012020,17102022 222217, 532, 40610.8, 21.457, 56.878,0.025847,359.8,229.183,7.06e+00, 15.7, -  , - 
5565,136007,10102020,18102022 112430, 325, 40669.2,  6.357,182.077,0.653431,  1.1,343.665,5.05e+00, 16.2,49.2, - 
5566,136100,30112015,18102022 142555, 313, 40694.8,  6.458,301.639,0.043667,359.4,298.334,1.00e-02, 17.6, 8.6, - 
5567,136101,22032018,18102022 012104,1231, 40627.4, 20.021, 63.514,0.299584,359.8,120.629,1.69e+01, 17.4, -  , - 
5568,136103,03072019,17102022 235641, 880, 40707.2, 10.063,179.879,0.580588,  0.7,336.419,2.44e+00, 16.6,45.2, - 
5569,136104,10082019,17102022 083040, 671, 40720.4, 23.867, 55.730,0.355040,359.8,193.954,2.58e+01, 16.5, -  , - 
5570,136200,02082008,17102022 215908,   3, 40703.6, 13.210,  4.985,0.071414,359.5,110.937,2.00e+00, 17.0, 0.3, 21
5571,136201,03032011,17102022 135346,   3, 40705.1,  0.183, 34.472,0.040218,317.4,147.147,1.01e+00, 17.0, 0.5, 99
5572,136202,19122011,18102022 100400,   5, 40382.9,  3.510,287.220,0.185516,359.4,261.206,5.85e+00, 16.2, 0.2, 36
5573,136203,25112011,18102022 001159,  24, 40568.6,  0.525,305.658,0.044512,353.5,272.884,2.47e+00, 16.4, 5.9,843
5574,136205,13022016,18102022 014806,   2, 40714.4,  5.433, 75.245,0.030399,359.6,134.006,9.84e-03, 16.2, 0.1,  7
5575,136206,19032018,17102022 185956,1556, 40693.1,  4.387, 80.611,0.187177,359.7, 62.594,2.36e+00, 14.2, -  , - 
5576,136300,03102011,17102022 225534,   2, 40744.7,  6.143,141.551,0.267905,  0.9, 66.503,5.26e+00, 15.6, 0.1, 12
5577,136301,02082014,17102022 175806,  10, 40773.7,  3.019, 76.897,0.027851,359.4, 39.223,1.88e+00, 17.0, 2.3,413
5578,136302,05092015,17102022 075156,  20, 40734.9,  6.365,300.950,0.013907,359.4,303.979,1.54e+00, 17.4, 0.8, 75
5579,136303,14022016,18102022 040603,  17, 40724.3,  5.436, 75.599,0.025266,359.6,130.273,1.35e-02, 17.7, 0.3, 16
5580,136400,01052011,17102022 225412,   0, 40432.0,  4.692, 36.567,0.033600,358.7,275.092,5.77e+00, 14.6, 0.4, 71
5581,136401,13092017,17102022 180155,1818, 40618.5,  7.054,246.198,0.154460,  0.4,  3.552,2.27e+01, 16.6, -  , - 
5582,136402,20092017,17102022 124339,  21, 40758.7,  6.706,293.532,0.021144,359.6,346.537,1.84e+00, 18.0, 0.6,103
5583,136406,18042021,18102022 090210, 522, 40756.9,  1.294, 60.183,0.176319,356.9, 87.973,3.17e+00, 18.3, -  , - 
5584,136500,25112011,18102022 014801,  75, 40607.5,  0.790,237.137,0.198275,  4.4, 89.348,3.12e+00, 16.9, 7.5,830
5585,136501,27072012,18102022 063228,   2, 40780.3,  0.298,279.710,0.025739,357.3,203.766,3.18e-03, 16.7, 0.1,  4
5586,136502,26082019,17102022 041306, 697, 40712.0, 10.539,176.561,0.594189,  0.7,343.359,2.29e+00, 16.6, -  , - 
5587,136504,28082016,18102022 133850,  28, 40772.5,  4.151, 10.880,0.086356,358.3,222.567,4.42e+00, 17.9, 3.2,548
5588,136505,14032021,17102022 131757, 558, 41033.4, 19.909,351.854,0.084950,359.6,359.237,8.38e+00, 16.4,56.7, - 
5589,136506,31032022,17102022 095729,  21, 40770.4,  0.585,246.097,0.118595,  4.3,225.003,4.19e+00, 18.1, 0.4, 75
5590,136507,30062022,18102022 130214,  84, 40763.8,  5.314, 64.635,0.045606,359.4,189.410,1.36e+00, 17.7, 5.5,975
5591,136600,19102006,18102022 023815,  10, 40795.2,  7.230,293.944,0.053876,359.6,127.996,9.34e-01, 16.1, 0.7,131
5592,136601,04062010,18102022 021713,1614, 40801.3, 15.450, 35.021,0.191054,359.6,158.378,1.07e+01, 17.2, -  , - 
5593,136604,14052021,18102022 003919, 236, 40648.3, 12.393, 60.293,0.498357,359.7,212.825,2.31e+01, 17.5,26.5, - 
5594,136701,10032016,18102022 054139,   2, 40809.5,  5.461, 73.959,0.025767,359.6,133.724,8.32e-03, 17.3, 0.1,  7
5595,136702,16022018,17102022 170923,  49, 41046.0, 27.154, 44.802,0.148202,359.8,261.368,1.74e+01, 17.2, 3.9,716
5596,136703,17022018,18102022 161320,  25, 40804.5,  6.268,307.051,0.049963,359.3,261.587,1.87e+00, 18.0, 2.2,366
5597,136704,04072019,18102022 013627,  24, 40861.5,  2.686, 72.573,0.143131,359.1, 40.072,2.38e+00, 16.7, 7.5, - 
5598,136705,21102019,18102022 031250, 725, 40918.0,  8.646,181.278,0.495197,  0.8,326.378,4.32e+00, 17.6, -  , - 
5599,136706,29042020,18102022 000912, 897, 40643.2, 20.627, 50.675,0.521055,359.8,180.951,2.06e+01, 18.2, -  , - 
5600,136707,06092021,17102022 133602, 167, 40786.0, 28.134,352.742,0.179917,359.7,244.083,1.21e+01, 17.4,11.3, - 
5601,136800,18102006,17102022 122813, 936, 40694.4,  6.239, 83.438,0.262696,359.9,125.091,1.74e+00, 11.3, -  , - 
5602,136801,23112006,18102022 010325,2947, 40376.6,  8.804, 60.688,0.396061,359.6,225.872,2.83e+00, 15.5, -  , - 
5603,136803,15012016,17102022 125120, 660, 40832.6, 29.665,347.120,0.107135,359.8,260.374,9.63e+00, 16.8,38.5, - 
5604,136805,29102017,18102022 025922, 201, 40927.4, 10.410, 13.505,0.085716,359.3,176.241,9.99e+00, 16.1,42.6, - 
5605,136806,21102020,17102022 105442,  47, 40799.5, 19.979,304.062,0.273982,359.8,285.953,1.37e+01, 17.3, 2.9,547
5606,136807,29072021,17102022 200329, 425, 40782.8, 35.887,297.494,0.575119,359.9,210.233,1.89e+01, 13.8, -  , - 
5607,136808,02042022,17102022 201430, 142, 40803.3,  2.896,263.046,0.242059,  0.3,303.789,5.66e+00, 18.1, -  , - 
5608,136809,23092022,17102022 174517,  21, 40837.6,  0.392,286.033,0.023874,356.3,203.376,1.18e-01, 18.7, 0.8,145
5609,136900,22032009,17102022 210548,1889, 40788.4,  2.713, 73.370,0.137203,359.2, 52.155,1.83e+00, 17.6, -  , - 
5610,136902,18102014,17102022 184852,  16, 40848.5,  4.247,275.297,0.029065,359.9, 99.229,3.07e-02, 17.4, 0.3, 30
5611,136903,21112016,17102022 192407,2151, 40845.2,  4.596,291.237,0.047443,359.5,210.178,6.38e+00, 17.9,70.7, - 
5612,136904,22092020,17102022 211851,  18, 40916.4, 21.380,321.631,0.353607,359.7,243.292,1.22e+01, 17.0, 1.9,278
5613,137000,18102004,17102022 202953,  25, 40990.3,  0.934,286.197,0.024336,358.2,195.174,1.13e-01, 17.9, 0.7, 94
5614,137001,23042009,18102022 135047,   9, 40892.7,  3.007, 67.515,0.051406,359.0,102.048,1.89e+00, 16.3, 0.2, 34
5615,137002,05092011,17102022 210428,   3, 40889.0,  6.604, 53.876,0.226564,359.3, 69.852,2.18e+00, 16.1, 0.5, 83
5616,137004,14092020,18102022 074937,   1, 40821.1,  6.447,266.754,0.129601,  0.1,333.948,6.85e+00, 17.8, 0.1, 12
5617,137005,10042022,17102022 180305, 147, 40869.3,  7.147,270.611,0.116210,  0.0,304.775,3.98e+00, 18.0,17.5, - 
5618,137100,09112007,17102022 065018,4044, 41068.3, 20.181, 14.640,0.336529,359.6,246.217,7.30e+00, 16.0, -  , - 
5619,137101,25042009,17102022 201452, 943, 40741.9, 29.662,321.808,0.234817,359.8,300.993,2.81e+01, 15.9, -  , - 
5620,137103,08102015,17102022 221248,   8, 40892.7,  2.765, 66.351,0.018234,358.9,252.995,1.88e+00, 17.4, 0.4, 44
5621,137104,09072016,17102022 135646,  47, 40899.8,  1.775,272.284,0.030821,359.9,195.350,9.17e-03, 17.6, 1.3,186
5622,137105,06092016,18102022 003915,  18, 40901.1,  0.268,315.373,0.016041,346.1,237.634,1.38e-02, 17.6, 0.4, 46
5623,137106,09122017,18102022 123852, 314, 40881.3,  2.892,233.133,0.127353,  1.5,340.214,3.65e+00, 18.0,19.7, - 
5624,137110,02102019,18102022 140227, 672, 40834.6, 16.495, 73.492,0.284218,359.9,173.662,1.87e+01, 17.3,65.1, - 
5625,137113,23032021,18102022 081354,   1, 40923.2,  0.532,295.708,0.013332,355.3,246.513,2.26e-02, 17.9, 0.2, 17
5626,137114,04042022,17102022 140859,  24, 40884.1,  2.874,231.520,0.116015,  1.5,338.915,3.69e+00, 18.0, 5.3,677
5627,137115,09042022,17102022 194741,   0, 40884.2,  4.588,276.315,0.028286,359.9,100.304,6.84e-02, 18.2, 0.3, 22
5628,137300,21032010,18102022 134429,1043, 41619.5,  8.532,338.218,0.402720,359.2, 37.615,8.19e+00, 15.5, -  , - 
5629,137301,26102017,17102022 153051,  24, 40902.6,  0.390,298.394,0.014367,353.4,215.290,1.91e-01, 17.5, 1.0,160
5630,137302,12032018,18102022 054739,  13, 40952.2,  2.076,298.734,0.047861,358.5,174.101,9.71e-01, 17.8, 1.4,188
5631,137303,12032018,17102022 225802, 504, 40932.0,  1.982,300.750,0.047175,358.3,221.992,1.10e+00, 18.0,80.4, - 
5632,137304,21092019,17102022 235406,   1, 40913.8, 17.677, 58.284,0.430581,359.8,139.853,1.21e+01, 14.0, 0.1, 18
5633,137305,04102019,17102022 185708,1090, 40904.7,  6.245,195.189,0.131943,  1.1,336.921,5.69e+00, 18.7, -  , - 
5634,137307,08042022,17102022 235205,  16, 40853.9,  9.403, 14.615,0.284283,359.3,227.529,1.03e+01, 17.8, 3.5,165
5635,137400,18022012,17102022 171804, 555, 41128.9,  0.734,306.640,0.018568,355.0,265.334,3.48e-02, 16.7,11.1, - 
5636,137404,26012018,17102022 064846,1301, 40947.9,  4.419,287.712,0.030574,359.5,340.528,6.52e-01, 18.7, -  , - 
5637,137405,18102018,18102022 010818,  13, 41018.2,  0.656,318.246,0.021593,352.9,269.298,1.40e+00, 17.8, 0.4, 65
5638,137406,06042022,18102022 043004, 150, 40974.8,  5.950,  5.896,0.148389,358.8,176.941,6.87e+00, 17.8, -  , - 
5639,137500,18042010,17102022 092824,   9, 40974.2,  2.880, 53.342,0.064675,358.4,170.551,2.54e+00, 16.3, 0.3, 51
5640,137503,22092017,18102022 001142,  13, 40976.9,  4.567,277.904,0.053252,359.8,318.718,2.16e+00, 17.2, 1.7,306
5641,137505,30102021,17102022 051220, 350, 40922.1, 16.329,345.249,0.441257,359.6,235.219,2.25e+01, 17.8, -  , - 
5642,137601,16022016,17102022 185854,   2, 40983.9,  5.487, 76.990,0.024334,359.7,120.507,7.87e-03, 17.4, 0.1,  8
5643,137602,22092017,18102022 034156,  40, 41017.0,  1.041, 37.137,0.100276,354.0,110.610,7.55e+00, 17.5,10.9, - 
5644,137607,28102021,18102022 030045, 137, 40999.1, 33.419, 29.055,0.370244,359.8,188.690,4.79e+01, 14.7,30.0, - 
5645,137608,07062022,18102022 031420,  42, 40953.7,  6.107,305.097,0.149746,359.3,308.474,8.97e+00, 18.0, 2.3,378
5646,137700,01122011,17102022 154927,  28, 41022.6,  4.639,292.117,0.050675,359.4,152.000,1.93e+00, 17.2, 1.1,138
5647,137701,05072016,17102022 112020,  57, 41007.9,  1.075, 70.510,0.022504,357.4,168.819,2.26e-01, 16.3, 1.5,257
5648,137702,06112016,18102022 000000, 195, 40944.4, 23.429,  9.720,0.218832,359.7,205.854,1.16e+01, 17.3,22.2, - 
5649,137703,12012018,18102022 011943,1107, 41870.0, 14.665, 74.654,0.168135,359.9,207.204,2.24e+01, 17.1, -  , - 
5650,137704,11012019,17102022 130354,  22, 40935.0,  4.309,265.347,0.148437,  0.2,299.920,3.84e+00, 17.6, 1.5,189
5651,137708,14072021,18102022 022601, 375, 40823.2, 10.122, 64.434,0.464629,359.7,187.494,1.96e+01, 17.5,34.2, - 
5652,137709,28032022,18102022 010106,  85, 41015.9,  0.654,318.719,0.025408,352.8,271.664,1.52e+00, 18.0, 3.9,333
5653,137710,28072022,17102022 080641,  56, 41016.5,  3.312,250.468,0.072929,  0.7,206.009,9.58e-02, 17.9, 0.5, 63
5654,137800,23112012,18102022 055455,   2, 40427.6,  1.735,156.899,0.199883,  3.9, 88.589,7.47e+00, 16.1, 0.2, 28
5655,137802,24082016,17102022 132856,  47, 41020.5,  6.934,285.670,0.025557,359.7, 40.953,6.87e-03, 18.0, 1.5, 81
5656,137803,06112016,17102022 184537,2169, 41085.5,  8.939, 44.912,0.480703,359.4,289.707,2.18e+00, 17.3, -  , - 
5657,137804,21042017,17102022 142120,  13, 41050.1,  5.561, 78.310,0.013095,359.7, 96.878,4.64e-02, 17.3, 0.2, 36
5658,137805,28042017,17102022 222819, 280, 40906.5, 26.063,342.550,0.054731,359.7,354.671,1.31e+01, 17.2, -  , - 
5659,137806,14072018,18102022 014004,1008, 41046.0, 18.613,  5.342,0.076093,359.6,134.218,1.24e+01, 17.6,56.5, - 
5660,137900,20092011,17102022 181101,   6, 40944.4,  4.908, 52.605,0.272802,359.1,146.709,2.74e+00, 15.6, 0.1, 21
5661,137901,21022007,18102022 021834,   1, 41045.4,  0.535, 45.628,0.020503,348.7,190.136,6.89e-02, 14.8, 0.1,  4
5662,137903,17072017,17102022 104635,1723, 40913.5, 35.812,344.075,0.478269,359.8,197.346,3.13e+01, 17.4, -  , - 
5663,137904,04052019,17102022 190902, 729, 41048.5,  2.922, 60.059,0.063272,358.7,295.400,3.61e+00, 18.1, -  , - 
5664,137906,27042020,17102022 203608, 721, 40867.6, 11.333, 62.985,0.451504,359.7,188.794,1.96e+01, 17.5,65.5, - 
5665,137907,11092020,17102022 231254,   3, 41148.5, 14.559,  4.485,0.194861,359.5,139.839,5.32e+00, 15.6, 0.6,102
5666,137909,16042021,18102022 003012, 134, 41041.6, 10.851, 49.640,0.533640,359.6,309.734,8.96e-01, 16.8,28.0, - 
5667,137910,12072021,17102022 113100, 370, 41031.8, 14.901, 75.797,0.303077,359.9,156.998,2.30e+01, 16.8,39.8, - 
5668,137911,06062022,17102022 212647,  32, 41053.8,  2.854, 60.220,0.051082,358.7,285.738,2.24e+00, 17.5, 0.9,114
5669,138000,20082007,17102022 165413,4829, 41096.4,  6.255, 55.305,0.306391,359.3,282.148,2.57e+00, 16.3, -  , - 
5670,138001,30122007,18102022 001147,  51, 41193.3,  1.076,340.230,0.126716,354.0,245.657,5.76e+00, 16.2,29.3, - 
5671,138002,21032010,17102022 100039,  11, 41082.3,  7.141,306.645,0.009009,359.4,193.184,8.75e-01, 17.1, 0.5, 54
5672,138003,23082014,17102022 193920,   0, 41080.0,  2.771,296.385,0.062795,358.9,223.679,2.98e+00, 16.3, 0.3, 30
5673,138004,08022016,17102022 230240, 675, 40743.8, 32.446,353.716,0.136741,359.8, 77.784,1.80e+01, 16.7,57.3, - 
5674,138005,16032018,17102022 064228,  46, 41132.0,  5.770,356.635,0.178173,358.8,215.074,5.92e+00, 17.7,23.7, - 
5675,138006,14042018,18102022 154243,   1, 41059.4,  1.740,280.840,0.030277,359.3,180.070,1.19e-01, 18.4, 0.1,  7
5676,138101,31012017,17102022 232920,  25, 41131.7,  5.117,286.334,0.055736,359.6,353.677,2.01e+00, 17.0,10.3,534
5677,138102,16092017,17102022 193528,  26, 41087.6,  4.710,278.821,0.022814,359.8, 85.911,5.15e-02, 17.9, 0.4, 50
5678,138104,09012019,18102022 012758,1028, 41179.9, 26.048,356.330,0.162692,359.7,223.706,1.28e+01, 17.9, -  , - 
5679,138105,03062019,18102022 013229, 111, 41124.8, 19.284, 57.648,0.063773,359.8,297.967,2.85e+00, 15.6,34.8, - 
5680,138106,07082019,18102022 032002,   4, 40978.8,  9.228,282.786,0.308554,359.8,297.938,2.18e+01, 16.4, 0.4, 81
5681,138107,29122019,18102022 133549,1021, 41098.1, 18.564, 54.975,0.032657,359.8,177.222,1.67e+00, 17.6,74.2, - 
5682,138109,11052021,17102022 192308, 143, 41163.4,  5.790,356.424,0.121693,358.8,158.816,5.58e+00, 16.3, 6.7,754
5683,138200,07022011,18102022 000048, 166, 41060.3,  7.930,297.952,0.028360,359.6,328.772,2.16e+00, 17.9,33.0, - 
5684,138202,22042017,17102022 143154, 853, 41061.6, 11.489, 30.585,0.535626,359.5,354.135,3.32e+00, 17.7,73.0, - 
5685,138203,21092017,18102022 003059,1257, 41060.7, 11.609, 77.179,0.165751,359.9,126.063,5.56e+00, 17.9,74.7, - 
5686,138204,18092017,17102022 171211,   5, 41128.4,  0.738,305.987,0.014619,355.1,269.800,3.72e-02, 16.5, 0.4, 24
5687,138205,11032018,18102022 125950,1653, 41125.1,  5.387,306.625,0.079983,359.2,286.014,1.91e+00, 18.1,26.2, - 
5688,138208,23042022,18102022 042206,  18, 41116.3,  0.445,343.912,0.010157,346.0,193.949,4.54e-03, 18.3, 0.2, 34
5689,138300,22112010,18102022 033844,   0, 41141.9,  6.242,108.473,0.022739,  0.4, 13.248,1.31e-02, 11.2, 0.1,  1
5690,138301,04042014,18102022 070414,1489, 41132.8, 14.287, 73.492,0.062443,359.8,120.465,5.71e+00, 17.3, -  , - 
5691,138302,23032017,17102022 210659, 194, 41144.1,  0.782, 53.581,0.013637,353.7,126.354,8.05e-01, 18.7,15.5, - 
5692,138304,17022018,18102022 022405,  16, 41131.2,  7.762,301.538,0.024111,359.5,300.420,3.70e-02, 18.4, 0.7, 35
5693,138306,17092018,17102022 134917,1291, 41138.4,  8.119,304.743,0.055439,359.5,259.563,2.93e+00, 17.5, -  , - 
5694,138307,03022019,18102022 002736, 104, 41123.2,  6.682,108.325,0.128341,  0.3, 63.807,4.70e+00, 18.2,13.8, - 
5695,138308,25032019,18102022 071527,  12, 41003.6,  7.274, 32.151,0.234536,359.1,167.753,1.08e+01, 16.9, 2.9,473
5696,138309,02082019,18102022 094039,1142, 41113.9,  5.940,359.705,0.158198,358.8,222.992,4.66e+00, 17.3, -  , - 
5697,138313,12102020,18102022 024038, 554, 41174.0, 11.801, 42.048,0.206282,359.5,101.884,2.35e+01, 16.4,90.5, - 
5698,138314,07072022,18102022 030323,   5, 41140.0,  0.697,309.264,0.009161,354.4,290.866,8.24e-02, 17.3, 0.4, 32
5699,138400,17012007,17102022 180903, 106, 40783.9,  4.534, 52.157,0.255019,359.0,251.112,3.74e+00, 15.8,30.0, - 
5700,138401,02062007,17102022 235840,   0, 41141.8, 10.200, 30.589,0.000629,359.4,149.900,1.00e-02, 13.3, 0.1,  1
5701,138402,19122012,17102022 171225,  51, 40973.2,  2.625,258.767,0.171543,  0.5,290.161,5.52e+00, 16.4,12.5, - 
5702,138403,24032014,18102022 111037,3122, 41151.2, 10.061, 82.502,0.129796,359.9,128.862,5.43e+00, 16.4, -  , - 
5703,138404,03022016,17102022 123210, 196, 41037.1, 36.250,326.017,0.695878,359.8,224.095,3.00e+01, 17.6,26.5, - 
5704,138405,01022016,18102022 123226,2063, 41143.3,  4.928,273.315,0.444227,359.9,285.871,2.49e+01, 17.1, -  , - 
5705,138406,12062017,18102022 005035,   0, 41144.1,  0.584,352.489,0.036074,348.3,242.885,7.31e-01, 17.4, 0.3, 31
5706,138407,11092017,18102022 005252, 187, 41144.3,  0.583,352.932,0.035901,348.3,242.852,8.82e-01, 17.9, 3.1,525
5707,138408,10032018,17102022 105117,1679, 41158.7,  3.334,244.284,0.066700,  0.9,246.839,1.79e+00, 18.4, -  , - 
5708,138409,02112018,17102022 135247, 109, 41107.3, 10.471, 72.371,0.188892,359.8,185.141,2.27e+01, 17.8,27.1, - 
5709,138410,03022019,18102022 155432,   3, 41097.5,  8.096,304.697,0.048430,359.5,264.639,2.44e+00, 17.0, 0.5, 84
5710,138411,11022019,18102022 032540,  10, 41078.3,  6.981,306.853,0.067242,359.4,352.845,3.81e+00, 17.5, 0.4, 63
5711,138412,26032019,18102022 031128,1143, 41142.9,  6.725,106.316,0.060000,  0.3, 55.947,2.68e+00, 17.3,51.5, - 
5712,138413,26032019,18102022 061108, 956, 41147.4, 11.000, 89.218,0.220891,360.0, 86.704,8.12e+00, 17.6, -  , - 
5713,138416,02102019,17102022 113121, 174, 41135.6,  5.597,359.675,0.209913,358.7,201.711,6.62e+00, 18.4,28.0, - 
5714,138417,07112019,18102022 143617, 860, 41139.0, 13.792, 47.039,0.352321,359.6,107.335,2.36e+01, 16.3,93.9, - 
5715,138419,10052022,17102022 235434, 160, 41141.5,  7.893,309.304,0.109544,359.4,220.680,1.59e+00, 18.4,35.9, - 
5716,138501,20092011,18102022 081143, 225, 41160.0,  4.877, 97.149,0.438953,  0.2,164.012,1.96e+00, 16.9,11.2,875
5717,138503,26022016,17102022 195321,  18, 41243.8,  0.552,128.939,0.271275,  9.7,294.334,1.22e-01, 17.8, 1.7,218
5718,138504,07092016,18102022 022239,  13, 41175.7,  2.149,260.050,0.039210,  0.6,330.473,2.93e+00, 17.4, 0.6, 83
5719,138505,12032018,17102022 220030,1406, 41207.2,  5.625,181.652,0.270047,  1.3,321.763,2.59e+01, 16.7, -  , - 
5720,138507,09082019,18102022 014143,1137, 41174.2,  1.695,354.479,0.089545,355.8,218.628,5.65e+00, 16.8, -  , - 
5721,138508,06022022,18102022 005633,  47, 41141.0,  5.390,311.697,0.225716,359.1,238.000,4.55e+00, 17.6, 1.5,237
5722,138509,14032022,17102022 083405,   0, 41167.7,  2.333, 55.646,0.051126,358.1,210.237,1.94e+00, 16.9, 0.1,  5
5723,138510,11042022,18102022 035915, 146, 41175.7,  5.582,355.494,0.172816,358.7,173.136,8.59e+00, 16.9,58.2, - 
5724,138511,03092022,18102022 054512,  41, 41165.9,  3.225,276.437,0.086660,359.8,221.264,4.89e+00, 17.8,60.8, - 
5725,138512,07092022,18102022 024406,  13, 41162.6,  0.803,305.956,0.013980,355.4,197.195,1.09e-01, 17.1, 0.3, 20
5726,138600,18121998,17102022 162337,   1, 41189.7, 12.493, 39.989,0.107206,359.5,211.334,9.05e-03, 12.4, 0.1,  1
5727,138601,25052006,18102022 035127,  13, 41186.1,  1.591,288.056,0.030329,358.7,168.831,1.42e-01, 17.3, 0.5, 69
5728,138602,09122007,18102022 144544,   5, 41188.5,  6.105,283.818,0.112538,359.7,226.773,3.47e+00, 15.4, 0.6, 95
5729,138604,20092017,18102022 043016,  70, 41184.5,  4.988,292.204,0.025411,359.5,  0.996,8.05e-01, 17.2,10.6, - 
5730,138606,21022018,18102022 123514,1200, 41128.8, 19.999, 40.713,0.352126,359.7,122.674,2.37e+01, 16.4, -  , - 
5731,138607,17032018,17102022 122536,1672, 41185.6,  8.027,300.630,0.027085,359.6,329.575,1.74e-02, 18.6, 4.3,690
5732,138611,12102021,17102022 172850,  16, 41179.1, 32.289,336.594,0.421112,359.8,250.930,1.88e+01, 17.0, 5.1,780
5733,138612,08042022,18102022 102435, 108, 41184.0,  1.906, 68.314,0.234407,358.5,  0.822,6.42e-01, 17.9, 5.9, - 
5734,138613,06042022,18102022 164937, 191, 41179.6,  5.865,357.309,0.089261,358.8,192.362,4.94e+00, 17.4, -  , - 
5735,138701,04022008,18102022 165743,   3, 41206.7,  7.822,302.189,0.053696,359.5,354.127,1.50e-02, 16.8, 0.3, 23
5736,138702,27092011,18102022 131039,   3, 41144.7,  7.216,302.814,0.046876,359.5,113.817,1.76e+00, 17.0, 0.1, 19
5737,138703,02022016,17102022 120311, 120, 41405.4, 20.994, 22.272,0.025787,359.7,271.341,1.05e+01, 16.6,34.1, - 
5738,138705,01042017,17102022 171638,   5, 41126.6,  1.104, 59.237,0.041944,356.2, 41.454,6.92e-01, 18.2, 0.9,131
5739,138706,03032017,17102022 230441,  14, 41212.0,  5.540, 75.631,0.022860,359.7,120.257,1.08e-02, 17.7, 0.5, 30
5740,138707,13082017,17102022 232308, 163, 41311.5, 32.284,334.189,0.551031,359.8,269.078,3.00e+01, 16.1,23.5, - 
5741,138708,08032018,17102022 234519, 159, 41199.8,  3.777,267.685,0.209629,  0.1,278.716,1.32e+00, 17.9,21.7, - 
5742,138709,22032021,18102022 045745,  73, 41010.6,  6.059, 49.484,0.469069,359.2,185.874,2.14e+01, 17.6,10.6, - 
5743,138710,07042022,17102022 112303,  25, 41201.9,  2.488, 50.409,0.049426,358.1,208.954,2.24e+00, 18.5, 1.2,222
5744,138711,29082022,18102022 173824,  47, 41214.8,  6.324,158.647,0.209435,  1.1,  0.958,1.63e+01, 17.6, 3.9,652
5745,138800,08062008,17102022 161741,2092, 41121.8,  4.181, 69.704,0.141594,359.4, 57.080,4.13e+00, 17.2, -  , - 
5746,138801,22102011,17102022 074749,   2, 41095.4,  6.460,288.548,0.052479,359.7,303.065,8.93e-01, 16.1, 0.4, 70
5747,138802,16032012,17102022 141402,   4, 41386.9,  3.723, 65.879,0.145373,359.2,169.973,2.17e+00, 16.0, 1.8,320
5748,138803,14062015,17102022 122643,   4, 41101.2, 16.695,  6.095,0.105877,359.6,206.495,3.57e+00, 17.0, 0.3, 52
5749,138804,27092016,18102022 085352,  19, 41237.8,  2.254, 63.109,0.034010,358.4,205.841,1.46e+00, 17.6, 0.4, 52
5750,138805,26082017,17102022 152022,  10, 41216.0,  8.162, 15.597,0.083517,359.1, 68.555,6.40e+00, 17.1, 0.9,125
5751,138806,16092017,17102022 120240,  42, 41226.3,  6.531,282.109,0.062503,359.8,257.777,2.31e+00, 18.3, 1.6,273
5752,138807,24092017,17102022 194546,1499, 40984.5, 27.344, 64.413,0.070918,359.9,199.374,1.70e+01, 16.8, -  , - 
5753,138808,19092017,17102022 102909,1847, 41217.9,  0.988,306.906,0.097200,356.1,206.657,7.55e+00, 18.1, -  , - 
5754,138809,04102021,18102022 092815, 209, 41196.6,  1.653,233.921,0.087253,  2.5,285.154,6.21e+00, 18.1,23.4, - 
5755,138901,03082016,18102022 054509,1177, 41247.8,  0.685,326.921,0.007880,352.1,201.128,4.07e-02, 17.8, 7.2,755
5756,138902,09042018,17102022 185249,1599, 41379.1,  4.567,309.302,0.822511,359.0,311.180,1.27e+00, 17.6, -  , - 
5757,138903,22042018,17102022 060655, 912, 41284.6, 13.082, 23.804,0.289418,359.5,301.640,7.31e+00, 17.1, -  , - 
5758,138904,19102018,17102022 200457, 160, 41065.6,  3.497, 45.646,0.376803,358.5,194.329,2.92e+00, 15.9,33.2, - 
5759,138905,27082019,18102022 053828,  22, 41247.7,  0.689,325.457,0.008543,352.3,199.547,3.72e-02, 17.8, 0.6, 52
5760,138907,08112020,17102022 231425, 705, 41310.8, 29.290, 36.449,0.572662,359.8,182.151,3.00e+01, 17.5, -  , - 
5761,139000,20082007,18102022 033443,   2, 41216.1,  5.000, 40.247,0.172152,358.9,228.828,4.21e+00, 14.4, 0.1, 10
5762,139001,22052007,18102022 083405,   1, 41145.5,  6.655,287.511,0.035775,359.7,266.996,1.61e+00, 13.8, 0.2, 33
5763,139002,03022017,17102022 172258,   3, 41247.7, 25.250,313.895,0.322605,359.8,292.984,2.49e+01, 17.0, 0.5, 73
5764,139003,09092017,17102022 204743,  45, 41258.6,  0.735,322.632,0.024367,353.1,125.197,1.65e-01, 17.8, 1.4,235
5765,139004,14092017,18102022 021056,   5, 41257.6,  1.714, 57.882,0.009000,357.6,317.087,1.35e+00, 17.7, 0.4, 38
5766,139005,24082021,18102022 042834,   1, 42168.2,  0.113,157.595,0.001394, 61.3,258.144,2.61e-02, 10.7, 0.1,  1
5767,139006,03102018,18102022 071044,1470, 41274.4, 11.695,337.139,0.225605,359.4,238.232,6.93e+00, 17.4,49.8, - 
5768,139008,31012020,18102022 000237, 475, 41216.5,  3.531, 76.454,0.242302,359.5,307.533,1.22e+00, 17.4, -  , - 
5769,139009,17082020,17102022 213823, 729, 41265.7,  1.921, 53.643,0.088326,357.6,218.924,1.79e+00, 18.2,13.3, - 
5770,139010,06122021,18102022 081155, 202, 41258.0,  4.104, 84.695,0.146128,359.8, 76.823,7.12e+00, 18.1, 6.9, - 
5771,139011,06042022,17102022 202710,  42, 41263.2,  1.880, 52.948,0.079308,357.5,214.181,1.69e+00, 18.1, 3.0,278
5772,139100,02102007,18102022 041634,   2, 41329.3,  2.716, 66.107,0.048538,358.8,183.694,1.51e+00, 16.2, 0.1, 15
5773,139101,22112006,17102022 185345,   2, 41194.1,  0.904, 54.690,0.021957,354.7, 16.990,9.32e-02, 17.4, 0.2, 18
5774,139102,24112008,18102022 064329,   2, 41249.4,  4.960,280.242,0.012688,359.8, 54.521,4.89e-01, 14.3, 0.1, 13
5775,139103,22102008,18102022 042400,  27, 40516.9,  5.821,286.945,0.069006,359.7,302.048,2.92e+00, 17.5, 2.1,381
5776,139104,08032011,17102022 134509,   5, 41284.9,  8.057,303.254,0.023761,359.5,315.323,1.13e-02, 16.5, 0.5, 21
5777,139105,29102015,17102022 230017,2541, 41192.4,  9.254,332.413,0.202539,359.3,256.009,1.78e+01, 15.3, -  , - 
5778,139106,01032016,17102022 224057,  16, 41297.3,  5.558, 76.573,0.022595,359.7, 99.876,1.17e-02, 18.5, 0.2, 17
5779,139107,21072017,17102022 192842, 208, 41039.5, 36.557,345.316,0.508647,359.8,182.966,3.17e+01, 16.4,29.7, - 
5780,139108,26012019,18102022 063051, 265, 40457.0, 24.537,334.787,0.140334,359.7,220.308,3.18e+01, 16.4, -  , - 
5781,139109,22092019,17102022 210716,   8, 41211.5,  9.219,346.603,0.173809,359.2,245.517,7.29e+00, 17.0, 3.2,405
5782,139110,24092019,18102022 000857,1064, 41244.1, 16.359, 71.777,0.338531,359.9,160.716,1.79e+01, 17.2,91.4, - 
5783,139112,14032022,18102022 031646, 216, 41277.4, 11.125, 33.434,0.092718,359.4,199.461,2.90e+00, 17.8, -  , - 
5784,139113,03052022,17102022 152035, 165, 41293.5,  9.039,288.600,0.026323,359.8,329.757,9.83e-01, 18.4,49.3, - 
5785,139114,01082022,17102022 192442,  42, 41284.6,  3.233, 74.107,0.092319,359.3,310.066,2.96e+00, 17.6, 4.0,371
5786,139200,28012008,18102022 053953,  39, 41304.3,  1.177,302.985,0.011357,357.0,210.889,1.45e-01, 14.9, 0.6, 94
5787,139201,14022013,17102022 110811, 238, 41171.0, 15.247, 12.580,0.222239,359.5,155.323,2.41e+00, 13.1,62.3, - 
5788,139202,01012014,18102022 002911,  13, 41301.7, 11.282,285.769,0.129414,359.8,190.540,1.34e+00, 17.3, 0.6, 82
5789,139206,02032016,18102022 152915,  13, 41294.3, 10.587, 69.889,0.279424,359.8,176.298,8.59e+00, 17.1, 0.9,158
5790,139209,21122019,17102022 225431,1028, 41301.9, 13.474,353.287,0.037398,359.5,274.320,4.94e-01, 18.5,86.4, - 
5791,139210,28032020,17102022 215503, 365, 41240.0, 15.782, 72.989,0.335267,359.9,160.348,1.78e+01, 17.2,29.4, - 
5792,139211,27032020,18102022 032256,  59, 41289.1,  6.613, 53.822,0.169753,359.3,175.770,7.51e+00, 18.1, 4.4,447
5793,139212,28072022,17102022 190912,  47, 41308.0,  3.006, 67.447,0.120600,359.0,175.493,3.33e+00, 18.2,13.2, - 
5794,139300,07112007,17102022 143339,   1, 41409.5,  0.950,322.576,0.011702,354.5,332.868,9.07e-03, 17.2, 2.5, 29
5795,139301,20092011,18102022 043336,  13, 41337.1,  7.472, 17.093,0.123149,359.1,252.048,7.77e+00, 16.8, 0.9, 94
5796,139302,07022011,18102022 044433,   1, 41352.2,  1.127, 21.266,0.046910,353.8,237.169,1.84e+00, 16.8, 0.5, 63
5797,139303,09082016,18102022 063021,  48, 41327.9,  1.955,290.369,0.015489,358.8,169.363,1.28e-01, 17.8, 1.0,141
5798,139305,25012019,17102022 144818,1351, 41329.2,  4.465, 70.513,0.178187,359.4, 54.444,4.68e+00, 17.3,35.0, - 
5799,139308,06012022,17102022 185740, 253, 41381.7, 24.071, 18.566,0.099185,359.7,103.716,1.01e+01, 17.9, -  , - 
5800,139309,08042022,18102022 003452, 190, 41336.1,  2.425,264.488,0.103450,  0.3,227.794,1.09e+00, 18.5, 1.2,173
5801,139400,17082007,18102022 150123,   6, 41366.9,  7.703,303.930,0.036648,359.5, 13.586,3.30e+00, 16.4, 0.2, 23
5802,139401,16012007,17102022 222254,   0, 41344.5,  3.196,  0.583,0.020465,357.8,310.486,3.97e+00, 17.3, 0.1,  7
5803,139403,05022016,18102022 144740, 145, 41308.8, 13.153, 31.520,0.226326,359.5,175.144,4.54e+00, 17.4, 5.2,927
5804,139404,24012017,18102022 010825,  33, 41345.2, 11.735,330.999,0.017538,359.5,210.770,1.06e+00, 17.1, 0.9,130
5805,139405,07012018,17102022 133628,  22, 41427.1,  0.739,141.273,0.072730,  8.4,192.234,3.61e+00, 17.4, 4.5,387
5806,139406,12032018,18102022 021450,  16, 41382.2,  2.526,266.421,0.040355,  0.2,215.602,8.01e-01, 17.1, 1.1,203
5807,139407,25122019,18102022 111441, 233, 41357.3,  2.062, 90.723,0.006334,360.0,305.962,3.57e-01, 17.7,15.0, - 
5808,139408,19032021,17102022 173953, 360, 41293.4, 10.438, 70.834,0.277122,359.8,176.227,8.61e+00, 17.3,30.3, - 
5809,139409,23082022,18102022 092147,  35, 41199.2,  0.986, 31.067,0.281084,353.3, 57.954,1.93e-02, 18.2, -  , - 
5810,139410,22092022,18102022 030822,  21, 41314.2,  5.324,267.473,0.133268,  0.1,320.125,5.96e+00, 17.4,38.9, - 
5811,139501,01032011,18102022 084059,   2, 41276.4, 25.418,  8.105,0.403948,359.7,204.471,1.17e+01, 16.4, 0.1, 24
5812,139502,27072009,18102022 001802,   0, 41409.9, 11.995, 50.785,0.213183,359.6,132.362,4.29e+00, 15.7, 0.3, 21
5813,139503,01122011,17102022 154551,  11, 41360.6, 10.116,318.821,0.024323,359.5,261.679,3.55e-01, 17.2, 0.3, 42
5814,139504,14022013,17102022 212616,  46, 41014.0,  6.606, 27.308,0.180380,359.0,192.142,5.08e+00, 16.8, 6.6, - 
5815,139505,17102015,17102022 161535,1708, 41313.2,  6.754, 17.673,0.253699,359.0,171.852,7.47e+00, 17.4,83.2, - 
5816,139506,10032016,18102022 114135,   2, 41367.5,  5.572, 77.724,0.025838,359.7, 95.500,3.63e-03, 17.2, 0.1,  8
5817,139507,24082016,17102022 214048,   2, 41268.9, 23.905,335.891,0.214217,359.7,149.864,1.31e+01, 16.7, 0.2, 33
5818,139508,25112016,17102022 202136,   4, 41369.9, 10.251, 90.184,0.158904,360.0, 93.776,8.40e+00, 16.9, 0.4, 42
5819,139515,01082022,17102022 181729,  42, 41372.0,  1.443,301.186,0.017714,357.7,265.233,6.93e-01, 17.9, 0.6,107
5820,139516,21082022,18102022 062448,  24, 41366.9,  1.531,298.330,0.005320,358.0,277.925,2.21e-01, 18.4, 0.9,158
5821,139600,12012008,18102022 030018,   8, 41414.0,  7.248,305.557,0.108851,359.4,309.683,2.70e+00, 15.5, 0.2, 44
5822,139601,04072012,17102022 130000,   1, 41377.5,  3.978, 69.975,0.018322,359.3,145.037,1.63e-02, 11.2, 0.1,  1
5823,139603,24112016,17102022 152229,1729, 41307.3,  3.593, 45.678,0.329448,358.5,199.609,2.36e+00, 15.4, -  , - 
5824,139604,07012017,17102022 162636,2079, 41367.6, 13.799,348.332,0.460291,359.5,203.997,1.36e+01, 17.7, -  , - 
5825,139605,21092017,17102022 224032,1818, 41413.6, 36.967,  7.100,0.120433,359.8,135.992,2.01e+01, 17.2, -  , - 
5826,139607,13032018,17102022 143557,   6, 41376.4,  2.522,268.160,0.057621,  0.1,186.180,2.02e-01, 16.4, 0.4, 63
5827,139608,13032018,17102022 181636,   2, 41459.0,  1.905,310.398,0.056993,357.7,193.150,2.21e+00, 15.5, 0.5, 92
5828,139609,12032018,17102022 233955,  28, 41409.8,  4.378,267.857,0.076740,  0.1,275.149,2.79e+00, 17.8, 3.7,622
5829,139612,09022019,18102022 072119,1295, 41373.6,  4.947, 71.578,0.102827,359.5, 95.361,5.75e+00, 16.9, -  , - 
5830,139614,21082019,18102022 045644,1086, 41204.6, 23.463,  2.201,0.491431,359.7,184.138,1.64e+01, 16.2, -  , - 
5831,139616,06122019,17102022 121955, 912, 41408.4,  5.068, 66.922,0.213715,359.4,257.964,9.67e-01, 11.0,39.3, - 
5832,139617,28122019,17102022 231338,  17, 41397.1,  2.131, 91.182,0.017811,  0.0, 98.394,1.45e+00, 17.4, 1.5,230
5833,139618,17042021,18102022 023206, 149, 41811.1, 31.041, 24.962,0.314967,359.8,173.933,4.22e+01, 15.6,29.7, - 
5834,139700,10012011,17102022 141548,  51, 41522.9,  2.314, 67.583,0.104523,358.7,219.786,2.31e+00, 14.5,11.0, - 
5835,139702,07102012,18102022 011559,   2, 41394.1,  4.342,125.991,0.121979,  1.0, 53.177,5.51e+00, 17.1, 0.8,113
5836,139703,16112014,18102022 112453,  16, 41405.9,  2.313,290.926,0.020236,359.0,155.743,1.66e-01, 17.1, 0.7, 90
5837,139705,05102015,17102022 070904,  12, 41403.2,  8.486,303.096,0.018129,359.6,277.898,2.96e-02, 17.4, 0.5, 26
5838,139707,13102014,18102022 022916, 133, 41340.7,  4.914, 76.680,0.179538,359.6, 96.639,2.73e+00, 17.8,21.5, - 
5839,139708,09032016,17102022 162739,1702, 41375.1, 10.940, 62.545,0.177469,359.7,130.213,9.59e+00, 17.3, -  , - 
5840,139710,19102016,18102022 095228, 102, 41355.6,  1.091,333.151,0.153546,354.5, 95.327,1.87e-01, 17.8, 3.9,525
5841,139711,09042018,17102022 140018,  76, 41335.5,  2.095,307.079,0.029743,358.1,322.186,1.63e+00, 18.2, 6.0,738
5842,139713,25022019,18102022 155941,1313, 41403.0,  3.591, 63.871,0.323129,359.1,174.207,4.23e+00, 17.5,34.4, - 
5843,139715,30102019,18102022 042732, 148, 41198.1,  4.509,241.208,0.065982,  0.8,190.710,2.83e-01, 17.4,10.6, - 
5844,139716,17022020,18102022 072436, 175, 41395.4,  4.448, 69.186,0.227711,359.4,266.079,1.55e+00, 17.7,14.6, - 
5845,139718,21032020,18102022 180751, 704, 41418.9,  1.795, 75.688,0.131651,358.9, 19.056,2.40e+00, 12.9,74.2, - 
5846,139721,10042022,17102022 194118,  48, 41404.5,  2.000,341.649,0.051932,356.7,287.017,2.65e+00, 18.3, 1.1,121
5847,139800,26082011,17102022 224510,  66, 41300.5,  2.487, 65.083,0.122439,358.7,164.078,1.85e+00, 15.7, 6.3,179
5848,139801,26112013,18102022 075342,   5, 41418.6,  4.822,278.499,0.047288,359.8,345.666,2.19e+00, 16.0, 0.7,130
5849,139802,04122007,18102022 164225,   2, 41397.7,  6.662,303.320,0.066150,359.4,291.090,4.86e+00, 16.2, 0.2, 41
5850,139803,25032011,17102022 215633,   3, 41415.8,  4.698, 43.959,0.244312,358.9,297.145,2.17e+00, 16.4, 0.1, 23
5851,139804,25022014,17102022 221511, 190, 41450.5,  6.492,302.851,0.059261,359.4,165.654,4.39e+00, 18.0,26.9, - 
5852,139805,09102015,18102022 070011,  24, 41423.0,  1.018,319.348,0.001437,355.1,117.839,5.91e-02, 17.9, 0.2, 25
5853,139806,19042017,18102022 051237,1020, 41422.2,  1.025,339.751,0.030752,353.7,348.182,9.93e-03, 17.6, 5.9,972
5854,139807,09102017,17102022 173148, 139, 41326.6, 12.648, 42.894,0.133413,359.6, 21.729,3.99e+00, 17.1,71.4, - 
5855,139808,13032018,18102022 051313,  45, 41399.5,  2.060,118.141,0.239955,  1.7,129.127,6.86e+00, 18.0,13.3, - 
5856,139810,26122019,18102022 053506, 708, 41426.5,  2.166, 86.330,0.045054,359.7, 60.761,8.65e-01, 16.8,65.0, - 
5857,139811,26122019,17102022 154206,   2, 41402.7,  2.103, 90.851,0.020588,  0.0, 41.789,7.77e-01, 15.3, 0.2, 44
5858,139812,25122019,17102022 064108,   0, 41424.1,  2.172, 91.021,0.038045,  0.0,335.346,1.26e+00, 16.2, 0.1, 10
5859,139814,27082020,17102022 083202,  17, 41416.7, 10.149,319.480,0.016352,359.5,253.511,3.46e-01, 17.6, 0.6, 78
5860,139816,20032021,18102022 080656, 110, 41875.1, 16.806,306.577,0.422584,359.7, 15.604,1.54e+01, 16.3,10.1, - 
5861,139817,31032022,17102022 125810,  16, 41434.6,  1.792,297.422,0.010606,358.3,146.765,5.12e-02, 18.2, 0.1, 15
5862,139818,03052022,18102022 072759,  12, 41412.7,  8.207,276.519,0.098820,359.9, 20.450,3.81e+00, 18.0, 1.4,209
5863,139819,30062022,17102022 235439,   2, 41418.6,  0.887,327.944,0.007486,353.7,264.375,6.98e-03, 17.5, 0.3, 21
5864,139820,06092022,18102022 035931,   2, 41423.5,  2.224, 49.987,0.043738,357.8,226.835,1.86e+00, 15.5, 0.1,  5
5865,139900,07012014,17102022 185904,  56, 41456.4,  7.792, 53.670,0.011975,359.4, 19.516,8.67e-02, 17.2, 0.5, 71
5866,139901,27042017,17102022 093558, 159, 41380.7,  6.620, 69.126,0.091694,359.6,128.289,6.39e+00, 17.0,47.5, - 
5867,139902,06022018,17102022 160958, 969, 41449.4,  8.174,306.718,0.009812,359.5,  4.518,9.88e-02, 17.8,12.6, - 
5868,139903,21042018,17102022 115253, 891, 41293.2, 24.516, 53.866,0.578741,359.8,129.686,8.29e+00, 17.8, -  , - 
5869,139904,15082018,17102022 214113,  42, 41442.8, 10.162,321.535,0.004567,359.5,130.270,3.95e-01, 17.5, 0.9,147
5870,139908,22102020,18102022 021246,   0, 41447.3,  2.201, 91.527,0.014786,  0.0, 83.084,1.28e+00, 17.6, 0.2, 17
5871,139909,07062021,18102022 053326,  25, 41406.8,  6.881,277.987,0.056777,359.9,296.336,5.15e+00, 17.3, 1.6,198
5872,139910,04112021,17102022 125236,  48, 41440.5,  1.339,307.295,0.006998,357.0,302.848,3.46e-02, 18.5, 1.5, 74
5873,139911,21082022,18102022 124458,   4, 41496.1,  0.946,340.269,0.087762,353.2, 52.280,1.80e+00, 18.2, 1.7,288
5874,140001,03032006,17102022 210639,  18, 41616.3,  2.266, 10.124,0.042358,356.8,290.140,3.73e+00, 17.4, 6.3, - 
5875,140002,10012008,18102022 045203,  10, 41445.6,  5.825,281.855,0.022023,359.8,  1.702,8.55e-01, 16.5, 0.5, 94
5876,140003,02082005,18102022 023312, 339, 41384.4,  2.516,266.327,0.046777,  0.2,208.216,1.44e+00, 17.0, -  , - 
5877,140004,19072011,17102022 180250,   0, 41466.1,  0.806,349.116,0.011244,351.6,258.722,7.56e-03, 16.9, 0.1,  2
5878,140005,15072012,17102022 084116,  12, 41446.4,  6.648,291.551,0.031377,359.6,310.279,5.96e-01, 17.0, 1.9,335
5879,140008,14032018,17102022 184126,   2, 41459.0,  2.585,266.205,0.056018,  0.2,185.181,7.96e-03, 16.7, 0.1,  5
5880,140010,20022020,17102022 115642, 645, 41425.7, 21.209, 57.642,0.221238,359.8,195.138,5.75e+00, 17.4,22.5, - 
5881,140100,25032011,18102022 064440,  12, 41453.1,  0.918,336.479,0.006049,353.3,249.375,3.60e-01, 17.3, 0.8,147
5882,140101,05052011,17102022 133940,  42, 41529.6,  4.405, 89.659,0.230458,360.0,134.399,5.53e+00, 17.2, 6.3,570
5883,140102,29072008,17102022 100415,   3, 41461.4,  7.891,304.159,0.032686,359.5,272.089,3.47e+00, 15.4, 1.0,175
5884,140103,14032012,18102022 170947,   1, 41495.8, 22.025, 18.215,0.284204,359.7,153.760,9.45e+00, 16.4, 0.2, 21
5885,140104,22072015,18102022 134533,   2, 41486.9,  6.575, 71.805,0.009471,359.6,187.151,3.43e-02, 17.3, 0.1,  9
5886,140105,01032011,18102022 041137,   1, 41491.2,  1.258,313.054,0.012222,356.4,298.282,3.35e-02, 17.0, 0.1,  6
5887,140106,04102015,18102022 152951,  10, 41499.0,  4.578, 18.107,0.016390,358.5, 56.941,4.37e+00, 17.1, 0.4, 80
5888,140107,06102015,17102022 103137,  10, 41485.2,  7.916,303.688,0.040974,359.5,340.255,2.08e+00, 17.0, 0.8, 84
5889,140108,08102005,17102022 192052,  48, 41497.6,  8.634,304.597,0.020372,359.5, 13.396,5.41e-01, 17.8, 7.8, - 
5890,140110,19042017,18102022 175825, 601, 41609.1, 15.219, 45.075,0.145589,359.7,121.419,9.91e+00, 15.6, -  , - 
5891,140111,14092017,17102022 155041, 398, 41396.9,  5.346, 69.947,0.020680,359.5,139.208,5.42e+00, 18.1, -  , - 
5892,140112,16092017,17102022 131129,   2, 41497.9,  8.365,307.039,0.029274,359.5,269.382,8.99e-03, 18.0, 0.3, 19
5893,140113,14032018,17102022 223623,  18, 41479.9,  2.576,266.193,0.053924,  0.2,189.358,3.62e-02, 16.7, 1.5, 82
5894,140114,30112018,17102022 210229, 912, 41871.4, 16.286, 82.328,0.285764,359.9, 41.794,2.96e+01, 16.4, -  , - 
5895,140116,24032020,17102022 174007, 931, 41485.6,  2.122, 48.682,0.104121,357.6,228.308,9.19e-01, 18.3, -  , - 
5896,140117,04112021,18102022 035322,  62, 41492.2,  8.605,304.176,0.021360,359.5,244.984,4.98e-02, 18.1, 1.0,158
5897,140118,02122021,17102022 130215,  15, 41481.2,  6.461,286.584,0.015582,359.7,188.868,2.45e-01, 17.7, 1.1,131
5898,140119,25032022,18102022 054625,  85, 41482.2,  2.084, 84.702,0.069385,359.6,139.628,1.19e+00, 18.5, 7.5, - 
5899,140200,29112007,18102022 022653,   7, 41514.7,  8.757,302.037,0.028906,359.6,213.959,1.35e+00, 15.9, 0.5, 84
5900,140201,22062007,18102022 034856,   1, 41509.5,  8.255,307.503,0.023354,359.5,237.199,4.99e-02, 16.3, 0.1,  4
5901,140202,04102012,17102022 150556, 695, 41436.7,  6.901,277.982,0.054176,359.9,297.194,5.17e+00, 17.2,25.5, - 
5902,140203,24072015,17102022 075922,   2, 41510.6,  3.771,103.976,0.009198,  0.5,145.869,3.73e-02, 17.3, 0.1,  5
5903,140204,07102015,17102022 220931,2496, 41496.0, 37.217, 11.230,0.371817,359.8,234.229,1.99e+01, 17.3, -  , - 
5904,140206,14042018,17102022 180403,  28, 41470.0,  4.841,337.085,0.151566,358.7,273.577,5.49e+00, 17.6, 4.5,786
5905,140208,26082019,18102022 034500,1079, 41314.8, 29.506, 36.020,0.575650,359.8,182.336,2.99e+01, 17.6, -  , - 
5906,140211,13062021,18102022 042154, 407, 41491.4,  2.584, 69.342,0.124096,358.9,219.568,2.46e+00, 15.1, -  , - 
5907,140212,07112021,17102022 155732, 106, 41504.9, 13.942, 11.317,0.019825,359.5,134.389,2.30e-01, 17.8, 3.0,452
5908,140213,05042022,17102022 221857, 192, 41635.4, 25.032,  7.431,0.302173,359.7,124.151,1.44e+01, 17.0, -  , - 
5909,140300,03112010,18102022 011957,   0, 41240.8,  4.059,101.547,0.562298,  0.3, 59.521,3.42e+01, 16.5, 0.4, 46
5910,140301,01022016,18102022 134005,1990, 41441.8, 20.264, 32.623,0.309889,359.7,164.077,9.71e+00, 17.5, -  , - 
5911,140302,04102016,18102022 000602,1702, 41530.3, 11.262, 57.584,0.101633,359.6,223.193,9.99e+00, 17.5, -  , - 
5912,140303,01022017,18102022 124949,  15, 41498.3,  2.014, 58.739,0.038695,358.0,246.343,1.17e+00, 17.0, 0.5, 85
5913,140304,01022019,17102022 224316, 196, 41562.8,  9.223, 42.664,0.071302,359.4,132.305,5.38e+00, 17.2, -  , - 
5914,140305,13022019,18102022 115340,   4, 41566.1,  1.449,328.775,0.030148,356.0,157.513,1.08e+00, 16.9, 0.5, 46
5915,140306,26072019,18102022 085632, 293, 41500.8,  1.001,289.129,0.066555,358.0,277.908,3.80e+00, 16.3, -  , - 
5916,140309,02092022,18102022 041142,  43, 41523.4,  2.782, 35.935,0.029056,357.8,210.471,2.36e+00, 18.3,23.5, - 
5917,140400,02042008,17102022 194853,  11, 41559.6,  1.129,342.075,0.021966,354.2,261.435,1.14e+00, 17.4, 0.2, 44
5918,140403,23082014,17102022 214905,2887, 41540.8, 11.577,287.477,0.048978,359.8,215.441,2.46e+00, 17.7, -  , - 
5919,140405,01082016,17102022 231616, 142, 41517.4,  2.155,  7.800,0.231634,356.7,146.691,1.12e+00, 17.6, 7.5, - 
5920,140406,24092017,18102022 154628, 146, 41590.1, 17.808, 29.231,0.095704,359.6, 85.174,9.63e+00, 16.0,64.0, - 
5921,140407,22032018,17102022 061824,   2, 41479.8,  0.725,287.409,0.073744,357.6,263.619,5.17e+00, 16.2, 1.1,203
5922,140409,08092021,18102022 111330,  49, 41540.3,  2.306,295.647,0.017881,358.7,119.045,1.21e-01, 17.8, 2.8,133
5923,140410,22092022,18102022 011543,  10, 41539.6,  0.985, 30.096,0.052432,353.2,210.914,1.79e-01, 16.4, 0.1, 19
5924,140500,22102008,17102022 222230,  25, 41459.8,  0.792, 17.331,0.063769,351.0,264.620,2.28e-01, 15.0, 2.3,176
5925,140501,25102013,18102022 060113,2230, 41487.6, 32.273,330.015,0.632772,359.8,254.261,4.07e+00, 17.3, -  , - 
5926,140502,09102012,17102022 234856,2155, 41440.1, 11.476, 33.619,0.050866,359.5,160.416,4.89e+00, 17.1, -  , - 
5927,140505,12052015,17102022 051612, 171, 41092.2, 13.555,284.254,0.364943,359.9,356.128,2.13e+01, 18.1,28.3, - 
5928,140506,30062017,18102022 000347, 999, 41579.2, 10.602, 60.225,0.076092,359.7, 89.309,9.11e+00, 17.8, -  , - 
5929,140507,15092017,17102022 170204,  10, 41559.4,  2.628,293.237,0.027959,359.0,142.397,1.57e-01, 18.3, 0.3, 37
5930,140508,19092017,18102022 164313,   4, 41535.9,  6.701,284.920,0.034135,359.7,101.804,2.03e+00, 17.7, 0.3, 42
5931,140509,21102017,18102022 164141,  14, 41557.0,  8.425,307.397,0.015565,359.5,271.694,2.86e-02, 17.6, 0.4, 47
5932,140510,13112017,18102022 023614,1780, 41523.9,  4.436, 73.497,0.034189,359.5,330.625,1.03e+01, 16.2, -  , - 
5933,140511,17082018,18102022 014734,  42, 41573.7,  7.931,290.032,0.121127,359.7,196.881,9.42e-01, 17.7, 0.6,103
5934,140514,21122019,18102022 041053,1026, 41282.5, 16.890,353.247,0.565651,359.6,201.931,1.63e+01, 17.4, -  , - 
5935,140515,21032020,18102022 145913, 821, 41554.4,  1.700,117.407,0.209720,  2.0,254.422,5.87e+00, 17.5,36.2, - 
5936,140517,28042022,18102022 011522, 165, 41558.0,  3.611,238.169,0.042438,  1.0,155.902,3.51e-02, 18.1, 2.1,342
5937,140600,07112007,17102022 132500,  13, 41552.6,  1.080,355.402,0.021653,353.5,292.741,1.00e+00, 17.7, 0.6, 54
5938,140601,23112008,18102022 091853,  10, 41619.6,  1.730,306.962,0.003925,357.7,357.967,9.26e-02, 16.9, 0.5, 40
5939,140603,03082017,17102022 182317,  41, 41583.5,  2.031,299.785,0.006427,358.4, 12.403,9.40e-02, 16.9, 1.5,165
5940,140605,17032018,18102022 161740,  59, 41587.0,  8.634,306.445,0.018970,359.5,298.300,2.71e-03, 18.5, 3.3,133
5941,140606,20032018,18102022 031051, 353, 41575.7,  2.271,297.436,0.024514,358.6,137.147,9.36e-02, 18.0, 4.0,723
5942,140608,13022020,18102022 134744, 518, 41581.6, 20.709, 58.913,0.071273,359.8,231.599,6.82e+00, 16.8, -  , - 
5943,140610,21092020,17102022 152241,   1, 41504.9,  1.260, 25.298,0.196394,354.6,151.377,8.49e+00, 14.5, 0.7,132
5944,140612,03112021,18102022 030251,  12, 41574.5,  2.283,297.119,0.028228,358.7,137.071,7.30e-02, 17.8, 0.2, 25
5945,140613,08042022,18102022 051459, 142, 41479.8,  1.862,215.491,0.160148,  3.1,  4.952,5.39e+00, 17.8,18.3,868
5946,140700,02112003,18102022 040228,   1, 41602.8, 11.301,256.154,0.116629,  0.2,127.340,7.83e-03, 12.6, 0.1,  1
5947,140701,05051997,17102022 201329,   0, 41597.1,  8.257,332.800,0.150860,359.2,152.406,8.01e-03, 12.9, 0.1,  1
5948,140702,02012008,18102022 024315,  22, 41608.6,  8.506,307.214,0.088739,359.5,281.772,1.10e+00, 16.0, 0.7,118
5949,140703,16112006,18102022 123330,   4, 41596.6,  5.220,284.256,0.053212,359.7,357.025,1.55e+00, 16.4, 0.4, 71
5950,140704,20102011,18102022 021637,  23, 41629.8,  4.928,284.357,0.150978,359.7, 56.397,5.57e-01, 17.3, 0.8,116
5951,140705,10032016,18102022 041244,   2, 41588.0,  6.307,  7.619,0.187000,358.9,243.593,4.74e+00, 17.3, 0.2, 40
5952,140707,01122015,18102022 094414,   1, 41544.5,  6.256,279.407,0.089876,359.8,312.207,1.77e+00, 16.9, 1.0,101
5953,140708,20092017,18102022 142715,   0, 41575.2,  2.419,199.110,0.157733,  2.8,314.245,5.25e+00, 17.6, 0.4, 22
5954,140709,20012018,17102022 080015, 168, 41572.0,  2.337,296.480,0.012935,358.7,122.430,3.06e-01, 18.3,23.4, - 
5955,140710,15042018,18102022 005529,   0, 41600.4,  3.921, 82.663,0.002006,359.7,126.846,2.09e-02, 14.6, 0.1,  1
5956,140711,29062018,17102022 214504, 678, 41100.4, 38.360,356.216,0.257441,359.8,190.346,2.86e+01, 15.6, -  , - 
5957,140713,09042021,17102022 151306,  14, 41600.3,  1.578,309.714,0.017807,357.3,336.288,2.29e-01, 18.0, 0.6, 72
5958,140714,28052022,18102022 055214,  45, 41596.8,  1.983, 23.598,0.089903,356.6,340.117,2.52e+00, 17.5, 1.9,295
5959,140715,07072022,17102022 221512,   2, 41604.5,  1.823,314.199,0.092558,357.4,285.792,4.35e-02, 18.1, 0.2, 15
5960,140801,07112007,18102022 094109,   6, 41663.9,  4.644,282.879,0.004340,359.7,103.979,6.88e-01, 15.5, 0.5, 90
5961,140802,30122007,18102022 110311,  31, 41624.3,  1.052, 33.182,0.009333,353.9,  0.131,1.94e-01, 15.2, 0.6, 80
5962,140804,09012007,18102022 014243,   1, 41629.6,  2.396,297.914,0.019603,358.7,126.018,1.57e-01, 17.0, 0.1,  6
5963,140805,09122007,18102022 112313,   2, 41633.3,  1.267, 46.272,0.021158,355.7,215.060,5.33e-02, 14.4, 0.1,  6
5964,140806,08092013,18102022 083903,   2, 41790.7,  6.255,281.701,0.075564,359.8,317.814,1.74e+00, 16.7, 0.5, 85
5965,140808,07022016,17102022 085911,2439, 41739.3, 34.855,346.523,0.345729,359.8,169.288,2.39e+01, 17.4, -  , - 
5966,140809,10032016,18102022 021100,   3, 41629.0, 13.369, 10.109,0.019717,359.5,154.856,1.59e-01, 17.3, 0.3, 26
5967,140812,09052018,18102022 050236,   1, 42714.4,  3.044, 83.801,0.000582,359.7,357.595,2.43e-02, 15.3, 0.6, 33
5968,140813,28062018,17102022 115638,1569, 41607.4,  2.023, 23.297,0.086154,356.6,335.020,2.72e+00, 19.0, -  , - 
5969,140815,06012019,18102022 091232,  62, 41617.4,  8.484,306.053,0.013966,359.5,  9.820,1.47e-01, 16.9, 2.5,270
5970,140816,01042019,18102022 065132,  86, 41604.5, 12.543, 49.683,0.245075,359.6,121.758,8.62e+00, 15.5,45.8, - 
5971,140819,26082020,18102022 103907, 593, 41820.3, 15.741, 48.667,0.276178,359.7,119.510,2.26e+01, 17.0,60.2, - 
5972,140820,23012014,17102022 211550,   2, 41625.3, 10.761, 38.844,0.001547,359.5,348.220,7.25e-02, 17.3, 0.1,  9
5973,140821,09012022,18102022 064019, 267, 41651.4, 24.883, 59.843,0.158202,359.8,301.760,1.56e+01, 16.6,24.5, - 
5974,140900,18031994,17102022 084040,   1, 41649.7, 13.641,347.615,0.008790,359.5,109.622,1.44e-02, 12.8, 0.1,  1
5975,140901,10102007,17102022 123218,   5, 41841.5,  1.914,320.496,0.014783,357.2,324.710,1.06e+00, 17.5, 0.1, 22
5976,140902,20112011,17102022 123552, 759, 41580.4,  0.235,  5.410,0.288308,330.9,154.171,8.18e+00, 14.7, -  , - 
5977,140903,20012009,17102022 085022, 133, 41646.3,  1.802,308.211,0.015390,357.7,295.358,6.12e-02, 17.7, 2.5, 86
5978,140904,21042011,17102022 223303,   1, 41642.8,  8.832,306.392,0.012176,359.5,275.992,2.29e-02, 17.3, 0.2, 16
5979,140906,11092015,17102022 230436,   1, 41633.4,  6.291, 64.862,0.040952,359.5, 92.815,4.85e-01, 15.0, 0.1,  7
5980,140908,17102012,18102022 164238,  50, 41577.5,  6.179,284.563,0.029435,359.7,193.134,9.83e-01, 18.4, 0.7,113
5981,140909,09022016,18102022 015411,   2, 41634.7,  5.742, 68.147,0.036756,359.5, 95.842,1.75e-02, 15.7, 0.1,  8
5982,140911,20082017,17102022 082640,1676, 41685.9, 23.273, 49.988,0.102164,359.8,235.415,1.64e+01, 16.9, -  , - 
5983,140912,15042018,17102022 233245,   1, 42679.5,  2.998, 87.066,0.000338,359.8,149.362,1.92e-02, 13.1, 0.1,  1
5984,140913,15042018,17102022 235843,   1, 42166.3,  0.121, 96.904,0.000104, 63.4,155.864,2.73e-02, 10.6, 0.1,  1
5985,140914,15042018,18102022 062859, 782, 41636.0,  3.938, 82.128,0.005801,359.7,141.569,3.32e-01, 18.0, 5.2,921
5986,140916,15042018,18102022 155543,1564, 41658.4,  4.122, 85.172,0.054199,359.8,100.628,9.21e-01, 17.3, -  , - 
5987,140917,16042018,17102022 185520,1456, 41628.7,  3.922, 75.901,0.027708,359.5,223.496,5.61e-01, 19.0, -  , - 
5988,140918,01072018,17102022 210358, 642, 41601.2, 12.796, 49.090,0.081043,359.6,113.717,8.30e+00, 14.0, -  , - 
5989,140919,02122018,18102022 114056,1414, 41651.7,  1.793,308.287,0.006030,357.7,108.509,5.63e-02, 17.6,14.2, - 
5990,140920,27082019,17102022 112042, 377, 41648.5,  1.382,328.924,0.030306,355.8, 27.818,2.53e+00, 17.7,30.1, - 
5991,140921,04112021,18102022 005022,  27, 41636.4,  1.477,314.379,0.011674,356.8, 54.271,5.10e-02, 16.6, 0.3, 35
5992,140922,03052022,17102022 233213,   1, 41651.4,  1.292,332.621,0.026769,355.3,305.225,7.02e-01, 18.3, 0.1,  7
5993,141000,01102005,18102022 053015,   1, 41663.9, 12.397,264.276,0.124899,  0.1, 85.433,7.26e-03, 13.1, 0.1,  1
5994,141001,19092006,17102022 141601,   1, 41666.8,  1.761,308.988,0.004596,357.6, 88.236,5.40e-02, 13.9, 0.1,  3
5995,141002,13082013,17102022 123111, 515, 41554.7, 17.359, 29.191,0.231232,359.6,176.573,7.77e+00, 16.1, -  , - 
5996,141003,25102016,17102022 132421, 110, 42614.8,  9.623, 61.792,0.171406,359.6, 99.140,2.42e+01, 16.8,38.3, - 
5997,141004,03102016,17102022 152024,  23, 41654.7,  9.003,305.448,0.013792,359.5,280.134,2.39e-02, 17.7, 0.3, 41
5998,141006,19092017,17102022 103846, 198, 41684.4,  8.104,311.332,0.029239,359.4,272.963,2.60e+00, 18.4,36.2, - 
5999,141007,15122017,17102022 233202,1648, 41616.7, 24.271, 53.404,0.286480,359.8,101.483,1.58e+01, 17.5, -  , - 
6000,141008,17032018,17102022 155920,  77, 41691.3,  6.510,294.218,0.014328,359.6,258.862,7.56e-01, 18.6,10.2, - 
6001,141009,22032018,17102022 120348, 193, 41684.1,  8.197,290.890,0.061948,359.7,276.347,1.46e+00, 18.6,39.0, - 
6002,141010,09052018,17102022 095428,   0, 41656.5,  3.929, 82.208,0.000874,359.7,107.135,4.08e-03, 17.0, 0.1,  2
6003,141011,03052018,17102022 123153,   0, 41658.0,  3.932, 82.266,0.000899,359.7,111.373,4.87e-03, 16.9, 0.1,  2
6004,141012,16032019,18102022 053639, 199, 40985.8, 19.000, 66.323,0.611659,359.8,122.122,1.91e+01, 17.6, -  , - 
6005,141014,29032020,17102022 223800, 200, 41614.1,  2.250,315.425,0.061234,357.8,273.385,2.59e+00, 18.3,19.7, - 
6006,141015,16102020,17102022 160407, 197, 41665.8,  4.352, 21.133,0.088671,358.4, 81.643,2.18e+00, 18.3, 8.1, - 
6007,141016,14022021,18102022 015731, 491, 41655.1,  3.624, 95.331,0.179022,  0.2, 82.262,6.29e+00, 17.8,25.5, - 
6008,141100,07082007,17102022 231027,   3, 41708.2,  4.731,281.747,0.095261,359.7,342.895,1.74e+00, 15.9, 1.1,164
6009,141101,21062009,17102022 083739,  79, 41667.9,  1.163,333.568,0.018389,354.8, 83.956,1.42e-01, 15.9, 1.0,179
6010,141102,15042009,17102022 195125,   2, 41667.2,  0.992,357.844,0.027349,352.8, 51.298,8.17e-02, 13.8, 0.1,  5
6011,141104,29102014,17102022 082956,   7, 41531.2,  4.481,272.485,0.065753,360.0,273.289,4.27e+00, 17.3, 0.5, 82
6012,141105,10112013,17102022 105729,   2, 41677.7,  1.494,316.541,0.009612,356.7,317.068,8.75e-02, 16.3, 0.1,  8
6013,141106,07122015,18102022 015455,  29, 41683.4,  8.820,306.650,0.012038,359.5,291.670,1.08e+00, 17.4, 0.7,125
6014,141107,09022016,18102022 113456,  16, 41618.3,  2.546,330.869,0.068804,357.6,214.689,2.82e+00, 17.2, 1.3,215
6015,141109,11092016,18102022 075833, 917, 41661.5,  3.673, 94.566,0.172476,  0.1, 88.690,6.23e+00, 17.8, -  , - 
6016,141111,20122017,17102022 155415, 346, 41682.2,  9.390,303.082,0.039855,359.6,325.812,2.91e-01, 18.2,37.7, - 
6017,141112,25032018,17102022 202116,   1, 41732.2,  1.687,313.899,0.006659,357.2,  9.544,1.06e-01, 16.6, 0.1,  7
6018,141113,15022019,17102022 163457,1337, 41654.4,  9.024,356.479,0.288260,359.2,202.197,9.85e+00, 18.4, -  , - 
6019,141118,03042022,18102022 141710, 142, 41676.2,  4.696,357.171,0.113216,358.5,198.195,2.73e+00, 18.4,30.9, - 
6020,141119,11042022,18102022 150107, 123, 41678.3,  9.755,291.878,0.054513,359.7,292.246,1.27e+00, 17.7,20.9, - 
6021,141120,19082022,17102022 143209,   2, 41659.0,  0.757,183.762,0.094588,  9.3,346.900,6.73e+00, 17.1, 1.3,157
6022,141200,01102007,18102022 143503,  10, 41701.7, 10.167, 31.275,0.031657,359.4, 42.691,3.87e-01, 16.6, 0.6, 99
6023,141201,25072011,18102022 171913,   4, 41694.4,  5.968,286.809,0.025536,359.7,263.459,1.09e+00, 17.9, 0.5, 45
6024,141203,18012007,17102022 225932,  16, 41675.9,  2.648, 63.433,0.084957,358.7,322.260,1.36e+00, 16.8, 1.3,233
6025,141205,19102017,18102022 093231,  29, 41699.9,  1.874,309.035,0.009041,357.7,323.737,1.10e-01, 17.1, 1.2,170
6026,141206,21012018,18102022 131122,  23, 41698.4,  1.853,307.910,0.004278,357.8, 64.452,6.70e-02, 17.2, 0.1, 18
6027,141207,09032018,17102022 122830, 402, 41695.4, 13.195, 49.320,0.248492,359.6,130.422,1.92e+01, 17.0, -  , - 
6028,141208,17052018,18102022 135411, 167, 41705.8,  5.407, 70.499,0.038808,359.5,198.724,3.88e+00, 17.8,12.2, - 
6029,141211,03042021,18102022 001303, 108, 41697.5,  1.553,315.250,0.004097,356.9,187.995,4.52e-02, 16.6, 2.0,357
6030,141212,27102021,18102022 004747, 350, 41678.1, 16.178,275.119,0.374686,360.0,339.094,1.33e+01, 17.7,20.9, - 
6031,141213,25032022,18102022 123922, 200, 41703.9,  7.038,302.025,0.038202,359.5,266.185,7.77e-01, 18.5,25.2, - 
6032,141300,02032001,17102022 210608,   1, 41717.5,  1.113, 28.119,0.024330,354.0,232.831,6.91e-02, 13.4, 0.1,  1
6033,141301,24052006,17102022 184404,   1, 41838.1,  6.865,288.626,0.006226,359.7, 56.907,9.21e-02, 18.2, 0.4, 28
6034,141302,14072007,18102022 075245,   6, 41737.5,  8.858,307.647,0.018427,359.5,207.946,3.59e-01, 15.5, 0.2, 43
6035,141303,16102009,17102022 231440,  45, 41634.1,  3.126,300.080,0.115368,358.9,302.040,2.44e+00, 17.7,25.6, - 
6036,141304,03042012,18102022 091953,1199, 41774.1, 10.854, 35.337,0.100884,359.4,110.769,2.42e+00, 16.2, -  , - 
6037,141306,07092016,18102022 060428, 913, 41611.6,  8.677, 30.647,0.331850,359.3,230.479,1.01e+01, 17.2,78.0, - 
6038,141308,06032017,18102022 025150,2039, 42474.9,  8.232,  6.091,0.323036,359.1,318.040,1.47e+01, 16.4, -  , - 
6039,141309,21112017,18102022 093406, 427, 41906.4, 23.572,318.581,0.506852,359.8,215.763,1.79e+01, 14.4,73.5, - 
6040,141310,19022018,18102022 051503, 375, 41758.5,  3.062, 81.949,0.146505,359.6, 89.360,6.36e+00, 17.5,14.4, - 
6041,141311,08032018,18102022 160919,   4, 41726.8,  7.488,294.786,0.033967,359.6,282.525,1.47e+00, 17.4, 0.6, 79
6042,141312,14032018,17102022 205646, 964, 41664.3, 13.969,327.786,0.065967,359.6,159.115,9.07e+00, 17.2, -  , - 
6043,141313,20032018,17102022 215447,1203, 41640.1,  2.568, 68.440,0.265579,358.9,116.056,8.65e+00, 14.6, -  , - 
6044,141314,21032018,17102022 142157,1598, 41731.5,  3.047, 52.495,0.176307,358.5,  7.986,2.81e+00, 14.4, -  , - 
6045,141315,12042018,17102022 142324,  16, 41724.1,  2.333,302.031,0.009082,358.5,100.066,1.68e-01, 18.1, 0.5, 50
6046,141316,14082018,17102022 222028,  50, 41729.6,  8.907,306.857,0.016449,359.5,321.957,1.04e+00, 17.9, 1.5,234
6047,141318,02122021,17102022 155341,  24, 41725.3,  1.530,317.901,0.005509,356.7,354.872,2.55e-02, 17.4, 0.1, 13
6048,141319,25032022,17102022 150751, 201, 41714.5,  1.490,321.282,0.035509,356.5,291.869,1.52e+00, 18.6, 1.4,254
6049,141320,03042022,17102022 191332, 126, 41646.1,  9.873, 35.463,0.335625,359.4,193.667,1.11e+01, 17.2,13.3, - 
6050,141321,03052022,17102022 212704, 108, 41649.9,  2.759,296.552,0.034495,358.9,127.570,2.92e-01, 18.4, 6.3, - 
6051,141322,07062022,17102022 212224,  40, 41715.7,  8.216,297.990,0.011603,359.6,274.485,4.41e-01, 17.9, 1.7,155
6052,141323,28082022,18102022 020903,  46, 41724.7,  4.588,282.076,0.070685,359.7,268.933,3.06e+00, 18.2, 0.8,119
6053,141324,30092022,18102022 161833,  14, 41726.6, 11.258, 48.410,0.081402,359.6,261.421,1.00e-02, 17.8, 0.1, 11
6054,141400,09111993,17102022 235921,   1, 41749.1,  7.696,288.262,0.108259,359.7,218.296,1.22e-02, 11.8, 0.1,  1
6055,141402,21102011,18102022 013815,  42, 41749.7,  9.299,305.652,0.010427,359.6,278.857,4.50e-02, 17.3, 0.6, 78
6056,141403,14032007,18102022 000006, 350, 41727.1,  7.226,302.587,0.030457,359.5, 34.161,4.08e-01, 17.2, 3.3,472
6057,141404,23102014,18102022 042739,   2, 41831.4, 10.399, 34.661,0.052357,359.4,165.031,2.91e+00, 16.4, 1.3,246
6058,141406,03102013,17102022 070831, 163, 41747.1,  8.816,307.715,0.017649,359.5,247.951,1.24e+00, 17.4, 1.9,341
6059,141407,21122017,18102022 031030,1710, 41528.8, 28.183,318.481,0.673453,359.8,258.347,2.79e+01, 17.1, -  , - 
6060,141409,21052018,18102022 060341, 385, 41689.3,  2.650, 11.933,0.072382,357.3, 36.027,5.44e+00, 17.7, -  , - 
6061,141410,07052019,18102022 110213,   8, 41732.9, 19.540, 61.029,0.012885,359.8,264.460,3.76e-02, 12.5, 0.1,  5
6062,141411,16022020,17102022 104942, 660, 41895.9, 24.463, 54.600,0.146784,359.8,113.042,6.69e+00, 16.2, -  , - 
6063,141412,17022017,17102022 190223,  56, 41740.8,  3.041,295.647,0.021275,359.0,120.242,1.21e-01, 17.8, 1.2,185
6064,141413,05052022,17102022 141101, 160, 41745.6,  1.720,313.285,0.008989,357.3, 57.325,1.03e-01, 18.2, 1.5,238
6065,141414,02072022,17102022 070917,  12, 41747.4,  8.817,307.700,0.017041,359.5,250.090,1.25e+00, 17.1, 0.4, 65
6066,141415,01092022,18102022 105705,  43, 41714.1,  5.659, 46.375,0.215271,359.1,187.544,9.06e+00, 17.6, 1.9,330
6067,141500,16122006,18102022 030845,   1, 41767.8, 10.150,173.336,0.133829,  0.7,129.925,1.24e-02, 12.7, 0.1,  1
6068,141501,25092011,17102022 202920, 844, 41768.9,  1.530,335.802,0.054692,355.9,197.234,1.41e+00, 17.7,32.7, - 
6069,141502,17072014,17102022 072422,  60, 41763.5,  7.099, 59.032,0.019519,359.5,356.281,3.58e-01, 17.1, 2.3,215
6070,141503,08102015,18102022 083123,  42, 41679.8,  2.883, 19.479,0.046616,357.6,130.672,5.69e+00, 17.6, 8.2, - 
6071,141505,31102016,17102022 142332, 150, 42673.3, 22.949,355.944,0.262951,359.7, 75.148,1.70e+01, 16.1,18.2, - 
6072,141507,21072017,18102022 053735, 142, 41831.6,  1.739,257.047,0.218944,  0.9,308.287,6.25e+00, 17.2,37.7, - 
6073,141508,15082017,17102022 214516,  43, 41677.5,  0.590,156.209,0.144584, 12.0, 25.523,6.64e+00, 17.6, 1.7,270
6074,141509,18082017,17102022 225340,   3, 41751.8,  9.546, 35.388,0.087735,359.4,150.589,7.33e-01, 15.0, 0.5, 74
6075,141510,22032018,17102022 204402,   0, 41750.9,  2.818,298.109,0.006661,358.9, 72.869,7.36e-02, 18.1, 0.3, 18
6076,141511,26032018,17102022 233115,  58, 41766.8,  2.453,270.227,0.047673,  0.0,189.406,1.67e-02, 18.5, 0.3, 33
6077,141514,27072020,17102022 175646,   1, 42702.5, 40.489,  4.268,0.241016,359.8,196.020,3.17e+01, 14.7, 0.3, 44
6078,141517,01042022,17102022 085728, 195, 41752.9, 10.503, 47.718,0.236606,359.5,145.285,8.98e+00, 17.7,10.9, - 
6079,141518,29042022,18102022 042821, 165, 41746.4,  1.295,239.473,0.143504,  2.7,305.945,6.48e+00, 17.8,43.1, - 
6080,141519,03052022,18102022 120146,  15, 41763.6,  6.557,293.397,0.250769,359.6, 25.888,1.44e+00, 18.1, 0.4, 53
6081,141600,24052001,18102022 004254,   1, 41783.6, 13.405,344.450,0.001643,359.5, 70.534,1.49e-02, 13.8, 0.1,  1
6082,141601,24092012,18102022 133532,   7, 41781.4,  7.136, 59.042,0.012987,359.5,312.991,6.02e-01, 15.5, 0.2, 26
6083,141602,01022016,18102022 155052,   4, 41885.3, 19.433, 39.855,0.176904,359.7,155.251,7.74e+00, 17.0, 0.6,109
6084,141603,12032018,17102022 170042, 352, 41781.9,  6.518,287.687,0.022488,359.7, 70.374,8.38e-01, 18.4,80.3, - 
6085,141605,19022020,17102022 112345, 965, 41784.3, 14.508,357.527,0.012731,359.5,243.451,2.77e-01, 14.5, -  , - 
6086,141606,16092020,18102022 044224, 339, 41724.3, 25.038,309.442,0.685157,359.8,264.879,3.73e+01, 17.0, -  , - 
6087,141607,24092020,17102022 182918, 174, 41795.2,  7.444,326.578,0.046198,359.2,193.354,2.21e-01, 18.3, 9.2, - 
6088,141608,07102020,17102022 100605, 591, 42176.9,  5.029,207.829,0.651693,  1.3,328.128,2.75e+01, 16.4, -  , - 
6089,141609,19122020,18102022 085419, 325, 41848.4, 14.605, 74.772,0.168914,359.9,207.704,2.22e+01, 16.9,32.4, - 
6090,141610,21032022,17102022 092651,  11, 41939.9, 29.873,352.715,0.125502,359.8,359.555,9.62e+00, 17.2, 0.9,100
6091,141611,05052022,17102022 172826,  81, 41789.7,  3.969,274.304,0.034425,359.9,  5.123,6.00e-01, 18.1, 3.7,519
6092,141700,26122011,17102022 101355,  22, 41818.3, 11.623,329.179,0.007895,359.5,255.010,4.23e-01, 17.7, 0.9, 71
6093,141703,25072012,18102022 121708,   1, 41819.1,  6.677, 72.180,0.002532,359.7,242.875,4.14e-02, 17.1, 0.1,  8
6094,141704,16042015,17102022 201019, 167, 41811.0,  3.265,296.293,0.017115,359.1,149.436,6.89e-02, 18.2, 4.7,742
6095,141705,01112015,18102022 160943,  10, 41796.8,  9.045,308.469,0.008850,359.5,266.524,1.17e-02, 17.4, 0.5, 28
6096,141706,30112015,17102022 230130,   3, 41796.3,  6.756,286.678,0.007298,359.7,335.893,5.40e-02, 17.0, 0.3, 26
6097,141707,03022016,18102022 023629,2083, 41896.4, 22.178,  6.204,0.163536,359.7,183.428,9.49e+00, 17.1, -  , - 
6098,141708,08112016,17102022 072236,1974, 41789.7,  2.024, 57.443,0.031068,357.9,253.552,1.88e+00, 16.7, -  , - 
6099,141710,16102018,18102022 105855,  25, 41573.6,  1.659,304.706,0.065462,357.7,170.031,1.14e-01, 18.3, 7.9,157
6100,141711,31102018,18102022 033255,1429, 41808.2, 31.755,344.051,0.081541,359.8, 69.286,5.38e+00, 16.6, -  , - 
6101,141714,04032019,17102022 153043,  90, 41804.1,  2.398,303.639,0.010196,358.4,111.821,5.56e-02, 17.9, 1.3,232
6102,141718,19012020,17102022 181836,   1, 41800.9, 12.871,297.379,0.170090,359.7, 91.765,1.04e-02, 15.5, 0.1,  1
6103,141720,03122021,18102022 022246, 306, 41823.2,  4.431,277.922,0.541225,359.8,  8.214,4.15e+00, 15.6, 6.3, - 
6104,141721,23032022,17102022 100234,  55, 41758.7,  4.224, 69.794,0.224942,359.4,169.413,8.52e+00, 17.6, 2.7,403
6105,141722,31032022,17102022 213119,  44, 41822.1,  3.501,104.191,0.248961,  0.5, 64.681,1.01e+01, 16.6, 4.7,548
6106,141723,03052022,18102022 033408,  24, 41801.4,  5.567, 74.880,0.048185,359.6,188.798,3.49e+00, 17.4, 2.8,457
6107,141801,21112011,17102022 184947,  14, 41828.2,  9.261,307.607,0.011422,359.5,232.518,2.19e-02, 17.2, 0.1, 20
6108,141802,26072015,17102022 234847,   1, 41814.4,  3.827,103.862,0.002471,  0.4,226.966,3.07e-02, 17.0, 0.1,  6
6109,141804,31052017,17102022 105217,1555, 41834.1,  3.257, 51.955,0.436631,358.6,144.009,5.60e+00, 16.7, -  , - 
6110,141805,21072017,17102022 150559,1830, 41827.3,  7.483,289.014,0.163591,359.7,260.436,1.09e+00, 17.3, -  , - 
6111,141806,19092017,17102022 165649,  25, 41775.9,  8.905,308.892,0.010996,359.5,253.189,2.55e-02, 18.5, 1.5,128
6112,141807,22022018,17102022 071341,  43, 41834.5,  5.616,283.019,0.045449,359.7,285.793,1.97e+00, 18.2, 1.1,184
6113,141809,28042022,17102022 231436,   4, 41815.7,  3.621,358.477,0.092541,358.0,221.071,5.01e+00, 18.1, 1.8,231
6114,141810,25082022,17102022 162348,  47, 41813.4,  1.903,190.437,0.112923,  3.7,296.238,5.36e+00, 17.8,10.8, - 
6115,141900,18022010,17102022 234305,  47, 41629.2,  2.733, 56.767,0.176178,358.5,358.456,2.38e+00, 14.6, 8.3, - 
6116,141901,21092009,17102022 114546,  10, 41793.0, 11.152,320.581,0.014929,359.5,199.770,7.01e-01, 17.1, 0.4, 65
6117,141902,14092006,17102022 190347,   1, 41836.7,  3.155, 23.625,0.047990,357.9,127.623,3.05e+00, 14.8, 0.1,  9
6118,141903,31012013,17102022 204413,  28, 41762.5, 12.136,277.932,0.149173,359.9,293.028,4.07e+00, 16.5, 7.5, - 
6119,141904,26072016,17102022 192743,1728, 41945.0, 28.061,341.267,0.608505,359.7,251.312,2.93e+01, 17.1, -  , - 
6120,141906,20092017,17102022 105458,  13, 41833.6,  6.675,288.289,0.002644,359.7, 55.913,7.11e-03, 17.9, 0.6, 53
6121,141907,21072017,18102022 131132,  33, 41830.7,  1.928,312.476,0.011021,357.6,338.315,3.34e-02, 18.1, 0.7, 97
6122,141908,22092017,17102022 203229,1697, 41833.2,  4.148, 57.768,0.203997,359.0, 99.381,6.87e+00, 18.2, -  , - 
6123,141909,18032018,17102022 115907, 460, 41762.6,  4.232, 69.703,0.230763,359.4,168.978,8.64e+00, 17.7,30.0, - 
6124,141910,03062019,18102022 081600, 857, 41863.2, 24.380, 54.384,0.250179,359.8,165.002,5.94e+00, 16.0, -  , - 
6125,141914,13042021,18102022 010055, 491, 41740.5, 19.980, 34.467,0.573419,359.7,146.907,2.18e+01, 16.1, -  , - 
6126,141915,02082021,17102022 110709,   4, 41800.6,  5.183,304.358,0.354811,359.2,288.898,5.42e+00, 16.0, 0.6,118
6127,141916,14092021,17102022 123603, 385, 41808.5,  6.743,298.221,0.086693,359.5,344.968,7.01e+00, 18.0, -  , - 
6128,141917,29102021,17102022 181827, 345, 41842.7,  2.706,354.599,0.026450,357.4,343.278,3.18e+00, 19.7, 6.3, - 
6129,141918,14032022,17102022 131521,  42, 41846.3,  7.542,326.323,0.043462,359.2,180.909,1.07e-01, 17.7, 0.1,  5
6130,142000,21012007,17102022 071924, 340, 42363.6,  3.999, 75.440,0.088820,359.5, 84.420,7.55e+00, 17.8,77.0, - 
6131,142001,08102005,18102022 155310,  27, 41823.5,  9.112,308.548,0.005891,359.5,205.759,9.31e-02, 17.5, 0.5, 87
6132,142002,05062008,18102022 011505,  10, 41863.8,  2.281, 31.146,0.102218,357.2, 73.748,1.95e+00, 16.7, 0.3, 36
6133,142003,11102007,18102022 112018,   1, 41854.1,  1.816,316.091,0.008781,357.3,356.285,6.57e-03, 17.0, 0.1,  3
6134,142004,05062011,17102022 222411,  47, 41847.0,  5.769,279.524,0.094427,359.8,247.212,3.06e+00, 17.6,14.7, - 
6135,142005,30112008,17102022 121730,  17, 41789.5,  7.784,292.688,0.105183,359.7,297.416,1.55e+00, 17.8, 1.7,290
6136,142006,30112008,17102022 200150,  21, 41868.3,  9.528,310.254,0.019581,359.5,228.878,1.71e-01, 17.4, 0.7, 88
6137,142007,23032011,17102022 105235,  19, 41858.0,  2.675,302.133,0.013811,358.7, 25.915,4.52e-02, 17.2, 0.5, 45
6138,142008,07052014,17102022 212804,1849, 48840.5, 17.109, 53.370,0.209529,359.7, 67.296,7.79e+00, 17.7, -  , - 
6139,142010,21102015,18102022 135030,1493, 41860.5, 10.264,316.999,0.018899,359.5,243.945,3.43e-01, 18.3,26.9, - 
6140,142011,24082016,17102022 070543,   6, 41786.4,  1.813,274.316,0.136338,359.8,357.078,7.06e+00, 17.6, 0.2, 38
6141,142013,23012017,18102022 034613,1757, 41955.5, 18.413,348.486,0.229461,359.6,252.062,7.39e+00, 16.6, -  , - 
6142,142014,30072017,17102022 100634,  51, 41870.7,  2.085,337.715,0.026337,356.9,255.928,1.99e+00, 18.1, 0.6, 87
6143,142015,22102017,18102022 124310,1495, 41419.3, 13.724, 65.075,0.069386,359.8,343.642,7.43e+00, 17.1, -  , - 
6144,142017,10022018,18102022 124156,  41, 41856.9,  9.178,308.791,0.012708,359.5,332.056,8.39e-03, 17.9, 0.5, 33
6145,142018,21042018,18102022 090412,  11, 41866.7, 13.639,  8.837,0.005539,359.5,214.164,6.69e-02, 16.7, 0.2, 37
6146,142020,08012022,17102022 224344,  17, 41845.0,  3.113, 50.746,0.434702,358.5,145.393,5.34e+00, 16.8, 0.6, 83
6147,142021,29032022,18102022 000557,  16, 41865.5,  1.347, 15.446,0.033759,354.7,240.915,9.63e-01, 17.8, 0.7,101
6148,142022,28082022,17102022 213554,  46, 41919.6,  4.036,125.418,0.185001,  1.0, 13.468,1.88e+01, 17.3, -  , - 
6149,142100,09051995,17102022 172123,   1, 41884.2, 14.320,353.395,0.001849,359.5,324.197,1.00e-02, 13.6, 0.1,  1
6150,142101,08021994,18102022 003509,   1, 41869.5,  9.518,310.506,0.005233,359.5,289.597,1.00e-02, 13.2, 0.1,  1
6151,142102,19121998,18102022 025831,   1, 41878.7, 13.293,348.170,0.004281,359.5,344.702,1.00e-02, 13.8, 0.1,  1
6152,142103,01022003,18102022 034737,   0, 41888.4, 14.400,355.993,0.001838,359.5,258.119,2.32e-02, 12.3, 0.1,  1
6153,142104,22092011,17102022 113326,  19, 41838.2, 14.340,353.042,0.014294,359.5,241.945,5.00e-01, 17.2, 0.6, 87
6154,142105,11122012,18102022 031031, 120, 41743.6,  8.140,319.574,0.038599,359.3,329.265,1.68e+00, 17.5,16.2, - 
6155,142106,18092015,17102022 195132, 372, 41875.4, 13.312,348.000,0.029469,359.5,141.974,1.47e-01, 17.1, 8.7, - 
6156,142107,22092015,18102022 094930,   3, 41843.4, 12.048, 60.584,0.036963,359.7,176.211,8.86e+00, 16.7, 0.4, 42
6157,142108,09102015,17102022 203837,  11, 41768.6,  1.531,335.721,0.056799,355.9,198.733,1.99e+00, 17.5, 1.0,147
6158,142110,28012017,17102022 075614,  50, 41856.4,  9.838,304.767,0.010880,359.6,242.974,1.59e-01, 17.6, 2.8,484
6159,142111,30072017,18102022 043630, 161, 41862.3,  2.165,323.027,0.069177,357.5,245.019,2.43e+00, 17.8,11.1, - 
6160,142112,16092017,17102022 123858,  17, 41874.3,  1.930,314.341,0.008996,357.5,359.021,4.63e-02, 17.9, 0.2, 26
6161,142113,15102017,17102022 140725,  21, 41993.2, 31.021,338.004,0.270242,359.8,268.844,9.88e+00, 17.5, 2.3,408
6162,142116,07032018,17102022 121630,   9, 41874.4,  5.668,262.162,0.014257,  0.2,207.752,1.71e-01, 17.1, 0.6, 67
6163,142117,21052018,17102022 124255,  43, 41880.1,  1.687,322.565,0.017580,356.8,334.222,4.54e-01, 17.7, 0.4, 52
6164,142118,11122018,17102022 085010,  27, 41985.5,  1.652,331.653,0.008549,356.3,325.335,2.09e+00, 17.7, 7.8, - 
6165,142121,27092021,17102022 073746,   5, 41881.1,  7.958,295.781,0.023359,359.6,264.349,9.24e-01, 15.3, 0.1,  7
6166,142122,03072022,17102022 225526,  18, 41894.7,  9.099,  5.501,0.059863,359.2,328.941,8.38e+00, 17.8, 0.9,135
6167,142123,01092022,18102022 140648,  41, 41874.9,  2.421,347.510,0.081987,357.1,223.902,2.33e+00, 17.5, 0.7,113
6168,142124,22092022,17102022 194327,  15, 41874.4,  9.578,305.433,0.008924,359.6,287.354,3.95e-01, 18.1, 0.1, 10
6169,142200,06031989,17102022 222356,   1, 41897.7, 12.217,342.567,0.000627,359.4,211.340,8.93e-03, 13.0, 0.1,  1
6170,142201,15011994,18102022 060641,   1, 41892.5, 10.287,313.511,0.001374,359.5,118.764,1.00e-02, 13.0, 0.1,  1
6171,142202,14021994,18102022 022359,   0, 41894.5, 12.769,337.760,0.006729,359.5,315.138,9.25e-03, 13.0, 0.1,  1
6172,142203,11042007,18102022 045621,  29, 41896.6,  9.520,307.378,0.005190,359.6,245.631,5.57e-02, 17.1, 0.5, 65
6173,142204,21022007,17102022 081127,1798, 41892.7,  7.555,286.348,0.018465,359.7,111.426,2.94e+00, 18.0, -  , - 
6174,142205,15012010,18102022 092857, 685, 41911.6, 14.358,  3.758,0.006305,359.5, 48.381,9.76e-02, 12.0,14.2, - 
6175,142207,08032008,18102022 073454, 175, 41889.6,  7.816,290.390,0.118036,359.7,277.402,9.21e-01, 15.4, 4.0,550
6176,142208,21122011,18102022 124652,   4, 41895.5,  6.678,288.710,0.007760,359.7,122.760,3.42e-02, 17.7, 0.2, 15
6177,142209,26102013,18102022 121002,  51, 41919.4,  9.382,308.680,0.022976,359.5,200.344,1.02e+00, 17.1, 5.3,936
6178,142210,25112013,17102022 194038,1606, 41584.5, 23.044, 37.969,0.394347,359.7,176.947,7.27e+00, 15.1, -  , - 
6179,142211,09042015,17102022 202227,  16, 41906.5,  1.883,316.529,0.010322,357.4, 14.518,6.83e-02, 16.9, 0.3, 55
6180,142212,06112015,18102022 112059,  42, 41902.4, 10.110,311.523,0.044098,359.5, 98.051,1.18e-01, 17.7, 1.9,259
6181,142213,13122015,18102022 020845,   0, 41905.9, 12.097,332.182,0.012096,359.5, 29.838,4.12e-01, 17.5, 0.2, 14
6182,142214,10092016,18102022 060057,1842, 41830.8, 11.364, 68.209,0.131506,359.8,148.026,8.51e+00, 17.5, -  , - 
6183,142215,13072017,17102022 152218, 920, 41423.6, 26.523,321.414,0.656377,359.8,202.276,2.72e+01, 15.6, -  , - 
6184,142216,12012018,18102022 164533,1147, 41793.3, 14.258,327.770,0.100145,359.6,222.136,7.88e+00, 17.9,51.8, - 
6185,142217,09042018,18102022 034711,  84, 41945.3,  2.348,264.641,0.098678,  0.3,187.312,1.46e-01, 17.6, 6.7,363
6186,142218,23022017,17102022 220131,  17, 41890.8,  9.312,308.666,0.012188,359.5,315.321,6.65e-03, 18.0, 0.3, 38
6187,142219,01022019,17102022 065031, 145, 41468.8, 12.612,333.239,0.204832,359.5,211.046,9.41e+00, 17.6,40.2, - 
6188,142221,13042022,17102022 202919,   0, 41843.7, 12.686, 65.474,0.398010,359.8,155.940,3.99e+00, 13.4, 0.2, 39
6189,142222,30062022,18102022 015910,  89, 41902.6, 10.498,301.783,0.033174,359.6, 50.952,8.08e-02, 17.8, 0.9,114
6190,142223,29072022,18102022 001827,  77, 41877.3,  3.240,249.240,0.073791,  0.8, 97.592,4.12e+00, 18.0,95.5, - 
6191,142224,26092022,17102022 085329,  11, 41903.3,  9.742,306.656,0.005731,359.6,220.197,1.21e+00, 17.0, 3.1,567
6192,142300,16031996,17102022 144753,   0, 41918.3, 12.556,327.360,0.000715,359.5,183.477,1.00e-02, 12.8, 0.1,  1
6193,142301,26101986,18102022 123735,   1, 41917.6, 11.244,321.943,0.002818,359.5,290.128,1.00e-02, 12.9, 0.1,  1
6194,142302,04061995,17102022 172747,   1, 41910.9, 14.339,  3.842,0.000577,359.5, 99.762,1.00e-02, 13.8, 0.1,  1
6195,142303,28012003,18102022 054703,   2, 41911.1, 13.622, 11.805,0.005452,359.5,243.349,1.55e-02, 13.0, 0.1,  1
6196,142304,29062003,17102022 184734,   1, 41911.4, 13.896,  9.928,0.001504,359.5,304.290,1.00e-02, 13.6, 0.1,  1
6197,142305,20092003,17102022 141958,   2, 41929.7, 12.604, 20.095,0.002392,359.5,188.504,1.03e-02, 13.4, 0.1,  1
6198,142306,23112008,18102022 064543,  40, 41920.9,  2.538,305.990,0.007777,358.4, 13.619,9.07e-02, 16.8, 0.7, 94
6199,142307,25092008,17102022 200501,   5, 42012.3,  3.102, 26.895,0.057646,357.9,331.987,2.76e+00, 16.4, 0.1, 20
6200,142308,08112009,18102022 110908,   5, 41828.8,  3.634,301.337,0.046150,359.0, 18.196,1.85e+00, 15.4, 1.4,254
6201,142309,09112009,18102022 041625,  12, 41925.1, 10.027,305.188,0.014288,359.6,200.133,7.93e-02, 16.9, 0.3, 41
6202,142310,09092010,17102022 161753, 355, 41876.4,  2.117,301.321,0.079410,358.4,312.421,1.05e-01, 16.7,15.6, - 
6203,142312,16012012,18102022 025846,  13, 41928.8,  7.463,291.734,0.026831,359.7, 77.806,2.27e-02, 15.1, 0.2, 29
6204,142313,18022012,17102022 212331,   2, 41921.7,  1.662,325.177,0.022889,356.6,314.203,3.84e-01, 17.2, 0.1, 11
6205,142317,07102015,17102022 174725, 177, 41923.8,  2.066,278.128,0.137970,359.6,218.416,5.41e+00, 17.6,10.7, - 
6206,142318,26102011,18102022 083439,  79, 41906.7,  1.267,353.659,0.052263,354.5,293.827,2.16e-01, 15.6, 2.3,423
6207,142319,31072016,17102022 195758,1113, 41925.3,  8.290,276.439,0.051027,359.9,160.629,2.90e+00, 16.2,35.5, - 
6208,142321,19112016,18102022 010803,  49, 41917.8,  6.873,273.608,0.077151,359.9, 32.257,2.79e+00, 17.2, 1.5,241
6209,142324,16012018,17102022 092804,  65, 41910.0, 14.340,  3.770,0.006836,359.5, 32.094,7.20e-02, 16.9, 1.8,146
6210,142325,16022018,17102022 225818,1698, 41938.8, 14.633, 47.383,0.175744,359.7, 57.613,8.28e+00, 17.2,74.3, - 
6211,142326,18042018,17102022 192721, 330, 41924.7,  2.482,307.006,0.011474,358.4, 43.607,1.27e-01, 17.9, 8.3,884
6212,142328,21052018,18102022 004302,   0, 41833.0,  1.916,312.927,0.013319,357.6,325.103,3.59e-02, 18.4, 0.3, 18
6213,142329,16082018,17102022 202257,  25, 41911.4,  7.297, 25.719,0.086814,359.1,231.985,5.82e+00, 17.5, 1.1,139
6214,142330,14032019,18102022 103640,1180, 41893.5, 20.801, 72.843,0.310614,359.9, 67.456,1.74e+01, 16.7, -  , - 
6215,142333,06052019,17102022 213916,1259, 41827.3, 17.679, 61.252,0.453713,359.8,141.850,1.60e+01, 17.8, -  , - 
6216,142334,28072019,17102022 184754,  15, 41909.6,  2.026,313.681,0.010237,357.7,358.084,2.08e-02, 18.2, 0.2, 42
6217,142339,22092020,18102022 003640, 225, 41870.7,  2.503,210.987,0.233585,  2.4,190.158,5.28e+00, 17.8,15.8, - 
6218,142340,02122021,17102022 191736,  15, 41923.8,  2.486,307.001,0.011206,358.4, 41.523,1.68e-01, 17.6, 0.5, 62
6219,142341,05042022,18102022 040117, 190, 41913.3,  9.154,301.879,0.032077,359.6,245.802,2.66e+00, 18.1, 4.8,812
6220,142342,07042022,17102022 065319, 189, 41925.4,  6.814,290.216,0.072352,359.7,342.573,7.76e-01, 18.7, 1.5,125
6221,142343,04072022,18102022 035233, 100, 41926.0,  1.972,315.569,0.012242,357.5,344.210,1.53e-02, 17.6, 0.3, 54
6222,142344,02092022,17102022 180905,  41, 41925.7, 14.407,355.961,0.021139,359.5,287.113,1.57e-01, 17.1, 0.2, 23
6223,142400,11022007,18102022 010603,  46, 42032.1, 11.042,311.842,0.500798,359.6,235.814,3.70e+01, 16.3,55.9, - 
6224,142401,04031986,17102022 215135,   0, 41940.1, 12.356,326.170,0.006075,359.5,147.151,1.00e-02, 13.8, 0.1,  3
6225,142402,12022007,18102022 122311,1645, 41677.5, 18.328,350.160,0.246287,359.6,210.790,7.34e+00, 16.7, -  , - 
6226,142403,17082007,18102022 111559,   1, 42007.3,  4.004,281.367,0.076497,359.7,125.358,1.20e+00, 14.3, 0.1, 10
6227,142404,15012007,17102022 222930,3650, 41565.4, 31.204,326.744,0.471194,359.8,257.594,1.80e+01, 17.2, -  , - 
6228,142406,09112007,18102022 030430,   1, 41957.2,  1.973,324.053,0.010401,357.2, 64.398,1.12e+00, 17.1, 0.1,  6
6229,142407,18122004,17102022 203616,   1, 41940.9,  6.704,289.018,0.008708,359.7,130.554,2.24e-03, 16.0, 0.1,  4
6230,142408,04082011,17102022 175252,1731, 42021.4, 17.884, 36.481,0.180751,359.7,155.275,8.44e+00, 16.7, -  , - 
6231,142409,03102011,17102022 061706,   7, 41880.1,  8.171,301.461,0.114684,359.6,251.792,2.94e+00, 16.2, 0.3, 35
6232,142410,14102012,18102022 002445, 134, 41798.0,  9.026,314.029,0.025858,359.5,261.004,9.81e-01, 16.9,22.1, - 
6233,142411,18012012,18102022 012615,   1, 41948.2,  6.693,287.932,0.024007,359.7,290.205,9.49e-01, 17.1, 0.3, 21
6234,142413,01082015,17102022 181259, 151, 42128.9, 36.300, 32.747,0.646952,359.8,220.106,2.56e+01, 14.7,90.0, - 
6235,142414,09022016,17102022 180835,1178, 41991.3, 13.750,346.083,0.001049,359.5,299.586,3.63e-01, 18.2,12.7, - 
6236,142415,31122016,18102022 140255,   2, 41968.5, 11.146,259.291,0.338865,  0.1,123.134,1.07e+01, 15.1, 0.2, 29
6237,142416,01032016,17102022 130157,  43, 41935.6,  2.010,314.765,0.013177,357.6,  6.731,1.41e-01, 17.7, 1.7,234
6238,142417,13122017,17102022 170447, 237, 41828.4,  8.362,  2.379,0.175868,359.1, 39.647,4.60e+00, 16.4,21.6, - 
6239,142420,25042022,17102022 145143,   9, 41844.7, 12.242,292.223,0.204045,359.8,301.691,8.15e+00, 16.7, 1.4,212
6240,142421,20082022,17102022 130652,  56, 41944.6,  2.387,308.739,0.011200,358.2, 32.833,1.54e-01, 18.8, 2.8,485
6241,142422,24082022,17102022 223357,   0, 41895.6, 23.304,298.334,0.412392,359.9,250.304,1.85e+01, 16.7, 0.3, 21
6242,142423,07092022,17102022 094904,   2, 41964.3, 15.272,329.654,0.053301,359.6,130.678,1.37e+01, 15.1, 0.6,110
6243,142501,22112008,17102022 063658, 102, 41971.5,  2.122,332.469,0.064617,357.1,293.060,2.00e+00, 17.5, 8.6, - 
6244,142502,25072009,18102022 041830,  28, 41773.3,  5.349,278.720,0.128783,359.8,  4.072,5.54e+00, 16.8, 0.9,138
6245,142503,20032010,18102022 062921,  11, 41952.7,  8.126,297.163,0.005328,359.6,348.010,1.47e-02, 16.7, 0.2, 25
6246,142504,05112011,18102022 131935,   1, 42257.6, 14.596,352.276,0.393968,359.5,189.593,1.45e+01, 15.5, 0.3, 50
6247,142505,03022011,17102022 220223,  33, 42017.3,  7.767,  8.793,0.240234,359.1,185.443,7.96e+00, 16.7, 3.5,488
6248,142506,25022009,17102022 222008, 523, 41902.4,  2.863,282.706,0.120157,359.5,240.646,2.57e+00, 18.0,40.0, - 
6249,142507,09122015,18102022 105356,   2, 41974.0,  8.417,292.408,0.056326,359.7,347.895,3.67e+00, 17.2, 0.2, 23
6250,142508,03082016,17102022 205221,  10, 42000.3,  2.423, 22.383,0.031230,357.2,238.032,2.45e+00, 17.5, 1.0,170
6251,142509,19102016,18102022 003010,  11, 41967.8,  2.468,347.963,0.016112,357.2,227.612,2.80e+00, 17.7, 0.4, 41
6252,142510,26102016,18102022 045851,  48, 41912.1,  8.153,296.561,0.008622,359.6,330.579,2.80e-01, 18.0, 2.3,120
6253,142511,18022017,18102022 001638,  80, 41960.3,  8.315,318.718,0.017561,359.4,219.656,1.32e-01, 17.1, 1.1,159
6254,142513,24092017,18102022 072646,  21, 41927.9,  4.425, 79.194,0.291911,359.7, 99.548,3.27e+00, 15.6, 4.8,842
6255,142514,08032018,18102022 043758, 725, 41956.4,  8.079,297.261,0.007339,359.6, 50.350,4.53e-02, 18.0,11.9, - 
6256,142515,11032018,18102022 083628, 200, 41951.6,  6.849,284.315,0.058144,359.8,125.994,2.32e+00, 18.4, 3.2,387
6257,142517,12042019,17102022 170208, 773, 41960.3,  3.424, 88.275,0.067797,359.9,159.624,1.41e+00, 15.2, -  , - 
6258,142518,29082019,17102022 142850, 608, 41952.2,  2.921, 17.711,0.051597,357.6,113.558,6.45e+00, 17.8,22.9, - 
6259,142519,31082019,18102022 014813, 170, 42042.5,  2.822,274.877,0.203849,359.8,251.826,3.16e+01, 16.3,24.3, - 
6260,142520,27012020,18102022 043259,  27, 42037.1,  3.229, 86.011,0.023049,359.8,125.010,1.47e+00, 15.5, 5.8,972
6261,142521,25102021,17102022 215703, 350, 41950.6,  5.942,299.229,0.029813,359.4,316.111,5.39e+00, 18.1,11.1, - 
6262,142522,27032022,17102022 132336, 201, 42037.4,  2.951,129.239,0.658740,  1.6,332.488,6.51e+00, 18.4,19.5, - 
6263,142523,07042022,17102022 123736, 166, 41948.4,  4.189,  0.170,0.193398,358.3,275.280,2.39e+00, 18.8, 3.4,613
6264,142524,09062022,18102022 022709, 105, 41972.1,  8.035,359.999,0.632911,359.1, 11.976,1.00e-02, 17.9, 8.9, - 
6265,142525,21082022,17102022 134404,  52, 41953.1,  2.022,315.668,0.012036,357.6,351.751,1.00e-02, 18.5, 0.2, 30
6266,142600,23042007,18102022 013852,   1, 41979.3,  7.061,289.940,0.003763,359.7, 72.295,2.32e-02, 15.9, 0.1,  5
6267,142601,11102007,18102022 070653,   1, 41988.8,  2.041,317.525,0.017289,357.5,343.641,4.87e-01, 16.9, 0.3, 22
6268,142602,02082008,17102022 062559,  12, 41970.1,  2.819,195.545,0.103906,  2.4,307.459,4.83e+00, 15.3, 0.4, 61
6269,142603,08012008,17102022 145828,   6, 41974.9,  9.409,306.871,0.023794,359.6,232.377,3.83e-01, 16.9, 0.1, 15
6270,142605,23122011,18102022 024754,   3, 41986.1, 13.863,348.993,0.021332,359.5,163.833,3.54e-01, 17.0, 0.2, 22
6271,142606,22122011,17102022 234359,   0, 41981.8,  8.374,297.323,0.004561,359.6,  8.496,2.77e-02, 17.6, 0.3, 16
6272,142607,12062012,18102022 021208,   2, 40781.1, 23.479, 16.813,0.104489,359.7,146.966,1.01e+01, 16.8, 0.7, 85
6273,142608,18112014,18102022 020643,   1, 42001.0,  8.248,297.282,0.018841,359.6,251.905,7.03e-01, 16.6, 0.3, 17
6274,142609,05092015,18102022 055737,  23, 42010.1,  8.394,296.637,0.029743,359.6,250.107,6.12e-01, 17.4, 2.0,321
6275,142610,01032016,18102022 130359,  18, 41979.2,  2.486,330.524,0.050932,357.6,261.087,1.91e+00, 17.3, 1.7,311
6276,142611,31082016,18102022 032219, 355, 41921.4,  7.717,299.408,0.196684,359.6,150.090,1.55e+01, 16.1,36.0, - 
6277,142613,22122016,18102022 053303, 105, 41967.1, 24.192, 65.004,0.277657,359.9, 97.290,1.65e+01, 16.8,40.2, - 
6278,142614,01072017,18102022 022617, 254, 41623.9, 32.850,344.715,0.578298,359.8,202.530,2.74e+01, 15.8, -  , - 
6279,142615,31082017,18102022 001557, 296, 41904.2,  5.474, 80.384,0.084872,359.8,250.658,4.76e+00, 14.0, -  , - 
6280,142616,20092017,17102022 185503,   1, 41971.5,  6.681,286.190,0.042635,359.7,282.497,1.42e+00, 17.9, 0.2, 12
6281,142617,11102018,18102022 050233,  40, 41957.6,  8.090,297.245,0.007432,359.6, 42.142,6.97e-02, 18.2, 0.8, 69
6282,142623,01122021,17102022 194605,   1, 41969.6,  3.627,279.809,0.054304,359.7,246.688,3.08e+00, 17.5, 0.2, 28
6283,142624,26012022,18102022 065521,  22, 41981.1,  2.067,315.361,0.009122,357.7, 84.405,3.44e-02, 17.3, 0.6, 57
6284,142625,31012022,18102022 041400,   3, 41959.6,  2.514,202.377,0.108520,  2.6,269.748,4.82e+00, 15.3, 0.1, 13
6285,142626,14032022,17102022 114123, 202, 41979.2,  7.004,289.829,0.013480,359.7,237.136,2.28e-01, 18.3, 1.5,111
6286,142627,25042022,17102022 221741,  26, 41980.2,  4.416,  7.665,0.104362,358.4,246.588,3.00e+00, 18.2, 0.7, 80
6287,142628,26052022,17102022 134442,  22, 41987.6,  1.676, 95.024,0.047143,  0.3, 50.424,1.67e+00, 17.3, 0.8,151
6288,142629,31082022,18102022 164652,  12, 41974.6,  2.536,336.337,0.043784,357.5,310.156,2.58e+00, 18.1, 0.4, 48
6289,142630,22092022,17102022 212039,  15, 41982.8,  8.662,300.891,0.008401,359.6, 17.114,4.10e+00, 17.5, 0.3, 62
6290,142700,06022005,18102022 055750,   1, 42002.3, 13.209, 51.824,0.003661,359.7, 72.649,1.01e-02, 10.8, 0.1,  1
6291,142701,26082006,17102022 195857,   1, 41991.0, 12.176,334.881,0.004284,359.5,189.423,1.02e-01, 15.4, 0.1,  3
6292,142703,31052006,18102022 162431,  17, 42003.4, 10.103,314.067,0.033122,359.5,228.780,4.61e-01, 17.5, 0.9, 77
6293,142704,06102011,18102022 022423, 569, 42015.8, 11.536,327.241,0.026680,359.5,167.701,6.57e-01, 17.9,41.9, - 
6294,142705,07112004,18102022 112652,  10, 41998.2,  8.131,295.670,0.064430,359.6,272.341,7.99e-01, 16.7, 0.4, 68
6295,142706,25092009,18102022 024251,  40, 41995.3,  7.219,290.305,0.005463,359.7, 12.213,1.01e-01, 16.3, 0.6,102
6296,142707,23122011,17102022 073658,   2, 42004.9,  2.100,316.064,0.009685,357.7,350.609,4.13e-02, 16.3, 0.2, 10
6297,142708,12022013,17102022 185748,1522, 42064.2,  7.883,340.878,0.076456,359.1,250.284,1.37e+01, 18.1, -  , - 
6298,142709,15122011,17102022 231620,  13, 41998.2,  9.546,309.413,0.011521,359.5,336.499,3.07e-01, 17.1, 0.4, 51
6299,142711,28102014,18102022 122938,  29, 41993.4,  7.898,296.469,0.019378,359.6, 15.240,4.28e-01, 17.6, 1.0,173
6300,142713,28042017,18102022 051751,1975, 41987.7,  2.058, 38.340,0.067084,357.1,286.181,2.13e+00, 18.6, -  , - 
6301,142714,18092017,18102022 041929, 120, 41992.6,  9.452,309.960,0.023759,359.5,283.360,8.66e-01, 18.2,10.7, - 
6302,142717,06032018,18102022 133801,1683, 41991.0,  8.361, 74.237,0.114851,359.8, 99.480,6.91e+00, 17.5,62.6, - 
6303,142718,20092017,17102022 234341, 119, 42005.8,  2.589,308.269,0.018304,358.4, 16.486,1.89e-01, 18.3, 4.1,652
6304,142720,12082018,18102022 125326,  52, 41965.6,  9.791,307.495,0.008128,359.6,347.088,1.70e+00, 17.4,15.8, - 
6305,142721,14122018,17102022 141906,1385, 42202.6, 44.169, 13.122,0.799838,359.8,206.732,2.77e+01, 16.7, -  , - 
6306,142727,01012020,17102022 211206, 492, 42066.9, 36.193, 22.923,0.292547,359.8,120.180,1.70e+01, 16.7,67.2, - 
6307,142728,08102020,18102022 081018, 231, 42026.1, 15.026,305.419,0.443336,359.7,246.394,2.75e+01, 11.9, -  , - 
6308,142732,05042021,18102022 052847, 352, 41936.8, 19.962, 27.065,0.457428,359.7,241.015,1.11e+01, 17.8,25.7, - 
6309,142733,03062021,17102022 210912,  16, 41994.8,  1.722,324.842,0.024311,356.8,  5.826,5.09e-02, 17.8, 0.4, 51
6310,142734,01052022,18102022 121657,   2, 41992.6,  1.635, 96.660,0.063321,  0.5,108.928,1.03e+00, 17.2, 1.4,173
6311,142735,08062022,17102022 154158,  17, 41998.5,  1.393,102.552,0.069382,  1.2,357.930,1.28e+00, 17.4, 0.9,133
6312,142736,09062022,18102022 114251,  62, 41995.8,  2.065, 42.167,0.050357,357.3,298.902,1.49e+00, 17.8, 0.9, 88
6313,142737,28072022,18102022 074935,  76, 41974.6,  5.845,274.470,0.132757,359.9,315.322,5.46e+00, 17.4, 3.7,534
6314,142738,25082022,18102022 145639,  41, 41988.2,  9.510,309.496,0.004088,359.5,314.039,1.67e-02, 18.2, 1.0,162
6315,142800,25012001,18102022 123145,   1, 42013.5, 15.131,326.338,0.002629,359.6,259.301,1.08e-02, 13.3, 0.1,  1
6316,142801,25092007,18102022 080838,   1, 42028.5,  2.344,312.310,0.012399,358.0,  1.960,6.13e-02, 16.5, 0.1,  7
6317,142803,24102009,18102022 005354,   3, 42254.5,  7.678,292.427,0.016971,359.7,315.869,1.53e-01, 17.5, 0.2, 13
6318,142805,04042010,18102022 060030,   1, 42001.4,  2.823,241.377,0.048104,  1.2, 38.666,5.55e+00, 16.1, 0.2, 29
6319,142806,26102011,17102022 211718,   0, 42022.6,  7.147,290.291,0.002845,359.7,356.504,1.93e-01, 17.6, 0.1, 10
6320,142807,21102015,18102022 052300,1668, 42006.2,  4.301, 78.364,0.217681,359.6,153.699,8.27e+00, 18.3,66.5, - 
6321,142808,08042016,18102022 004657,  17, 42019.7,  2.088,316.932,0.019996,357.6,336.417,1.02e-01, 16.9, 1.0, 85
6322,142809,01102016,17102022 184833,   2, 42032.7,  1.760,203.530,0.187051,  3.7,349.925,4.76e+00, 17.0, 0.1, 19
6323,142810,07102016,18102022 010025, 496, 41963.0,  4.066,279.191,0.028476,359.7,260.460,1.88e+00, 18.1,45.3, - 
6324,142811,27112016,18102022 150231,  52, 42022.2,  8.613,300.059,0.068108,359.6,242.313,3.81e+00, 17.8, 1.4,206
6325,142813,05052017,17102022 102744,1148, 42041.7,  9.957, 71.737,0.166378,359.8, 91.216,7.23e+00, 16.3, -  , - 
6326,142814,17092017,18102022 112133, 110, 42125.4, 15.862, 71.119,0.278749,359.8, 89.204,3.38e+01, 16.2,49.3, - 
6327,142815,12072017,18102022 120812,  17, 42010.9,  3.033,303.727,0.023080,358.8, 94.576,1.67e-01, 17.1, 0.4, 54
6328,142816,26112017,18102022 122710,  30, 42014.4,  9.637,309.189,0.012349,359.5,219.034,1.34e-01, 17.8, 1.3,130
6329,142817,19032018,17102022 232601, 154, 41990.5,  2.074,315.910,0.010789,357.6,357.760,5.72e-02, 17.8,34.1, - 
6330,142818,21022018,17102022 094834,1645, 42010.0,  8.211,293.695,0.030732,359.7,307.929,1.57e+00, 18.3,12.1, - 
6331,142819,10122018,18102022 005040, 119, 41961.9,  4.043,279.965,0.044734,359.7,249.768,2.86e+00, 17.9,33.4, - 
6332,142822,16102020,17102022 203121,  26, 42017.6,  2.538,331.154,0.027373,357.6,320.034,2.14e+00, 18.1, 0.8,136
6333,142824,13042021,17102022 213112, 128, 42053.3,  2.090, 97.948,0.134702,  0.5, 88.834,4.08e+00, 16.9,69.4, - 
6334,142825,07092021,17102022 110836,   1, 42090.1, 17.643,354.904,0.179284,359.6,204.084,8.87e+00, 17.1, 0.3, 49
6335,142826,04112021,17102022 200138, 220, 42014.0,  2.401,319.432,0.035229,357.8,340.042,1.42e+00, 17.8,14.4, - 
6336,142827,06062022,17102022 201801,   8, 42013.0,  1.639, 96.353,0.074345,  0.5,111.689,2.65e+00, 16.0, 0.8,128
6337,142828,03102022,17102022 160222,   5, 42015.4,  1.625, 95.083,0.049172,  0.4,116.774,5.55e+00, 15.9, 0.3, 52
6338,142900,12041993,17102022 224648,   1, 42037.9, 17.785,353.923,0.028564,359.6, 79.916,4.85e-02,  9.7, 0.1,  1
6339,142901,26112003,17102022 105302,   1, 42035.5, 12.389, 22.012,0.000668,359.5,279.597,1.95e-02, 13.1, 0.1,  1
6340,142902,23012012,18102022 105430,   1, 42044.3,  1.772,326.887,0.020110,356.8,319.868,2.55e-02, 13.4, 0.1,  1
6341,142903,07122010,18102022 022940,   6, 42315.2,  6.435, 43.993,0.187864,359.2,177.106,8.01e+00, 16.0, 0.4, 41
6342,142904,21112012,18102022 015627,1063, 42000.8,  8.354,296.283,0.026984,359.6,275.746,3.00e-01, 16.9,89.8, - 
6343,142905,13032015,18102022 132156,  48, 42044.1,  7.180,290.465,0.006363,359.7,259.824,1.16e-01, 16.8, 2.3,117
6344,142906,18102015,17102022 180519,2490, 42038.2,  5.459,281.389,0.011894,359.8,176.107,3.82e-01, 17.4,21.9, - 
6345,142907,09012016,17102022 064332, 100, 42040.2, 12.215,335.712,0.020187,359.5,277.722,1.17e-01, 17.9, 1.7,259
6346,142908,09082016,18102022 005836,   1, 41731.0, 10.174, 19.203,0.265373,359.3,244.834,1.87e+01, 16.5, 0.2, 28
6347,142909,29082016,18102022 005442,  17, 42029.8,  3.146,315.631,0.027086,358.4, 60.319,1.96e+00, 18.2, 0.5, 94
6348,142910,19112015,17102022 181234,1706, 41894.1, 11.715,345.786,0.188753,359.4,106.035,1.74e+01, 16.9, -  , - 
6349,142911,04102016,18102022 133325,  15, 42025.8,  8.340,297.807,0.004529,359.6,311.659,4.59e-02, 17.4, 0.2, 26
6350,142912,20102016,17102022 191648,2174, 41821.0, 36.071,351.107,0.560960,359.8,253.537,4.25e+01, 17.5, -  , - 
6351,142913,21022017,18102022 013637, 190, 42038.1,  9.895,308.169,0.006263,359.6,242.731,3.09e-02, 18.5, 3.0,356
6352,142914,11082018,17102022 115758, 107, 42062.7,  7.210, 68.108,0.020481,359.6, 55.695,3.13e+00, 17.2,14.6, - 
6353,142915,06102018,18102022 094548,  11, 42029.6,  5.484,281.210,0.009915,359.8,162.138,3.82e-01, 17.1, 0.5, 81
6354,142917,21102019,17102022 034517, 959, 43410.5, 35.426, 19.492,0.536206,359.8,218.928,2.19e+01, 14.7, -  , - 
6355,142920,28072020,18102022 004536, 130, 41030.2,  6.010, 79.330,0.176033,359.8, 41.195,7.19e+00, 17.2, -  , - 
6356,142921,09032021,18102022 035215,  42, 42007.5,  4.338, 78.228,0.219642,359.6,153.510,8.39e+00, 17.8, 2.3,312
6357,142922,09012022,17102022 154201, 279, 41501.0, 28.936,353.013,0.624784,359.7,199.375,2.28e+01, 18.0, -  , - 
6358,142923,30062022,18102022 133440,  83, 42027.4,  1.990,319.746,0.091208,357.4,236.112,2.73e+00, 17.1, 2.2,247
6359,143000,03051981,18102022 102141,   1, 42052.7,  2.428,278.449,0.006170,359.6,129.701,5.92e-03, 13.0, 0.1,  1
6360,143001,15022007,18102022 084133,   4, 41967.1,  8.968,312.895,0.019620,359.5,272.032,1.74e+00, 16.8, 0.2, 18
6361,143002,30052006,18102022 004102,   1, 42090.9,  3.804,300.424,0.017215,359.1, 66.916,1.74e-01, 17.7, 0.4, 30
6362,143003,20092006,17102022 205033,   0, 41992.7,  1.743,325.885,0.020799,356.8,315.621,8.48e-02, 17.1, 0.3, 20
6363,143004,03112008,17102022 080156, 535, 42098.6,  6.633,286.333,0.071708,359.7,252.091,8.93e-01, 16.3,42.9, - 
6364,143006,17082009,17102022 220526,   1, 42057.2,  9.571,310.501,0.006306,359.5,340.702,7.43e-02, 16.5, 0.2, 16
6365,143007,06022011,18102022 123651, 130, 42048.9, 12.963,341.313,0.037700,359.5,241.339,1.64e+00, 16.6,36.0, - 
6366,143008,13052010,17102022 214653,   2, 42049.1, 14.721,  4.745,0.001990,359.5, 82.548,2.63e-02, 16.1, 0.2, 13
6367,143009,27062012,17102022 180159,  17, 42068.1,  2.280,  6.791,0.069916,356.8,298.892,3.12e+00, 16.8, 3.5,435
6368,143010,18102015,17102022 205847, 731, 42031.1,  9.823,310.501,0.052188,359.5,203.576,1.67e+00, 17.5,86.5, - 
6369,143012,25112016,18102022 032516,  79, 42053.6,  9.408,310.508,0.015111,359.5,345.451,1.01e+00, 17.9, 3.3,553
6370,143013,01052017,17102022 060846,1656, 42048.7, 27.766,327.678,0.523495,359.8,242.040,2.64e+01, 15.8, -  , - 
6371,143014,14112017,17102022 203915, 344, 42030.1,  6.407,288.759,0.121001,359.7, 99.766,2.68e+00, 18.0,21.7, - 
6372,143015,17042018,18102022 015752, 732, 42100.3, 18.414,355.806,0.283961,359.6,175.143,5.92e+00, 16.3,70.6, - 
6373,143016,02012019,17102022 170352, 667, 41879.2, 13.749,  8.113,0.166900,359.5,129.748,1.74e+01, 16.8,66.9, - 
6374,143017,01022019,17102022 085439, 130, 42023.5,  2.345,322.746,0.013067,357.7,310.841,1.03e+00, 17.8,20.7, - 
6375,143018,03032019,17102022 092404,1259, 42198.5, 44.483, 11.029,0.804876,359.8,206.474,2.80e+01, 17.1, -  , - 
6376,143020,11042019,17102022 184800,  13, 42076.2,  3.313, 85.672,0.037909,359.8,137.990,1.27e+00, 17.5, 0.8,104
6377,143021,27042019,18102022 174045,  51, 42047.5,  4.456, 82.374,0.134240,359.8,136.556,4.68e+00, 17.2, 1.2,203
6378,143022,03062019,17102022 232529,   6, 42050.9, 20.106, 57.942,0.167854,359.8,128.074,3.41e+00, 16.3, 0.9,151
6379,143023,09082019,17102022 145021,1117, 42171.2, 30.333, 28.565,0.546068,359.8,237.683,2.58e+01, 13.9, -  , - 
6380,143024,30012020,18102022 002202,  11, 42041.5,  6.296, 79.265,0.093065,359.8,132.564,6.28e+00, 16.9, 0.9,128
6381,143026,02042020,18102022 024311, 813, 42076.9,  8.050, 76.694,0.096358,359.8,157.125,6.08e+00, 15.7, -  , - 
6382,143029,18082020,18102022 164136, 581, 42053.1,  7.637, 82.926,0.238526,359.9,102.532,1.08e+01, 15.8, -  , - 
6383,143030,12092020,18102022 063630, 729, 42082.2, 10.526,179.756,0.568542,  0.7,322.705,3.58e+00, 17.3, -  , - 
6384,143032,09042018,17102022 151408,  54, 42057.0,  3.169,303.724,0.013143,358.8, 22.860,3.12e-02, 17.6, 3.6, 48
6385,143033,06082021,17102022 230155,  42, 42066.2,  4.612,348.096,0.085579,358.5,110.434,3.21e+00, 17.8, 5.0,893
6386,143034,06102021,18102022 030301,  55, 42047.2,  8.472,297.936,0.006446,359.6,352.357,1.39e-01, 17.9, 1.1,182
6387,143035,05042022,18102022 045118, 119, 42050.3,  8.442,319.777,0.021434,359.4, 89.220,1.09e+00, 18.5, 7.1, - 
6388,143036,06042022,17102022 214419, 193, 42054.3, 16.209, 20.744,0.104449,359.6,183.577,4.99e+00, 18.0, -  , - 
6389,143037,29042022,18102022 100116, 135, 42029.5, 10.326, 56.454,0.427637,359.6,118.088,9.46e+00, 17.0,21.6, - 
6390,143100,29102005,18102022 083445,   1, 42075.3,  9.611, 30.446,0.002006,359.3,247.603,1.00e-02, 10.8, 0.1,  1
6391,143101,01121997,17102022 154732,   2, 42077.0, 15.125, 36.043,0.001120,359.6,190.938,9.08e-03, 11.2, 0.1,  1
6392,143102,06081981,18102022 013309,   1, 42086.3,  6.052,284.564,0.001159,359.7,215.201,1.00e-02, 13.1, 0.1,  2
6393,143103,26071998,17102022 153900,   2, 42074.2, 14.220,  9.215,0.003428,359.5,182.917,1.20e-02, 11.2, 0.1,  1
6394,143104,02092005,17102022 223011,   0, 42073.5,  6.126,284.055,0.017335,359.7,231.618,1.35e+00, 11.7, 0.1,  2
6395,143105,13032007,18102022 042746,  12, 42069.5,  8.478,298.125,0.005127,359.6,305.016,1.25e-01, 16.1, 0.6, 56
6396,143106,05102007,17102022 220515,   2, 42139.2,  2.751,311.741,0.022719,358.3,353.142,1.61e-01, 15.3, 0.1, 10
6397,143108,01032011,17102022 161144,   1, 42077.6, 37.283,340.499,0.055595,359.8,237.793,2.16e+01, 15.0, 0.2, 39
6398,143109,24112008,17102022 183839,   1, 42081.8,  2.560,310.709,0.017278,358.3,358.473,9.12e-02, 15.7, 0.1,  4
6399,143110,20112011,17102022 090956,  25, 42061.4,  8.961,293.322,0.004497,359.7,305.693,2.03e-01, 17.2, 0.8,110
6400,143111,24122013,17102022 200416, 153, 42061.0,  3.277,298.840,0.287043,359.0,277.128,4.77e+00, 16.0,62.3, - 
6401,143112,04122013,17102022 103750, 251, 42179.5,  0.471,359.062,0.089076,345.2,236.027,8.51e+00, 16.0, -  , - 
6402,143114,09122013,17102022 194153,  28, 41965.5,  3.208,  2.947,0.466106,357.8,239.866,5.77e+00, 16.5, 7.3, - 
6403,143118,12062016,18102022 155110,   1, 42166.9,  6.183, 10.717,0.003541,358.8, 55.914,1.00e-02,  8.0, 0.1,  1
6404,143120,31082016,17102022 221045,   2, 42069.4,  1.708,330.863,0.026046,356.5,304.340,5.72e-01, 17.6, 0.2, 21
6405,143123,24112016,18102022 063535,  25, 42081.7,  1.717,334.415,0.026331,356.4,307.072,5.84e-01, 17.6, 0.5, 85
6406,143126,15022018,18102022 140038, 160, 42060.5, 15.402, 55.899,0.281250,359.7, 82.020,2.43e+01, 17.2,18.6, - 
6407,143128,11082018,18102022 171145,  20, 42072.8,  7.766,293.663,0.005649,359.6,169.503,1.52e+00, 17.7, 1.1,162
6408,143135,06112021,18102022 121011, 306, 42062.3,  2.361,102.437,0.383936,  0.7, 32.597,2.47e+00, 17.1,31.5, - 
6409,143136,01042022,17102022 074356, 161, 42057.5, 11.122,335.420,0.231682,359.4,242.229,1.07e+01, 18.1, 8.7, - 
6410,143137,02042022,18102022 090347, 160, 42074.5,  7.436,304.932,0.022126,359.5,204.250,1.42e+00, 18.5,22.6, - 
6411,143138,20082022,18102022 172723,  49, 42080.1,  8.264,297.525,0.028387,359.6,245.525,7.74e-01, 17.9, 0.4, 76
6412,143139,23092022,17102022 231518,  20, 42075.3,  8.243,298.411,0.003388,359.6, 49.762,3.83e-02, 17.8, 0.2, 35
6413,143200,03022003,17102022 190208,   1, 42083.5, 17.562, 19.431,0.000553,359.6,346.061,1.20e-02, 11.1, 0.1,  1
6414,143201,15111998,17102022 213021,   2, 42089.5,  5.592,283.179,0.001458,359.7,173.859,1.00e-02, 13.1, 0.1,  2
6415,143202,15021983,18102022 050213,   1, 42113.5,  5.616,283.019,0.003090,359.7,339.835,1.04e-02, 13.3, 0.1,  1
6416,143203,28032011,17102022 101957,1262, 42124.2,  3.068,326.745,0.046339,358.1,247.705,3.97e+00, 17.1,89.5, - 
6417,143204,02112011,17102022 145613,  46, 42147.1, 10.421, 34.393,0.304287,359.4,166.052,9.09e+00, 16.3, 4.2,696
6418,143205,18082012,17102022 163610, 130, 42091.6, 13.097,338.083,0.021063,359.5,121.706,1.98e-01, 14.4, 1.6,282
6419,143207,07062022,18102022 011534,  55, 41960.6, 10.114,293.885,0.066325,359.7,253.345,1.79e+00, 16.2,10.0, - 
6420,143209,26032014,18102022 152811,1044, 41999.7,  8.972, 26.467,0.323906,359.3,133.882,6.07e+00, 16.2,35.2, - 
6421,143211,10112014,17102022 224434,1006, 42197.3,  9.315,308.716,0.086955,359.5,178.823,2.25e+00, 17.1, -  , - 
6422,143212,18072015,18102022 142936,  49, 41980.1,  2.081,318.071,0.004940,357.6,185.401,1.24e-01, 17.8, 1.7,296
6423,143213,09032016,17102022 094553,  23, 42095.7, 12.166,331.621,0.017018,359.5, 86.337,3.20e-01, 17.1, 0.4, 49
6424,143215,24112016,17102022 144409,  17, 42089.9,  8.461,298.421,0.012652,359.6,348.943,1.80e-01, 17.9, 0.4, 72
6425,143216,30122016,17102022 230955,1027, 42025.8, 20.491, 30.021,0.363111,359.7,154.820,1.15e+01, 16.8, -  , - 
6426,143217,14092017,18102022 131829,1855, 42122.8,  4.932,353.151,0.214362,358.6,198.656,1.12e+01, 17.4, -  , - 
6427,143218,16092017,18102022 121418,  41, 42090.4,  7.919,295.280,0.022107,359.6,139.677,1.38e+00, 17.9, 6.4, - 
6428,143219,09122017,17102022 215358,  27, 42118.4,  9.429,308.332,0.055670,359.5,174.806,2.32e+00, 17.0, 4.1,699
6429,143220,18012018,18102022 004938, 367, 42096.9,  5.275, 80.199,0.015986,359.7,335.205,3.08e+00, 17.6,86.7, - 
6430,143222,12032018,18102022 105458, 158, 42095.1,  8.647,298.347,0.005972,359.6,123.142,4.76e-02, 18.7, 1.9,145
6431,143224,01052019,18102022 181849, 679, 42031.2,  2.625, 93.222,0.149426,  0.1, 62.428,7.09e+00, 15.1, -  , - 
6432,143225,22102019,17102022 235204,  17, 42094.7, 10.041,308.518,0.002186,359.6,215.975,6.70e-03, 17.6, 0.1, 24
6433,143226,07102019,17102022 062714,1032, 42152.7, 12.052,  8.414,0.099086,359.4,249.461,1.08e+01, 17.0,64.0, - 
6434,143227,23042020,18102022 162633, 257, 42447.3,  2.082, 84.635,0.096185,359.6,174.309,5.37e+00, 16.0, -  , - 
6435,143229,04052021,17102022 085823,  15, 42102.6,  6.821,286.447,0.033166,359.7,230.279,9.50e-01, 16.3, 2.1,371
6436,143230,16102021,17102022 194226,  17, 42102.8,  8.967,309.095,0.007241,359.5,220.058,3.28e+00, 17.5, 0.9, 90
6437,143231,28102021,18102022 061402, 338, 42057.2, 24.133,316.344,0.277174,359.8,165.083,1.35e+01, 17.9,56.9, - 
6438,143232,04042022,17102022 102249, 132, 42089.7,  5.212,274.866,0.122691,359.9,291.470,2.81e+00, 18.0, 4.2,713
6439,143233,26042022,17102022 183559,  57, 42075.6,  1.649, 52.907,0.160074,357.2,188.479,7.66e+00, 17.9, 2.1,366
6440,143234,05052022,17102022 135120, 109, 42098.7,  1.016,287.116,0.259350,358.2,243.075,5.16e+00, 18.0, 3.2,480
6441,143235,26042022,18102022 120734,  44, 42084.8,  8.354,298.484,0.010288,359.6,286.618,3.30e-01, 18.3, 3.9,655
6442,143236,31082022,17102022 104258,  45, 42085.8, 12.872,291.354,0.064216,359.8,282.038,2.35e+00, 17.3,32.4, - 
6443,143300,03121994,18102022 042212,   1, 42128.9,  1.648,277.943,0.003018,359.5, 90.919,7.14e-03, 13.0, 0.1,  1
6444,143301,09101999,17102022 154141,   1, 42140.2, 10.940, 52.258,0.094879,359.6,158.263,3.80e-02, 13.1, 0.1,  1
6445,143302,14102001,17102022 152004,   2, 42109.3, 11.667, 20.826,0.001815,359.4,103.227,9.41e-03, 10.7, 0.1,  1
6446,143303,20091993,18102022 081638,   1, 42112.5,  5.900,317.467,0.001939,359.1,256.097,3.60e-02, 11.5, 0.1,  1
6447,143304,13012008,18102022 144001,   5, 42636.4,  5.181, 74.898,0.001008,359.6,205.262,1.41e-02, 14.5, 0.1,  2
6448,143305,05092008,17102022 155949,   2, 42104.9, 12.675,336.166,0.002083,359.5,247.902,2.88e-02, 16.0, 0.1,  4
6449,143307,29112007,17102022 170602, 110, 42105.3,  8.818,307.540,0.062403,359.5,287.928,2.31e+00, 17.2,15.8, - 
6450,143308,22042011,17102022 125135,  16, 42091.5,  1.971,  5.587,0.037533,356.4,275.768,1.60e+00, 16.5, 2.0,366
6451,143309,24092011,17102022 091120, 668, 42104.9,  4.088,287.957,0.088876,359.5,313.364,6.35e+00, 17.0,75.9, - 
6452,143310,21042007,17102022 105917,   6, 42113.2,  7.943,301.747,0.083791,359.5,343.873,3.04e+00, 16.7, 0.2, 23
6453,143311,25072009,17102022 220757,   1, 42111.5,  9.206,309.687,0.007999,359.5,101.886,1.37e+00, 16.6, 0.3, 30
6454,143312,31102012,17102022 205200,   5, 41956.2, 17.750, 41.781,0.095445,359.7,213.435,6.46e+00, 15.9, 0.3, 32
6455,143313,04082008,17102022 211419,  17, 42123.4,  4.562,274.573,0.094363,359.9,287.678,4.29e+00, 16.8, 0.5, 99
6456,143314,04082013,17102022 214039,  10, 42085.9,  4.217,287.024,0.089455,359.5,322.943,6.30e+00, 16.9, 0.8,116
6457,143315,07102012,17102022 112252, 188, 42107.4,  5.954,284.665,0.031194,359.7,285.074,2.14e-01, 17.8, 7.3, - 
6458,143318,23072015,17102022 190508,   1, 42069.9, 21.213, 34.548,0.136139,359.7,223.882,1.04e+01, 16.6, 0.1, 10
6459,143319,05062016,18102022 041334, 210, 42108.0, 31.354, 20.668,0.248990,359.8,129.571,1.48e+01, 15.5,39.1, - 
6460,143321,25022017,17102022 205207, 379, 42134.6, 14.041,341.528,0.030207,359.5,  0.998,4.18e-01, 17.3,23.4, - 
6461,143322,23072017,18102022 000825,  17, 42101.4,  9.444,305.296,0.017866,359.6,289.452,2.33e+00, 17.5, 0.8,152
6462,143323,26072017,18102022 154059,   3, 42098.1,  2.583,324.092,0.029741,357.8,333.565,2.01e+00, 17.1, 0.4, 35
6463,143324,21042018,18102022 014813,   1, 41909.2,  0.673,203.318,0.147909,  9.1,319.895,7.08e+00, 15.2, 0.7,134
6464,143325,15082018,17102022 153240,1522, 41411.9, 24.750,  8.584,0.762454,359.7,192.208,4.47e+01, 15.4, -  , - 
6465,143326,29092018,17102022 143939,1298, 42141.5, 41.263, 11.756,0.528328,359.8,198.321,2.88e+01, 17.0, -  , - 
6466,143327,19102018,18102022 101606,1391, 42254.3, 30.971, 28.658,0.013032,359.8, 56.710,1.11e+01, 15.5, -  , - 
6467,143328,12042019,18102022 022949, 604, 42116.6,  4.975, 80.774,0.167043,359.7,147.681,9.61e-02, 18.0, -  , - 
6468,143330,23082019,17102022 154606, 354, 42092.6,  1.905,344.672,0.090599,356.4,250.934,5.90e+00, 17.2, 9.7, - 
6469,143332,09112019,18102022 081252,   1, 42142.9,  8.347, 78.801,0.178582,359.8,116.459,6.67e+00, 13.4, 0.9, 99
6470,143333,01022020,18102022 093537,   3, 42114.4,  2.626, 88.147,0.003106,359.9, 99.599,1.66e-01, 17.2, 0.1, 10
6471,143335,07042021,17102022 133736, 550, 42231.1, 14.272,  5.520,0.057109,359.5, 97.809,9.89e+00, 15.5,75.7, - 
6472,143336,02092022,17102022 225249,   0, 42117.3,  2.262,317.269,0.018292,357.8,348.914,1.00e-02, 18.2, 0.3, 24
6473,143400,18092006,17102022 065920,  21, 42148.7,  2.818,311.895,0.044049,358.4,233.410,3.56e-02, 17.4, 1.2, 44
6474,143401,20052007,18102022 001211, 190, 42383.6,  1.462, 71.939,0.329881,358.3,120.952,1.45e+00, 18.4, 9.7, - 
6475,143404,29032009,18102022 035440, 238, 42121.1, 14.664,356.577,0.003082,359.5, 74.858,1.85e-01, 13.8, 3.6,594
6476,143405,11062009,17102022 234446,   1, 42159.1, 10.470,197.971,0.096866,  0.7, 54.541,3.34e-02, 13.1, 0.1,  3
6477,143407,15022012,18102022 040735,  40, 42129.4,  1.546,279.240,0.004604,359.4,219.770,4.53e-01, 16.1, 3.5,619
6478,143408,25102009,17102022 153957,   6, 42191.1,  7.935,299.675,0.142423,359.6,305.598,1.98e+00, 16.6, 0.3, 43
6479,143409,19102014,18102022 133424,  11, 42129.6,  7.447,291.342,0.006460,359.7,348.623,7.03e-02, 16.9, 0.1, 12
6480,143410,18102014,17102022 192113,   3, 42156.3,  1.327, 29.003,0.088543,355.0,168.113,7.92e+00, 16.7, 0.1, 23
6481,143412,17102015,17102022 135001, 199, 42112.9,  2.309,308.698,0.003868,358.2,277.451,5.57e-03, 17.0, 1.3,118
6482,143413,13122015,17102022 154405,  48, 42091.5, 10.215,305.724,0.074430,359.6, 74.256,1.21e+00, 17.0, 2.8,494
6483,143415,30072016,17102022 065244, 366, 42159.2,  8.627,300.809,0.035614,359.6,332.440,4.40e+00, 17.2, 7.8, - 
6484,143416,21102016,17102022 164838,1815, 41957.1, 24.599, 60.778,0.165544,359.8,297.240,1.58e+01, 16.4, -  , - 
6485,143417,25112016,18102022 023745, 158, 41831.8, 23.168, 63.165,0.329495,359.9, 91.541,1.65e+01, 17.0,12.5, - 
6486,143418,23122016,17102022 184121,  16, 42131.9,  9.620,311.555,0.001008,359.5,335.961,1.85e-02, 18.5, 0.4, 44
6487,143419,30062017,18102022 010841,1463, 42130.2,  9.911,299.743,0.101504,359.7, 36.966,1.58e+00, 18.1,17.9, - 
6488,143421,24092017,17102022 085741,1705, 42132.9, 14.523,278.902,0.432110,359.9,298.565,2.11e-02, 16.6,10.0, 37
6489,143422,14102017,18102022 020958,1486, 42121.6, 14.602, 62.587,0.039759,359.8,134.315,1.09e+01, 16.9, -  , - 
6490,143423,17102017,17102022 220059,  11, 42196.1,  8.559,291.873,0.090994,359.7,266.932,3.06e+00, 17.2, 1.8,321
6491,143426,26032018,17102022 134839,1474, 42133.0,  1.026,287.558,0.258664,358.2,242.353,5.37e+00, 18.6,35.4, - 
6492,143428,19082018,18102022 035108, 204, 41959.6, 18.540, 43.982,0.071581,359.7,123.165,8.95e+00, 17.2,85.2, - 
6493,143429,03122018,18102022 072941,1389, 41954.3, 30.486,333.003,0.524749,359.8,231.608,2.74e+01, 12.1, -  , - 
6494,143432,24082019,18102022 155035,1115, 42138.4,  6.831, 73.780,0.062426,359.7,356.567,4.83e+00, 17.4, -  , - 
6495,143436,20112019,17102022 063026, 203, 42162.1,  2.031,235.334,0.132543,  2.0,  8.749,3.95e+00, 14.7,19.9, - 
6496,143437,19012020,17102022 191336, 132, 42096.6,  2.720, 49.042,0.229609,358.2,286.202,5.25e+00, 18.0,93.0, - 
6497,143439,04082021,18102022 004645,   9, 42140.8,  2.594, 92.374,0.124955,  0.1,120.660,7.90e+00, 16.2, 1.2,218
6498,143440,04082021,17102022 090736, 132, 42189.0,  3.218, 85.962,0.007208,359.8, 79.170,1.76e-01, 17.4, 2.5,403
6499,143441,30102021,18102022 171647, 336, 42097.6,  4.316,226.750,0.364495,  1.1,337.922,7.17e+00, 13.3,64.5, - 
6500,143442,06112021,17102022 064817,  48, 42110.5,  4.159,277.219,0.118880,359.8,259.404,4.55e+00, 17.2, 1.0,181
6501,143443,30012022,17102022 235618, 256, 42161.0,  1.061, 95.119,0.086329,  0.6, 69.235,3.89e+00, 18.0, -  , - 
6502,143444,31032022,17102022 233320, 143, 42124.0,  4.257, 42.015,0.168027,358.7,188.797,6.15e+00, 18.2, 4.4,735
6503,143445,21042022,18102022 024831,   0, 42149.0,  1.665,352.981,0.111524,355.8,174.398,1.59e+00, 15.9, 0.1, 15
6504,143500,27121984,18102022 140505,   1, 42148.7,  9.994,310.977,0.002949,359.5, 81.844,6.60e-02, 13.5, 0.1,  2
6505,143501,24102006,17102022 074827,   1, 42165.1, 11.247, 30.936,0.000025,359.4,152.866,6.37e-03, 12.1, 0.1,  5
6506,143502,15021993,17102022 083810,   1, 42471.9, 14.707,355.507,0.000709,359.5, 85.307,1.16e-02, 12.8, 0.1,  1
6507,143503,24092001,18102022 031050,   0, 42165.2, 11.581, 25.262,0.000104,359.4, 86.839,2.77e-04, 11.9, 0.4, 22
6508,143504,03042005,18102022 081727,   1, 42165.1, 10.170, 27.039,0.000340,359.4,185.838,8.84e-03, 10.2, 0.1,  1
6509,143505,15011994,17102022 084039,  12, 42160.4,  6.227,354.930,0.086266,358.9,  7.571,1.89e-02, 10.5, 0.2,  8
6510,143506,05092000,17102022 153952,   0, 42180.2, 13.474,273.768,0.140570,360.0, 20.938,2.57e-02, 13.2, 0.1,  1
6511,143507,03071992,17102022 130309,   1, 42578.8, 13.377, 19.053,0.000861,359.5, 25.824,1.36e-02, 13.2, 0.1,  1
6512,143508,16102004,18102022 065930,   1, 42164.7, 15.619, 41.823,0.000361,359.6,173.016,1.03e-02,  9.9, 0.2,  4
6513,143509,17121998,17102022 181416,   0, 42167.1,  8.533,353.859,0.035802,359.2,284.138,1.60e-02, 10.0, 0.1,  1
6514,143510,14052007,17102022 144421,   1, 42165.1, 10.374, 39.653,0.000323,359.5,173.947,1.00e-02, 10.3, 0.1,  1
6515,143511,04062004,17102022 184349,   1, 42165.3, 10.309, 34.819,0.000048,359.4,235.667,2.18e-02, 11.7, 0.1,  1
6516,143512,04102006,17102022 165814,   1, 42164.1, 12.225, 24.406,0.000235,359.5,198.036,1.86e-02, 12.2, 0.1,  1
6517,143513,01021995,17102022 204747,   0, 42166.0, 12.548, 19.690,0.003239,359.5,107.597,1.79e-03, 10.2, 0.1,  1
6518,143514,18012004,18102022 102813,   1, 42164.4,  8.367, 54.007,0.000113,359.5,119.878,9.99e-03, 12.3, 0.1,  6
6519,143515,08092007,18102022 091033,   0, 42164.2, 12.121, 37.970,0.000573,359.5,181.355,1.00e-02, 11.2, 0.1,  1
6520,143516,29042006,18102022 045752,   1, 42163.3,  7.729, 59.222,0.000420,359.5,141.214,1.01e-02, 12.1, 0.2,  8
6521,143517,13092003,17102022 204612,   1, 42165.5, 12.887, 45.929,0.004546,359.6,216.415,2.28e-02,  8.1, 0.1,  1
6522,143518,26082001,18102022 125555,   1, 42165.3,  9.802, 41.873,0.000209,359.4,183.522,9.93e-03, 12.2, 0.1,  1
6523,143519,04061995,17102022 150825,   1, 42165.2, 15.576, 19.856,0.005821,359.6,158.819,1.00e-02,  8.0, 0.1,  1
6524,143520,17022001,17102022 164443,   1, 42167.3,  9.908, 27.438,0.000636,359.3,182.328,1.00e-02, 10.7, 0.1,  1
6525,143521,07112000,17102022 104353,   1, 42165.3, 12.206, 20.926,0.000090,359.4,316.299,1.03e-02, 11.7, 0.1,  2
6526,143522,15011994,17102022 210137,   0, 42166.0, 11.511, 10.765,0.000541,359.4,199.195,3.41e-02, 12.0, 0.1,  1
6527,143523,29082002,17102022 225241,   0, 42164.2,  9.685, 28.826,0.000272,359.3,191.109,3.26e-02,  9.8, 0.1,  1
6528,143524,20011985,18102022 123538,   1, 42128.3,  8.541,298.793,0.001537,359.6,305.218,7.13e-03, 14.2, 0.1,  1
6529,143525,01031989,18102022 110116,   1, 42171.3,  1.092,273.331,0.001281,359.7,233.328,3.78e-02, 11.4, 0.1,  1
6530,143526,31102006,18102022 052921,   1, 42158.5, 13.345,295.030,0.001934,359.8,318.906,3.73e-02, 11.1, 0.1,  1
6531,143527,09012005,17102022 113859,   2, 42159.9,  8.443,299.733,0.003909,359.6,264.599,8.97e-03, 16.1, 0.1,  9
6532,143528,21072006,18102022 140922,   1, 42150.2,  8.551,300.999,0.018291,359.6, 35.879,9.88e-03, 14.2, 0.1,  1
6533,143529,18072006,18102022 150811,   6, 42152.1,  9.880,311.655,0.001786,359.5,  7.906,8.05e-04, 16.3, 0.1, 13
6534,143530,30012008,18102022 150256,   1, 42148.9, 11.870,328.585,0.002343,359.5,106.005,2.85e-02, 15.3, 0.1,  3
6535,143531,11102008,17102022 183816,   6, 42101.3,  2.825,327.378,0.036451,357.9,311.928,2.03e+00, 16.2, 0.1, 15
6536,143533,21072009,18102022 055428, 130, 42185.8,  9.900,308.657,0.016261,359.6,236.234,8.67e-02, 17.5, 9.4,329
6537,143534,19072009,17102022 202609,  21, 42193.2,  7.540, 54.325,0.015193,359.4,331.957,1.05e-01, 17.0, 0.4, 57
6538,143535,22112010,17102022 230604,   0, 42166.0,  6.147,107.780,0.004185,  0.4,178.143,1.20e-03,  7.9, 0.1,  1
6539,143536,03112010,18102022 135417,  21, 42190.4,  9.780,311.971,0.003560,359.5,348.009,8.49e-02, 17.5, 0.1, 14
6540,143537,28032011,18102022 072725,  44, 42117.5,  5.175, 69.096,0.263033,359.5,160.619,6.95e+00, 17.3,62.5, - 
6541,143538,21032009,17102022 182222,   1, 42183.7, 14.790,  7.586,0.009606,359.5, 15.129,1.39e-01, 16.5, 0.1,  6
6542,143539,24082011,18102022 152231,   4, 42156.4,  9.829,311.779,0.004649,359.5, 98.148,5.90e-01, 17.4, 0.2, 19
6543,143540,28072009,17102022 141529,  40, 42157.1,  9.316,307.664,0.147145,359.5, 83.706,1.32e+00, 16.6, 5.3,932
6544,143541,26102011,18102022 084235,  29, 42184.5,  4.683,280.498,0.037551,359.7,339.464,2.46e-01, 17.1, 0.4, 60
6545,143542,28012008,17102022 173735,  10, 42190.8,  6.538,333.579,0.176145,359.0,222.700,2.11e+00, 17.2, 1.0,104
6546,143543,22062012,17102022 062856,   1, 42165.8,  4.613, 98.763,0.000367,  0.2,192.423,1.34e-02, 10.9, 0.1,  1
6547,143545,15022012,18102022 002134,   1, 42172.8,  6.063, 69.980,0.018010,359.6,258.531,1.07e-01, 16.6, 0.1,  6
6548,143546,15112012,18102022 134050,   4, 42181.6,  5.347,  8.859,0.138314,358.7,210.460,6.62e+00, 16.8, 0.2, 25
6549,143547,10112008,18102022 084505, 132, 42132.2,  8.834,298.622,0.007871,359.6,252.446,1.93e-01, 16.2, 3.9,549
6550,143548,19122011,18102022 152057, 402, 42189.7,  9.830,309.991,0.035450,359.5,285.408,6.72e-02, 18.0, 6.1,397
6551,143549,29072012,18102022 005751,   1, 42177.6,  6.559,286.892,0.003828,359.7,182.107,1.01e-01, 16.9, 0.1,  4
6552,143551,27102014,18102022 043405,2767, 42167.2, 16.283, 64.256,0.196356,359.8, 52.208,7.91e+00, 17.4, -  , - 
6553,143552,28102014,18102022 105413, 354, 42172.3,  8.781,299.427,0.000672,359.6,269.087,1.00e-02, 17.3, 1.4,185
6554,143553,14092015,17102022 231623,   2, 42129.8,  3.266, 44.747,0.224423,358.4,135.341,2.37e+00, 16.7, 0.1, 15
6555,143554,07102015,18102022 021225,1864, 42080.8, 13.762, 56.380,0.021360,359.7,181.545,7.58e+00, 17.0, -  , - 
6556,143555,12012016,17102022 090739,1375, 38698.6, 32.556,  3.757,0.102469,359.8,136.373,1.89e+01, 13.5, -  , - 
6557,143556,10022016,17102022 230147, 314, 42162.5, 13.809, 16.333,0.004906,359.5, 45.249,5.91e-02, 16.3, 2.9,510
6558,143557,12032016,17102022 124546, 149, 42546.7, 10.196, 55.726,0.246677,359.6,105.179,6.26e+00, 16.7,66.9, - 
6559,143558,25052016,18102022 163828,   0, 42282.5, 24.299, 43.651,0.468596,359.8,154.640,1.63e+01, 12.1, 0.3, 46
6560,143559,09072016,17102022 132652, 173, 42175.2,  2.221,304.597,0.128805,358.3,305.421,6.45e+00, 17.6, 7.4, - 
6561,143560,08092016,17102022 222041,  12, 42156.5,  6.617,313.033,0.125018,359.3,254.831,4.73e+00, 17.1, 0.9,140
6562,143561,22102016,17102022 193334,  42, 42108.2,  8.937,298.241,0.003997,359.6,295.908,8.32e-01, 17.8, 5.5, - 
6563,143563,22112016,18102022 084919, 281, 42066.7, 19.666,351.064,0.093672,359.6,171.234,9.13e+00, 17.2,14.1, - 
6564,143564,22112016,18102022 024435,   5, 42225.4,  3.251,357.388,0.138321,357.8,274.332,6.57e+00, 16.8, 0.4, 62
6565,143565,02092016,18102022 133559, 258, 42178.1,  7.525,292.191,0.003822,359.7,267.548,2.11e-01, 17.8, 2.9,525
6566,143567,22072017,17102022 194343, 135, 42188.6, 12.287, 24.594,0.249119,359.5,183.345,1.15e+01, 16.0,16.9, - 
6567,143568,17082017,17102022 230808, 132, 42171.3,  8.677,301.466,0.033374,359.6,266.069,5.35e-01, 16.5, 8.5, - 
6568,143569,10092017,17102022 214150,   3, 42108.0,  8.650,297.165,0.023283,359.6,206.529,1.28e+00, 16.3, 0.5, 92
6569,143570,21092017,17102022 113054,  68, 42149.7,  8.320,311.261,0.244421,359.4,259.206,3.07e-02, 17.3, 2.2,205
6570,143571,15102017,18102022 011612,  18, 42126.3,  9.553,311.254,0.004068,359.5,285.977,2.75e-01, 17.9, 0.9,154
6571,143572,19102017,17102022 204820, 931, 42167.2,  6.055, 49.729,0.269941,359.2,117.001,4.97e+00, 16.6,46.9, - 
6572,143573,15112017,18102022 043754,  51, 42057.5, 10.892,115.532,0.441342,  0.3,128.423,1.66e+01, 17.2, 5.7,759
6573,143575,09012018,18102022 140316, 518, 42170.0, 11.353,324.100,0.011360,359.5,247.636,7.81e-01, 16.9,28.0, - 
6574,143576,26012018,17102022 063125, 215, 42156.2, 14.166,347.712,0.012629,359.5,207.460,1.33e+00, 17.1,10.2, - 
6575,143577,18022018,18102022 065006, 215, 42160.4, 13.908,347.825,0.113750,359.5,354.508,1.17e+00, 17.5,19.2,911
6576,143578,18022018,18102022 055042, 603, 42156.3, 13.955,347.601,0.039102,359.5, 44.276,1.80e+00, 17.2,12.5, - 
6577,143579,11032018,18102022 002604, 430, 42154.9,  3.816,273.821,0.012694,359.9,283.910,8.77e-02, 18.0, 3.0,499
6578,143580,19032018,17102022 063100,  22, 42185.7, 14.117,347.563,0.011076,359.5,179.095,1.58e+00, 17.3, 3.0,547
6579,143581,22062018,17102022 220624,   2, 42163.1,  1.565, 94.557,0.002483,  0.3,264.067,9.07e-02, 16.4, 0.1,  5
6580,143583,09122018,18102022 110126, 281, 41894.0, 29.236,346.010,0.584098,359.8,250.042,1.60e+01, 17.1, -  , - 
6581,143586,27072019,18102022 000005, 232, 42184.3, 11.712, 76.264,0.301573,359.8, 97.477,2.62e+00, 17.7,63.1, - 
6582,143588,03102018,17102022 171713,   3, 42172.7, 11.365, 28.666,0.004860,359.4, 76.460,6.31e-02, 16.8, 0.1, 12
6583,143589,13042020,18102022 100224, 336, 42144.1,  2.633,278.151,0.143240,359.7,267.254,4.29e+00, 17.0,54.5, - 
6584,143593,10112020,17102022 190515,   4, 42152.9,  5.133, 40.959,0.166510,358.9,103.904,8.87e+00, 16.2, 1.2,213
6585,143595,14112020,17102022 144854, 686, 42277.3, 17.591,  9.806,0.259585,359.6,252.483,1.02e+01, 14.7,47.4, - 
6586,143596,19022021,18102022 005838,  68, 42194.6,  1.978, 65.725,0.026995,358.4,335.228,2.05e+00, 15.5,10.7, - 
6587,143597,18052021,17102022 183325,   0, 42165.6,  7.069,326.363,0.000226,359.2,248.984,7.97e-03, 12.5, 0.1,  1
6588,143598,03082021,18102022 002145,  23, 42187.0,  6.212,320.580,0.063860,359.1,281.113,3.62e+00, 17.4, 1.4,215
6589,143599,03082021,18102022 105630,   3, 42172.0,  8.785,299.411,0.000599,359.6,264.323,3.39e-02, 17.8, 0.3, 32
6590,143600,15011996,17102022 234852,   0, 42658.4, 12.597, 24.512,0.000704,359.5, 12.266,1.59e-02, 13.1, 0.1,  1
6591,143601,04111999,17102022 131453,   1, 42144.7,  8.774,343.477,0.005077,359.2,149.594,1.18e-02, 10.8, 0.1,  1
6592,143602,29072009,18102022 014637,   0, 42182.3,  6.713,287.929,0.001469,359.7,  7.769,1.00e-02, 12.9, 0.1,  1
6593,143603,15081999,17102022 232556,   0, 42165.7,  7.845,352.133,0.003748,359.1,282.818,1.00e-02,  8.3, 0.1,  1
6594,143604,23091998,17102022 224340,   0, 42592.7, 10.495, 20.859,0.000728,359.4,131.802,2.04e-02, 12.8, 0.1,  1
6595,143605,10032004,17102022 194600,   1, 42164.9,  7.216, 38.261,0.000267,359.2,120.208,2.24e-02, 11.8, 0.1,  1
6596,143606,29061997,17102022 222301,   0, 42516.6, 13.962, 13.412,0.000718,359.5,295.919,1.10e-02, 12.5, 0.1,  1
6597,143607,28042005,17102022 115645,   1, 42164.3,  9.870, 17.773,0.000475,359.3,157.697,2.84e-02, 12.1, 0.1,  1
6598,143608,28031995,18102022 163310,   1, 42165.5,  7.828,  6.718,0.094155,359.1,317.428,3.11e-02,  9.9, 0.1,  1
6599,143609,12062001,18102022 161235,   1, 42165.3,  9.381, 45.196,0.000232,359.4,204.128,1.22e-02, 12.3, 0.1,  1
6600,143610,22122000,18102022 115132,   1, 42153.3,  9.609, 29.701,0.000187,359.3,182.859,1.00e-02, 12.6, 0.1,  1
6601,143611,30031995,18102022 045727,   1, 42165.2, 14.584,  4.938,0.000130,359.5,190.278,1.00e-02, 12.0, 0.1,  5
6602,143612,23111997,18102022 070805,   1, 42164.5, 13.596, 13.568,0.000285,359.5,205.651,2.69e-02, 10.5, 0.1,  3
6603,143613,10031997,18102022 070445,   1, 42196.7,  9.935, 23.462,0.000834,359.3, 88.271,1.32e-02, 13.0, 0.1,  1
6604,143614,04012005,18102022 034959,   0, 42547.1, 13.770,349.220,0.003801,359.5,297.743,1.73e-02, 12.6, 0.1,  1
6605,143615,18091980,17102022 220722,   0, 42185.7,  5.643,  0.475,0.128964,358.7, 65.714,2.35e-02, 10.3, 0.1,  1
6606,143616,24021992,17102022 172701,   1, 42165.1, 12.816,359.634,0.000587,359.4,154.438,1.00e-02, 12.4, 0.1,  1
6607,143617,30011993,17102022 222519,   0, 42644.4, 15.405,345.215,0.001380,359.5,239.743,1.00e-02, 13.2, 0.1,  1
6608,143618,06022000,18102022 015656,   0, 42166.2,  8.917, 33.344,0.000554,359.3,166.700,5.00e-02, 11.7, 0.1,  1
6609,143619,19032001,17102022 064835,   4, 42600.5, 10.216, 38.975,0.000796,359.4,131.689,2.52e-02, 11.6, 0.1,  2
6610,143620,10101993,17102022 173428,   1, 42170.9,  9.165,334.609,0.128909,359.3,106.079,2.95e-02, 13.1, 0.1,  1
6611,143621,28011995,17102022 094044,   1, 42175.0,  5.861,351.325,0.100217,358.8, 27.949,2.45e-02, 10.4, 0.1,  1
6612,143622,24021987,18102022 115257,   1, 42166.9,  3.665,281.183,0.002603,359.7,231.697,3.93e-02, 11.3, 0.1,  1
6613,143623,14102006,18102022 061655,   5, 42157.6, 14.127,347.520,0.005479,359.5,252.798,1.55e-02, 12.8, 0.1,  8
6614,143624,23101992,18102022 123855,   1, 42148.2,  9.784,312.084,0.004471,359.5,327.764,7.39e-02, 12.7, 0.1,  1
6615,143625,30042006,18102022 120318,  10, 42177.2,  8.705,299.484,0.002827,359.6, 11.754,1.60e-01, 17.1, 0.2, 26
6616,143626,17122004,17102022 090013,  22, 42175.4,  7.419,291.693,0.001693,359.7,186.413,1.10e-02, 17.1, 0.4, 59
6617,143627,13032007,18102022 023742, 345, 42145.6,  1.606,353.852,0.109818,355.6,171.214,1.62e+00, 16.7,39.5, - 
6618,143628,31122007,17102022 093251,   9, 42156.1, 12.404,336.221,0.017706,359.5,277.801,7.02e-02, 15.7, 0.2, 21
6619,143629,08122007,17102022 235851,   0, 42165.2,  0.115, 98.212,0.000058,294.0,188.514,1.67e-02, 11.5, 0.1,  1
6620,143630,04032008,17102022 201452,   0, 42148.2, 13.493,347.390,0.017291,359.5,158.355,2.00e-01, 13.7, 0.1,  3
6621,143631,01082008,18102022 153615,   2, 42154.9,  8.753,299.349,0.005903,359.6,158.147,1.94e-01, 16.6, 0.1,  8
6622,143632,20082007,17102022 202552,   1, 42157.4,  9.335, 47.238,0.003459,359.5, 19.940,8.09e-02, 16.9, 0.1,  4
6623,143633,18012009,17102022 213726,   0, 42165.5,  6.929, 35.461,0.000693,359.1,288.556,3.36e-02,  8.3, 0.1,  1
6624,143634,23112008,18102022 002040,   1, 42170.4, 14.005,  9.954,0.007736,359.5,167.419,1.99e-01, 13.6, 0.1,  6
6625,143635,25042009,18102022 034309,   0, 42165.5,  0.248, 92.394,0.000574,  1.7,133.468,1.00e-02, 10.6, 0.1,  1
6626,143636,03092008,18102022 152742,  12, 42186.0,  9.627,312.812,0.079589,359.5,215.660,2.00e+00, 17.4, 0.6, 82
6627,143637,20052009,17102022 235849,   1, 42165.7,  0.116, 95.635,0.000028,348.1,183.513,1.69e-02, 11.5, 0.1,  1
6628,143638,19052009,17102022 160056,  46, 42211.8,  9.861,310.486,0.062068,359.5,182.069,1.21e-02, 17.4, 0.5, 28
6629,143639,16092009,18102022 052612,   0, 42167.9,  0.191,121.019,0.000882, 37.4,243.776,2.01e-02, 10.8, 0.1,  1
6630,143641,26102009,18102022 125319,  10, 42175.5,  9.917,311.547,0.001915,359.5,172.740,5.31e-03, 17.4, 0.2, 18
6631,143642,15062010,17102022 234001,   0, 42163.9,  0.281, 95.645,0.000020,  3.9,269.601,4.70e-03, 11.3, 0.1,  1
6632,143643,12082010,18102022 124322,   3, 42163.3,  8.165,290.576,0.066568,359.7,237.345,2.80e+00, 16.9, 0.1, 17
6633,143644,26082010,18102022 033700,   1, 42165.1,  4.947, 85.049,0.000552,359.9, 69.335,1.00e-02, 11.0, 0.1,  1
6634,143645,15122010,18102022 011445,   1, 42154.7,  6.594,287.349,0.014037,359.7, 13.669,1.66e-01, 16.6, 0.1,  3
6635,143646,02022011,17102022 192918,   2, 42220.3,  6.090,295.840,0.111335,359.5,325.664,5.87e+00, 16.7, 0.3, 25
6636,143647,29032011,18102022 174812,   1, 42491.2,  4.903, 22.678,0.000910,358.6,193.258,1.00e-02, 10.5, 0.1,  1
6637,143648,08052011,17102022 194842,   0, 42165.3,  2.078, 32.667,0.000222,357.0,182.618,2.56e-02, 12.6, 0.1,  1
6638,143649,02092005,17102022 122902,   2, 42143.4,  7.446,291.364,0.026365,359.7,304.433,5.57e-01, 17.2, 0.3, 23
6639,143650,17022012,17102022 235848,   1, 42166.3,  0.118, 96.779,0.000029, 17.8,118.024,1.00e-02, 11.3, 0.1,  1
6640,143651,12032012,18102022 071246,   0, 42165.2,  3.135, 36.640,0.005065,358.1,358.269,1.18e-02,  9.9, 0.1,  1
6641,143652,18052012,18102022 083413,   0, 42165.6,  3.695, 62.175,0.000341,359.0,151.723,1.00e-02, 11.4, 0.1,  1
6642,143653,01072012,17102022 230537,   1, 42164.7,  4.283, 69.122,0.001762,359.4, 12.269,1.00e-02,  8.2, 0.1,  1
6643,143655,01042013,18102022 023605,   0, 42165.5,  2.109, 30.603,0.000270,357.0,195.852,1.00e-02, 12.3, 0.4, 26
6644,143656,22062013,17102022 235849,   0, 42166.2,  0.121,105.054,0.000088,228.6,175.505,1.00e-02, 11.7, 0.1,  5
6645,143657,20072013,18102022 114756,   1, 42164.9,  2.842, 28.893,0.005698,357.7,177.823,1.00e-02,  9.1, 0.1,  1
6646,143658,20062013,17102022 144933, 399, 42240.1,  8.742,298.481,0.011928,359.6,239.290,2.51e-01, 17.3, 4.9,871
6647,143659,16092013,17102022 235850,   1, 42165.6,  0.120,104.822,0.000085,146.1,171.154,1.00e-02, 11.7, 0.1,  4
6648,143660,24102013,18102022 132437,   1, 42166.8,  2.088, 73.898,0.005693,358.9,179.037,1.00e-02, 11.3, 0.1,  3
6649,143662,18042014,17102022 201202,   1, 42165.4,  2.344, 53.266,0.000387,358.1,155.242,1.37e-02, 10.4, 0.1,  1
6650,143664,22012015,17102022 235950,   2, 42154.4,  4.275, 84.249,0.014825,359.8,231.253,9.33e-02, 16.6, 0.1,  7
6651,143665,02052015,17102022 235847,   1, 42164.8,  0.134, 98.260,0.000152,324.9,107.866,2.29e-02, 10.5, 0.1,  1
6652,143667,28102015,18102022 012713, 233, 42431.3, 18.881, 49.727,0.159018,359.7,161.368,3.15e+01, 17.1,32.9, - 
6653,143673,31032016,17102022 193817,  12, 42158.5, 11.325, 29.311,0.007772,359.4,166.419,3.20e-01, 17.0, 0.5, 66
6654,143674,20082016,17102022 185609,   1, 42203.1,  0.869, 94.487,0.000086,  0.6,349.728,6.19e-03, 13.6, 0.1,  1
6655,143676,07102016,18102022 120438,  17, 42183.3,  7.397,291.587,0.041421,359.7,344.158,1.52e-01, 17.6, 0.3, 42
6656,143678,18012017,17102022 141012,   5, 42167.5,  9.202,312.076,0.187811,359.5,245.167,1.25e+01, 16.2, 1.4,253
6657,143679,03022017,17102022 190756,   3, 42141.6, 15.549, 54.277,0.123872,359.7, 95.394,8.42e+00, 16.4, 0.3, 30
6658,143680,24112016,18102022 134935, 346, 42157.0, 11.050,321.059,0.014041,359.5,240.342,3.66e-01, 17.6, 8.8, - 
6659,143681,02062017,18102022 075627,   0, 42178.2,  9.202, 67.200,0.097564,359.7,125.698,5.48e+00, 16.1, 0.4, 37
6660,143682,28062017,18102022 030318,   5, 42165.7,  6.122,356.974,0.048321,358.8,195.959,6.49e+00, 17.1, 0.3, 36
6661,143683,02062017,17102022 220204,   9, 42152.4,  4.547,279.736,0.035156,359.8,238.589,1.38e+00, 16.7, 0.4, 75
6662,143686,15032018,17102022 182113,1294, 42158.0,  4.223,277.486,0.113128,359.8,258.090,4.60e+00, 17.3,50.9, - 
6663,143687,17032018,18102022 120609,  24, 42182.3,  7.625,292.417,0.010585,359.7,204.313,1.17e-01, 20.4, 0.2, 40
6664,143692,16112019,17102022 195356,  24, 42178.7,  2.984, 85.966,0.017528,359.8,346.599,1.81e+00, 16.7, 0.8,142
6665,143696,23112020,18102022 064955,  38, 42197.5,  5.999, 85.899,0.180737,359.9, 60.820,1.16e+01, 15.9, 5.6,741
6666,143697,16032019,17102022 235850,   0, 42165.8,  0.121, 96.847,0.000027,349.7,125.107,2.66e-02, 11.5, 0.1,  1
6667,143698,02092021,17102022 231958, 321, 42164.6,  1.644, 94.456,0.034028,  0.3,233.459,2.22e+00, 16.0,30.7, - 
6668,143699,30092021,17102022 222109, 285, 42163.4,  2.647, 88.214,0.011965,359.9, 72.833,4.07e+00, 17.6,12.4, - 
6669,143700,26082003,17102022 093121,   0, 42197.9,  8.290, 35.897,0.005401,359.3,101.174,1.00e-02, 10.6, 0.1,  1
6670,143701,01021995,17102022 214158,   0, 42146.7, 11.839, 13.587,0.000312,359.4,159.112,2.00e-02, 12.9, 0.1,  1
6671,143702,22112005,17102022 232848,   2, 42195.5,  8.633,298.988,0.001589,359.6,203.880,2.00e-02, 14.3, 0.1,  2
6672,143703,12092001,18102022 125708,   1, 42136.1, 12.059,265.746,0.134122,  0.1, 58.617,2.75e-02, 13.0, 0.1,  1
6673,143704,09102005,17102022 100704,  59, 42366.1,  2.830,266.719,0.400343,  0.2,332.127,5.13e+00, 18.4,46.1, - 
6674,143706,10012008,18102022 174033,   1, 42151.6,  8.076, 59.668,0.000178,359.5, 94.497,1.20e-02, 12.6, 0.1,  1
6675,143707,30122007,18102022 082846, 158, 42153.9,  9.805,308.478,0.062512,359.6,126.613,2.89e-01, 15.8, 8.6, - 
6676,143708,07062008,18102022 045445,1710, 42056.4,  4.263,342.607,0.088958,358.4,146.032,6.54e+00, 18.3, -  , - 
6677,143709,02082008,18102022 143418,   2, 42274.9,  7.833, 34.099,0.144824,359.2,142.660,9.43e+00, 15.3, 0.1, 20
6678,143712,17032010,18102022 125247,  91, 42274.7, 14.864,356.626,0.003312,359.5,207.452,7.72e-01, 17.5, 0.9, 90
6679,143715,04022011,17102022 213649, 513, 42267.0, 29.391, 33.586,0.057147,359.8,341.047,7.05e+00, 14.5, -  , - 
6680,143716,29092011,17102022 190012,   2, 42136.7,  8.347,297.412,0.044549,359.6,339.357,1.05e+00, 16.2, 0.3, 31
6681,143717,26102011,17102022 092725, 147, 42067.7,  8.058,295.981,0.124177,359.6,266.537,1.13e+00, 18.0,49.4, - 
6682,143718,16012012,18102022 170956, 279, 42201.8, 11.589,324.859,0.019575,359.5,181.073,2.69e-01, 16.1,11.0, - 
6683,143719,17022012,17102022 040941,  45, 42248.9,  2.279,319.976,0.371476,357.7,313.810,1.80e-01, 16.5, 2.8,203
6684,143720,13062007,18102022 050455,   9, 42169.4,  7.319,290.206,0.067342,359.7,288.707,1.80e-01, 14.3, 0.4, 42
6685,143721,12102013,17102022 180645,  30, 42187.7,  8.689,299.246,0.004030,359.6,222.072,1.28e-01, 17.3, 0.5, 46
6686,143722,17112013,18102022 062436,1285, 42503.9, 16.345,355.444,0.300068,359.6,318.359,5.58e+00, 16.7, -  , - 
6687,143725,09032015,17102022 052749, 237, 42309.6,  7.737,273.570,0.214519,360.0,276.515,4.47e+00, 15.8,71.7, - 
6688,143726,07042015,18102022 004207, 998, 42442.9, 40.148,  7.272,0.496138,359.8,155.689,9.13e+00, 16.8, -  , - 
6689,143727,09052015,17102022 213942,  10, 42184.6,  2.885,348.849,0.050897,357.6, 28.569,3.28e+00, 16.3, 0.9,141
6690,143728,24072015,17102022 235850,   1, 42165.3,  0.114, 97.103,0.000066,104.1,143.891,1.00e-02, 11.6, 0.1,  1
6691,143729,19092015,17102022 181254,1320, 42151.1, 13.826,  0.021,0.308182,359.5,230.504,1.74e+01, 15.6, -  , - 
6692,143732,14042016,17102022 233256, 190, 42320.3,  1.903,292.593,0.134574,358.7,294.195,4.48e+00, 18.4,15.7, - 
6693,143733,28022016,18102022 003152,   2, 42352.5, 10.522,310.503,0.009809,359.6,135.388,2.63e-01, 17.9, 0.8, 56
6694,143734,25112016,17102022 182850, 150, 42149.7, 22.406,350.290,0.164209,359.7,206.445,1.01e+01, 16.4,33.5, - 
6695,143735,02022017,18102022 114452,   2, 42081.1, 20.655, 51.965,0.112553,359.8,158.641,1.41e+01, 14.5, 0.2, 31
6696,143736,01072017,17102022 121907, 239, 42126.3,  6.648, 68.769,0.311620,359.6,348.919,3.07e+00, 15.8, -  , - 
6697,143737,12092017,18102022 030038, 253, 42215.1,  7.608,292.704,0.130416,359.7,182.382,3.10e+00, 17.8, 5.8,725
6698,143740,29112017,17102022 082443, 984, 42163.6,  8.759, 59.609,0.069685,359.6,105.235,8.60e+00, 16.8, -  , - 
6699,143741,15012018,18102022 150651,   6, 42180.0, 10.037,310.682,0.001849,359.5,123.280,9.48e-03, 16.1, 0.4, 32
6700,143743,19022018,17102022 124309, 491, 42107.6, 12.953, 19.952,0.062768,359.5,180.921,1.22e+01, 16.1, -  , - 
6701,143745,29012019,17102022 182243, 668, 42210.6, 12.751,334.623,0.083950,359.5,182.803,9.84e+00, 17.2, -  , - 
6702,143746,22092019,17102022 195811,1108, 42135.4,  4.989,219.492,0.169273,  1.1, 92.049,9.63e-03, 17.1, 1.0, 60
6703,143749,29062020,17102022 202453, 346, 42019.5, 16.506, 66.481,0.477523,359.8,140.213,1.14e+01, 16.7, -  , - 
6704,143751,04112021,17102022 082847,  50, 42072.5,  8.785,299.113,0.027897,359.6,306.738,1.14e+00, 17.8, 2.7,175
6705,143752,05112021,17102022 194432, 284, 42158.2, 11.330, 29.333,0.007726,359.4,164.203,3.58e-01, 18.5, 4.2,748
6706,143753,06122021,18102022 030318, 172, 42143.7,  3.127,104.915,0.275398,  0.6, 91.626,6.12e+00, 16.9, -  , - 
6707,143754,06122021,17102022 233651,   1, 42163.0,  2.618, 96.989,0.167591,  0.3,108.392,8.73e+00, 15.9, 0.8,126
6708,143755,01032022,17102022 200949, 227, 42182.8, 19.699, 49.856,0.165212,359.8,132.800,9.01e+00, 18.0, -  , - 
6709,143756,16122019,18102022 032126, 217, 42168.6,  0.931,344.446,0.023512,352.9,  8.507,1.00e-02, 18.3,19.8, - 
6710,143757,05042022,17102022 234304,  17, 42161.4,  1.638, 93.724,0.032578,  0.2,236.805,1.93e+00, 17.4, 1.0,163
6711,143758,27042022,17102022 232210, 103, 42162.2,  1.754, 95.665,0.109078,  0.4, 80.161,7.17e+00, 17.2, 9.4, - 
6712,143759,29042022,18102022 073629,  54, 42111.3,  1.753, 95.784,0.087734,  0.4, 99.030,7.56e+00, 17.0,93.5, - 
6713,143760,22072022,18102022 013257,  51, 42166.8,  1.321, 95.156,0.147080,  0.5,135.734,5.34e+00, 16.2, 5.3,893
6714,143761,01082022,18102022 075023,  26, 42157.6,  1.649, 90.671,0.057830,360.0,202.622,6.73e+00, 18.0,11.4, - 
6715,143762,29072022,17102022 171232,  42, 42385.8,  2.192, 97.874,0.053767,  0.4,322.698,7.01e+00, 17.4,15.9, - 
6716,143763,27082022,17102022 130344,   3, 42166.4, 15.193,328.995,0.137444,359.6,213.384,6.56e+00, 17.5, 0.1, 19
6717,143764,03092022,17102022 073534,  14, 42101.2,  3.707, 86.490,0.283322,359.9,182.879,2.33e+01, 18.2, 1.7,296
6718,143765,30082022,17102022 093457,   2, 42154.9,  3.421, 86.237,0.041931,359.8,184.190,2.72e+00, 17.5, 0.6,114
6719,143766,03092022,17102022 105059,  42, 42187.7,  3.427, 86.240,0.046683,359.8,178.579,4.58e+00, 16.7,27.5, - 
6720,143767,06092022,18102022 095200,   2, 42168.7,  3.466, 86.280,0.109965,359.8,183.713,8.77e+00, 15.5, 0.4, 70
6721,143768,22092022,18102022 005129,  24, 42143.7,  8.443,299.198,0.034491,359.6,326.486,4.19e+00, 17.6, 1.3, 92
6722,143800,19091993,18102022 095039,   9, 42212.2,  9.253, 22.031,0.149333,359.3, 37.527,2.12e-02, 10.8, 0.1,  6
6723,143803,16122011,17102022 093003,   2, 42183.4, 12.752,340.504,0.022895,359.5,201.001,2.20e-01, 13.6, 0.1,  7
6724,143804,12122012,18102022 031517, 339, 42176.4,  6.586,228.768,0.182172,  0.7,339.342,2.93e+00, 16.1, 5.7,838
6725,143805,09072013,17102022 212233,   3, 42206.5,  7.653,291.748,0.089425,359.7,236.007,3.29e-01, 15.7, 0.2, 35
6726,143806,01022014,18102022 054301,1671, 43437.5, 25.261,  3.419,0.386787,359.7, 74.053,1.00e+01, 16.0, -  , - 
6727,143807,20102014,17102022 190934, 532, 42422.6, 33.980,347.619,0.363022,359.8,233.122,2.03e+01, 16.6,72.5, - 
6728,143809,20082016,18102022 012440,   1, 42122.7,  0.836, 94.484,0.000042,  0.7,139.314,2.91e-02, 13.6, 0.1,  1
6729,143811,17082017,17102022 173433,1108, 42203.6,  8.408,297.659,0.003762,359.6,184.236,3.18e-01, 17.1, 6.9, - 
6730,143814,20092017,17102022 192809, 194, 42195.0,  7.325,290.818,0.032777,359.7,258.774,1.00e+00, 18.1, 3.1,524
6731,143815,14112017,18102022 135356, 890, 42221.5,  8.320,306.429,0.015031,359.5,241.104,8.33e-01, 17.4,22.6, - 
6732,143817,06032018,17102022 140201,   1, 42228.1,  2.587,265.669,0.033210,  0.2,184.536,2.18e-01, 15.0, 0.3, 23
6733,143818,08032018,18102022 061915, 169, 42200.8,  8.695,299.029,0.041736,359.6,285.309,5.48e-03, 18.4, 0.4, 50
6734,143820,14102018,17102022 072016, 105, 42213.8,  9.744,310.710,0.016823,359.5, 60.589,1.26e+00, 17.4, 5.0,873
6735,143821,09112018,17102022 141137,   2, 42210.1,  2.724,312.397,0.016097,358.3,  7.376,1.23e-02, 15.5, 0.1,  4
6736,143822,06012019,17102022 164445,   0, 41438.9, 21.896, 12.443,0.348710,359.7,204.800,1.72e+01, 13.3, 0.1, 14
6737,143823,13012019,17102022 131508, 490, 42208.4,  6.478,289.929,0.003054,359.6,325.770,6.88e-03, 18.2, 4.8,552
6738,143824,28022019,18102022 090724,  77, 42293.7,  8.914,300.222,0.004789,359.6,168.056,7.49e-02, 17.7, 1.1,165
6739,143825,09032019,17102022 230446,1231, 42137.6,  5.956, 82.014,0.181335,359.8,127.788,5.18e+00, 15.8, -  , - 
6740,143828,07082019,18102022 033352, 122, 42143.6,  8.536, 12.694,0.223486,359.2, 91.341,1.06e+01, 16.5,18.2, - 
6741,143829,02032020,18102022 110918, 957, 42133.9, 21.655, 58.513,0.396829,359.8,108.414,2.01e+01, 17.4, -  , - 
6742,143832,09032021,17102022 203708, 513, 42202.7,  3.356,305.860,0.025494,358.8, 59.012,2.36e-01, 18.3,15.1, - 
6743,143833,10092021,17102022 215752, 248, 42225.7,  6.470, 81.308,0.147659,359.8,347.562,1.26e+01, 17.3,18.2, - 
6744,143834,30082022,18102022 100437,   3, 42167.0,  3.436, 86.093,0.100008,359.8,184.176,7.78e+00, 15.4, 0.9,159
6745,143900,07082007,18102022 173130,  11, 42240.6,  9.990,311.582,0.002915,359.5,134.885,6.02e-03, 16.5, 0.1, 17
6746,143902,07102005,18102022 154204, 250, 42251.3,  2.914,258.778,0.065521,  0.5,325.714,2.27e+00, 16.8,32.3, - 
6747,143903,07052008,18102022 031218, 731, 42215.3, 20.583, 16.537,0.249529,359.7,225.714,1.29e+01, 16.9,68.6, - 
6748,143904,27092011,18102022 025513,  49, 42228.0,  9.777,312.406,0.006554,359.5,  3.634,3.65e-01, 18.1, 2.0,371
6749,143906,07102005,17102022 113834,  22, 42144.4,  8.796,299.271,0.009895,359.6,257.399,1.58e-01, 18.2, 0.6, 80
6750,143908,10012013,18102022 042749,  40, 42152.6, 13.540, 29.273,0.201845,359.5,214.681,5.65e+00, 17.3,27.0, - 
6751,143910,17102015,18102022 131324, 143, 42253.2,  9.808,312.723,0.014455,359.5, 64.668,1.07e+00, 18.2,15.3, - 
6752,143912,10022016,17102022 212350, 901, 42218.0, 14.685,346.089,0.075724,359.5,320.853,4.37e+00, 16.8,66.9, - 
6753,143913,27102016,17102022 211636,  53, 42366.8, 36.451,351.987,0.113715,359.8,121.119,2.88e+01, 18.2, 8.5, - 
6754,143914,28022017,17102022 060616,  42, 42232.8,  1.898,343.984,0.035981,356.4,241.932,1.17e+00, 17.6, 1.2,149
6755,143915,31082017,18102022 120001,1855, 42222.8,  6.299, 77.984,0.039424,359.7,205.257,5.35e+00, 17.5, -  , - 
6756,143916,14102017,18102022 030054,  11, 36912.3,  6.927,208.650,0.311234,  0.9, 12.072,1.45e+01, 17.0, 1.4,241
6757,143917,26012018,18102022 014411,  25, 42238.5,  8.737,298.939,0.021635,359.6,321.167,1.53e+00, 17.7, 5.9, - 
6758,143919,11032018,18102022 035738,1441, 42237.9, 10.857,317.389,0.009675,359.5,301.967,3.81e-01, 18.3, 4.3,697
6759,143920,13032018,18102022 051208, 132, 42214.4,  2.764,312.631,0.019516,358.3, 30.215,2.65e-01, 18.3, 4.2,770
6760,143921,11062018,18102022 024212,   1, 42222.4,  1.525, 95.659,0.008291,  0.4,282.964,1.26e-02, 14.5, 0.1,  1
6761,143922,09102018,18102022 040900,  14, 42237.9,  1.911,351.954,0.034027,356.3,284.906,1.42e+00, 17.3, 0.3, 42
6762,143923,01112018,17102022 202942,1379, 42317.3, 31.403,333.857,0.379312,359.8,225.754,4.21e+01, 16.0, -  , - 
6763,143925,16022020,17102022 132214,  77, 41974.9,  1.939,113.446,0.196719,  1.5, 96.081,1.54e+01, 16.2,54.3, - 
6764,143927,20042020,18102022 002757, 503, 42198.4,  4.754, 88.682,0.242298,359.9,104.899,8.89e+00, 17.1,96.1, - 
6765,143928,14082020,18102022 015339, 787, 42064.6,  7.679,  6.830,0.447385,359.1,248.941,1.15e+01, 16.7,86.4, - 
6766,143929,16102021,17102022 143144, 167, 42228.8, 14.599,353.300,0.020004,359.5,196.690,3.44e-01, 17.6, 8.2, - 
6767,143930,15102021,17102022 071544, 108, 42213.8,  9.041,299.401,0.008850,359.6,250.921,1.26e-01, 17.5, 3.7,458
6768,143931,01092022,18102022 013637,  15, 42240.0,  9.513,314.552,0.010676,359.5,196.458,1.92e-01, 17.1, 0.9,103
6769,144000,12031997,17102022 195730,   0, 42247.8, 14.689,352.489,0.006512,359.5, 69.174,3.00e-02, 11.4, 0.1,  1
6770,144001,06082007,17102022 123553,1289, 42250.6,  3.735,259.080,0.094887,  0.4,294.612,4.26e+00, 15.7,34.7, - 
6771,144002,27062006,18102022 033136, 222, 42409.6, 15.493,  9.319,0.093072,359.5,224.044,3.05e+00, 17.0,24.8, - 
6772,144003,23112009,18102022 155417,   3, 42263.7, 10.112,311.287,0.006573,359.5, 22.083,1.07e-02, 16.4, 0.1,  6
6773,144004,25022011,17102022 122348,  81, 42280.6,  6.137, 24.069,0.040489,358.9,317.190,7.07e+00, 17.6, 8.8, - 
6774,144005,15082012,17102022 174618,2226, 41981.8, 14.532, 27.159,0.633145,359.6,156.028,3.01e+00, 12.4, -  , - 
6775,144006,27112006,18102022 034452,   1, 42287.5,  4.681,351.697,0.057235,358.5,222.054,4.43e+00, 16.6, 0.1, 12
6776,144007,08012013,17102022 205015,  72, 42245.9,  8.156,295.092,0.050457,359.6,269.693,1.08e+00, 17.9, 3.3,591
6777,144008,30082013,17102022 105952,  10, 42223.8, 13.377, 11.689,0.232698,359.5,174.337,9.11e+00, 15.8, 0.8, 90
6778,144009,18082014,18102022 040105,  12, 42217.1,  8.733, 74.411,0.052071,359.8, 47.466,8.24e+00, 16.9, 1.1,123
6779,144011,02022016,17102022 091149,   4, 42385.5, 27.002, 11.142,0.094486,359.7,256.507,1.04e+01, 15.7, 0.4, 51
6780,144012,24062016,17102022 115332,  59, 42275.7,  3.866,  8.449,0.311585,358.1,186.745,3.23e+00, 17.1, 1.1,184
6781,144014,22112016,17102022 180410,   2, 42287.3, 28.216,339.399,0.333117,359.8,208.352,1.38e+01, 17.0, 1.5,179
6782,144015,24052017,18102022 035409, 141, 41982.9, 18.553, 20.888,0.437312,359.6,158.072,9.35e+00, 15.3, -  , - 
6783,144017,25102017,18102022 174428,  12, 42297.2, 10.212,311.352,0.007713,359.5,101.577,6.49e-01, 17.4, 1.9,316
6784,144018,21012018,17102022 083238,  16, 42251.7,  7.965,293.076,0.002933,359.7,276.532,4.65e-03, 18.1, 0.1,  3
6785,144019,12022018,18102022 034917, 376, 42642.7,  1.284,149.124,0.461560,  5.0, 22.745,1.94e+01, 16.1,60.3, - 
6786,144023,14032019,17102022 103907, 305, 41959.0, 16.382, 66.249,0.482572,359.8,125.789,1.11e+01, 12.8, -  , - 
6787,144024,30082019,17102022 121503,   5, 42253.7,  3.747,259.126,0.095486,  0.4,294.502,4.31e+00, 15.7, 0.1, 19
6788,144025,01042022,17102022 195813, 191, 42253.7, 14.064, 13.044,0.009557,359.5,243.326,3.35e-01, 18.2, 1.6,218
6789,144026,13122017,17102022 192808,  55, 42241.1,  5.665, 74.850,0.014387,359.6,338.370,2.92e+00, 12.9, 6.6, - 
6790,144027,07062022,18102022 072335, 118, 42238.8,  6.439,287.741,0.144985,359.7,300.534,6.26e+00, 16.8,15.7, - 
6791,144028,25082022,18102022 035154,  45, 42247.3, 14.152,328.845,0.063502,359.6,219.773,5.29e+00, 17.5, 1.1,199
6792,144100,26032006,17102022 090523,   1, 42272.2, 11.681, 25.529,0.000818,359.4, 14.632,1.00e-02, 13.7, 0.1,  1
6793,144101,15032005,18102022 050506,  41, 42276.2,  8.892,300.078,0.004812,359.6,157.358,1.13e-02, 16.5, 0.7, 75
6794,144102,28102008,18102022 031854,  27, 42260.4,  3.011,315.684,0.099902,358.4,262.746,1.38e-01, 17.0, 1.1,109
6795,144103,30112008,17102022 204636, 111, 42075.8,  6.090,270.767,0.053250,360.0,260.471,5.44e+00, 16.8,23.3, - 
6796,144104,28092011,18102022 055856,  59, 42265.1,  8.757,300.017,0.004468,359.6, 97.723,5.40e-02, 17.1, 0.8,110
6797,144105,15082017,17102022 212542,1739, 42310.0, 10.737, 63.391,0.168472,359.7, 31.340,6.42e+00, 17.0,56.3, - 
6798,144108,10082015,17102022 191818,   1, 42247.2,  7.198,292.035,0.039220,359.6,273.113,1.93e+00, 17.2, 0.4, 25
6799,144109,09092015,17102022 224252,   0, 42267.6, 10.013,310.198,0.003602,359.5,159.605,2.46e-01, 16.9, 0.4, 24
6800,144110,23092015,17102022 184840, 198, 42467.6, 14.563, 25.024,0.369109,359.5,223.489,1.35e+01, 16.4,43.7, - 
6801,144113,17112015,17102022 180254,1311, 42246.1, 13.297,339.140,0.016191,359.5,168.240,5.63e-01, 17.4,19.1, - 
6802,144114,18112016,17102022 204743,  13, 42239.8, 12.410,335.250,0.091705,359.5,189.684,9.30e+00, 17.0, 1.4,146
6803,144115,24032017,17102022 153716,  18, 42260.4,  7.187,289.124,0.038318,359.7,267.419,1.54e+00, 17.7, 0.5, 85
6804,144116,25032017,17102022 223934,  47, 42252.5, 11.138,318.300,0.482731,359.5,242.811,1.28e+01, 15.1,13.4, - 
6805,144119,16052018,17102022 170757,1591, 42256.6, 18.096,355.105,0.123081,359.6,212.120,4.62e+00, 18.3, -  , - 
6806,144120,09082018,17102022 210838,1143, 42207.3, 11.542,343.015,0.117262,359.4,160.295,1.07e+01, 17.4,65.0, - 
6807,144121,06112018,17102022 151622, 994, 42281.8, 17.959, 21.529,0.131660,359.6,124.981,7.54e+00, 16.6,39.8, - 
6808,144129,11122020,18102022 144837,   0, 42165.8,  6.360,300.158,0.004538,359.5,187.617,1.00e-02,  8.3, 0.1,  1
6809,144130,14092021,18102022 082836, 388, 42255.8, 11.993,291.854,0.179874,359.8,296.249,8.59e+00, 16.7, -  , - 
6810,144131,11102021,18102022 023639, 338, 42303.0, 19.124, 52.905,0.602411,359.8,158.084,4.24e+01, 16.1, -  , - 
6811,144132,29042022,17102022 130623, 166, 42254.1,  2.229,290.168,0.135054,359.0,318.635,6.92e+00, 18.1, 5.4,950
6812,144133,24042022,17102022 153402, 171, 42268.0,  9.338,310.184,0.054429,359.5, 21.514,2.05e+00, 18.0, -  , - 
6813,144200,09052004,17102022 235329,   0, 42290.5, 10.399, 35.005,0.000731,359.4, 26.743,8.58e-03, 13.6, 0.1,  1
6814,144201,15121998,17102022 152718,   0, 42291.9,  4.095,275.428,0.000557,359.9,338.425,1.55e-02, 12.8, 0.1,  1
6815,144202,14101985,18102022 024153,   0, 42296.6, 15.014,326.894,0.012387,359.6, 16.805,4.39e-02, 10.2, 0.1,  1
6816,144204,16122011,17102022 072117,   1, 42201.0, 15.603,  9.943,0.045082,359.5,177.981,3.04e+00, 13.9, 0.1,  5
6817,144205,05052008,17102022 192706,   2, 42472.2, 25.401,343.291,0.247133,359.7,206.512,1.50e+01, 15.8, 0.2, 37
6818,144208,08082011,17102022 200525,   0, 42310.5,  4.592,299.633,0.085226,359.3,243.330,5.83e+00, 16.5, 0.2, 14
6819,144209,14062012,18102022 044156, 105, 42292.1,  2.818,314.529,0.031709,358.3,339.471,1.69e-01, 17.0, 2.4,420
6820,144210,04102012,17102022 084624,1370, 42293.0,  8.903,300.267,0.002757,359.6,142.928,1.09e-02, 17.8,13.1,813
6821,144211,18102012,17102022 114437,   3, 42282.4,  1.423,285.059,0.197946,358.8,204.727,5.91e+00, 15.9, 0.2, 40
6822,144212,16012013,17102022 220230,  14, 42259.1,  5.038,269.425,0.099791,  0.0,278.417,3.88e+00, 17.0, 0.6, 75
6823,144215,18112015,17102022 113936,  85, 42303.8, 10.110,312.032,0.002770,359.5, 85.114,1.31e-01, 17.9, 1.3,142
6824,144217,08032016,17102022 113130, 652, 42387.4, 12.033,339.174,0.094275,359.4,242.978,1.02e+01, 17.2, -  , - 
6825,144218,10092016,18102022 160103,   5, 42290.1,  7.891,290.813,0.033884,359.7,339.935,1.19e+00, 17.7, 0.5, 67
6826,144219,30102016,18102022 021038,  50, 42313.2, 13.317,332.144,0.150764,359.5,229.490,6.97e+00, 16.8, 7.3, - 
6827,144221,04082017,17102022 231545, 206, 42296.7, 10.289,311.116,0.008668,359.5, 37.782,2.99e-02, 17.9, 2.6,252
6828,144222,14112017,18102022 065110,  42, 42334.1,  2.783,295.391,0.038206,359.0,285.150,2.35e+00, 17.2, 4.3,685
6829,144223,07122017,18102022 044150,1368, 42349.7, 13.969, 32.645,0.218912,359.6,213.748,5.51e+00, 15.7, -  , - 
6830,144225,06032018,18102022 161503,  45, 42303.6,  2.160,321.760,0.202642,357.5,264.058,8.33e+00, 17.4, 7.1, - 
6831,144226,09042018,18102022 124051, 801, 42265.4,  1.546, 42.855,0.203940,356.4,163.172,5.20e+00, 14.5, -  , - 
6832,144227,15072018,18102022 130001,1473, 42285.3, 13.426, 71.405,0.148594,359.8,181.105,7.53e+00, 15.6, -  , - 
6833,144231,10122020,18102022 140909,  10, 42291.8,  2.835,256.722,0.071578,  0.6,317.274,2.67e+00, 17.3, 0.5, 45
6834,144232,12112021,18102022 001929,  42, 42252.7, 10.037,311.363,0.013301,359.5,323.415,1.50e-01, 17.4, 1.8,193
6835,144233,30042022,18102022 005627,  69, 42694.7,  6.917, 36.383,0.185238,359.1,118.554,3.14e+01, 16.8,10.0, - 
6836,144234,03092022,18102022 112525,  33, 42281.8, 10.393, 34.971,0.003257,359.4, 51.654,1.00e-02, 17.3, 2.2,207
6837,144300,13032005,18102022 143753,   0, 42305.4,  2.966,280.740,0.000777,359.6,324.667,1.53e-02, 13.2, 0.1,  1
6838,144301,18082007,17102022 083343,   4, 42309.1,  4.959,267.058,0.101482,  0.1,317.820,4.01e+00, 15.4, 0.1, 21
6839,144303,21112011,18102022 053311,   4, 42303.7,  2.390,352.237,0.053994,357.0,287.399,1.94e+00, 16.6, 0.4, 33
6840,144304,09092013,17102022 195016, 315, 42252.2,  8.186, 59.511,0.020736,359.5, 82.643,6.03e-01, 12.1, 9.0, - 
6841,144306,05092016,17102022 184630,   4, 42267.4,  8.684,295.980,0.063887,359.6,273.824,9.45e-01, 16.7, 0.7, 95
6842,144310,30092017,18102022 004722,  20, 42081.6,  1.039,180.457,0.353344,  6.9, 47.405,3.36e+01, 16.1, 3.5,651
6843,144311,16042018,17102022 125721,   4, 41977.9, 19.827, 20.567,0.363507,359.7,165.841,3.31e+01, 15.7, 0.7,123
6844,144313,04022019,17102022 201534,  29, 42308.9,  9.892,311.066,0.025401,359.5,339.328,6.83e-02, 18.3, 1.6,255
6845,144314,04082019,17102022 052327, 758, 42167.4,  6.657,277.328,0.700329,359.9,335.668,7.44e+00, 17.2, -  , - 
6846,144316,04082022,17102022 094504,  59, 42322.1,  8.248,305.565,0.087506,359.5,314.490,3.09e+00, 17.3,27.2, - 
6847,144400,14032001,17102022 120025,   1, 42322.4, 12.323, 21.547,0.000789,359.4,111.058,1.00e-02, 13.8, 0.1,  1
6848,144401,22052001,17102022 230546,   0, 42331.3,  5.606,  0.531,0.135466,358.7,113.527,6.11e-03, 13.3, 0.1,  1
6849,144402,18062004,18102022 035810,   2, 42323.5, 12.753, 20.706,0.020404,359.5,191.113,1.36e+00, 12.2, 0.1,  4
6850,144403,24062006,18102022 170204,   2, 42324.6,  1.954,345.359,0.049566,356.5,307.984,9.95e-01, 17.2, 0.1, 15
6851,144404,04062008,17102022 140400, 957, 42424.9, 14.509, 14.657,0.095261,359.5,157.049,6.98e+00, 19.0, -  , - 
6852,144406,09022011,18102022 103912,  59, 42329.3, 10.581,310.042,0.003481,359.6, 45.293,2.59e-02, 16.8, 0.9,123
6853,144407,13072010,18102022 090900,4454, 42356.4, 20.410, 18.869,0.382251,359.7,220.596,7.67e+00, 14.8, -  , - 
6854,144408,11102012,18102022 012528,  16, 42333.8,  7.630,292.701,0.039064,359.7,354.543,1.69e-01, 17.8, 0.8, 66
6855,144409,10112013,17102022 200512,   3, 42352.7,  4.235,  2.070,0.045627,358.3,119.362,2.46e+00, 16.7, 0.2, 35
6856,144410,02092014,17102022 161221,   3, 42654.2,  6.667,312.865,0.081403,359.3,133.481,4.44e+00, 16.5, 0.9,155
6857,144411,15062015,17102022 075049,1326, 42189.4,  9.629, 58.856,0.093502,359.6,102.450,4.28e+00, 17.4, -  , - 
6858,144412,14052016,17102022 211504,1303, 42362.7,  3.727, 51.423,0.181009,358.7,110.996,7.73e+00, 16.7,50.4, - 
6859,144413,24012017,18102022 064949,1018, 42227.6, 12.873,334.917,0.202610,359.5,181.304,9.96e+00, 16.0, -  , - 
6860,144415,13082017,18102022 114044,1782, 42473.7, 25.254,354.837,0.280822,359.7,177.697,3.08e+01, 13.2, -  , - 
6861,144417,18092017,17102022 191927, 143, 42283.2,  5.186,359.124,0.086261,358.6,236.831,4.55e+00, 17.9, 9.2, - 
6862,144418,20112017,18102022 075707,1760, 42316.9, 14.967, 62.045,0.188335,359.8,158.319,1.09e+01, 17.2, -  , - 
6863,144419,11032018,18102022 044625,1489, 42336.9,  7.520,310.641,0.146949,359.4,284.836,3.66e+00, 17.8, -  , - 
6864,144420,15032018,17102022 184139, 129, 42307.7,  3.595,327.369,0.056873,358.4,300.415,2.45e+00, 18.2, 6.1, - 
6865,144421,17062018,18102022 013227,   5, 42161.5,  2.400, 76.437,0.163363,359.2,162.752,8.60e+00, 14.4, 2.4,439
6866,144422,16022020,17102022 221834, 148, 42106.3, 36.555, 14.954,0.245010,359.8,110.778,3.05e+01, 16.7,25.7, - 
6867,144423,25122019,18102022 024942,  47, 42109.4,  1.687, 93.255,0.009715,  0.2, 25.860,2.44e+00, 17.3, 2.5,361
6868,144424,27032020,17102022 091222,   1, 42166.4,  5.561,302.105,0.004737,359.3,357.498,1.00e-02, 11.9, 0.1,  1
6869,144425,05112021,17102022 203544,  10, 42341.3,  9.013,300.302,0.014658,359.6,223.286,5.06e-01, 18.0, 0.4, 51
6870,144426,07042022,17102022 205255,  57, 42321.4,  5.405, 10.616,0.204048,358.7,227.984,4.80e+00, 17.7, 5.7,982
6871,144427,03052022,17102022 221523, 165, 42320.2,  7.700,292.967,0.003246,359.7,168.303,4.86e-02, 18.6, 2.6,443
6872,144428,02072022,18102022 114222,  85, 42334.0,  3.187,305.987,0.131750,358.7,100.399,3.62e+00, 17.5, 1.6,257
6873,144500,10042002,18102022 165417,   2, 42346.7,  8.998, 24.534,0.146548,359.3,100.665,6.88e-03, 13.3, 0.1,  1
6874,144501,16111998,18102022 040042,   0, 42357.7,  5.446,352.203,0.103425,358.7,107.354,5.98e-03, 13.0, 0.1,  1
6875,144502,03021995,17102022 114150,   1, 42357.4, 12.438,  2.121,0.011389,359.4,323.273,1.37e-02, 11.3, 0.1,  1
6876,144504,05112011,18102022 034552,   0, 42238.5,  8.119,326.317,0.083325,359.3,197.486,3.21e+00, 16.7, 0.2, 33
6877,144505,30112000,18102022 003725,  10, 42393.8,  7.178,312.340,0.128768,359.3,196.784,5.26e+00, 16.9, 1.4,210
6878,144506,05062015,18102022 141144,1134, 42313.1, 12.017, 35.640,0.305753,359.5,169.004,1.01e+01, 16.2, -  , - 
6879,144509,02052016,18102022 052633,  36, 42334.9,  1.961, 22.425,0.190631,356.5,178.573,6.92e+00, 16.1,24.9, - 
6880,144510,18102016,17102022 133714,  59, 42309.1,  3.265,304.284,0.394031,358.8,316.857,7.08e+00, 16.4,30.8, - 
6881,144512,14112017,18102022 030008,   5, 42313.5,  4.922, 81.118,0.010573,359.7,257.977,2.02e+00, 16.3, 0.1, 17
6882,144514,06022019,17102022 220323,1344, 42342.7, 11.306, 69.537,0.134559,359.8,154.794,9.46e+00, 17.9, -  , - 
6883,144515,29082019,17102022 224552,  12, 42334.7,  6.014,274.209,0.133152,359.9,335.579,2.26e+00, 17.3, 0.5, 54
6884,144518,21012020,17102022 174245, 281, 42195.8, 20.615, 85.255,0.571573,360.0, 86.257,1.75e+01, 18.3,83.9, - 
6885,144520,03042020,18102022 033041, 552, 42103.0, 40.166,341.870,0.647246,359.8,203.121,3.04e+01, 14.6, -  , - 
6886,144521,02122021,18102022 032542,  24, 42354.8,  8.484,299.061,0.039190,359.6,288.259,2.07e+00, 17.3, 0.8,104
6887,144522,04012022,18102022 130240, 279, 42332.0, 21.560, 55.312,0.203257,359.8,160.566,8.04e+00, 17.6,50.5, - 
6888,144523,27032022,17102022 210020,  57, 42336.9, 13.949, 25.471,0.060895,359.5,156.496,3.23e+00, 15.2,17.7, - 
6889,144524,04072022,18102022 035856, 101, 42649.6, 10.693, 82.035,0.226689,359.9,121.048,3.74e+01, 17.0,18.9, - 
6890,144600,05101999,18102022 045814,   1, 42366.2,  7.643,347.358,0.044012,359.1, 14.649,1.29e-02, 11.2, 0.1,  1
6891,144601,16101995,17102022 232618,   1, 42376.3, 18.065,355.399,0.033456,359.6, 66.483,1.00e-02, 13.2, 0.1,  1
6892,144602,22101975,17102022 164019,   0, 42365.3,  4.293,276.402,0.003025,359.8, 27.537,8.04e-03, 12.9, 0.1,  1
6893,144603,15082007,17102022 230345,  21, 42365.8,  2.603,320.181,0.079125,358.0,310.514,1.74e-01, 16.3, 1.1, 98
6894,144604,18022007,17102022 215308,  21, 42366.4,  9.800,304.780,0.059972,359.6,252.166,1.99e+00, 17.5, 0.6, 79
6895,144605,19022007,18102022 120714,   1, 42372.1, 13.575,340.069,0.006070,359.5,141.477,1.68e-02, 14.3, 0.1,  1
6896,144608,17012013,17102022 092106,  23, 42362.8, 14.257, 13.601,0.024155,359.5,175.031,7.77e-01, 16.8, 0.6, 62
6897,144609,08102009,18102022 020133,2171, 42308.3,  4.500, 30.979,0.018613,358.6,114.658,7.42e+00, 16.4, -  , - 
6898,144610,17122011,18102022 035841, 200, 42343.5,  6.658,289.716,0.056307,359.7,269.655,2.79e+00, 19.0,73.4, - 
6899,144611,09012016,17102022 190541,1119, 42342.7,  5.393,294.212,0.352849,359.5,214.983,1.29e+00, 18.0,88.1, - 
6900,144613,10102016,18102022 002313,  23, 42291.0,  9.374,306.082,0.082931,359.6,181.883,3.28e+00, 17.8, 1.2,210
6901,144617,09112017,17102022 135931, 221, 42369.4, 12.943, 28.641,0.184467,359.5,133.402,1.09e+01, 16.7,38.3, - 
6902,144619,19012018,17102022 145609, 402, 42374.2,  7.790,291.719,0.061669,359.7,145.710,1.50e+00, 18.0,81.6, - 
6903,144622,06102018,18102022 145516, 532, 42372.5,  9.933,310.745,0.038027,359.5, 47.415,1.17e+00, 17.5,23.7, - 
6904,144623,26042019,18102022 164216,   6, 42457.1,  4.242,261.014,0.087469,  0.3,322.561,5.00e+00, 15.7, 1.4,258
6905,144625,27042020,17102022 133923, 674, 42255.5, 19.850, 51.421,0.486740,359.8,213.927,1.41e+01, 12.9, -  , - 
6906,144626,01082020,18102022 121022, 796, 42350.7,  6.858, 78.476,0.117342,359.8,167.209,7.69e+00, 16.2,99.8, - 
6907,144627,04112021,18102022 013007,  15, 42303.8,  6.190,248.032,0.243629,  0.4,  7.967,1.48e+01, 16.8, 1.2,201
6908,144700,11021999,18102022 132514,   1, 42382.1, 14.138, 13.987,0.002479,359.5,151.321,1.00e-02, 13.9, 0.1,  1
6909,144701,13041980,18102022 033901,   1, 42399.8,  9.888,307.177,0.005690,359.6,265.911,1.00e-02, 13.0, 0.1,  1
6910,144702,12051999,18102022 021607,   1, 42391.8,  6.698,288.125,0.000679,359.7,203.410,1.14e-02, 13.4, 0.1,  1
6911,144703,16091998,18102022 060425,   0, 42399.6,  6.420,351.916,0.104456,358.9, 90.254,5.55e-03, 13.1, 0.1,  1
6912,144704,07082005,17102022 233434,  47, 42407.1,  3.098,319.108,0.020967,358.3, 13.736,1.22e+00, 17.8, 1.7,275
6913,144705,09032008,18102022 052740,  12, 42385.5,  2.543,321.386,0.023006,357.9,316.902,6.57e-02, 17.3, 0.2, 18
6914,144706,04082005,17102022 195307,1822, 42714.4,  2.623,318.340,0.080496,358.0,149.336,7.06e+00, 17.9,57.6, - 
6915,144707,25112011,18102022 050035,  70, 42382.2,  3.377,304.111,0.103619,358.9, 40.000,1.62e-01, 17.2, 2.6,329
6916,144709,23112017,18102022 041012,  26, 42389.3,  9.238,300.981,0.007149,359.6,141.266,2.23e-02, 17.9, 0.4, 56
6917,144710,09042008,17102022 103647,  25, 42417.2, 16.166,356.499,0.036100,359.6,270.446,1.85e+00, 16.2, 1.0,130
6918,144711,17092015,18102022 165013,1787, 42377.6, 10.663, 63.041,0.092414,359.7,197.452,6.03e+00, 16.4,48.8, - 
6919,144713,03112015,17102022 091503,2538, 42382.4, 11.924,326.100,0.002186,359.5,283.571,1.81e-01, 17.6, -  , - 
6920,144714,28102014,17102022 223052,1817, 42393.3, 10.817, 58.408,0.014955,359.6,160.167,1.06e+01, 17.5,97.9, - 
6921,144715,04122016,18102022 083247, 120, 42222.5, 22.293,321.481,0.311592,359.7,260.470,1.50e+01, 17.1,47.7, - 
6922,144717,17122017,18102022 020757,1701, 42409.4, 20.693, 42.864,0.203899,359.7, 48.193,1.11e+01, 17.6, -  , - 
6923,144718,03022018,18102022 035444,1715, 42386.0,  5.344, 82.223,0.056139,359.8, 38.406,3.10e+00, 12.5,25.0, - 
6924,144719,18022018,18102022 164809,  73, 42384.2, 10.441,310.498,0.001030,359.6,167.613,4.09e-02, 17.1, 1.9,265
6925,144720,20022018,18102022 095300,1309, 42308.8, 35.138,  7.193,0.351585,359.8,233.760,3.81e+01, 16.5, -  , - 
6926,144724,09022022,17102022 184600, 250, 42390.3,  2.464,251.344,0.140650,  0.9,291.241,4.72e+00, 18.3, -  , - 
6927,144725,19042022,18102022 042853,   3, 42343.0, 12.033,347.290,0.278130,359.4,222.117,1.18e+01, 16.4, 0.7, 80
6928,144726,22092022,18102022 052912,  20, 42378.6,  3.177,312.308,0.026607,358.5, 62.273,1.03e-01, 17.8, 0.3, 45
6929,144727,07062022,18102022 033844,  16, 42391.4, 10.431,311.920,0.005390,359.5, 79.832,1.71e-02, 18.0, 0.1, 17
6930,144800,03031997,17102022 134244,   1, 42402.7,  7.924,  4.131,0.101905,359.1, 32.797,6.61e-03, 12.9, 0.1,  1
6931,144802,07092011,17102022 193153,   3, 42410.3, 10.892,310.027,0.007686,359.6, 50.129,2.27e-02, 16.9, 0.2, 14
6932,144806,30012016,17102022 114815, 158, 42259.9, 14.041,328.689,0.143428,359.6,278.208,1.21e+01, 16.8,98.1, - 
6933,144808,02082017,18102022 113437,  90, 42503.7, 11.175, 62.790,0.278523,359.7,159.827,7.96e+00, 17.6,13.5, - 
6934,144809,15092017,18102022 042911, 342, 41490.5, 19.448,356.702,0.592766,359.6,232.053,4.82e+01, 16.5, -  , - 
6935,144810,14112017,18102022 173341, 252, 42439.8,  2.298,358.239,0.107926,356.9,120.101,4.80e+00, 17.7, -  , - 
6936,144811,19022018,18102022 011756,   9, 42381.6, 28.995, 39.871,0.182377,359.8,102.333,1.63e+01, 17.2, 0.7,134
6937,144812,20022018,18102022 030917,1698, 42412.6,  5.701, 75.524,0.074644,359.7,284.077,6.04e-02, 17.7, 3.7,439
6938,144818,05102019,18102022 012632,  40, 42913.4, 23.400,315.705,0.322141,359.8,275.727,1.24e+01, 16.3, 6.6, - 
6939,144820,18092022,17102022 220715,  18, 42408.7, 10.261,353.859,0.268922,359.3,195.183,1.11e+01, 17.5, 1.1,169
6940,144900,12011999,17102022 080918,   1, 42528.7, 14.943,356.411,0.000752,359.5,102.114,1.51e-02, 12.7, 0.1,  1
6941,144901,06082007,17102022 225132,   1, 42436.8, 10.455,312.607,0.008480,359.5, 86.494,3.39e-03, 15.7, 0.4, 24
6942,144902,04122007,18102022 044808,  13, 42436.0, 10.434,313.043,0.035868,359.5,134.488,1.42e+00, 16.8, 1.8,271
6943,144903,11082005,18102022 064843,1963, 42467.9,  7.424, 75.383,0.114377,359.7,136.726,8.76e+00, 15.6, -  , - 
6944,144904,09062007,17102022 123228,   1, 42433.2,  2.924,316.631,0.026384,358.3,  6.115,2.62e-02, 15.2, 0.1,  2
6945,144905,16052012,18102022 022523,   2, 42416.7,  2.629,322.086,0.047593,357.9,313.000,1.50e-01, 16.6, 0.1, 12
6946,144906,16012013,17102022 170241,   1, 42606.6,  8.224,290.164,0.016531,359.7,298.814,2.96e+00, 16.5, 0.3, 28
6947,144908,30112016,17102022 095910,  42, 42425.0,  8.980,301.460,0.007384,359.6,157.710,1.11e-02, 17.8, 0.3, 51
6948,144909,20012018,17102022 203521,1729, 42410.8,  8.159,307.594,0.146611,359.5,155.409,3.20e+00, 18.0,64.2, - 
6949,144910,21022018,18102022 164019,  74, 42435.6,  7.788,294.908,0.022913,359.6,324.624,7.69e-01, 17.9, 2.9,256
6950,144912,15082018,17102022 181330,  59, 42394.2,  2.583, 36.437,0.204614,357.7,224.565,6.53e+00, 17.9, 2.8,329
6951,144914,29102018,18102022 003449,1444, 42436.1,  8.109, 75.018,0.047578,359.8,227.573,7.45e+00, 15.0, -  , - 
6952,144917,08122021,18102022 092355,   1, 42432.7,  0.945, 95.481,0.001503,  0.7, 10.620,5.25e-03, 12.5, 0.1,  1
6953,144918,22032022,18102022 081919,  17, 42412.8,  1.485, 82.937,0.055862,359.3,108.217,1.85e+00, 16.9, 0.9,159
6954,144920,03052022,18102022 165407, 165, 42435.4,  2.334,339.566,0.022080,357.2,353.487,3.16e+00, 18.2,56.1, - 
6955,145000,14011999,18102022 180333,   1, 42454.1, 14.758,352.323,0.000658,359.5, 40.389,1.00e-02, 13.7, 0.1,  1
6956,145001,27092000,18102022 102308,   1, 42454.3,  9.243,298.500,0.095574,359.6,193.145,3.01e-02, 13.4, 0.1,  2
6957,145002,05012005,17102022 181726,1081, 42378.0, 15.128,357.207,0.020928,359.5,199.409,4.52e-01, 17.1,34.6, - 
6958,145003,30052008,17102022 193636,  41, 42333.7,  1.342, 97.062,0.109171,  0.7,104.725,4.09e+00, 17.2, 4.4,782
6959,145004,03082008,17102022 183235,   6, 42449.1, 10.181,304.293,0.027187,359.6, 55.311,2.28e+00, 15.9, 0.2, 28
6960,145005,24122011,17102022 174759,  19, 42440.6,  9.515,299.802,0.005692,359.6,188.984,4.50e-01, 17.6, 0.8,140
6961,145006,26032012,17102022 152134,   4, 42446.6,  8.213,326.239,0.050174,359.3, 29.234,2.33e+00, 17.0, 0.6, 97
6962,145007,23012013,17102022 055843,1045, 42461.9, 19.652, 23.606,0.017357,359.7,345.869,7.70e+00, 14.6, -  , - 
6963,145008,11042015,17102022 192207,  11, 42447.6, 13.321, 19.557,0.015391,359.5,161.906,5.26e-01, 16.8, 0.6, 50
6964,145009,04102016,17102022 185852,1972, 42436.6, 11.069,307.629,0.031443,359.6,345.077,1.45e+00, 18.2,22.3, - 
6965,145010,16092017,17102022 113536,1327, 42453.8,  8.684,301.717,0.010321,359.6,235.295,2.70e-01, 17.9,26.1, - 
6966,145013,04032019,17102022 183338, 142, 42433.5,  4.632, 75.547,0.023641,359.6, 54.162,3.16e-01, 16.1, 6.0, - 
6967,145017,26082020,17102022 194947,  57, 42378.9,  5.413, 64.537,0.237301,359.4,165.059,8.80e+00, 17.5, 2.6,420
6968,145018,15092020,17102022 215003,  77, 42427.0,  3.130, 30.144,0.099031,358.0, 24.552,2.24e+00, 17.5, 7.9, - 
6969,145019,31102021,18102022 034408,  19, 42304.6,  8.057,350.328,0.417143,359.1,204.234,1.05e+01, 16.9, 3.0,497
6970,145020,08122021,18102022 133046,  17, 42447.8,  0.913, 96.000,0.008207,  0.8, 16.427,3.17e-01, 18.1, 1.0,158
6971,145100,22112013,17102022 094129,  11, 42483.3,  8.795,300.661,0.033050,359.6,181.980,3.22e-01, 16.7, 0.7, 84
6972,145101,23062008,17102022 134139,   2, 42603.9, 27.590, 33.940,0.035141,359.8,287.533,2.35e+01, 12.2, 0.3, 47
6973,145102,30102011,18102022 174552,  40, 42462.5, 10.408,309.956,0.034722,359.6,256.333,7.79e-01, 16.2, 7.5, - 
6974,145103,04022016,18102022 172116,1327, 42455.6, 12.071, 34.234,0.034847,359.5,124.899,3.39e+00, 16.0, -  , - 
6975,145104,25032017,18102022 010112, 931, 42661.8, 17.261, 29.119,0.360994,359.6,120.171,1.93e+01, 16.2, -  , - 
6976,145105,30072017,18102022 052858,1019, 42448.4,  9.175,291.528,0.135554,359.7,186.008,3.24e+00, 17.0, -  , - 
6977,145106,14092017,17102022 214542, 203, 42494.2,  9.707, 70.178,0.205296,359.7, 61.998,6.75e+00, 17.4, -  , - 
6978,145110,08122021,17102022 164341, 142, 42459.9,  0.922, 94.498,0.005345,  0.6, 35.684,2.80e-01, 18.0, 0.4, 59
6979,145200,20052007,17102022 133711,   1, 42490.6, 14.218, 13.996,0.000981,359.5,  8.745,1.45e-02, 12.7, 0.1,  1
6980,145201,02062006,18102022 032656,   1, 42494.0,  8.880,302.075,0.013092,359.6,216.064,8.01e-03, 16.0, 0.1,  4
6981,145203,14112010,18102022 014515,   1, 42468.7,  2.958,317.727,0.032374,358.3,334.129,8.80e-02, 17.0, 0.1,  9
6982,145205,30072014,18102022 111912,   0, 42490.7,  1.345, 92.667,0.000013,  0.2, 28.455,1.04e-02, 13.7, 0.1,  1
6983,145206,23072014,17102022 174508,   3, 42455.2, 17.762, 40.588,0.052668,359.7,111.464,8.80e+00, 15.9, 0.1, 24
6984,145208,07102016,17102022 224840,  21, 42480.3, 10.029,314.537,0.044463,359.5,  2.576,5.93e-01, 17.4, 0.8,101
6985,145209,15122016,17102022 215206, 311, 42458.7,  8.867,302.347,0.106980,359.6,191.263,3.14e-01, 17.1, 4.0,617
6986,145210,14082017,17102022 120523,1227, 42119.8, 19.557, 44.249,0.329476,359.7,272.935,2.69e+01, 14.3, -  , - 
6987,145211,15032017,18102022 044034,2042, 42487.3,  4.923, 80.002,0.063860,359.7,187.291,4.56e-01, 17.8,65.2, - 
6988,145212,21022018,18102022 013019,1522, 42485.4,  8.037,294.570,0.005321,359.6,357.007,2.18e-01, 18.1, 2.5,277
6989,145213,06102018,18102022 060629,  23, 42514.1,  1.682,289.640,0.066260,358.7,217.088,3.04e+00, 17.0, 9.4, - 
6990,145214,16112018,18102022 043503, 916, 42530.3, 19.123,355.979,0.211438,359.6,154.002,9.00e+00, 16.6,62.7, - 
6991,145215,07052019,17102022 212807,  47, 42513.4,  6.906, 68.405,0.036383,359.6, 90.403,5.53e+00, 18.1,36.0, - 
6992,145217,27112019,17102022 062249,1047, 42424.0, 17.514, 10.047,0.105011,359.6,251.549,1.61e+01, 18.0,87.7, - 
6993,145218,09032021,18102022 163859, 558, 42492.9, 29.089, 13.245,0.244820,359.7,145.431,1.88e+01, 17.5,47.3, - 
6994,145220,22012022,17102022 235959,   0, 42118.3,  0.190, 96.718,0.000679,301.3,230.140,9.90e-03, 13.7, 0.1,  1
6995,145221,15072022,17102022 230959,  12, 42376.5,  0.366, 94.409,0.025139,  1.9,294.308,3.26e-02, 14.7, 0.1,  4
6996,145222,24082022,17102022 112631,  49, 42476.8,  9.138,302.268,0.084473,359.6,228.167,3.92e+00, 17.7, 0.9,160
6997,145300,02042003,18102022 083509,   1, 42514.4, 14.412, 12.674,0.000278,359.5,341.427,1.52e-02, 13.1, 0.1,  1
6998,145301,15112004,18102022 032923,   1, 42511.0, 12.788, 23.531,0.000513,359.5, 77.918,1.14e-02, 12.9, 0.1,  1
6999,145302,07012008,18102022 041223, 958, 42497.9, 14.785,354.547,0.049101,359.5, 79.138,4.56e-01, 17.3,44.1, - 
7000,145303,30072014,18102022 101641,   0, 43178.9,  2.050, 91.304,0.000667,  0.0, 29.344,1.50e-02, 13.7, 0.2, 12
7001,145305,30042017,18102022 015004, 293, 42425.0, 14.303, 28.455,0.407715,359.5,165.621,5.06e+00, 17.2,14.9, - 
7002,145306,21092017,17102022 215746, 124, 43268.0, 28.792, 14.305,0.756000,359.7,205.941,4.24e+01, 15.3, -  , - 
7003,145309,08122021,18102022 023439,   3, 42498.5,  1.393, 93.184,0.043390,  0.2,124.715,1.49e+00, 16.7, 0.2, 30
7004,145310,22012022,17102022 235959,   0, 42096.1,  0.127, 96.315,0.000013,302.8,280.892,1.72e-02, 13.7, 0.1,  1
7005,145400,25022005,17102022 211734,   0, 42432.2, 14.943,357.683,0.000480,359.5,133.428,1.28e-02, 13.4, 0.1,  1
7006,145401,18111993,17102022 112413,   1, 42525.5, 10.209,305.148,0.000933,359.6,211.498,1.56e-02, 13.4, 0.1,  1
7007,145402,16012010,17102022 155008,   3, 42523.4,  9.802,302.017,0.009083,359.6,173.042,3.68e-02, 17.5, 0.1, 10
7008,145403,13122013,17102022 161327,  51, 42517.4, 10.968,311.237,0.004682,359.6, 60.587,2.13e-02, 17.8, 0.3, 34
7009,145405,14052009,18102022 050537,   1, 42485.6, 19.872,  6.339,0.203187,359.6,188.280,5.13e+00, 15.3, 0.3, 44
7010,145406,08022011,18102022 145725,  28, 42516.4,  3.575, 19.581,0.105940,358.1,240.311,2.46e+00, 16.8, 7.2, - 
7011,145407,21092017,18102022 021300,   5, 42527.3, 10.792,312.161,0.023655,359.6, 40.069,8.75e-01, 16.3, 0.8,123
7012,145410,15022013,17102022 164054, 194, 42565.2,  6.995,290.221,0.138702,359.7,284.851,2.09e+00, 17.2,34.7, - 
7013,145411,20082016,18102022 035528,   0, 42527.2,  5.625, 69.216,0.000651,359.5,329.782,1.21e-02, 10.9, 0.1,  1
7014,145413,16112017,18102022 032903,   3, 42508.5, 14.385, 17.025,0.020608,359.5,201.622,3.38e+00, 15.2, 0.4, 52
7015,145414,16022018,17102022 183027,  72, 42510.9,  8.696,299.218,0.061988,359.6,225.292,1.85e+00, 17.8, 4.1,429
7016,145415,21022018,18102022 065138, 928, 42465.3, 10.094, 69.446,0.211726,359.7, 95.150,6.04e+00, 17.7, -  , - 
7017,145418,04112018,18102022 081426,  47, 42522.0,  7.259,280.260,0.144322,359.8,206.968,2.28e+00, 17.4, 1.6,169
7018,145421,19112019,18102022 061057, 142, 42528.8, 20.047, 61.905,0.119010,359.8,103.170,4.01e+00, 17.4,25.3, - 
7019,145422,04012020,18102022 013631, 248, 42501.1,  6.243, 79.891,0.128393,359.8, 77.204,1.13e+01, 17.8, -  , - 
7020,145423,20012020,18102022 131902, 521, 42495.6,  7.955, 72.839,0.316783,359.7,135.870,5.76e+00, 17.5,95.2, - 
7021,145427,17092020,17102022 162417,   4, 42523.9, 15.044, 20.332,0.197878,359.5,259.593,2.87e+00, 14.5, 1.2,198
7022,145429,11122020,18102022 195905, 439, 42437.3, 20.820, 47.582,0.671567,359.8,131.659,1.63e+01, 15.3,62.4, - 
7023,145430,08122021,18102022 084853, 150, 42520.9,  1.023, 91.928,0.005169,  0.2,228.608,4.14e-01, 17.6, 4.1,566
7024,145431,02072022,17102022 211116,   1, 42166.1,  0.370, 99.177,0.000134,  4.3,180.456,1.00e-02, 13.2, 0.1,  1
7025,145500,15011999,17102022 111138,   1, 42540.1, 10.756,315.277,0.000312,359.5,152.639,1.95e-02, 13.0, 0.1,  1
7026,145501,23112006,18102022 094405, 340, 42316.1,  3.616,307.180,0.018098,358.8,342.980,8.42e+00, 17.8, -  , - 
7027,145503,19042017,17102022 134752,   1, 42604.6,  6.148, 69.099,0.001141,359.6,300.370,1.00e-02, 15.7, 0.1,  1
7028,145504,30072014,18102022 040522,   0, 42550.1,  6.116, 69.256,0.000775,359.6,284.748,1.09e-02, 11.1, 0.1,  1
7029,145505,02092013,17102022 194059,   1, 42543.1, 14.549, 11.618,0.000702,359.5,128.422,1.65e-02, 13.4, 0.1,  1
7030,145506,01092014,17102022 072636,  20, 42544.0,  9.366,301.977,0.023508,359.6,225.868,5.02e-01, 17.3, 1.5,277
7031,145507,14022016,17102022 101136,  59, 42761.7, 15.834,358.693,0.040266,359.5, 61.272,1.92e+00, 17.4,21.6, - 
7032,145508,27042016,18102022 063350,2258, 42578.1, 21.416, 44.580,0.124459,359.8,175.212,1.03e+01, 17.5, -  , - 
7033,145509,08052016,18102022 135152,  23, 42500.5,  8.932, 27.446,0.063390,359.3,185.052,2.91e+00, 17.6, 4.6,792
7034,145510,19052017,17102022 100628,   3, 42531.2,  5.571, 74.047,0.093705,359.6,159.178,2.94e+00, 16.7, 0.7, 84
7035,145511,24052017,17102022 141831, 823, 42385.8, 19.451, 55.377,0.520379,359.8,165.922,8.23e+00, 16.2, -  , - 
7036,145512,13022018,17102022 134254,1705, 42513.2, 19.808, 41.247,0.261699,359.7,133.330,2.14e+01, 18.1, -  , - 
7037,145513,18022018,17102022 194244,1166, 42537.7,  8.247, 68.391,0.097820,359.7, 91.157,5.76e+00, 16.8, -  , - 
7038,145517,09042018,18102022 051404,1640, 42522.7,  6.806, 72.561,0.287536,359.7,120.080,1.17e+01, 17.6, -  , - 
7039,145520,04022019,18102022 155514, 711, 42525.2,  4.141, 81.933,0.092249,359.7, 44.017,1.11e+01, 18.5, -  , - 
7040,145527,02072022,18102022 024954,  33, 42474.8,  0.377, 99.265,0.000177,  4.2,171.163,1.00e-02, 12.4, 0.1,  1
7041,145600,23041993,17102022 211842,   1, 42566.6, 13.588,331.660,0.000280,359.5,174.763,1.15e-02, 12.8, 0.1,  1
7042,145601,02022003,17102022 181350,   1, 42572.1,  9.186, 40.118,0.002166,359.4, 76.381,1.28e-02, 12.9, 0.1,  1
7043,145602,26022008,18102022 161058,   2, 42563.8,  9.359, 47.545,0.001159,359.5,100.507,1.17e-02, 15.1, 0.1,  2
7044,145603,07122006,17102022 174245, 304, 42527.4, 14.355, 16.790,0.026842,359.5,179.009,2.64e+00, 15.1, -  , - 
7045,145604,02022016,18102022 044848,  49, 42694.0, 10.124,359.448,0.363632,359.3,217.147,4.94e+00, 17.3,22.2, - 
7046,145606,24022017,18102022 011011,   1, 42551.4,  7.032,  8.190,0.266661,359.0,214.744,6.92e+00, 17.0, 0.3, 48
7047,145607,05032017,17102022 140858,  18, 42561.1, 12.715, 54.508,0.111157,359.7,117.853,8.85e+00, 17.2, 0.8,141
7048,145608,22072017,18102022 094452,  18, 42575.8,  3.127,320.942,0.029601,358.3,337.452,9.15e-01, 17.6, 0.5, 87
7049,145610,14022018,18102022 055619, 201, 42538.7,  5.725, 70.535,0.326893,359.6,129.556,3.70e+00, 17.7,50.7, - 
7050,145611,13022018,18102022 154642, 968, 42532.3, 10.089, 65.528,0.119319,359.7,158.397,5.72e+00, 17.4,45.3, - 
7051,145612,15022018,18102022 151353, 912, 42522.2,  7.838, 67.148,0.106554,359.6,163.717,5.95e+00, 17.5, -  , - 
7052,145613,18022018,18102022 062922,1699, 42523.0, 20.063, 52.689,0.307232,359.8,118.561,1.34e+01, 17.9, -  , - 
7053,145614,12042018,18102022 120437,1638, 42550.3, 14.363, 61.261,0.295600,359.7,133.487,1.04e+01, 18.4, -  , - 
7054,145615,15112018,17102022 080721,  16, 42533.2,  7.877,149.198,0.259047,  0.8,339.027,1.50e+01, 16.8, 1.1,198
7055,145616,11012019,17102022 211249,1024, 42567.7,  4.196, 79.499,0.021516,359.7, 83.450,4.36e-01, 17.6,67.1, - 
7056,145618,09082019,18102022 004830,   3, 42568.0,  2.303,276.663,0.020368,359.7,181.998,1.14e-01, 17.4, 0.4, 36
7057,145621,12102020,18102022 055239, 137, 42519.1,  1.664,289.071,0.068414,358.7,236.536,3.16e+00, 16.9,16.9, - 
7058,145622,25032021,17102022 215045,  10, 42553.3, 10.451,316.969,0.054226,359.5,214.988,2.55e+00, 17.5, 0.8,134
7059,145623,05042022,17102022 175205,  57, 42568.3,  6.657,290.063,0.070899,359.6,286.885,1.95e+00, 17.3,10.7, - 
7060,145624,29072022,17102022 105434,  78, 42560.9,  5.870, 69.823,0.097974,359.6,175.136,5.70e+00, 17.1, -  , - 
7061,145625,02082022,17102022 092004,   2, 42546.8,  5.761, 69.388,0.091480,359.5,171.281,5.20e+00, 18.0, 0.1, 13
7062,145626,27082022,18102022 161335,  42, 42556.6, 10.937,312.322,0.009832,359.6, 69.668,3.10e-02, 17.6, 0.1,  7
7063,145700,23101995,17102022 205549,   1, 42575.1, 10.851,315.738,0.001800,359.5,246.996,1.50e-02, 12.9, 0.1,  1
7064,145701,15032008,17102022 084116,   1, 42577.3, 13.882,350.777,0.000249,359.5,159.119,1.25e-02, 12.6, 0.1,  1
7065,145702,09032008,18102022 144804,  16, 42590.8, 10.694,314.039,0.010653,359.5, 92.440,2.25e-02, 17.8, 0.4, 28
7066,145703,11092016,18102022 052512,  41, 42708.1,  2.188,105.472,0.184906,  0.9, 66.208,6.04e+00, 17.0, 6.6, - 
7067,145704,27052017,18102022 075426,   1, 42574.3,  6.164, 72.049,0.013291,359.6,170.434,2.50e-01, 17.5, 0.4, 24
7068,145705,05032018,17102022 180353,   2, 42469.7,  1.483,285.435,0.075581,358.9,255.074,3.25e+00, 15.8, 0.2, 31
7069,145706,08032018,17102022 140844,  49, 42549.9,  9.815,302.047,0.027758,359.6,168.247,1.21e-02, 17.2, 0.3, 34
7070,145707,02082018,17102022 211733,1512, 42522.9, 12.435, 32.465,0.352982,359.5,190.672,6.58e+00, 15.0, -  , - 
7071,145709,06122018,17102022 201715, 131, 42570.7,  7.395,288.025,0.149345,359.7,181.223,1.67e+00, 18.2, 3.8,661
7072,145713,15012020,17102022 200053,  85, 42603.1,  3.209,103.781,0.217198,  0.5, 89.446,6.28e+00, 17.3, 5.9, - 
7073,145715,15042021,18102022 104129, 546, 42585.6, 19.276, 59.141,0.099687,359.8,182.820,2.51e+00, 17.6,14.3, - 
7074,145716,29032022,17102022 095833,  23, 42579.1,  9.051,302.795,0.012459,359.6,187.068,6.59e-02, 18.0, 0.1,  2
7075,145800,26071995,17102022 141733,   1, 42596.6, 11.221, 16.924,0.000226,359.4, 62.360,1.51e-02, 12.9, 0.1,  1
7076,145801,25041998,17102022 224933,   1, 42599.0, 10.206,308.926,0.000912,359.6,249.190,1.50e-02, 13.3, 0.1,  1
7077,145802,04012008,17102022 074525, 229, 42834.7, 15.550,357.842,0.065974,359.5,217.567,2.06e+00, 13.2,34.0, - 
7078,145803,22102016,18102022 015639,1645, 42979.0, 22.063, 17.618,0.253383,359.7, 26.804,2.07e+01, 16.4, -  , - 
7079,145805,15112017,18102022 114407,  89, 42589.0,  8.853,327.305,0.055434,359.3,162.700,1.42e-01, 16.4, 2.4,380
7080,145807,13102018,17102022 063618, 142, 42432.8, 33.723, 25.777,0.222863,359.8,198.686,2.33e+01, 14.7, -  , - 
7081,145808,30072019,17102022 055433,1024, 42578.7, 12.287,343.633,0.294932,359.4,224.981,8.24e+00, 15.1, -  , - 
7082,145810,28042020,18102022 105745, 582, 42583.7,  6.248, 82.940,0.191642,359.8, 93.860,8.05e+00, 17.6,21.0, - 
7083,145900,19081995,17102022 110820,   1, 42616.9, 12.535,326.269,0.000817,359.5,225.364,1.58e-02, 12.9, 0.1,  1
7084,145901,05092005,18102022 054456,   1, 42631.3,  8.177,295.369,0.014623,359.6,239.788,1.15e-01, 15.8, 0.1,  7
7085,145902,22102008,17102022 190003,  10, 42622.6, 15.488,359.231,0.013062,359.5,200.398,5.41e-02, 15.9, 0.5, 33
7086,145903,17122011,17102022 193541,  50, 42638.7, 11.515,314.807,0.119851,359.6,317.776,3.45e-01, 17.2, 1.7,218
7087,145905,24032019,18102022 034207,1113, 27078.8, 24.697,345.964,0.503441,359.7,  3.795,2.46e-01, 17.5,39.4, - 
7088,145906,25012012,17102022 211522,   4, 42614.4,  5.504,266.905,0.158039,  0.1, 13.496,2.61e+00, 16.5, 0.2, 35
7089,145907,12122011,18102022 135410, 236, 42664.1,  0.978,117.519,0.137677,  3.7, 56.420,5.67e+00, 16.3,10.6, - 
7090,145909,07122015,18102022 042830,   0, 42549.0,  8.885,349.628,0.127207,359.2,173.691,6.86e+00, 16.7, 0.1, 11
7091,145910,20082015,17102022 192814,   4, 42616.2,  5.354,347.231,0.100557,358.7,291.121,4.26e+00, 17.2, 0.2, 28
7092,145911,11082016,17102022 165305,2188, 42553.2,  7.723,359.095,0.266674,359.1,268.125,9.49e+00, 17.6, -  , - 
7093,145912,21082008,17102022 170024,   1, 42622.1,  3.577,314.298,0.021679,358.6,  1.720,1.97e-01, 15.8, 0.1,  5
7094,145913,18012018,18102022 011023,1730, 42795.9, 22.259,312.770,0.415025,359.8,206.612,3.48e+01, 17.5, -  , - 
7095,145914,09042018,18102022 054746,1267, 42604.4,  0.539, 15.729,0.159251,346.5,183.373,3.99e+00, 16.6, -  , - 
7096,145915,12042018,18102022 052133,   1, 42612.7,  2.398,271.042,0.029820,360.0,212.929,1.35e-01, 14.7, 0.1,  8
7097,145918,02072022,17102022 152926,   4, 42620.6,  0.362, 99.199,0.001010,  4.4, 15.724,1.54e-02, 13.2, 0.1,  1
7098,146000,16021999,18102022 014934,   1, 42638.2, 14.183,346.127,0.001592,359.5,227.624,1.06e-02, 13.9, 0.1,  1
7099,146002,25082017,17102022 062934,  15, 42538.7, 10.917,312.046,0.009251,359.6, 67.056,1.34e-01, 17.4, 1.3,180
7100,146004,20032018,18102022 014045, 195, 42630.6,  7.327,293.039,0.127289,359.6,258.862,1.67e+00, 17.8, 8.6, - 
7101,146006,31032019,17102022 200352, 642, 42688.5,  9.457, 61.803,0.077184,359.6,118.005,6.88e+00, 16.9, -  , - 
7102,146007,30042019,17102022 092148, 930, 42640.5,  1.632,283.359,0.073588,359.1,262.185,2.79e+00, 17.8,51.6, - 
7103,146008,05122019,18102022 001116, 236, 42652.7, 20.729, 57.873,0.187980,359.8,128.484,5.77e+00, 17.0, -  , - 
7104,146010,24022020,18102022 063921, 475, 42524.5, 38.152,341.200,0.565922,359.8,229.561,3.19e+01, 14.8, -  , - 
7105,146011,21092020,17102022 201545, 704, 42625.3, 12.720,309.363,0.159159,359.6,189.745,1.30e+01, 17.6,70.7, - 
7106,146012,11052021,18102022 102436,  28, 42643.8,  1.659,283.256,0.079140,359.1,262.080,2.99e+00, 17.5, 0.9,136
7107,146013,31122021,17102022 135358, 122, 42570.9, 17.759, 51.885,0.638353,359.7,129.540,6.62e+00, 16.3, 8.9, - 
7108,146101,05012008,17102022 081719,   2, 42530.7, 20.140, 37.708,0.275188,359.7,156.076,1.09e+01, 15.8, 0.1, 24
7109,146102,11122012,18102022 063435,   2, 43002.0, 18.151, 31.907,0.076549,359.7,132.379,9.64e+00, 16.4, 0.5, 80
7110,146104,20102009,17102022 193140,4741, 42629.9, 20.756, 36.199,0.278545,359.7,156.216,1.12e+01, 16.3, -  , - 
7111,146105,01082017,18102022 001325,1448, 42660.2,  6.099, 71.633,0.016166,359.6, 29.300,7.07e-01, 17.1, -  , - 
7112,146106,09032018,18102022 004957,  17, 42623.1,  7.697,292.476,0.065408,359.7,288.650,1.60e+00, 18.1, 0.8,105
7113,146108,14072019,17102022 215151, 971, 42658.4, 19.035, 59.152,0.015027,359.8, 48.829,3.12e-02, 17.1,11.6, - 
7114,146109,13092021,17102022 230112, 397, 42541.1,  4.407,144.864,0.342751,  1.3,122.320,1.29e+01, 18.0, -  , - 
7115,146110,29042022,17102022 223607,   1, 42663.8,  2.175,282.128,0.017316,359.4,220.700,4.28e-01, 18.3, 0.9, 73
7116,146200,05012008,17102022 215847,   2, 42682.6, 11.014,313.792,0.017020,359.6, 49.518,2.32e-02, 14.7, 0.1,  4
7117,146201,07092011,18102022 174052,   5, 42583.5,  9.013,299.184,0.051641,359.6,218.513,1.44e+00, 17.7, 0.6, 64
7118,146202,12102009,17102022 094712,  25, 42683.8, 10.943,314.400,0.012515,359.5,105.707,3.05e-02, 16.7, 0.7, 46
7119,146204,25112016,17102022 152442,  12, 42671.9,  8.694,296.416,0.013747,359.6,221.420,6.79e-02, 17.3, 0.2, 29
7120,146208,22032022,18102022 141152,   0, 42667.3,  0.977,117.536,0.137414,  3.7, 56.401,5.68e+00, 16.2, 0.1,  4
7121,146209,10062022,18102022 090413,  92, 42683.0,  7.796, 61.647,0.020257,359.5,200.776,1.10e+00, 17.6,21.1, - 
7122,146300,07081993,18102022 053019,   1, 42703.3, 13.257,346.755,0.002340,359.5,240.601,1.07e-02, 12.9, 0.1,  1
7123,146301,12081991,17102022 231917,   1, 42698.2, 14.814,353.805,0.000712,359.5, 79.938,1.19e-02, 12.7, 0.1,  1
7124,146302,16032010,18102022 150139,  21, 42692.7,  2.599,354.208,0.051224,357.3,281.112,1.58e+00, 16.9, 0.6, 99
7125,146303,01112010,17102022 224220,   1, 42695.7,  9.368,303.642,0.013913,359.6,173.531,1.26e-01, 16.8, 0.1,  6
7126,146304,20082014,18102022 064626,   2, 42700.3, 12.401, 33.076,0.104788,359.5,127.691,2.58e+00, 16.1, 0.3, 29
7127,146305,18082014,17102022 200225,2056, 42696.5,  8.666, 43.405,0.195958,359.4,170.108,1.23e+01, 16.3, -  , - 
7128,146307,16122017,17102022 200826,  17, 42673.9,  5.429,289.417,0.016823,359.6,333.692,2.77e+00, 17.7, 2.6,334
7129,146308,10042018,17102022 173759,  28, 42702.7, 14.846,353.054,0.015027,359.5,187.654,7.24e-01, 17.0, 0.9, 89
7130,146309,26042019,18102022 110708, 595, 42709.2,  4.322, 79.196,0.033819,359.7, 59.984,8.79e-01, 14.0,30.9, - 
7131,146400,30042006,17102022 150155,   2, 42726.3,  9.318,303.465,0.017083,359.6,177.501,3.84e-01, 16.8, 0.3, 23
7132,146401,27112006,18102022 035627,  20, 42718.4, 11.180,314.314,0.019534,359.6, 65.881,1.46e-01, 16.8, 0.5, 93
7133,146402,17082009,18102022 123722,  15, 42786.6,  3.622, 17.823,0.074505,358.1,266.009,2.70e+00, 16.9, 1.3, 89
7134,146403,08072005,18102022 174334,  10, 42663.7, 10.151,317.863,0.024538,359.5,144.730,1.30e+00, 16.7, 1.4,226
7135,146406,24012014,18102022 033227,   1, 42715.4, 10.902, 42.304,0.000849,359.5, 93.763,1.01e-02, 14.1, 0.1,  1
7136,146407,12032018,17102022 092437, 346, 42715.3, 11.651,307.815,0.024564,359.6, 84.279,2.11e+00, 18.0,18.8, - 
7137,146408,14122018,18102022 013146,  59, 42717.2,  2.175,281.869,0.024679,359.4,202.948,1.07e-01, 17.3, 1.5,231
7138,146409,01022019,18102022 171421, 408, 42701.1,  9.714, 45.574,0.028822,359.5,183.769,1.72e+00, 16.9,92.3, - 
7139,146410,21092019,18102022 033046,   3, 42692.9, 20.649, 56.515,0.133736,359.8,163.780,5.70e+00, 15.2, 0.2, 36
7140,146411,23102019,18102022 013842, 379, 42653.3,  6.407, 88.482,0.101088,360.0, 33.715,8.06e+00, 17.1, -  , - 
7141,146412,22112019,18102022 121751,   4, 42707.3,  4.133, 80.323,0.014410,359.7, 55.672,6.51e-01, 17.0, 0.2, 33
7142,146413,02032020,17102022 182805, 188, 42718.5,  8.636,337.588,0.098551,359.2,154.915,9.66e+00, 18.4,53.2, - 
7143,146414,12102020,18102022 002629, 730, 42714.2,  3.716, 94.095,0.405880,  0.1, 23.531,5.75e-01, 17.4, -  , - 
7144,146416,23112020,18102022 073635, 691, 42801.1, 24.193, 45.932,0.687855,359.8,166.784,3.19e+01, 16.7, -  , - 
7145,146417,05042021,18102022 024516,   0, 42684.3, 20.069, 62.625,0.047998,359.8,161.603,5.16e+00, 13.0, 0.2, 29
7146,146418,08042021,18102022 002849, 188, 42727.5, 19.119, 59.683,0.011479,359.8, 36.014,1.00e-02, 17.7, 5.0,562
7147,146500,28012011,17102022 052301,  15, 42901.0,  4.521,280.268,0.103306,359.7,279.066,4.41e+00, 16.4, 0.8,130
7148,146502,03102016,18102022 153140,   2, 42519.0,  1.892,115.490,0.239782,  1.7,123.807,7.63e+00, 16.9, 0.4, 27
7149,146503,15032018,17102022 082620, 110, 42784.3,  9.781,304.480,0.016120,359.6,212.434,5.68e-02, 18.3, 1.6,283
7150,146504,09042018,17102022 144451,1613, 42743.4,  8.072, 77.099,0.222663,359.8, 54.208,5.70e+00, 15.8, -  , - 
7151,146505,03022019,18102022 053829, 346, 43407.2, 16.709,  6.827,0.437649,359.6,281.991,9.32e+00, 17.5, -  , - 
7152,146506,06022022,17102022 152329,  75, 42713.9,  5.576, 95.699,0.152337,  0.1,324.642,8.03e+00, 17.3,17.5, - 
7153,146600,11051999,18102022 041650,   1, 42763.3,  9.860, 27.151,0.000912,359.3,338.330,1.50e-02, 12.6, 0.1,  1
7154,146601,29122005,17102022 073430,   1, 42767.3,  3.128,286.753,0.002041,359.4,340.366,1.74e-02, 13.1, 0.1,  1
7155,146602,10091986,17102022 203207,   1, 42758.8, 11.911,319.963,0.000353,359.5,229.544,1.30e-02, 13.3, 0.1,  1
7156,146603,12092013,17102022 213746,  17, 42751.1, 11.248,313.912,0.013606,359.6, 86.495,2.89e-02, 17.0, 0.2, 23
7157,146604,04112015,17102022 133619,1640, 42796.4,  5.252, 23.727,0.234975,358.7,117.531,7.98e+00, 17.5, -  , - 
7158,146605,02092016,17102022 094027,1705, 42952.3, 31.428,  9.874,0.195258,359.8,244.404,2.43e+01, 17.5, -  , - 
7159,146607,19062018,17102022 061108,1525, 42746.0, 15.641,358.352,0.085932,359.5,249.647,8.26e-01, 17.1, -  , - 
7160,146609,27082022,18102022 003823,   1, 42762.5, 10.331,309.123,0.088205,359.6,288.025,3.32e+00, 16.3, 0.1, 17
7161,146700,15022007,17102022 124351, 669, 42796.6,  3.785,250.765,0.117102,  0.6,275.402,5.79e+00, 17.1, -  , - 
7162,146701,19072015,17102022 121539,  40, 42709.8,  2.215,338.832,0.326003,357.1,256.503,1.09e+01, 16.4, 4.2,597
7163,146702,05082016,18102022 115543,  23, 42770.6,  3.090,286.775,0.004669,359.4,229.676,5.64e-01, 17.4, 0.3, 51
7164,146703,17122017,17102022 212259, 103, 42769.8,  3.118,286.731,0.026609,359.4,137.033,4.75e-01, 17.4, 7.3, - 
7165,146704,23032018,17102022 230020, 203, 42801.3,  2.439, 66.346,0.224086,358.7,128.379,2.95e+00, 18.3,76.9, - 
7166,146705,23032018,18102022 162459,  86, 42777.9,  2.219,279.320,0.017754,359.5,188.501,8.32e-02, 18.1, 0.7,121
7167,146706,01082019,17102022 090755, 585, 42762.5, 15.917,358.631,0.033300,359.5,319.846,1.27e+00, 16.4,37.6, - 
7168,146707,25042022,17102022 174819,  78, 42786.4, 12.162, 69.265,0.264543,359.8,106.672,1.24e+01, 17.4,49.9, - 
7169,146708,09062022,17102022 154642,  50, 42726.7,  4.873,298.169,0.179584,359.3,338.241,6.61e+00, 17.7, 5.9,764
7170,146800,11022011,17102022 102311, 130, 42841.4, 13.654, 49.558,0.026342,359.6,  2.813,4.35e+00, 17.4,11.1, - 
7171,146801,03032011,17102022 201048,   2, 42782.8,  8.862,297.182,0.029393,359.6,334.951,1.25e+00, 16.7, 0.1,  9
7172,146802,16112011,18102022 010811,  18, 42840.0, 10.006,310.271,0.015116,359.5, 48.000,4.90e+00, 16.2, 0.6, 97
7173,146804,19022014,18102022 015120,1991, 42893.1, 12.261,332.750,0.244820,359.5,110.093,9.91e+00, 15.7, -  , - 
7174,146806,30102014,17102022 122752,   2, 42857.4,  9.254,303.926,0.058783,359.6,318.740,3.98e+00, 16.9, 0.3, 46
7175,146807,02042013,17102022 075408,1147, 42799.1, 13.773, 19.654,0.018694,359.5,253.786,4.12e-01, 17.0,31.0, - 
7176,146808,16022017,17102022 193441, 430, 43035.9,  2.789,317.157,0.185428,358.2,253.858,7.01e+00, 17.3,43.7, - 
7177,146809,28022017,17102022 163626, 734, 41686.1, 32.458,331.520,0.445768,359.8,256.009,3.14e+01, 15.9, -  , - 
7178,146810,29082019,18102022 040405, 189, 42983.3, 12.247,  9.047,0.405045,359.4,160.845,1.20e+01, 17.6,48.7, - 
7179,146811,23032020,17102022 163437, 610, 42812.7,  6.635, 66.278,0.402235,359.5,177.754,7.42e+00, 13.0,63.7, - 
7180,146901,04042016,18102022 140905,   2, 42811.1, 14.139,343.022,0.006953,359.5,182.441,3.69e-01, 17.4, 0.2, 16
7181,146902,16032018,18102022 100546, 796, 42536.9, 12.677, 65.617,0.336277,359.8,181.074,8.77e+00, 17.8, -  , - 
7182,146904,29032022,17102022 195939, 172, 42780.4,  3.450, 61.927,0.299908,359.0,165.990,8.81e+00, 18.5, 9.8, - 
7183,147000,19082007,17102022 201207,   1, 42847.3, 15.821,359.149,0.029970,359.5,216.722,1.11e+00, 15.7, 0.2, 13
7184,147001,26102011,18102022 162435,  44, 42802.6, 11.575,319.351,0.065370,359.5,306.336,1.08e+00, 16.3, 9.7, - 
7185,147002,16042013,18102022 025329,2022, 42972.7,  2.241,344.711,0.109882,357.0,137.058,3.36e+00, 15.3, -  , - 
7186,147004,03072016,18102022 094503,   1, 42342.5, 13.169, 63.978,0.206227,359.7,131.174,9.58e+00, 14.0, 0.1, 13
7187,147005,12012018,18102022 083520,1408, 42892.6, 22.486,338.680,0.216982,359.7,281.837,1.56e+01, 17.2, -  , - 
7188,147006,25032018,18102022 025124, 911, 42436.1, 20.361,354.722,0.158917,359.6,230.692,1.17e+01, 18.4, -  , - 
7189,147007,25082018,17102022 062549,  16, 42826.4, 15.311,356.959,0.005551,359.5,228.176,4.72e-01, 16.7, 1.1,125
7190,147008,14022020,17102022 212643, 922, 42817.4, 18.424, 53.092,0.103850,359.8,166.029,4.14e+00, 15.8, -  , - 
7191,147009,04032021,18102022 172028,   5, 42831.4, 10.765,300.726,0.098560,359.7,220.029,8.87e-01, 16.2, 1.6,251
7192,147010,10042022,18102022 095507, 188, 42843.8,  1.656,289.061,0.088059,358.7,259.658,2.61e+00, 18.6, 9.3, - 
7193,147100,26012001,17102022 220724,   0, 42863.9, 13.870,342.977,0.002096,359.5,158.987,1.45e-02, 12.5, 0.1,  1
7194,147101,23082006,17102022 090214, 129, 42833.8, 15.884, 15.366,0.012411,359.6,182.767,6.51e-01, 17.8, 5.9,999
7195,147102,02042013,17102022 195750, 142, 42872.4, 38.910, 25.620,0.383348,359.8,173.272,3.22e+01, 16.0,73.7, - 
7196,147103,08082013,17102022 050408,  13, 42444.1, 16.348,287.881,0.609551,359.9,289.259,2.47e+01, 16.5, 1.5,280
7197,147104,01082014,17102022 213103,   3, 43884.6, 18.537,320.047,0.175499,359.7,354.825,1.84e+01, 17.1, 0.8,111
7198,147105,14082017,18102022 034527, 202, 42821.2, 24.895, 50.825,0.427853,359.8,176.959,9.91e+00, 16.8, -  , - 
7199,147106,25032018,18102022 030544,1663, 42845.0,  0.570, 24.910,0.151645,347.5,164.662,5.42e+00, 17.7, -  , - 
7200,147107,16012020,18102022 164426, 963, 42841.6, 21.569, 55.827,0.282249,359.8,177.450,6.28e+00, 17.1, -  , - 
7201,147109,25042020,18102022 024204, 902, 42730.9,  6.554,188.612,0.551295,  1.1,300.814,1.11e+01, 16.3, -  , - 
7202,147110,26102021,18102022 102238,  60, 42848.2,  2.039, 73.266,0.190245,358.9,130.650,7.81e+00, 17.7, 5.8,869
7203,147200,14092009,17102022 210452, 604, 42825.9,  5.069,297.091,0.431798,359.4,240.135,1.02e+00, 16.1, -  , - 
7204,147201,09042008,17102022 200018,   3, 42876.7, 14.431,345.714,0.018199,359.5,170.458,5.48e-01, 17.0, 0.1,  5
7205,147202,16122011,18102022 000044,   1, 42386.3,  2.496,  3.086,0.019317,357.1,160.509,7.48e+00, 16.5, 0.1, 21
7206,147204,16122015,18102022 160618, 915, 42876.2, 13.280,334.245,0.009601,359.5,221.501,3.89e-01, 17.3,21.2, - 
7207,147205,03082016,17102022 103707,  70, 43042.9,  2.663, 47.864,0.345400,358.1, 70.811,7.63e+00, 14.5,66.0, - 
7208,147206,27012017,18102022 182030, 961, 42879.1, 14.327,340.552,0.002458,359.5,126.792,3.55e-01, 17.8,11.1, - 
7209,147208,28042017,18102022 092330,1875, 42873.0, 11.252, 76.999,0.076328,359.8,148.225,8.74e+00, 17.8, -  , - 
7210,147209,24032018,18102022 023730,   0, 42873.5,  2.040,295.246,0.019200,358.6,163.043,1.73e-01, 16.1, 0.1,  8
7211,147210,05082018,18102022 081358,1478, 42775.4, 10.400, 59.628,0.491434,359.6,215.533,1.53e+01, 15.1, -  , - 
7212,147211,03062019,18102022 004842,   3, 42866.5, 19.159, 59.949,0.015815,359.8, 73.798,8.38e-02, 16.0, 0.2, 22
7213,147214,12112020,17102022 215829,  72, 42899.7,  7.699, 41.367,0.227384,359.3,102.348,7.95e+00, 17.3,16.1, - 
7214,147215,12042021,18102022 103714, 547, 42498.2, 24.013, 45.717,0.773930,359.8,136.921,3.14e+01, 17.5,76.8, - 
7215,147301,10032016,18102022 161124,  59, 42902.5, 11.838,320.701,0.012379,359.5,221.518,5.39e-01, 17.7, 1.9,191
7216,147304,29012020,17102022 130703, 989, 42839.0, 10.967,342.212,0.350075,359.4,186.807,1.60e+01, 16.1, -  , - 
7217,147305,13042020,18102022 044614, 914, 42944.6,  3.209, 45.456,0.361335,358.4, 81.791,3.53e+00, 16.6, -  , - 
7218,147306,21092020,17102022 215047, 752, 42839.9,  6.311,227.998,0.086953,  0.8, 68.365,2.85e+00, 17.8, -  , - 
7219,147307,09122015,18102022 024718, 611, 42892.3, 14.928,350.488,0.019582,359.5,  0.802,1.92e-01, 18.3,51.9, - 
7220,147308,09112021,18102022 035817, 306, 42905.3,  8.053, 66.828,0.306597,359.6,196.974,7.16e+00, 13.4,26.1, - 
7221,147309,05042022,18102022 165105, 109, 42869.5,  4.209,254.791,0.120194,  0.5,296.310,5.67e+00, 17.7, 4.7,836
7222,147401,09102011,17102022 193724,2765, 42911.0, 15.613, 19.541,0.164236,359.6,175.749,4.48e+00, 17.7, -  , - 
7223,147403,28112016,17102022 090717, 109, 42848.2, 11.388,309.592,0.021558,359.6,  6.048,4.68e+00, 16.8,46.8, - 
7224,147404,15092017,18102022 014034,  10, 42910.0, 10.366,306.398,0.009280,359.6,224.058,4.07e-01, 17.7, 0.2, 20
7225,147405,07052016,18102022 054300,1829, 42917.0,  7.576, 75.841,0.156180,359.8,145.547,4.90e+00, 17.9,40.7, - 
7226,147406,18022018,17102022 145640,1290, 42888.9, 12.844, 50.810,0.301895,359.6, 90.003,9.95e+00, 18.0,62.1, - 
7227,147407,25082018,17102022 210049,  27, 42887.3,  4.618, 75.543,0.021024,359.6,239.283,3.52e-01, 15.9, 1.9,352
7228,147408,05092021,17102022 133606,  51, 42828.9,  8.111, 77.537,0.503818,359.8,188.557,1.74e+01, 17.5, 4.4,738
7229,147500,11052017,18102022 115500,1837, 42934.7,  8.690, 71.801,0.180086,359.7,144.367,5.21e+00, 16.3, -  , - 
7230,147501,21122017,17102022 094433,1759, 42913.4, 22.587,351.682,0.288957,359.7,307.358,1.42e+01, 17.2, -  , - 
7231,147502,22082019,18102022 011258,1103, 42887.9, 44.791, 11.121,0.551263,359.8,195.039,3.35e+01, 15.7, -  , - 
7232,147503,28012020,18102022 045151, 943, 43213.0, 21.008,352.599,0.060027,359.7,240.278,1.74e+01, 17.3,80.9, - 
7233,147505,12092021,17102022 114751, 367, 37071.8,  4.461,142.120,0.640584,  1.3, 17.443,3.30e+01, 16.7,69.3, - 
7234,147506,03112021,17102022 180736, 346, 42924.3,  5.603,299.560,0.128022,359.4,199.550,5.15e+00, 18.4, -  , - 
7235,147507,22032022,17102022 223537,   1, 42844.3,  8.211, 68.940,0.341879,359.7,185.787,6.59e+00, 14.0, 0.5, 80
7236,147600,07031977,17102022 215413,   0, 42952.6,  8.018,297.422,0.008050,359.6,  4.396,1.18e-02, 12.8, 0.1,  1
7237,147601,20102016,18102022 130749,1390, 42907.1, 43.050, 16.917,0.526701,359.8,192.257,3.25e+01, 15.6, -  , - 
7238,147602,15092017,17102022 091916,  51, 42953.5, 12.252,323.266,0.019118,359.5,338.844,9.86e-01, 17.9, 6.0, - 
7239,147603,19122017,18102022 175919,1165, 42939.9, 13.988, 64.163,0.246854,359.8,158.665,6.39e+00, 16.7, -  , - 
7240,147604,16012018,17102022 155007,1735, 42953.9,  4.563, 85.528,0.092596,359.9,293.168,6.27e-01, 12.0,26.0,906
7241,147605,18032018,18102022 010304, 734, 42928.8,  9.329, 67.143,0.323594,359.7,123.947,1.17e+01, 17.0, -  , - 
7242,147606,20032018,18102022 075245, 135, 42967.3,  2.087,287.285,0.046422,359.1,233.971,1.63e+00, 17.6,58.5, - 
7243,147609,23092022,18102022 024013,  22, 42937.8, 11.750,108.031,0.406406,  0.2,192.698,8.70e+00, 16.8,59.1, - 
7244,147700,14022007,17102022 100416,  29, 42976.8, 10.657,305.365,0.027275,359.6,189.194,4.55e-01, 15.3, 2.2,260
7245,147701,20072010,17102022 103800, 901, 42816.9, 30.240,355.607,0.460684,359.8,213.920,1.67e+01, 15.7, -  , - 
7246,147702,30032011,17102022 183302,1267, 42978.0, 10.438,306.836,0.017896,359.6,297.218,5.03e-01, 18.2,67.0, - 
7247,147703,06122016,17102022 094309,  72, 42779.9, 11.384,313.869,0.011230,359.6, 66.398,2.20e-01, 17.5, 3.9,594
7248,147704,15082018,18102022 100550, 462, 42963.5,  2.047,297.311,0.027530,358.5,142.519,4.29e-02, 16.7,17.7, - 
7249,147705,13102022,17102022 142748,   0, 42967.1,  0.067,313.048,0.008318,332.1,154.628,6.07e-01, 16.4, 0.2, 33
7250,147800,14102007,17102022 081845,  21, 42938.9, 13.047,331.126,0.011871,359.5,217.267,4.55e-01, 17.3, 0.8, 86
7251,147801,09102015,18102022 173433,  28, 43077.4, 10.562,320.348,0.038054,359.5, 27.248,1.21e+00, 17.0, 3.6,612
7252,147802,06112016,17102022 223823, 929, 43434.1, 26.166,  4.117,0.160140,359.7, 40.901,1.14e+01, 16.5, -  , - 
7253,147803,18112016,17102022 060244,2042, 43026.7, 17.946,302.285,0.462505,359.8,214.637,4.49e+01, 16.3, -  , - 
7254,147804,09032018,18102022 172506, 729, 42930.9,  3.597, 66.537,0.158205,359.2, 60.267,3.83e+00, 18.3, -  , - 
7255,147806,05022019,17102022 125935,1343, 42997.6, 14.361,327.385,0.154808,359.6,287.328,2.43e+00, 17.1, -  , - 
7256,147807,07082019,18102022 124131,  49, 43100.5,  2.694, 18.129,0.168906,357.4,170.803,3.53e+00, 15.9,13.4, - 
7257,147900,03022006,18102022 000202,   6, 43010.5, 10.581,319.262,0.085001,359.5,123.416,1.07e+00, 16.2, 0.5, 67
7258,147901,14102004,18102022 150349,  35, 42945.8, 15.905,  1.734,0.096220,359.5,261.362,7.37e-01, 15.7, 4.9,805
7259,147902,17012013,18102022 025953,   0, 43261.0, 28.129,348.831,0.266464,359.7,219.105,2.03e+01, 12.7, 0.1, 13
7260,147903,24082015,18102022 121808,2359, 42936.4, 24.029,312.019,0.524802,359.8,206.855,4.20e+01, 16.9, -  , - 
7261,147905,14032018,18102022 151537, 163, 43246.6,  2.111,284.792,0.015700,359.2,148.512,4.96e-02, 17.3, 3.2,295
7262,147907,12102020,17102022 071036, 732, 43013.6,  2.152,281.716,0.016349,359.4,198.084,3.44e-01, 17.8,14.2, - 
7263,147908,26092022,18102022 124901,  15, 43009.9, 21.090,350.831,0.310059,359.7,203.213,5.96e+00, 16.7, 0.5, 76
7264,148001,19112016,17102022 063903,  42, 43027.7, 11.590,316.411,0.028366,359.6, 35.861,2.81e-01, 18.0, 2.4,102
7265,148100,24082009,18102022 044538, 736, 42735.5, 18.527,345.152,0.362540,359.6,150.029,2.80e+01, 17.6, -  , - 
7266,148102,21072017,17102022 182509,  24, 43037.2,  4.479, 75.296,0.013742,359.6,201.697,3.54e-01, 15.1, 0.9,158
7267,148103,18092017,17102022 095028, 148, 43300.4,  4.312, 83.117,0.335644,359.8,132.692,9.17e+00, 17.4, 8.7, - 
7268,148105,16032018,17102022 192049,   2, 43039.4,  2.124,284.917,0.014949,359.2,177.401,6.08e-03, 16.4, 0.1,  5
7269,148106,08012019,18102022 012517,  28, 43052.4,  6.404,334.173,0.231076,359.0,115.288,6.34e+00, 17.6, 2.1,282
7270,148107,24032020,18102022 012007, 917, 43043.2,  5.440, 58.125,0.270127,359.3,149.607,9.40e+00, 17.7, -  , - 
7271,148108,24012021,17102022 101939, 457, 43021.1, 17.686,114.919,0.465095,  0.2, 27.864,1.46e+01, 17.0,34.0, - 
7272,148201,15032018,18102022 090715,   1, 43067.5,  2.176,281.114,0.014242,359.4,167.828,2.01e-02, 16.6, 0.1,  7
7273,148202,03062019,18102022 183706,  11, 43071.1, 18.814, 58.315,0.019129,359.8, 94.333,2.48e-02, 16.7, 0.5, 55
7274,148205,07102021,17102022 214818, 368, 43070.6, 34.491,353.378,0.031721,359.8, 23.922,1.01e+01, 17.9, -  , - 
7275,148206,01062022,18102022 145205,  87, 43042.1, 22.875,267.218,0.773356,  0.0,324.540,1.44e+01, 17.3, 7.0, - 
7276,148300,23112006,18102022 052941,   0, 43022.8,  3.494,335.033,0.158699,358.2,342.171,2.00e+00, 15.6, 0.5, 57
7277,148301,01082008,17102022 064157,   0, 43505.9,  4.681, 16.375,0.092271,358.5,224.522,5.39e+00, 14.2, 0.3, 54
7278,148302,21092015,18102022 014829,1651, 43305.9, 10.570,291.562,0.104044,359.8,227.912,5.66e+00, 17.3, -  , - 
7279,148303,06122012,18102022 061323, 637, 42927.0,  5.519,357.977,0.047351,358.7, 27.462,6.39e+00, 16.8,96.1, - 
7280,148304,15032018,17102022 103241, 143, 43058.5,  1.869,295.481,0.014605,358.5, 63.253,1.77e-02, 17.7, 0.9,155
7281,148305,14012019,17102022 182343,  27, 43037.5,  2.967,193.500,0.083610,  2.3,333.673,1.42e+01, 16.5, 3.6,596
7282,148306,23032020,17102022 212643, 888, 43064.5, 20.171, 61.303,0.083095,359.8,132.141,5.61e+00, 13.4, -  , - 
7283,148308,12042021,17102022 223830,  79, 42706.0, 23.596, 46.586,0.684109,359.8,166.280,3.17e+01, 16.7,22.1, - 
7284,148309,12052021,17102022 225037,  20, 43099.4, 19.531, 61.219,0.049050,359.8, 59.316,1.16e+00, 17.2, 2.6,415
7285,148310,05092022,17102022 054315,  17, 43082.3,  2.037,294.319,0.016284,358.7,119.637,1.68e-01, 17.8, 1.0,152
7286,148400,05072016,18102022 042905,   3, 43980.0, 11.975, 64.060,0.041904,359.7,254.265,7.67e+00, 15.8, 0.5, 54
7287,148401,14032018,17102022 225520, 701, 43087.7,  1.417, 74.056,0.255796,358.4,177.016,4.93e+00, 15.2, -  , - 
7288,148402,15032018,17102022 175406,  22, 43108.5,  2.014,297.491,0.014795,358.5,203.323,1.52e-02, 17.8, 0.8, 52
7289,148403,05052018,17102022 085517, 729, 43103.2,  2.189,279.574,0.012847,359.5,172.800,6.64e-02, 19.0,14.7, - 
7290,148407,25092019,18102022 005647,1117, 43191.2, 14.071,104.773,0.280769,  0.1, 35.516,1.69e+01, 17.6, -  , - 
7291,148408,12112021,18102022 074345,  15, 43088.3,  3.489,271.657,0.049815,360.0,227.570,6.94e+00, 17.5, 0.5, 90
7292,148500,22072015,17102022 184132, 928, 42956.7, 26.184, 44.305,0.637128,359.8,123.493,1.41e+01, 17.7, -  , - 
7293,148501,20102017,18102022 005410,1272, 43142.6, 15.007,345.882,0.113653,359.5, 80.728,9.96e+00, 17.1, -  , - 
7294,148502,15032018,18102022 044207, 901, 43165.8,  1.123,  4.634,0.104417,353.6,185.113,5.72e+00, 14.7, -  , - 
7295,148503,17032018,18102022 012428,  34, 43133.3,  2.023,296.370,0.014083,358.5,178.256,5.36e-02, 17.7, 0.6, 94
7296,148504,19042018,17102022 225503,1640, 43005.9,  1.999,285.917,0.082142,359.1,198.227,8.11e+00, 18.2, -  , - 
7297,148505,23042018,18102022 025219,1353, 30866.6, 15.262,284.097,0.195688,359.9,100.689,2.77e+01, 17.4, -  , - 
7298,148506,12022019,18102022 030249, 387, 43260.5, 18.427, 61.215,0.474967,359.8,197.178,6.90e+00, 15.2, -  , - 
7299,148508,26022020,17102022 150953, 961, 43121.0, 22.500, 65.057,0.119565,359.9,117.051,5.50e+00, 17.3, -  , - 
7300,148510,31032022,17102022 124350,   1, 43135.7,  2.822,315.898,0.183272,358.2,255.192,7.23e+00, 17.1, 0.6, 40
7301,148511,02042022,17102022 205656,  44, 43093.4,  6.032, 59.658,0.299847,359.4,148.956,9.27e+00, 17.8, 1.9,340
7302,148512,01082022,18102022 155548,  52, 43122.9,  4.763,323.863,0.028593,358.8,273.178,2.07e+00, 17.8, 0.6, 92
7303,148600,27112014,18102022 043659,  10, 43348.9, 32.957, 14.283,0.043960,359.8,115.989,1.75e+00, 15.8, 0.9,116
7304,148602,20032015,17102022 191832,   2, 43215.6,  5.417,  3.138,0.127063,358.7,249.832,3.52e+00, 16.9, 0.6, 71
7305,148603,22022018,17102022 205440,1698, 43149.5,  8.010,300.501,0.082692,359.6,244.048,2.82e+00, 18.7, -  , - 
7306,148605,14022020,17102022 141723,   4, 43185.4, 21.011, 57.456,0.137963,359.8,261.505,1.08e+01, 14.5, 0.3, 53
7307,148701,13032018,17102022 224429,  10, 43193.7,  1.616,290.716,0.074422,358.6,250.712,3.39e+00, 16.7, 6.0, - 
7308,148702,13032018,18102022 005121,   0, 43167.3,  2.103,285.978,0.009900,359.1,215.196,9.86e-02, 16.5, 0.1,  2
7309,148703,24072018,18102022 102959,   2, 43637.3,  5.697,323.654,0.212880,359.0,251.824,2.86e+01, 16.2, 2.6,295
7310,148704,10102018,18102022 160126,   2, 43207.8,  9.438,106.892,0.150338,  0.2,123.338,1.44e+01, 15.6, 1.0,181
7311,148800,13032018,17102022 170639,  54, 43069.4,  1.698,292.119,0.103617,358.6,275.011,2.69e+00, 16.7,15.1, - 
7312,148802,28032018,17102022 220041,   2, 43170.6,  5.199, 72.341,0.277966,359.6,125.608,9.42e+00, 16.3, 0.7, 88
7313,148803,21032018,17102022 113149, 130, 43083.7,  2.689, 70.106,0.224213,359.0,124.275,7.57e+00, 17.5,19.6, - 
7314,148900,14022015,17102022 063418, 142, 43173.8, 16.513, 35.854,0.190127,359.6,170.262,6.14e+00, 16.2,19.1, - 
7315,148901,15112017,17102022 131948, 787, 43190.5,  7.263,354.952,0.300214,359.0,196.982,5.89e+00, 16.8,81.5, - 
7316,148902,13032018,18102022 004541,   0, 43202.5,  2.072,288.442,0.011495,359.0,186.528,5.61e-02, 17.2, 0.1,  3
7317,148903,07062022,17102022 175812,  21, 43193.5,  2.163,282.558,0.011179,359.4,168.771,1.35e-01, 16.6, 0.2, 35
7318,149000,09092015,17102022 194818,  32, 43213.9, 11.776,318.879,0.027710,359.5,100.159,2.31e-02, 17.4, 1.0, 63
7319,149001,22082017,17102022 101223,  17, 43243.8,  7.417,289.086,0.131249,359.7,335.512,5.47e+00, 17.1, 1.1,163
7320,149002,14032018,18102022 164014,   2, 43229.9,  2.071,287.826,0.013578,359.0,197.734,8.85e-02, 16.5, 0.1,  7
7321,149100,04032018,18102022 025501,  59, 43237.7,  0.579,334.353,0.156389,349.9,191.450,4.28e+00, 16.2, 7.5, - 
7322,149101,03072022,17102022 122127,  28, 43219.7, 21.201,278.949,0.412036,360.0,279.846,1.16e+01, 16.8, 2.4,375
7323,149201,23012017,17102022 125702, 167, 44117.3, 25.134,353.632,0.106534,359.7, 43.748,2.12e+01, 17.5,42.9, - 
7324,149202,14032018,18102022 004949,   2, 43255.2,  2.016,295.190,0.010179,358.6,137.954,3.02e-02, 16.6, 0.1,  4
7325,149203,14032018,17102022 132707,   0, 43132.0,  1.453, 73.579,0.253542,358.4,177.678,8.09e+00, 15.3, 0.1,  8
7326,149204,14032018,17102022 190935, 186, 43249.7,  2.073,287.953,0.008981,359.0,180.142,6.47e-03, 17.7, 4.9,887
7327,149205,18032018,18102022 022610,   0, 43239.9,  0.671,326.799,0.145954,352.0,209.113,4.23e+00, 16.3, 0.2, 25
7328,149208,19082020,17102022 145926,  41, 43355.0, 11.104,321.076,0.029952,359.5, 94.017,9.59e-01, 17.5, 1.5,252
7329,149209,16052022,17102022 190929,   0, 43249.7,  2.075,287.944,0.008919,359.0,179.491,1.00e-02, 17.6, 0.2, 14
7330,149300,26042011,17102022 154831,   5, 43322.4, 19.927, 53.761,0.086882,359.8,232.658,8.50e+00, 15.6, 1.0,179
7331,149301,03082016,18102022 011243,  27, 43113.5,  3.475,350.407,0.225272,358.0, 78.546,3.02e+00, 17.1, 7.0,946
7332,149303,18022018,18102022 012753, 291, 43250.7, 27.101,345.940,0.237896,359.7,169.565,1.32e+01, 17.4,48.8, - 
7333,149304,29012020,18102022 093630,  48, 43246.5, 31.701, 49.164,0.531919,359.8,155.810,1.95e+01, 16.7, 4.4,784
7334,149400,12042018,17102022 160945,   3, 43208.8,  2.824, 50.410,0.280508,358.3,144.449,7.00e+00, 15.5, 3.8,592
7335,149401,21062018,17102022 121359,  39, 43464.0, 17.630,  9.037,0.353269,359.6,108.221,4.21e+00, 15.4,15.6, - 
7336,149402,24082019,18102022 000750,  48, 43316.6, 12.181,312.802,0.030992,359.6,206.071,3.43e+00, 17.5, 5.2,741
7337,149403,01082022,18102022 060736,  61, 43278.8,  4.414, 63.941,0.161959,359.2,194.729,9.60e+00, 18.0,44.1, - 
7338,149500,15122006,17102022 114434,1346, 43404.7,  5.393, 71.801,0.201539,359.6, 84.252,9.08e+00, 17.2, -  , - 
7339,149501,21092009,17102022 062419,2582, 43361.2,  8.911,323.198,0.140463,359.4, 35.489,4.79e+00, 16.9, -  , - 
7340,149502,20092011,17102022 141248, 754, 43119.5, 10.079,304.553,0.094206,359.6,196.875,2.88e+00, 15.3, -  , - 
7341,149503,22022017,17102022 110751, 908, 43059.4, 18.858,109.138,0.466562,  0.1, 34.592,1.46e+01, 17.0, -  , - 
7342,149504,02092018,18102022 061355,1504, 43230.8, 14.448,288.691,0.708442,359.8,232.885,2.78e+01, 16.6, -  , - 
7343,149505,25012020,17102022 130339, 994, 43161.0,  9.259,355.675,0.758373,359.2,234.787,3.11e+01, 17.7, -  , - 
7344,149600,19072021,17102022 181537, 453, 43062.3, 20.936, 54.182,0.643125,359.8,195.621,3.21e+01, 18.0, -  , - 
7345,149700,08082016,17102022 081824,1650, 43348.9,  9.337, 40.794,0.066765,359.4,184.784,4.41e+00, 17.8,97.1, - 
7346,149701,13092017,17102022 194008,1656, 43405.6,  5.292,342.543,0.199012,358.7,157.216,8.44e+00, 16.8, -  , - 
7347,149800,20012009,18102022 012806,  10, 43373.7, 12.782,316.844,0.028534,359.6, 64.926,2.47e-02, 15.9, 0.2, 31
7348,149802,22072015,18102022 031620,1169, 43454.4, 12.918, 45.526,0.099587,359.6,282.810,5.63e+00, 17.0, -  , - 
7349,149804,02032017,17102022 232435, 641, 43402.9,  8.879, 43.037,0.050581,359.4, 58.294,3.52e+00, 17.4, -  , - 
7350,149805,24072017,17102022 190727, 410, 43381.8, 13.842,313.760,0.025596,359.6, 52.208,2.01e-01, 17.2,17.4, - 
7351,149808,12032018,17102022 233833,   4, 43441.8,  1.583, 65.780,0.169645,357.9,111.422,8.21e+00, 17.3, 1.7,285
7352,149811,09022021,18102022 012935, 601, 43347.9,  1.054,295.247,0.149477,357.4,256.217,5.79e+00, 17.4,61.7, - 
7353,149900,18012009,18102022 070927,   1, 43390.2,  7.487, 38.601,0.027116,359.2, 40.771,1.00e-02, 11.2, 0.1,  1
7354,149901,10092007,18102022 121427,3859, 43457.8, 26.507, 23.463,0.112335,359.7,238.094,1.02e+01, 16.5, -  , - 
7355,149902,10032015,18102022 101755,1673, 43355.3, 16.426,339.103,0.364335,359.6,128.984,3.61e+00, 15.5, -  , - 
7356,149903,03082016,17102022 204404, 495, 43384.6,  9.038, 44.507,0.169599,359.4,124.381,4.62e+00, 16.5, -  , - 
7357,149904,02032017,18102022 022007,1710, 43395.7, 13.777, 42.485,0.020354,359.6,106.521,8.74e+00, 17.4, -  , - 
7358,149905,03042017,18102022 101809,2004, 43305.5, 35.888, 40.149,0.560558,359.8,155.388,1.93e+01, 16.6, -  , - 
7359,149907,05052019,18102022 162008, 130, 43391.0,  4.254, 63.559,0.075621,359.2,212.712,1.03e+01, 17.2, -  , - 
7360,150000,23062015,18102022 044207, 829, 43401.3,  9.293, 63.040,0.113331,359.6,162.427,4.11e+00, 17.0,25.4, - 
7361,150001,17122015,18102022 073813,1644, 43466.4, 19.728, 46.820,0.233055,359.7, 98.029,9.14e+00, 17.2, -  , - 
7362,150004,27032020,17102022 221753, 907, 43426.6, 12.344, 62.706,0.165493,359.7,101.936,8.58e+00, 17.4,68.6, - 
7363,150100,08012008,18102022 115734,   1, 43446.3,  8.478, 63.162,0.023698,359.6,103.610,1.00e-02, 11.0, 0.1,  1
7364,150101,06102005,17102022 192850,  13, 37055.5, 19.732,291.939,0.376589,359.9,229.734,3.60e+01, 17.1,26.0, - 
7365,150102,13092010,17102022 235311,4393, 43473.8, 22.116, 33.213,0.031913,359.7,234.405,8.94e+00, 14.1, -  , - 
7366,150105,31122019,17102022 181713,  96, 43466.9, 18.782, 56.840,0.184553,359.8,143.026,2.43e+00, 16.0,22.1, - 
7367,150106,08122020,17102022 135836, 171, 43459.3,  7.858, 74.542,0.265196,359.7,120.530,9.89e+00, 17.2,79.6, - 
7368,150107,21032022,18102022 181033, 204, 43548.9, 21.410, 54.420,0.315143,359.8,103.259,2.07e+01, 17.7, -  , - 
7369,150200,24042011,17102022 191925, 285, 43412.3, 12.099,316.570,0.022281,359.6, 60.886,3.02e+00, 17.2, -  , - 
7370,150201,20082007,17102022 124757,   1, 43599.9,  5.673,260.775,0.088351,  0.2,239.883,7.30e+00, 14.1, 0.4, 76
7371,150205,08062022,17102022 181408, 130, 43444.0,  2.151,281.023,0.017558,359.4,246.996,3.79e+00, 18.2, -  , - 
7372,150300,03042011,17102022 213640,2381, 43427.2, 13.326, 49.814,0.167193,359.6,170.872,5.49e+00, 17.2, -  , - 
7373,150301,22082015,17102022 095737,2581, 43571.5, 23.149, 40.978,0.224532,359.8,151.981,3.75e+01, 16.4, -  , - 
7374,150303,13122020,17102022 042826, 670, 43532.4, 29.613, 12.500,0.187129,359.8,249.784,1.03e+01, 18.1, -  , - 
7375,150401,01122017,18102022 180710,1096, 43492.1, 11.624,311.344,0.019464,359.6,133.550,1.09e+00, 16.2,49.2, - 
7376,150403,16072021,17102022 052546, 397, 43425.9,  0.993,199.937,0.186654,  6.5, 35.158,8.78e+00, 16.6,23.2, - 
7377,150500,14032022,18102022 172617,  15, 43462.5,  1.467,224.438,0.222649,  3.3,  4.599,7.40e+00, 17.3, 3.6,638
7378,150600,06102005,18102022 050214,   2, 43543.6, 10.758,306.717,0.054641,359.6,154.841,1.43e+00, 17.5, 0.4, 35
7379,150602,16092017,18102022 042657,1772, 43535.9, 10.313,303.687,0.041260,359.6,116.668,1.89e+00, 18.2,51.1, - 
7380,150700,23112006,18102022 005318,1697, 43013.2,  6.704, 60.211,0.317655,359.4,146.636,3.23e+00, 18.1, -  , - 
7381,150701,17122011,17102022 215948,   6, 43521.0,  9.129,302.634,0.071833,359.6,199.324,1.65e+00, 16.8, 0.2, 28
7382,150702,07112015,18102022 121022,  18, 43503.4,  2.931,268.502,0.380268,  0.1,322.322,3.81e+00, 16.8, 0.4, 59
7383,150703,27102021,17102022 191337, 177, 43554.0,  1.907, 61.874,0.026534,358.1,126.451,7.10e-01, 18.4, 4.8,817
7384,150800,04022016,17102022 233158,2444, 43249.0, 20.858, 15.180,0.451905,359.7,178.836,1.42e+01, 17.7, -  , - 
7385,150801,21042018,18102022 033209,   1, 43576.5,  1.961,301.960,0.031496,358.2,238.258,6.42e-02, 16.6, 0.1,  5
7386,150900,17072017,17102022 192553,1768, 43853.3, 27.866, 28.582,0.278170,359.8,209.568,2.48e+01, 16.5, -  , - 
7387,151000,22112006,17102022 205103,5275, 43600.6,  4.825, 15.527,0.014778,358.5,228.428,3.33e+00, 16.4, -  , - 
7388,151001,13102018,17102022 210955,1125, 43644.0, 13.988, 83.239,0.344593,359.9,155.939,1.82e+01, 17.1,93.0, - 
7389,151100,17102013,17102022 133417,   2, 43637.0, 10.595,303.295,0.035630,359.6,207.929,8.61e-02, 16.7, 0.1,  7
7390,151101,13032018,18102022 023926,   1, 43630.6,  2.826,258.800,0.004017,  0.5, 98.305,1.49e-01, 16.8, 0.1,  7
7391,151102,25122019,18102022 060848, 262, 43758.4, 20.095, 63.810,0.084603,359.8,121.632,3.08e+00, 15.8,74.7, - 
7392,151103,27082022,18102022 061619,  29, 43561.2,  5.017,237.739,0.095964,  0.8,354.874,1.63e+01, 17.4, 3.0,401
7393,151200,23072017,18102022 001904,1698, 43634.7, 10.016,314.788,0.121521,359.5,231.908,1.81e+00, 16.4, -  , - 
7394,151201,21122019,17102022 235548,  33, 43613.6, 21.191, 59.215,0.239417,359.8,161.454,4.26e+00, 16.8, 1.2,130
7395,151202,05102021,18102022 143329,  49, 43651.4,  5.145,332.549,0.057758,358.8,321.888,2.56e+00, 17.8, 9.3, - 
7396,151300,07082011,17102022 211515,   2, 43740.6,  5.841, 12.514,0.069110,358.8, 34.291,3.32e+00, 16.3, 0.2, 38
7397,151301,09092015,17102022 231233,  23, 43669.2, 13.706,317.512,0.034852,359.6, 76.348,5.90e-02, 17.1, 0.2, 21
7398,151302,13032018,18102022 010103,1657, 43636.8,  1.773,125.169,0.212363,  2.4, 63.035,8.37e+00, 17.2, -  , - 
7399,151400,22062007,17102022 165820,  37, 43691.3,  5.978,318.234,0.027334,359.1,  0.148,1.73e-01, 14.1, 1.6,110
7400,151402,26082019,17102022 072614, 400, 43889.0,  5.475,194.396,0.656084,  1.3,313.087,7.86e+00, 16.1, -  , - 
7401,151403,11122020,18102022 152026,   1, 43689.2,  6.253,301.616,0.026490,359.4,347.078,1.00e-02, 10.7, 0.1,  1
7402,151500,23042009,18102022 032526,   3, 44376.2, 14.365,359.154,0.219769,359.5,229.478,8.49e+00, 15.7, 0.7,126
7403,151501,10042018,18102022 025946,  24, 43703.6,  2.676,261.835,0.007661,  0.4,290.473,8.43e-02, 17.6, 0.4, 60
7404,151502,22012022,17102022 132930,   1, 43711.1,  1.069, 86.061,0.026454,359.4,346.609,8.86e-03, 10.0, 0.1,  1
7405,151600,19082007,17102022 065423, 152, 43718.3, 31.488,  9.071,0.217444,359.8,248.166,1.10e+01, 15.9,19.8, - 
7406,151601,13032020,18102022 024141, 169, 43709.4, 20.520, 55.780,0.069474,359.8,351.317,7.62e+00, 16.5,44.8, - 
7407,151700,09082005,17102022 214549,2357, 43093.0, 10.467, 65.463,0.038829,359.7,344.773,7.37e+00, 15.9, -  , - 
7408,151702,29072020,17102022 140230,   2, 43773.0, 16.272,295.552,0.448219,359.8,224.779,1.30e+01, 15.5, 0.4, 74
7409,151800,13022013,17102022 122039,  54, 44026.0, 22.388, 30.054,0.283106,359.7,157.365,1.18e+01, 16.6, 5.5,527
7410,151801,16032015,17102022 212101,2645, 43678.9, 21.724, 37.388,0.425330,359.7,154.423,1.27e+01, 17.3, -  , - 
7411,151802,01092016,18102022 003725,1497, 43744.4,  4.302,329.578,0.052740,358.6,  4.808,1.57e+00, 18.4, -  , - 
7412,151803,09032018,17102022 144635, 526, 43767.7,  2.241,275.697,0.015491,359.7,294.758,1.59e-02, 18.2, 1.3, 78
7413,151804,11032018,17102022 191609,   0, 43752.0,  2.566,264.697,0.000288,  0.3,119.698,8.69e-02, 17.6, 0.1,  7
7414,151806,30072022,17102022 182854,   2, 43724.6, 18.012,298.591,0.201206,359.8,309.625,1.57e+01, 17.6, 0.3, 31
7415,151900,23012007,18102022 112044,   3, 45983.1, 29.323,337.099,0.420570,359.8,203.487,1.27e+01, 16.0, 0.2, 38
7416,151901,14022019,18102022 171156,   2, 43585.7, 19.206,300.261,0.048758,359.8, 14.326,2.82e+01, 17.7, 0.6,113
7417,152000,21032014,17102022 105600,  24, 43823.1, 11.130,320.125,0.022635,359.5,148.236,4.27e-01, 17.1, 1.4,203
7418,152001,09042016,17102022 195406,   3, 43744.9, 30.854,345.083,0.315827,359.8,226.377,1.21e+01, 16.2, 0.8,123
7419,152002,09022019,18102022 032300,1300, 43795.9, 10.040,343.378,0.164149,359.3,258.784,3.68e+00, 17.9, -  , - 
7420,152003,13112021,17102022 202035, 119, 43804.8, 20.308, 61.132,0.158028,359.8,133.291,6.47e+00, 16.1,65.3, - 
7421,152101,28012020,18102022 193820, 990, 43699.1, 16.756, 87.321,0.531439,360.0, 59.835,1.85e+01, 16.7, -  , - 
7422,152102,11112021,17102022 162556, 205, 43800.5,  7.006,253.466,0.418534,  0.3,221.197,2.61e+01, 17.1,25.8, - 
7423,152200,31082008,18102022 010614,1411, 44034.2,  3.946,303.763,0.358608,359.0,202.467,1.50e+01, 15.4, -  , - 
7424,152202,15122017,18102022 095435,1677, 41622.9,  7.058,  5.405,0.809837,359.0,219.537,3.04e+01, 17.6, -  , - 
7425,152203,04102019,17102022 151135, 319, 43986.6,  5.085,209.268,0.626388,  1.2,299.197,1.05e+01, 15.4, -  , - 
7426,152204,05112019,17102022 153459,  48, 43137.0, 23.926,301.995,0.659818,359.8,302.982,3.09e+01, 16.1,15.6, - 
7427,152300,15072016,18102022 170417,  86, 43929.3, 21.660, 38.019,0.422666,359.7,154.084,1.28e+01, 17.1,12.0, - 
7428,152302,29122019,18102022 081141, 973, 43871.2, 22.084, 61.748,0.238117,359.8,130.742,2.94e+00, 17.1,94.5, - 
7429,152304,05112021,17102022 221323, 231, 44310.6, 23.759, 16.851,0.156660,359.7, 61.134,2.23e+01, 16.2,59.4, - 
7430,152400,11082012,17102022 100810,   9, 43837.4, 13.830,299.398,0.189928,359.8,204.306,1.91e+00, 16.2, 1.3,226
7431,152500,24112008,17102022 172908,   6, 44345.5,  4.310,  8.743,0.058956,358.3,255.857,2.82e+00, 15.6, 0.8,134
7432,152501,22112016,18102022 072406,  30, 44989.5,  5.790,339.905,0.467920,358.8,177.646,2.83e+01, 15.2,18.7, - 
7433,152502,06092016,18102022 075418,  10, 43895.2,  9.301,333.957,0.157317,359.3,130.671,3.69e+00, 17.3, 0.5, 62
7434,152503,07112019,18102022 080117, 633, 43901.0, 18.831, 58.612,0.039011,359.8, 54.421,3.44e-02, 16.8,28.4, - 
7435,152600,04121999,17102022 195334,   0, 43917.8, 12.708,314.356,0.003123,359.6, 36.896,1.89e-02, 12.8, 0.1,  1
7436,152601,13042018,17102022 225253,  23, 43921.3,  2.439,267.710,0.008805,  0.1,355.762,1.64e-01, 16.7, 0.4, 45
7437,152700,06122010,17102022 191412,  17, 43966.4,  7.279,298.690,0.204598,359.5,135.710,2.77e+00, 15.2, 3.1,512
7438,152701,19072017,18102022 143632,  16, 43921.8, 11.360,298.166,0.141810,359.7,202.228,2.41e+00, 17.1, 0.6, 82
7439,152702,07042018,17102022 214036,   3, 43999.2,  2.975,255.349,0.030912,  0.6,315.550,1.26e+00, 16.2, 0.9,107
7440,152800,21012009,18102022 115823,  10, 43896.7, 10.458,301.324,0.037401,359.7, 22.006,4.59e+00, 17.4, 0.7,105
7441,152802,02012020,17102022 090554,  32, 43953.3, 18.995, 59.459,0.051567,359.8, 53.164,6.23e-02, 17.0, 0.9,102
7442,152804,25042022,18102022 123303, 174, 43990.4, 19.370,359.814,0.044341,359.6,193.615,6.60e+00, 17.2,14.7, - 
7443,152900,06012013,17102022 133711,  30, 43896.4, 11.560,315.757,0.183101,359.6,  3.902,2.30e+00, 16.0, 6.7, - 
7444,152901,20122017,18102022 134214, 337, 43247.3, 38.697,357.180,0.292952,359.8,248.287,3.09e+01, 17.6,72.7, - 
7445,153000,03042011,18102022 033901,   1, 43800.4, 14.085,319.304,0.074180,359.6, 58.253,1.32e+00, 16.5, 0.2, 38
7446,153001,01082019,17102022 210548, 106, 43568.5,  1.518, 62.646,0.498456,357.6,181.525,1.82e+01, 17.9, -  , - 
7447,153002,14082021,17102022 131843, 429, 43997.1,  1.692, 93.222,0.041642,  0.2,188.874,6.34e-01, 15.8,49.1, - 
7448,153101,25042020,18102022 155056, 876, 43996.8, 11.826, 66.963,0.453431,359.8,110.267,1.50e+01, 17.8, -  , - 
7449,153200,15012010,18102022 123715,  16, 43787.1, 10.887,309.650,0.042283,359.6,194.705,1.42e+00, 16.5, 2.2,386
7450,153203,01112016,17102022 223748,2057, 44030.3, 23.787,299.145,0.690209,359.9,301.268,3.08e+01, 16.4, -  , - 
7451,153204,19082022,17102022 160119,  11, 44039.8,  6.666,273.058,0.112840,360.0,161.610,6.53e+00, 17.0, 2.6,354
7452,153301,09042018,18102022 005623,1353, 44051.0,  2.312,271.951,0.023820,359.9,302.070,1.70e-02, 18.1, 2.2,318
7453,153401,14112018,17102022 065104,  44, 44052.3,  9.347,296.201,0.066069,359.7,230.612,4.08e+00, 16.7,12.5, - 
7454,153402,05022019,18102022 113029, 637, 44073.5, 12.539,323.778,0.118378,359.5,319.952,1.21e+00, 17.4,19.2, - 
7455,153600,09022016,18102022 073051,  40, 45435.7,  8.407, 17.390,0.172064,359.2,308.587,1.35e+01, 16.5, 3.5,618
7456,153601,08032018,18102022 145127, 132, 44096.6,  2.082,281.764,0.044599,359.4,276.362,1.54e-01, 18.0,14.6, - 
7457,153603,29082019,18102022 060528, 374, 44385.9,  3.362,179.462,0.574702,  2.1,316.384,5.06e+00, 16.4, -  , - 
7458,153604,29072022,18102022 192128,  35, 44121.0,  6.004, 81.126,0.191473,359.8,142.659,5.64e+00, 16.5, 3.6,590
7459,153700,26072014,17102022 143530,   4, 44114.8, 19.870, 50.913,0.110258,359.8,253.918,9.74e+00, 16.3, 0.7, 79
7460,153701,17022020,17102022 050545, 517, 46305.4, 24.205,300.444,0.809354,359.8,262.948,5.58e+01, 16.1, -  , - 
7461,153702,04082021,17102022 230613, 172, 44168.8,  7.831, 80.483,0.284814,359.8,134.818,8.67e+00, 16.6,49.2, - 
7462,153800,08032018,18102022 113925,   1, 44164.3,  2.533,253.861,0.057695,  0.8,274.493,2.40e+00, 16.5, 0.4, 58
7463,153802,09082022,17102022 194824,  41, 44128.4,  6.050, 82.267,0.203198,359.8,128.122,6.52e+00, 17.4, 7.3, - 
7464,153900,30082021,18102022 102457,  77, 44175.2,  7.112, 78.824,0.101954,359.8,202.079,6.95e+00, 16.9, 9.1, - 
7465,153901,28032022,17102022 223430, 142, 44157.7,  5.885, 80.604,0.070272,359.8,139.632,7.26e-01, 18.4, 4.1,555
7466,154000,21072017,18102022 165536,  57, 44196.4,  4.025,357.184,0.104379,358.2,287.228,2.20e+00, 17.7, 1.3,215
7467,154001,17122018,17102022 193008, 964, 44919.3, 24.037,  4.583,0.243241,359.7,321.517,2.57e+01, 16.9, -  , - 
7468,154002,03062019,17102022 220955, 108, 44184.1, 20.609, 58.520,0.250622,359.8,138.077,8.49e+00, 15.3,37.5, - 
7469,154003,14042020,18102022 032212, 224, 44134.6,  7.987, 78.320,0.227851,359.8,150.376,6.87e+00, 16.0, -  , - 
7470,154005,28032022,18102022 033026,  85, 44185.2,  5.927, 81.242,0.019656,359.8,214.867,2.08e+00, 17.8,28.6, - 
7471,154100,25112009,17102022 223330,   3, 44197.7, 13.977,322.535,0.048910,359.6, 72.056,3.76e-02, 16.4, 0.3, 23
7472,154101,16042020,17102022 094205, 130, 44221.8,  5.871, 80.823,0.111823,359.8,143.168,3.51e+00, 16.9,36.8, - 
7473,154103,23032022,17102022 190444, 109, 44203.9,  6.026, 81.950,0.146499,359.8,120.510,4.94e+00, 17.0, 3.4,453
7474,154104,06052022,17102022 100016,  76, 44090.9,  6.088, 80.957,0.148894,359.8,137.457,4.38e+00, 16.4,28.4, - 
7475,154200,17112015,17102022 204842,  23, 44249.3, 12.116, 52.036,0.337554,359.6,142.747,1.17e+01, 16.7,10.3, - 
7476,154201,24032018,17102022 210541,   6, 44205.9,  2.335,267.852,0.036591,  0.1,302.032,1.02e+00, 16.0, 0.3, 46
7477,154202,01092021,17102022 164132, 408, 44167.7,  9.866, 75.056,0.239240,359.8,174.754,1.43e+01, 15.0, -  , - 
7478,154203,10092021,17102022 160719, 374, 44215.8,  7.869, 77.775,0.129695,359.8,184.533,9.04e+00, 16.4,16.3, - 
7479,154205,05072022,18102022 142422,  46, 44209.9,  6.004, 80.117,0.110128,359.8,172.083,5.52e-02, 17.4, 0.8,118
7480,154300,30062022,17102022 214414,  80, 44271.5,  4.667, 87.805,0.060844,359.9,286.209,8.16e+00, 17.5, 4.3,549
7481,154400,23062007,17102022 071825,   3, 44413.5, 10.703,306.386,0.063752,359.6,241.366,1.58e+00, 13.7, 0.6,106
7482,154402,25102017,17102022 144854, 315, 44236.3,  5.417, 98.008,0.040892,  0.2,190.042,8.76e+00, 16.9, -  , - 
7483,154403,17042020,18102022 034239, 905, 44286.3, 11.887, 66.822,0.358388,359.8, 94.568,1.32e+01, 17.2, -  , - 
7484,154404,07112021,17102022 084328,  45, 44299.1, 16.326, 61.907,0.359092,359.8,206.100,2.90e+01, 16.6,10.8, - 
7485,154500,15082018,17102022 220738,  22, 44321.3, 10.630,299.711,0.133881,359.7,180.731,3.20e+00, 17.4, 3.7,663
7486,154501,22092019,17102022 221707,1110, 44269.8,  1.291,285.363,0.107577,358.7,277.934,3.98e+00, 17.5, -  , - 
7487,154600,20032017,17102022 120013,2034, 44057.6, 14.292, 55.745,0.745820,359.7,165.203,3.72e+01, 17.3, -  , - 
7488,154601,16032018,17102022 162557,   2, 44303.8,  2.210,275.218,0.032080,359.8,296.410,2.77e-02, 16.5, 0.1,  7
7489,154603,05042022,17102022 191347, 193, 44283.8,  7.200,284.897,0.180624,359.8,238.999,2.45e+00, 17.8, -  , - 
7490,154700,14032018,18102022 141644, 735, 44319.2,  1.814,259.830,0.097587,  0.7,297.039,3.23e+00, 17.3,96.2, - 
7491,154702,23032022,18102022 165510,  86, 44222.2,  5.923,224.252,0.550893,  0.9,331.992,1.81e+01, 16.7,31.7, - 
7492,154800,09092013,17102022 224021,1105, 44083.3, 10.739,299.918,0.082077,359.7, 69.828,3.62e+00, 17.5, -  , - 
7493,154801,20112020,17102022 114427, 276, 32458.1, 10.208,217.598,0.438252,  0.6,327.295,5.51e+00, 16.0,53.6, - 
7494,155004,01042022,18102022 123409, 193, 44406.5,  1.509,320.837,0.312585,356.5, 69.024,3.18e+00, 16.1, 3.2,565
7495,155005,24082022,17102022 185148,  48, 44359.0,  7.028,267.542,0.078313,  0.1,243.641,4.96e+00, 17.4,73.3, - 
7496,155100,25062012,18102022 091608,1063, 44333.3, 29.728,338.292,0.124548,359.8,113.063,1.34e+01, 17.5,70.3, - 
7497,155102,11032018,18102022 162832, 119, 44304.5, 12.569, 42.226,0.347440,359.6,183.668,9.64e+00, 17.3, 5.9,933
7498,155103,27122018,17102022 144235,  24, 44325.2,  1.711,259.009,0.097400,  0.8,297.689,3.34e+00, 17.3, 2.4,397
7499,155200,22032018,18102022 053946,   1, 44407.0,  1.901,299.494,0.017637,358.3,341.168,2.83e-02, 18.0, 0.3, 18
7500,155202,21092020,18102022 064339, 726, 44203.6,  4.527,157.733,0.472511,  1.5, 86.203,1.72e+01, 18.0,56.7, - 
7501,155300,09112018,18102022 032412, 645, 44424.4,  1.906,297.493,0.019943,358.4,320.074,7.41e-02, 16.8,19.4, - 
7502,155301,14122018,17102022 181040,  16, 44067.1, 14.958,311.645,0.058238,359.7, 86.183,1.64e+00, 17.2, 0.5, 91
7503,155303,19042021,18102022 031501,  54, 44423.0,  1.907,297.200,0.011026,358.4,309.873,1.15e-01, 17.7, 4.8,254
7504,155400,31052008,17102022 113256,4708, 44480.8, 18.926, 54.234,0.104635,359.8,221.935,9.40e+00, 15.0, -  , - 
7505,155401,28092008,17102022 075415,   4, 44597.3, 10.784,312.000,0.056806,359.6,109.805,1.82e+00, 15.4, 1.0,176
7506,155402,28062011,17102022 044804,   2, 44483.4, 19.949, 51.613,0.106907,359.8,238.199,9.42e+00, 15.1, 0.1, 22
7507,155403,09102018,18102022 113527,   1, 44278.2, 19.739,310.678,0.422700,359.8,214.792,1.37e+01, 15.4, 0.7,127
7508,155500,28102021,17102022 221726,  63, 44482.2,  7.964,309.897,0.276598,359.4, 33.979,3.04e+00, 16.7,18.7, - 
7509,155600,16102015,17102022 055302, 182, 44492.0, 13.272,327.284,0.057571,359.5, 84.283,8.53e-02, 16.9, 9.6,917
7510,155602,20082018,18102022 031535, 171, 45253.1, 17.450, 77.214,0.464258,359.9,144.736,1.43e+01, 17.5, -  , - 
7511,155603,06022022,17102022 132356, 238, 44373.7,  7.569,147.728,0.467179,  0.8, 53.028,2.06e+01, 16.4, -  , - 
7512,155700,13122010,17102022 133722,   9, 44506.6, 19.413,332.302,0.071684,359.7,122.189,9.89e-02, 15.9, 0.2, 33
7513,155701,26072017,17102022 120821,  12, 44043.1,  4.480, 77.000,0.678973,359.6,137.855,3.31e+01, 16.6, 1.9,347
7514,155702,17062018,18102022 045704, 580, 44502.1,  2.974,255.154,0.025190,  0.6,348.948,5.93e-02, 16.5,45.5, - 
7515,155703,08072021,18102022 044822,   4, 44501.5,  2.979,255.294,0.020601,  0.6,  5.766,8.10e-02, 16.6, 0.5, 38
7516,155704,02072022,18102022 082953,   0, 44498.8,  0.359,100.691,0.042875,  5.3, 12.445,1.58e-02, 10.0, 0.1,  1
7517,155705,26092022,17102022 080803,  11, 44509.5, 19.535,332.611,0.063183,359.7,130.583,3.11e-01, 16.8, 0.3, 38
7518,155800,09042018,17102022 194923,1648, 45292.7, 23.014,309.986,0.637268,359.8,307.062,2.65e+01, 16.8, -  , - 
7519,155801,09082019,18102022 031336, 398, 44528.5,  5.967, 73.212,0.053567,359.6,336.598,6.66e+00, 17.8,28.2, - 
7520,155803,19012021,17102022 154018,  48, 44605.8, 31.979,342.713,0.330993,359.8,207.330,2.82e+01, 15.8,27.5, - 
7521,155902,20032018,18102022 130526, 167, 44606.8,  1.524,240.270,0.137163,  2.2,302.033,4.14e+00, 17.7, -  , - 
7522,155903,16042019,17102022 165644,  10, 44561.1,  1.961,277.497,0.071148,359.6,296.294,1.89e+00, 17.2, 2.3,344
7523,155904,23032021,18102022 082248, 169, 44548.7,  2.769,256.772,0.078263,  0.6,320.989,1.78e+00, 18.6,13.8, - 
7524,156002,11102021,17102022 192541, 354, 44580.7,  8.885, 63.788,0.234750,359.6,196.559,2.06e+01, 17.3,33.2, - 
7525,156100,15082014,17102022 074750, 119, 44255.5, 30.198, 26.953,0.364984,359.8,190.156,1.73e+01, 16.7,10.4, - 
7526,156102,23092022,18102022 005421,  19, 44555.3, 11.017,329.451,0.200119,359.4,341.790,2.45e+01, 17.5,61.4, - 
7527,156200,08072016,17102022 184803,   3, 44666.3,  9.796,281.123,0.126679,359.9,192.765,4.93e+00, 15.9, 0.2, 27
7528,156201,20072017,18102022 121650,1469, 44474.4, 36.140,327.189,0.385929,359.8,171.606,3.25e+01, 16.2, -  , - 
7529,156300,18122011,17102022 192841,   2, 44620.7, 15.366,313.870,0.101339,359.7,159.172,1.30e+00, 15.8, 0.1,  5
7530,156301,04122016,17102022 043207, 247, 45445.0, 21.289, 12.397,0.216349,359.7,309.188,3.10e+01, 16.1,47.5, - 
7531,156302,28032020,17102022 193636,  76, 44564.6,  7.713,103.775,0.298698,  0.2,123.335,9.04e+00, 17.2,24.1, - 
7532,156400,13072016,17102022 080651,  21, 44672.9, 13.631,326.146,0.090493,359.6, 68.221,9.01e-01, 17.2, 2.2,381
7533,156402,06082019,17102022 075240,1117, 44497.1, 17.496, 62.051,0.422018,359.8,184.686,1.04e+01, 16.4, -  , - 
7534,156403,02042020,17102022 235021, 446, 44536.8, 26.557, 46.607,0.565712,359.8,120.096,2.06e+01, 16.7,56.1, - 
7535,156600,23122016,17102022 181234,  28, 44623.1,  5.982,275.392,0.299563,359.9,274.043,5.52e+00, 17.1, 2.7,421
7536,156601,20032018,17102022 061641,   6, 44694.4,  1.691,309.416,0.059798,357.5,283.203,2.02e+00, 15.8, 0.6, 47
7537,156602,02042019,17102022 173437,1292, 44619.9,  8.874, 98.650,0.328232,  0.1,125.006,1.00e+01, 17.9,73.6, - 
7538,156700,03082008,17102022 191412,   1, 44648.9, 10.428,309.337,0.098306,359.6,167.535,2.13e+00, 15.8, 0.1,  8
7539,156701,19112016,17102022 183530, 163, 44693.0, 10.710,314.338,0.065892,359.5,194.069,1.87e+00, 17.7, 6.5,620
7540,156702,12062018,17102022 182735,  27, 44701.3,  1.902,305.416,0.055754,358.0,327.583,7.43e-02, 17.0, 0.6, 85
7541,156703,25032019,17102022 205058,  23, 44670.3,  7.165,296.724,0.186517,359.6,200.271,5.51e+00, 16.9, 1.0,161
7542,156800,13122017,18102022 033240, 110, 44479.4, 27.125, 43.058,0.635041,359.8,119.056,2.05e+01, 17.7,10.1, - 
7543,156801,03122019,18102022 021823,   0, 44801.3, 41.309,335.413,0.261189,359.8,283.115,3.49e+01, 15.8, 0.1, 24
7544,156900,15042018,18102022 084458,1644, 44682.9,  7.074,107.492,0.281886,  0.3,120.930,8.44e+00, 17.8, -  , - 
7545,157000,18082015,18102022 041157,   5, 44800.7, 13.546,322.384,0.142193,359.6, 79.105,1.20e+00, 15.5, 0.8,120
7546,157100,04082008,18102022 023312, 278, 45692.1, 25.982,343.979,0.299990,359.7,255.923,1.20e+01, 17.0,29.1, - 
7547,157101,13032018,17102022 073235,   4, 44785.3,  1.732,301.851,0.063044,358.0,292.772,1.83e+00, 16.5, 0.5, 90
7548,157200,18062010,18102022 060628,1580, 44785.0, 14.885, 28.202,0.355197,359.6, 91.776,1.16e+01, 16.3, -  , - 
7549,157201,06112018,17102022 042402,1191, 44826.2, 40.017,328.370,0.323073,359.8,282.865,3.51e+01, 15.8, -  , - 
7550,157500,20102011,17102022 204940,   2, 44829.6, 14.815,310.545,0.079789,359.7,208.611,1.20e+00, 16.0, 0.3, 23
7551,157501,23012018,18102022 042719,1716, 44811.4, 40.788,357.625,0.076948,359.8,324.504,2.43e+01, 17.3, -  , - 
7552,157502,06032018,18102022 095616,   1, 44848.5,  1.851,306.306,0.028753,357.9,328.324,2.51e-02, 13.7, 0.1,  1
7553,157600,06122019,18102022 135808, 879, 44831.6, 22.006, 56.487,0.459279,359.8,126.460,1.84e+01, 16.1, -  , - 
7554,157601,24122019,17102022 115047, 190, 44825.5, 19.833, 60.224,0.079007,359.8,114.206,3.80e+00, 16.8,58.9, - 
7555,157700,19032018,17102022 041046, 936, 44968.1,  1.624,158.752,0.230346,  4.2,  9.897,6.39e+00, 15.6,73.4, - 
7556,157701,27042022,17102022 153827, 163, 44897.4,  7.875,325.183,0.077079,359.3,  1.445,1.70e-01, 18.3, 5.1,899
7557,157802,28082022,17102022 082238,  27, 44900.8,  1.449,273.006,0.074418,359.8,202.059,8.42e+00, 17.4,11.2,673
7558,157803,20092022,17102022 230633,  21, 45026.9, 15.051,330.745,0.481545,359.6,153.012,1.62e+01, 17.4, -  , - 
7559,157900,29012019,18102022 022341,1111, 44826.4, 19.202, 62.327,0.544002,359.8,119.182,1.66e+01, 15.9, -  , - 
7560,157901,03082019,18102022 025614,1168, 44566.8, 37.115, 30.713,0.705896,359.8,172.635,3.72e+01, 16.6, -  , - 
7561,158001,26012018,18102022 072631, 345, 44845.7,  7.150,253.392,0.061477,  0.3, 69.113,7.06e+00, 17.2,17.8, - 
7562,158100,12092017,18102022 031124, 347, 45028.7,  9.880,297.114,0.149576,359.7,155.295,2.58e+00, 17.7, -  , - 
7563,158200,07042018,18102022 052215,  10, 44826.1, 14.194, 67.801,0.423659,359.8,120.976,1.93e+01, 16.2, 4.1,734
7564,158201,28032022,17102022 221636, 193, 44654.0, 26.512, 35.088,0.728006,359.8,192.958,3.33e+01, 17.4, -  , - 
7565,158202,25072022,18102022 101429,  72, 44976.8, 11.388,313.386,0.281989,359.6, 41.786,3.39e+00, 17.6, 1.4,199
7566,158301,05042022,17102022 144532, 100, 45005.2, 11.515,299.591,0.551882,359.7,308.563,2.08e+01, 17.8, 9.7, - 
7567,158400,18022012,18102022 105507,  57, 44778.4, 31.164,326.150,0.130422,359.8, 13.806,1.34e+01, 16.0,15.2, - 
7568,158401,17032018,18102022 032658,  32, 45019.4,  1.840,307.994,0.032416,357.8,326.899,1.24e-02, 17.9, 0.5, 46
7569,158500,21082009,18102022 155512,   1, 45080.6, 12.618,307.212,0.089399,359.7,206.497,1.26e+00, 16.1, 0.3, 45
7570,158600,02092018,17102022 184856,  10, 45030.3,  6.180,341.973,0.421326,358.9,226.966,3.26e+01, 16.4, 4.1,726
7571,158601,22052022,18102022 000345, 135, 44714.5, 24.915, 36.769,0.760108,359.8,145.043,4.26e+01, 17.6, -  , - 
7572,158602,22082022,18102022 012523,  23, 45035.7, 18.725,289.328,0.388137,359.9,234.703,1.36e+01, 16.7, 1.6,263
7573,158701,10122021,18102022 005308,  41, 45122.3, 20.064, 26.876,0.654372,359.7,176.777,5.52e+01, 16.2,10.6, - 
7574,158800,05102015,17102022 041730,2407, 45511.6, 23.046,334.722,0.625034,359.7,251.550,2.78e+01, 16.4, -  , - 
7575,158801,24112016,17102022 222156,   3, 44944.2, 15.829,279.931,0.190906,359.9,340.012,4.14e+01, 16.6, 0.8,107
7576,158802,22042018,17102022 100235, 201, 45046.8,  6.101, 80.715,0.151052,359.8,152.001,1.37e+00, 16.6,91.3, - 
7577,158900,04082011,18102022 160430,   1, 45099.7, 12.859,307.323,0.076972,359.7,162.130,3.10e+00, 16.3, 0.1,  5
7578,159000,15012013,17102022 104413,  12, 45283.3,  8.651,294.449,0.144077,359.7,198.674,4.31e+00, 16.1, 6.0,843
7579,159001,22042018,17102022 202220,1611, 45096.0,  4.510, 84.459,0.054687,359.8, 15.914,1.03e+00, 17.5,11.9, - 
7580,159002,24112019,17102022 023623,   0, 45334.6, 24.590,329.357,0.419006,359.7,288.280,1.76e+01, 16.5, 0.1, 13
7581,159100,22092019,18102022 100911, 844, 45215.3, 10.995, 67.977,0.208900,359.7,239.636,1.74e+01, 16.5, -  , - 
7582,159300,01102018,18102022 112306,1142, 45160.2, 14.137, 63.977,0.255105,359.8,182.701,1.53e+01, 16.4, -  , - 
7583,159400,03112008,17102022 175149,1081, 45898.2, 13.794, 88.955,0.052049,360.0,180.410,1.88e+01, 15.5, -  , - 
7584,159401,31082016,18102022 024638, 257, 45191.6, 11.608,253.208,0.095448,  0.2,187.749,1.45e+01, 16.5,27.6, - 
7585,159501,17022018,18102022 005021,1578, 45174.1,  4.826,215.051,0.680726,  1.2,355.079,3.06e+01, 16.6, -  , - 
7586,159502,05052021,18102022 013444, 105, 45228.5,  2.336,261.409,0.049924,  0.5,350.341,1.70e+00, 18.1, 1.5,236
7587,159601,18082018,18102022 010755,1510, 45153.6, 10.732, 72.683,0.434739,359.8,165.265,1.04e+01, 15.1, -  , - 
7588,159602,28082019,17102022 081751,1117, 45233.0,  8.220,292.424,0.083194,359.7,237.356,4.80e+00, 16.3, -  , - 
7589,159700,12022012,17102022 175258,   1, 45246.6, 13.764,305.990,0.172977,359.7,185.644,2.74e+00, 15.3, 0.1,  3
7590,159701,05022017,18102022 011709,1607, 45327.3, 41.058, 10.934,0.466293,359.8,209.806,2.72e+01, 15.9, -  , - 
7591,159900,22082016,17102022 041658,2237, 45257.1, 17.876,344.052,0.227334,359.6,248.348,8.83e+00, 14.8, -  , - 
7592,160000,07032018,18102022 123926,  29, 45323.4,  2.958,254.372,0.041143,  0.7, 16.988,6.39e-02, 16.0, 0.9,136
7593,160001,09082019,18102022 083207,1149, 45322.0,  2.880, 86.226,0.085591,359.8,108.585,8.06e-01, 17.6, -  , - 
7594,160100,11102021,17102022 202332,  43, 45464.7,  6.018, 20.047,0.343236,358.9,234.801,1.81e+01, 16.7,37.8, - 
7595,160200,30072016,17102022 133014,1119, 45381.1, 11.437,294.692,0.115185,359.7,157.092,4.85e+00, 16.8, -  , - 
7596,160201,09032018,17102022 143319,1322, 45370.8,  7.711, 70.019,0.142263,359.7,132.447,1.20e+01, 16.8, -  , - 
7597,160202,06082018,17102022 110257,   1, 45299.9,  5.379, 46.276,0.412494,359.0,190.501,2.12e+01, 16.0, 0.4, 71
7598,160300,13112018,18102022 200331,1406, 45363.8,  9.261, 71.965,0.112853,359.7, 75.154,1.15e+01, 14.6, -  , - 
7599,160501,03092021,17102022 232331, 403, 45415.1, 17.333,309.376,0.157927,359.7,175.465,1.54e+00, 17.8, -  , - 
7600,160600,29122016,18102022 081523, 782, 45329.2, 15.079, 69.131,0.400257,359.8,170.941,2.49e+01, 16.5, -  , - 
7601,160601,14082018,18102022 165955, 396, 45599.3,  5.311,339.788,0.188064,358.7,266.170,1.64e+01, 17.1, -  , - 
7602,160602,28042020,17102022 171301,  21, 45427.0, 15.360, 56.666,0.351890,359.7,130.559,1.29e+01, 17.3, 1.6,240
7603,160700,12082016,17102022 200447,   6, 45452.5, 17.855,317.372,0.074047,359.7,115.352,1.50e+00, 16.6, 0.4, 64
7604,160701,07032018,18102022 054905,  49, 45453.4,  1.846,279.319,0.066050,359.5,312.229,1.90e+00, 17.4, 4.3,716
7605,160800,02042021,18102022 074925, 533, 45363.3,  0.859, 16.947,0.404002,351.7,169.728,1.06e+01, 17.0,40.0, - 
7606,160900,03032017,17102022 045601,   1, 46007.0,  3.497,208.421,0.115614,  1.8,285.100,1.56e+01, 16.2, 1.3, 47
7607,160901,19022018,17102022 180934, 148, 45425.3, 12.277, 54.189,0.311042,359.6,151.554,9.61e+00, 18.0, 9.8, - 
7608,160902,10032018,18102022 193504,1319, 45484.2,  9.044, 73.741,0.356305,359.8,122.257,1.14e+01, 17.1, -  , - 
7609,160903,09042018,17102022 211327,1610, 45399.4,  4.079, 95.187,0.350969,  0.1, 73.971,2.11e+01, 16.7, -  , - 
7610,160904,21022021,17102022 103720,   3, 45724.4, 41.965, 31.768,0.698943,359.8,185.899,4.21e+01, 15.8, 0.9,117
7611,160905,03062021,17102022 193916,  86, 45497.0,  2.810, 81.492,0.266800,359.6,120.703,7.97e+00, 17.5, 6.7, - 
7612,161100,22032017,17102022 121018, 575, 45262.6, 29.736,  8.609,0.435281,359.7,169.539,1.18e+01, 15.7, -  , - 
7613,161201,22102020,17102022 145930,  79, 45458.2, 18.953, 78.356,0.049563,359.9,358.204,1.69e+01, 15.6,22.0, - 
7614,161300,26082016,17102022 104923, 520, 45441.1, 22.564, 15.606,0.102169,359.7,190.938,9.86e+00, 15.9, -  , - 
7615,161301,23032018,18102022 104316, 899, 45457.3, 15.140, 74.472,0.686963,359.9,113.221,3.40e+00, 16.2, -  , - 
7616,161400,26072019,17102022 214533,1142, 46027.3, 23.903, 34.166,0.164499,359.7,310.989,2.63e+01, 16.6, -  , - 
7617,161500,16122017,17102022 134132,1201, 45600.8, 12.404,308.990,0.076336,359.6,187.226,1.06e-01, 18.3, 5.0,321
7618,161700,08122007,17102022 041833,  49, 45683.0, 15.170,328.495,0.071823,359.6, 55.533,1.47e+00, 17.7, 2.3,206
7619,161900,08122016,18102022 030241,  90, 45582.1,  9.152,292.472,0.166634,359.7,228.808,4.97e+00, 16.0,26.0, - 
7620,162000,17092017,18102022 033241,   2, 45601.9,  8.773,177.268,0.269781,  0.8,119.963,6.85e+00, 16.4, 0.1, 19
7621,162001,02012020,18102022 124858, 929, 45716.7,  2.673, 91.301,0.063956,  0.0, 91.942,1.00e-02, 12.5,39.1, - 
7622,162101,08092021,18102022 012727, 397, 45733.3, 14.728,340.145,0.183144,359.5,199.316,1.50e+01, 16.5, -  , - 
7623,162200,09112018,17102022 173856, 437, 45793.3,  3.052, 65.278,0.070882,358.9, 74.356,7.48e+00, 17.8,15.7, - 
7624,162300,21032018,17102022 163549, 675, 45709.0, 41.268, 62.219,0.470539,359.9, 18.432,1.38e+01, 16.0,44.7, - 
7625,162400,03022016,18102022 054755, 308, 45650.0, 11.182,304.756,0.167887,359.6,149.986,4.58e+00, 17.1,52.4, - 
7626,162600,30042019,18102022 111834,1254, 45659.6, 25.910, 49.926,0.635552,359.8,127.508,1.98e+01, 15.6, -  , - 
7627,162700,17122015,17102022 194439,1097, 46233.4, 24.383, 34.805,0.086775,359.7,195.015,2.92e+01, 15.7, -  , - 
7628,162800,24112016,18102022 083423,1783, 45976.8, 40.871, 35.324,0.398368,359.8,220.372,2.13e+01, 16.1, -  , - 
7629,162801,13032018,17102022 082401,1642, 45770.0,  6.078, 84.423,0.268745,359.9,105.447,1.89e+01, 17.4, -  , - 
7630,162901,09122020,18102022 211622, 671, 45857.4, 13.036,105.066,0.258585,  0.1, 99.865,1.36e+01, 12.5, -  , - 
7631,163000,09012021,18102022 025907, 643, 45915.7, 26.586, 20.061,0.370649,359.7,220.649,1.06e+01, 16.8, -  , - 
7632,163101,09092020,18102022 130913, 516, 45416.0, 27.544,320.861,0.512933,359.8,251.383,3.71e+01, 15.9, -  , - 
7633,163200,07092013,17102022 235850,   9, 45919.6, 15.890,325.803,0.074029,359.6, 43.471,2.40e+00, 16.4, 0.2, 23
7634,163300,09082018,17102022 145831,1411, 46212.3, 43.609,353.343,0.191383,359.8,190.233,3.64e+01, 16.3, -  , - 
7635,163400,18082014,18102022 174141,   2, 45939.5,  6.413,293.945,0.089320,359.6,133.423,5.57e+00, 16.1, 0.1, 11
7636,163401,01052022,18102022 181253, 166, 45920.3,  8.328, 79.443,0.535620,359.8,107.935,2.93e+01, 16.9, -  , - 
7637,163501,18022020,17102022 134950, 150, 46290.1, 32.905, 19.192,0.492353,359.8,350.499,2.66e+01, 16.3,48.7, - 
7638,163700,20082017,18102022 095352,   6, 45996.9, 19.293,306.987,0.089438,359.8,101.534,3.15e+00, 16.6, 1.0,124
7639,163701,18092017,18102022 034011,1853, 46272.0, 35.287, 18.691,0.295498,359.8,210.288,4.32e+01, 16.5, -  , - 
7640,163800,31122016,18102022 045804, 342, 47477.2, 18.682,  7.477,0.301449,359.6,140.090,1.18e+01, 17.4,50.5, - 
7641,163900,02122021,18102022 070654, 316, 45784.3,  4.696,264.857,0.775478,  0.2,289.402,3.43e+01, 18.0, -  , - 
7642,164000,19102012,18102022 003829,2093, 46157.9, 18.285,328.461,0.019138,359.7, 54.956,3.05e+00, 16.6, -  , - 
7643,164100,05112011,18102022 124444,   4, 46219.4,  8.061,287.869,0.138608,359.7,204.389,6.90e+00, 14.9, 1.8,311
7644,164101,22112008,18102022 170336,  74, 45997.0,  5.460,221.444,0.447806,  1.0,333.732,4.60e+00, 15.7,26.1, - 
7645,164102,02012020,18102022 003715,   0, 46664.2, 43.766,354.258,0.191920,359.8,191.059,3.64e+01, 16.2, 0.2, 26
7646,164400,07122020,18102022 005903, 643, 46422.6, 43.702,353.780,0.191882,359.8,192.125,3.62e+01, 16.2, -  , - 
7647,164500,25102011,18102022 145932,  48, 46003.5, 12.081,312.046,0.154694,359.6,176.724,3.66e+00, 15.0,12.6, - 
7648,164601,02092018,18102022 052447, 313, 46004.9, 37.075,349.979,0.202236,359.8,201.282,1.26e+01, 16.0,34.8, - 
7649,164700,03092021,17102022 210148, 387, 46186.4, 22.661,311.842,0.013932,359.8, 68.355,8.39e+00, 17.4, -  , - 
7650,165300,16112019,18102022 004645, 133, 46242.8, 27.352,  9.343,0.536147,359.7,224.022,2.85e+01, 16.1,52.1, - 
7651,165400,07092016,17102022 223007,  10, 46321.0,  9.803,282.274,0.112347,359.9, 24.528,3.57e+00, 16.9, 0.7,104
7652,165500,16092017,18102022 023417,1744, 46155.9, 39.656,352.891,0.657976,359.8,243.586,2.83e+01, 17.3, -  , - 
7653,166200,25012018,18102022 191412,1086, 46484.9, 14.430,337.246,0.125004,359.5, 78.217,1.04e+00, 17.7,10.5, - 
7654,166301,01092016,18102022 085802,2229, 46542.4,  2.959,286.954,0.646698,359.3,249.410,3.17e+01, 17.2, -  , - 
7655,166302,29012017,18102022 140322,  20, 46504.1, 17.666,322.620,0.127785,359.7,118.298,6.39e-01, 17.1, 0.9,102
7656,166800,13042021,17102022 164649,  27, 46320.5,  4.816,259.136,0.459771,  0.3,357.820,1.69e+01, 17.3, 5.0,448
7657,166900,12032016,18102022 101258, 102, 46600.8, 18.115,317.896,0.093143,359.7, 28.665,3.28e+00, 16.5, 8.3, - 
7658,166901,18012021,18102022 170018, 635, 46615.8, 26.828,319.017,0.231081,359.8,295.986,4.16e+00, 16.9,85.7, - 
7659,167200,05082016,17102022 141040,  28, 46705.2, 15.850,318.961,0.098055,359.7,121.167,1.85e+00, 17.3, 1.2,186
7660,167201,17012018,18102022 032330, 582, 46677.9, 19.819, 33.829,0.341594,359.7, 88.111,7.79e+00, 17.2, -  , - 
7661,167601,27042022,18102022 163214, 167, 46611.6,  6.320,109.989,0.772602,  0.4, 73.346,2.36e+01, 17.9,85.5, - 
7662,167701,24072017,17102022 210148, 221, 46648.3, 10.623, 57.518,0.206628,359.6,193.687,1.20e+01, 17.3,12.7, - 
7663,167800,01072019,18102022 125711,  47, 47130.0,  3.141,169.588,0.541017,  2.3,336.544,4.32e+00, 16.1,46.4, - 
7664,167900,24072006,17102022 234655, 437, 46526.5, 20.350, 61.841,0.140530,359.8,134.663,6.13e+00, 15.0, -  , - 
7665,168000,28112019,18102022 010426,   1, 46787.3, 36.406,352.102,0.343788,359.8,137.135,9.02e+00, 16.2, 0.3, 22
7666,169400,19032017,17102022 092223,1835, 47134.0, 26.948, 74.813,0.422134,359.9,164.155,1.55e+01, 16.3, -  , - 
7667,169401,22042022,18102022 130451, 175, 46831.9, 14.633,356.123,0.532317,359.5,273.303,2.45e+01, 18.2, -  , - 
7668,169700,15032018,18102022 063500,1649, 47228.3, 29.108, 70.539,0.443756,359.9,168.550,1.88e+01, 15.6, -  , - 
7669,169800,11012011,17102022 205852, 150, 50027.8, 39.562,  6.228,0.585070,359.8,197.724,2.67e+01, 15.5,46.5, - 
7670,169801,12022019,18102022 025624,   0, 46932.2, 37.151, 58.563,0.521749,359.9,172.987,2.49e+01, 15.1, 0.1, 19
7671,170200,26102013,18102022 051517,2586, 47117.9, 33.937,332.337,0.625722,359.8,242.757,2.12e+01, 15.8, -  , - 
7672,170201,09032016,17102022 170835,1284, 47303.7, 11.489,295.235,0.521575,359.7,240.619,1.95e+01, 16.8, -  , - 
7673,170800,08092016,18102022 012608, 414, 47927.9, 39.552, 13.375,0.769634,359.8,194.611,3.23e+01, 15.6, -  , - 
7674,171200,30122019,17102022 115530, 490, 47465.1, 15.233, 27.523,0.164388,359.6,217.587,1.36e+01, 16.9,35.9, - 
7675,171500,04112015,17102022 011006,  11, 47618.9, 32.043,325.442,0.617334,359.8,218.368,2.64e+01, 15.8, 2.8,445
7676,171501,23012017,17102022 183031, 315, 47412.6, 13.744,263.308,0.238506,  0.1,210.585,1.39e+01, 16.8,30.8, - 
7677,171600,19062014,17102022 173438,   1, 47448.2, 16.964,301.325,0.090692,359.8,307.459,2.77e+01, 15.2, 0.1, 24
7678,171700,09012018,18102022 121819,1705, 47531.0, 33.407,338.752,0.317074,359.8,258.294,3.05e+01, 17.1, -  , - 
7679,171701,15082020,17102022 180245,  53, 47492.5, 13.009,327.890,0.193863,359.5,320.486,3.78e+00, 16.4,32.2, - 
7680,171900,02092016,18102022 084649, 722, 47458.3, 13.395,326.918,0.229702,359.6,317.982,4.82e+00, 16.4, -  , - 
7681,172001,24112019,18102022 214615,   2, 48252.6, 31.799,346.701,0.196886,359.8,148.532,3.23e+01, 14.5, 1.2,212
7682,172100,09122015,18102022 123013,   1, 47272.8, 33.293, 22.080,0.326568,359.8,237.011,2.21e+01, 16.0, 1.2,203
7683,172101,09012022,17102022 142540, 275, 47451.8,  8.762,289.905,0.549349,359.7,243.685,1.91e+01, 16.8, -  , - 
7684,172500,11082007,17102022 134033,   6, 47753.0, 17.243,312.654,0.097824,359.7,259.725,4.84e+00, 15.9, 0.4, 33
7685,173000,20022020,18102022 031608, 964, 47749.6,  9.578,332.307,0.839058,359.3,188.757,1.18e-02, 14.3, 3.5,586
7686,173100,01092016,17102022 030517,  59, 47664.0, 10.300, 64.464,0.249657,359.7,222.958,8.15e+00, 17.1, 2.5,392
7687,173700,25092019,17102022 094024,1088, 47867.4, 15.227,304.707,0.093409,359.7, 83.402,4.48e+00, 17.3,85.9, - 
7688,174300,21012020,18102022 082532, 998, 48273.9, 45.422,355.450,0.453530,359.8,172.355,3.14e+01, 16.6, -  , - 
7689,174600,11032019,18102022 033536,1150, 48273.4, 45.494,356.290,0.459329,359.8,171.263,3.12e+01, 16.8, -  , - 
7690,175900,04022016,18102022 053935, 492, 48492.7, 28.175, 28.365,0.349811,359.8,126.028,1.23e+01, 16.8,54.2, - 
7691,176400,13012015,18102022 185558, 217, 48192.6, 14.240,296.524,0.251434,359.8,193.256,6.23e+00, 15.5,79.7, - 
7692,176800,06122021,17102022 095645, 174, 48497.7,  2.009, 53.635,0.660930,357.7,186.219,2.57e+01, 16.9,20.2, - 
7693,177000,21082022,18102022 082213,  20, 48462.6, 16.590,306.296,0.115086,359.7, 84.174,6.42e+00, 17.9, 3.7,628
7694,177400,26042019,18102022 075341,1227, 48402.4, 32.175, 35.580,0.677022,359.8,119.703,2.07e+01, 16.7, -  , - 
7695,177600,08042022,18102022 034455, 150, 48539.5,  2.946, 49.989,0.327225,358.4,175.758,7.33e+00, 17.9,14.8, - 
7696,178000,04112015,17102022 202006,   0, 48618.8, 16.989,314.222,0.148829,359.7,171.951,3.67e+00, 15.6, 0.4, 60
7697,178200,23112017,18102022 022823,1637, 48369.6, 32.051, 35.911,0.680372,359.8,119.806,2.07e+01, 16.5, -  , - 
7698,178700,28082019,18102022 020759,  46, 48728.8,  3.966,259.570,0.385916,  0.3,347.412,6.50e+00, 17.4, 6.2, - 
7699,179300,11042018,17102022 133211,1646, 48822.3, 31.534, 32.261,0.429233,359.8,191.480,1.03e+01, 18.3, -  , - 
7700,179600,01052022,17102022 201129, 164, 48887.1,  9.529,258.428,0.326799,  0.2,316.058,8.55e+00, 17.3,51.1, - 
7701,180300,15022018,18102022 050234,1701, 49033.0,  4.851,  3.095,0.122361,358.5,120.647,2.86e+01, 16.9, -  , - 
7702,180700,25072011,18102022 100258,   1, 48961.5,  5.772, 86.391,0.116162,359.9,264.368,7.19e+00, 14.7, 0.1,  6
7703,180900,19092017,17102022 071829, 326, 49203.9, 17.994,315.863,0.121599,359.7, 58.442,5.17e+00, 15.9, -  , - 
7704,181400,17092017,18102022 103624,1757, 49453.9, 25.954, 21.562,0.575026,359.7,202.344,7.80e+00, 17.2, -  , - 
7705,181401,30092018,18102022 030619,   2, 49351.4, 16.182,311.408,0.210394,359.7,317.082,5.62e+00, 16.8, 0.3, 21
7706,181900,05042022,17102022 035638, 143, 49183.7,  9.092,278.326,0.651268,359.9,321.464,2.29e+01, 18.0,16.3, - 
7707,182100,09072017,17102022 150450,1883, 49782.1, 24.824, 33.692,0.334323,359.7, 70.037,1.88e+01, 16.7, -  , - 
7708,182300,08012018,18102022 161143,1120, 51097.6, 26.720, 39.909,0.147534,359.8,120.326,2.69e+01, 15.5, -  , - 
7709,182600,02022017,17102022 170004, 634, 49407.5, 19.117,309.392,0.211072,359.8,145.514,3.20e+00, 16.4, -  , - 
7710,182900,06042022,17102022 133302, 129, 49495.0,  6.763,251.586,0.344905,  0.3,321.776,6.94e+00, 17.4,24.1, - 
7711,183500,17112017,17102022 140714, 340, 49540.4, 24.108,308.365,0.349266,359.8,318.183,2.84e+01, 16.1, -  , - 
7712,183600,19042012,17102022 034325, 653, 49701.5, 15.002,298.014,0.368454,359.8,250.573,3.04e+01, 15.6, -  , - 
7713,183800,19012020,17102022 145431, 659, 49600.5, 38.279, 81.250,0.632625,360.0,196.442,1.47e+01, 16.2, -  , - 
7714,184800,13102021,18102022 095639, 170, 49859.7, 15.708,302.516,0.184474,359.8,233.265,9.99e+00, 15.9, -  , - 
7715,185400,24022018,17102022 115424,   1, 49983.3, 15.955,271.086,0.370375,360.0,212.004,1.26e+01, 16.2, 0.1, 13
7716,186800,13022018,18102022 064325,1704, 49927.2, 19.537, 53.247,0.761134,359.8,166.464,2.93e+01, 16.9, -  , - 
7717,187600,14102017,18102022 013413,   2, 50377.1, 16.214,308.140,0.156557,359.7,175.154,5.12e+00, 15.1, 2.4,237
7718,189100,30052006,17102022 170058,   4, 50449.4,  5.758,173.934,0.496132,  1.2,  6.902,1.76e+01, 15.8, 0.4, 63
7719,191300,27042019,18102022 060635,1257, 51199.9, 38.799,  9.735,0.212464,359.8,210.120,1.92e+01, 16.5, -  , - 
7720,191400,13112021,17102022 050429,  51, 51062.5,  9.805,270.280,0.277742,  0.0, 98.548,4.28e+00, 16.6, 6.9, - 
7721,193701,25092019,17102022 093657, 791, 51120.5, 45.570,354.007,0.676017,359.8,189.304,3.35e+01, 16.4, -  , - 
7722,196200,25082014,18102022 054818,   2, 51891.4, 24.819,314.454,0.175584,359.8, 39.830,4.96e+00, 15.4, 0.7,111
7723,197000,09012019,17102022 234402, 154, 52158.3, 25.421,359.267,0.096572,359.7, 77.364,1.00e+01, 15.9, 7.5, - 
7724,197700,18092017,17102022 184456,1760, 52242.0, 41.474,351.052,0.206274,359.8,204.970,9.46e+00, 16.4, -  , - 
7725,198400,22042022,18102022 020213,  30, 52098.0, 15.637,224.171,0.556202,  0.3, 32.352,1.44e+01, 16.8, 2.3,337
7726,200000,20032018,17102022 091326,1667, 52574.3,  1.019,260.812,0.191222,  1.1,295.260,1.25e+00, 16.8,10.8, - 
7727,202500,09122018,18102022 054452,1113, 53029.2, 39.347,  7.559,0.379758,359.8,144.619,1.09e+01, 17.2,62.2, - 
7728,203000,10022018,17102022 235850,   0, 42165.5,  0.152, 95.135,0.000184,312.5,118.005,1.02e-02, 10.7, 0.1,  1
7729,205800,24092020,17102022 193220, 679, 53600.8, 12.638, 97.821,0.190377,  0.1,242.819,1.40e+01, 17.3,42.7, - 
7730,210100,29112018,18102022 003257, 283, 53696.7, 31.090, 23.413,0.246339,359.8,286.220,2.00e+01, 16.8,26.9, - 
7731,211200,24102017,18102022 164807,1674, 54233.7, 11.025, 44.062,0.427985,359.5, 24.447,2.20e+01, 16.6, -  , - 
7732,212200,04052022,17102022 181140, 160, 54664.9,  9.110,191.235,0.413208,  0.8,336.339,7.34e+00, 17.6, 8.0, - 
7733,215100,10042018,17102022 130603,  15, 55197.8,  9.966, 33.481,0.484040,359.4,175.397,8.35e+00, 17.0, 1.4,180
7734,223100,16092017,17102022 131442,   1, 56595.3, 14.123,  5.212,0.234164,359.5,310.684,1.73e+01, 15.9, 0.4, 51
7735,238800,23032017,16102022 205957,1937, 59073.0, 10.865, 32.608,0.464043,359.4,190.897,8.34e+00, 17.3, -  , - 
7736,243000,22082019,17102022 181149, 835, 60344.0,  6.595, 77.795,0.361892,359.8,187.199,2.16e+00, 11.7, -  , - 
7737,243900,18112019,18102022 114600,  47, 59899.0, 22.250,317.812,0.443487,359.8,155.333,1.50e+01, 16.4,19.6, - 
7738,312200,25042022,18102022 111412,   3, 70721.1, 16.235,350.416,0.812897,359.6,281.605,1.46e-02, 17.2, 0.1,  2
7739,325000,01112015,19102022 153223,   0, 72705.9, 10.945, 91.797,0.813474,  0.0,161.756,4.19e-03, 12.9, 0.6, 15
7740,515500,09042016,17102022 034237,  -1, 98920.4, 20.751,215.853,0.478764,  0.3,167.841,4.22e-02, 11.7, 0.1,  4
7741,583100,06012007,16102022 211645,   1,107252.6, 72.505, 69.823,0.657918,360.0,  3.275,4.12e-03, 12.7, 1.1, 22
7742,674300,14032022,15102022 031231,   2,118239.5, 34.744,186.142,0.720684,  0.2, 63.952,1.16e-02, 15.6, 0.1,  6
7743,1346400,07082015,19102022 234828,2353,186995.1, 46.063, 37.565,0.541397,359.9, 43.310,1.35e-02, 15.6,14.5,779
